filename	entity_label	entity_kind	start_span	end_span	text
cardiovascular_arterial hypertension_0_BGgpt.txt	disease	concept	344	365	артериална хипертония
cardiovascular_arterial hypertension_0_BGgpt.txt	disease	concept	628	648	захарен диабет тип 2
cardiovascular_arterial hypertension_0_BGgpt.txt	medication	concept	670	679	метформин
cardiovascular_arterial hypertension_0_BGgpt.txt	medication	concept	738	750	аторвастатин
cardiovascular_arterial hypertension_0_BGgpt.txt	disease	concept	790	817	сърдечно-съдови заболявания
cardiovascular_arterial hypertension_0_BGgpt.txt	medication	concept	1728	1734	натрий
cardiovascular_arterial hypertension_0_BGgpt.txt	medication	concept	1818	1828	лизиноприл
cardiovascular_arterial hypertension_0_BGgpt.txt	medication	concept	1830	1843	АСЕ-инхибитор
cardiovascular_arterial hypertension_0_BGgpt.txt	disease	concept	1893	1899	диабет
cardiovascular_arterial hypertension_0_BGgpt.txt	medication	concept	2026	2036	лизиноприл
cardiovascular_arterial hypertension_0_BGgpt.txt	medication	concept	2531	2541	Лизиноприл
cardiovascular_arterial hypertension_0_BGgpt.txt	medication	concept	2578	2587	Метформин
cardiovascular_arterial hypertension_0_BGgpt.txt	medication	concept	2627	2639	Аторвастатин
cardiovascular_arterial hypertension_0_BGgpt.txt	disease	concept	3116	3139	артериалната хипертония
cardiovascular_arterial hypertension_0_BGgpt.txt	medication	concept	3184	3195	медикаменти
cardiovascular_arterial hypertension_0_BGgpt.txt	symptom	concept	3876	3886	главоболие
cardiovascular_arterial hypertension_0_BGgpt.txt	symptom	concept	3888	3903	болка в гърдите
cardiovascular_arterial hypertension_0_BGgpt.txt	symptom	concept	3905	3910	задух
cardiovascular_arterial hypertension_0_BGgpt.txt	symptom	concept	3927	3943	нежелани реакции
cardiovascular_arterial hypertension_0_BGgpt.txt	disease	concept	4132	4153	артериална хипертония
cardiovascular_arterial hypertension_0_BGgpt.txt	disease	concept	4417	4427	хипертония
cardiovascular_arterial hypertension_0_BGgpt.txt	procedure	concept	4439	4457	контролни прегледи
cardiovascular_arterial hypertension_0_BGgpt.txt	medication	concept	4539	4552	медикаментите
cardiovascular_arterial hypertension_10_BGgpt.txt	symptom	concept	427	449	епизоди на световъртеж
cardiovascular_arterial hypertension_10_BGgpt.txt	disease	concept	616	637	артериална хипертония
cardiovascular_arterial hypertension_10_BGgpt.txt	disease	concept	1438	1459	артериална хипертония
cardiovascular_arterial hypertension_10_BGgpt.txt	disease	concept	1602	1612	хипертония
cardiovascular_arterial hypertension_10_BGgpt.txt	disease	concept	1635	1654	хипералдостеронизъм
cardiovascular_arterial hypertension_10_BGgpt.txt	disease	concept	1694	1714	ендокринни нарушения
cardiovascular_arterial hypertension_10_BGgpt.txt	medication	concept	1836	1842	натрий
cardiovascular_arterial hypertension_10_BGgpt.txt	medication	concept	2054	2064	Лизиноприл
cardiovascular_arterial hypertension_10_BGgpt.txt	medication	concept	2066	2079	АСЕ-инхибитор
cardiovascular_arterial hypertension_10_BGgpt.txt	medication	concept	2162	2176	АСЕ-инхибитори
cardiovascular_arterial hypertension_10_BGgpt.txt	medication	concept	2440	2449	Амлодипин
cardiovascular_arterial hypertension_10_BGgpt.txt	symptom	concept	2795	2810	нежелани ефекти
cardiovascular_arterial hypertension_10_BGgpt.txt	medication	concept	2848	2858	Лизиноприл
cardiovascular_arterial hypertension_10_BGgpt.txt	medication	concept	2895	2904	Амлодипин
cardiovascular_arterial hypertension_10_BGgpt.txt	disease	concept	3517	3540	артериалната хипертония
cardiovascular_arterial hypertension_10_BGgpt.txt	medication	concept	3911	3922	медикаменти
cardiovascular_arterial hypertension_10_BGgpt.txt	symptom	concept	4232	4249	тревожни симптоми
cardiovascular_arterial hypertension_10_BGgpt.txt	symptom	concept	4254	4270	странични ефекти
cardiovascular_arterial hypertension_11_BGgpt.txt	disease	concept	4	12	Епикриза
cardiovascular_arterial hypertension_11_BGgpt.txt	disease	concept	212	233	Артериална хипертония
cardiovascular_arterial hypertension_11_BGgpt.txt	disease	concept	327	347	захарен диабет тип 2
cardiovascular_arterial hypertension_11_BGgpt.txt	symptom	concept	429	450	епизодични главоболия
cardiovascular_arterial hypertension_11_BGgpt.txt	symptom	concept	452	463	световъртеж
cardiovascular_arterial hypertension_11_BGgpt.txt	disease	concept	569	590	артериална хипертония
cardiovascular_arterial hypertension_11_BGgpt.txt	disease	concept	593	620	сърдечно-съдови заболявания
cardiovascular_arterial hypertension_11_BGgpt.txt	medication	concept	656	683	антихипертензивни лекарства
cardiovascular_arterial hypertension_11_BGgpt.txt	disease	concept	1441	1464	персистираща хипертония
cardiovascular_arterial hypertension_11_BGgpt.txt	medication	concept	1589	1599	Лизиноприл
cardiovascular_arterial hypertension_11_BGgpt.txt	medication	concept	1645	1661	Хидрохлоротиазид
cardiovascular_arterial hypertension_11_BGgpt.txt	disease	concept	1722	1743	артериална хипертония
cardiovascular_arterial hypertension_11_BGgpt.txt	medication	concept	2549	2559	Лизиноприл
cardiovascular_arterial hypertension_11_BGgpt.txt	disease	concept	2621	2642	артериална хипертония
cardiovascular_arterial hypertension_11_BGgpt.txt	medication	concept	2650	2666	Хидрохлоротиазид
cardiovascular_arterial hypertension_11_BGgpt.txt	disease	concept	2730	2751	артериална хипертония
cardiovascular_arterial hypertension_11_BGgpt.txt	medication	concept	2793	2833	нестероидни противовъзпалителни средства
cardiovascular_arterial hypertension_11_BGgpt.txt	symptom	concept	3116	3133	кръвното налягане
cardiovascular_arterial hypertension_11_BGgpt.txt	procedure	concept	3487	3505	контролния преглед
cardiovascular_arterial hypertension_11_BGgpt.txt	disease	concept	3892	3904	хипертонията
cardiovascular_arterial hypertension_11_BGgpt.txt	symptom	concept	4176	4181	задух
cardiovascular_arterial hypertension_11_BGgpt.txt	symptom	concept	4186	4208	прекомерно световъртеж
cardiovascular_arterial hypertension_11_BGgpt.txt	disease	concept	4369	4390	артериална хипертония
cardiovascular_arterial hypertension_11_BGgpt.txt	medication	concept	4414	4424	Лизиноприл
cardiovascular_arterial hypertension_11_BGgpt.txt	medication	concept	4427	4443	Хидрохлоротиазид
cardiovascular_arterial hypertension_11_BGgpt.txt	disease	concept	4591	4603	хипертонията
cardiovascular_arterial hypertension_11_BGgpt.txt	procedure	concept	4658	4676	контролни прегледи
cardiovascular_arterial hypertension_12_BGgpt.txt	disease	concept	288	309	Артериална хипертония
cardiovascular_arterial hypertension_12_BGgpt.txt	disease	concept	405	425	захарен диабет тип 2
cardiovascular_arterial hypertension_12_BGgpt.txt	disease	concept	428	442	хиперлипидемия
cardiovascular_arterial hypertension_12_BGgpt.txt	symptom	concept	511	521	главоболие
cardiovascular_arterial hypertension_12_BGgpt.txt	disease	concept	764	785	артериална хипертония
cardiovascular_arterial hypertension_12_BGgpt.txt	disease	concept	832	859	сърдечно-съдови заболявания
cardiovascular_arterial hypertension_12_BGgpt.txt	procedure	concept	1040	1055	ехокардиография
cardiovascular_arterial hypertension_12_BGgpt.txt	disease	concept	1445	1451	диабет
cardiovascular_arterial hypertension_12_BGgpt.txt	medication	concept	1687	1693	натрий
cardiovascular_arterial hypertension_12_BGgpt.txt	medication	concept	1845	1855	Лизиноприл
cardiovascular_arterial hypertension_12_BGgpt.txt	medication	concept	2139	2155	Хидрохлоротиазид
cardiovascular_arterial hypertension_12_BGgpt.txt	disease	concept	2961	2984	артериалната хипертония
cardiovascular_arterial hypertension_12_BGgpt.txt	symptom	concept	3345	3361	странични ефекти
cardiovascular_arterial hypertension_12_BGgpt.txt	medication	concept	3550	3560	Лизиноприл
cardiovascular_arterial hypertension_12_BGgpt.txt	medication	concept	3600	3616	Хидрохлоротиазид
cardiovascular_arterial hypertension_12_BGgpt.txt	medication	concept	3658	3667	Метформин
cardiovascular_arterial hypertension_12_BGgpt.txt	disease	concept	3706	3712	диабет
cardiovascular_arterial hypertension_12_BGgpt.txt	medication	concept	3718	3730	Аторвастатин
cardiovascular_arterial hypertension_12_BGgpt.txt	disease	concept	3770	3784	хиперлипидемия
cardiovascular_arterial hypertension_12_BGgpt.txt	symptom	concept	4214	4229	болка в гърдите
cardiovascular_arterial hypertension_12_BGgpt.txt	symptom	concept	4234	4251	затруднено дишане
cardiovascular_arterial hypertension_13_BGgpt.txt	disease	concept	264	285	Артериална хипертония
cardiovascular_arterial hypertension_13_BGgpt.txt	disease	concept	1029	1050	артериална хипертония
cardiovascular_arterial hypertension_13_BGgpt.txt	medication	concept	1125	1136	медикаменти
cardiovascular_arterial hypertension_13_BGgpt.txt	procedure	concept	1334	1347	уринен анализ
cardiovascular_arterial hypertension_13_BGgpt.txt	disease	concept	1617	1637	тиреоидна дисфункция
cardiovascular_arterial hypertension_13_BGgpt.txt	medication	concept	1719	1729	Лизиноприл
cardiovascular_arterial hypertension_13_BGgpt.txt	medication	concept	1731	1744	АСЕ-инхибитор
cardiovascular_arterial hypertension_13_BGgpt.txt	symptom	concept	1941	1948	теглото
cardiovascular_arterial hypertension_13_BGgpt.txt	medication	concept	1999	2005	натрий
cardiovascular_arterial hypertension_13_BGgpt.txt	medication	concept	2381	2398	тиазиден диуретик
cardiovascular_arterial hypertension_13_BGgpt.txt	medication	concept	2934	2944	Лизиноприл
cardiovascular_arterial hypertension_13_BGgpt.txt	disease	concept	3522	3532	хипертония
cardiovascular_arterial hypertension_13_BGgpt.txt	disease	concept	4009	4030	артериална хипертония
cardiovascular_arterial hypertension_13_BGgpt.txt	disease	concept	4322	4332	хипертония
cardiovascular_arterial hypertension_13_BGgpt.txt	disease	concept	4354	4373	вторични усложнения
cardiovascular_arterial hypertension_14_BGgpt.txt	disease	concept	302	323	Артериална хипертония
cardiovascular_arterial hypertension_14_BGgpt.txt	disease	concept	611	638	сърдечно-съдови заболявания
cardiovascular_arterial hypertension_14_BGgpt.txt	disease	concept	652	673	артериална хипертония
cardiovascular_arterial hypertension_14_BGgpt.txt	disease	concept	1568	1589	артериална хипертония
cardiovascular_arterial hypertension_14_BGgpt.txt	medication	concept	1858	1868	Лизиноприл
cardiovascular_arterial hypertension_14_BGgpt.txt	medication	concept	1870	1883	АСЕ инхибитор
cardiovascular_arterial hypertension_14_BGgpt.txt	medication	concept	1949	1966	тиазиден диуретик
cardiovascular_arterial hypertension_14_BGgpt.txt	medication	concept	1968	1983	Хидрохлортиазид
cardiovascular_arterial hypertension_14_BGgpt.txt	medication	concept	2223	2229	натрий
cardiovascular_arterial hypertension_14_BGgpt.txt	procedure	concept	2572	2592	медикаментозен режим
cardiovascular_arterial hypertension_14_BGgpt.txt	medication	concept	2732	2742	Лизиноприл
cardiovascular_arterial hypertension_14_BGgpt.txt	medication	concept	2765	2780	Хидрохлортиазид
cardiovascular_arterial hypertension_14_BGgpt.txt	medication	concept	2979	2985	натрий
cardiovascular_arterial hypertension_14_BGgpt.txt	symptom	concept	3485	3508	персистиращи главоболия
cardiovascular_arterial hypertension_14_BGgpt.txt	symptom	concept	3510	3528	промени в зрението
cardiovascular_arterial hypertension_15_BGgpt.txt	disease	concept	491	511	захарен диабет тип 2
cardiovascular_arterial hypertension_15_BGgpt.txt	symptom	concept	738	743	умора
cardiovascular_arterial hypertension_15_BGgpt.txt	disease	concept	807	834	сърдечно-съдови заболявания
cardiovascular_arterial hypertension_15_BGgpt.txt	disease	concept	837	858	артериална хипертония
cardiovascular_arterial hypertension_15_BGgpt.txt	disease	concept	1336	1356	захарен диабет тип 2
cardiovascular_arterial hypertension_15_BGgpt.txt	disease	concept	1585	1606	артериална хипертония
cardiovascular_arterial hypertension_15_BGgpt.txt	disease	concept	1854	1860	диабет
cardiovascular_arterial hypertension_15_BGgpt.txt	disease	concept	1863	1875	затлъстяване
cardiovascular_arterial hypertension_15_BGgpt.txt	disease	concept	1963	1989	сърдечно-съдови усложнения
cardiovascular_arterial hypertension_15_BGgpt.txt	medication	concept	2024	2034	Лизиноприл
cardiovascular_arterial hypertension_15_BGgpt.txt	medication	concept	2036	2049	АСЕ-инхибитор
cardiovascular_arterial hypertension_15_BGgpt.txt	medication	concept	2184	2193	Амлодипин
cardiovascular_arterial hypertension_15_BGgpt.txt	medication	concept	2195	2230	дихидропиридинов калциев антагонист
cardiovascular_arterial hypertension_15_BGgpt.txt	medication	concept	3481	3491	Лизиноприл
cardiovascular_arterial hypertension_15_BGgpt.txt	medication	concept	3524	3533	Амлодипин
cardiovascular_arterial hypertension_15_BGgpt.txt	symptom	concept	3987	3992	задух
cardiovascular_arterial hypertension_16_BGgpt.txt	disease	concept	4	12	Епикриза
cardiovascular_arterial hypertension_16_BGgpt.txt	disease	concept	387	407	захарен диабет тип 2
cardiovascular_arterial hypertension_16_BGgpt.txt	medication	concept	474	483	Метформин
cardiovascular_arterial hypertension_16_BGgpt.txt	disease	concept	533	554	артериална хипертония
cardiovascular_arterial hypertension_16_BGgpt.txt	disease	concept	1055	1076	артериална хипертония
cardiovascular_arterial hypertension_16_BGgpt.txt	disease	concept	1575	1596	артериална хипертония
cardiovascular_arterial hypertension_16_BGgpt.txt	medication	concept	1815	1821	натрий
cardiovascular_arterial hypertension_16_BGgpt.txt	medication	concept	1910	1920	Лизиноприл
cardiovascular_arterial hypertension_16_BGgpt.txt	medication	concept	2068	2077	Амлодипин
cardiovascular_arterial hypertension_16_BGgpt.txt	medication	concept	2198	2208	Лизиноприл
cardiovascular_arterial hypertension_16_BGgpt.txt	medication	concept	2750	2760	Лизиноприл
cardiovascular_arterial hypertension_16_BGgpt.txt	medication	concept	2783	2792	Амлодипин
cardiovascular_arterial hypertension_16_BGgpt.txt	medication	concept	2860	2900	нестероидни противовъзпалителни средства
cardiovascular_arterial hypertension_16_BGgpt.txt	symptom	concept	3414	3419	задух
cardiovascular_arterial hypertension_16_BGgpt.txt	symptom	concept	3448	3458	главоболие
cardiovascular_arterial hypertension_16_BGgpt.txt	disease	concept	3588	3609	артериална хипертония
cardiovascular_arterial hypertension_16_BGgpt.txt	disease	concept	3948	3971	артериалната хипертония
cardiovascular_arterial hypertension_17_BGgpt.txt	disease	concept	442	463	Артериална хипертония
cardiovascular_arterial hypertension_17_BGgpt.txt	disease	concept	1683	1695	хипокалиемия
cardiovascular_arterial hypertension_17_BGgpt.txt	medication	concept	1869	1879	Лизиноприл
cardiovascular_arterial hypertension_17_BGgpt.txt	medication	concept	1925	1934	Амлодипин
cardiovascular_arterial hypertension_17_BGgpt.txt	disease	concept	2023	2035	хипертонията
cardiovascular_arterial hypertension_17_BGgpt.txt	medication	concept	2102	2108	натрий
cardiovascular_arterial hypertension_17_BGgpt.txt	medication	concept	2197	2203	натрий
cardiovascular_arterial hypertension_17_BGgpt.txt	medication	concept	2592	2602	Лизиноприл
cardiovascular_arterial hypertension_17_BGgpt.txt	medication	concept	2625	2634	Амлодипин
cardiovascular_arterial hypertension_17_BGgpt.txt	medication	concept	2932	2938	натрий
cardiovascular_arterial hypertension_17_BGgpt.txt	symptom	concept	3575	3590	болка в гърдите
cardiovascular_arterial hypertension_17_BGgpt.txt	symptom	concept	3592	3597	задух
cardiovascular_arterial hypertension_17_BGgpt.txt	symptom	concept	3624	3634	главоболие
cardiovascular_arterial hypertension_17_BGgpt.txt	disease	concept	3847	3873	артериалната му хипертония
cardiovascular_arterial hypertension_17_BGgpt.txt	procedure	concept	3900	3912	проследяване
cardiovascular_arterial hypertension_18_BGgpt.txt	disease	concept	442	463	артериална хипертония
cardiovascular_arterial hypertension_18_BGgpt.txt	disease	concept	573	594	артериална хипертония
cardiovascular_arterial hypertension_18_BGgpt.txt	disease	concept	644	658	захарен диабет
cardiovascular_arterial hypertension_18_BGgpt.txt	disease	concept	1608	1641	новооткрита артериална хипертония
cardiovascular_arterial hypertension_18_BGgpt.txt	medication	concept	1761	1767	натрий
cardiovascular_arterial hypertension_18_BGgpt.txt	medication	concept	2067	2077	Лизиноприл
cardiovascular_arterial hypertension_18_BGgpt.txt	medication	concept	2114	2130	Хидрохлоротиазид
cardiovascular_arterial hypertension_18_BGgpt.txt	disease	concept	3018	3036	хипертонична криза
cardiovascular_arterial hypertension_18_BGgpt.txt	medication	concept	3133	3143	Лизиноприл
cardiovascular_arterial hypertension_18_BGgpt.txt	medication	concept	3180	3196	Хидрохлоротиазид
cardiovascular_arterial hypertension_18_BGgpt.txt	disease	concept	3278	3299	артериална хипертония
cardiovascular_arterial hypertension_19_BGgpt.txt	disease	concept	761	771	Хипертония
cardiovascular_arterial hypertension_19_BGgpt.txt	disease	concept	790	810	Захарен диабет тип 2
cardiovascular_arterial hypertension_19_BGgpt.txt	medication	concept	826	835	Метформин
cardiovascular_arterial hypertension_19_BGgpt.txt	disease	concept	864	878	Хиперлипидемия
cardiovascular_arterial hypertension_19_BGgpt.txt	medication	concept	895	907	Аторвастатин
cardiovascular_arterial hypertension_19_BGgpt.txt	medication	concept	966	975	Метформин
cardiovascular_arterial hypertension_19_BGgpt.txt	medication	concept	1003	1015	Аторвастатин
cardiovascular_arterial hypertension_19_BGgpt.txt	medication	concept	1721	1731	Лизиноприл
cardiovascular_arterial hypertension_19_BGgpt.txt	medication	concept	1912	1918	натрий
cardiovascular_arterial hypertension_19_BGgpt.txt	medication	concept	2280	2290	Лизиноприл
cardiovascular_arterial hypertension_19_BGgpt.txt	disease	concept	2316	2326	хипертония
cardiovascular_arterial hypertension_19_BGgpt.txt	medication	concept	2332	2341	Метформин
cardiovascular_arterial hypertension_19_BGgpt.txt	disease	concept	2370	2390	захарен диабет тип 2
cardiovascular_arterial hypertension_19_BGgpt.txt	medication	concept	2396	2408	Аторвастатин
cardiovascular_arterial hypertension_19_BGgpt.txt	medication	concept	2833	2839	натрий
cardiovascular_arterial hypertension_19_BGgpt.txt	symptom	concept	3251	3268	кръвното налягане
cardiovascular_arterial hypertension_19_BGgpt.txt	medication	concept	3414	3427	медикаментите
cardiovascular_arterial hypertension_19_BGgpt.txt	disease	concept	3906	3918	хипертонията
cardiovascular_arterial hypertension_19_BGgpt.txt	procedure	concept	3939	3956	доживотно лечение
cardiovascular_arterial hypertension_19_BGgpt.txt	disease	concept	4228	4240	хипертонията
cardiovascular_arterial hypertension_19_BGgpt.txt	symptom	concept	4376	4392	нежелани реакции
cardiovascular_arterial hypertension_19_BGgpt.txt	procedure	concept	4669	4676	лечение
cardiovascular_arterial hypertension_19_BGgpt.txt	procedure	concept	4759	4781	медикаментозна терапия
cardiovascular_arterial hypertension_1_BGgpt.txt	symptom	concept	379	389	главоболия
cardiovascular_arterial hypertension_1_BGgpt.txt	disease	concept	484	511	сърдечно-съдови заболявания
cardiovascular_arterial hypertension_1_BGgpt.txt	disease	concept	525	535	хипертония
cardiovascular_arterial hypertension_1_BGgpt.txt	disease	concept	741	751	хипертония
cardiovascular_arterial hypertension_1_BGgpt.txt	disease	concept	754	781	сърдечно-съдови заболявания
cardiovascular_arterial hypertension_1_BGgpt.txt	disease	concept	807	817	хипертония
cardiovascular_arterial hypertension_1_BGgpt.txt	symptom	concept	851	858	Непушач
cardiovascular_arterial hypertension_1_BGgpt.txt	disease	concept	1458	1479	артериална хипертония
cardiovascular_arterial hypertension_1_BGgpt.txt	disease	concept	1906	1927	артериална хипертония
cardiovascular_arterial hypertension_1_BGgpt.txt	medication	concept	2708	2718	Лизиноприл
cardiovascular_arterial hypertension_1_BGgpt.txt	medication	concept	2720	2733	АСЕ-инхибитор
cardiovascular_arterial hypertension_1_BGgpt.txt	symptom	concept	3303	3320	кръвното налягане
cardiovascular_arterial hypertension_1_BGgpt.txt	disease	concept	3667	3677	хипертония
cardiovascular_arterial hypertension_1_BGgpt.txt	medication	concept	3829	3839	Лизиноприл
cardiovascular_arterial hypertension_1_BGgpt.txt	disease	concept	3913	3920	кашлица
cardiovascular_arterial hypertension_1_BGgpt.txt	disease	concept	3925	3934	ангиоедем
cardiovascular_arterial hypertension_1_BGgpt.txt	symptom	concept	4463	4473	главоболие
cardiovascular_arterial hypertension_1_BGgpt.txt	symptom	concept	4475	4493	зрителни нарушения
cardiovascular_arterial hypertension_1_BGgpt.txt	symptom	concept	4495	4510	болка в гърдите
cardiovascular_arterial hypertension_20_BGgpt.txt	disease	concept	208	229	Артериална хипертония
cardiovascular_arterial hypertension_20_BGgpt.txt	symptom	concept	356	366	главоболия
cardiovascular_arterial hypertension_20_BGgpt.txt	disease	concept	772	793	артериална хипертония
cardiovascular_arterial hypertension_20_BGgpt.txt	procedure	concept	806	823	физикален преглед
cardiovascular_arterial hypertension_20_BGgpt.txt	procedure	concept	1121	1134	уринен анализ
cardiovascular_arterial hypertension_20_BGgpt.txt	disease	concept	1372	1389	пералдостеронизъм
cardiovascular_arterial hypertension_20_BGgpt.txt	medication	concept	1506	1512	натрий
cardiovascular_arterial hypertension_20_BGgpt.txt	medication	concept	1644	1654	Лизиноприл
cardiovascular_arterial hypertension_20_BGgpt.txt	medication	concept	1995	2012	тиазиден диуретик
cardiovascular_arterial hypertension_20_BGgpt.txt	medication	concept	2015	2031	Хидрохлоротиазид
cardiovascular_arterial hypertension_20_BGgpt.txt	medication	concept	2451	2461	Лизиноприл
cardiovascular_arterial hypertension_20_BGgpt.txt	medication	concept	2925	2938	медикаментите
cardiovascular_arterial hypertension_20_BGgpt.txt	disease	concept	3335	3356	артериална хипертония
cardiovascular_arterial hypertension_21_BGgpt.txt	disease	concept	396	417	Артериална хипертония
cardiovascular_arterial hypertension_21_BGgpt.txt	symptom	concept	590	600	главоболие
cardiovascular_arterial hypertension_21_BGgpt.txt	disease	concept	817	838	артериална хипертония
cardiovascular_arterial hypertension_21_BGgpt.txt	disease	concept	933	954	артериална хипертония
cardiovascular_arterial hypertension_21_BGgpt.txt	disease	concept	991	1018	сърдечно-съдови заболявания
cardiovascular_arterial hypertension_21_BGgpt.txt	disease	concept	1781	1802	артериална хипертония
cardiovascular_arterial hypertension_21_BGgpt.txt	medication	concept	1831	1841	Лизиноприл
cardiovascular_arterial hypertension_21_BGgpt.txt	medication	concept	1946	1960	АСЕ-инхибитори
cardiovascular_arterial hypertension_21_BGgpt.txt	disease	concept	2570	2593	артериалната хипертония
cardiovascular_arterial hypertension_21_BGgpt.txt	medication	concept	2884	2894	Лизиноприл
cardiovascular_arterial hypertension_21_BGgpt.txt	medication	concept	3010	3023	медикаментите
cardiovascular_arterial hypertension_21_BGgpt.txt	medication	concept	3076	3111	дихидропиридинов калциев антагонист
cardiovascular_arterial hypertension_21_BGgpt.txt	medication	concept	3320	3333	медикаментите
cardiovascular_arterial hypertension_21_BGgpt.txt	disease	concept	3891	3914	артериалната хипертония
cardiovascular_arterial hypertension_21_BGgpt.txt	medication	concept	3944	3957	медикаментите
cardiovascular_arterial hypertension_21_BGgpt.txt	procedure	concept	4260	4272	мониториране
cardiovascular_arterial hypertension_21_BGgpt.txt	disease	concept	4384	4407	артериалната хипертония
cardiovascular_arterial hypertension_22_BGgpt.txt	symptom	concept	318	328	главоболие
cardiovascular_arterial hypertension_22_BGgpt.txt	disease	concept	484	505	артериална хипертония
cardiovascular_arterial hypertension_22_BGgpt.txt	procedure	concept	1029	1051	амбулаторен мониторинг
cardiovascular_arterial hypertension_22_BGgpt.txt	disease	concept	1171	1192	артериална хипертония
cardiovascular_arterial hypertension_22_BGgpt.txt	medication	concept	1893	1903	Лизиноприл
cardiovascular_arterial hypertension_22_BGgpt.txt	medication	concept	1905	1918	АСЕ-инхибитор
cardiovascular_arterial hypertension_22_BGgpt.txt	medication	concept	2061	2070	Амлодипин
cardiovascular_arterial hypertension_22_BGgpt.txt	medication	concept	2072	2107	дихидропиридинов калциев антагонист
cardiovascular_arterial hypertension_22_BGgpt.txt	medication	concept	2218	2228	Лизиноприл
cardiovascular_arterial hypertension_22_BGgpt.txt	disease	concept	2400	2421	артериална хипертония
cardiovascular_arterial hypertension_22_BGgpt.txt	procedure	concept	2653	2669	двигателен режим
cardiovascular_arterial hypertension_22_BGgpt.txt	disease	concept	3673	3694	артериална хипертония
cardiovascular_arterial hypertension_22_BGgpt.txt	medication	concept	3741	3751	Лизиноприл
cardiovascular_arterial hypertension_22_BGgpt.txt	medication	concept	3760	3769	Амлодипин
cardiovascular_arterial hypertension_22_BGgpt.txt	medication	concept	4102	4142	нестероидни противовъзпалителни средства
cardiovascular_arterial hypertension_22_BGgpt.txt	symptom	concept	4206	4223	кръвното налягане
cardiovascular_arterial hypertension_22_BGgpt.txt	disease	concept	4405	4426	артериална хипертония
cardiovascular_arterial hypertension_22_BGgpt.txt	disease	concept	4447	4468	артериална хипертония
cardiovascular_arterial hypertension_22_BGgpt.txt	medication	concept	4545	4555	Лизиноприл
cardiovascular_arterial hypertension_22_BGgpt.txt	medication	concept	4558	4567	Амлодипин
cardiovascular_arterial hypertension_22_BGgpt.txt	symptom	concept	4734	4748	симптомaтиката
cardiovascular_arterial hypertension_23_BGgpt.txt	disease	concept	275	296	Артериална хипертония
cardiovascular_arterial hypertension_23_BGgpt.txt	disease	concept	329	349	Захарен диабет тип 2
cardiovascular_arterial hypertension_23_BGgpt.txt	disease	concept	946	967	артериална хипертония
cardiovascular_arterial hypertension_23_BGgpt.txt	disease	concept	987	1007	захарен диабет тип 2
cardiovascular_arterial hypertension_23_BGgpt.txt	medication	concept	1072	1081	метформин
cardiovascular_arterial hypertension_23_BGgpt.txt	disease	concept	1420	1452	хипертонично сърдечно заболяване
cardiovascular_arterial hypertension_23_BGgpt.txt	disease	concept	1558	1570	хипокалиемия
cardiovascular_arterial hypertension_23_BGgpt.txt	medication	concept	1788	1797	Амлодипин
cardiovascular_arterial hypertension_23_BGgpt.txt	disease	concept	1878	1901	артериалната хипертония
cardiovascular_arterial hypertension_23_BGgpt.txt	medication	concept	1958	1968	Лизиноприл
cardiovascular_arterial hypertension_23_BGgpt.txt	medication	concept	1972	1985	АСЕ-инхибитор
cardiovascular_arterial hypertension_23_BGgpt.txt	medication	concept	3014	3023	Амлодипин
cardiovascular_arterial hypertension_23_BGgpt.txt	medication	concept	3051	3061	Лизиноприл
cardiovascular_arterial hypertension_23_BGgpt.txt	medication	concept	3090	3099	Метформин
cardiovascular_arterial hypertension_23_BGgpt.txt	symptom	concept	3946	3957	световъртеж
cardiovascular_arterial hypertension_23_BGgpt.txt	symptom	concept	3959	3968	припадъци
cardiovascular_arterial hypertension_23_BGgpt.txt	disease	concept	4193	4214	артериална хипертония
cardiovascular_arterial hypertension_24_BGgpt.txt	symptom	concept	405	415	главоболие
cardiovascular_arterial hypertension_24_BGgpt.txt	symptom	concept	429	440	световъртеж
cardiovascular_arterial hypertension_24_BGgpt.txt	disease	concept	624	645	артериална хипертония
cardiovascular_arterial hypertension_24_BGgpt.txt	disease	concept	1137	1158	артериална хипертония
cardiovascular_arterial hypertension_24_BGgpt.txt	medication	concept	1375	1381	натрий
cardiovascular_arterial hypertension_24_BGgpt.txt	medication	concept	1513	1523	Лизиноприл
cardiovascular_arterial hypertension_24_BGgpt.txt	disease	concept	1981	1993	хипертонията
cardiovascular_arterial hypertension_24_BGgpt.txt	disease	concept	2092	2094	АН
cardiovascular_arterial hypertension_24_BGgpt.txt	medication	concept	2152	2162	Лизиноприл
cardiovascular_arterial hypertension_24_BGgpt.txt	symptom	concept	2295	2300	отоци
cardiovascular_arterial hypertension_24_BGgpt.txt	symptom	concept	2302	2313	световъртеж
cardiovascular_arterial hypertension_24_BGgpt.txt	symptom	concept	2318	2335	затруднено дишане
cardiovascular_arterial hypertension_24_BGgpt.txt	symptom	concept	3096	3112	зрителни промени
cardiovascular_arterial hypertension_24_BGgpt.txt	symptom	concept	3114	3129	болка в гърдите
cardiovascular_arterial hypertension_24_BGgpt.txt	symptom	concept	3134	3151	затруднено дишане
cardiovascular_arterial hypertension_24_BGgpt.txt	disease	concept	3217	3238	артериална хипертония
cardiovascular_arterial hypertension_24_BGgpt.txt	medication	concept	3314	3325	медикаменти
cardiovascular_arterial hypertension_24_BGgpt.txt	disease	concept	3569	3590	нелекувана хипертония
cardiovascular_arterial hypertension_25_BGgpt.txt	disease	concept	228	249	Артериална хипертония
cardiovascular_arterial hypertension_25_BGgpt.txt	disease	concept	694	715	артериална хипертония
cardiovascular_arterial hypertension_25_BGgpt.txt	disease	concept	767	794	сърдечно-съдови заболявания
cardiovascular_arterial hypertension_25_BGgpt.txt	procedure	concept	871	879	анамнеза
cardiovascular_arterial hypertension_25_BGgpt.txt	procedure	concept	881	901	обективно изследване
cardiovascular_arterial hypertension_25_BGgpt.txt	disease	concept	1409	1430	артериална хипертония
cardiovascular_arterial hypertension_25_BGgpt.txt	medication	concept	1587	1593	натрий
cardiovascular_arterial hypertension_25_BGgpt.txt	disease	concept	1803	1826	артериалната хипертония
cardiovascular_arterial hypertension_25_BGgpt.txt	medication	concept	1871	1884	АСЕ-инхибитор
cardiovascular_arterial hypertension_25_BGgpt.txt	medication	concept	1887	1897	Лизиноприл
cardiovascular_arterial hypertension_25_BGgpt.txt	disease	concept	2080	2101	артериална хипертония
cardiovascular_arterial hypertension_25_BGgpt.txt	medication	concept	2524	2534	Лизиноприл
cardiovascular_arterial hypertension_25_BGgpt.txt	medication	concept	2601	2615	АСЕ-инхибитори
cardiovascular_arterial hypertension_25_BGgpt.txt	medication	concept	2620	2623	АРБ
cardiovascular_arterial hypertension_25_BGgpt.txt	medication	concept	3020	3033	медикаментите
cardiovascular_arterial hypertension_25_BGgpt.txt	symptom	concept	3114	3142	нежелани лекарствени реакции
cardiovascular_arterial hypertension_25_BGgpt.txt	disease	concept	3368	3391	артериалната хипертония
cardiovascular_arterial hypertension_25_BGgpt.txt	symptom	concept	3525	3535	главоболие
cardiovascular_arterial hypertension_25_BGgpt.txt	disease	concept	3886	3907	артериална хипертония
cardiovascular_arterial hypertension_25_BGgpt.txt	medication	concept	3956	3967	медикаменти
cardiovascular_arterial hypertension_25_BGgpt.txt	disease	concept	4123	4146	артериалната хипертония
cardiovascular_arterial hypertension_25_BGgpt.txt	disease	concept	4284	4305	артериална хипертония
cardiovascular_arterial hypertension_26_BGgpt.txt	symptom	concept	313	324	световъртеж
cardiovascular_arterial hypertension_26_BGgpt.txt	disease	concept	605	626	артериална хипертония
cardiovascular_arterial hypertension_26_BGgpt.txt	disease	concept	677	705	кардиоваскуларни заболявания
cardiovascular_arterial hypertension_26_BGgpt.txt	disease	concept	1408	1429	артериална хипертония
cardiovascular_arterial hypertension_26_BGgpt.txt	medication	concept	1726	1736	Лизиноприл
cardiovascular_arterial hypertension_26_BGgpt.txt	medication	concept	1738	1751	АСЕ-инхибитор
cardiovascular_arterial hypertension_26_BGgpt.txt	medication	concept	2334	2344	Лизиноприл
cardiovascular_arterial hypertension_26_BGgpt.txt	symptom	concept	2406	2422	странични ефекти
cardiovascular_arterial hypertension_26_BGgpt.txt	medication	concept	2469	2482	АСЕ-инхибитор
cardiovascular_arterial hypertension_26_BGgpt.txt	medication	concept	2485	2488	АРБ
cardiovascular_arterial hypertension_26_BGgpt.txt	medication	concept	2607	2613	натрий
cardiovascular_arterial hypertension_26_BGgpt.txt	disease	concept	3408	3431	артериалната хипертония
cardiovascular_arterial hypertension_27_BGgpt.txt	disease	concept	314	335	Артериална хипертония
cardiovascular_arterial hypertension_27_BGgpt.txt	disease	concept	611	632	артериална хипертония
cardiovascular_arterial hypertension_27_BGgpt.txt	disease	concept	1323	1344	артериална хипертония
cardiovascular_arterial hypertension_27_BGgpt.txt	procedure	concept	1393	1410	обективен преглед
cardiovascular_arterial hypertension_27_BGgpt.txt	medication	concept	1804	1814	Лизиноприл
cardiovascular_arterial hypertension_27_BGgpt.txt	disease	concept	1849	1872	артериалната хипертония
cardiovascular_arterial hypertension_27_BGgpt.txt	medication	concept	1909	1917	диуретик
cardiovascular_arterial hypertension_27_BGgpt.txt	medication	concept	1920	1936	Хидрохлоротиазид
cardiovascular_arterial hypertension_27_BGgpt.txt	medication	concept	3006	3022	Хидрохлоротиазид
cardiovascular_arterial hypertension_27_BGgpt.txt	disease	concept	3379	3400	артериална хипертония
cardiovascular_arterial hypertension_27_BGgpt.txt	disease	concept	3438	3460	резистентна хипертония
cardiovascular_arterial hypertension_27_BGgpt.txt	disease	concept	3613	3636	артериалната хипертония
cardiovascular_arterial hypertension_27_BGgpt.txt	symptom	concept	4387	4402	болка в гърдите
cardiovascular_arterial hypertension_28_BGgpt.txt	disease	concept	681	701	захарен диабет тип 2
cardiovascular_arterial hypertension_28_BGgpt.txt	disease	concept	704	718	хиперлипидемия
cardiovascular_arterial hypertension_28_BGgpt.txt	disease	concept	1744	1754	хипертония
cardiovascular_arterial hypertension_28_BGgpt.txt	disease	concept	1757	1763	диабет
cardiovascular_arterial hypertension_28_BGgpt.txt	medication	concept	1842	1852	Лизиноприл
cardiovascular_arterial hypertension_28_BGgpt.txt	medication	concept	1899	1916	тиазиден диуретик
cardiovascular_arterial hypertension_28_BGgpt.txt	medication	concept	1919	1935	Хидрохлоротиазид
cardiovascular_arterial hypertension_28_BGgpt.txt	medication	concept	2097	2107	Лизиноприл
cardiovascular_arterial hypertension_28_BGgpt.txt	medication	concept	2238	2254	Хидрохлоротиазид
cardiovascular_arterial hypertension_28_BGgpt.txt	medication	concept	2330	2342	Аторвастатин
cardiovascular_arterial hypertension_28_BGgpt.txt	disease	concept	2390	2404	хиперлипидемия
cardiovascular_arterial hypertension_28_BGgpt.txt	medication	concept	2412	2421	Метформин
cardiovascular_arterial hypertension_28_BGgpt.txt	disease	concept	2492	2498	диабет
cardiovascular_arterial hypertension_28_BGgpt.txt	disease	concept	3146	3158	хипертонията
cardiovascular_arterial hypertension_28_BGgpt.txt	disease	concept	3281	3304	артериалната хипертония
cardiovascular_arterial hypertension_29_BGgpt.txt	disease	concept	519	539	захарен диабет тип 2
cardiovascular_arterial hypertension_29_BGgpt.txt	disease	concept	542	556	хиперлипидемия
cardiovascular_arterial hypertension_29_BGgpt.txt	disease	concept	642	662	Захарен диабет тип 2
cardiovascular_arterial hypertension_29_BGgpt.txt	medication	concept	779	788	Метформин
cardiovascular_arterial hypertension_29_BGgpt.txt	medication	concept	816	828	Аторвастатин
cardiovascular_arterial hypertension_29_BGgpt.txt	procedure	concept	978	995	физикален преглед
cardiovascular_arterial hypertension_29_BGgpt.txt	procedure	concept	998	1022	диагностични изследвания
cardiovascular_arterial hypertension_29_BGgpt.txt	disease	concept	1568	1600	есенциална артериална хипертония
cardiovascular_arterial hypertension_29_BGgpt.txt	medication	concept	1658	1668	Лизиноприл
cardiovascular_arterial hypertension_29_BGgpt.txt	medication	concept	1698	1714	Хидрохлоротиазид
cardiovascular_arterial hypertension_29_BGgpt.txt	disease	concept	1784	1798	захарен диабет
cardiovascular_arterial hypertension_29_BGgpt.txt	symptom	concept	1860	1876	диетични промени
cardiovascular_arterial hypertension_29_BGgpt.txt	medication	concept	1940	1946	натрий
cardiovascular_arterial hypertension_29_BGgpt.txt	procedure	concept	2027	2048	медикаментозния режим
cardiovascular_arterial hypertension_29_BGgpt.txt	medication	concept	2381	2391	Лизиноприл
cardiovascular_arterial hypertension_29_BGgpt.txt	symptom	concept	2497	2513	странични ефекти
cardiovascular_arterial hypertension_29_BGgpt.txt	medication	concept	2571	2581	Лизиноприл
cardiovascular_arterial hypertension_29_BGgpt.txt	medication	concept	2632	2648	Хидрохлоротиазид
cardiovascular_arterial hypertension_29_BGgpt.txt	symptom	concept	2969	2985	диетични промени
cardiovascular_arterial hypertension_29_BGgpt.txt	symptom	concept	3001	3008	теглото
cardiovascular_arterial hypertension_29_BGgpt.txt	disease	concept	3110	3122	хипертонията
cardiovascular_arterial hypertension_29_BGgpt.txt	disease	concept	3246	3269	артериалната хипертония
cardiovascular_arterial hypertension_29_BGgpt.txt	disease	concept	4067	4088	артериална хипертония
cardiovascular_arterial hypertension_2_BGgpt.txt	disease	concept	284	305	артериална хипертония
cardiovascular_arterial hypertension_2_BGgpt.txt	disease	concept	384	405	артериална хипертония
cardiovascular_arterial hypertension_2_BGgpt.txt	symptom	concept	511	531	епизоди на замайване
cardiovascular_arterial hypertension_2_BGgpt.txt	disease	concept	691	718	сърдечно-съдови заболявания
cardiovascular_arterial hypertension_2_BGgpt.txt	disease	concept	1496	1517	артериална хипертония
cardiovascular_arterial hypertension_2_BGgpt.txt	medication	concept	2209	2222	АСЕ-инхибитор
cardiovascular_arterial hypertension_2_BGgpt.txt	medication	concept	2225	2235	Лизиноприл
cardiovascular_arterial hypertension_2_BGgpt.txt	medication	concept	2258	2294	тиазиден диуретик – Хидрохлоротиазид
cardiovascular_arterial hypertension_2_BGgpt.txt	disease	concept	2387	2408	артериална хипертония
cardiovascular_arterial hypertension_2_BGgpt.txt	symptom	concept	2748	2764	странични ефекти
cardiovascular_arterial hypertension_2_BGgpt.txt	medication	concept	2842	2852	Лизиноприл
cardiovascular_arterial hypertension_2_BGgpt.txt	medication	concept	2875	2882	Хидрохл
cardiovascular_arterial hypertension_2_BGgpt.txt	medication	concept	2883	2891	ротиазид
cardiovascular_arterial hypertension_2_BGgpt.txt	disease	concept	3539	3549	хипертония
cardiovascular_arterial hypertension_2_BGgpt.txt	disease	concept	3886	3898	хипертонията
cardiovascular_arterial hypertension_2_BGgpt.txt	procedure	concept	4090	4112	медицинска консултация
cardiovascular_arterial hypertension_2_BGgpt.txt	disease	concept	4463	4475	хипертонията
cardiovascular_arterial hypertension_30_BGgpt.txt	disease	concept	235	256	Артериална хипертония
cardiovascular_arterial hypertension_30_BGgpt.txt	disease	concept	311	323	затлъстяване
cardiovascular_arterial hypertension_30_BGgpt.txt	disease	concept	326	340	захарен диабет
cardiovascular_arterial hypertension_30_BGgpt.txt	medication	concept	596	615	наркотични вещества
cardiovascular_arterial hypertension_30_BGgpt.txt	disease	concept	1443	1461	ериална хипертония
cardiovascular_arterial hypertension_30_BGgpt.txt	medication	concept	1573	1583	Лизиноприл
cardiovascular_arterial hypertension_30_BGgpt.txt	medication	concept	1587	1600	АКЕ-инхибитор
cardiovascular_arterial hypertension_30_BGgpt.txt	medication	concept	1743	1759	Хидрохлоротиазид
cardiovascular_arterial hypertension_30_BGgpt.txt	medication	concept	1763	1780	тиазиден диуретик
cardiovascular_arterial hypertension_30_BGgpt.txt	medication	concept	1840	1850	Лизиноприл
cardiovascular_arterial hypertension_30_BGgpt.txt	medication	concept	1910	1919	Метформин
cardiovascular_arterial hypertension_30_BGgpt.txt	disease	concept	1925	1945	захарен диабет тип 2
cardiovascular_arterial hypertension_30_BGgpt.txt	medication	concept	1996	2008	Аторвастатин
cardiovascular_arterial hypertension_30_BGgpt.txt	disease	concept	2040	2052	дислипидемия
cardiovascular_arterial hypertension_30_BGgpt.txt	disease	concept	3073	3085	хипертонията
cardiovascular_arterial hypertension_30_BGgpt.txt	medication	concept	3193	3204	медикаменти
cardiovascular_arterial hypertension_30_BGgpt.txt	disease	concept	3543	3566	артериалната хипертония
cardiovascular_arterial hypertension_31_BGgpt.txt	disease	concept	303	324	артериална хипертония
cardiovascular_arterial hypertension_31_BGgpt.txt	symptom	concept	448	458	главоболия
cardiovascular_arterial hypertension_31_BGgpt.txt	disease	concept	910	930	захарен диабет тип 2
cardiovascular_arterial hypertension_31_BGgpt.txt	disease	concept	1481	1502	артериална хипертония
cardiovascular_arterial hypertension_31_BGgpt.txt	medication	concept	2029	2039	Лизиноприл
cardiovascular_arterial hypertension_31_BGgpt.txt	medication	concept	2095	2104	Амлодипин
cardiovascular_arterial hypertension_31_BGgpt.txt	medication	concept	2535	2545	Лизиноприл
cardiovascular_arterial hypertension_31_BGgpt.txt	medication	concept	2568	2577	Амлодипин
cardiovascular_arterial hypertension_31_BGgpt.txt	symptom	concept	3241	3251	главоболие
cardiovascular_arterial hypertension_31_BGgpt.txt	symptom	concept	3273	3288	болка в гърдите
cardiovascular_arterial hypertension_31_BGgpt.txt	symptom	concept	3293	3298	задух
cardiovascular_arterial hypertension_31_BGgpt.txt	procedure	concept	3606	3627	корекция на терапията
cardiovascular_arterial hypertension_31_BGgpt.txt	disease	concept	3678	3701	артериалната хипертония
cardiovascular_arterial hypertension_32_BGgpt.txt	disease	concept	265	286	Артериална хипертония
cardiovascular_arterial hypertension_32_BGgpt.txt	disease	concept	367	379	затлъстяване
cardiovascular_arterial hypertension_32_BGgpt.txt	disease	concept	382	402	захарен диабет тип 2
cardiovascular_arterial hypertension_32_BGgpt.txt	symptom	concept	496	507	световъртеж
cardiovascular_arterial hypertension_32_BGgpt.txt	disease	concept	755	776	артериална хипертония
cardiovascular_arterial hypertension_32_BGgpt.txt	symptom	concept	998	1010	затлъстяване
cardiovascular_arterial hypertension_32_BGgpt.txt	medication	concept	1444	1453	диуретици
cardiovascular_arterial hypertension_32_BGgpt.txt	disease	concept	1805	1811	диабет
cardiovascular_arterial hypertension_32_BGgpt.txt	medication	concept	1844	1854	Лизиноприл
cardiovascular_arterial hypertension_32_BGgpt.txt	medication	concept	1990	1999	Амлодипин
cardiovascular_arterial hypertension_32_BGgpt.txt	medication	concept	2227	2233	натрий
cardiovascular_arterial hypertension_32_BGgpt.txt	medication	concept	2869	2879	Лизиноприл
cardiovascular_arterial hypertension_32_BGgpt.txt	medication	concept	2942	2951	Амлодипин
cardiovascular_arterial hypertension_32_BGgpt.txt	symptom	concept	3318	3335	кръвното налягане
cardiovascular_arterial hypertension_32_BGgpt.txt	procedure	concept	3432	3449	контролен преглед
cardiovascular_arterial hypertension_32_BGgpt.txt	disease	concept	3629	3652	артериалната хипертония
cardiovascular_arterial hypertension_32_BGgpt.txt	symptom	concept	3704	3727	персистиращ световъртеж
cardiovascular_arterial hypertension_32_BGgpt.txt	symptom	concept	3729	3745	силно главоболие
cardiovascular_arterial hypertension_33_BGgpt.txt	disease	concept	274	295	Артериална хипертония
cardiovascular_arterial hypertension_33_BGgpt.txt	disease	concept	845	872	сърдечно-съдови заболявания
cardiovascular_arterial hypertension_33_BGgpt.txt	disease	concept	1605	1626	артериална хипертония
cardiovascular_arterial hypertension_33_BGgpt.txt	medication	concept	2088	2101	АСЕ-инхибитор
cardiovascular_arterial hypertension_33_BGgpt.txt	medication	concept	2103	2113	Лизиноприл
cardiovascular_arterial hypertension_33_BGgpt.txt	medication	concept	2300	2312	Аторвастатин
cardiovascular_arterial hypertension_33_BGgpt.txt	symptom	concept	2477	2487	симптомите
cardiovascular_arterial hypertension_33_BGgpt.txt	medication	concept	2710	2720	Лизиноприл
cardiovascular_arterial hypertension_33_BGgpt.txt	medication	concept	2750	2759	Аторваста
cardiovascular_arterial hypertension_33_BGgpt.txt	medication	concept	2759	2762	тин
cardiovascular_arterial hypertension_33_BGgpt.txt	disease	concept	3487	3499	хипертонията
cardiovascular_arterial hypertension_34_BGgpt.txt	disease	concept	473	493	захарен диабет тип 2
cardiovascular_arterial hypertension_34_BGgpt.txt	disease	concept	496	510	хиперлипидемия
cardiovascular_arterial hypertension_34_BGgpt.txt	disease	concept	1182	1203	артериална хипертония
cardiovascular_arterial hypertension_34_BGgpt.txt	procedure	concept	1292	1303	консултация
cardiovascular_arterial hypertension_34_BGgpt.txt	medication	concept	1517	1527	лизиноприл
cardiovascular_arterial hypertension_34_BGgpt.txt	medication	concept	1529	1542	АСЕ-инхибитор
cardiovascular_arterial hypertension_34_BGgpt.txt	medication	concept	1574	1591	тиазиден диуретик
cardiovascular_arterial hypertension_34_BGgpt.txt	medication	concept	1593	1609	хидрохлоротиазид
cardiovascular_arterial hypertension_34_BGgpt.txt	disease	concept	1664	1684	захарен диабет тип 2
cardiovascular_arterial hypertension_34_BGgpt.txt	symptom	concept	1996	2008	главоболията
cardiovascular_arterial hypertension_34_BGgpt.txt	medication	concept	2393	2403	Лизиноприл
cardiovascular_arterial hypertension_34_BGgpt.txt	medication	concept	2438	2454	Хидрохлоротиазид
cardiovascular_arterial hypertension_34_BGgpt.txt	disease	concept	3062	3085	артериалната хипертония
cardiovascular_arterial hypertension_34_BGgpt.txt	procedure	concept	3150	3171	медикаментозния режим
cardiovascular_arterial hypertension_34_BGgpt.txt	symptom	concept	3438	3455	зрителни смущения
cardiovascular_arterial hypertension_35_BGgpt.txt	disease	concept	417	444	сърдечно-съдови заболявания
cardiovascular_arterial hypertension_35_BGgpt.txt	disease	concept	784	805	артериална хипертония
cardiovascular_arterial hypertension_35_BGgpt.txt	disease	concept	987	1008	артериална хипертония
cardiovascular_arterial hypertension_35_BGgpt.txt	symptom	concept	1181	1193	затлъстяване
cardiovascular_arterial hypertension_35_BGgpt.txt	symptom	concept	1203	1222	обиколка на талията
cardiovascular_arterial hypertension_35_BGgpt.txt	medication	concept	2096	2106	лизиноприл
cardiovascular_arterial hypertension_35_BGgpt.txt	medication	concept	2108	2121	АКЕ-инхибитор
cardiovascular_arterial hypertension_35_BGgpt.txt	medication	concept	2170	2187	тиазиден диуретик
cardiovascular_arterial hypertension_35_BGgpt.txt	medication	concept	2189	2205	хидрохлоротиазид
cardiovascular_arterial hypertension_35_BGgpt.txt	medication	concept	2755	2765	Лизиноприл
cardiovascular_arterial hypertension_35_BGgpt.txt	medication	concept	2807	2823	Хидрохлоротиазид
cardiovascular_arterial hypertension_35_BGgpt.txt	symptom	concept	3057	3074	кръвното налягане
cardiovascular_arterial hypertension_35_BGgpt.txt	disease	concept	3424	3445	артериална хипертония
cardiovascular_arterial hypertension_35_BGgpt.txt	symptom	concept	3906	3921	болка в гърдите
cardiovascular_arterial hypertension_36_BGgpt.txt	disease	concept	345	366	Артериална хипертония
cardiovascular_arterial hypertension_36_BGgpt.txt	disease	concept	596	623	сърдечно-съдови заболявания
cardiovascular_arterial hypertension_36_BGgpt.txt	disease	concept	877	898	артериална хипертония
cardiovascular_arterial hypertension_36_BGgpt.txt	disease	concept	989	1010	артериална хипертония
cardiovascular_arterial hypertension_36_BGgpt.txt	medication	concept	1745	1751	натрий
cardiovascular_arterial hypertension_36_BGgpt.txt	medication	concept	1858	1868	Лизиноприл
cardiovascular_arterial hypertension_36_BGgpt.txt	medication	concept	1891	1900	Амлодипин
cardiovascular_arterial hypertension_36_BGgpt.txt	disease	concept	2302	2325	артериалната хипертония
cardiovascular_arterial hypertension_36_BGgpt.txt	medication	concept	2453	2463	Лизиноприл
cardiovascular_arterial hypertension_36_BGgpt.txt	medication	concept	2498	2507	Амлодипин
cardiovascular_arterial hypertension_36_BGgpt.txt	symptom	concept	3334	3355	артериалното налягане
cardiovascular_arterial hypertension_36_BGgpt.txt	symptom	concept	3610	3625	болка в гърдите
cardiovascular_arterial hypertension_36_BGgpt.txt	symptom	concept	3627	3632	задух
cardiovascular_arterial hypertension_36_BGgpt.txt	symptom	concept	3655	3673	зрителни нарушения
cardiovascular_arterial hypertension_36_BGgpt.txt	medication	concept	3823	3834	медикаменти
cardiovascular_arterial hypertension_36_BGgpt.txt	symptom	concept	4247	4271	здравословното състояние
cardiovascular_arterial hypertension_37_BGgpt.txt	disease	concept	4	12	Епикриза
cardiovascular_arterial hypertension_37_BGgpt.txt	symptom	concept	368	379	световъртеж
cardiovascular_arterial hypertension_37_BGgpt.txt	disease	concept	518	530	затлъстяване
cardiovascular_arterial hypertension_37_BGgpt.txt	disease	concept	533	553	захарен диабет тип 2
cardiovascular_arterial hypertension_37_BGgpt.txt	symptom	concept	612	622	главоболие
cardiovascular_arterial hypertension_37_BGgpt.txt	symptom	concept	625	636	световъртеж
cardiovascular_arterial hypertension_37_BGgpt.txt	symptom	concept	788	803	болка в гърдите
cardiovascular_arterial hypertension_37_BGgpt.txt	symptom	concept	805	815	сърцебиене
cardiovascular_arterial hypertension_37_BGgpt.txt	symptom	concept	820	825	задух
cardiovascular_arterial hypertension_37_BGgpt.txt	procedure	concept	1102	1115	офталмоскопия
cardiovascular_arterial hypertension_37_BGgpt.txt	disease	concept	1146	1170	хипертонична ретинопатия
cardiovascular_arterial hypertension_37_BGgpt.txt	symptom	concept	1249	1255	шумове
cardiovascular_arterial hypertension_37_BGgpt.txt	disease	concept	1850	1860	хипертония
cardiovascular_arterial hypertension_37_BGgpt.txt	disease	concept	2049	2063	захарен диабет
cardiovascular_arterial hypertension_37_BGgpt.txt	medication	concept	2090	2100	Лизиноприл
cardiovascular_arterial hypertension_37_BGgpt.txt	medication	concept	2649	2659	Лизиноприл
cardiovascular_arterial hypertension_37_BGgpt.txt	medication	concept	2695	2704	Метформин
cardiovascular_arterial hypertension_37_BGgpt.txt	disease	concept	2743	2749	диабет
cardiovascular_arterial hypertension_37_BGgpt.txt	medication	concept	2780	2786	статин
cardiovascular_arterial hypertension_37_BGgpt.txt	medication	concept	3121	3131	Лизиноприл
cardiovascular_arterial hypertension_38_BGgpt.txt	disease	concept	279	298	Хипертонична болест
cardiovascular_arterial hypertension_38_BGgpt.txt	disease	concept	365	377	затлъстяване
cardiovascular_arterial hypertension_38_BGgpt.txt	disease	concept	380	400	захарен диабет тип 2
cardiovascular_arterial hypertension_38_BGgpt.txt	disease	concept	583	593	хипертония
cardiovascular_arterial hypertension_38_BGgpt.txt	disease	concept	596	623	сърдечно-съдови заболявания
cardiovascular_arterial hypertension_38_BGgpt.txt	disease	concept	1307	1326	хипертонична болест
cardiovascular_arterial hypertension_38_BGgpt.txt	medication	concept	1506	1512	натрий
cardiovascular_arterial hypertension_38_BGgpt.txt	medication	concept	1667	1677	Лизиноприл
cardiovascular_arterial hypertension_38_BGgpt.txt	medication	concept	1681	1694	АСЕ-инхибитор
cardiovascular_arterial hypertension_38_BGgpt.txt	disease	concept	1763	1775	хипертонията
cardiovascular_arterial hypertension_38_BGgpt.txt	medication	concept	1786	1802	Хидрохлоротиазид
cardiovascular_arterial hypertension_38_BGgpt.txt	medication	concept	1806	1823	тиазиден диуретик
cardiovascular_arterial hypertension_38_BGgpt.txt	disease	concept	2184	2196	хипертонията
cardiovascular_arterial hypertension_38_BGgpt.txt	disease	concept	2294	2314	захарен диабет тип 2
cardiovascular_arterial hypertension_38_BGgpt.txt	disease	concept	2330	2342	хипертонията
cardiovascular_arterial hypertension_38_BGgpt.txt	medication	concept	2380	2390	Лизиноприл
cardiovascular_arterial hypertension_38_BGgpt.txt	medication	concept	2427	2443	Хидрохлоротиазид
cardiovascular_arterial hypertension_38_BGgpt.txt	medication	concept	2809	2822	медикаментите
cardiovascular_arterial hypertension_38_BGgpt.txt	disease	concept	3010	3022	хипертонията
cardiovascular_arterial hypertension_38_BGgpt.txt	disease	concept	3255	3267	хипертонията
cardiovascular_arterial hypertension_38_BGgpt.txt	medication	concept	3318	3329	медикаменти
cardiovascular_arterial hypertension_39_BGgpt.txt	disease	concept	263	284	Артериална хипертония
cardiovascular_arterial hypertension_39_BGgpt.txt	disease	concept	534	544	хипертония
cardiovascular_arterial hypertension_39_BGgpt.txt	disease	concept	730	740	хипертония
cardiovascular_arterial hypertension_39_BGgpt.txt	disease	concept	743	749	инсулт
cardiovascular_arterial hypertension_39_BGgpt.txt	disease	concept	1351	1363	хипертонията
cardiovascular_arterial hypertension_39_BGgpt.txt	medication	concept	1580	1586	натрий
cardiovascular_arterial hypertension_39_BGgpt.txt	medication	concept	1721	1731	Лизиноприл
cardiovascular_arterial hypertension_39_BGgpt.txt	medication	concept	1733	1746	АСЕ-инхибитор
cardiovascular_arterial hypertension_39_BGgpt.txt	medication	concept	1774	1791	тиазиден диуретик
cardiovascular_arterial hypertension_39_BGgpt.txt	medication	concept	1793	1809	Хидрохлоротиазид
cardiovascular_arterial hypertension_39_BGgpt.txt	medication	concept	2423	2433	Лизиноприл
cardiovascular_arterial hypertension_39_BGgpt.txt	medication	concept	2467	2483	Хидрохлоротиазид
cardiovascular_arterial hypertension_39_BGgpt.txt	disease	concept	3293	3305	хипертонията
cardiovascular_arterial hypertension_39_BGgpt.txt	symptom	concept	3556	3571	болки в гърдите
cardiovascular_arterial hypertension_3_BGgpt.txt	disease	concept	259	280	Артериална хипертония
cardiovascular_arterial hypertension_3_BGgpt.txt	disease	concept	421	441	захарен диабет тип 2
cardiovascular_arterial hypertension_3_BGgpt.txt	disease	concept	757	778	артериална хипертония
cardiovascular_arterial hypertension_3_BGgpt.txt	medication	concept	1593	1599	натрий
cardiovascular_arterial hypertension_3_BGgpt.txt	medication	concept	1744	1754	Лизиноприл
cardiovascular_arterial hypertension_3_BGgpt.txt	medication	concept	2135	2145	Аmlodipine
cardiovascular_arterial hypertension_3_BGgpt.txt	disease	concept	2543	2566	артериалната хипертония
cardiovascular_arterial hypertension_3_BGgpt.txt	medication	concept	2661	2671	Лизиноприл
cardiovascular_arterial hypertension_3_BGgpt.txt	medication	concept	2714	2723	Амлодипин
cardiovascular_arterial hypertension_3_BGgpt.txt	medication	concept	2764	2773	Метформин
cardiovascular_arterial hypertension_3_BGgpt.txt	disease	concept	2822	2836	захарен диабет
cardiovascular_arterial hypertension_3_BGgpt.txt	medication	concept	2841	2853	Аторвастатин
cardiovascular_arterial hypertension_3_BGgpt.txt	disease	concept	2910	2919	липидемия
cardiovascular_arterial hypertension_3_BGgpt.txt	medication	concept	3330	3336	натрий
cardiovascular_arterial hypertension_3_BGgpt.txt	disease	concept	3732	3755	артериалната хипертония
cardiovascular_arterial hypertension_3_BGgpt.txt	disease	concept	4010	4033	артериалната хипертония
cardiovascular_arterial hypertension_3_BGgpt.txt	disease	concept	4114	4135	артериална хипертония
cardiovascular_arterial hypertension_3_BGgpt.txt	disease	concept	4319	4342	артериалната хипертония
cardiovascular_arterial hypertension_40_BGgpt.txt	symptom	concept	319	329	главоболие
cardiovascular_arterial hypertension_40_BGgpt.txt	symptom	concept	343	354	световъртеж
cardiovascular_arterial hypertension_40_BGgpt.txt	disease	concept	782	796	захарен диабет
cardiovascular_arterial hypertension_40_BGgpt.txt	disease	concept	798	817	бъбречно заболяване
cardiovascular_arterial hypertension_40_BGgpt.txt	disease	concept	822	849	сърдечно-съдови заболявания
cardiovascular_arterial hypertension_40_BGgpt.txt	symptom	concept	981	993	затлъстяване
cardiovascular_arterial hypertension_40_BGgpt.txt	disease	concept	1020	1032	хипертонията
cardiovascular_arterial hypertension_40_BGgpt.txt	disease	concept	1301	1315	хиперлипидемия
cardiovascular_arterial hypertension_40_BGgpt.txt	symptom	concept	1318	1327	предиабет
cardiovascular_arterial hypertension_40_BGgpt.txt	medication	concept	1746	1756	Лизиноприл
cardiovascular_arterial hypertension_40_BGgpt.txt	medication	concept	1758	1771	АСЕ-инхибитор
cardiovascular_arterial hypertension_40_BGgpt.txt	medication	concept	1806	1823	тиазиден диуретик
cardiovascular_arterial hypertension_40_BGgpt.txt	medication	concept	1825	1841	Хидрохлоротиазид
cardiovascular_arterial hypertension_40_BGgpt.txt	disease	concept	1904	1916	хипертонията
cardiovascular_arterial hypertension_40_BGgpt.txt	symptom	concept	2355	2370	кръвно налягане
cardiovascular_arterial hypertension_40_BGgpt.txt	procedure	concept	2427	2444	контролен преглед
cardiovascular_arterial hypertension_40_BGgpt.txt	procedure	concept	2618	2640	медикаментозна терапия
cardiovascular_arterial hypertension_40_BGgpt.txt	disease	concept	2698	2710	хипертонията
cardiovascular_arterial hypertension_40_BGgpt.txt	procedure	concept	2738	2756	контролния преглед
cardiovascular_arterial hypertension_40_BGgpt.txt	symptom	concept	2970	2985	болка в гърдите
cardiovascular_arterial hypertension_40_BGgpt.txt	symptom	concept	2987	2992	задух
cardiovascular_arterial hypertension_40_BGgpt.txt	symptom	concept	3000	3010	главоболие
cardiovascular_arterial hypertension_40_BGgpt.txt	disease	concept	3142	3154	хипертонията
cardiovascular_arterial hypertension_40_BGgpt.txt	medication	concept	3226	3236	Лизиноприл
cardiovascular_arterial hypertension_40_BGgpt.txt	medication	concept	3281	3297	Хидрохлоротиазид
cardiovascular_arterial hypertension_40_BGgpt.txt	procedure	concept	3388	3397	терапията
cardiovascular_arterial hypertension_40_BGgpt.txt	disease	concept	3640	3663	артериалната хипертония
cardiovascular_arterial hypertension_41_BGgpt.txt	disease	concept	514	534	захарен диабет тип 2
cardiovascular_arterial hypertension_41_BGgpt.txt	disease	concept	537	551	хиперлипидемия
cardiovascular_arterial hypertension_41_BGgpt.txt	symptom	concept	809	819	сърцебиене
cardiovascular_arterial hypertension_41_BGgpt.txt	symptom	concept	824	829	задух
cardiovascular_arterial hypertension_41_BGgpt.txt	disease	concept	861	882	артериална хипертония
cardiovascular_arterial hypertension_41_BGgpt.txt	disease	concept	885	912	сърдечно-съдови заболявания
cardiovascular_arterial hypertension_41_BGgpt.txt	disease	concept	1645	1666	артериална хипертония
cardiovascular_arterial hypertension_41_BGgpt.txt	disease	concept	1884	1898	захарен диабет
cardiovascular_arterial hypertension_41_BGgpt.txt	medication	concept	1933	1946	АСЕ-инхибитор
cardiovascular_arterial hypertension_41_BGgpt.txt	medication	concept	1951	1961	Лизиноприл
cardiovascular_arterial hypertension_41_BGgpt.txt	symptom	concept	2166	2176	отслабване
cardiovascular_arterial hypertension_41_BGgpt.txt	symptom	concept	2218	2230	тютюнопушене
cardiovascular_arterial hypertension_41_BGgpt.txt	medication	concept	2546	2555	метформин
cardiovascular_arterial hypertension_41_BGgpt.txt	medication	concept	2648	2658	Лизиноприл
cardiovascular_arterial hypertension_41_BGgpt.txt	medication	concept	2694	2703	Метформин
cardiovascular_arterial hypertension_41_BGgpt.txt	medication	concept	2743	2755	Аторвастатин
cardiovascular_arterial hypertension_41_BGgpt.txt	medication	concept	3355	3368	медикаментите
cardiovascular_arterial hypertension_41_BGgpt.txt	procedure	concept	3458	3466	корекции
cardiovascular_arterial hypertension_41_BGgpt.txt	disease	concept	3530	3551	артериална хипертония
cardiovascular_arterial hypertension_42_BGgpt.txt	disease	concept	252	273	Артериална хипертония
cardiovascular_arterial hypertension_42_BGgpt.txt	symptom	concept	423	433	главоболие
cardiovascular_arterial hypertension_42_BGgpt.txt	disease	concept	1067	1088	артериална хипертония
cardiovascular_arterial hypertension_42_BGgpt.txt	disease	concept	1264	1291	сърдечно-съдови заболявания
cardiovascular_arterial hypertension_42_BGgpt.txt	symptom	concept	2012	2019	аритмии
cardiovascular_arterial hypertension_42_BGgpt.txt	medication	concept	2295	2305	Лизиноприл
cardiovascular_arterial hypertension_42_BGgpt.txt	medication	concept	2415	2451	тиазиден диуретик – Хидрохлоротиазид
cardiovascular_arterial hypertension_42_BGgpt.txt	disease	concept	3771	3794	артериалната хипертония
cardiovascular_arterial hypertension_42_BGgpt.txt	medication	concept	3985	3995	Лизиноприл
cardiovascular_arterial hypertension_42_BGgpt.txt	medication	concept	4031	4047	Хидрохлоротиазид
cardiovascular_arterial hypertension_42_BGgpt.txt	symptom	concept	4190	4201	световъртеж
cardiovascular_arterial hypertension_42_BGgpt.txt	symptom	concept	4336	4351	болка в гърдите
cardiovascular_arterial hypertension_42_BGgpt.txt	symptom	concept	4362	4372	главоболие
cardiovascular_arterial hypertension_43_BGgpt.txt	symptom	concept	335	345	главоболие
cardiovascular_arterial hypertension_43_BGgpt.txt	disease	concept	566	587	артериална хипертония
cardiovascular_arterial hypertension_43_BGgpt.txt	procedure	concept	627	635	анамнеза
cardiovascular_arterial hypertension_43_BGgpt.txt	procedure	concept	637	654	физикален преглед
cardiovascular_arterial hypertension_43_BGgpt.txt	disease	concept	1223	1244	артериална хипертония
cardiovascular_arterial hypertension_43_BGgpt.txt	medication	concept	1346	1357	медикаменти
cardiovascular_arterial hypertension_43_BGgpt.txt	medication	concept	2211	2221	Лизиноприл
cardiovascular_arterial hypertension_43_BGgpt.txt	disease	concept	2681	2704	артериалната хипертония
cardiovascular_arterial hypertension_43_BGgpt.txt	symptom	concept	3004	3021	кръвното налягане
cardiovascular_arterial hypertension_43_BGgpt.txt	medication	concept	3098	3108	Лизиноприл
cardiovascular_arterial hypertension_43_BGgpt.txt	medication	concept	3650	3660	Лизиноприл
cardiovascular_arterial hypertension_44_BGgpt.txt	disease	concept	239	260	Артериална хипертония
cardiovascular_arterial hypertension_44_BGgpt.txt	disease	concept	293	314	Артериална хипертония
cardiovascular_arterial hypertension_44_BGgpt.txt	disease	concept	889	916	сърдечно-съдови заболявания
cardiovascular_arterial hypertension_44_BGgpt.txt	medication	concept	1062	1078	тютюневи изделия
cardiovascular_arterial hypertension_44_BGgpt.txt	medication	concept	1083	1094	медикаменти
cardiovascular_arterial hypertension_44_BGgpt.txt	disease	concept	1135	1145	хипертония
cardiovascular_arterial hypertension_44_BGgpt.txt	procedure	concept	1358	1382	диагностични изследвания
cardiovascular_arterial hypertension_44_BGgpt.txt	medication	concept	1848	1854	натрий
cardiovascular_arterial hypertension_44_BGgpt.txt	medication	concept	2093	2106	АСЕ инхибитор
cardiovascular_arterial hypertension_44_BGgpt.txt	medication	concept	2109	2119	Лизиноприл
cardiovascular_arterial hypertension_44_BGgpt.txt	medication	concept	2386	2396	Лизиноприл
cardiovascular_arterial hypertension_44_BGgpt.txt	medication	concept	2633	2643	Лизиноприл
cardiovascular_arterial hypertension_44_BGgpt.txt	symptom	concept	2753	2769	странични ефекти
cardiovascular_arterial hypertension_44_BGgpt.txt	symptom	concept	2783	2790	кашлица
cardiovascular_arterial hypertension_44_BGgpt.txt	disease	concept	2793	2802	ангиоедем
cardiovascular_arterial hypertension_44_BGgpt.txt	disease	concept	3719	3731	хипертонията
cardiovascular_arterial hypertension_44_BGgpt.txt	medication	concept	3769	3785	медикаментозното
cardiovascular_arterial hypertension_44_BGgpt.txt	symptom	concept	3919	3927	симптоми
cardiovascular_arterial hypertension_44_BGgpt.txt	disease	concept	4074	4107	новооткрита артериална хипертония
cardiovascular_arterial hypertension_44_BGgpt.txt	medication	concept	4122	4133	медикаменти
cardiovascular_arterial hypertension_44_BGgpt.txt	procedure	concept	4406	4424	контролни прегледи
cardiovascular_arterial hypertension_45_BGgpt.txt	symptom	concept	374	384	главоболие
cardiovascular_arterial hypertension_45_BGgpt.txt	disease	concept	514	534	захарен диабет тип 2
cardiovascular_arterial hypertension_45_BGgpt.txt	disease	concept	537	551	хиперлипидемия
cardiovascular_arterial hypertension_45_BGgpt.txt	symptom	concept	1431	1443	затлъстяване
cardiovascular_arterial hypertension_45_BGgpt.txt	medication	concept	1520	1530	Лизиноприл
cardiovascular_arterial hypertension_45_BGgpt.txt	medication	concept	1691	1697	натрий
cardiovascular_arterial hypertension_45_BGgpt.txt	medication	concept	1934	1943	Амлодипин
cardiovascular_arterial hypertension_45_BGgpt.txt	disease	concept	2393	2405	хипертонията
cardiovascular_arterial hypertension_45_BGgpt.txt	disease	concept	2556	2568	хипертонията
cardiovascular_arterial hypertension_45_BGgpt.txt	medication	concept	2623	2629	натрий
cardiovascular_arterial hypertension_45_BGgpt.txt	medication	concept	2836	2846	Лизиноприл
cardiovascular_arterial hypertension_45_BGgpt.txt	medication	concept	2885	2894	Амлодипин
cardiovascular_arterial hypertension_45_BGgpt.txt	medication	concept	3516	3527	медикаменти
cardiovascular_arterial hypertension_45_BGgpt.txt	medication	concept	3836	3849	медикаментите
cardiovascular_arterial hypertension_46_BGgpt.txt	symptom	concept	352	362	главоболия
cardiovascular_arterial hypertension_46_BGgpt.txt	symptom	concept	376	387	световъртеж
cardiovascular_arterial hypertension_46_BGgpt.txt	disease	concept	496	516	захарен диабет тип 2
cardiovascular_arterial hypertension_46_BGgpt.txt	disease	concept	519	533	хиперлипидемия
cardiovascular_arterial hypertension_46_BGgpt.txt	symptom	concept	614	625	световъртеж
cardiovascular_arterial hypertension_46_BGgpt.txt	disease	concept	765	785	Захарен диабет тип 2
cardiovascular_arterial hypertension_46_BGgpt.txt	medication	concept	885	894	Метформин
cardiovascular_arterial hypertension_46_BGgpt.txt	medication	concept	910	922	Аторвастатин
cardiovascular_arterial hypertension_46_BGgpt.txt	disease	concept	1315	1336	артериална хипертония
cardiovascular_arterial hypertension_46_BGgpt.txt	medication	concept	2094	2104	Лизиноприл
cardiovascular_arterial hypertension_46_BGgpt.txt	disease	concept	2191	2197	диабет
cardiovascular_arterial hypertension_46_BGgpt.txt	disease	concept	2254	2260	диабет
cardiovascular_arterial hypertension_46_BGgpt.txt	medication	concept	2418	2430	Аторвастатин
cardiovascular_arterial hypertension_46_BGgpt.txt	medication	concept	2773	2783	Лизиноприл
cardiovascular_arterial hypertension_46_BGgpt.txt	medication	concept	2801	2810	Метформин
cardiovascular_arterial hypertension_46_BGgpt.txt	medication	concept	2829	2840	Аторвастати
cardiovascular_arterial hypertension_46_BGgpt.txt	symptom	concept	3389	3406	затруднено дишане
cardiovascular_arterial hypertension_46_BGgpt.txt	disease	concept	3480	3501	артериална хипертония
cardiovascular_arterial hypertension_47_BGgpt.txt	symptom	concept	398	409	световъртеж
cardiovascular_arterial hypertension_47_BGgpt.txt	symptom	concept	573	584	световъртеж
cardiovascular_arterial hypertension_47_BGgpt.txt	medication	concept	784	793	наркотици
cardiovascular_arterial hypertension_47_BGgpt.txt	disease	concept	1246	1267	артериална хипертония
cardiovascular_arterial hypertension_47_BGgpt.txt	disease	concept	1796	1829	новооткрита артериална хипертония
cardiovascular_arterial hypertension_47_BGgpt.txt	medication	concept	2092	2102	Лизиноприл
cardiovascular_arterial hypertension_47_BGgpt.txt	medication	concept	2154	2163	Амлодипин
cardiovascular_arterial hypertension_47_BGgpt.txt	medication	concept	2874	2884	Лизиноприл
cardiovascular_arterial hypertension_47_BGgpt.txt	medication	concept	2907	2916	Амлодипин
cardiovascular_arterial hypertension_47_BGgpt.txt	symptom	concept	3422	3437	болка в гърдите
cardiovascular_arterial hypertension_47_BGgpt.txt	symptom	concept	3460	3468	зрението
cardiovascular_arterial hypertension_47_BGgpt.txt	disease	concept	3549	3572	артериалната хипертония
cardiovascular_arterial hypertension_47_BGgpt.txt	medication	concept	3742	3752	Лизиноприл
cardiovascular_arterial hypertension_47_BGgpt.txt	medication	concept	3818	3827	Амлодипин
cardiovascular_arterial hypertension_47_BGgpt.txt	procedure	concept	4026	4049	Лабораторни изследвания
cardiovascular_arterial hypertension_48_BGgpt.txt	disease	concept	4	12	Епикриза
cardiovascular_arterial hypertension_48_BGgpt.txt	symptom	concept	344	354	главоболие
cardiovascular_arterial hypertension_48_BGgpt.txt	disease	concept	712	732	Захарен диабет тип 2
cardiovascular_arterial hypertension_48_BGgpt.txt	medication	concept	775	784	метформин
cardiovascular_arterial hypertension_48_BGgpt.txt	medication	concept	2182	2192	Лизиноприл
cardiovascular_arterial hypertension_48_BGgpt.txt	disease	concept	2240	2252	хипертонията
cardiovascular_arterial hypertension_48_BGgpt.txt	medication	concept	2259	2275	Хидрохлоротиазид
cardiovascular_arterial hypertension_48_BGgpt.txt	medication	concept	2277	2294	Тиазиден диуретик
cardiovascular_arterial hypertension_48_BGgpt.txt	medication	concept	2370	2379	Метформин
cardiovascular_arterial hypertension_48_BGgpt.txt	disease	concept	2408	2414	диабет
cardiovascular_arterial hypertension_48_BGgpt.txt	medication	concept	2485	2488	АРБ
cardiovascular_arterial hypertension_48_BGgpt.txt	medication	concept	2634	2642	алкохола
cardiovascular_arterial hypertension_48_BGgpt.txt	disease	concept	3016	3028	хипертонията
cardiovascular_arterial hypertension_48_BGgpt.txt	symptom	concept	3158	3174	странични ефекти
cardiovascular_arterial hypertension_48_BGgpt.txt	medication	concept	3178	3191	медикаментите
cardiovascular_arterial hypertension_48_BGgpt.txt	disease	concept	3910	3922	хипертонията
cardiovascular_arterial hypertension_49_BGgpt.txt	symptom	concept	349	359	главоболие
cardiovascular_arterial hypertension_49_BGgpt.txt	disease	concept	469	479	хипертония
cardiovascular_arterial hypertension_49_BGgpt.txt	disease	concept	625	635	Хипертония
cardiovascular_arterial hypertension_49_BGgpt.txt	disease	concept	672	692	Захарен диабет тип 2
cardiovascular_arterial hypertension_49_BGgpt.txt	disease	concept	697	711	Хиперлипидемия
cardiovascular_arterial hypertension_49_BGgpt.txt	disease	concept	991	1015	хипертонична ретинопатия
cardiovascular_arterial hypertension_49_BGgpt.txt	disease	concept	1687	1723	неконтролирана артериална хипертония
cardiovascular_arterial hypertension_49_BGgpt.txt	medication	concept	1975	1985	Лизиноприл
cardiovascular_arterial hypertension_49_BGgpt.txt	medication	concept	2107	2116	Амлодипин
cardiovascular_arterial hypertension_49_BGgpt.txt	medication	concept	2250	2266	Хидрохлоротиазид
cardiovascular_arterial hypertension_49_BGgpt.txt	medication	concept	2370	2379	Метформин
cardiovascular_arterial hypertension_49_BGgpt.txt	disease	concept	2394	2414	захарен диабет тип 2
cardiovascular_arterial hypertension_49_BGgpt.txt	medication	concept	2462	2474	Аторвастатин
cardiovascular_arterial hypertension_49_BGgpt.txt	disease	concept	2509	2523	хиперлипидемия
cardiovascular_arterial hypertension_49_BGgpt.txt	disease	concept	3307	3317	хипертония
cardiovascular_arterial hypertension_49_BGgpt.txt	disease	concept	3359	3369	хипертония
cardiovascular_arterial hypertension_49_BGgpt.txt	disease	concept	3426	3436	хипертония
cardiovascular_arterial hypertension_49_BGgpt.txt	procedure	concept	3905	3927	медикаментозна терапия
cardiovascular_arterial hypertension_4_BGgpt.txt	symptom	concept	360	369	замайване
cardiovascular_arterial hypertension_4_BGgpt.txt	disease	concept	471	491	захарен диабет тип 2
cardiovascular_arterial hypertension_4_BGgpt.txt	disease	concept	494	513	хиперхолестеролемия
cardiovascular_arterial hypertension_4_BGgpt.txt	symptom	concept	600	610	главоболие
cardiovascular_arterial hypertension_4_BGgpt.txt	symptom	concept	613	622	замайване
cardiovascular_arterial hypertension_4_BGgpt.txt	medication	concept	720	742	обезболяващи лекарства
cardiovascular_arterial hypertension_4_BGgpt.txt	disease	concept	796	816	Захарен диабет тип 2
cardiovascular_arterial hypertension_4_BGgpt.txt	disease	concept	821	840	Хиперхолестеролемия
cardiovascular_arterial hypertension_4_BGgpt.txt	medication	concept	966	975	Метформин
cardiovascular_arterial hypertension_4_BGgpt.txt	medication	concept	1003	1015	Аторвастатин
cardiovascular_arterial hypertension_4_BGgpt.txt	disease	concept	1733	1743	хипертония
cardiovascular_arterial hypertension_4_BGgpt.txt	medication	concept	2058	2068	Лизиноприл
cardiovascular_arterial hypertension_4_BGgpt.txt	disease	concept	2118	2128	хипертония
cardiovascular_arterial hypertension_4_BGgpt.txt	disease	concept	2577	2587	хипертония
cardiovascular_arterial hypertension_4_BGgpt.txt	medication	concept	2680	2691	Медикаменти
cardiovascular_arterial hypertension_4_BGgpt.txt	medication	concept	2713	2723	Лизиноприл
cardiovascular_arterial hypertension_4_BGgpt.txt	disease	concept	2747	2768	артериална хипертония
cardiovascular_arterial hypertension_4_BGgpt.txt	medication	concept	2773	2782	Метформин
cardiovascular_arterial hypertension_4_BGgpt.txt	disease	concept	2809	2829	захарен диабет тип 2
cardiovascular_arterial hypertension_4_BGgpt.txt	medication	concept	2834	2846	Аторвастатин
cardiovascular_arterial hypertension_4_BGgpt.txt	medication	concept	3116	3129	медикаментите
cardiovascular_arterial hypertension_4_BGgpt.txt	disease	concept	3689	3710	артериална хипертония
cardiovascular_arterial hypertension_4_BGgpt.txt	medication	concept	3731	3742	медикаменти
cardiovascular_arterial hypertension_5_BGgpt.txt	disease	concept	533	545	затлъстяване
cardiovascular_arterial hypertension_5_BGgpt.txt	disease	concept	548	568	захарен диабет тип 2
cardiovascular_arterial hypertension_5_BGgpt.txt	symptom	concept	856	868	гръдна болка
cardiovascular_arterial hypertension_5_BGgpt.txt	symptom	concept	870	875	задух
cardiovascular_arterial hypertension_5_BGgpt.txt	symptom	concept	880	886	синкоп
cardiovascular_arterial hypertension_5_BGgpt.txt	disease	concept	917	937	Захарен диабет тип 2
cardiovascular_arterial hypertension_5_BGgpt.txt	medication	concept	978	987	Метформин
cardiovascular_arterial hypertension_5_BGgpt.txt	medication	concept	1137	1146	Метформин
cardiovascular_arterial hypertension_5_BGgpt.txt	disease	concept	1213	1234	артериална хипертония
cardiovascular_arterial hypertension_5_BGgpt.txt	disease	concept	1479	1500	артериална хипертония
cardiovascular_arterial hypertension_5_BGgpt.txt	disease	concept	1839	1859	захарен диабет тип 2
cardiovascular_arterial hypertension_5_BGgpt.txt	disease	concept	1949	1970	артериална хипертония
cardiovascular_arterial hypertension_5_BGgpt.txt	medication	concept	2012	2022	Лизиноприл
cardiovascular_arterial hypertension_5_BGgpt.txt	medication	concept	2133	2142	Метформин
cardiovascular_arterial hypertension_5_BGgpt.txt	medication	concept	2599	2605	натрий
cardiovascular_arterial hypertension_5_BGgpt.txt	medication	concept	2916	2925	Амлодипин
cardiovascular_arterial hypertension_5_BGgpt.txt	medication	concept	2962	2972	Лизиноприл
cardiovascular_arterial hypertension_5_BGgpt.txt	symptom	concept	2996	3013	кръвното налягане
cardiovascular_arterial hypertension_5_BGgpt.txt	medication	concept	3095	3105	Лизиноприл
cardiovascular_arterial hypertension_5_BGgpt.txt	medication	concept	3142	3151	Амлодипин
cardiovascular_arterial hypertension_5_BGgpt.txt	medication	concept	3187	3196	Метформин
cardiovascular_arterial hypertension_5_BGgpt.txt	disease	concept	3602	3628	артериалната му хипертония
cardiovascular_arterial hypertension_5_BGgpt.txt	disease	concept	3844	3867	артериалната хипертония
cardiovascular_arterial hypertension_5_BGgpt.txt	disease	concept	4089	4110	артериална хипертония
cardiovascular_arterial hypertension_5_BGgpt.txt	disease	concept	4258	4275	риална хипертония
cardiovascular_arterial hypertension_5_BGgpt.txt	disease	concept	4342	4363	артериална хипертония
cardiovascular_arterial hypertension_5_BGgpt.txt	procedure	concept	4564	4588	амбулаторно проследяване
cardiovascular_arterial hypertension_5_BGgpt.txt	disease	concept	4712	4733	артериална хипертония
cardiovascular_arterial hypertension_6_BGgpt.txt	symptom	concept	415	431	замъглено зрение
cardiovascular_arterial hypertension_6_BGgpt.txt	disease	concept	496	523	сърдечно-съдови заболявания
cardiovascular_arterial hypertension_6_BGgpt.txt	disease	concept	621	642	артериална хипертония
cardiovascular_arterial hypertension_6_BGgpt.txt	disease	concept	1569	1590	артериална хипертония
cardiovascular_arterial hypertension_6_BGgpt.txt	medication	concept	1749	1755	натрий
cardiovascular_arterial hypertension_6_BGgpt.txt	medication	concept	1877	1890	АСЕ-инхибитор
cardiovascular_arterial hypertension_6_BGgpt.txt	medication	concept	1893	1903	Лизиноприл
cardiovascular_arterial hypertension_6_BGgpt.txt	disease	concept	2103	2126	артериалната хипертония
cardiovascular_arterial hypertension_6_BGgpt.txt	disease	concept	2300	2323	артериалната хипертония
cardiovascular_arterial hypertension_6_BGgpt.txt	medication	concept	2462	2472	Лизиноприл
cardiovascular_arterial hypertension_6_BGgpt.txt	symptom	concept	2511	2528	кръвното налягане
cardiovascular_arterial hypertension_6_BGgpt.txt	medication	concept	2738	2748	Лизиноприл
cardiovascular_arterial hypertension_6_BGgpt.txt	medication	concept	3132	3142	Лизиноприл
cardiovascular_arterial hypertension_6_BGgpt.txt	symptom	concept	3804	3809	задух
cardiovascular_arterial hypertension_6_BGgpt.txt	disease	concept	3881	3902	артериална хипертония
cardiovascular_arterial hypertension_6_BGgpt.txt	disease	concept	4090	4111	артериална хипертония
cardiovascular_arterial hypertension_7_BGgpt.txt	disease	concept	4	12	Епикриза
cardiovascular_arterial hypertension_7_BGgpt.txt	disease	concept	230	251	Артериална хипертония
cardiovascular_arterial hypertension_7_BGgpt.txt	disease	concept	592	613	артериална хипертония
cardiovascular_arterial hypertension_7_BGgpt.txt	disease	concept	847	874	сърдечно-съдови заболявания
cardiovascular_arterial hypertension_7_BGgpt.txt	disease	concept	1412	1433	артериална хипертония
cardiovascular_arterial hypertension_7_BGgpt.txt	medication	concept	1494	1504	Лизиноприл
cardiovascular_arterial hypertension_7_BGgpt.txt	medication	concept	1506	1519	АСЕ-инхибитор
cardiovascular_arterial hypertension_7_BGgpt.txt	medication	concept	1553	1570	тиазиден диуретик
cardiovascular_arterial hypertension_7_BGgpt.txt	medication	concept	1572	1588	Хидрохлоротиазид
cardiovascular_arterial hypertension_7_BGgpt.txt	medication	concept	2270	2280	Лизиноприл
cardiovascular_arterial hypertension_7_BGgpt.txt	medication	concept	2306	2322	Хидрохлоротиазид
cardiovascular_arterial hypertension_7_BGgpt.txt	disease	concept	2462	2485	артериалната хипертония
cardiovascular_arterial hypertension_7_BGgpt.txt	medication	concept	2678	2684	натрий
cardiovascular_arterial hypertension_7_BGgpt.txt	symptom	concept	3302	3312	главоболие
cardiovascular_arterial hypertension_7_BGgpt.txt	symptom	concept	3314	3332	промени в зрението
cardiovascular_arterial hypertension_7_BGgpt.txt	symptom	concept	3334	3349	болка в гърдите
cardiovascular_arterial hypertension_7_BGgpt.txt	symptom	concept	3354	3359	задух
cardiovascular_arterial hypertension_7_BGgpt.txt	medication	concept	3653	3677	непредписани медикаменти
cardiovascular_arterial hypertension_7_BGgpt.txt	medication	concept	3687	3692	НСПВС
cardiovascular_arterial hypertension_7_BGgpt.txt	disease	concept	3852	3875	артериалната хипертония
cardiovascular_arterial hypertension_7_BGgpt.txt	disease	concept	3943	3964	артериална хипертония
cardiovascular_arterial hypertension_7_BGgpt.txt	disease	concept	4163	4173	хипертония
cardiovascular_arterial hypertension_8_BGgpt.txt	disease	concept	362	383	Артериална хипертония
cardiovascular_arterial hypertension_8_BGgpt.txt	disease	concept	998	1019	артериална хипертония
cardiovascular_arterial hypertension_8_BGgpt.txt	disease	concept	1119	1140	артериална хипертония
cardiovascular_arterial hypertension_8_BGgpt.txt	medication	concept	1156	1167	медикаменти
cardiovascular_arterial hypertension_8_BGgpt.txt	disease	concept	1189	1199	хипертония
cardiovascular_arterial hypertension_8_BGgpt.txt	procedure	concept	1393	1406	уринен анализ
cardiovascular_arterial hypertension_8_BGgpt.txt	procedure	concept	1408	1422	липиден профил
cardiovascular_arterial hypertension_8_BGgpt.txt	procedure	concept	1424	1457	комплексни биохимични изследвания
cardiovascular_arterial hypertension_8_BGgpt.txt	disease	concept	1641	1662	артериална хипертония
cardiovascular_arterial hypertension_8_BGgpt.txt	medication	concept	1968	1974	натрий
cardiovascular_arterial hypertension_8_BGgpt.txt	medication	concept	2141	2151	Лизиноприл
cardiovascular_arterial hypertension_8_BGgpt.txt	medication	concept	2153	2166	АСЕ-инхибитор
cardiovascular_arterial hypertension_8_BGgpt.txt	medication	concept	2198	2207	Амлодипин
cardiovascular_arterial hypertension_8_BGgpt.txt	medication	concept	2209	2244	дихидропиридинов калциев антагонист
cardiovascular_arterial hypertension_8_BGgpt.txt	disease	concept	2771	2794	артериалната хипертония
cardiovascular_arterial hypertension_8_BGgpt.txt	medication	concept	2834	2844	Лизиноприл
cardiovascular_arterial hypertension_8_BGgpt.txt	medication	concept	2881	2890	Амлодипин
cardiovascular_arterial hypertension_8_BGgpt.txt	symptom	concept	3382	3397	болка в гърдите
cardiovascular_arterial hypertension_9_BGgpt.txt	disease	concept	220	241	Артериална хипертония
cardiovascular_arterial hypertension_9_BGgpt.txt	symptom	concept	442	452	главоболие
cardiovascular_arterial hypertension_9_BGgpt.txt	disease	concept	543	564	артериална хипертония
cardiovascular_arterial hypertension_9_BGgpt.txt	disease	concept	859	880	артериална хипертония
cardiovascular_arterial hypertension_9_BGgpt.txt	medication	concept	1443	1449	натрий
cardiovascular_arterial hypertension_9_BGgpt.txt	medication	concept	1641	1651	Лизиноприл
cardiovascular_arterial hypertension_9_BGgpt.txt	medication	concept	1843	1878	дихидропиридинов калциев антагонист
cardiovascular_arterial hypertension_9_BGgpt.txt	medication	concept	1880	1889	Амлодипин
cardiovascular_arterial hypertension_9_BGgpt.txt	disease	concept	2348	2371	артериалната хипертония
cardiovascular_arterial hypertension_9_BGgpt.txt	medication	concept	2450	2460	Лизиноприл
cardiovascular_arterial hypertension_9_BGgpt.txt	medication	concept	2495	2504	Амлодипин
endocrinology_hypothyroidism_0_BGgpt.txt	disease	concept	4	12	Епикриза
endocrinology_hypothyroidism_0_BGgpt.txt	disease	concept	287	311	Първичен хипотиреоидизъм
endocrinology_hypothyroidism_0_BGgpt.txt	symptom	concept	439	444	умора
endocrinology_hypothyroidism_0_BGgpt.txt	symptom	concept	446	464	наддаване на тегло
endocrinology_hypothyroidism_0_BGgpt.txt	symptom	concept	466	486	студова непоносимост
endocrinology_hypothyroidism_0_BGgpt.txt	symptom	concept	489	494	запек
endocrinology_hypothyroidism_0_BGgpt.txt	symptom	concept	534	543	суха кожа
endocrinology_hypothyroidism_0_BGgpt.txt	symptom	concept	545	556	брадикардия
endocrinology_hypothyroidism_0_BGgpt.txt	disease	concept	1297	1321	първичен хипотиреоидизъм
endocrinology_hypothyroidism_0_BGgpt.txt	medication	concept	1349	1361	левотироксин
endocrinology_hypothyroidism_0_BGgpt.txt	disease	concept	1495	1513	ърдечно заболяване
endocrinology_hypothyroidism_0_BGgpt.txt	medication	concept	1575	1586	медикамента
endocrinology_hypothyroidism_0_BGgpt.txt	medication	concept	1626	1635	лекарства
endocrinology_hypothyroidism_0_BGgpt.txt	symptom	concept	1733	1738	умора
endocrinology_hypothyroidism_0_BGgpt.txt	procedure	concept	1827	1850	лабораторни изследвания
endocrinology_hypothyroidism_0_BGgpt.txt	medication	concept	1967	1979	левотироксин
endocrinology_hypothyroidism_0_BGgpt.txt	medication	concept	2029	2041	левотироксин
endocrinology_hypothyroidism_0_BGgpt.txt	disease	concept	2136	2151	хипотиреоидизъм
endocrinology_hypothyroidism_0_BGgpt.txt	disease	concept	2163	2179	хипертиреоидизъм
endocrinology_hypothyroidism_0_BGgpt.txt	procedure	concept	2255	2269	проследяването
endocrinology_hypothyroidism_0_BGgpt.txt	medication	concept	2347	2359	левотироксин
endocrinology_hypothyroidism_0_BGgpt.txt	symptom	concept	2960	2965	умора
endocrinology_hypothyroidism_0_BGgpt.txt	symptom	concept	3013	3023	сърцебиене
endocrinology_hypothyroidism_0_BGgpt.txt	symptom	concept	3025	3040	загуба на тегло
endocrinology_hypothyroidism_0_BGgpt.txt	symptom	concept	3279	3290	тежък задух
endocrinology_hypothyroidism_0_BGgpt.txt	symptom	concept	3295	3305	сърцебиене
endocrinology_hypothyroidism_0_BGgpt.txt	medication	concept	3379	3390	медикамента
endocrinology_hypothyroidism_0_BGgpt.txt	medication	concept	3549	3561	левотироксин
endocrinology_hypothyroidism_0_BGgpt.txt	medication	concept	3793	3805	левотироксин
endocrinology_hypothyroidism_10_BGgpt.txt	disease	concept	4	12	Епикриза
endocrinology_hypothyroidism_10_BGgpt.txt	disease	concept	231	255	Първичен хипотиреоидизъм
endocrinology_hypothyroidism_10_BGgpt.txt	symptom	concept	389	394	умора
endocrinology_hypothyroidism_10_BGgpt.txt	symptom	concept	535	546	брадикардия
endocrinology_hypothyroidism_10_BGgpt.txt	disease	concept	652	671	хиперхолестеролемия
endocrinology_hypothyroidism_10_BGgpt.txt	disease	concept	761	783	автоимунни заболявания
endocrinology_hypothyroidism_10_BGgpt.txt	medication	concept	1431	1443	левотироксин
endocrinology_hypothyroidism_10_BGgpt.txt	disease	concept	1548	1568	сърдечни заболявания
endocrinology_hypothyroidism_10_BGgpt.txt	disease	concept	1630	1654	първичен хипотиреоидизъм
endocrinology_hypothyroidism_10_BGgpt.txt	medication	concept	1706	1718	левотироксин
endocrinology_hypothyroidism_10_BGgpt.txt	symptom	concept	1877	1898	непоносимост към студ
endocrinology_hypothyroidism_10_BGgpt.txt	symptom	concept	2029	2036	запекът
endocrinology_hypothyroidism_10_BGgpt.txt	medication	concept	2134	2146	левотироксин
endocrinology_hypothyroidism_10_BGgpt.txt	medication	concept	2378	2391	левотироксина
endocrinology_hypothyroidism_10_BGgpt.txt	medication	concept	2425	2437	Левотироксин
endocrinology_hypothyroidism_10_BGgpt.txt	disease	concept	2619	2629	хипертония
endocrinology_hypothyroidism_10_BGgpt.txt	disease	concept	2632	2651	хиперхолестеролемия
endocrinology_hypothyroidism_10_BGgpt.txt	medication	concept	2882	2894	левотироксин
endocrinology_hypothyroidism_10_BGgpt.txt	disease	concept	2977	2989	хипертонията
endocrinology_hypothyroidism_10_BGgpt.txt	disease	concept	2992	3013	хиперхолестеролемията
endocrinology_hypothyroidism_10_BGgpt.txt	medication	concept	3165	3177	левотироксин
endocrinology_hypothyroidism_10_BGgpt.txt	symptom	concept	3261	3271	сърцебиене
endocrinology_hypothyroidism_10_BGgpt.txt	symptom	concept	3273	3288	болка в гърдите
endocrinology_hypothyroidism_10_BGgpt.txt	symptom	concept	3304	3319	загуба на тегло
endocrinology_hypothyroidism_10_BGgpt.txt	medication	concept	3666	3678	левотироксин
endocrinology_hypothyroidism_11_BGgpt.txt	symptom	concept	377	382	умора
endocrinology_hypothyroidism_11_BGgpt.txt	symptom	concept	731	736	умора
endocrinology_hypothyroidism_11_BGgpt.txt	symptom	concept	813	818	запек
endocrinology_hypothyroidism_11_BGgpt.txt	procedure	concept	875	897	хирургични интервенции
endocrinology_hypothyroidism_11_BGgpt.txt	disease	concept	1574	1598	първичен хипотиреоидизъм
endocrinology_hypothyroidism_11_BGgpt.txt	medication	concept	1807	1819	Левотироксин
endocrinology_hypothyroidism_11_BGgpt.txt	disease	concept	1948	1968	сърдечни заболявания
endocrinology_hypothyroidism_11_BGgpt.txt	medication	concept	2213	2225	Левотироксин
endocrinology_hypothyroidism_11_BGgpt.txt	symptom	concept	2287	2294	умората
endocrinology_hypothyroidism_11_BGgpt.txt	medication	concept	2603	2615	Левотироксин
endocrinology_hypothyroidism_11_BGgpt.txt	disease	concept	2835	2845	хипертония
endocrinology_hypothyroidism_11_BGgpt.txt	medication	concept	3090	3102	Левотироксин
endocrinology_hypothyroidism_11_BGgpt.txt	disease	concept	3140	3155	хипотиреоидизъм
endocrinology_hypothyroidism_11_BGgpt.txt	medication	concept	3269	3281	Левотироксин
endocrinology_hypothyroidism_11_BGgpt.txt	medication	concept	3772	3784	Левотироксин
endocrinology_hypothyroidism_11_BGgpt.txt	symptom	concept	3827	3837	сърцебиене
endocrinology_hypothyroidism_11_BGgpt.txt	symptom	concept	3839	3849	тревожност
endocrinology_hypothyroidism_11_BGgpt.txt	symptom	concept	3854	3862	безсъние
endocrinology_hypothyroidism_11_BGgpt.txt	disease	concept	4010	4025	хипотиреоидизъм
endocrinology_hypothyroidism_11_BGgpt.txt	medication	concept	4066	4078	Левотироксин
endocrinology_hypothyroidism_12_BGgpt.txt	disease	concept	340	364	Първичен хипотиреоидизъм
endocrinology_hypothyroidism_12_BGgpt.txt	disease	concept	468	489	артериална хипертония
endocrinology_hypothyroidism_12_BGgpt.txt	disease	concept	492	506	хиперлипидемия
endocrinology_hypothyroidism_12_BGgpt.txt	symptom	concept	597	602	умора
endocrinology_hypothyroidism_12_BGgpt.txt	symptom	concept	618	625	теглото
endocrinology_hypothyroidism_12_BGgpt.txt	symptom	concept	628	649	непоносимост към студ
endocrinology_hypothyroidism_12_BGgpt.txt	symptom	concept	720	725	запек
endocrinology_hypothyroidism_12_BGgpt.txt	symptom	concept	728	737	суха кожа
endocrinology_hypothyroidism_12_BGgpt.txt	disease	concept	784	801	щитовидната жлеза
endocrinology_hypothyroidism_12_BGgpt.txt	medication	concept	817	828	медикаменти
endocrinology_hypothyroidism_12_BGgpt.txt	medication	concept	1416	1428	Левотироксин
endocrinology_hypothyroidism_12_BGgpt.txt	symptom	concept	1759	1766	Умората
endocrinology_hypothyroidism_12_BGgpt.txt	medication	concept	1970	1982	Левотироксин
endocrinology_hypothyroidism_12_BGgpt.txt	medication	concept	2020	2032	Левотироксин
endocrinology_hypothyroidism_12_BGgpt.txt	disease	concept	2186	2207	артериална хипертония
endocrinology_hypothyroidism_12_BGgpt.txt	disease	concept	2210	2224	хиперлипидемия
endocrinology_hypothyroidism_12_BGgpt.txt	medication	concept	2449	2461	Левотироксин
endocrinology_hypothyroidism_12_BGgpt.txt	disease	concept	2498	2513	хипотиреоидизъм
endocrinology_hypothyroidism_12_BGgpt.txt	medication	concept	2855	2867	Левотироксин
endocrinology_hypothyroidism_12_BGgpt.txt	medication	concept	3051	3063	Левотироксин
endocrinology_hypothyroidism_12_BGgpt.txt	symptom	concept	3077	3087	сърцебиене
endocrinology_hypothyroidism_12_BGgpt.txt	symptom	concept	3089	3110	прекомерно изпотяване
endocrinology_hypothyroidism_12_BGgpt.txt	symptom	concept	3113	3123	тревожност
endocrinology_hypothyroidism_12_BGgpt.txt	disease	concept	3366	3381	хипотиреоидизма
endocrinology_hypothyroidism_12_BGgpt.txt	procedure	concept	3442	3462	контролните прегледи
endocrinology_hypothyroidism_12_BGgpt.txt	medication	concept	3509	3521	Левотироксин
endocrinology_hypothyroidism_12_BGgpt.txt	procedure	concept	3587	3604	контролен преглед
endocrinology_hypothyroidism_13_BGgpt.txt	disease	concept	264	288	Първичен хипотиреоидизъм
endocrinology_hypothyroidism_13_BGgpt.txt	symptom	concept	431	436	умора
endocrinology_hypothyroidism_13_BGgpt.txt	symptom	concept	585	592	косопад
endocrinology_hypothyroidism_13_BGgpt.txt	medication	concept	702	709	алкохол
endocrinology_hypothyroidism_13_BGgpt.txt	disease	concept	1445	1469	първичен хипотиреоидизъм
endocrinology_hypothyroidism_13_BGgpt.txt	medication	concept	1546	1558	левотироксин
endocrinology_hypothyroidism_13_BGgpt.txt	symptom	concept	1849	1866	алергични реакции
endocrinology_hypothyroidism_13_BGgpt.txt	medication	concept	1937	1949	левотироксин
endocrinology_hypothyroidism_13_BGgpt.txt	medication	concept	2290	2302	Левотироксин
endocrinology_hypothyroidism_13_BGgpt.txt	medication	concept	2611	2624	левотироксина
endocrinology_hypothyroidism_13_BGgpt.txt	disease	concept	2867	2883	хипертиреоидизъм
endocrinology_hypothyroidism_13_BGgpt.txt	medication	concept	2920	2932	левотироксин
endocrinology_hypothyroidism_13_BGgpt.txt	symptom	concept	3022	3033	сърцебиения
endocrinology_hypothyroidism_13_BGgpt.txt	symptom	concept	3035	3047	гръдна болка
endocrinology_hypothyroidism_13_BGgpt.txt	symptom	concept	3049	3070	прекомерно изпотяване
endocrinology_hypothyroidism_13_BGgpt.txt	symptom	concept	3075	3085	отслабване
endocrinology_hypothyroidism_13_BGgpt.txt	disease	concept	3231	3246	хипотиреоидизъм
endocrinology_hypothyroidism_13_BGgpt.txt	medication	concept	3355	3367	левотироксин
endocrinology_hypothyroidism_14_BGgpt.txt	symptom	concept	293	298	умора
endocrinology_hypothyroidism_14_BGgpt.txt	symptom	concept	960	971	брадикардия
endocrinology_hypothyroidism_14_BGgpt.txt	disease	concept	1413	1437	първичен хипотиреоидизъм
endocrinology_hypothyroidism_14_BGgpt.txt	medication	concept	1561	1573	Левотироксин
endocrinology_hypothyroidism_14_BGgpt.txt	disease	concept	1685	1700	сърдечна болест
endocrinology_hypothyroidism_14_BGgpt.txt	medication	concept	2220	2232	Левотироксин
endocrinology_hypothyroidism_14_BGgpt.txt	symptom	concept	2507	2523	нежелани реакции
endocrinology_hypothyroidism_14_BGgpt.txt	medication	concept	2632	2644	Левотироксин
endocrinology_hypothyroidism_14_BGgpt.txt	medication	concept	3067	3079	Левотироксин
endocrinology_hypothyroidism_14_BGgpt.txt	medication	concept	3138	3150	Левотироксин
endocrinology_hypothyroidism_14_BGgpt.txt	symptom	concept	3249	3259	сърцебиене
endocrinology_hypothyroidism_14_BGgpt.txt	symptom	concept	3261	3269	нервност
endocrinology_hypothyroidism_14_BGgpt.txt	symptom	concept	3271	3286	болка в гърдите
endocrinology_hypothyroidism_14_BGgpt.txt	symptom	concept	3338	3343	умора
endocrinology_hypothyroidism_14_BGgpt.txt	symptom	concept	3345	3363	наддаване на тегло
endocrinology_hypothyroidism_14_BGgpt.txt	symptom	concept	3365	3370	запек
endocrinology_hypothyroidism_14_BGgpt.txt	medication	concept	3617	3629	Левотироксин
endocrinology_hypothyroidism_14_BGgpt.txt	medication	concept	3712	3724	Левотироксин
endocrinology_hypothyroidism_14_BGgpt.txt	disease	concept	3825	3847	нейния хипотиреоидизъм
endocrinology_hypothyroidism_15_BGgpt.txt	symptom	concept	547	552	умора
endocrinology_hypothyroidism_15_BGgpt.txt	symptom	concept	718	729	брадикардия
endocrinology_hypothyroidism_15_BGgpt.txt	medication	concept	1339	1351	левотироксин
endocrinology_hypothyroidism_15_BGgpt.txt	disease	concept	1443	1458	сърдечна болест
endocrinology_hypothyroidism_15_BGgpt.txt	medication	concept	1500	1512	левотироксин
endocrinology_hypothyroidism_15_BGgpt.txt	disease	concept	1742	1757	хипотиреоидизъм
endocrinology_hypothyroidism_15_BGgpt.txt	medication	concept	1992	2004	левотироксин
endocrinology_hypothyroidism_15_BGgpt.txt	medication	concept	2044	2056	Левотироксин
endocrinology_hypothyroidism_15_BGgpt.txt	medication	concept	2137	2164	антихипертензивни лекарства
endocrinology_hypothyroidism_15_BGgpt.txt	medication	concept	2440	2452	левотироксин
endocrinology_hypothyroidism_15_BGgpt.txt	symptom	concept	2604	2614	сърцебиене
endocrinology_hypothyroidism_15_BGgpt.txt	medication	concept	2729	2741	левотироксин
endocrinology_hypothyroidism_15_BGgpt.txt	medication	concept	2765	2771	калций
endocrinology_hypothyroidism_15_BGgpt.txt	medication	concept	2776	2791	железни добавки
endocrinology_hypothyroidism_15_BGgpt.txt	disease	concept	3378	3393	хипотиреоидизъм
endocrinology_hypothyroidism_15_BGgpt.txt	medication	concept	3418	3430	левотироксин
endocrinology_hypothyroidism_15_BGgpt.txt	medication	concept	3673	3685	левотироксин
endocrinology_hypothyroidism_15_BGgpt.txt	disease	concept	3895	3910	хипотиреоидизъм
endocrinology_hypothyroidism_15_BGgpt.txt	disease	concept	3915	3931	хипертиреоидизъм
endocrinology_hypothyroidism_16_BGgpt.txt	disease	concept	257	281	Първичен хипотиреоидизъм
endocrinology_hypothyroidism_16_BGgpt.txt	disease	concept	303	332	Нормоцитна-нормохромна анемия
endocrinology_hypothyroidism_16_BGgpt.txt	symptom	concept	470	475	умора
endocrinology_hypothyroidism_16_BGgpt.txt	symptom	concept	477	495	наддаване на тегло
endocrinology_hypothyroidism_16_BGgpt.txt	symptom	concept	497	517	студова непоносимост
endocrinology_hypothyroidism_16_BGgpt.txt	symptom	concept	519	524	запек
endocrinology_hypothyroidism_16_BGgpt.txt	symptom	concept	527	536	суха кожа
endocrinology_hypothyroidism_16_BGgpt.txt	symptom	concept	694	704	груба коса
endocrinology_hypothyroidism_16_BGgpt.txt	disease	concept	1010	1034	първичен хипотиреоидизъм
endocrinology_hypothyroidism_16_BGgpt.txt	medication	concept	1268	1280	левотироксин
endocrinology_hypothyroidism_16_BGgpt.txt	medication	concept	1532	1544	левотироксин
endocrinology_hypothyroidism_16_BGgpt.txt	symptom	concept	1905	1932	хипотиреоидното ѝ състояние
endocrinology_hypothyroidism_16_BGgpt.txt	medication	concept	2435	2447	Левотироксин
endocrinology_hypothyroidism_16_BGgpt.txt	medication	concept	2514	2528	Железен сулфат
endocrinology_hypothyroidism_16_BGgpt.txt	medication	concept	2887	2899	левотироксин
endocrinology_hypothyroidism_16_BGgpt.txt	medication	concept	3040	3052	Левотироксин
endocrinology_hypothyroidism_16_BGgpt.txt	disease	concept	3322	3337	хипотиреоидизъм
endocrinology_hypothyroidism_16_BGgpt.txt	symptom	concept	3371	3387	нежелани реакции
endocrinology_hypothyroidism_16_BGgpt.txt	disease	concept	3571	3586	хипотиреоидизъм
endocrinology_hypothyroidism_17_BGgpt.txt	symptom	concept	373	393	студова непоносимост
endocrinology_hypothyroidism_17_BGgpt.txt	disease	concept	443	464	артериална хипертония
endocrinology_hypothyroidism_17_BGgpt.txt	symptom	concept	576	587	брадикардия
endocrinology_hypothyroidism_17_BGgpt.txt	medication	concept	1157	1169	Левотироксин
endocrinology_hypothyroidism_17_BGgpt.txt	medication	concept	1353	1365	левотироксин
endocrinology_hypothyroidism_17_BGgpt.txt	medication	concept	1416	1422	калций
endocrinology_hypothyroidism_17_BGgpt.txt	medication	concept	1427	1442	железни добавки
endocrinology_hypothyroidism_17_BGgpt.txt	symptom	concept	1496	1514	сърдечната честота
endocrinology_hypothyroidism_17_BGgpt.txt	medication	concept	1649	1661	левотироксин
endocrinology_hypothyroidism_17_BGgpt.txt	medication	concept	2072	2084	левотироксин
endocrinology_hypothyroidism_17_BGgpt.txt	symptom	concept	2418	2428	сърцебиене
endocrinology_hypothyroidism_17_BGgpt.txt	symptom	concept	2430	2445	болка в гърдите
endocrinology_hypothyroidism_17_BGgpt.txt	symptom	concept	2459	2469	тревожност
endocrinology_hypothyroidism_17_BGgpt.txt	medication	concept	2618	2630	Левотироксин
endocrinology_hypothyroidism_17_BGgpt.txt	medication	concept	2841	2859	хранителни добавки
endocrinology_hypothyroidism_17_BGgpt.txt	medication	concept	2977	2989	левотироксин
endocrinology_hypothyroidism_17_BGgpt.txt	disease	concept	3040	3055	хипотиреоидизъм
endocrinology_hypothyroidism_17_BGgpt.txt	disease	concept	3067	3083	хипертиреоидизъм
endocrinology_hypothyroidism_17_BGgpt.txt	medication	concept	3126	3138	левотироксин
endocrinology_hypothyroidism_17_BGgpt.txt	disease	concept	3224	3239	хипотиреоидизъм
endocrinology_hypothyroidism_17_BGgpt.txt	procedure	concept	3254	3277	лабораторни изследвания
endocrinology_hypothyroidism_17_BGgpt.txt	medication	concept	3301	3313	левотироксин
endocrinology_hypothyroidism_17_BGgpt.txt	disease	concept	3528	3543	хипотиреоидизма
endocrinology_hypothyroidism_18_BGgpt.txt	symptom	concept	398	416	наддаване на тегло
endocrinology_hypothyroidism_18_BGgpt.txt	symptom	concept	418	439	непоносимост към студ
endocrinology_hypothyroidism_18_BGgpt.txt	symptom	concept	442	447	запек
endocrinology_hypothyroidism_18_BGgpt.txt	medication	concept	1271	1283	левотироксин
endocrinology_hypothyroidism_18_BGgpt.txt	disease	concept	1322	1341	сърдечно заболяване
endocrinology_hypothyroidism_18_BGgpt.txt	disease	concept	1499	1505	анемия
endocrinology_hypothyroidism_18_BGgpt.txt	medication	concept	1569	1575	желязо
endocrinology_hypothyroidism_18_BGgpt.txt	medication	concept	2106	2118	Левотироксин
endocrinology_hypothyroidism_18_BGgpt.txt	medication	concept	2246	2264	хранителни добавки
endocrinology_hypothyroidism_18_BGgpt.txt	disease	concept	2289	2295	анемия
endocrinology_hypothyroidism_18_BGgpt.txt	medication	concept	2537	2549	левотироксин
endocrinology_hypothyroidism_18_BGgpt.txt	disease	concept	2701	2716	хипотиреоидизъм
endocrinology_hypothyroidism_18_BGgpt.txt	disease	concept	2728	2744	хипертиреоидизъм
endocrinology_hypothyroidism_18_BGgpt.txt	medication	concept	2842	2853	медикаменти
endocrinology_hypothyroidism_18_BGgpt.txt	medication	concept	2897	2910	левотироксина
endocrinology_hypothyroidism_18_BGgpt.txt	disease	concept	2990	3009	микседематозна кома
endocrinology_hypothyroidism_18_BGgpt.txt	symptom	concept	3503	3519	странични ефекти
endocrinology_hypothyroidism_18_BGgpt.txt	medication	concept	3523	3536	медикаментите
endocrinology_hypothyroidism_19_BGgpt.txt	symptom	concept	362	373	отпадналост
endocrinology_hypothyroidism_19_BGgpt.txt	symptom	concept	375	386	напълняване
endocrinology_hypothyroidism_19_BGgpt.txt	disease	concept	489	499	хипертония
endocrinology_hypothyroidism_19_BGgpt.txt	disease	concept	502	516	хиперлипидемия
endocrinology_hypothyroidism_19_BGgpt.txt	medication	concept	570	575	тютюн
endocrinology_hypothyroidism_19_BGgpt.txt	medication	concept	577	584	алкохол
endocrinology_hypothyroidism_19_BGgpt.txt	medication	concept	589	608	наркотични вещества
endocrinology_hypothyroidism_19_BGgpt.txt	disease	concept	647	662	хипотиреоидизъм
endocrinology_hypothyroidism_19_BGgpt.txt	symptom	concept	831	839	рефлекси
endocrinology_hypothyroidism_19_BGgpt.txt	medication	concept	1565	1577	Левотироксин
endocrinology_hypothyroidism_19_BGgpt.txt	medication	concept	2146	2158	Левотироксин
endocrinology_hypothyroidism_19_BGgpt.txt	medication	concept	2335	2347	Левотироксин
endocrinology_hypothyroidism_19_BGgpt.txt	medication	concept	2741	2753	Левотироксин
endocrinology_hypothyroidism_19_BGgpt.txt	disease	concept	2816	2824	анемията
endocrinology_hypothyroidism_19_BGgpt.txt	medication	concept	2888	2900	Левотироксин
endocrinology_hypothyroidism_19_BGgpt.txt	medication	concept	2948	2954	калций
endocrinology_hypothyroidism_19_BGgpt.txt	medication	concept	2959	2974	железни добавки
endocrinology_hypothyroidism_19_BGgpt.txt	symptom	concept	3088	3098	сърцебиене
endocrinology_hypothyroidism_19_BGgpt.txt	disease	concept	3192	3216	първичен хипотиреоидизъм
endocrinology_hypothyroidism_19_BGgpt.txt	disease	concept	3441	3457	хипертиреоидизъм
endocrinology_hypothyroidism_19_BGgpt.txt	medication	concept	3659	3671	Левотироксин
endocrinology_hypothyroidism_1_BGgpt.txt	disease	concept	4	12	Епикриза
endocrinology_hypothyroidism_1_BGgpt.txt	symptom	concept	293	304	отпадналост
endocrinology_hypothyroidism_1_BGgpt.txt	symptom	concept	361	366	запек
endocrinology_hypothyroidism_1_BGgpt.txt	symptom	concept	507	518	отпадналост
endocrinology_hypothyroidism_1_BGgpt.txt	symptom	concept	599	603	студ
endocrinology_hypothyroidism_1_BGgpt.txt	symptom	concept	606	611	запек
endocrinology_hypothyroidism_1_BGgpt.txt	disease	concept	794	804	Хипертония
endocrinology_hypothyroidism_1_BGgpt.txt	disease	concept	809	821	Дислипидемия
endocrinology_hypothyroidism_1_BGgpt.txt	medication	concept	861	871	Лизиноприл
endocrinology_hypothyroidism_1_BGgpt.txt	medication	concept	889	901	Аторвастатин
endocrinology_hypothyroidism_1_BGgpt.txt	symptom	concept	1068	1077	суха кожа
endocrinology_hypothyroidism_1_BGgpt.txt	symptom	concept	1079	1090	брадикардия
endocrinology_hypothyroidism_1_BGgpt.txt	disease	concept	1463	1478	хипотиреоидизъм
endocrinology_hypothyroidism_1_BGgpt.txt	medication	concept	1542	1554	левотироксин
endocrinology_hypothyroidism_1_BGgpt.txt	disease	concept	1709	1724	хипотиреоидизъм
endocrinology_hypothyroidism_1_BGgpt.txt	symptom	concept	1908	1918	сърцебиене
endocrinology_hypothyroidism_1_BGgpt.txt	symptom	concept	1923	1942	повишена тревожност
endocrinology_hypothyroidism_1_BGgpt.txt	medication	concept	2139	2151	левотироксин
endocrinology_hypothyroidism_1_BGgpt.txt	disease	concept	2251	2266	хипотиреоидизма
endocrinology_hypothyroidism_1_BGgpt.txt	symptom	concept	2344	2360	странични ефекти
endocrinology_hypothyroidism_1_BGgpt.txt	procedure	concept	2389	2407	кръвни изследвания
endocrinology_hypothyroidism_1_BGgpt.txt	procedure	concept	2603	2611	корекции
endocrinology_hypothyroidism_1_BGgpt.txt	medication	concept	2682	2693	медикаменти
endocrinology_hypothyroidism_1_BGgpt.txt	medication	concept	2731	2743	Левотироксин
endocrinology_hypothyroidism_1_BGgpt.txt	medication	concept	2780	2790	Лизиноприл
endocrinology_hypothyroidism_1_BGgpt.txt	medication	concept	2808	2820	Аторвастатин
endocrinology_hypothyroidism_1_BGgpt.txt	medication	concept	3015	3027	левотироксин
endocrinology_hypothyroidism_1_BGgpt.txt	symptom	concept	3385	3395	сърцебиене
endocrinology_hypothyroidism_1_BGgpt.txt	symptom	concept	3397	3412	болка в гърдите
endocrinology_hypothyroidism_20_BGgpt.txt	disease	concept	4	12	Епикриза
endocrinology_hypothyroidism_20_BGgpt.txt	disease	concept	286	301	хипотиреоидизъм
endocrinology_hypothyroidism_20_BGgpt.txt	symptom	concept	464	469	умора
endocrinology_hypothyroidism_20_BGgpt.txt	symptom	concept	515	520	запек
endocrinology_hypothyroidism_20_BGgpt.txt	disease	concept	704	719	хипотиреоидизъм
endocrinology_hypothyroidism_20_BGgpt.txt	symptom	concept	979	983	гуша
endocrinology_hypothyroidism_20_BGgpt.txt	disease	concept	1504	1528	първичен хипотиреоидизъм
endocrinology_hypothyroidism_20_BGgpt.txt	medication	concept	1593	1605	Левотироксин
endocrinology_hypothyroidism_20_BGgpt.txt	disease	concept	1753	1772	сърдечно заболяване
endocrinology_hypothyroidism_20_BGgpt.txt	symptom	concept	1830	1846	странични ефекти
endocrinology_hypothyroidism_20_BGgpt.txt	medication	concept	2190	2202	левотироксин
endocrinology_hypothyroidism_20_BGgpt.txt	medication	concept	2327	2339	левотироксин
endocrinology_hypothyroidism_20_BGgpt.txt	medication	concept	2397	2412	железни добавки
endocrinology_hypothyroidism_20_BGgpt.txt	medication	concept	2510	2522	Левотироксин
endocrinology_hypothyroidism_20_BGgpt.txt	medication	concept	2857	2867	вотироксин
endocrinology_hypothyroidism_20_BGgpt.txt	medication	concept	2928	2940	левотироксин
endocrinology_hypothyroidism_20_BGgpt.txt	disease	concept	3101	3117	хипертиреоидизъм
endocrinology_hypothyroidism_20_BGgpt.txt	symptom	concept	3125	3135	сърцебиене
endocrinology_hypothyroidism_20_BGgpt.txt	symptom	concept	3137	3158	прекомерно изпотяване
endocrinology_hypothyroidism_20_BGgpt.txt	disease	concept	3212	3227	хипотиреоидизъм
endocrinology_hypothyroidism_20_BGgpt.txt	medication	concept	3442	3454	левотироксин
endocrinology_hypothyroidism_21_BGgpt.txt	symptom	concept	445	456	отпадналост
endocrinology_hypothyroidism_21_BGgpt.txt	symptom	concept	799	804	запек
endocrinology_hypothyroidism_21_BGgpt.txt	disease	concept	909	924	хипотиреоидизъм
endocrinology_hypothyroidism_21_BGgpt.txt	disease	concept	1679	1703	първичен хипотиреоидизъм
endocrinology_hypothyroidism_21_BGgpt.txt	medication	concept	1758	1770	левотироксин
endocrinology_hypothyroidism_21_BGgpt.txt	disease	concept	1788	1803	хипотиреоидизма
endocrinology_hypothyroidism_21_BGgpt.txt	medication	concept	2341	2353	левотироксин
endocrinology_hypothyroidism_21_BGgpt.txt	medication	concept	2563	2575	левотироксин
endocrinology_hypothyroidism_21_BGgpt.txt	procedure	concept	2635	2652	контролен преглед
endocrinology_hypothyroidism_21_BGgpt.txt	medication	concept	2768	2780	левотироксин
endocrinology_hypothyroidism_21_BGgpt.txt	symptom	concept	3068	3078	сърцебиене
endocrinology_hypothyroidism_21_BGgpt.txt	symptom	concept	3080	3101	прекомерно изпотяване
endocrinology_hypothyroidism_21_BGgpt.txt	symptom	concept	3104	3117	неспокойствие
endocrinology_hypothyroidism_21_BGgpt.txt	symptom	concept	3166	3179	отпадналостта
endocrinology_hypothyroidism_21_BGgpt.txt	symptom	concept	3194	3201	теглото
endocrinology_hypothyroidism_21_BGgpt.txt	symptom	concept	3204	3224	студова непоносимост
endocrinology_hypothyroidism_21_BGgpt.txt	procedure	concept	3418	3435	физикален преглед
endocrinology_hypothyroidism_21_BGgpt.txt	medication	concept	3731	3743	левотироксин
endocrinology_hypothyroidism_22_BGgpt.txt	disease	concept	4	12	Епикриза
endocrinology_hypothyroidism_22_BGgpt.txt	symptom	concept	351	356	умора
endocrinology_hypothyroidism_22_BGgpt.txt	symptom	concept	381	386	запек
endocrinology_hypothyroidism_22_BGgpt.txt	disease	concept	770	780	Хипертония
endocrinology_hypothyroidism_22_BGgpt.txt	medication	concept	957	967	Лизиноприл
endocrinology_hypothyroidism_22_BGgpt.txt	disease	concept	984	994	хипертония
endocrinology_hypothyroidism_22_BGgpt.txt	symptom	concept	1123	1134	брадикардия
endocrinology_hypothyroidism_22_BGgpt.txt	disease	concept	1589	1613	Първичен хипотиреоидизъм
endocrinology_hypothyroidism_22_BGgpt.txt	medication	concept	1749	1761	Левотироксин
endocrinology_hypothyroidism_22_BGgpt.txt	disease	concept	1798	1817	сърдечно заболяване
endocrinology_hypothyroidism_22_BGgpt.txt	medication	concept	2286	2298	Левотироксин
endocrinology_hypothyroidism_22_BGgpt.txt	medication	concept	2432	2444	Левотироксин
endocrinology_hypothyroidism_22_BGgpt.txt	medication	concept	2570	2580	Лизиноприл
endocrinology_hypothyroidism_22_BGgpt.txt	disease	concept	2597	2607	хипертония
endocrinology_hypothyroidism_22_BGgpt.txt	medication	concept	2808	2820	Левотироксин
endocrinology_hypothyroidism_22_BGgpt.txt	symptom	concept	2939	2949	сърцебиене
endocrinology_hypothyroidism_22_BGgpt.txt	medication	concept	3203	3215	Левотироксин
endocrinology_hypothyroidism_23_BGgpt.txt	symptom	concept	318	323	умора
endocrinology_hypothyroidism_23_BGgpt.txt	symptom	concept	345	365	студова непоносимост
endocrinology_hypothyroidism_23_BGgpt.txt	symptom	concept	524	529	умора
endocrinology_hypothyroidism_23_BGgpt.txt	symptom	concept	691	696	запек
endocrinology_hypothyroidism_23_BGgpt.txt	medication	concept	933	943	лизиноприл
endocrinology_hypothyroidism_23_BGgpt.txt	disease	concept	1954	1978	първичен хипотиреоидизъм
endocrinology_hypothyroidism_23_BGgpt.txt	medication	concept	2016	2028	левотироксин
endocrinology_hypothyroidism_23_BGgpt.txt	disease	concept	2154	2169	сърдечна болест
endocrinology_hypothyroidism_23_BGgpt.txt	symptom	concept	2212	2228	нежелани реакции
endocrinology_hypothyroidism_23_BGgpt.txt	medication	concept	2376	2388	левотироксин
endocrinology_hypothyroidism_23_BGgpt.txt	medication	concept	2860	2870	лизиноприл
endocrinology_hypothyroidism_23_BGgpt.txt	medication	concept	2972	2984	Левотироксин
endocrinology_hypothyroidism_23_BGgpt.txt	medication	concept	3134	3144	лизиноприл
endocrinology_hypothyroidism_23_BGgpt.txt	disease	concept	3172	3193	артериална хипертония
endocrinology_hypothyroidism_23_BGgpt.txt	disease	concept	3295	3310	хипотиреоидизъм
endocrinology_hypothyroidism_23_BGgpt.txt	disease	concept	3507	3522	хипотиреоидизъм
endocrinology_hypothyroidism_23_BGgpt.txt	disease	concept	3534	3550	хипертиреоидизъм
endocrinology_hypothyroidism_23_BGgpt.txt	disease	concept	3895	3918	артериалната хипертония
endocrinology_hypothyroidism_23_BGgpt.txt	disease	concept	4052	4067	хипотиреоидизъм
endocrinology_hypothyroidism_23_BGgpt.txt	medication	concept	4208	4220	левотироксин
endocrinology_hypothyroidism_23_BGgpt.txt	procedure	concept	4462	4475	изследванията
endocrinology_hypothyroidism_24_BGgpt.txt	disease	concept	366	390	Първичен хипотиреоидизъм
endocrinology_hypothyroidism_24_BGgpt.txt	disease	concept	419	448	Нормоцитна нормохромна анемия
endocrinology_hypothyroidism_24_BGgpt.txt	disease	concept	450	469	Хиперхолестеролемия
endocrinology_hypothyroidism_24_BGgpt.txt	disease	concept	599	620	артериална хипертония
endocrinology_hypothyroidism_24_BGgpt.txt	symptom	concept	758	763	умора
endocrinology_hypothyroidism_24_BGgpt.txt	disease	concept	1354	1366	ромна анемия
endocrinology_hypothyroidism_24_BGgpt.txt	medication	concept	1484	1496	левотироксин
endocrinology_hypothyroidism_24_BGgpt.txt	disease	concept	1553	1568	хипотиреоидизъм
endocrinology_hypothyroidism_24_BGgpt.txt	medication	concept	1737	1750	левотироксина
endocrinology_hypothyroidism_24_BGgpt.txt	medication	concept	1790	1802	Левотироксин
endocrinology_hypothyroidism_24_BGgpt.txt	medication	concept	1856	1872	Хидрохлоротиазид
endocrinology_hypothyroidism_24_BGgpt.txt	disease	concept	1906	1927	артериална хипертония
endocrinology_hypothyroidism_24_BGgpt.txt	medication	concept	1933	1945	Аторвастатин
endocrinology_hypothyroidism_24_BGgpt.txt	disease	concept	1979	1998	хиперхолестеролемия
endocrinology_hypothyroidism_24_BGgpt.txt	medication	concept	2242	2254	левотироксин
endocrinology_hypothyroidism_24_BGgpt.txt	medication	concept	2307	2320	левотироксина
endocrinology_hypothyroidism_24_BGgpt.txt	disease	concept	2462	2483	артериална хипертония
endocrinology_hypothyroidism_24_BGgpt.txt	disease	concept	2486	2505	хиперхолестеролемия
endocrinology_hypothyroidism_24_BGgpt.txt	medication	concept	2542	2556	Левотироксинът
endocrinology_hypothyroidism_24_BGgpt.txt	medication	concept	2648	2664	хидрохлоротиазид
endocrinology_hypothyroidism_24_BGgpt.txt	medication	concept	2667	2679	аторвастатин
endocrinology_hypothyroidism_24_BGgpt.txt	symptom	concept	2778	2788	сърцебиене
endocrinology_hypothyroidism_24_BGgpt.txt	symptom	concept	2790	2806	прекомерно изпот
endocrinology_hypothyroidism_24_BGgpt.txt	procedure	concept	2867	2885	контролни прегледи
endocrinology_hypothyroidism_24_BGgpt.txt	disease	concept	3213	3228	хипотиреоидизма
endocrinology_hypothyroidism_24_BGgpt.txt	disease	concept	3231	3256	съпътстващите заболявания
endocrinology_hypothyroidism_25_BGgpt.txt	disease	concept	285	309	Първичен хипотиреоидизъм
endocrinology_hypothyroidism_25_BGgpt.txt	symptom	concept	504	509	умора
endocrinology_hypothyroidism_25_BGgpt.txt	symptom	concept	511	522	напълняване
endocrinology_hypothyroidism_25_BGgpt.txt	symptom	concept	616	625	суха кожа
endocrinology_hypothyroidism_25_BGgpt.txt	symptom	concept	627	638	брадикардия
endocrinology_hypothyroidism_25_BGgpt.txt	medication	concept	1491	1503	Левотироксин
endocrinology_hypothyroidism_25_BGgpt.txt	disease	concept	1567	1586	сърдечно заболяване
endocrinology_hypothyroidism_25_BGgpt.txt	medication	concept	1697	1709	Левотироксин
endocrinology_hypothyroidism_25_BGgpt.txt	symptom	concept	2074	2079	умора
endocrinology_hypothyroidism_25_BGgpt.txt	medication	concept	2477	2489	Левотироксин
endocrinology_hypothyroidism_25_BGgpt.txt	medication	concept	2796	2808	Левотироксин
endocrinology_hypothyroidism_25_BGgpt.txt	disease	concept	3227	3242	хипотиреоидизъм
endocrinology_hypothyroidism_25_BGgpt.txt	disease	concept	3247	3263	хипертиреоидизъм
endocrinology_hypothyroidism_25_BGgpt.txt	disease	concept	3510	3529	микседематозна кома
endocrinology_hypothyroidism_25_BGgpt.txt	symptom	concept	3536	3548	крайна умора
endocrinology_hypothyroidism_25_BGgpt.txt	symptom	concept	3550	3571	непоносимост към студ
endocrinology_hypothyroidism_25_BGgpt.txt	symptom	concept	3576	3585	объркване
endocrinology_hypothyroidism_26_BGgpt.txt	disease	concept	265	289	Първичен хипотиреоидизъм
endocrinology_hypothyroidism_26_BGgpt.txt	disease	concept	318	347	Нормоцитна нормохромна анемия
endocrinology_hypothyroidism_26_BGgpt.txt	disease	concept	349	368	Хиперхолестеролемия
endocrinology_hypothyroidism_26_BGgpt.txt	symptom	concept	556	567	отпадналост
endocrinology_hypothyroidism_26_BGgpt.txt	symptom	concept	624	629	запек
endocrinology_hypothyroidism_26_BGgpt.txt	disease	concept	675	699	първичен хипотиреоидизъм
endocrinology_hypothyroidism_26_BGgpt.txt	medication	concept	1197	1209	левотироксин
endocrinology_hypothyroidism_26_BGgpt.txt	disease	concept	1312	1332	сърдечни заболявания
endocrinology_hypothyroidism_26_BGgpt.txt	symptom	concept	1360	1376	нежелани реакции
endocrinology_hypothyroidism_26_BGgpt.txt	symptom	concept	1498	1509	отпадналост
endocrinology_hypothyroidism_26_BGgpt.txt	disease	concept	1708	1721	атеросклероза
endocrinology_hypothyroidism_26_BGgpt.txt	disease	concept	1733	1752	хиперхолестеролемия
endocrinology_hypothyroidism_26_BGgpt.txt	medication	concept	2011	2023	Левотироксин
endocrinology_hypothyroidism_26_BGgpt.txt	medication	concept	2349	2361	левотироксин
endocrinology_hypothyroidism_26_BGgpt.txt	disease	concept	2443	2459	хипертиреоидизъм
endocrinology_hypothyroidism_26_BGgpt.txt	medication	concept	2635	2647	левотироксин
endocrinology_hypothyroidism_26_BGgpt.txt	symptom	concept	3130	3162	чувствителността към температура
endocrinology_hypothyroidism_26_BGgpt.txt	symptom	concept	3210	3225	болка в гърдите
endocrinology_hypothyroidism_26_BGgpt.txt	symptom	concept	3227	3237	сърцебиене
endocrinology_hypothyroidism_26_BGgpt.txt	symptom	concept	3239	3253	изразена умора
endocrinology_hypothyroidism_26_BGgpt.txt	medication	concept	3359	3371	левотироксин
endocrinology_hypothyroidism_26_BGgpt.txt	procedure	concept	3408	3430	хирургична интервенция
endocrinology_hypothyroidism_26_BGgpt.txt	medication	concept	3491	3503	левотироксин
endocrinology_hypothyroidism_26_BGgpt.txt	medication	concept	3535	3553	хранителни добавки
endocrinology_hypothyroidism_27_BGgpt.txt	disease	concept	325	340	хипотиреоидизъм
endocrinology_hypothyroidism_27_BGgpt.txt	symptom	concept	354	359	умора
endocrinology_hypothyroidism_27_BGgpt.txt	symptom	concept	361	377	качване на тегло
endocrinology_hypothyroidism_27_BGgpt.txt	symptom	concept	379	399	студова непоносимост
endocrinology_hypothyroidism_27_BGgpt.txt	symptom	concept	402	411	суха кожа
endocrinology_hypothyroidism_27_BGgpt.txt	disease	concept	908	923	хипотиреоидизъм
endocrinology_hypothyroidism_27_BGgpt.txt	disease	concept	1135	1155	сърдечни заболявания
endocrinology_hypothyroidism_27_BGgpt.txt	medication	concept	1182	1194	левотироксин
endocrinology_hypothyroidism_27_BGgpt.txt	symptom	concept	1268	1284	нежелани реакции
endocrinology_hypothyroidism_27_BGgpt.txt	symptom	concept	1315	1331	странични ефекти
endocrinology_hypothyroidism_27_BGgpt.txt	medication	concept	1424	1435	медикамента
endocrinology_hypothyroidism_27_BGgpt.txt	symptom	concept	1448	1464	странични ефекти
endocrinology_hypothyroidism_27_BGgpt.txt	medication	concept	1738	1750	Левотироксин
endocrinology_hypothyroidism_27_BGgpt.txt	medication	concept	2178	2190	левотироксин
endocrinology_hypothyroidism_27_BGgpt.txt	disease	concept	2269	2285	хипертиреоидизъм
endocrinology_hypothyroidism_27_BGgpt.txt	symptom	concept	2299	2309	сърцебиене
endocrinology_hypothyroidism_27_BGgpt.txt	symptom	concept	2311	2330	повишена тревожност
endocrinology_hypothyroidism_27_BGgpt.txt	symptom	concept	2332	2347	загуба на тегло
endocrinology_hypothyroidism_27_BGgpt.txt	medication	concept	2491	2503	левотироксин
endocrinology_hypothyroidism_27_BGgpt.txt	medication	concept	2542	2553	медикаменти
endocrinology_hypothyroidism_27_BGgpt.txt	medication	concept	2556	2574	хранителни добавки
endocrinology_hypothyroidism_27_BGgpt.txt	medication	concept	2608	2620	левотироксин
endocrinology_hypothyroidism_27_BGgpt.txt	medication	concept	2702	2714	левотироксин
endocrinology_hypothyroidism_27_BGgpt.txt	medication	concept	2937	2949	левотироксин
endocrinology_hypothyroidism_27_BGgpt.txt	symptom	concept	2965	2970	умора
endocrinology_hypothyroidism_27_BGgpt.txt	symptom	concept	2973	2993	студова непоносимост
endocrinology_hypothyroidism_27_BGgpt.txt	procedure	concept	3093	3117	амбулаторно проследяване
endocrinology_hypothyroidism_27_BGgpt.txt	procedure	concept	3120	3142	медикаментозен контрол
endocrinology_hypothyroidism_28_BGgpt.txt	disease	concept	376	393	Нормоцитна анемия
endocrinology_hypothyroidism_28_BGgpt.txt	symptom	concept	497	502	умора
endocrinology_hypothyroidism_28_BGgpt.txt	symptom	concept	504	515	напълняване
endocrinology_hypothyroidism_28_BGgpt.txt	symptom	concept	541	546	запек
endocrinology_hypothyroidism_28_BGgpt.txt	medication	concept	1367	1379	Левотироксин
endocrinology_hypothyroidism_28_BGgpt.txt	disease	concept	1394	1418	първичен хипотиреоидизъм
endocrinology_hypothyroidism_28_BGgpt.txt	disease	concept	1528	1547	сърдечно заболяване
endocrinology_hypothyroidism_28_BGgpt.txt	medication	concept	1559	1571	Левотироксин
endocrinology_hypothyroidism_28_BGgpt.txt	medication	concept	1902	1914	Левотироксин
endocrinology_hypothyroidism_28_BGgpt.txt	medication	concept	2117	2129	Аторвастатин
endocrinology_hypothyroidism_28_BGgpt.txt	medication	concept	2196	2210	Железен сулфат
endocrinology_hypothyroidism_28_BGgpt.txt	disease	concept	2276	2293	нормоцитна анемия
endocrinology_hypothyroidism_28_BGgpt.txt	medication	concept	2461	2473	Левотироксин
endocrinology_hypothyroidism_28_BGgpt.txt	procedure	concept	2626	2644	контролния преглед
endocrinology_hypothyroidism_28_BGgpt.txt	symptom	concept	2782	2792	сърцебиене
endocrinology_hypothyroidism_28_BGgpt.txt	symptom	concept	2794	2809	болка в гърдите
endocrinology_hypothyroidism_28_BGgpt.txt	medication	concept	3158	3164	калций
endocrinology_hypothyroidism_28_BGgpt.txt	medication	concept	3212	3224	Левотироксин
endocrinology_hypothyroidism_29_BGgpt.txt	disease	concept	308	337	Нормоцитна-нормохромна анемия
endocrinology_hypothyroidism_29_BGgpt.txt	symptom	concept	474	485	отпадналост
endocrinology_hypothyroidism_29_BGgpt.txt	symptom	concept	487	498	напълняване
endocrinology_hypothyroidism_29_BGgpt.txt	disease	concept	607	617	хипертония
endocrinology_hypothyroidism_29_BGgpt.txt	disease	concept	713	724	брадикардия
endocrinology_hypothyroidism_29_BGgpt.txt	symptom	concept	793	802	суха кожа
endocrinology_hypothyroidism_29_BGgpt.txt	symptom	concept	804	814	груба коса
endocrinology_hypothyroidism_29_BGgpt.txt	disease	concept	1143	1167	първичен хипотиреоидизъм
endocrinology_hypothyroidism_29_BGgpt.txt	disease	concept	1355	1370	хипотиреоидизъм
endocrinology_hypothyroidism_29_BGgpt.txt	medication	concept	1479	1491	левотироксин
endocrinology_hypothyroidism_29_BGgpt.txt	medication	concept	1564	1595	антихипертензивните медикаменти
endocrinology_hypothyroidism_29_BGgpt.txt	medication	concept	1638	1650	левотироксин
endocrinology_hypothyroidism_29_BGgpt.txt	disease	concept	1666	1674	анемията
endocrinology_hypothyroidism_29_BGgpt.txt	medication	concept	1741	1757	фолиева киселина
endocrinology_hypothyroidism_29_BGgpt.txt	procedure	concept	1776	1790	хоспитализация
endocrinology_hypothyroidism_29_BGgpt.txt	medication	concept	2047	2059	левотироксин
endocrinology_hypothyroidism_29_BGgpt.txt	medication	concept	2151	2163	Левотироксин
endocrinology_hypothyroidism_29_BGgpt.txt	medication	concept	2281	2310	антихипертензивни медикаменти
endocrinology_hypothyroidism_29_BGgpt.txt	medication	concept	2474	2486	левотироксин
endocrinology_hypothyroidism_29_BGgpt.txt	symptom	concept	2687	2704	кръвното налягане
endocrinology_hypothyroidism_29_BGgpt.txt	symptom	concept	2707	2736	общото здравословно състояние
endocrinology_hypothyroidism_29_BGgpt.txt	disease	concept	2830	2849	хиперхолестеролемия
endocrinology_hypothyroidism_29_BGgpt.txt	medication	concept	2898	2910	Левотироксин
endocrinology_hypothyroidism_29_BGgpt.txt	medication	concept	3021	3033	левотироксин
endocrinology_hypothyroidism_29_BGgpt.txt	symptom	concept	3040	3050	сърцебиене
endocrinology_hypothyroidism_29_BGgpt.txt	symptom	concept	3075	3083	нервност
endocrinology_hypothyroidism_29_BGgpt.txt	symptom	concept	3088	3096	безсъние
endocrinology_hypothyroidism_29_BGgpt.txt	medication	concept	3176	3196	хранителните добавки
endocrinology_hypothyroidism_29_BGgpt.txt	procedure	concept	3277	3295	контролни прегледи
endocrinology_hypothyroidism_29_BGgpt.txt	disease	concept	3452	3467	хипотиреоидизъм
endocrinology_hypothyroidism_29_BGgpt.txt	medication	concept	3512	3524	левотироксин
endocrinology_hypothyroidism_29_BGgpt.txt	symptom	concept	3627	3635	анемията
endocrinology_hypothyroidism_2_BGgpt.txt	disease	concept	294	318	Първичен хипотиреоидизъм
endocrinology_hypothyroidism_2_BGgpt.txt	symptom	concept	485	490	умора
endocrinology_hypothyroidism_2_BGgpt.txt	symptom	concept	492	508	наднормено тегло
endocrinology_hypothyroidism_2_BGgpt.txt	symptom	concept	510	530	студова непоносимост
endocrinology_hypothyroidism_2_BGgpt.txt	symptom	concept	533	542	суха кожа
endocrinology_hypothyroidism_2_BGgpt.txt	disease	concept	646	660	хиперлипидемия
endocrinology_hypothyroidism_2_BGgpt.txt	disease	concept	691	712	тиреоидни заболявания
endocrinology_hypothyroidism_2_BGgpt.txt	medication	concept	1361	1373	Левотироксин
endocrinology_hypothyroidism_2_BGgpt.txt	disease	concept	1491	1506	хипотиреоидизма
endocrinology_hypothyroidism_2_BGgpt.txt	disease	concept	1722	1737	хипотиреоидизъм
endocrinology_hypothyroidism_2_BGgpt.txt	medication	concept	2020	2032	Левотироксин
endocrinology_hypothyroidism_2_BGgpt.txt	symptom	concept	2258	2268	сърцебиене
endocrinology_hypothyroidism_2_BGgpt.txt	medication	concept	2538	2550	Левотироксин
endocrinology_hypothyroidism_2_BGgpt.txt	medication	concept	2725	2735	Лизиноприл
endocrinology_hypothyroidism_2_BGgpt.txt	medication	concept	2744	2752	пероралн
endocrinology_hypothyroidism_2_BGgpt.txt	disease	concept	2771	2781	хипертония
endocrinology_hypothyroidism_2_BGgpt.txt	medication	concept	2787	2799	Аторвастатин
endocrinology_hypothyroidism_2_BGgpt.txt	disease	concept	2835	2849	хиперлипидемия
endocrinology_hypothyroidism_2_BGgpt.txt	disease	concept	3016	3031	хипотиреоидизма
endocrinology_hypothyroidism_2_BGgpt.txt	medication	concept	3064	3076	Левотироксин
endocrinology_hypothyroidism_2_BGgpt.txt	disease	concept	3500	3515	хипотиреоидизма
endocrinology_hypothyroidism_2_BGgpt.txt	medication	concept	3556	3568	Левотироксин
endocrinology_hypothyroidism_2_BGgpt.txt	symptom	concept	3716	3732	нежелани реакции
endocrinology_hypothyroidism_30_BGgpt.txt	disease	concept	276	300	Първичен хипотиреоидизъм
endocrinology_hypothyroidism_30_BGgpt.txt	symptom	concept	423	428	умора
endocrinology_hypothyroidism_30_BGgpt.txt	symptom	concept	540	549	суха кожа
endocrinology_hypothyroidism_30_BGgpt.txt	symptom	concept	551	562	брадикардия
endocrinology_hypothyroidism_30_BGgpt.txt	medication	concept	1310	1322	Левотироксин
endocrinology_hypothyroidism_30_BGgpt.txt	disease	concept	1400	1420	сърдечни заболявания
endocrinology_hypothyroidism_30_BGgpt.txt	symptom	concept	1711	1716	умора
endocrinology_hypothyroidism_30_BGgpt.txt	medication	concept	1808	1820	Левотироксин
endocrinology_hypothyroidism_30_BGgpt.txt	medication	concept	1939	1951	Левотироксин
endocrinology_hypothyroidism_30_BGgpt.txt	medication	concept	2377	2389	Левотироксин
endocrinology_hypothyroidism_30_BGgpt.txt	medication	concept	2527	2539	Левотироксин
endocrinology_hypothyroidism_30_BGgpt.txt	symptom	concept	2705	2715	сърцебиене
endocrinology_hypothyroidism_30_BGgpt.txt	symptom	concept	2717	2729	учестен пулс
endocrinology_hypothyroidism_30_BGgpt.txt	symptom	concept	2731	2743	безпокойство
endocrinology_hypothyroidism_30_BGgpt.txt	symptom	concept	2777	2782	умора
endocrinology_hypothyroidism_30_BGgpt.txt	medication	concept	2955	2958	йод
endocrinology_hypothyroidism_30_BGgpt.txt	medication	concept	3157	3169	Левотироксин
endocrinology_hypothyroidism_30_BGgpt.txt	medication	concept	3388	3400	Левотироксин
endocrinology_hypothyroidism_31_BGgpt.txt	symptom	concept	318	323	умора
endocrinology_hypothyroidism_31_BGgpt.txt	symptom	concept	325	336	напълняване
endocrinology_hypothyroidism_31_BGgpt.txt	disease	concept	809	831	автоимунни заболявания
endocrinology_hypothyroidism_31_BGgpt.txt	medication	concept	1695	1707	левотироксин
endocrinology_hypothyroidism_31_BGgpt.txt	disease	concept	1722	1737	хипотиреоидизма
endocrinology_hypothyroidism_31_BGgpt.txt	disease	concept	1781	1801	сърдечни заболявания
endocrinology_hypothyroidism_31_BGgpt.txt	symptom	concept	1915	1922	умората
endocrinology_hypothyroidism_31_BGgpt.txt	medication	concept	2185	2197	Левотироксин
endocrinology_hypothyroidism_31_BGgpt.txt	medication	concept	2453	2465	левотироксин
endocrinology_hypothyroidism_31_BGgpt.txt	medication	concept	2665	2677	левотироксин
endocrinology_hypothyroidism_31_BGgpt.txt	disease	concept	2781	2797	хипертиреоидизъм
endocrinology_hypothyroidism_31_BGgpt.txt	medication	concept	2823	2835	левотироксин
endocrinology_hypothyroidism_31_BGgpt.txt	symptom	concept	2966	2976	сърцебиене
endocrinology_hypothyroidism_31_BGgpt.txt	symptom	concept	2992	3002	отслабване
endocrinology_hypothyroidism_31_BGgpt.txt	medication	concept	3222	3234	левотироксин
endocrinology_hypothyroidism_31_BGgpt.txt	disease	concept	3297	3321	първичен хипотиреоидизъм
endocrinology_hypothyroidism_32_BGgpt.txt	disease	concept	282	306	Първичен хипотиреоидизъм
endocrinology_hypothyroidism_32_BGgpt.txt	symptom	concept	434	445	отпадналост
endocrinology_hypothyroidism_32_BGgpt.txt	symptom	concept	490	495	запек
endocrinology_hypothyroidism_32_BGgpt.txt	symptom	concept	533	542	суха кожа
endocrinology_hypothyroidism_32_BGgpt.txt	symptom	concept	544	555	брадикардия
endocrinology_hypothyroidism_32_BGgpt.txt	disease	concept	647	667	захарен диабет тип 2
endocrinology_hypothyroidism_32_BGgpt.txt	procedure	concept	792	816	Диагностични изследвания
endocrinology_hypothyroidism_32_BGgpt.txt	disease	concept	1240	1264	първичен хипотиреоидизъм
endocrinology_hypothyroidism_32_BGgpt.txt	medication	concept	1478	1490	левотироксин
endocrinology_hypothyroidism_32_BGgpt.txt	disease	concept	1579	1598	сърдечно заболяване
endocrinology_hypothyroidism_32_BGgpt.txt	medication	concept	1750	1762	левотироксин
endocrinology_hypothyroidism_32_BGgpt.txt	medication	concept	1799	1808	лекарства
endocrinology_hypothyroidism_32_BGgpt.txt	medication	concept	1811	1829	хранителни добавки
endocrinology_hypothyroidism_32_BGgpt.txt	medication	concept	2102	2114	левотироксин
endocrinology_hypothyroidism_32_BGgpt.txt	medication	concept	2195	2207	Левотироксин
endocrinology_hypothyroidism_32_BGgpt.txt	disease	concept	2490	2504	захарен диабет
endocrinology_hypothyroidism_32_BGgpt.txt	medication	concept	2718	2730	левотироксин
endocrinology_hypothyroidism_32_BGgpt.txt	disease	concept	2808	2823	захарния диабет
endocrinology_hypothyroidism_32_BGgpt.txt	disease	concept	2826	2838	хипертонията
endocrinology_hypothyroidism_32_BGgpt.txt	disease	concept	2942	2957	хипотиреоидизъм
endocrinology_hypothyroidism_32_BGgpt.txt	medication	concept	3052	3064	левотироксин
endocrinology_hypothyroidism_32_BGgpt.txt	medication	concept	3170	3182	левотироксин
endocrinology_hypothyroidism_32_BGgpt.txt	disease	concept	3275	3290	хипотиреоидизма
endocrinology_hypothyroidism_32_BGgpt.txt	medication	concept	3323	3335	левотироксин
endocrinology_hypothyroidism_32_BGgpt.txt	disease	concept	3580	3590	хипертония
endocrinology_hypothyroidism_32_BGgpt.txt	disease	concept	3593	3613	захарен диабет тип 2
endocrinology_hypothyroidism_32_BGgpt.txt	disease	concept	3738	3754	хипертиреоидизъм
endocrinology_hypothyroidism_32_BGgpt.txt	symptom	concept	3925	3944	необичайно подуване
endocrinology_hypothyroidism_33_BGgpt.txt	disease	concept	362	386	Първичен хипотиреоидизъм
endocrinology_hypothyroidism_33_BGgpt.txt	symptom	concept	528	533	умора
endocrinology_hypothyroidism_33_BGgpt.txt	medication	concept	1337	1349	Левотироксин
endocrinology_hypothyroidism_33_BGgpt.txt	disease	concept	1450	1470	сърдечни заболявания
endocrinology_hypothyroidism_33_BGgpt.txt	medication	concept	1816	1828	Левотироксин
endocrinology_hypothyroidism_33_BGgpt.txt	medication	concept	2163	2175	Левотироксин
endocrinology_hypothyroidism_33_BGgpt.txt	disease	concept	2326	2341	хипотиреоидизма
endocrinology_hypothyroidism_33_BGgpt.txt	symptom	concept	2789	2799	сърцебиене
endocrinology_hypothyroidism_33_BGgpt.txt	medication	concept	2989	3001	Левотироксин
endocrinology_hypothyroidism_33_BGgpt.txt	medication	concept	3069	3075	калций
endocrinology_hypothyroidism_33_BGgpt.txt	medication	concept	3080	3095	железни добавки
endocrinology_hypothyroidism_33_BGgpt.txt	medication	concept	3202	3220	хранителни добавки
endocrinology_hypothyroidism_33_BGgpt.txt	medication	concept	3232	3235	йод
endocrinology_hypothyroidism_33_BGgpt.txt	medication	concept	3479	3491	Левотироксин
endocrinology_hypothyroidism_33_BGgpt.txt	medication	concept	3599	3611	Левотироксин
endocrinology_hypothyroidism_34_BGgpt.txt	disease	concept	4	12	Епикриза
endocrinology_hypothyroidism_34_BGgpt.txt	disease	concept	253	277	Първичен хипотиреоидизъм
endocrinology_hypothyroidism_34_BGgpt.txt	symptom	concept	417	433	наднормено тегло
endocrinology_hypothyroidism_34_BGgpt.txt	disease	concept	458	463	запек
endocrinology_hypothyroidism_34_BGgpt.txt	disease	concept	945	969	първичен хипотиреоидизъм
endocrinology_hypothyroidism_34_BGgpt.txt	disease	concept	1192	1216	първичен хипотиреоидизъм
endocrinology_hypothyroidism_34_BGgpt.txt	medication	concept	1291	1303	левотироксин
endocrinology_hypothyroidism_34_BGgpt.txt	disease	concept	1383	1402	ърдечни заболявания
endocrinology_hypothyroidism_34_BGgpt.txt	procedure	concept	1703	1711	диетични
endocrinology_hypothyroidism_34_BGgpt.txt	disease	concept	1757	1773	хиперлипидемията
endocrinology_hypothyroidism_34_BGgpt.txt	disease	concept	1799	1814	хипотиреоидизма
endocrinology_hypothyroidism_34_BGgpt.txt	medication	concept	1852	1864	Левотироксин
endocrinology_hypothyroidism_34_BGgpt.txt	medication	concept	2139	2151	Левотироксин
endocrinology_hypothyroidism_34_BGgpt.txt	medication	concept	2266	2278	левотироксин
endocrinology_hypothyroidism_34_BGgpt.txt	disease	concept	2327	2343	хипертиреоидизъм
endocrinology_hypothyroidism_34_BGgpt.txt	symptom	concept	2351	2361	сърцебиене
endocrinology_hypothyroidism_34_BGgpt.txt	symptom	concept	2363	2373	отслабване
endocrinology_hypothyroidism_34_BGgpt.txt	symptom	concept	2375	2381	тремор
endocrinology_hypothyroidism_34_BGgpt.txt	disease	concept	2824	2839	хипотиреоидизма
endocrinology_hypothyroidism_34_BGgpt.txt	medication	concept	2882	2894	левотироксин
endocrinology_hypothyroidism_35_BGgpt.txt	disease	concept	827	849	автоимунни заболявания
endocrinology_hypothyroidism_35_BGgpt.txt	symptom	concept	883	894	брадикардия
endocrinology_hypothyroidism_35_BGgpt.txt	disease	concept	1497	1512	хипотиреоидизъм
endocrinology_hypothyroidism_35_BGgpt.txt	medication	concept	1600	1612	Левотироксин
endocrinology_hypothyroidism_35_BGgpt.txt	disease	concept	1680	1699	сърдечно заболяване
endocrinology_hypothyroidism_35_BGgpt.txt	medication	concept	1827	1839	Левотироксин
endocrinology_hypothyroidism_35_BGgpt.txt	disease	concept	2085	2100	хипотиреоидизма
endocrinology_hypothyroidism_35_BGgpt.txt	medication	concept	2207	2219	Левотироксин
endocrinology_hypothyroidism_35_BGgpt.txt	medication	concept	2344	2362	хранителни добавки
endocrinology_hypothyroidism_35_BGgpt.txt	medication	concept	2410	2422	Левотироксин
endocrinology_hypothyroidism_35_BGgpt.txt	medication	concept	2625	2637	Левотироксин
endocrinology_hypothyroidism_35_BGgpt.txt	symptom	concept	2739	2749	сърцебиене
endocrinology_hypothyroidism_35_BGgpt.txt	symptom	concept	2751	2766	болка в гърдите
endocrinology_hypothyroidism_35_BGgpt.txt	symptom	concept	2782	2797	загуба на тегло
endocrinology_hypothyroidism_35_BGgpt.txt	medication	concept	2943	2946	йод
endocrinology_hypothyroidism_35_BGgpt.txt	disease	concept	2989	3004	микседемна кома
endocrinology_hypothyroidism_35_BGgpt.txt	symptom	concept	3083	3094	отпадналост
endocrinology_hypothyroidism_35_BGgpt.txt	symptom	concept	3112	3116	студ
endocrinology_hypothyroidism_35_BGgpt.txt	symptom	concept	3121	3131	обърканост
endocrinology_hypothyroidism_35_BGgpt.txt	medication	concept	3301	3313	Левотироксин
endocrinology_hypothyroidism_36_BGgpt.txt	symptom	concept	483	488	умора
endocrinology_hypothyroidism_36_BGgpt.txt	symptom	concept	512	532	студова непоносимост
endocrinology_hypothyroidism_36_BGgpt.txt	symptom	concept	535	540	запек
endocrinology_hypothyroidism_36_BGgpt.txt	symptom	concept	678	687	суха кожа
endocrinology_hypothyroidism_36_BGgpt.txt	symptom	concept	689	700	брадикардия
endocrinology_hypothyroidism_36_BGgpt.txt	disease	concept	820	835	хипотиреоидизъм
endocrinology_hypothyroidism_36_BGgpt.txt	disease	concept	1449	1473	първичен хипотиреоидизъм
endocrinology_hypothyroidism_36_BGgpt.txt	medication	concept	1596	1608	Левотироксин
endocrinology_hypothyroidism_36_BGgpt.txt	disease	concept	1680	1707	сърдечно-съдови заболявания
endocrinology_hypothyroidism_36_BGgpt.txt	symptom	concept	1810	1826	нежелани реакции
endocrinology_hypothyroidism_36_BGgpt.txt	medication	concept	1995	2007	Левотироксин
endocrinology_hypothyroidism_36_BGgpt.txt	medication	concept	2189	2195	калций
endocrinology_hypothyroidism_36_BGgpt.txt	medication	concept	2200	2206	желязо
endocrinology_hypothyroidism_36_BGgpt.txt	medication	concept	2551	2563	Левотироксин
endocrinology_hypothyroidism_36_BGgpt.txt	medication	concept	2826	2838	Левотироксин
endocrinology_hypothyroidism_36_BGgpt.txt	disease	concept	2916	2932	хипертиреоидизъм
endocrinology_hypothyroidism_36_BGgpt.txt	disease	concept	2944	2959	хипотиреоидизъм
endocrinology_hypothyroidism_36_BGgpt.txt	medication	concept	3138	3141	йод
endocrinology_hypothyroidism_36_BGgpt.txt	disease	concept	3269	3284	хипотиреоидизъм
endocrinology_hypothyroidism_36_BGgpt.txt	medication	concept	3301	3313	Левотироксин
endocrinology_hypothyroidism_36_BGgpt.txt	medication	concept	3809	3821	Левотироксин
endocrinology_hypothyroidism_36_BGgpt.txt	procedure	concept	3848	3857	терапията
endocrinology_hypothyroidism_37_BGgpt.txt	disease	concept	4	12	Епикриза
endocrinology_hypothyroidism_37_BGgpt.txt	disease	concept	407	422	хипотиреоидизъм
endocrinology_hypothyroidism_37_BGgpt.txt	symptom	concept	467	472	умора
endocrinology_hypothyroidism_37_BGgpt.txt	symptom	concept	513	517	студ
endocrinology_hypothyroidism_37_BGgpt.txt	symptom	concept	520	525	запек
endocrinology_hypothyroidism_37_BGgpt.txt	symptom	concept	695	700	умора
endocrinology_hypothyroidism_37_BGgpt.txt	symptom	concept	836	840	студ
endocrinology_hypothyroidism_37_BGgpt.txt	symptom	concept	843	848	запек
endocrinology_hypothyroidism_37_BGgpt.txt	procedure	concept	994	1008	хоспитализация
endocrinology_hypothyroidism_37_BGgpt.txt	symptom	concept	1151	1170	лекарствени алергии
endocrinology_hypothyroidism_37_BGgpt.txt	medication	concept	1241	1252	медикаменти
endocrinology_hypothyroidism_37_BGgpt.txt	symptom	concept	1463	1479	неболезнена гуша
endocrinology_hypothyroidism_37_BGgpt.txt	disease	concept	1502	1512	талмопатия
endocrinology_hypothyroidism_37_BGgpt.txt	disease	concept	1517	1527	дермопатия
endocrinology_hypothyroidism_37_BGgpt.txt	symptom	concept	1561	1571	Рефлексите
endocrinology_hypothyroidism_37_BGgpt.txt	disease	concept	2229	2253	първичен хипотиреоидизъм
endocrinology_hypothyroidism_37_BGgpt.txt	medication	concept	2307	2319	левотироксин
endocrinology_hypothyroidism_37_BGgpt.txt	disease	concept	2376	2395	сърдечно заболяване
endocrinology_hypothyroidism_37_BGgpt.txt	disease	concept	2595	2610	хипотиреоидизъм
endocrinology_hypothyroidism_37_BGgpt.txt	symptom	concept	2678	2694	нежелани реакции
endocrinology_hypothyroidism_37_BGgpt.txt	medication	concept	2739	2752	левотироксина
endocrinology_hypothyroidism_37_BGgpt.txt	medication	concept	2975	2987	левотироксин
endocrinology_hypothyroidism_37_BGgpt.txt	medication	concept	3320	3332	левотироксин
endocrinology_hypothyroidism_37_BGgpt.txt	symptom	concept	3445	3451	запека
endocrinology_hypothyroidism_37_BGgpt.txt	symptom	concept	3651	3661	сърцебиене
endocrinology_hypothyroidism_37_BGgpt.txt	symptom	concept	3663	3682	повишена тревожност
endocrinology_hypothyroidism_37_BGgpt.txt	symptom	concept	3684	3692	безсъние
endocrinology_hypothyroidism_37_BGgpt.txt	symptom	concept	3727	3747	влошаване на умората
endocrinology_hypothyroidism_37_BGgpt.txt	disease	concept	3891	3906	хипотиреоидизма
endocrinology_hypothyroidism_37_BGgpt.txt	medication	concept	3945	3957	левотироксин
endocrinology_hypothyroidism_37_BGgpt.txt	medication	concept	4040	4052	левотироксин
endocrinology_hypothyroidism_37_BGgpt.txt	procedure	concept	4065	4082	хирургична намеса
endocrinology_hypothyroidism_37_BGgpt.txt	disease	concept	4268	4283	хипотиреоидизма
endocrinology_hypothyroidism_37_BGgpt.txt	medication	concept	4320	4332	Левотироксин
endocrinology_hypothyroidism_37_BGgpt.txt	disease	concept	4578	4593	хипотиреоидизъм
endocrinology_hypothyroidism_38_BGgpt.txt	symptom	concept	425	430	умора
endocrinology_hypothyroidism_38_BGgpt.txt	symptom	concept	476	481	запек
endocrinology_hypothyroidism_38_BGgpt.txt	symptom	concept	803	812	суха кожа
endocrinology_hypothyroidism_38_BGgpt.txt	symptom	concept	814	825	брадикардия
endocrinology_hypothyroidism_38_BGgpt.txt	symptom	concept	837	855	ахилесови рефлекси
endocrinology_hypothyroidism_38_BGgpt.txt	medication	concept	1425	1437	Левотироксин
endocrinology_hypothyroidism_38_BGgpt.txt	disease	concept	1536	1555	сърдечно заболяване
endocrinology_hypothyroidism_38_BGgpt.txt	symptom	concept	1589	1614	хипотиреоидното състояние
endocrinology_hypothyroidism_38_BGgpt.txt	medication	concept	1713	1721	течности
endocrinology_hypothyroidism_38_BGgpt.txt	symptom	concept	1739	1745	запека
endocrinology_hypothyroidism_38_BGgpt.txt	medication	concept	2033	2045	Левотироксин
endocrinology_hypothyroidism_38_BGgpt.txt	symptom	concept	2052	2062	сърцебиене
endocrinology_hypothyroidism_38_BGgpt.txt	symptom	concept	2078	2088	изпотяване
endocrinology_hypothyroidism_38_BGgpt.txt	medication	concept	2329	2341	Левотироксин
endocrinology_hypothyroidism_38_BGgpt.txt	medication	concept	2525	2537	Левотироксин
endocrinology_hypothyroidism_38_BGgpt.txt	medication	concept	2689	2701	Левотироксин
endocrinology_hypothyroidism_38_BGgpt.txt	disease	concept	2940	2956	хипертиреоидизъм
endocrinology_hypothyroidism_38_BGgpt.txt	symptom	concept	2970	2980	сърцебиене
endocrinology_hypothyroidism_38_BGgpt.txt	symptom	concept	3006	3016	отслабване
endocrinology_hypothyroidism_38_BGgpt.txt	medication	concept	3225	3237	Левотироксин
endocrinology_hypothyroidism_38_BGgpt.txt	medication	concept	3344	3356	Левотироксин
endocrinology_hypothyroidism_38_BGgpt.txt	medication	concept	3503	3515	Левотироксин
endocrinology_hypothyroidism_39_BGgpt.txt	disease	concept	4	12	Епикриза
endocrinology_hypothyroidism_39_BGgpt.txt	disease	concept	310	334	Първичен хипотиреоидизъм
endocrinology_hypothyroidism_39_BGgpt.txt	symptom	concept	471	482	отпадналост
endocrinology_hypothyroidism_39_BGgpt.txt	symptom	concept	505	526	непоносимост към студ
endocrinology_hypothyroidism_39_BGgpt.txt	symptom	concept	602	611	суха кожа
endocrinology_hypothyroidism_39_BGgpt.txt	symptom	concept	613	624	брадикардия
endocrinology_hypothyroidism_39_BGgpt.txt	disease	concept	972	996	първичен хипотиреоидизъм
endocrinology_hypothyroidism_39_BGgpt.txt	medication	concept	1217	1229	левотироксин
endocrinology_hypothyroidism_39_BGgpt.txt	disease	concept	1287	1306	сърдечно заболяване
endocrinology_hypothyroidism_39_BGgpt.txt	symptom	concept	1578	1589	отпадналост
endocrinology_hypothyroidism_39_BGgpt.txt	symptom	concept	1625	1633	Анемията
endocrinology_hypothyroidism_39_BGgpt.txt	disease	concept	1696	1711	хипотиреоидизма
endocrinology_hypothyroidism_39_BGgpt.txt	disease	concept	1867	1889	автоимунни заболявания
endocrinology_hypothyroidism_39_BGgpt.txt	medication	concept	2059	2071	левотироксин
endocrinology_hypothyroidism_39_BGgpt.txt	symptom	concept	2129	2146	сърдечни симптоми
endocrinology_hypothyroidism_39_BGgpt.txt	medication	concept	2423	2435	Левотироксин
endocrinology_hypothyroidism_39_BGgpt.txt	medication	concept	2892	2904	левотироксин
endocrinology_hypothyroidism_39_BGgpt.txt	medication	concept	3303	3315	левотироксин
endocrinology_hypothyroidism_39_BGgpt.txt	disease	concept	3402	3418	хипертиреоидизъм
endocrinology_hypothyroidism_39_BGgpt.txt	symptom	concept	3426	3436	сърцебиене
endocrinology_hypothyroidism_39_BGgpt.txt	symptom	concept	3438	3453	загуба на тегло
endocrinology_hypothyroidism_39_BGgpt.txt	symptom	concept	3455	3461	тремор
endocrinology_hypothyroidism_39_BGgpt.txt	symptom	concept	3507	3528	постоянна отпадналост
endocrinology_hypothyroidism_39_BGgpt.txt	symptom	concept	3530	3548	наддаване на тегло
endocrinology_hypothyroidism_39_BGgpt.txt	procedure	concept	3570	3590	контролните прегледи
endocrinology_hypothyroidism_39_BGgpt.txt	procedure	concept	3640	3663	лабораторни изследвания
endocrinology_hypothyroidism_3_BGgpt.txt	disease	concept	262	286	Първичен хипотиреоидизъм
endocrinology_hypothyroidism_3_BGgpt.txt	symptom	concept	461	466	запек
endocrinology_hypothyroidism_3_BGgpt.txt	disease	concept	557	578	тиреоидит на Хашимото
endocrinology_hypothyroidism_3_BGgpt.txt	medication	concept	651	668	тиреоидни хормони
endocrinology_hypothyroidism_3_BGgpt.txt	symptom	concept	740	749	суха кожа
endocrinology_hypothyroidism_3_BGgpt.txt	symptom	concept	751	762	брадикардия
endocrinology_hypothyroidism_3_BGgpt.txt	symptom	concept	792	810	ахилесови рефлекси
endocrinology_hypothyroidism_3_BGgpt.txt	medication	concept	1337	1349	Левотироксин
endocrinology_hypothyroidism_3_BGgpt.txt	disease	concept	1468	1487	ърдечни заболявания
endocrinology_hypothyroidism_3_BGgpt.txt	medication	concept	1767	1779	левотироксин
endocrinology_hypothyroidism_3_BGgpt.txt	symptom	concept	1863	1885	студената непоносимост
endocrinology_hypothyroidism_3_BGgpt.txt	procedure	concept	1915	1946	Кардиоваскуларното проследяване
endocrinology_hypothyroidism_3_BGgpt.txt	symptom	concept	1957	1964	аритмии
endocrinology_hypothyroidism_3_BGgpt.txt	disease	concept	1982	2001	сърдечно заболяване
endocrinology_hypothyroidism_3_BGgpt.txt	medication	concept	2055	2067	левотироксин
endocrinology_hypothyroidism_3_BGgpt.txt	medication	concept	2325	2337	Левотироксин
endocrinology_hypothyroidism_3_BGgpt.txt	medication	concept	2703	2715	левотироксин
endocrinology_hypothyroidism_3_BGgpt.txt	medication	concept	2849	2861	Левотироксин
endocrinology_hypothyroidism_3_BGgpt.txt	medication	concept	3297	3309	левотироксин
endocrinology_hypothyroidism_3_BGgpt.txt	disease	concept	3749	3764	хипотиреоидизъм
endocrinology_hypothyroidism_40_BGgpt.txt	symptom	concept	403	414	отпадналост
endocrinology_hypothyroidism_40_BGgpt.txt	symptom	concept	453	457	студ
endocrinology_hypothyroidism_40_BGgpt.txt	symptom	concept	460	465	запек
endocrinology_hypothyroidism_40_BGgpt.txt	symptom	concept	589	600	отпадналост
endocrinology_hypothyroidism_40_BGgpt.txt	symptom	concept	707	711	студ
endocrinology_hypothyroidism_40_BGgpt.txt	symptom	concept	714	719	запек
endocrinology_hypothyroidism_40_BGgpt.txt	disease	concept	866	887	Артериална хипертония
endocrinology_hypothyroidism_40_BGgpt.txt	disease	concept	890	910	Захарен диабет тип 2
endocrinology_hypothyroidism_40_BGgpt.txt	medication	concept	938	947	Метформин
endocrinology_hypothyroidism_40_BGgpt.txt	medication	concept	973	983	Лизиноприл
endocrinology_hypothyroidism_40_BGgpt.txt	medication	concept	1940	1952	Левотироксин
endocrinology_hypothyroidism_40_BGgpt.txt	disease	concept	2024	2043	сърдечно заболяване
endocrinology_hypothyroidism_40_BGgpt.txt	symptom	concept	2101	2117	странични ефекти
endocrinology_hypothyroidism_40_BGgpt.txt	disease	concept	2299	2314	захарния диабет
endocrinology_hypothyroidism_40_BGgpt.txt	medication	concept	2564	2576	Левотироксин
endocrinology_hypothyroidism_40_BGgpt.txt	medication	concept	2631	2640	Метформин
endocrinology_hypothyroidism_40_BGgpt.txt	medication	concept	2667	2677	Лизиноприл
endocrinology_hypothyroidism_40_BGgpt.txt	medication	concept	2915	2927	Левотироксин
endocrinology_hypothyroidism_40_BGgpt.txt	disease	concept	3070	3076	диабет
endocrinology_hypothyroidism_40_BGgpt.txt	medication	concept	3120	3132	Левотироксин
endocrinology_hypothyroidism_40_BGgpt.txt	symptom	concept	3232	3242	сърцебиене
endocrinology_hypothyroidism_40_BGgpt.txt	symptom	concept	3244	3252	нервност
endocrinology_hypothyroidism_40_BGgpt.txt	symptom	concept	3254	3262	безсъние
endocrinology_hypothyroidism_40_BGgpt.txt	symptom	concept	3266	3274	недостиг
endocrinology_hypothyroidism_40_BGgpt.txt	symptom	concept	3282	3293	отпадналост
endocrinology_hypothyroidism_40_BGgpt.txt	medication	concept	3396	3408	Левотироксин
endocrinology_hypothyroidism_40_BGgpt.txt	symptom	concept	3503	3513	сърцебиене
endocrinology_hypothyroidism_40_BGgpt.txt	symptom	concept	3518	3523	задух
endocrinology_hypothyroidism_40_BGgpt.txt	disease	concept	3583	3598	хипотиреоидизъм
endocrinology_hypothyroidism_40_BGgpt.txt	medication	concept	3623	3635	Левотироксин
endocrinology_hypothyroidism_41_BGgpt.txt	symptom	concept	375	391	наднормено тегло
endocrinology_hypothyroidism_41_BGgpt.txt	symptom	concept	641	652	отпадналост
endocrinology_hypothyroidism_41_BGgpt.txt	symptom	concept	678	683	запек
endocrinology_hypothyroidism_41_BGgpt.txt	disease	concept	1683	1707	първичен хипотиреоидизъм
endocrinology_hypothyroidism_41_BGgpt.txt	medication	concept	1801	1813	левотироксин
endocrinology_hypothyroidism_41_BGgpt.txt	disease	concept	1867	1887	сърдечни заболявания
endocrinology_hypothyroidism_41_BGgpt.txt	medication	concept	2273	2285	Левотироксин
endocrinology_hypothyroidism_41_BGgpt.txt	medication	concept	2850	2863	левотироксина
endocrinology_hypothyroidism_41_BGgpt.txt	disease	concept	2925	2941	хипертиреоидизъм
endocrinology_hypothyroidism_41_BGgpt.txt	medication	concept	3083	3086	йод
endocrinology_hypothyroidism_41_BGgpt.txt	symptom	concept	3146	3156	сърцебиене
endocrinology_hypothyroidism_41_BGgpt.txt	symptom	concept	3158	3173	болка в гърдите
endocrinology_hypothyroidism_41_BGgpt.txt	symptom	concept	3178	3197	повишена тревожност
endocrinology_hypothyroidism_41_BGgpt.txt	medication	concept	3357	3370	левотироксина
endocrinology_hypothyroidism_41_BGgpt.txt	medication	concept	3496	3508	левотироксин
endocrinology_hypothyroidism_42_BGgpt.txt	symptom	concept	396	401	умора
endocrinology_hypothyroidism_42_BGgpt.txt	symptom	concept	544	549	умора
endocrinology_hypothyroidism_42_BGgpt.txt	symptom	concept	655	660	запек
endocrinology_hypothyroidism_42_BGgpt.txt	procedure	concept	1358	1373	Лечебно-диагнос
endocrinology_hypothyroidism_42_BGgpt.txt	medication	concept	1445	1457	левотироксин
endocrinology_hypothyroidism_42_BGgpt.txt	disease	concept	1543	1562	сърдечно заболяване
endocrinology_hypothyroidism_42_BGgpt.txt	medication	concept	2115	2127	Левотироксин
endocrinology_hypothyroidism_42_BGgpt.txt	procedure	concept	2269	2277	корекция
endocrinology_hypothyroidism_42_BGgpt.txt	medication	concept	2422	2434	левотироксин
endocrinology_hypothyroidism_42_BGgpt.txt	procedure	concept	2522	2539	кръвно изследване
endocrinology_hypothyroidism_42_BGgpt.txt	symptom	concept	2714	2724	сърцебиене
endocrinology_hypothyroidism_42_BGgpt.txt	symptom	concept	2726	2741	болка в гърдите
endocrinology_hypothyroidism_42_BGgpt.txt	symptom	concept	2746	2767	прекомерно изпотяване
endocrinology_hypothyroidism_42_BGgpt.txt	procedure	concept	2995	3016	медикаментозния режим
endocrinology_hypothyroidism_42_BGgpt.txt	disease	concept	3076	3092	хипертиреоидизъм
endocrinology_hypothyroidism_42_BGgpt.txt	disease	concept	3646	3665	микседематозна кома
endocrinology_hypothyroidism_43_BGgpt.txt	disease	concept	329	353	Първичен хипотиреоидизъм
endocrinology_hypothyroidism_43_BGgpt.txt	disease	concept	382	411	Нормоцитна-нормохромна анемия
endocrinology_hypothyroidism_43_BGgpt.txt	disease	concept	413	432	Хиперхолестеролемия
endocrinology_hypothyroidism_43_BGgpt.txt	symptom	concept	588	593	умора
endocrinology_hypothyroidism_43_BGgpt.txt	symptom	concept	616	637	непоносимост към студ
endocrinology_hypothyroidism_43_BGgpt.txt	symptom	concept	721	726	запек
endocrinology_hypothyroidism_43_BGgpt.txt	disease	concept	818	840	автоимунни заболявания
endocrinology_hypothyroidism_43_BGgpt.txt	disease	concept	1113	1137	първичен хипотиреоидизъм
endocrinology_hypothyroidism_43_BGgpt.txt	medication	concept	1519	1531	Левотироксин
endocrinology_hypothyroidism_43_BGgpt.txt	disease	concept	1598	1618	сърдечни заболявания
endocrinology_hypothyroidism_43_BGgpt.txt	medication	concept	1822	1834	левотироксин
endocrinology_hypothyroidism_43_BGgpt.txt	medication	concept	1884	1890	калций
endocrinology_hypothyroidism_43_BGgpt.txt	medication	concept	1895	1912	железни препарати
endocrinology_hypothyroidism_43_BGgpt.txt	symptom	concept	2131	2136	умора
endocrinology_hypothyroidism_43_BGgpt.txt	symptom	concept	2139	2160	непоносимост към студ
endocrinology_hypothyroidism_43_BGgpt.txt	symptom	concept	2297	2307	сърцебиене
endocrinology_hypothyroidism_43_BGgpt.txt	symptom	concept	2323	2333	изпотяване
endocrinology_hypothyroidism_43_BGgpt.txt	disease	concept	2438	2454	хипертиреоидизъм
endocrinology_hypothyroidism_43_BGgpt.txt	medication	concept	2505	2517	Левотироксин
endocrinology_hypothyroidism_43_BGgpt.txt	medication	concept	2652	2664	левотироксин
endocrinology_hypothyroidism_43_BGgpt.txt	disease	concept	2927	2941	лестеролемията
endocrinology_hypothyroidism_43_BGgpt.txt	disease	concept	2944	2952	анемията
endocrinology_hypothyroidism_43_BGgpt.txt	disease	concept	3236	3252	хипертиреоидизъм
endocrinology_hypothyroidism_43_BGgpt.txt	symptom	concept	3306	3321	сърдечния ритъм
endocrinology_hypothyroidism_43_BGgpt.txt	medication	concept	3439	3451	левотироксин
endocrinology_hypothyroidism_43_BGgpt.txt	procedure	concept	3454	3466	проследяване
endocrinology_hypothyroidism_43_BGgpt.txt	medication	concept	3556	3568	левотироксин
endocrinology_hypothyroidism_43_BGgpt.txt	disease	concept	3679	3694	хипотиреоидизма
endocrinology_hypothyroidism_43_BGgpt.txt	procedure	concept	3732	3744	проследяване
endocrinology_hypothyroidism_44_BGgpt.txt	disease	concept	215	239	Първичен хипотиреоидизъм
endocrinology_hypothyroidism_44_BGgpt.txt	symptom	concept	486	491	умора
endocrinology_hypothyroidism_44_BGgpt.txt	symptom	concept	662	673	брадикардия
endocrinology_hypothyroidism_44_BGgpt.txt	disease	concept	985	1009	първичен хипотиреоидизъм
endocrinology_hypothyroidism_44_BGgpt.txt	disease	concept	1299	1323	първичен хипотиреоидизъм
endocrinology_hypothyroidism_44_BGgpt.txt	medication	concept	1362	1374	левотироксин
endocrinology_hypothyroidism_44_BGgpt.txt	medication	concept	1418	1430	левотироксин
endocrinology_hypothyroidism_44_BGgpt.txt	disease	concept	1553	1572	сърдечно заболяване
endocrinology_hypothyroidism_44_BGgpt.txt	symptom	concept	1713	1718	умора
endocrinology_hypothyroidism_44_BGgpt.txt	symptom	concept	1740	1744	студ
endocrinology_hypothyroidism_44_BGgpt.txt	medication	concept	1781	1794	левотироксина
endocrinology_hypothyroidism_44_BGgpt.txt	medication	concept	1857	1869	левотироксин
endocrinology_hypothyroidism_44_BGgpt.txt	medication	concept	2078	2091	левотироксина
endocrinology_hypothyroidism_44_BGgpt.txt	disease	concept	2249	2265	хипертиреоидизъм
endocrinology_hypothyroidism_44_BGgpt.txt	symptom	concept	2272	2282	сърцебиене
endocrinology_hypothyroidism_44_BGgpt.txt	symptom	concept	2284	2294	отслабване
endocrinology_hypothyroidism_44_BGgpt.txt	symptom	concept	2308	2318	тревожност
endocrinology_hypothyroidism_44_BGgpt.txt	medication	concept	2405	2417	Левотироксин
endocrinology_hypothyroidism_44_BGgpt.txt	medication	concept	2615	2627	левотироксин
endocrinology_hypothyroidism_44_BGgpt.txt	medication	concept	2898	2909	медикамента
endocrinology_hypothyroidism_44_BGgpt.txt	medication	concept	3749	3761	левотироксин
endocrinology_hypothyroidism_45_BGgpt.txt	symptom	concept	422	427	умора
endocrinology_hypothyroidism_45_BGgpt.txt	procedure	concept	641	664	лабораторни изследвания
endocrinology_hypothyroidism_45_BGgpt.txt	medication	concept	1357	1369	Левотироксин
endocrinology_hypothyroidism_45_BGgpt.txt	medication	concept	1956	1968	Левотироксин
endocrinology_hypothyroidism_45_BGgpt.txt	medication	concept	2096	2108	Левотироксин
endocrinology_hypothyroidism_45_BGgpt.txt	medication	concept	2279	2291	Левотироксин
endocrinology_hypothyroidism_45_BGgpt.txt	disease	concept	2374	2389	хипотиреоидизма
endocrinology_hypothyroidism_45_BGgpt.txt	disease	concept	2401	2417	хипертиреоидизма
endocrinology_hypothyroidism_45_BGgpt.txt	medication	concept	2476	2488	Левотироксин
endocrinology_hypothyroidism_45_BGgpt.txt	medication	concept	2766	2778	Левотироксин
endocrinology_hypothyroidism_45_BGgpt.txt	medication	concept	2987	2999	Левотироксин
endocrinology_hypothyroidism_45_BGgpt.txt	medication	concept	3178	3190	Левотироксин
endocrinology_hypothyroidism_45_BGgpt.txt	symptom	concept	3378	3388	сърцебиене
endocrinology_hypothyroidism_45_BGgpt.txt	symptom	concept	3390	3403	неспокойствие
endocrinology_hypothyroidism_45_BGgpt.txt	symptom	concept	3591	3608	екстремна слабост
endocrinology_hypothyroidism_45_BGgpt.txt	symptom	concept	3613	3621	летаргия
endocrinology_hypothyroidism_45_BGgpt.txt	disease	concept	3660	3675	микседемна кома
endocrinology_hypothyroidism_45_BGgpt.txt	disease	concept	3708	3723	хипотиреоидизма
endocrinology_hypothyroidism_45_BGgpt.txt	medication	concept	3729	3740	Медикаменти
endocrinology_hypothyroidism_45_BGgpt.txt	medication	concept	3762	3774	Левотироксин
endocrinology_hypothyroidism_46_BGgpt.txt	symptom	concept	332	337	умора
endocrinology_hypothyroidism_46_BGgpt.txt	disease	concept	656	666	хипертония
endocrinology_hypothyroidism_46_BGgpt.txt	medication	concept	688	698	Лизиноприл
endocrinology_hypothyroidism_46_BGgpt.txt	procedure	concept	746	763	физикален преглед
endocrinology_hypothyroidism_46_BGgpt.txt	disease	concept	1605	1620	хипотиреоидизъм
endocrinology_hypothyroidism_46_BGgpt.txt	symptom	concept	1717	1724	исхемия
endocrinology_hypothyroidism_46_BGgpt.txt	medication	concept	1890	1902	левотироксин
endocrinology_hypothyroidism_46_BGgpt.txt	disease	concept	2060	2080	сърдечни заболявания
endocrinology_hypothyroidism_46_BGgpt.txt	medication	concept	2135	2147	левотироксин
endocrinology_hypothyroidism_46_BGgpt.txt	medication	concept	2329	2341	Левотироксин
endocrinology_hypothyroidism_46_BGgpt.txt	medication	concept	2539	2549	Лизиноприл
endocrinology_hypothyroidism_46_BGgpt.txt	medication	concept	2858	2870	левотироксин
endocrinology_hypothyroidism_46_BGgpt.txt	disease	concept	3048	3063	хипотиреоидизма
endocrinology_hypothyroidism_46_BGgpt.txt	medication	concept	3357	3369	левотироксин
endocrinology_hypothyroidism_46_BGgpt.txt	disease	concept	3650	3665	хипотиреоидизъм
endocrinology_hypothyroidism_46_BGgpt.txt	disease	concept	3670	3686	хипертиреоидизъм
endocrinology_hypothyroidism_46_BGgpt.txt	symptom	concept	3713	3720	умората
endocrinology_hypothyroidism_46_BGgpt.txt	symptom	concept	3741	3751	сърцебиене
endocrinology_hypothyroidism_46_BGgpt.txt	disease	concept	3885	3904	микседематозна кома
endocrinology_hypothyroidism_47_BGgpt.txt	disease	concept	4	12	Епикриза
endocrinology_hypothyroidism_47_BGgpt.txt	symptom	concept	349	354	умора
endocrinology_hypothyroidism_47_BGgpt.txt	symptom	concept	466	471	запек
endocrinology_hypothyroidism_47_BGgpt.txt	disease	concept	1202	1226	първичен хипотиреоидизъм
endocrinology_hypothyroidism_47_BGgpt.txt	disease	concept	1421	1441	първичен хипотиреоид
endocrinology_hypothyroidism_47_BGgpt.txt	medication	concept	1469	1481	Левотироксин
endocrinology_hypothyroidism_47_BGgpt.txt	disease	concept	1731	1752	артериална хипертония
endocrinology_hypothyroidism_47_BGgpt.txt	medication	concept	1860	1872	Левотироксин
endocrinology_hypothyroidism_47_BGgpt.txt	medication	concept	1927	1937	Лизиноприл
endocrinology_hypothyroidism_47_BGgpt.txt	disease	concept	1972	1993	артериална хипертония
endocrinology_hypothyroidism_47_BGgpt.txt	medication	concept	2214	2227	левотироксина
endocrinology_hypothyroidism_47_BGgpt.txt	symptom	concept	2316	2326	сърцебиене
endocrinology_hypothyroidism_47_BGgpt.txt	symptom	concept	2328	2343	болка в гърдите
endocrinology_hypothyroidism_47_BGgpt.txt	symptom	concept	2359	2374	загуба на тегло
endocrinology_hypothyroidism_47_BGgpt.txt	medication	concept	2496	2508	левотироксин
endocrinology_hypothyroidism_47_BGgpt.txt	disease	concept	2643	2658	хипотиреоидизъм
endocrinology_hypothyroidism_47_BGgpt.txt	symptom	concept	3024	3029	умора
endocrinology_hypothyroidism_47_BGgpt.txt	symptom	concept	3032	3053	непоносимост към студ
endocrinology_hypothyroidism_48_BGgpt.txt	disease	concept	303	327	Първичен хипотиреоидизъм
endocrinology_hypothyroidism_48_BGgpt.txt	symptom	concept	477	482	умора
endocrinology_hypothyroidism_48_BGgpt.txt	symptom	concept	484	502	наддаване на тегло
endocrinology_hypothyroidism_48_BGgpt.txt	medication	concept	722	733	медикаменти
endocrinology_hypothyroidism_48_BGgpt.txt	symptom	concept	880	891	брадикардия
endocrinology_hypothyroidism_48_BGgpt.txt	disease	concept	1283	1307	първичен хипотиреоидизъм
endocrinology_hypothyroidism_48_BGgpt.txt	disease	concept	1527	1542	хипотиреоидизма
endocrinology_hypothyroidism_48_BGgpt.txt	disease	concept	1702	1717	хипотиреоидизъм
endocrinology_hypothyroidism_48_BGgpt.txt	medication	concept	1741	1753	левотироксин
endocrinology_hypothyroidism_48_BGgpt.txt	disease	concept	1810	1829	сърдечно заболяване
endocrinology_hypothyroidism_48_BGgpt.txt	symptom	concept	2105	2110	умора
endocrinology_hypothyroidism_48_BGgpt.txt	symptom	concept	2185	2213	нежелани лекарствени реакции
endocrinology_hypothyroidism_48_BGgpt.txt	medication	concept	2457	2469	левотироксин
endocrinology_hypothyroidism_48_BGgpt.txt	medication	concept	2622	2634	левотироксин
endocrinology_hypothyroidism_48_BGgpt.txt	disease	concept	2827	2842	хипотиреоидизъм
endocrinology_hypothyroidism_48_BGgpt.txt	disease	concept	2854	2870	хипертиреоидизъм
endocrinology_hypothyroidism_48_BGgpt.txt	medication	concept	2959	2971	левотироксин
endocrinology_hypothyroidism_48_BGgpt.txt	symptom	concept	3254	3264	сърцебиене
endocrinology_hypothyroidism_48_BGgpt.txt	symptom	concept	3266	3276	изпотяване
endocrinology_hypothyroidism_48_BGgpt.txt	symptom	concept	3326	3331	умора
endocrinology_hypothyroidism_48_BGgpt.txt	symptom	concept	3333	3351	наддаване на тегло
endocrinology_hypothyroidism_48_BGgpt.txt	medication	concept	3600	3612	левотироксин
endocrinology_hypothyroidism_48_BGgpt.txt	symptom	concept	3695	3706	метаболизъм
endocrinology_hypothyroidism_48_BGgpt.txt	medication	concept	3827	3839	левотироксин
endocrinology_hypothyroidism_49_BGgpt.txt	disease	concept	4	12	Епикриза
endocrinology_hypothyroidism_49_BGgpt.txt	disease	concept	247	271	Първичен хипотиреоидизъм
endocrinology_hypothyroidism_49_BGgpt.txt	symptom	concept	517	526	суха кожа
endocrinology_hypothyroidism_49_BGgpt.txt	symptom	concept	528	539	брадикардия
endocrinology_hypothyroidism_49_BGgpt.txt	disease	concept	876	898	автоимунни заболявания
endocrinology_hypothyroidism_49_BGgpt.txt	disease	concept	1185	1209	първичен хипотиреоидизъм
endocrinology_hypothyroidism_49_BGgpt.txt	medication	concept	1559	1571	левотироксин
endocrinology_hypothyroidism_49_BGgpt.txt	disease	concept	1680	1700	сърдечни заболявания
endocrinology_hypothyroidism_49_BGgpt.txt	symptom	concept	2047	2058	отпадналост
endocrinology_hypothyroidism_49_BGgpt.txt	medication	concept	2163	2175	левотироксин
endocrinology_hypothyroidism_49_BGgpt.txt	medication	concept	2369	2381	левотироксин
endocrinology_hypothyroidism_49_BGgpt.txt	medication	concept	2655	2667	левотироксин
endocrinology_hypothyroidism_49_BGgpt.txt	symptom	concept	2791	2802	отпадналост
endocrinology_hypothyroidism_49_BGgpt.txt	medication	concept	2971	2979	тироксин
endocrinology_hypothyroidism_49_BGgpt.txt	symptom	concept	3072	3092	кръвното си налягане
endocrinology_hypothyroidism_49_BGgpt.txt	medication	concept	3183	3191	калциеви
endocrinology_hypothyroidism_49_BGgpt.txt	medication	concept	3194	3209	железни добавки
endocrinology_hypothyroidism_49_BGgpt.txt	medication	concept	3248	3260	левотироксин
endocrinology_hypothyroidism_49_BGgpt.txt	medication	concept	3609	3621	левотироксин
endocrinology_hypothyroidism_49_BGgpt.txt	disease	concept	3790	3809	микседематозна кома
endocrinology_hypothyroidism_49_BGgpt.txt	symptom	concept	3829	3840	отпадналост
endocrinology_hypothyroidism_49_BGgpt.txt	symptom	concept	3842	3852	хипотермия
endocrinology_hypothyroidism_49_BGgpt.txt	symptom	concept	3857	3870	неадекватност
endocrinology_hypothyroidism_49_BGgpt.txt	medication	concept	4005	4017	левотироксин
endocrinology_hypothyroidism_4_BGgpt.txt	symptom	concept	437	442	умора
endocrinology_hypothyroidism_4_BGgpt.txt	symptom	concept	444	462	наддаване на тегло
endocrinology_hypothyroidism_4_BGgpt.txt	symptom	concept	465	485	студова непоносимост
endocrinology_hypothyroidism_4_BGgpt.txt	disease	concept	1154	1178	първичен хипотиреоидизъм
endocrinology_hypothyroidism_4_BGgpt.txt	medication	concept	1235	1247	левотироксин
endocrinology_hypothyroidism_4_BGgpt.txt	medication	concept	1515	1527	левотироксин
endocrinology_hypothyroidism_4_BGgpt.txt	symptom	concept	1655	1660	умора
endocrinology_hypothyroidism_4_BGgpt.txt	symptom	concept	1663	1683	студова непоносимост
endocrinology_hypothyroidism_4_BGgpt.txt	medication	concept	1762	1774	левотироксин
endocrinology_hypothyroidism_4_BGgpt.txt	medication	concept	2011	2023	левотироксин
endocrinology_hypothyroidism_4_BGgpt.txt	medication	concept	2175	2187	левотироксин
endocrinology_hypothyroidism_4_BGgpt.txt	symptom	concept	2290	2298	безсъние
endocrinology_hypothyroidism_4_BGgpt.txt	symptom	concept	2300	2310	сърцебиене
endocrinology_hypothyroidism_4_BGgpt.txt	symptom	concept	2312	2327	загуба на тегло
endocrinology_hypothyroidism_4_BGgpt.txt	disease	concept	2364	2379	хипотиреоидизъм
endocrinology_hypothyroidism_4_BGgpt.txt	symptom	concept	2381	2386	умора
endocrinology_hypothyroidism_4_BGgpt.txt	symptom	concept	2388	2406	наддаване на тегло
endocrinology_hypothyroidism_4_BGgpt.txt	medication	concept	2687	2699	Левотироксин
endocrinology_hypothyroidism_4_BGgpt.txt	medication	concept	3098	3109	медикаменти
endocrinology_hypothyroidism_4_BGgpt.txt	medication	concept	3187	3199	левотироксин
endocrinology_hypothyroidism_4_BGgpt.txt	medication	concept	3292	3361	левотироксин с други медикаменти и хранителни добавки, особено калций
endocrinology_hypothyroidism_4_BGgpt.txt	medication	concept	3364	3379	железни добавки
endocrinology_hypothyroidism_4_BGgpt.txt	disease	concept	3452	3467	щитовидна жлеза
endocrinology_hypothyroidism_4_BGgpt.txt	disease	concept	3578	3597	микседематозна кома
endocrinology_hypothyroidism_4_BGgpt.txt	symptom	concept	3613	3618	умора
endocrinology_hypothyroidism_4_BGgpt.txt	symptom	concept	3620	3640	студова непоносимост
endocrinology_hypothyroidism_4_BGgpt.txt	symptom	concept	3642	3652	обърканост
endocrinology_hypothyroidism_4_BGgpt.txt	symptom	concept	3657	3668	безсъзнание
endocrinology_hypothyroidism_4_BGgpt.txt	medication	concept	3878	3891	медикаментите
endocrinology_hypothyroidism_4_BGgpt.txt	disease	concept	3931	3955	първичен хипотиреоидизъм
endocrinology_hypothyroidism_5_BGgpt.txt	symptom	concept	354	359	умора
endocrinology_hypothyroidism_5_BGgpt.txt	symptom	concept	361	372	напълняване
endocrinology_hypothyroidism_5_BGgpt.txt	symptom	concept	398	403	запек
endocrinology_hypothyroidism_5_BGgpt.txt	disease	concept	624	644	Захарен диабет тип 2
endocrinology_hypothyroidism_5_BGgpt.txt	medication	concept	660	669	метформин
endocrinology_hypothyroidism_5_BGgpt.txt	disease	concept	697	718	Артериална хипертония
endocrinology_hypothyroidism_5_BGgpt.txt	medication	concept	735	745	лизиноприл
endocrinology_hypothyroidism_5_BGgpt.txt	disease	concept	1360	1384	първичен хипотиреоидизъм
endocrinology_hypothyroidism_5_BGgpt.txt	medication	concept	1476	1488	левотироксин
endocrinology_hypothyroidism_5_BGgpt.txt	disease	concept	1581	1600	сърдечно заболяване
endocrinology_hypothyroidism_5_BGgpt.txt	disease	concept	1652	1667	хипотиреоидизъм
endocrinology_hypothyroidism_5_BGgpt.txt	medication	concept	1669	1678	Метформин
endocrinology_hypothyroidism_5_BGgpt.txt	medication	concept	1681	1691	лизиноприл
endocrinology_hypothyroidism_5_BGgpt.txt	medication	concept	1968	1980	левотироксин
endocrinology_hypothyroidism_5_BGgpt.txt	medication	concept	2171	2183	левотироксин
endocrinology_hypothyroidism_5_BGgpt.txt	medication	concept	2334	2346	левотироксин
endocrinology_hypothyroidism_5_BGgpt.txt	medication	concept	2635	2644	метформин
endocrinology_hypothyroidism_5_BGgpt.txt	medication	concept	2647	2657	лизиноприл
endocrinology_hypothyroidism_5_BGgpt.txt	symptom	concept	2837	2852	болка в гърдите
endocrinology_hypothyroidism_5_BGgpt.txt	symptom	concept	2862	2866	пулс
endocrinology_hypothyroidism_5_BGgpt.txt	symptom	concept	2871	2881	сърцебиене
endocrinology_hypothyroidism_5_BGgpt.txt	disease	concept	3054	3069	хипотиреоидизма
endocrinology_hypothyroidism_5_BGgpt.txt	medication	concept	3225	3237	левотироксин
endocrinology_hypothyroidism_6_BGgpt.txt	symptom	concept	351	356	запек
endocrinology_hypothyroidism_6_BGgpt.txt	symptom	concept	359	379	студова непоносимост
endocrinology_hypothyroidism_6_BGgpt.txt	disease	concept	888	912	първичен хипотиреоидизъм
endocrinology_hypothyroidism_6_BGgpt.txt	medication	concept	1003	1015	Левотироксин
endocrinology_hypothyroidism_6_BGgpt.txt	disease	concept	1174	1193	сърдечно заболяване
endocrinology_hypothyroidism_6_BGgpt.txt	medication	concept	1587	1599	Левотироксин
endocrinology_hypothyroidism_6_BGgpt.txt	symptom	concept	1804	1813	изхождане
endocrinology_hypothyroidism_6_BGgpt.txt	symptom	concept	1879	1899	студова непоносимост
endocrinology_hypothyroidism_6_BGgpt.txt	medication	concept	2024	2036	Левотироксин
endocrinology_hypothyroidism_6_BGgpt.txt	medication	concept	2239	2251	Левотироксин
endocrinology_hypothyroidism_6_BGgpt.txt	medication	concept	2335	2347	Левотироксин
endocrinology_hypothyroidism_6_BGgpt.txt	medication	concept	2877	2889	Левотироксин
endocrinology_hypothyroidism_6_BGgpt.txt	disease	concept	3354	3370	хипертиреоидизъм
endocrinology_hypothyroidism_6_BGgpt.txt	medication	concept	3445	3457	Левотироксин
endocrinology_hypothyroidism_6_BGgpt.txt	symptom	concept	3529	3544	болка в гърдите
endocrinology_hypothyroidism_6_BGgpt.txt	symptom	concept	3546	3556	сърцебиене
endocrinology_hypothyroidism_6_BGgpt.txt	symptom	concept	3561	3566	задух
endocrinology_hypothyroidism_6_BGgpt.txt	disease	concept	3646	3661	хипотиреоидизъм
endocrinology_hypothyroidism_6_BGgpt.txt	medication	concept	3808	3820	Левотироксин
endocrinology_hypothyroidism_7_BGgpt.txt	symptom	concept	390	404	хронична умора
endocrinology_hypothyroidism_7_BGgpt.txt	symptom	concept	444	448	студ
endocrinology_hypothyroidism_7_BGgpt.txt	medication	concept	1279	1291	левотироксин
endocrinology_hypothyroidism_7_BGgpt.txt	disease	concept	1408	1427	сърдечно заболяване
endocrinology_hypothyroidism_7_BGgpt.txt	medication	concept	1654	1667	левотироксина
endocrinology_hypothyroidism_7_BGgpt.txt	medication	concept	1867	1879	левотироксин
endocrinology_hypothyroidism_7_BGgpt.txt	symptom	concept	2069	2081	учестен пулс
endocrinology_hypothyroidism_7_BGgpt.txt	symptom	concept	2083	2093	сърцебиене
endocrinology_hypothyroidism_7_BGgpt.txt	symptom	concept	2098	2113	болка в гърдите
endocrinology_hypothyroidism_7_BGgpt.txt	medication	concept	2154	2166	левотироксин
endocrinology_hypothyroidism_7_BGgpt.txt	medication	concept	2244	2256	левотироксин
endocrinology_hypothyroidism_7_BGgpt.txt	disease	concept	2604	2619	хипотиреоидизъм
endocrinology_hypothyroidism_7_BGgpt.txt	medication	concept	2891	2903	левотироксин
endocrinology_hypothyroidism_7_BGgpt.txt	symptom	concept	3091	3101	сърцебиене
endocrinology_hypothyroidism_7_BGgpt.txt	symptom	concept	3103	3115	неспокойство
endocrinology_hypothyroidism_7_BGgpt.txt	medication	concept	3245	3258	левотироксина
endocrinology_hypothyroidism_7_BGgpt.txt	medication	concept	3301	3313	левотироксин
endocrinology_hypothyroidism_7_BGgpt.txt	procedure	concept	3316	3328	проследяване
endocrinology_hypothyroidism_7_BGgpt.txt	disease	concept	3345	3369	първичен хипотиреоидизъм
endocrinology_hypothyroidism_8_BGgpt.txt	symptom	concept	485	496	отпадналост
endocrinology_hypothyroidism_8_BGgpt.txt	symptom	concept	498	516	наддаване на тегло
endocrinology_hypothyroidism_8_BGgpt.txt	symptom	concept	518	539	непоносимост към студ
endocrinology_hypothyroidism_8_BGgpt.txt	symptom	concept	542	547	запек
endocrinology_hypothyroidism_8_BGgpt.txt	symptom	concept	802	811	суха кожа
endocrinology_hypothyroidism_8_BGgpt.txt	symptom	concept	813	824	брадикардия
endocrinology_hypothyroidism_8_BGgpt.txt	disease	concept	1096	1120	първичен хипотиреоидизъм
endocrinology_hypothyroidism_8_BGgpt.txt	medication	concept	1407	1419	левотироксин
endocrinology_hypothyroidism_8_BGgpt.txt	disease	concept	1528	1548	сърдечни заболявания
endocrinology_hypothyroidism_8_BGgpt.txt	medication	concept	1764	1776	левотироксин
endocrinology_hypothyroidism_8_BGgpt.txt	disease	concept	2037	2052	хипотиреоидизма
endocrinology_hypothyroidism_8_BGgpt.txt	disease	concept	2064	2080	хипертиреоидизма
endocrinology_hypothyroidism_8_BGgpt.txt	medication	concept	2143	2155	левотироксин
endocrinology_hypothyroidism_8_BGgpt.txt	medication	concept	2188	2200	Левотироксин
endocrinology_hypothyroidism_8_BGgpt.txt	medication	concept	2476	2488	левотироксин
endocrinology_hypothyroidism_8_BGgpt.txt	symptom	concept	2582	2592	сърцебиене
endocrinology_hypothyroidism_8_BGgpt.txt	symptom	concept	2594	2606	гръдна болка
endocrinology_hypothyroidism_8_BGgpt.txt	medication	concept	2736	2748	левотироксин
endocrinology_hypothyroidism_8_BGgpt.txt	disease	concept	2976	2991	хипотиреоидизъм
endocrinology_hypothyroidism_8_BGgpt.txt	symptom	concept	3074	3084	сърцебиене
endocrinology_hypothyroidism_8_BGgpt.txt	symptom	concept	3086	3107	прекомерно изпотяване
endocrinology_hypothyroidism_8_BGgpt.txt	medication	concept	3450	3462	левотироксин
endocrinology_hypothyroidism_8_BGgpt.txt	disease	concept	3584	3599	хипотиреоидизъм
endocrinology_hypothyroidism_8_BGgpt.txt	medication	concept	3648	3660	левотироксин
endocrinology_hypothyroidism_9_BGgpt.txt	symptom	concept	325	330	умора
endocrinology_hypothyroidism_9_BGgpt.txt	symptom	concept	442	447	умора
endocrinology_hypothyroidism_9_BGgpt.txt	symptom	concept	474	481	теглото
endocrinology_hypothyroidism_9_BGgpt.txt	disease	concept	774	784	Хипертония
endocrinology_hypothyroidism_9_BGgpt.txt	medication	concept	1612	1624	левотироксин
endocrinology_hypothyroidism_9_BGgpt.txt	symptom	concept	2054	2070	странични ефекти
endocrinology_hypothyroidism_9_BGgpt.txt	medication	concept	2212	2225	левотироксина
endocrinology_hypothyroidism_9_BGgpt.txt	medication	concept	2261	2273	Левотироксин
endocrinology_hypothyroidism_9_BGgpt.txt	medication	concept	2389	2407	хранителни добавки
endocrinology_hypothyroidism_9_BGgpt.txt	medication	concept	2446	2458	левотироксин
endocrinology_hypothyroidism_9_BGgpt.txt	disease	concept	2491	2501	хипертония
endocrinology_hypothyroidism_9_BGgpt.txt	medication	concept	2725	2737	левотироксин
endocrinology_hypothyroidism_9_BGgpt.txt	disease	concept	2868	2883	хипотиреоидизъм
endocrinology_hypothyroidism_9_BGgpt.txt	disease	concept	2895	2911	хипертиреоидизъм
endocrinology_hypothyroidism_9_BGgpt.txt	medication	concept	3419	3431	левотироксин
endocrinology_hypothyroidism_9_BGgpt.txt	medication	concept	3681	3692	медикаменти
endocrinology_hypothyroidism_9_BGgpt.txt	symptom	concept	3875	3891	странични ефекти
endocrinology_hypothyroidism_9_BGgpt.txt	symptom	concept	3983	3993	сърцебиене
endocrinology_hypothyroidism_9_BGgpt.txt	symptom	concept	4004	4014	тревожност
endocrinology_type 1 diabetes_0_BGgpt.txt	disease	concept	338	358	Захарен диабет тип 1
endocrinology_type 1 diabetes_0_BGgpt.txt	disease	concept	851	871	Захарен диабет тип 1
endocrinology_type 1 diabetes_0_BGgpt.txt	procedure	concept	1125	1144	физическа активност
endocrinology_type 1 diabetes_0_BGgpt.txt	procedure	concept	1230	1248	инсулинова терапия
endocrinology_type 1 diabetes_0_BGgpt.txt	medication	concept	1275	1290	Инсулин детемир
endocrinology_type 1 diabetes_0_BGgpt.txt	medication	concept	1376	1390	Инсулин лизпро
endocrinology_type 1 diabetes_0_BGgpt.txt	disease	concept	1967	1974	диабета
endocrinology_type 1 diabetes_0_BGgpt.txt	disease	concept	2034	2040	диабет
endocrinology_type 1 diabetes_0_BGgpt.txt	disease	concept	2458	2478	периферна невропатия
endocrinology_type 1 diabetes_0_BGgpt.txt	disease	concept	2810	2816	диабет
endocrinology_type 1 diabetes_0_BGgpt.txt	disease	concept	2823	2847	Streptococcus pneumoniae
endocrinology_type 1 diabetes_0_BGgpt.txt	disease	concept	2849	2861	грипен вирус
endocrinology_type 1 diabetes_0_BGgpt.txt	disease	concept	2874	2882	варицела
endocrinology_type 1 diabetes_0_BGgpt.txt	disease	concept	2885	2895	SARS-CoV-2
endocrinology_type 1 diabetes_0_BGgpt.txt	medication	concept	2931	2946	Инсулин детемир
endocrinology_type 1 diabetes_0_BGgpt.txt	medication	concept	2993	3007	Инсулин лизпро
endocrinology_type 1 diabetes_0_BGgpt.txt	medication	concept	3113	3126	Мултивитамини
endocrinology_type 1 diabetes_0_BGgpt.txt	disease	concept	3322	3329	диабета
endocrinology_type 1 diabetes_0_BGgpt.txt	disease	concept	3348	3353	HbA1C
endocrinology_type 1 diabetes_0_BGgpt.txt	disease	concept	3688	3695	диабета
endocrinology_type 1 diabetes_0_BGgpt.txt	disease	concept	3853	3873	Захарен диабет тип 1
endocrinology_type 1 diabetes_0_BGgpt.txt	medication	concept	3900	3907	инсулин
endocrinology_type 1 diabetes_0_BGgpt.txt	procedure	concept	4077	4097	инсулиновата терапия
endocrinology_type 1 diabetes_0_BGgpt.txt	disease	concept	4114	4126	хипогликемия
endocrinology_type 1 diabetes_0_BGgpt.txt	disease	concept	4129	4142	хипергликемия
endocrinology_type 1 diabetes_0_BGgpt.txt	procedure	concept	4410	4428	контролни прегледи
endocrinology_type 1 diabetes_0_BGgpt.txt	disease	concept	4539	4552	хипергликемия
endocrinology_type 1 diabetes_0_BGgpt.txt	procedure	concept	4653	4666	домашна грижа
endocrinology_type 1 diabetes_0_BGgpt.txt	disease	concept	4712	4732	Захарен диабет тип 1
endocrinology_type 1 diabetes_10_BGgpt.txt	symptom	concept	630	635	жажда
endocrinology_type 1 diabetes_10_BGgpt.txt	disease	concept	757	771	захарен диабет
endocrinology_type 1 diabetes_10_BGgpt.txt	disease	concept	999	1013	захарен диабет
endocrinology_type 1 diabetes_10_BGgpt.txt	disease	concept	1080	1100	Захарен диабет тип 1
endocrinology_type 1 diabetes_10_BGgpt.txt	disease	concept	1560	1568	ЗД тип 1
endocrinology_type 1 diabetes_10_BGgpt.txt	disease	concept	1618	1640	ендокринни заболявания
endocrinology_type 1 diabetes_10_BGgpt.txt	medication	concept	1875	1890	Болусен инсулин
endocrinology_type 1 diabetes_10_BGgpt.txt	medication	concept	1892	1898	Лиспро
endocrinology_type 1 diabetes_10_BGgpt.txt	disease	concept	2074	2081	диабета
endocrinology_type 1 diabetes_10_BGgpt.txt	disease	concept	2777	2797	диабетна ретинопатия
endocrinology_type 1 diabetes_10_BGgpt.txt	disease	concept	3133	3137	грип
endocrinology_type 1 diabetes_10_BGgpt.txt	disease	concept	3139	3149	пневмококи
endocrinology_type 1 diabetes_10_BGgpt.txt	disease	concept	3163	3173	SARS-CoV-2
endocrinology_type 1 diabetes_10_BGgpt.txt	disease	concept	3516	3522	диабет
endocrinology_type 1 diabetes_10_BGgpt.txt	disease	concept	3627	3635	ЗД тип 1
endocrinology_type 1 diabetes_10_BGgpt.txt	medication	concept	3671	3686	Инсулин гларгин
endocrinology_type 1 diabetes_10_BGgpt.txt	medication	concept	3723	3737	Инсулин лиспро
endocrinology_type 1 diabetes_10_BGgpt.txt	disease	concept	3852	3872	Захарен диабет тип 1
endocrinology_type 1 diabetes_10_BGgpt.txt	procedure	concept	4029	4037	обучение
endocrinology_type 1 diabetes_10_BGgpt.txt	procedure	concept	4047	4071	амбулаторно проследяване
endocrinology_type 1 diabetes_10_BGgpt.txt	disease	concept	4218	4225	диабета
endocrinology_type 1 diabetes_11_BGgpt.txt	disease	concept	397	405	полиурия
endocrinology_type 1 diabetes_11_BGgpt.txt	disease	concept	407	417	полидипсия
endocrinology_type 1 diabetes_11_BGgpt.txt	symptom	concept	530	546	замъглено зрение
endocrinology_type 1 diabetes_11_BGgpt.txt	disease	concept	613	627	захарен диабет
endocrinology_type 1 diabetes_11_BGgpt.txt	disease	concept	994	1008	захарен диабет
endocrinology_type 1 diabetes_11_BGgpt.txt	disease	concept	1435	1455	захарен диабет тип 1
endocrinology_type 1 diabetes_11_BGgpt.txt	medication	concept	1767	1782	Инсулин гларгин
endocrinology_type 1 diabetes_11_BGgpt.txt	medication	concept	1849	1863	Инсулин лизпро
endocrinology_type 1 diabetes_11_BGgpt.txt	medication	concept	1865	1872	Хумалог
endocrinology_type 1 diabetes_11_BGgpt.txt	disease	concept	2325	2331	диабет
endocrinology_type 1 diabetes_11_BGgpt.txt	medication	concept	2415	2422	инсулин
endocrinology_type 1 diabetes_11_BGgpt.txt	disease	concept	2450	2462	хипогликемия
endocrinology_type 1 diabetes_11_BGgpt.txt	disease	concept	2465	2478	хипергликемия
endocrinology_type 1 diabetes_11_BGgpt.txt	disease	concept	2697	2716	диабетни усложнения
endocrinology_type 1 diabetes_11_BGgpt.txt	disease	concept	2815	2835	диабетна ретинопатия
endocrinology_type 1 diabetes_11_BGgpt.txt	disease	concept	2935	2955	периферна невропатия
endocrinology_type 1 diabetes_11_BGgpt.txt	disease	concept	3283	3287	грип
endocrinology_type 1 diabetes_11_BGgpt.txt	disease	concept	3289	3310	пневмококова инфекция
endocrinology_type 1 diabetes_11_BGgpt.txt	disease	concept	3313	3322	хепатит B
endocrinology_type 1 diabetes_11_BGgpt.txt	disease	concept	3416	3426	SARS-CoV-2
endocrinology_type 1 diabetes_11_BGgpt.txt	medication	concept	3600	3615	Инсулин гларгин
endocrinology_type 1 diabetes_11_BGgpt.txt	medication	concept	3648	3662	Инсулин лизпро
endocrinology_type 1 diabetes_11_BGgpt.txt	medication	concept	3874	3888	Инсулин лизпро
endocrinology_type 1 diabetes_11_BGgpt.txt	disease	concept	4054	4066	хипогликемия
endocrinology_type 1 diabetes_11_BGgpt.txt	disease	concept	4283	4297	захарен диабет
endocrinology_type 1 diabetes_12_BGgpt.txt	disease	concept	254	274	Захарен диабет тип 1
endocrinology_type 1 diabetes_12_BGgpt.txt	disease	concept	464	472	полиурия
endocrinology_type 1 diabetes_12_BGgpt.txt	disease	concept	474	484	полидипсия
endocrinology_type 1 diabetes_12_BGgpt.txt	disease	concept	592	612	захарен диабет тип 1
endocrinology_type 1 diabetes_12_BGgpt.txt	disease	concept	1129	1149	захарен диабет тип 1
endocrinology_type 1 diabetes_12_BGgpt.txt	disease	concept	1272	1283	кетоацидоза
endocrinology_type 1 diabetes_12_BGgpt.txt	disease	concept	1624	1630	диабет
endocrinology_type 1 diabetes_12_BGgpt.txt	medication	concept	1674	1681	инсулин
endocrinology_type 1 diabetes_12_BGgpt.txt	disease	concept	2044	2056	хипогликемия
endocrinology_type 1 diabetes_12_BGgpt.txt	disease	concept	2059	2072	хипергликемия
endocrinology_type 1 diabetes_12_BGgpt.txt	disease	concept	2516	2528	грипен вирус
endocrinology_type 1 diabetes_12_BGgpt.txt	disease	concept	2541	2549	варицела
endocrinology_type 1 diabetes_12_BGgpt.txt	disease	concept	2552	2562	SARS-CoV-2
endocrinology_type 1 diabetes_12_BGgpt.txt	disease	concept	2640	2647	диабета
endocrinology_type 1 diabetes_12_BGgpt.txt	disease	concept	2907	2914	диабета
endocrinology_type 1 diabetes_12_BGgpt.txt	medication	concept	2935	2942	инсулин
endocrinology_type 1 diabetes_12_BGgpt.txt	medication	concept	3089	3104	Инсулин гларгин
endocrinology_type 1 diabetes_12_BGgpt.txt	medication	concept	3172	3186	Инсулин лиспро
endocrinology_type 1 diabetes_12_BGgpt.txt	medication	concept	3367	3374	инсулин
endocrinology_type 1 diabetes_12_BGgpt.txt	disease	concept	3641	3653	хипогликемия
endocrinology_type 1 diabetes_12_BGgpt.txt	disease	concept	3656	3669	хипергликемия
endocrinology_type 1 diabetes_12_BGgpt.txt	procedure	concept	3739	3757	контролни прегледи
endocrinology_type 1 diabetes_12_BGgpt.txt	procedure	concept	3760	3783	скринингови изследвания
endocrinology_type 1 diabetes_12_BGgpt.txt	disease	concept	3863	3877	захарен диабет
endocrinology_type 1 diabetes_12_BGgpt.txt	procedure	concept	3911	3935	диагностични изследвания
endocrinology_type 1 diabetes_12_BGgpt.txt	disease	concept	4036	4043	диабета
endocrinology_type 1 diabetes_12_BGgpt.txt	procedure	concept	4057	4062	диета
endocrinology_type 1 diabetes_13_BGgpt.txt	disease	concept	298	306	полиурия
endocrinology_type 1 diabetes_13_BGgpt.txt	disease	concept	308	318	полидипсия
endocrinology_type 1 diabetes_13_BGgpt.txt	procedure	concept	503	520	физикален преглед
endocrinology_type 1 diabetes_13_BGgpt.txt	symptom	concept	564	569	жажда
endocrinology_type 1 diabetes_13_BGgpt.txt	disease	concept	687	701	захарен диабет
endocrinology_type 1 diabetes_13_BGgpt.txt	disease	concept	1434	1454	захарен диабет тип 1
endocrinology_type 1 diabetes_13_BGgpt.txt	medication	concept	1688	1703	Инсулин гларгин
endocrinology_type 1 diabetes_13_BGgpt.txt	medication	concept	1765	1779	Инсулин лиспро
endocrinology_type 1 diabetes_13_BGgpt.txt	disease	concept	2126	2133	диабета
endocrinology_type 1 diabetes_13_BGgpt.txt	medication	concept	2407	2414	инсулин
endocrinology_type 1 diabetes_13_BGgpt.txt	medication	concept	2694	2709	Инсулин гларгин
endocrinology_type 1 diabetes_13_BGgpt.txt	medication	concept	2751	2765	Инсулин лиспро
endocrinology_type 1 diabetes_13_BGgpt.txt	medication	concept	3413	3420	инсулин
endocrinology_type 1 diabetes_13_BGgpt.txt	disease	concept	3769	3789	захарен диабет тип 1
endocrinology_type 1 diabetes_13_BGgpt.txt	medication	concept	3868	3875	инсулин
endocrinology_type 1 diabetes_13_BGgpt.txt	disease	concept	3970	3990	захарен диабет тип 1
endocrinology_type 1 diabetes_13_BGgpt.txt	procedure	concept	4072	4090	инсулинова терапия
endocrinology_type 1 diabetes_13_BGgpt.txt	procedure	concept	4215	4233	терапевтичния план
endocrinology_type 1 diabetes_14_BGgpt.txt	symptom	concept	409	418	уриниране
endocrinology_type 1 diabetes_14_BGgpt.txt	disease	concept	554	564	полидипсия
endocrinology_type 1 diabetes_14_BGgpt.txt	disease	concept	566	574	полиурия
endocrinology_type 1 diabetes_14_BGgpt.txt	disease	concept	577	586	полифагия
endocrinology_type 1 diabetes_14_BGgpt.txt	disease	concept	686	692	диабет
endocrinology_type 1 diabetes_14_BGgpt.txt	symptom	concept	1196	1209	органомегалия
endocrinology_type 1 diabetes_14_BGgpt.txt	disease	concept	1497	1509	диабет тип 1
endocrinology_type 1 diabetes_14_BGgpt.txt	disease	concept	1627	1636	кетонурия
endocrinology_type 1 diabetes_14_BGgpt.txt	disease	concept	1764	1784	захарен диабет тип 1
endocrinology_type 1 diabetes_14_BGgpt.txt	medication	concept	1949	1964	Инсулин гларгин
endocrinology_type 1 diabetes_14_BGgpt.txt	medication	concept	2027	2041	Инсулин лизпро
endocrinology_type 1 diabetes_14_BGgpt.txt	disease	concept	2180	2186	кетоза
endocrinology_type 1 diabetes_14_BGgpt.txt	disease	concept	2963	2983	периферна невропатия
endocrinology_type 1 diabetes_14_BGgpt.txt	medication	concept	3149	3164	Инсулин гларгин
endocrinology_type 1 diabetes_14_BGgpt.txt	medication	concept	3206	3220	Инсулин лизпро
endocrinology_type 1 diabetes_14_BGgpt.txt	medication	concept	3461	3475	инсулин лизпро
endocrinology_type 1 diabetes_14_BGgpt.txt	disease	concept	4060	4072	хипогликемия
endocrinology_type 1 diabetes_14_BGgpt.txt	symptom	concept	4074	4083	треперене
endocrinology_type 1 diabetes_14_BGgpt.txt	symptom	concept	4085	4095	изпотяване
endocrinology_type 1 diabetes_14_BGgpt.txt	symptom	concept	4097	4107	обърканост
endocrinology_type 1 diabetes_14_BGgpt.txt	procedure	concept	4319	4334	ктични прегледи
endocrinology_type 1 diabetes_14_BGgpt.txt	disease	concept	4338	4357	диабетни усложнения
endocrinology_type 1 diabetes_14_BGgpt.txt	disease	concept	4527	4547	захарен диабет тип 1
endocrinology_type 1 diabetes_15_BGgpt.txt	disease	concept	250	270	Захарен диабет тип 1
endocrinology_type 1 diabetes_15_BGgpt.txt	disease	concept	453	461	полиурия
endocrinology_type 1 diabetes_15_BGgpt.txt	disease	concept	684	704	Захарен диабет тип 1
endocrinology_type 1 diabetes_15_BGgpt.txt	medication	concept	1085	1092	Гларгин
endocrinology_type 1 diabetes_15_BGgpt.txt	medication	concept	1130	1144	Лиспро инсулин
endocrinology_type 1 diabetes_15_BGgpt.txt	disease	concept	1364	1376	хипогликемия
endocrinology_type 1 diabetes_15_BGgpt.txt	medication	concept	1419	1426	глюкоза
endocrinology_type 1 diabetes_15_BGgpt.txt	disease	concept	1476	1488	хипогликемия
endocrinology_type 1 diabetes_15_BGgpt.txt	medication	concept	1556	1573	глюкозни таблетки
endocrinology_type 1 diabetes_15_BGgpt.txt	medication	concept	1595	1602	инсулин
endocrinology_type 1 diabetes_15_BGgpt.txt	disease	concept	1643	1650	диабета
endocrinology_type 1 diabetes_15_BGgpt.txt	medication	concept	1717	1730	медикаментите
endocrinology_type 1 diabetes_15_BGgpt.txt	procedure	concept	1935	1954	физическа активност
endocrinology_type 1 diabetes_15_BGgpt.txt	disease	concept	2062	2074	хипогликемия
endocrinology_type 1 diabetes_15_BGgpt.txt	disease	concept	2230	2241	ретинопатия
endocrinology_type 1 diabetes_15_BGgpt.txt	medication	concept	2432	2447	Инсулин Гларгин
endocrinology_type 1 diabetes_15_BGgpt.txt	medication	concept	2493	2507	Инсулин Лиспро
endocrinology_type 1 diabetes_15_BGgpt.txt	medication	concept	2660	2677	глюкозни таблетки
endocrinology_type 1 diabetes_15_BGgpt.txt	disease	concept	2695	2707	хипогликемия
endocrinology_type 1 diabetes_15_BGgpt.txt	disease	concept	2976	2996	периферна невропатия
endocrinology_type 1 diabetes_15_BGgpt.txt	disease	concept	3080	3100	диабетна ретинопатия
endocrinology_type 1 diabetes_15_BGgpt.txt	disease	concept	3255	3279	Streptococcus pneumoniae
endocrinology_type 1 diabetes_15_BGgpt.txt	disease	concept	3281	3285	грип
endocrinology_type 1 diabetes_15_BGgpt.txt	disease	concept	3287	3296	хепатит B
endocrinology_type 1 diabetes_15_BGgpt.txt	disease	concept	3298	3306	варицела
endocrinology_type 1 diabetes_15_BGgpt.txt	disease	concept	3309	3319	SARS-CoV-2
endocrinology_type 1 diabetes_15_BGgpt.txt	disease	concept	3470	3490	Захарен диабет тип 1
endocrinology_type 1 diabetes_15_BGgpt.txt	disease	concept	3584	3596	хипогликемия
endocrinology_type 1 diabetes_15_BGgpt.txt	medication	concept	3842	3849	инсулин
endocrinology_type 1 diabetes_15_BGgpt.txt	medication	concept	4046	4053	инсулин
endocrinology_type 1 diabetes_15_BGgpt.txt	disease	concept	4254	4266	хипогликемия
endocrinology_type 1 diabetes_15_BGgpt.txt	disease	concept	4271	4282	кетоацидоза
endocrinology_type 1 diabetes_16_BGgpt.txt	disease	concept	260	280	Захарен диабет тип 1
endocrinology_type 1 diabetes_16_BGgpt.txt	disease	concept	457	465	полиурия
endocrinology_type 1 diabetes_16_BGgpt.txt	disease	concept	467	477	полидипсия
endocrinology_type 1 diabetes_16_BGgpt.txt	disease	concept	702	722	Захарен диабет тип 1
endocrinology_type 1 diabetes_16_BGgpt.txt	medication	concept	895	902	инсулин
endocrinology_type 1 diabetes_16_BGgpt.txt	disease	concept	978	993	хипергликемията
endocrinology_type 1 diabetes_16_BGgpt.txt	medication	concept	1041	1056	Инсулин Гларгин
endocrinology_type 1 diabetes_16_BGgpt.txt	medication	concept	1159	1173	Инсулин Лиспро
endocrinology_type 1 diabetes_16_BGgpt.txt	medication	concept	1343	1356	Мултивитамини
endocrinology_type 1 diabetes_16_BGgpt.txt	medication	concept	1630	1645	Инсулин Гларгин
endocrinology_type 1 diabetes_16_BGgpt.txt	medication	concept	1685	1699	Инсулин Лиспро
endocrinology_type 1 diabetes_16_BGgpt.txt	medication	concept	1842	1849	инсулин
endocrinology_type 1 diabetes_16_BGgpt.txt	medication	concept	2026	2033	инсулин
endocrinology_type 1 diabetes_16_BGgpt.txt	disease	concept	2160	2180	периферна невропатия
endocrinology_type 1 diabetes_16_BGgpt.txt	disease	concept	2476	2496	Захарен диабет тип 1
endocrinology_type 1 diabetes_16_BGgpt.txt	disease	concept	3085	3092	диабета
endocrinology_type 1 diabetes_16_BGgpt.txt	disease	concept	3236	3245	Подиатрия
endocrinology_type 1 diabetes_16_BGgpt.txt	medication	concept	3422	3439	хепатит B ваксина
endocrinology_type 1 diabetes_16_BGgpt.txt	disease	concept	3476	3482	диабет
endocrinology_type 1 diabetes_16_BGgpt.txt	disease	concept	3895	3899	хипо
endocrinology_type 1 diabetes_16_BGgpt.txt	disease	concept	3905	3918	хипергликемия
endocrinology_type 1 diabetes_16_BGgpt.txt	procedure	concept	3945	3958	домашни мерки
endocrinology_type 1 diabetes_16_BGgpt.txt	medication	concept	4007	4022	Инсулин Гларгин
endocrinology_type 1 diabetes_16_BGgpt.txt	medication	concept	4062	4076	Инсулин Лиспро
endocrinology_type 1 diabetes_16_BGgpt.txt	medication	concept	4078	4085	Humalog
endocrinology_type 1 diabetes_16_BGgpt.txt	medication	concept	4117	4130	Мултивитамини
endocrinology_type 1 diabetes_17_BGgpt.txt	disease	concept	246	266	Захарен диабет тип 1
endocrinology_type 1 diabetes_17_BGgpt.txt	symptom	concept	459	475	прекомерна жажда
endocrinology_type 1 diabetes_17_BGgpt.txt	disease	concept	849	880	новооткрит захарен диабет тип 1
endocrinology_type 1 diabetes_17_BGgpt.txt	procedure	concept	1040	1058	инсулинова терапия
endocrinology_type 1 diabetes_17_BGgpt.txt	procedure	concept	1078	1097	физическа активност
endocrinology_type 1 diabetes_17_BGgpt.txt	medication	concept	1187	1194	инсулин
endocrinology_type 1 diabetes_17_BGgpt.txt	medication	concept	1252	1259	инсулин
endocrinology_type 1 diabetes_17_BGgpt.txt	disease	concept	1581	1588	диабета
endocrinology_type 1 diabetes_17_BGgpt.txt	disease	concept	1705	1725	диабетна ретинопатия
endocrinology_type 1 diabetes_17_BGgpt.txt	medication	concept	1854	1867	АСЕ-инхибитор
endocrinology_type 1 diabetes_17_BGgpt.txt	medication	concept	1967	1992	липидопонижаващи средства
endocrinology_type 1 diabetes_17_BGgpt.txt	medication	concept	2085	2100	Инсулин гларгин
endocrinology_type 1 diabetes_17_BGgpt.txt	medication	concept	2141	2155	Инсулин лизпро
endocrinology_type 1 diabetes_17_BGgpt.txt	medication	concept	2204	2214	Лизиноприл
endocrinology_type 1 diabetes_17_BGgpt.txt	procedure	concept	2251	2265	нефропротекция
endocrinology_type 1 diabetes_17_BGgpt.txt	disease	concept	2675	2682	диабета
endocrinology_type 1 diabetes_17_BGgpt.txt	disease	concept	3237	3261	Streptococcus pneumoniae
endocrinology_type 1 diabetes_17_BGgpt.txt	disease	concept	3263	3276	вирус на грип
endocrinology_type 1 diabetes_17_BGgpt.txt	disease	concept	3289	3297	варицела
endocrinology_type 1 diabetes_17_BGgpt.txt	disease	concept	3300	3310	SARS-CoV-2
endocrinology_type 1 diabetes_17_BGgpt.txt	disease	concept	3373	3379	диабет
endocrinology_type 1 diabetes_17_BGgpt.txt	disease	concept	3487	3499	диабет тип 1
endocrinology_type 1 diabetes_18_BGgpt.txt	disease	concept	260	280	Захарен диабет тип 1
endocrinology_type 1 diabetes_18_BGgpt.txt	disease	concept	450	458	полиурия
endocrinology_type 1 diabetes_18_BGgpt.txt	disease	concept	460	470	полидипсия
endocrinology_type 1 diabetes_18_BGgpt.txt	disease	concept	963	983	захарен диабет тип 1
endocrinology_type 1 diabetes_18_BGgpt.txt	disease	concept	1008	1028	захарен диабет тип 1
endocrinology_type 1 diabetes_18_BGgpt.txt	medication	concept	1420	1434	Инсулин лизпро
endocrinology_type 1 diabetes_18_BGgpt.txt	disease	concept	1572	1585	хипергликемия
endocrinology_type 1 diabetes_18_BGgpt.txt	disease	concept	1629	1636	диабета
endocrinology_type 1 diabetes_18_BGgpt.txt	disease	concept	1784	1791	диабета
endocrinology_type 1 diabetes_18_BGgpt.txt	disease	concept	2104	2124	захарен диабет тип 1
endocrinology_type 1 diabetes_18_BGgpt.txt	disease	concept	2281	2292	ретинопатия
endocrinology_type 1 diabetes_18_BGgpt.txt	medication	concept	2493	2499	статин
endocrinology_type 1 diabetes_18_BGgpt.txt	disease	concept	2547	2551	грип
endocrinology_type 1 diabetes_18_BGgpt.txt	disease	concept	2553	2575	пневмококова пневмония
endocrinology_type 1 diabetes_18_BGgpt.txt	disease	concept	2577	2586	хепатит B
endocrinology_type 1 diabetes_18_BGgpt.txt	disease	concept	2622	2629	тетанус
endocrinology_type 1 diabetes_18_BGgpt.txt	disease	concept	2632	2640	COVID-19
endocrinology_type 1 diabetes_18_BGgpt.txt	medication	concept	2676	2683	Инсулин
endocrinology_type 1 diabetes_18_BGgpt.txt	medication	concept	2807	2819	Аторвастатин
endocrinology_type 1 diabetes_18_BGgpt.txt	disease	concept	3642	3649	диабета
endocrinology_type 1 diabetes_18_BGgpt.txt	medication	concept	3785	3792	инсулин
endocrinology_type 1 diabetes_18_BGgpt.txt	disease	concept	4229	4249	захарен диабет тип 1
endocrinology_type 1 diabetes_19_BGgpt.txt	symptom	concept	376	392	прекомерна жажда
endocrinology_type 1 diabetes_19_BGgpt.txt	disease	concept	575	585	полидипсия
endocrinology_type 1 diabetes_19_BGgpt.txt	disease	concept	587	595	полиурия
endocrinology_type 1 diabetes_19_BGgpt.txt	symptom	concept	736	741	умора
endocrinology_type 1 diabetes_19_BGgpt.txt	symptom	concept	744	760	замъглено зрение
endocrinology_type 1 diabetes_19_BGgpt.txt	disease	concept	823	837	захарен диабет
endocrinology_type 1 diabetes_19_BGgpt.txt	disease	concept	1217	1237	диабетна ретинопатия
endocrinology_type 1 diabetes_19_BGgpt.txt	disease	concept	1678	1698	Захарен диабет тип 1
endocrinology_type 1 diabetes_19_BGgpt.txt	disease	concept	1763	1783	Захарен диабет тип 1
endocrinology_type 1 diabetes_19_BGgpt.txt	disease	concept	2631	2643	хипогликемия
endocrinology_type 1 diabetes_19_BGgpt.txt	disease	concept	3078	3097	диабетни усложнения
endocrinology_type 1 diabetes_19_BGgpt.txt	disease	concept	3250	3262	пневмококова
endocrinology_type 1 diabetes_19_BGgpt.txt	medication	concept	3276	3292	COVID-19 ваксини
endocrinology_type 1 diabetes_19_BGgpt.txt	medication	concept	3678	3691	медикаментите
endocrinology_type 1 diabetes_19_BGgpt.txt	disease	concept	3732	3739	диабета
endocrinology_type 1 diabetes_19_BGgpt.txt	disease	concept	3871	3879	инфекция
endocrinology_type 1 diabetes_19_BGgpt.txt	disease	concept	4381	4401	Захарен диабет тип 1
endocrinology_type 1 diabetes_1_BGgpt.txt	disease	concept	289	309	Захарен диабет тип 1
endocrinology_type 1 diabetes_1_BGgpt.txt	symptom	concept	485	495	полодипсия
endocrinology_type 1 diabetes_1_BGgpt.txt	symptom	concept	585	601	нощно напикаване
endocrinology_type 1 diabetes_1_BGgpt.txt	disease	concept	953	973	Захарен диабет тип 1
endocrinology_type 1 diabetes_1_BGgpt.txt	procedure	concept	1186	1204	инсулинова терапия
endocrinology_type 1 diabetes_1_BGgpt.txt	disease	concept	1501	1507	диабет
endocrinology_type 1 diabetes_1_BGgpt.txt	medication	concept	1603	1610	инсулин
endocrinology_type 1 diabetes_1_BGgpt.txt	disease	concept	1711	1723	хипогликемия
endocrinology_type 1 diabetes_1_BGgpt.txt	disease	concept	1726	1739	хипергликемия
endocrinology_type 1 diabetes_1_BGgpt.txt	disease	concept	1764	1784	диабетна кетоацидоза
endocrinology_type 1 diabetes_1_BGgpt.txt	disease	concept	1786	1789	ДКА
endocrinology_type 1 diabetes_1_BGgpt.txt	procedure	concept	1934	1944	храненията
endocrinology_type 1 diabetes_1_BGgpt.txt	disease	concept	2170	2190	периферна невропатия
endocrinology_type 1 diabetes_1_BGgpt.txt	symptom	concept	2204	2218	кръвообращение
endocrinology_type 1 diabetes_1_BGgpt.txt	disease	concept	2406	2424	тежка хипогликемия
endocrinology_type 1 diabetes_1_BGgpt.txt	medication	concept	2625	2640	Инсулин гларгин
endocrinology_type 1 diabetes_1_BGgpt.txt	medication	concept	2675	2689	Инсулин лизпро
endocrinology_type 1 diabetes_1_BGgpt.txt	medication	concept	2751	2764	Мултивитамини
endocrinology_type 1 diabetes_1_BGgpt.txt	disease	concept	3074	3093	диабетни усложнения
endocrinology_type 1 diabetes_1_BGgpt.txt	disease	concept	3411	3423	хипогликемия
endocrinology_type 1 diabetes_1_BGgpt.txt	disease	concept	3667	3677	SARS-CoV-2
endocrinology_type 1 diabetes_1_BGgpt.txt	disease	concept	3769	3789	Захарен диабет тип 1
endocrinology_type 1 diabetes_1_BGgpt.txt	disease	concept	3943	3950	диабета
endocrinology_type 1 diabetes_20_BGgpt.txt	disease	concept	256	276	Захарен диабет тип 1
endocrinology_type 1 diabetes_20_BGgpt.txt	symptom	concept	460	469	уриниране
endocrinology_type 1 diabetes_20_BGgpt.txt	disease	concept	740	754	захарен диабет
endocrinology_type 1 diabetes_20_BGgpt.txt	disease	concept	1297	1317	Захарен диабет тип 1
endocrinology_type 1 diabetes_20_BGgpt.txt	procedure	concept	1599	1606	хранене
endocrinology_type 1 diabetes_20_BGgpt.txt	procedure	concept	1630	1642	мониториране
endocrinology_type 1 diabetes_20_BGgpt.txt	medication	concept	1751	1766	Инсулин гларгин
endocrinology_type 1 diabetes_20_BGgpt.txt	medication	concept	1834	1848	Инсулин лиспро
endocrinology_type 1 diabetes_20_BGgpt.txt	disease	concept	2585	2597	хипогликемия
endocrinology_type 1 diabetes_20_BGgpt.txt	procedure	concept	2640	2651	Самоконтрол
endocrinology_type 1 diabetes_20_BGgpt.txt	procedure	concept	2866	2889	офталмологични прегледи
endocrinology_type 1 diabetes_20_BGgpt.txt	disease	concept	3030	3034	грип
endocrinology_type 1 diabetes_20_BGgpt.txt	disease	concept	3036	3056	пневмококов менингит
endocrinology_type 1 diabetes_20_BGgpt.txt	disease	concept	3080	3088	COVID-19
endocrinology_type 1 diabetes_20_BGgpt.txt	disease	concept	3126	3140	захарен диабет
endocrinology_type 1 diabetes_20_BGgpt.txt	disease	concept	3204	3219	захарния диабет
endocrinology_type 1 diabetes_20_BGgpt.txt	medication	concept	3790	3805	Инсулин гларгин
endocrinology_type 1 diabetes_20_BGgpt.txt	medication	concept	3862	3876	Инсулин лиспро
endocrinology_type 1 diabetes_20_BGgpt.txt	medication	concept	3878	3885	Хумалог
endocrinology_type 1 diabetes_20_BGgpt.txt	disease	concept	4140	4160	Захарен диабет тип 1
endocrinology_type 1 diabetes_21_BGgpt.txt	disease	concept	277	297	Захарен диабет тип 1
endocrinology_type 1 diabetes_21_BGgpt.txt	disease	concept	498	506	полиурия
endocrinology_type 1 diabetes_21_BGgpt.txt	disease	concept	792	812	периферна невропатия
endocrinology_type 1 diabetes_21_BGgpt.txt	disease	concept	817	828	ретинопатия
endocrinology_type 1 diabetes_21_BGgpt.txt	disease	concept	1442	1462	захарен диабет тип 1
endocrinology_type 1 diabetes_21_BGgpt.txt	procedure	concept	1553	1571	инсулинова терапия
endocrinology_type 1 diabetes_21_BGgpt.txt	medication	concept	1707	1722	Инсулин гларгин
endocrinology_type 1 diabetes_21_BGgpt.txt	medication	concept	1789	1803	Инсулин лиспро
endocrinology_type 1 diabetes_21_BGgpt.txt	disease	concept	2158	2170	хипогликемия
endocrinology_type 1 diabetes_21_BGgpt.txt	disease	concept	2173	2186	хипергликемия
endocrinology_type 1 diabetes_21_BGgpt.txt	disease	concept	2426	2446	периферна невропатия
endocrinology_type 1 diabetes_21_BGgpt.txt	disease	concept	2780	2786	диабет
endocrinology_type 1 diabetes_21_BGgpt.txt	medication	concept	3062	3074	ваксинациите
endocrinology_type 1 diabetes_21_BGgpt.txt	medication	concept	3088	3101	противогрипна
endocrinology_type 1 diabetes_21_BGgpt.txt	medication	concept	3129	3136	ваксина
endocrinology_type 1 diabetes_21_BGgpt.txt	medication	concept	3227	3242	Инсулин гларгин
endocrinology_type 1 diabetes_21_BGgpt.txt	medication	concept	3287	3301	Инсулин лиспро
endocrinology_type 1 diabetes_21_BGgpt.txt	procedure	concept	3659	3679	инсулиновата терапия
endocrinology_type 1 diabetes_21_BGgpt.txt	disease	concept	3767	3777	невропатия
endocrinology_type 1 diabetes_21_BGgpt.txt	disease	concept	3779	3790	ретинопатия
endocrinology_type 1 diabetes_21_BGgpt.txt	disease	concept	3793	3803	нефропатия
endocrinology_type 1 diabetes_21_BGgpt.txt	disease	concept	3876	3896	захарен диабет тип 1
endocrinology_type 1 diabetes_21_BGgpt.txt	medication	concept	4471	4478	инсулин
endocrinology_type 1 diabetes_21_BGgpt.txt	procedure	concept	4815	4833	контролни прегледи
endocrinology_type 1 diabetes_22_BGgpt.txt	symptom	concept	498	507	уриниране
endocrinology_type 1 diabetes_22_BGgpt.txt	disease	concept	925	937	диабет тип 1
endocrinology_type 1 diabetes_22_BGgpt.txt	medication	concept	1643	1658	Инсулин гларгин
endocrinology_type 1 diabetes_22_BGgpt.txt	medication	concept	1905	1912	инсулин
endocrinology_type 1 diabetes_22_BGgpt.txt	disease	concept	1978	1990	хипогликемия
endocrinology_type 1 diabetes_22_BGgpt.txt	disease	concept	1993	2006	хипергликемия
endocrinology_type 1 diabetes_22_BGgpt.txt	medication	concept	2347	2354	инсулин
endocrinology_type 1 diabetes_22_BGgpt.txt	disease	concept	2422	2434	хипогликемия
endocrinology_type 1 diabetes_22_BGgpt.txt	medication	concept	2597	2604	глюкоза
endocrinology_type 1 diabetes_22_BGgpt.txt	disease	concept	2676	2688	хипогликемия
endocrinology_type 1 diabetes_22_BGgpt.txt	disease	concept	2856	2867	албуминурия
endocrinology_type 1 diabetes_22_BGgpt.txt	medication	concept	2963	2978	Инсулин гларгин
endocrinology_type 1 diabetes_22_BGgpt.txt	medication	concept	3029	3043	Инсулин лизпро
endocrinology_type 1 diabetes_22_BGgpt.txt	procedure	concept	3473	3481	корекции
endocrinology_type 1 diabetes_22_BGgpt.txt	disease	concept	3689	3699	невропатия
endocrinology_type 1 diabetes_22_BGgpt.txt	disease	concept	3701	3712	ретинопатия
endocrinology_type 1 diabetes_22_BGgpt.txt	disease	concept	3715	3725	нефропатия
endocrinology_type 1 diabetes_22_BGgpt.txt	disease	concept	3794	3806	диабет тип 1
endocrinology_type 1 diabetes_22_BGgpt.txt	procedure	concept	3872	3879	диетата
endocrinology_type 1 diabetes_22_BGgpt.txt	disease	concept	3962	3969	диабета
endocrinology_type 1 diabetes_22_BGgpt.txt	disease	concept	4038	4062	Streptococcus pneumoniae
endocrinology_type 1 diabetes_22_BGgpt.txt	disease	concept	4064	4076	грипен вирус
endocrinology_type 1 diabetes_22_BGgpt.txt	disease	concept	4078	4087	хепатит B
endocrinology_type 1 diabetes_22_BGgpt.txt	disease	concept	4089	4097	варицела
endocrinology_type 1 diabetes_22_BGgpt.txt	disease	concept	4100	4110	SARS-CoV-2
endocrinology_type 1 diabetes_22_BGgpt.txt	disease	concept	4211	4223	диабет тип 1
endocrinology_type 1 diabetes_22_BGgpt.txt	procedure	concept	4366	4384	инсулинова терапия
endocrinology_type 1 diabetes_22_BGgpt.txt	disease	concept	4486	4493	диабета
endocrinology_type 1 diabetes_22_BGgpt.txt	procedure	concept	4554	4572	контролни прегледи
endocrinology_type 1 diabetes_22_BGgpt.txt	procedure	concept	4587	4604	диабетно обучение
endocrinology_type 1 diabetes_22_BGgpt.txt	procedure	concept	4607	4624	инсулиновия режим
endocrinology_type 1 diabetes_22_BGgpt.txt	symptom	concept	4684	4694	усложнения
endocrinology_type 1 diabetes_23_BGgpt.txt	disease	concept	341	361	Захарен диабет тип 1
endocrinology_type 1 diabetes_23_BGgpt.txt	disease	concept	519	527	полиурия
endocrinology_type 1 diabetes_23_BGgpt.txt	disease	concept	529	539	полидипсия
endocrinology_type 1 diabetes_23_BGgpt.txt	disease	concept	781	801	Захарен диабет тип 1
endocrinology_type 1 diabetes_23_BGgpt.txt	disease	concept	1051	1071	Захарен диабет тип 1
endocrinology_type 1 diabetes_23_BGgpt.txt	medication	concept	1694	1701	инсулин
endocrinology_type 1 diabetes_23_BGgpt.txt	disease	concept	1733	1745	хипогликемия
endocrinology_type 1 diabetes_23_BGgpt.txt	disease	concept	1748	1761	хипергликемия
endocrinology_type 1 diabetes_23_BGgpt.txt	procedure	concept	1798	1820	физическите упражнения
endocrinology_type 1 diabetes_23_BGgpt.txt	disease	concept	1838	1845	диабета
endocrinology_type 1 diabetes_23_BGgpt.txt	procedure	concept	1863	1883	диетична консултация
endocrinology_type 1 diabetes_23_BGgpt.txt	medication	concept	2031	2038	инсулин
endocrinology_type 1 diabetes_23_BGgpt.txt	medication	concept	2156	2163	инсулин
endocrinology_type 1 diabetes_23_BGgpt.txt	medication	concept	2178	2190	въглехидрати
endocrinology_type 1 diabetes_23_BGgpt.txt	disease	concept	2242	2254	хипогликемия
endocrinology_type 1 diabetes_23_BGgpt.txt	disease	concept	2375	2395	периферна невропатия
endocrinology_type 1 diabetes_23_BGgpt.txt	procedure	concept	2431	2453	офталмологичен преглед
endocrinology_type 1 diabetes_23_BGgpt.txt	disease	concept	2469	2480	ретинопатия
endocrinology_type 1 diabetes_23_BGgpt.txt	disease	concept	2581	2600	диабетна нефропатия
endocrinology_type 1 diabetes_23_BGgpt.txt	disease	concept	2669	2681	дислипидемия
endocrinology_type 1 diabetes_23_BGgpt.txt	disease	concept	2799	2823	Streptococcus pneumoniae
endocrinology_type 1 diabetes_23_BGgpt.txt	disease	concept	2850	2858	варицела
endocrinology_type 1 diabetes_23_BGgpt.txt	disease	concept	2861	2871	SARS-CoV-2
endocrinology_type 1 diabetes_23_BGgpt.txt	procedure	concept	3067	3087	инсулиновата терапия
endocrinology_type 1 diabetes_23_BGgpt.txt	disease	concept	3151	3158	диабета
endocrinology_type 1 diabetes_23_BGgpt.txt	disease	concept	3227	3234	диабета
endocrinology_type 1 diabetes_23_BGgpt.txt	medication	concept	3272	3287	Инсулин гларгин
endocrinology_type 1 diabetes_23_BGgpt.txt	medication	concept	3337	3351	Инсулин лизпро
endocrinology_type 1 diabetes_23_BGgpt.txt	disease	concept	3491	3511	Захарен диабет тип 1
endocrinology_type 1 diabetes_23_BGgpt.txt	procedure	concept	3598	3605	диетата
endocrinology_type 1 diabetes_23_BGgpt.txt	disease	concept	3807	3814	диабета
endocrinology_type 1 diabetes_23_BGgpt.txt	disease	concept	3865	3885	Захарен диабет тип 1
endocrinology_type 1 diabetes_24_BGgpt.txt	symptom	concept	338	347	уриниране
endocrinology_type 1 diabetes_24_BGgpt.txt	disease	concept	545	553	полиурия
endocrinology_type 1 diabetes_24_BGgpt.txt	disease	concept	555	565	полидипсия
endocrinology_type 1 diabetes_24_BGgpt.txt	disease	concept	703	709	диабет
endocrinology_type 1 diabetes_24_BGgpt.txt	disease	concept	1313	1320	диабета
endocrinology_type 1 diabetes_24_BGgpt.txt	disease	concept	1364	1384	Захарен диабет тип 1
endocrinology_type 1 diabetes_24_BGgpt.txt	disease	concept	1586	1596	гликемията
endocrinology_type 1 diabetes_24_BGgpt.txt	medication	concept	1623	1638	Инсулин гларгин
endocrinology_type 1 diabetes_24_BGgpt.txt	medication	concept	1691	1705	Инсулин лиспро
endocrinology_type 1 diabetes_24_BGgpt.txt	disease	concept	1864	1871	диабета
endocrinology_type 1 diabetes_24_BGgpt.txt	disease	concept	1985	1997	хипогликемия
endocrinology_type 1 diabetes_24_BGgpt.txt	disease	concept	2000	2013	хипергликемия
endocrinology_type 1 diabetes_24_BGgpt.txt	medication	concept	2149	2156	инсулин
endocrinology_type 1 diabetes_24_BGgpt.txt	medication	concept	2350	2365	Инсулин гларгин
endocrinology_type 1 diabetes_24_BGgpt.txt	medication	concept	2414	2428	Инсулин лиспро
endocrinology_type 1 diabetes_24_BGgpt.txt	medication	concept	2571	2584	Мултивитамини
endocrinology_type 1 diabetes_24_BGgpt.txt	disease	concept	2960	2966	диабет
endocrinology_type 1 diabetes_24_BGgpt.txt	disease	concept	3077	3096	диабетна нефропатия
endocrinology_type 1 diabetes_24_BGgpt.txt	disease	concept	3099	3110	ретинопатия
endocrinology_type 1 diabetes_24_BGgpt.txt	disease	concept	3170	3174	грип
endocrinology_type 1 diabetes_24_BGgpt.txt	disease	concept	3176	3186	пневмококи
endocrinology_type 1 diabetes_24_BGgpt.txt	disease	concept	3189	3198	хепатит B
endocrinology_type 1 diabetes_24_BGgpt.txt	disease	concept	3578	3598	Захарен диабет тип 1
endocrinology_type 1 diabetes_24_BGgpt.txt	procedure	concept	3889	3903	проследяването
endocrinology_type 1 diabetes_25_BGgpt.txt	disease	concept	360	368	полиурия
endocrinology_type 1 diabetes_25_BGgpt.txt	disease	concept	370	380	полидипсия
endocrinology_type 1 diabetes_25_BGgpt.txt	procedure	concept	731	745	хоспитализация
endocrinology_type 1 diabetes_25_BGgpt.txt	disease	concept	1093	1113	захарен диабет тип 1
endocrinology_type 1 diabetes_25_BGgpt.txt	disease	concept	1407	1428	захарния диабет тип 1
endocrinology_type 1 diabetes_25_BGgpt.txt	disease	concept	2337	2357	захарен диабет тип 1
endocrinology_type 1 diabetes_25_BGgpt.txt	medication	concept	2704	2719	Инсулин гларгин
endocrinology_type 1 diabetes_25_BGgpt.txt	disease	concept	3054	3074	захарен диабет тип 1
endocrinology_type 1 diabetes_25_BGgpt.txt	procedure	concept	3321	3339	контролни прегледи
endocrinology_type 1 diabetes_25_BGgpt.txt	disease	concept	3618	3638	диабетна ретинопатия
endocrinology_type 1 diabetes_25_BGgpt.txt	disease	concept	3821	3825	грип
endocrinology_type 1 diabetes_25_BGgpt.txt	disease	concept	3827	3837	пневмококи
endocrinology_type 1 diabetes_25_BGgpt.txt	disease	concept	3839	3848	хепатит B
endocrinology_type 1 diabetes_25_BGgpt.txt	disease	concept	3851	3861	SARS-CoV-2
endocrinology_type 1 diabetes_25_BGgpt.txt	disease	concept	3931	3951	захарен диабет тип 1
endocrinology_type 1 diabetes_25_BGgpt.txt	disease	concept	4414	4435	захарния диабет тип 1
endocrinology_type 1 diabetes_26_BGgpt.txt	disease	concept	463	475	Диабет тип 1
endocrinology_type 1 diabetes_26_BGgpt.txt	symptom	concept	586	602	прекомерна жажда
endocrinology_type 1 diabetes_26_BGgpt.txt	disease	concept	841	853	Диабет тип 1
endocrinology_type 1 diabetes_26_BGgpt.txt	medication	concept	1030	1037	инсулин
endocrinology_type 1 diabetes_26_BGgpt.txt	disease	concept	1282	1289	диабета
endocrinology_type 1 diabetes_26_BGgpt.txt	disease	concept	1705	1717	хипогликемия
endocrinology_type 1 diabetes_26_BGgpt.txt	disease	concept	1720	1733	хипергликемия
endocrinology_type 1 diabetes_26_BGgpt.txt	disease	concept	1781	1801	периферна невропатия
endocrinology_type 1 diabetes_26_BGgpt.txt	disease	concept	1894	1913	диабетни усложнения
endocrinology_type 1 diabetes_26_BGgpt.txt	disease	concept	1927	1938	албуминурия
endocrinology_type 1 diabetes_26_BGgpt.txt	disease	concept	2151	2163	хипогликемия
endocrinology_type 1 diabetes_26_BGgpt.txt	medication	concept	2198	2205	инсулин
endocrinology_type 1 diabetes_26_BGgpt.txt	medication	concept	2320	2335	Инсулин гларжин
endocrinology_type 1 diabetes_26_BGgpt.txt	medication	concept	2379	2393	Инсулин лизпро
endocrinology_type 1 diabetes_26_BGgpt.txt	medication	concept	2436	2449	Мултивитамини
endocrinology_type 1 diabetes_26_BGgpt.txt	medication	concept	2713	2720	инсулин
endocrinology_type 1 diabetes_26_BGgpt.txt	disease	concept	3128	3140	хипогликемия
endocrinology_type 1 diabetes_26_BGgpt.txt	disease	concept	3143	3156	хипергликемия
endocrinology_type 1 diabetes_26_BGgpt.txt	procedure	concept	3257	3280	скринингови изследвания
endocrinology_type 1 diabetes_26_BGgpt.txt	disease	concept	3284	3303	диабетни усложнения
endocrinology_type 1 diabetes_26_BGgpt.txt	disease	concept	3375	3379	грип
endocrinology_type 1 diabetes_26_BGgpt.txt	disease	concept	3382	3392	SARS-CoV-2
endocrinology_type 1 diabetes_27_BGgpt.txt	disease	concept	345	365	Захарен диабет тип 1
endocrinology_type 1 diabetes_27_BGgpt.txt	disease	concept	545	555	полидипсия
endocrinology_type 1 diabetes_27_BGgpt.txt	disease	concept	557	565	полиурия
endocrinology_type 1 diabetes_27_BGgpt.txt	disease	concept	681	695	захарен диабет
endocrinology_type 1 diabetes_27_BGgpt.txt	medication	concept	1475	1490	Инсулин гларгин
endocrinology_type 1 diabetes_27_BGgpt.txt	medication	concept	1542	1556	Инсулин лизпро
endocrinology_type 1 diabetes_27_BGgpt.txt	medication	concept	1698	1705	инсулин
endocrinology_type 1 diabetes_27_BGgpt.txt	disease	concept	1846	1858	хипогликемия
endocrinology_type 1 diabetes_27_BGgpt.txt	medication	concept	1916	1924	инсулина
endocrinology_type 1 diabetes_27_BGgpt.txt	procedure	concept	2385	2393	скрининг
endocrinology_type 1 diabetes_27_BGgpt.txt	disease	concept	2474	2494	периферна невропатия
endocrinology_type 1 diabetes_27_BGgpt.txt	disease	concept	2556	2576	диабетна ретинопатия
endocrinology_type 1 diabetes_27_BGgpt.txt	procedure	concept	2796	2806	Имунизации
endocrinology_type 1 diabetes_27_BGgpt.txt	disease	concept	3310	3322	хипогликемия
endocrinology_type 1 diabetes_27_BGgpt.txt	symptom	concept	3329	3338	замаяност
endocrinology_type 1 diabetes_27_BGgpt.txt	symptom	concept	3340	3350	изпотяване
endocrinology_type 1 diabetes_27_BGgpt.txt	symptom	concept	3352	3362	обърканост
endocrinology_type 1 diabetes_27_BGgpt.txt	symptom	concept	3393	3398	жажда
endocrinology_type 1 diabetes_27_BGgpt.txt	symptom	concept	3406	3415	уриниране
endocrinology_type 1 diabetes_27_BGgpt.txt	symptom	concept	3417	3428	отпадналост
endocrinology_type 1 diabetes_27_BGgpt.txt	disease	concept	3597	3618	захарния диабет тип 1
endocrinology_type 1 diabetes_28_BGgpt.txt	disease	concept	258	278	Захарен диабет тип 1
endocrinology_type 1 diabetes_28_BGgpt.txt	disease	concept	455	465	полидипсия
endocrinology_type 1 diabetes_28_BGgpt.txt	symptom	concept	557	573	замъглено зрение
endocrinology_type 1 diabetes_28_BGgpt.txt	disease	concept	641	655	захарен диабет
endocrinology_type 1 diabetes_28_BGgpt.txt	disease	concept	1144	1164	Захарен диабет тип 1
endocrinology_type 1 diabetes_28_BGgpt.txt	medication	concept	1532	1547	Инсулин Гларгин
endocrinology_type 1 diabetes_28_BGgpt.txt	medication	concept	1586	1600	Инсулин Лиспро
endocrinology_type 1 diabetes_28_BGgpt.txt	disease	concept	2168	2180	хипогликемия
endocrinology_type 1 diabetes_28_BGgpt.txt	disease	concept	2185	2205	диабетна кетоацидоза
endocrinology_type 1 diabetes_28_BGgpt.txt	disease	concept	2416	2436	диабетна ретинопатия
endocrinology_type 1 diabetes_28_BGgpt.txt	medication	concept	2567	2582	Инсулин Гларгин
endocrinology_type 1 diabetes_28_BGgpt.txt	medication	concept	2621	2635	Инсулин Лиспро
endocrinology_type 1 diabetes_28_BGgpt.txt	disease	concept	2774	2786	хипогликемия
endocrinology_type 1 diabetes_28_BGgpt.txt	disease	concept	2789	2802	хипергликемия
endocrinology_type 1 diabetes_28_BGgpt.txt	procedure	concept	3075	3100	профилактични изследвания
endocrinology_type 1 diabetes_28_BGgpt.txt	disease	concept	3118	3125	диабета
endocrinology_type 1 diabetes_28_BGgpt.txt	disease	concept	3207	3227	Захарен диабет тип 1
endocrinology_type 1 diabetes_28_BGgpt.txt	disease	concept	3475	3487	грипен вирус
endocrinology_type 1 diabetes_28_BGgpt.txt	disease	concept	3500	3508	варицела
endocrinology_type 1 diabetes_28_BGgpt.txt	disease	concept	3511	3521	SARS-CoV-2
endocrinology_type 1 diabetes_28_BGgpt.txt	disease	concept	3594	3614	Захарен диабет тип 1
endocrinology_type 1 diabetes_28_BGgpt.txt	disease	concept	3987	3994	диабета
endocrinology_type 1 diabetes_29_BGgpt.txt	disease	concept	332	352	Захарен диабет тип 1
endocrinology_type 1 diabetes_29_BGgpt.txt	disease	concept	435	439	БИЛА
endocrinology_type 1 diabetes_29_BGgpt.txt	symptom	concept	659	664	жажда
endocrinology_type 1 diabetes_29_BGgpt.txt	symptom	concept	749	765	замъглено зрение
endocrinology_type 1 diabetes_29_BGgpt.txt	symptom	concept	952	964	кожен тургор
endocrinology_type 1 diabetes_29_BGgpt.txt	disease	concept	1295	1315	Захарен диабет тип 1
endocrinology_type 1 diabetes_29_BGgpt.txt	medication	concept	1683	1698	Инсулин гларгин
endocrinology_type 1 diabetes_29_BGgpt.txt	medication	concept	1738	1752	Инсулин лизпро
endocrinology_type 1 diabetes_29_BGgpt.txt	disease	concept	1919	1926	диабета
endocrinology_type 1 diabetes_29_BGgpt.txt	procedure	concept	1940	1964	диетологична консултация
endocrinology_type 1 diabetes_29_BGgpt.txt	disease	concept	2146	2170	Streptococcus pneumoniae
endocrinology_type 1 diabetes_29_BGgpt.txt	disease	concept	2172	2184	грипен вирус
endocrinology_type 1 diabetes_29_BGgpt.txt	disease	concept	2197	2205	варицела
endocrinology_type 1 diabetes_29_BGgpt.txt	disease	concept	2208	2218	SARS-CoV-2
endocrinology_type 1 diabetes_29_BGgpt.txt	medication	concept	2727	2742	Инсулин гларгин
endocrinology_type 1 diabetes_29_BGgpt.txt	medication	concept	2791	2805	Инсулин лизпро
endocrinology_type 1 diabetes_29_BGgpt.txt	medication	concept	2858	2871	Мултивитамини
endocrinology_type 1 diabetes_29_BGgpt.txt	disease	concept	3187	3200	хипергликемия
endocrinology_type 1 diabetes_2_BGgpt.txt	disease	concept	4	12	Епикриза
endocrinology_type 1 diabetes_2_BGgpt.txt	disease	concept	233	253	Захарен диабет тип 1
endocrinology_type 1 diabetes_2_BGgpt.txt	disease	concept	424	432	полиурия
endocrinology_type 1 diabetes_2_BGgpt.txt	disease	concept	434	444	полидипсия
endocrinology_type 1 diabetes_2_BGgpt.txt	disease	concept	827	847	Захарен диабет тип 1
endocrinology_type 1 diabetes_2_BGgpt.txt	medication	concept	973	988	Инсулин гларжин
endocrinology_type 1 diabetes_2_BGgpt.txt	medication	concept	1052	1066	Инсулин лизпро
endocrinology_type 1 diabetes_2_BGgpt.txt	disease	concept	1581	1600	диабетни усложнения
endocrinology_type 1 diabetes_2_BGgpt.txt	disease	concept	1732	1743	ретинопатия
endocrinology_type 1 diabetes_2_BGgpt.txt	disease	concept	1941	1956	захарния диабет
endocrinology_type 1 diabetes_2_BGgpt.txt	disease	concept	2017	2037	Захарен диабет тип 1
endocrinology_type 1 diabetes_2_BGgpt.txt	disease	concept	2084	2097	хипергликемия
endocrinology_type 1 diabetes_2_BGgpt.txt	disease	concept	2558	2567	хепатит B
endocrinology_type 1 diabetes_2_BGgpt.txt	procedure	concept	2902	2912	скринингът
endocrinology_type 1 diabetes_2_BGgpt.txt	disease	concept	3211	3223	хипогликемия
endocrinology_type 1 diabetes_2_BGgpt.txt	disease	concept	3673	3679	диабет
endocrinology_type 1 diabetes_30_BGgpt.txt	disease	concept	282	302	Захарен диабет тип 1
endocrinology_type 1 diabetes_30_BGgpt.txt	disease	concept	560	568	полиурия
endocrinology_type 1 diabetes_30_BGgpt.txt	disease	concept	570	580	полидипсия
endocrinology_type 1 diabetes_30_BGgpt.txt	disease	concept	784	798	захарен диабет
endocrinology_type 1 diabetes_30_BGgpt.txt	procedure	concept	947	971	диагностични изследвания
endocrinology_type 1 diabetes_30_BGgpt.txt	disease	concept	1082	1088	диабет
endocrinology_type 1 diabetes_30_BGgpt.txt	disease	concept	1340	1354	Захарен диабет
endocrinology_type 1 diabetes_30_BGgpt.txt	disease	concept	1478	1498	Захарен диабет тип 1
endocrinology_type 1 diabetes_30_BGgpt.txt	disease	concept	1750	1770	Захарен диабет тип 1
endocrinology_type 1 diabetes_30_BGgpt.txt	medication	concept	1953	1968	Базален инсулин
endocrinology_type 1 diabetes_30_BGgpt.txt	medication	concept	1972	1987	Инсулин гларгин
endocrinology_type 1 diabetes_30_BGgpt.txt	medication	concept	2044	2058	Инсулин лиспро
endocrinology_type 1 diabetes_30_BGgpt.txt	medication	concept	2286	2293	инсулин
endocrinology_type 1 diabetes_30_BGgpt.txt	symptom	concept	2597	2609	хипогликемия
endocrinology_type 1 diabetes_30_BGgpt.txt	procedure	concept	2817	2839	Медикаментозна терапия
endocrinology_type 1 diabetes_30_BGgpt.txt	disease	concept	3522	3534	хипогликемия
endocrinology_type 1 diabetes_30_BGgpt.txt	procedure	concept	3543	3555	Проследяване
endocrinology_type 1 diabetes_30_BGgpt.txt	disease	concept	3759	3766	диабета
endocrinology_type 1 diabetes_30_BGgpt.txt	procedure	concept	3841	3877	изследване на урината за албуминурия
endocrinology_type 1 diabetes_30_BGgpt.txt	procedure	concept	3882	3892	Имунизации
endocrinology_type 1 diabetes_30_BGgpt.txt	disease	concept	3937	3961	Streptococcus pneumoniae
endocrinology_type 1 diabetes_30_BGgpt.txt	disease	concept	3963	3967	грип
endocrinology_type 1 diabetes_30_BGgpt.txt	disease	concept	3980	3988	варицела
endocrinology_type 1 diabetes_30_BGgpt.txt	disease	concept	3991	4001	SARS-CoV-2
endocrinology_type 1 diabetes_30_BGgpt.txt	disease	concept	4048	4062	захарен диабет
endocrinology_type 1 diabetes_31_BGgpt.txt	disease	concept	392	400	полиурия
endocrinology_type 1 diabetes_31_BGgpt.txt	disease	concept	402	412	полидипсия
endocrinology_type 1 diabetes_31_BGgpt.txt	symptom	concept	448	459	отпадналост
endocrinology_type 1 diabetes_31_BGgpt.txt	procedure	concept	523	540	физикален преглед
endocrinology_type 1 diabetes_31_BGgpt.txt	procedure	concept	543	566	лабораторни изследвания
endocrinology_type 1 diabetes_31_BGgpt.txt	disease	concept	808	828	Захарен диабет тип 1
endocrinology_type 1 diabetes_31_BGgpt.txt	medication	concept	1191	1205	Инсулин лизпро
endocrinology_type 1 diabetes_31_BGgpt.txt	procedure	concept	1595	1617	хранителна консултация
endocrinology_type 1 diabetes_31_BGgpt.txt	medication	concept	2179	2186	инсулин
endocrinology_type 1 diabetes_31_BGgpt.txt	disease	concept	2390	2410	периферна невропатия
endocrinology_type 1 diabetes_31_BGgpt.txt	procedure	concept	2416	2429	Офталмоскопия
endocrinology_type 1 diabetes_31_BGgpt.txt	disease	concept	2499	2519	диабетна ретинопатия
endocrinology_type 1 diabetes_31_BGgpt.txt	disease	concept	2810	2814	грип
endocrinology_type 1 diabetes_31_BGgpt.txt	disease	concept	2816	2837	пневмококова инфекция
endocrinology_type 1 diabetes_31_BGgpt.txt	disease	concept	2839	2848	хепатит Б
endocrinology_type 1 diabetes_31_BGgpt.txt	disease	concept	2851	2861	SARS-CoV-2
endocrinology_type 1 diabetes_31_BGgpt.txt	disease	concept	2935	2942	диабета
endocrinology_type 1 diabetes_31_BGgpt.txt	disease	concept	3426	3444	тежка хипогликемия
endocrinology_type 1 diabetes_31_BGgpt.txt	disease	concept	3449	3460	кетоацидоза
endocrinology_type 1 diabetes_31_BGgpt.txt	medication	concept	3752	3767	Инсулин гларгин
endocrinology_type 1 diabetes_31_BGgpt.txt	medication	concept	3807	3821	Инсулин лизпро
endocrinology_type 1 diabetes_31_BGgpt.txt	disease	concept	3968	3982	Захарен диабет
endocrinology_type 1 diabetes_31_BGgpt.txt	procedure	concept	4330	4348	терапевтичния план
endocrinology_type 1 diabetes_32_BGgpt.txt	disease	concept	290	310	Захарен диабет тип 1
endocrinology_type 1 diabetes_32_BGgpt.txt	disease	concept	476	484	полиурия
endocrinology_type 1 diabetes_32_BGgpt.txt	disease	concept	486	496	полидипсия
endocrinology_type 1 diabetes_32_BGgpt.txt	disease	concept	626	639	хипергликемия
endocrinology_type 1 diabetes_32_BGgpt.txt	disease	concept	1182	1197	хипергликемията
endocrinology_type 1 diabetes_32_BGgpt.txt	medication	concept	1370	1385	Инсулин гларгин
endocrinology_type 1 diabetes_32_BGgpt.txt	medication	concept	1438	1452	Инсулин лизпро
endocrinology_type 1 diabetes_32_BGgpt.txt	disease	concept	1776	1797	захарния диабет тип 1
endocrinology_type 1 diabetes_32_BGgpt.txt	disease	concept	2349	2361	хипогликемия
endocrinology_type 1 diabetes_32_BGgpt.txt	disease	concept	2547	2558	ретинопатия
endocrinology_type 1 diabetes_32_BGgpt.txt	disease	concept	2662	2672	нефропатия
endocrinology_type 1 diabetes_32_BGgpt.txt	disease	concept	2803	2817	захарен диабет
endocrinology_type 1 diabetes_32_BGgpt.txt	disease	concept	2915	2919	грип
endocrinology_type 1 diabetes_32_BGgpt.txt	disease	concept	2921	2931	пневмококи
endocrinology_type 1 diabetes_32_BGgpt.txt	disease	concept	2933	2942	хепатит В
endocrinology_type 1 diabetes_32_BGgpt.txt	disease	concept	2945	2955	SARS-CoV-2
endocrinology_type 1 diabetes_32_BGgpt.txt	disease	concept	2982	2990	инфекции
endocrinology_type 1 diabetes_32_BGgpt.txt	medication	concept	3026	3041	Инсулин гларгин
endocrinology_type 1 diabetes_32_BGgpt.txt	medication	concept	3075	3089	Инсулин лизпро
endocrinology_type 1 diabetes_32_BGgpt.txt	medication	concept	3161	3173	Аторвастатин
endocrinology_type 1 diabetes_32_BGgpt.txt	disease	concept	3478	3485	диабета
endocrinology_type 1 diabetes_32_BGgpt.txt	disease	concept	4111	4123	хипогликемия
endocrinology_type 1 diabetes_32_BGgpt.txt	symptom	concept	4148	4158	обърканост
endocrinology_type 1 diabetes_32_BGgpt.txt	disease	concept	4164	4177	хипергликемия
endocrinology_type 1 diabetes_32_BGgpt.txt	symptom	concept	4179	4195	прекомерна жажда
endocrinology_type 1 diabetes_33_BGgpt.txt	disease	concept	268	288	Захарен диабет тип 1
endocrinology_type 1 diabetes_33_BGgpt.txt	disease	concept	426	434	полиурия
endocrinology_type 1 diabetes_33_BGgpt.txt	disease	concept	436	446	полидипсия
endocrinology_type 1 diabetes_33_BGgpt.txt	disease	concept	662	682	захарен диабет тип 1
endocrinology_type 1 diabetes_33_BGgpt.txt	medication	concept	867	874	инсулин
endocrinology_type 1 diabetes_33_BGgpt.txt	medication	concept	976	991	Инсулин гларгин
endocrinology_type 1 diabetes_33_BGgpt.txt	medication	concept	1050	1057	Инсулин
endocrinology_type 1 diabetes_33_BGgpt.txt	medication	concept	1271	1278	инсулин
endocrinology_type 1 diabetes_33_BGgpt.txt	disease	concept	1559	1579	периферна невропатия
endocrinology_type 1 diabetes_33_BGgpt.txt	disease	concept	1675	1686	ретинопатия
endocrinology_type 1 diabetes_33_BGgpt.txt	disease	concept	1777	1796	диабетна нефропатия
endocrinology_type 1 diabetes_33_BGgpt.txt	disease	concept	1992	1998	диабет
endocrinology_type 1 diabetes_33_BGgpt.txt	disease	concept	2023	2044	захарния диабет тип 1
endocrinology_type 1 diabetes_33_BGgpt.txt	disease	concept	2120	2132	хипогликемия
endocrinology_type 1 diabetes_33_BGgpt.txt	disease	concept	2135	2148	хипергликемия
endocrinology_type 1 diabetes_33_BGgpt.txt	disease	concept	2504	2516	хипогликемия
endocrinology_type 1 diabetes_33_BGgpt.txt	procedure	concept	2521	2531	Ваксинации
endocrinology_type 1 diabetes_33_BGgpt.txt	disease	concept	2599	2623	Streptococcus pneumoniae
endocrinology_type 1 diabetes_33_BGgpt.txt	disease	concept	2625	2637	грипен вирус
endocrinology_type 1 diabetes_33_BGgpt.txt	disease	concept	2639	2648	хепатит B
endocrinology_type 1 diabetes_33_BGgpt.txt	disease	concept	2650	2658	варицела
endocrinology_type 1 diabetes_33_BGgpt.txt	disease	concept	2857	2864	диабета
endocrinology_type 1 diabetes_33_BGgpt.txt	symptom	concept	3036	3050	кръвообращение
endocrinology_type 1 diabetes_33_BGgpt.txt	medication	concept	3088	3103	Инсулин гларгин
endocrinology_type 1 diabetes_33_BGgpt.txt	medication	concept	3142	3156	Инсулин лизпро
endocrinology_type 1 diabetes_33_BGgpt.txt	disease	concept	3499	3511	хипогликемия
endocrinology_type 1 diabetes_33_BGgpt.txt	disease	concept	3516	3529	хипергликемия
endocrinology_type 1 diabetes_34_BGgpt.txt	symptom	concept	415	431	прекомерна жажда
endocrinology_type 1 diabetes_34_BGgpt.txt	symptom	concept	439	448	уриниране
endocrinology_type 1 diabetes_34_BGgpt.txt	disease	concept	650	670	захарен диабет тип 1
endocrinology_type 1 diabetes_34_BGgpt.txt	disease	concept	1266	1286	захарен диабет тип 1
endocrinology_type 1 diabetes_34_BGgpt.txt	disease	concept	1490	1497	диабета
endocrinology_type 1 diabetes_34_BGgpt.txt	procedure	concept	1511	1516	диета
endocrinology_type 1 diabetes_34_BGgpt.txt	procedure	concept	1518	1537	физическа активност
endocrinology_type 1 diabetes_34_BGgpt.txt	medication	concept	1585	1592	инсулин
endocrinology_type 1 diabetes_34_BGgpt.txt	disease	concept	1684	1690	диабет
endocrinology_type 1 diabetes_34_BGgpt.txt	medication	concept	1755	1762	инсулин
endocrinology_type 1 diabetes_34_BGgpt.txt	medication	concept	1764	1779	Инсулин гларгин
endocrinology_type 1 diabetes_34_BGgpt.txt	medication	concept	1841	1856	Болусен инсулин
endocrinology_type 1 diabetes_34_BGgpt.txt	medication	concept	1858	1872	Инсулин лизпро
endocrinology_type 1 diabetes_34_BGgpt.txt	disease	concept	2008	2014	диабет
endocrinology_type 1 diabetes_34_BGgpt.txt	disease	concept	2066	2072	диабет
endocrinology_type 1 diabetes_34_BGgpt.txt	medication	concept	2162	2169	инсулин
endocrinology_type 1 diabetes_34_BGgpt.txt	procedure	concept	2352	2372	Диетична консултация
endocrinology_type 1 diabetes_34_BGgpt.txt	procedure	concept	2405	2425	диетична консултация
endocrinology_type 1 diabetes_34_BGgpt.txt	medication	concept	3050	3065	Инсулин гларгин
endocrinology_type 1 diabetes_34_BGgpt.txt	medication	concept	3097	3111	Инсулин лизпро
endocrinology_type 1 diabetes_34_BGgpt.txt	medication	concept	3189	3202	Мултивитамини
endocrinology_type 1 diabetes_34_BGgpt.txt	disease	concept	3676	3682	диабет
endocrinology_type 1 diabetes_34_BGgpt.txt	disease	concept	4191	4203	хипогликемия
endocrinology_type 1 diabetes_34_BGgpt.txt	disease	concept	4319	4325	диабет
endocrinology_type 1 diabetes_34_BGgpt.txt	disease	concept	4358	4370	хипогликемия
endocrinology_type 1 diabetes_34_BGgpt.txt	disease	concept	4373	4386	хипергликемия
endocrinology_type 1 diabetes_34_BGgpt.txt	disease	concept	4556	4563	диабета
endocrinology_type 1 diabetes_34_BGgpt.txt	disease	concept	4577	4587	невропатия
endocrinology_type 1 diabetes_34_BGgpt.txt	disease	concept	4589	4599	нефропатия
endocrinology_type 1 diabetes_34_BGgpt.txt	disease	concept	4602	4613	ретинопатия
endocrinology_type 1 diabetes_34_BGgpt.txt	disease	concept	4652	4676	Streptococcus pneumoniae
endocrinology_type 1 diabetes_34_BGgpt.txt	disease	concept	4678	4691	вирус на грип
endocrinology_type 1 diabetes_34_BGgpt.txt	disease	concept	4693	4702	хепатит B
endocrinology_type 1 diabetes_34_BGgpt.txt	disease	concept	4704	4712	варицела
endocrinology_type 1 diabetes_34_BGgpt.txt	disease	concept	4715	4725	SARS-CoV-2
endocrinology_type 1 diabetes_35_BGgpt.txt	symptom	concept	329	345	прекомерна жажда
endocrinology_type 1 diabetes_35_BGgpt.txt	symptom	concept	353	362	уриниране
endocrinology_type 1 diabetes_35_BGgpt.txt	disease	concept	968	988	периферна невропатия
endocrinology_type 1 diabetes_35_BGgpt.txt	disease	concept	993	1004	ретинопатия
endocrinology_type 1 diabetes_35_BGgpt.txt	symptom	concept	1298	1308	глюкозурия
endocrinology_type 1 diabetes_35_BGgpt.txt	disease	concept	1371	1391	Захарен диабет тип 1
endocrinology_type 1 diabetes_35_BGgpt.txt	disease	concept	1515	1521	диабет
endocrinology_type 1 diabetes_35_BGgpt.txt	medication	concept	1586	1601	Инсулин гларжин
endocrinology_type 1 diabetes_35_BGgpt.txt	medication	concept	1671	1685	Инсулин лизпро
endocrinology_type 1 diabetes_35_BGgpt.txt	disease	concept	1892	1898	диабет
endocrinology_type 1 diabetes_35_BGgpt.txt	medication	concept	1959	1966	инсулин
endocrinology_type 1 diabetes_35_BGgpt.txt	medication	concept	2466	2481	Инсулин гларжин
endocrinology_type 1 diabetes_35_BGgpt.txt	medication	concept	2530	2544	Инсулин лизпро
endocrinology_type 1 diabetes_35_BGgpt.txt	disease	concept	2822	2842	диабетна ретинопатия
endocrinology_type 1 diabetes_35_BGgpt.txt	disease	concept	2844	2854	нефропатия
endocrinology_type 1 diabetes_35_BGgpt.txt	disease	concept	2857	2867	невропатия
endocrinology_type 1 diabetes_35_BGgpt.txt	disease	concept	2941	2946	HbA1c
endocrinology_type 1 diabetes_35_BGgpt.txt	disease	concept	3051	3063	хипогликемия
endocrinology_type 1 diabetes_35_BGgpt.txt	disease	concept	3490	3499	инфлуенца
endocrinology_type 1 diabetes_35_BGgpt.txt	disease	concept	3501	3513	пневмококова
endocrinology_type 1 diabetes_35_BGgpt.txt	disease	concept	3515	3524	хепатит B
endocrinology_type 1 diabetes_35_BGgpt.txt	disease	concept	3527	3537	SARS-CoV-2
endocrinology_type 1 diabetes_35_BGgpt.txt	disease	concept	3907	3918	кетоацидоза
endocrinology_type 1 diabetes_35_BGgpt.txt	disease	concept	3999	4019	Захарен диабет тип 1
endocrinology_type 1 diabetes_36_BGgpt.txt	disease	concept	357	377	Захарен диабет тип 1
endocrinology_type 1 diabetes_36_BGgpt.txt	disease	concept	842	856	захарен диабет
endocrinology_type 1 diabetes_36_BGgpt.txt	disease	concept	1199	1219	Захарен диабет тип 1
endocrinology_type 1 diabetes_36_BGgpt.txt	medication	concept	1542	1557	Инсулин гларгин
endocrinology_type 1 diabetes_36_BGgpt.txt	medication	concept	1634	1648	Инсулин лизпро
endocrinology_type 1 diabetes_36_BGgpt.txt	disease	concept	1832	1847	захарния диабет
endocrinology_type 1 diabetes_36_BGgpt.txt	disease	concept	2073	2085	хипогликемия
endocrinology_type 1 diabetes_36_BGgpt.txt	disease	concept	2088	2101	хипергликемия
endocrinology_type 1 diabetes_36_BGgpt.txt	disease	concept	2383	2390	диабета
endocrinology_type 1 diabetes_36_BGgpt.txt	disease	concept	2518	2529	албуминурия
endocrinology_type 1 diabetes_36_BGgpt.txt	medication	concept	2679	2690	Медикаменти
endocrinology_type 1 diabetes_36_BGgpt.txt	medication	concept	2713	2728	Инсулин гларгин
endocrinology_type 1 diabetes_36_BGgpt.txt	medication	concept	2785	2799	Инсулин лизпро
endocrinology_type 1 diabetes_36_BGgpt.txt	medication	concept	2801	2808	Humalog
endocrinology_type 1 diabetes_36_BGgpt.txt	medication	concept	2931	2944	Мултивитамини
endocrinology_type 1 diabetes_36_BGgpt.txt	procedure	concept	3257	3283	Офталмологична консултация
endocrinology_type 1 diabetes_36_BGgpt.txt	procedure	concept	3491	3515	Диетологична консултация
endocrinology_type 1 diabetes_36_BGgpt.txt	medication	concept	3721	3735	Инсулин лизпро
endocrinology_type 1 diabetes_36_BGgpt.txt	disease	concept	3864	3876	хипогликемия
endocrinology_type 1 diabetes_36_BGgpt.txt	disease	concept	3879	3892	хипергликемия
endocrinology_type 1 diabetes_36_BGgpt.txt	disease	concept	4030	4034	Грип
endocrinology_type 1 diabetes_36_BGgpt.txt	disease	concept	4036	4045	Хепатит B
endocrinology_type 1 diabetes_36_BGgpt.txt	disease	concept	4048	4058	SARS-CoV-2
endocrinology_type 1 diabetes_36_BGgpt.txt	disease	concept	4097	4111	захарен диабет
endocrinology_type 1 diabetes_36_BGgpt.txt	disease	concept	4168	4188	Захарен диабет тип 1
endocrinology_type 1 diabetes_36_BGgpt.txt	disease	concept	4301	4308	диабета
endocrinology_type 1 diabetes_36_BGgpt.txt	disease	concept	4532	4539	диабета
endocrinology_type 1 diabetes_37_BGgpt.txt	disease	concept	435	443	полиурия
endocrinology_type 1 diabetes_37_BGgpt.txt	disease	concept	445	455	полидипсия
endocrinology_type 1 diabetes_37_BGgpt.txt	disease	concept	617	631	захарен диабет
endocrinology_type 1 diabetes_37_BGgpt.txt	disease	concept	890	904	захарен диабет
endocrinology_type 1 diabetes_37_BGgpt.txt	disease	concept	1000	1020	Захарен диабет тип 1
endocrinology_type 1 diabetes_37_BGgpt.txt	disease	concept	1242	1262	Захарен диабет тип 1
endocrinology_type 1 diabetes_37_BGgpt.txt	procedure	concept	1318	1333	инсулинотерапия
endocrinology_type 1 diabetes_37_BGgpt.txt	medication	concept	1447	1463	инсулин glargine
endocrinology_type 1 diabetes_37_BGgpt.txt	medication	concept	1510	1517	инсулин
endocrinology_type 1 diabetes_37_BGgpt.txt	disease	concept	1747	1754	диабета
endocrinology_type 1 diabetes_37_BGgpt.txt	disease	concept	1965	1978	хипергликемия
endocrinology_type 1 diabetes_37_BGgpt.txt	disease	concept	2305	2312	диабета
endocrinology_type 1 diabetes_37_BGgpt.txt	medication	concept	2350	2366	Инсулин glargine
endocrinology_type 1 diabetes_37_BGgpt.txt	medication	concept	2401	2415	Инсулин lispro
endocrinology_type 1 diabetes_37_BGgpt.txt	medication	concept	2538	2551	Мултивитамини
endocrinology_type 1 diabetes_37_BGgpt.txt	procedure	concept	2767	2772	диета
endocrinology_type 1 diabetes_37_BGgpt.txt	symptom	concept	3121	3136	сензорна загуба
endocrinology_type 1 diabetes_37_BGgpt.txt	disease	concept	3262	3286	Streptococcus pneumoniae
endocrinology_type 1 diabetes_37_BGgpt.txt	disease	concept	3291	3303	Грипен вирус
endocrinology_type 1 diabetes_37_BGgpt.txt	disease	concept	3429	3449	Захарен диабет тип 1
endocrinology_type 1 diabetes_37_BGgpt.txt	medication	concept	3500	3515	инсулинотерапия
endocrinology_type 1 diabetes_38_BGgpt.txt	disease	concept	216	230	захарен диабет
endocrinology_type 1 diabetes_38_BGgpt.txt	disease	concept	255	269	Захарен диабет
endocrinology_type 1 diabetes_38_BGgpt.txt	disease	concept	465	473	полиурия
endocrinology_type 1 diabetes_38_BGgpt.txt	procedure	concept	628	652	диагностични изследвания
endocrinology_type 1 diabetes_38_BGgpt.txt	disease	concept	821	835	захарен диабет
endocrinology_type 1 diabetes_38_BGgpt.txt	disease	concept	947	961	захарен диабет
endocrinology_type 1 diabetes_38_BGgpt.txt	disease	concept	1540	1560	диабетна кетоацидоза
endocrinology_type 1 diabetes_38_BGgpt.txt	medication	concept	1598	1613	Базален инсулин
endocrinology_type 1 diabetes_38_BGgpt.txt	medication	concept	1617	1632	Инсулин гларгин
endocrinology_type 1 diabetes_38_BGgpt.txt	medication	concept	1697	1711	Инсулин лизпро
endocrinology_type 1 diabetes_38_BGgpt.txt	disease	concept	2170	2182	хипогликемия
endocrinology_type 1 diabetes_38_BGgpt.txt	disease	concept	2314	2334	захарен диабет тип 1
endocrinology_type 1 diabetes_38_BGgpt.txt	disease	concept	2807	2831	Streptococcus pneumoniae
endocrinology_type 1 diabetes_38_BGgpt.txt	disease	concept	2833	2847	вируса на грип
endocrinology_type 1 diabetes_38_BGgpt.txt	disease	concept	2849	2858	хепатит B
endocrinology_type 1 diabetes_38_BGgpt.txt	disease	concept	2860	2868	варицела
endocrinology_type 1 diabetes_38_BGgpt.txt	disease	concept	2871	2872	S
endocrinology_type 1 diabetes_38_BGgpt.txt	disease	concept	2874	2881	S-CoV-2
endocrinology_type 1 diabetes_38_BGgpt.txt	medication	concept	2916	2931	Инсулин гларгин
endocrinology_type 1 diabetes_38_BGgpt.txt	medication	concept	2968	2982	Инсулин лизпро
endocrinology_type 1 diabetes_38_BGgpt.txt	disease	concept	3700	3721	захарния диабет тип 1
endocrinology_type 1 diabetes_39_BGgpt.txt	disease	concept	315	323	полиурия
endocrinology_type 1 diabetes_39_BGgpt.txt	disease	concept	325	335	полидипсия
endocrinology_type 1 diabetes_39_BGgpt.txt	disease	concept	605	619	захарен диабет
endocrinology_type 1 diabetes_39_BGgpt.txt	symptom	concept	669	676	жаждата
endocrinology_type 1 diabetes_39_BGgpt.txt	disease	concept	867	881	захарен диабет
endocrinology_type 1 diabetes_39_BGgpt.txt	medication	concept	946	958	левотироксин
endocrinology_type 1 diabetes_39_BGgpt.txt	disease	concept	1246	1266	диабетна кетоацидоза
endocrinology_type 1 diabetes_39_BGgpt.txt	disease	concept	1756	1776	Захарен диабет тип 1
endocrinology_type 1 diabetes_39_BGgpt.txt	disease	concept	1937	1957	Захарен диабет тип 1
endocrinology_type 1 diabetes_39_BGgpt.txt	medication	concept	2165	2180	Инсулин гларжин
endocrinology_type 1 diabetes_39_BGgpt.txt	medication	concept	2236	2250	Инсулин лизпро
endocrinology_type 1 diabetes_39_BGgpt.txt	disease	concept	2560	2572	хипогликемия
endocrinology_type 1 diabetes_39_BGgpt.txt	disease	concept	2575	2588	хипергликемия
endocrinology_type 1 diabetes_39_BGgpt.txt	medication	concept	2637	2652	Инсулин гларжин
endocrinology_type 1 diabetes_39_BGgpt.txt	medication	concept	2697	2711	Инсулин лизпро
endocrinology_type 1 diabetes_39_BGgpt.txt	medication	concept	2787	2799	Левотироксин
endocrinology_type 1 diabetes_39_BGgpt.txt	disease	concept	3098	3118	периферна невропатия
endocrinology_type 1 diabetes_39_BGgpt.txt	disease	concept	3121	3131	нефропатия
endocrinology_type 1 diabetes_39_BGgpt.txt	disease	concept	3394	3418	Streptococcus pneumoniae
endocrinology_type 1 diabetes_39_BGgpt.txt	disease	concept	3420	3433	вирус на грип
endocrinology_type 1 diabetes_39_BGgpt.txt	disease	concept	3446	3454	варицела
endocrinology_type 1 diabetes_39_BGgpt.txt	disease	concept	3457	3467	SARS-CoV-2
endocrinology_type 1 diabetes_39_BGgpt.txt	disease	concept	3694	3715	Захарния диабет тип 1
endocrinology_type 1 diabetes_39_BGgpt.txt	disease	concept	3849	3867	тежка хипогликемия
endocrinology_type 1 diabetes_39_BGgpt.txt	disease	concept	3872	3892	диабетна кетоацидоза
endocrinology_type 1 diabetes_39_BGgpt.txt	disease	concept	4001	4021	Захарен диабет тип 1
endocrinology_type 1 diabetes_3_BGgpt.txt	disease	concept	378	398	Захарен диабет тип 1
endocrinology_type 1 diabetes_3_BGgpt.txt	disease	concept	574	582	полиурия
endocrinology_type 1 diabetes_3_BGgpt.txt	disease	concept	584	594	полидипсия
endocrinology_type 1 diabetes_3_BGgpt.txt	disease	concept	819	839	захарен диабет тип 1
endocrinology_type 1 diabetes_3_BGgpt.txt	procedure	concept	1110	1129	физическа активност
endocrinology_type 1 diabetes_3_BGgpt.txt	procedure	concept	1145	1163	инсулинова терапия
endocrinology_type 1 diabetes_3_BGgpt.txt	medication	concept	1262	1277	Инсулин гларгин
endocrinology_type 1 diabetes_3_BGgpt.txt	medication	concept	1360	1374	Инсулин лизпро
endocrinology_type 1 diabetes_3_BGgpt.txt	disease	concept	1857	1864	диабета
endocrinology_type 1 diabetes_3_BGgpt.txt	disease	concept	1896	1908	диабет тип 1
endocrinology_type 1 diabetes_3_BGgpt.txt	procedure	concept	1940	1958	гликемичен контрол
endocrinology_type 1 diabetes_3_BGgpt.txt	medication	concept	2351	2363	въглехидрати
endocrinology_type 1 diabetes_3_BGgpt.txt	disease	concept	2454	2473	диабетни усложнения
endocrinology_type 1 diabetes_3_BGgpt.txt	disease	concept	2604	2624	периферна невропатия
endocrinology_type 1 diabetes_3_BGgpt.txt	medication	concept	2884	2896	ваксинациите
endocrinology_type 1 diabetes_3_BGgpt.txt	medication	concept	2954	2961	ваксини
endocrinology_type 1 diabetes_3_BGgpt.txt	disease	concept	2968	2992	Streptococcus pneumoniae
endocrinology_type 1 diabetes_3_BGgpt.txt	disease	concept	2994	3007	вирус на грип
endocrinology_type 1 diabetes_3_BGgpt.txt	disease	concept	3020	3028	варицела
endocrinology_type 1 diabetes_3_BGgpt.txt	disease	concept	3031	3041	SARS-CoV-2
endocrinology_type 1 diabetes_3_BGgpt.txt	disease	concept	3086	3092	диабет
endocrinology_type 1 diabetes_3_BGgpt.txt	medication	concept	3187	3202	Инсулин гларгин
endocrinology_type 1 diabetes_3_BGgpt.txt	medication	concept	3205	3219	Инсулин лизпро
endocrinology_type 1 diabetes_3_BGgpt.txt	medication	concept	3408	3415	инсулин
endocrinology_type 1 diabetes_3_BGgpt.txt	medication	concept	3526	3537	Медикаменти
endocrinology_type 1 diabetes_3_BGgpt.txt	medication	concept	3559	3574	Инсулин гларгин
endocrinology_type 1 diabetes_3_BGgpt.txt	medication	concept	3622	3636	Инсулин лизпро
endocrinology_type 1 diabetes_3_BGgpt.txt	medication	concept	3638	3645	Хумалог
endocrinology_type 1 diabetes_3_BGgpt.txt	medication	concept	4000	4007	инсулин
endocrinology_type 1 diabetes_3_BGgpt.txt	medication	concept	4235	4244	инсулинът
endocrinology_type 1 diabetes_3_BGgpt.txt	symptom	concept	4371	4382	притеснения
endocrinology_type 1 diabetes_3_BGgpt.txt	disease	concept	4415	4428	хипергликемия
endocrinology_type 1 diabetes_40_BGgpt.txt	disease	concept	208	228	Захарен диабет тип 1
endocrinology_type 1 diabetes_40_BGgpt.txt	disease	concept	369	377	полиурия
endocrinology_type 1 diabetes_40_BGgpt.txt	disease	concept	379	389	полидипсия
endocrinology_type 1 diabetes_40_BGgpt.txt	disease	concept	792	812	захарен диабет тип 1
endocrinology_type 1 diabetes_40_BGgpt.txt	medication	concept	996	1011	Болусен инсулин
endocrinology_type 1 diabetes_40_BGgpt.txt	medication	concept	1013	1019	Аспарт
endocrinology_type 1 diabetes_40_BGgpt.txt	procedure	concept	1340	1359	физическа активност
endocrinology_type 1 diabetes_40_BGgpt.txt	medication	concept	1375	1388	медикаментите
endocrinology_type 1 diabetes_40_BGgpt.txt	disease	concept	1736	1748	хипогликемия
endocrinology_type 1 diabetes_40_BGgpt.txt	procedure	concept	1874	1887	Офталмоскопия
endocrinology_type 1 diabetes_40_BGgpt.txt	disease	concept	2156	2160	грип
endocrinology_type 1 diabetes_40_BGgpt.txt	disease	concept	2163	2173	SARS-CoV-2
endocrinology_type 1 diabetes_40_BGgpt.txt	medication	concept	2247	2262	Инсулин Гларгин
endocrinology_type 1 diabetes_40_BGgpt.txt	medication	concept	2301	2315	Инсулин Аспарт
endocrinology_type 1 diabetes_40_BGgpt.txt	medication	concept	2377	2390	Мултивитамини
endocrinology_type 1 diabetes_40_BGgpt.txt	disease	concept	2868	2888	захарен диабет тип 1
endocrinology_type 1 diabetes_40_BGgpt.txt	medication	concept	2979	2986	инсулин
endocrinology_type 1 diabetes_40_BGgpt.txt	procedure	concept	2988	3004	хранителен режим
endocrinology_type 1 diabetes_40_BGgpt.txt	medication	concept	3303	3310	инсулин
endocrinology_type 1 diabetes_40_BGgpt.txt	disease	concept	3546	3566	диабетна кетоацидоза
endocrinology_type 1 diabetes_40_BGgpt.txt	disease	concept	3568	3571	ДКА
endocrinology_type 1 diabetes_40_BGgpt.txt	disease	concept	3821	3839	тежка хипогликемия
endocrinology_type 1 diabetes_40_BGgpt.txt	disease	concept	4037	4057	захарен диабет тип 1
endocrinology_type 1 diabetes_41_BGgpt.txt	symptom	concept	374	379	жажда
endocrinology_type 1 diabetes_41_BGgpt.txt	symptom	concept	387	396	уриниране
endocrinology_type 1 diabetes_41_BGgpt.txt	disease	concept	599	607	полиурия
endocrinology_type 1 diabetes_41_BGgpt.txt	disease	concept	609	619	полидипсия
endocrinology_type 1 diabetes_41_BGgpt.txt	disease	concept	763	783	диабетна кетоацидоза
endocrinology_type 1 diabetes_41_BGgpt.txt	symptom	concept	838	854	замъглено зрение
endocrinology_type 1 diabetes_41_BGgpt.txt	disease	concept	906	920	захарен диабет
endocrinology_type 1 diabetes_41_BGgpt.txt	disease	concept	931	951	хронични заболявания
endocrinology_type 1 diabetes_41_BGgpt.txt	disease	concept	1008	1018	SARS-CoV-2
endocrinology_type 1 diabetes_41_BGgpt.txt	symptom	concept	1545	1561	пръстови промени
endocrinology_type 1 diabetes_41_BGgpt.txt	disease	concept	1824	1836	диабет тип 1
endocrinology_type 1 diabetes_41_BGgpt.txt	disease	concept	2204	2216	диабет тип 1
endocrinology_type 1 diabetes_41_BGgpt.txt	procedure	concept	2376	2394	инсулинова терапия
endocrinology_type 1 diabetes_41_BGgpt.txt	medication	concept	3451	3466	Инсулин гларгин
endocrinology_type 1 diabetes_41_BGgpt.txt	disease	concept	3952	3971	диабетни усложнения
endocrinology_type 1 diabetes_41_BGgpt.txt	disease	concept	4479	4493	захарен диабет
endocrinology_type 1 diabetes_41_BGgpt.txt	disease	concept	4541	4561	захарен диабет тип 1
endocrinology_type 1 diabetes_41_BGgpt.txt	medication	concept	4772	4779	инсулин
endocrinology_type 1 diabetes_41_BGgpt.txt	procedure	concept	4900	4918	контролни прегледи
endocrinology_type 1 diabetes_42_BGgpt.txt	disease	concept	438	446	полиурия
endocrinology_type 1 diabetes_42_BGgpt.txt	disease	concept	448	458	полидипсия
endocrinology_type 1 diabetes_42_BGgpt.txt	symptom	concept	494	505	отпадналост
endocrinology_type 1 diabetes_42_BGgpt.txt	disease	concept	558	578	автоимунен тиреоидит
endocrinology_type 1 diabetes_42_BGgpt.txt	disease	concept	638	652	захарен диабет
endocrinology_type 1 diabetes_42_BGgpt.txt	disease	concept	1325	1345	захарен диабет тип 1
endocrinology_type 1 diabetes_42_BGgpt.txt	medication	concept	1524	1539	Болусен инсулин
endocrinology_type 1 diabetes_42_BGgpt.txt	medication	concept	1543	1557	Инсулин лизпро
endocrinology_type 1 diabetes_42_BGgpt.txt	medication	concept	1763	1770	инсулин
endocrinology_type 1 diabetes_42_BGgpt.txt	disease	concept	2046	2066	захарен диабет тип 1
endocrinology_type 1 diabetes_42_BGgpt.txt	medication	concept	2175	2182	инсулин
endocrinology_type 1 diabetes_42_BGgpt.txt	medication	concept	2334	2341	инсулин
endocrinology_type 1 diabetes_42_BGgpt.txt	disease	concept	2465	2485	периферна невропатия
endocrinology_type 1 diabetes_42_BGgpt.txt	disease	concept	2490	2494	язви
endocrinology_type 1 diabetes_42_BGgpt.txt	procedure	concept	2502	2515	Офталмоскопия
endocrinology_type 1 diabetes_42_BGgpt.txt	disease	concept	2566	2586	диабетна ретинопатия
endocrinology_type 1 diabetes_42_BGgpt.txt	medication	concept	2721	2736	Инсулин гларгин
endocrinology_type 1 diabetes_42_BGgpt.txt	medication	concept	2782	2796	Инсулин лизпро
endocrinology_type 1 diabetes_42_BGgpt.txt	medication	concept	3037	3045	инсулина
endocrinology_type 1 diabetes_42_BGgpt.txt	medication	concept	3688	3695	инсулин
endocrinology_type 1 diabetes_42_BGgpt.txt	disease	concept	3745	3757	хипогликемия
endocrinology_type 1 diabetes_42_BGgpt.txt	procedure	concept	3803	3813	Имунизации
endocrinology_type 1 diabetes_42_BGgpt.txt	disease	concept	3923	3937	захарен диабет
endocrinology_type 1 diabetes_42_BGgpt.txt	medication	concept	3951	3958	ваксини
endocrinology_type 1 diabetes_42_BGgpt.txt	disease	concept	3991	4005	вируса на грип
endocrinology_type 1 diabetes_42_BGgpt.txt	disease	concept	4007	4016	хепатит B
endocrinology_type 1 diabetes_42_BGgpt.txt	disease	concept	4018	4026	варицела
endocrinology_type 1 diabetes_42_BGgpt.txt	disease	concept	4029	4039	SARS-CoV-2
endocrinology_type 1 diabetes_42_BGgpt.txt	disease	concept	4125	4145	захарен диабет тип 1
endocrinology_type 1 diabetes_42_BGgpt.txt	disease	concept	4376	4396	захарен диабет тип 1
endocrinology_type 1 diabetes_42_BGgpt.txt	medication	concept	4609	4616	инсулин
endocrinology_type 1 diabetes_42_BGgpt.txt	procedure	concept	4761	4779	контролни прегледи
endocrinology_type 1 diabetes_42_BGgpt.txt	disease	concept	4969	5000	новооткрит захарен диабет тип 1
endocrinology_type 1 diabetes_42_BGgpt.txt	procedure	concept	5123	5147	амбулаторно проследяване
endocrinology_type 1 diabetes_43_BGgpt.txt	disease	concept	235	255	Захарен диабет тип 1
endocrinology_type 1 diabetes_43_BGgpt.txt	disease	concept	423	431	полиурия
endocrinology_type 1 diabetes_43_BGgpt.txt	disease	concept	433	443	полидипсия
endocrinology_type 1 diabetes_43_BGgpt.txt	disease	concept	741	755	захарен диабет
endocrinology_type 1 diabetes_43_BGgpt.txt	symptom	concept	791	799	Гликемия
endocrinology_type 1 diabetes_43_BGgpt.txt	disease	concept	1166	1176	глюкозурия
endocrinology_type 1 diabetes_43_BGgpt.txt	disease	concept	1179	1188	кетонурия
endocrinology_type 1 diabetes_43_BGgpt.txt	disease	concept	1204	1215	кетоацидоза
endocrinology_type 1 diabetes_43_BGgpt.txt	disease	concept	1390	1421	новооткрит захарен диабет тип 1
endocrinology_type 1 diabetes_43_BGgpt.txt	disease	concept	1436	1447	кетоацидоза
endocrinology_type 1 diabetes_43_BGgpt.txt	disease	concept	1598	1611	кетоацидозата
endocrinology_type 1 diabetes_43_BGgpt.txt	medication	concept	1770	1785	Инсулин Гларгин
endocrinology_type 1 diabetes_43_BGgpt.txt	medication	concept	1834	1848	Инсулин Лиспро
endocrinology_type 1 diabetes_43_BGgpt.txt	disease	concept	2007	2014	диабета
endocrinology_type 1 diabetes_43_BGgpt.txt	disease	concept	2434	2446	хипогликемия
endocrinology_type 1 diabetes_43_BGgpt.txt	disease	concept	2449	2462	хипергликемия
endocrinology_type 1 diabetes_43_BGgpt.txt	procedure	concept	2557	2569	очен преглед
endocrinology_type 1 diabetes_43_BGgpt.txt	disease	concept	2700	2707	диабета
endocrinology_type 1 diabetes_43_BGgpt.txt	medication	concept	2777	2784	инсулин
endocrinology_type 1 diabetes_43_BGgpt.txt	medication	concept	2824	2839	Инсулин Гларгин
endocrinology_type 1 diabetes_43_BGgpt.txt	medication	concept	2871	2885	Инсулин Лиспро
endocrinology_type 1 diabetes_43_BGgpt.txt	medication	concept	3025	3038	противогрипна
endocrinology_type 1 diabetes_43_BGgpt.txt	disease	concept	3061	3071	SARS-CoV-2
endocrinology_type 1 diabetes_43_BGgpt.txt	procedure	concept	3242	3262	инсулиновата терапия
endocrinology_type 1 diabetes_43_BGgpt.txt	disease	concept	3361	3367	диабет
endocrinology_type 1 diabetes_43_BGgpt.txt	disease	concept	3458	3465	диабета
endocrinology_type 1 diabetes_43_BGgpt.txt	disease	concept	3743	3755	хипогликемия
endocrinology_type 1 diabetes_44_BGgpt.txt	disease	concept	437	445	полиурия
endocrinology_type 1 diabetes_44_BGgpt.txt	disease	concept	447	457	полидипсия
endocrinology_type 1 diabetes_44_BGgpt.txt	disease	concept	903	917	захарен диабет
endocrinology_type 1 diabetes_44_BGgpt.txt	disease	concept	955	970	Хипотиреоидизъм
endocrinology_type 1 diabetes_44_BGgpt.txt	medication	concept	982	994	левотироксин
endocrinology_type 1 diabetes_44_BGgpt.txt	symptom	concept	1273	1279	обриви
endocrinology_type 1 diabetes_44_BGgpt.txt	disease	concept	1949	1969	Захарен диабет тип 1
endocrinology_type 1 diabetes_44_BGgpt.txt	disease	concept	2115	2129	захарен диабет
endocrinology_type 1 diabetes_44_BGgpt.txt	disease	concept	2338	2358	Захарен диабет тип 1
endocrinology_type 1 diabetes_44_BGgpt.txt	medication	concept	2428	2435	инсулин
endocrinology_type 1 diabetes_44_BGgpt.txt	medication	concept	2643	2657	Инсулин лиспро
endocrinology_type 1 diabetes_44_BGgpt.txt	medication	concept	2814	2826	Левотироксин
endocrinology_type 1 diabetes_44_BGgpt.txt	disease	concept	3741	3761	Захарен диабет тип 1
endocrinology_type 1 diabetes_44_BGgpt.txt	medication	concept	3845	3852	инсулин
endocrinology_type 1 diabetes_44_BGgpt.txt	disease	concept	3968	3981	хипергликемия
endocrinology_type 1 diabetes_44_BGgpt.txt	medication	concept	4324	4331	инсулин
endocrinology_type 1 diabetes_44_BGgpt.txt	procedure	concept	4399	4417	контролни прегледи
endocrinology_type 1 diabetes_44_BGgpt.txt	disease	concept	4563	4581	тежка хипогликемия
endocrinology_type 1 diabetes_44_BGgpt.txt	disease	concept	4586	4606	диабетна кетоацидоза
endocrinology_type 1 diabetes_45_BGgpt.txt	disease	concept	239	259	Захарен диабет тип 1
endocrinology_type 1 diabetes_45_BGgpt.txt	symptom	concept	432	448	прекомерна жажда
endocrinology_type 1 diabetes_45_BGgpt.txt	symptom	concept	456	465	уриниране
endocrinology_type 1 diabetes_45_BGgpt.txt	disease	concept	617	631	захарен диабет
endocrinology_type 1 diabetes_45_BGgpt.txt	disease	concept	813	833	захарен диабет тип 1
endocrinology_type 1 diabetes_45_BGgpt.txt	disease	concept	921	941	захарен диабет тип 1
endocrinology_type 1 diabetes_45_BGgpt.txt	medication	concept	1180	1195	Инсулин гларгин
endocrinology_type 1 diabetes_45_BGgpt.txt	medication	concept	1246	1260	Инсулин лизпро
endocrinology_type 1 diabetes_45_BGgpt.txt	procedure	concept	1406	1414	корекции
endocrinology_type 1 diabetes_45_BGgpt.txt	disease	concept	1700	1721	захарния диабет тип 1
endocrinology_type 1 diabetes_45_BGgpt.txt	disease	concept	1798	1811	хипергликемия
endocrinology_type 1 diabetes_45_BGgpt.txt	medication	concept	2291	2306	Инсулин гларгин
endocrinology_type 1 diabetes_45_BGgpt.txt	medication	concept	2341	2355	Инсулин лизпро
endocrinology_type 1 diabetes_45_BGgpt.txt	procedure	concept	2675	2688	офталмоскопия
endocrinology_type 1 diabetes_45_BGgpt.txt	disease	concept	2904	2916	хипогликемия
endocrinology_type 1 diabetes_45_BGgpt.txt	disease	concept	2921	2934	хипергликемия
endocrinology_type 1 diabetes_45_BGgpt.txt	disease	concept	3103	3117	захарен диабет
endocrinology_type 1 diabetes_45_BGgpt.txt	medication	concept	3131	3149	ваксини срещу грип
endocrinology_type 1 diabetes_45_BGgpt.txt	disease	concept	3152	3162	SARS-CoV-2
endocrinology_type 1 diabetes_45_BGgpt.txt	disease	concept	3277	3284	диабета
endocrinology_type 1 diabetes_45_BGgpt.txt	disease	concept	3407	3413	диабет
endocrinology_type 1 diabetes_45_BGgpt.txt	medication	concept	3653	3660	инсулин
endocrinology_type 1 diabetes_46_BGgpt.txt	symptom	concept	470	479	уриниране
endocrinology_type 1 diabetes_46_BGgpt.txt	disease	concept	603	625	автоимунни заболявания
endocrinology_type 1 diabetes_46_BGgpt.txt	disease	concept	945	959	захарен диабет
endocrinology_type 1 diabetes_46_BGgpt.txt	disease	concept	1074	1094	Захарен диабет тип 1
endocrinology_type 1 diabetes_46_BGgpt.txt	disease	concept	1209	1229	периферна невропатия
endocrinology_type 1 diabetes_46_BGgpt.txt	disease	concept	1234	1245	ретинопатия
endocrinology_type 1 diabetes_46_BGgpt.txt	medication	concept	1525	1540	Базален инсулин
endocrinology_type 1 diabetes_46_BGgpt.txt	medication	concept	1544	1559	Инсулин Гларжин
endocrinology_type 1 diabetes_46_BGgpt.txt	medication	concept	1598	1613	Болусен инсулин
endocrinology_type 1 diabetes_46_BGgpt.txt	medication	concept	1617	1631	Инсулин Лиспро
endocrinology_type 1 diabetes_46_BGgpt.txt	disease	concept	1973	1985	хипогликемия
endocrinology_type 1 diabetes_46_BGgpt.txt	disease	concept	1988	2001	хипергликемия
endocrinology_type 1 diabetes_46_BGgpt.txt	medication	concept	2539	2554	Инсулин Гларжин
endocrinology_type 1 diabetes_46_BGgpt.txt	medication	concept	2595	2609	Инсулин Лиспро
endocrinology_type 1 diabetes_46_BGgpt.txt	medication	concept	2987	3001	Инсулин Лиспро
endocrinology_type 1 diabetes_46_BGgpt.txt	disease	concept	3457	3469	хипогликемия
endocrinology_type 1 diabetes_46_BGgpt.txt	disease	concept	3735	3759	Streptococcus pneumoniae
endocrinology_type 1 diabetes_46_BGgpt.txt	disease	concept	3761	3765	грип
endocrinology_type 1 diabetes_46_BGgpt.txt	disease	concept	3767	3776	хепатит B
endocrinology_type 1 diabetes_46_BGgpt.txt	disease	concept	3778	3786	варицела
endocrinology_type 1 diabetes_46_BGgpt.txt	disease	concept	3789	3799	SARS-CoV-2
endocrinology_type 1 diabetes_46_BGgpt.txt	disease	concept	3866	3886	Захарен диабет тип 1
endocrinology_type 1 diabetes_47_BGgpt.txt	disease	concept	400	408	полиурия
endocrinology_type 1 diabetes_47_BGgpt.txt	disease	concept	410	420	полидипсия
endocrinology_type 1 diabetes_47_BGgpt.txt	disease	concept	625	639	захарен диабет
endocrinology_type 1 diabetes_47_BGgpt.txt	disease	concept	964	984	захарен диабет тип 1
endocrinology_type 1 diabetes_47_BGgpt.txt	disease	concept	1033	1053	захарен диабет тип 1
endocrinology_type 1 diabetes_47_BGgpt.txt	procedure	concept	1365	1385	Диетична консултация
endocrinology_type 1 diabetes_47_BGgpt.txt	disease	concept	1562	1568	диабет
endocrinology_type 1 diabetes_47_BGgpt.txt	disease	concept	1627	1634	диабета
endocrinology_type 1 diabetes_47_BGgpt.txt	disease	concept	1656	1669	хипергликемия
endocrinology_type 1 diabetes_47_BGgpt.txt	medication	concept	1972	1979	инсулин
endocrinology_type 1 diabetes_47_BGgpt.txt	disease	concept	2084	2091	диабета
endocrinology_type 1 diabetes_47_BGgpt.txt	medication	concept	2209	2224	Инсулин гларжин
endocrinology_type 1 diabetes_47_BGgpt.txt	medication	concept	2273	2287	Инсулин лизпро
endocrinology_type 1 diabetes_47_BGgpt.txt	procedure	concept	2396	2430	Ендокринологичен контролен преглед
endocrinology_type 1 diabetes_47_BGgpt.txt	procedure	concept	2559	2585	Офталмологична консултация
endocrinology_type 1 diabetes_47_BGgpt.txt	procedure	concept	2662	2688	Диетичен контролен преглед
endocrinology_type 1 diabetes_47_BGgpt.txt	procedure	concept	2791	2799	корекции
endocrinology_type 1 diabetes_47_BGgpt.txt	disease	concept	2832	2838	диабет
endocrinology_type 1 diabetes_47_BGgpt.txt	disease	concept	2920	2927	диабета
endocrinology_type 1 diabetes_47_BGgpt.txt	medication	concept	3105	3112	инсулин
endocrinology_type 1 diabetes_47_BGgpt.txt	medication	concept	3127	3139	въглехидрати
endocrinology_type 1 diabetes_47_BGgpt.txt	disease	concept	3183	3195	хипогликемия
endocrinology_type 1 diabetes_47_BGgpt.txt	medication	concept	3393	3400	ваксини
endocrinology_type 1 diabetes_47_BGgpt.txt	disease	concept	3407	3411	грип
endocrinology_type 1 diabetes_47_BGgpt.txt	disease	concept	3413	3423	пневмококи
endocrinology_type 1 diabetes_47_BGgpt.txt	disease	concept	3520	3530	SARS-CoV-2
endocrinology_type 1 diabetes_47_BGgpt.txt	disease	concept	3803	3816	хипергликемия
endocrinology_type 1 diabetes_47_BGgpt.txt	disease	concept	4187	4193	диабет
endocrinology_type 1 diabetes_48_BGgpt.txt	disease	concept	232	246	захарен диабет
endocrinology_type 1 diabetes_48_BGgpt.txt	disease	concept	271	291	Захарен диабет тип 1
endocrinology_type 1 diabetes_48_BGgpt.txt	disease	concept	443	451	полиурия
endocrinology_type 1 diabetes_48_BGgpt.txt	disease	concept	453	463	полидипсия
endocrinology_type 1 diabetes_48_BGgpt.txt	disease	concept	687	701	захарен диабет
endocrinology_type 1 diabetes_48_BGgpt.txt	symptom	concept	780	792	затлъстяване
endocrinology_type 1 diabetes_48_BGgpt.txt	disease	concept	825	845	захарен диабет тип 1
endocrinology_type 1 diabetes_48_BGgpt.txt	disease	concept	956	976	захарен диабет тип 1
endocrinology_type 1 diabetes_48_BGgpt.txt	medication	concept	1109	1124	инсулин гларгин
endocrinology_type 1 diabetes_48_BGgpt.txt	medication	concept	1174	1188	инсулин лизпро
endocrinology_type 1 diabetes_48_BGgpt.txt	procedure	concept	1672	1689	диабетно обучение
endocrinology_type 1 diabetes_48_BGgpt.txt	medication	concept	1742	1749	инсулин
endocrinology_type 1 diabetes_48_BGgpt.txt	disease	concept	2150	2170	периферна невропатия
endocrinology_type 1 diabetes_48_BGgpt.txt	disease	concept	2255	2275	диабетна ретинопатия
endocrinology_type 1 diabetes_48_BGgpt.txt	disease	concept	2571	2595	Streptococcus pneumoniae
endocrinology_type 1 diabetes_48_BGgpt.txt	disease	concept	2597	2612	вируса на грипа
endocrinology_type 1 diabetes_48_BGgpt.txt	disease	concept	2625	2633	варицела
endocrinology_type 1 diabetes_48_BGgpt.txt	disease	concept	2636	2646	SARS-CoV-2
endocrinology_type 1 diabetes_48_BGgpt.txt	medication	concept	2940	2953	Мултивитамини
endocrinology_type 1 diabetes_48_BGgpt.txt	disease	concept	3672	3684	хипогликемия
endocrinology_type 1 diabetes_48_BGgpt.txt	symptom	concept	3686	3695	треперене
endocrinology_type 1 diabetes_48_BGgpt.txt	symptom	concept	3697	3707	изпотяване
endocrinology_type 1 diabetes_48_BGgpt.txt	symptom	concept	3709	3718	объркване
endocrinology_type 1 diabetes_48_BGgpt.txt	disease	concept	3722	3735	хипергликемия
endocrinology_type 1 diabetes_48_BGgpt.txt	symptom	concept	3743	3752	уриниране
endocrinology_type 1 diabetes_48_BGgpt.txt	symptom	concept	3754	3768	повишена жажда
endocrinology_type 1 diabetes_48_BGgpt.txt	symptom	concept	3770	3786	замъглено зрение
endocrinology_type 1 diabetes_49_BGgpt.txt	disease	concept	384	392	полиурия
endocrinology_type 1 diabetes_49_BGgpt.txt	disease	concept	687	707	захарен диабет тип 1
endocrinology_type 1 diabetes_49_BGgpt.txt	procedure	concept	1288	1301	Офталмоскопия
endocrinology_type 1 diabetes_49_BGgpt.txt	symptom	concept	1338	1349	ретинопатия
endocrinology_type 1 diabetes_49_BGgpt.txt	disease	concept	1669	1684	хипергликемията
endocrinology_type 1 diabetes_49_BGgpt.txt	medication	concept	1723	1738	Базален инсулин
endocrinology_type 1 diabetes_49_BGgpt.txt	medication	concept	1742	1757	Инсулин Гларжин
endocrinology_type 1 diabetes_49_BGgpt.txt	medication	concept	1815	1829	Инсулин Лиспро
endocrinology_type 1 diabetes_49_BGgpt.txt	disease	concept	2008	2022	захарен диабет
endocrinology_type 1 diabetes_49_BGgpt.txt	disease	concept	2202	2215	хипергликемия
endocrinology_type 1 diabetes_49_BGgpt.txt	disease	concept	2598	2610	хипогликемия
endocrinology_type 1 diabetes_49_BGgpt.txt	medication	concept	2989	3001	въглехидрати
endocrinology_type 1 diabetes_49_BGgpt.txt	disease	concept	3024	3037	хипергликемия
endocrinology_type 1 diabetes_49_BGgpt.txt	medication	concept	3129	3137	инсулина
endocrinology_type 1 diabetes_49_BGgpt.txt	medication	concept	3152	3164	въглехидрати
endocrinology_type 1 diabetes_49_BGgpt.txt	procedure	concept	3367	3380	офталмоскопия
endocrinology_type 1 diabetes_49_BGgpt.txt	medication	concept	3587	3594	ваксини
endocrinology_type 1 diabetes_49_BGgpt.txt	disease	concept	3611	3625	захарен диабет
endocrinology_type 1 diabetes_49_BGgpt.txt	medication	concept	3639	3675	противогрипна и пневмококова ваксина
endocrinology_type 1 diabetes_49_BGgpt.txt	medication	concept	3711	3726	Инсулин Гларжин
endocrinology_type 1 diabetes_49_BGgpt.txt	medication	concept	3763	3777	Инсулин Лиспро
endocrinology_type 1 diabetes_4_BGgpt.txt	disease	concept	282	302	Захарен диабет тип 1
endocrinology_type 1 diabetes_4_BGgpt.txt	disease	concept	516	524	полиурия
endocrinology_type 1 diabetes_4_BGgpt.txt	symptom	concept	624	640	замъглено зрение
endocrinology_type 1 diabetes_4_BGgpt.txt	symptom	concept	643	648	умора
endocrinology_type 1 diabetes_4_BGgpt.txt	disease	concept	675	689	захарен диабет
endocrinology_type 1 diabetes_4_BGgpt.txt	disease	concept	1375	1395	захарен диабет тип 1
endocrinology_type 1 diabetes_4_BGgpt.txt	disease	concept	1457	1468	ретинопатия
endocrinology_type 1 diabetes_4_BGgpt.txt	medication	concept	1732	1738	статин
endocrinology_type 1 diabetes_4_BGgpt.txt	medication	concept	1836	1851	Инсулин гларжин
endocrinology_type 1 diabetes_4_BGgpt.txt	medication	concept	1890	1904	Инсулин лизпро
endocrinology_type 1 diabetes_4_BGgpt.txt	disease	concept	2177	2191	захарен диабет
endocrinology_type 1 diabetes_4_BGgpt.txt	medication	concept	2247	2254	инсулин
endocrinology_type 1 diabetes_4_BGgpt.txt	medication	concept	2671	2683	Аторвастатин
endocrinology_type 1 diabetes_4_BGgpt.txt	medication	concept	2792	2812	пневмококова ваксини
endocrinology_type 1 diabetes_4_BGgpt.txt	disease	concept	3085	3094	Подиатрия
endocrinology_type 1 diabetes_4_BGgpt.txt	disease	concept	3525	3531	диабет
endocrinology_type 1 diabetes_4_BGgpt.txt	disease	concept	3590	3603	хипергликемия
endocrinology_type 1 diabetes_4_BGgpt.txt	disease	concept	3731	3737	диабет
endocrinology_type 1 diabetes_4_BGgpt.txt	medication	concept	3842	3857	Инсулин гларжин
endocrinology_type 1 diabetes_4_BGgpt.txt	medication	concept	3881	3895	Инсулин лизпро
endocrinology_type 1 diabetes_4_BGgpt.txt	medication	concept	3934	3946	Аторвастатин
endocrinology_type 1 diabetes_5_BGgpt.txt	disease	concept	4	12	Епикриза
endocrinology_type 1 diabetes_5_BGgpt.txt	disease	concept	350	358	полиурия
endocrinology_type 1 diabetes_5_BGgpt.txt	disease	concept	360	370	полидипсия
endocrinology_type 1 diabetes_5_BGgpt.txt	symptom	concept	568	573	жажда
endocrinology_type 1 diabetes_5_BGgpt.txt	disease	concept	1074	1088	захарен диабет
endocrinology_type 1 diabetes_5_BGgpt.txt	disease	concept	1155	1169	захарен диабет
endocrinology_type 1 diabetes_5_BGgpt.txt	disease	concept	1381	1395	захарен диабет
endocrinology_type 1 diabetes_5_BGgpt.txt	disease	concept	1762	1777	захарния диабет
endocrinology_type 1 diabetes_5_BGgpt.txt	procedure	concept	1800	1818	инсулинова терапия
endocrinology_type 1 diabetes_5_BGgpt.txt	medication	concept	1844	1859	инсулин гларгин
endocrinology_type 1 diabetes_5_BGgpt.txt	medication	concept	1892	1917	прандиален инсулин лизпро
endocrinology_type 1 diabetes_5_BGgpt.txt	disease	concept	2233	2239	диабет
endocrinology_type 1 diabetes_5_BGgpt.txt	procedure	concept	2251	2256	диета
endocrinology_type 1 diabetes_5_BGgpt.txt	procedure	concept	2258	2277	физическа активност
endocrinology_type 1 diabetes_5_BGgpt.txt	medication	concept	2292	2299	инсулин
endocrinology_type 1 diabetes_5_BGgpt.txt	disease	concept	2403	2415	хипогликемия
endocrinology_type 1 diabetes_5_BGgpt.txt	disease	concept	2418	2431	хипергликемия
endocrinology_type 1 diabetes_5_BGgpt.txt	procedure	concept	2466	2488	профилактични прегледи
endocrinology_type 1 diabetes_5_BGgpt.txt	disease	concept	2506	2513	диабета
endocrinology_type 1 diabetes_5_BGgpt.txt	disease	concept	2609	2629	диабетна кетоацидоза
endocrinology_type 1 diabetes_5_BGgpt.txt	disease	concept	2640	2658	тежка хипогликемия
endocrinology_type 1 diabetes_5_BGgpt.txt	medication	concept	2725	2740	Инсулин гларгин
endocrinology_type 1 diabetes_5_BGgpt.txt	medication	concept	2784	2798	Инсулин лизпро
endocrinology_type 1 diabetes_5_BGgpt.txt	medication	concept	2899	2912	Мултивитамини
endocrinology_type 1 diabetes_5_BGgpt.txt	disease	concept	3857	3881	Streptococcus pneumoniae
endocrinology_type 1 diabetes_5_BGgpt.txt	disease	concept	3883	3887	грип
endocrinology_type 1 diabetes_5_BGgpt.txt	disease	concept	3889	3898	хепатит B
endocrinology_type 1 diabetes_5_BGgpt.txt	disease	concept	3901	3911	SARS-CoV-2
endocrinology_type 1 diabetes_5_BGgpt.txt	disease	concept	3977	3997	захарен диабет тип 1
endocrinology_type 1 diabetes_6_BGgpt.txt	disease	concept	368	388	Захарен диабет тип 1
endocrinology_type 1 diabetes_6_BGgpt.txt	symptom	concept	584	598	повишена жажда
endocrinology_type 1 diabetes_6_BGgpt.txt	symptom	concept	601	624	неволна загуба на тегло
endocrinology_type 1 diabetes_6_BGgpt.txt	disease	concept	831	845	захарен диабет
endocrinology_type 1 diabetes_6_BGgpt.txt	disease	concept	901	921	захарен диабет тип 2
endocrinology_type 1 diabetes_6_BGgpt.txt	disease	concept	938	958	захарен диабет тип 1
endocrinology_type 1 diabetes_6_BGgpt.txt	disease	concept	1282	1294	диабет тип 1
endocrinology_type 1 diabetes_6_BGgpt.txt	medication	concept	1376	1391	инсулин гларгин
endocrinology_type 1 diabetes_6_BGgpt.txt	medication	concept	1444	1458	инсулин лизпро
endocrinology_type 1 diabetes_6_BGgpt.txt	disease	concept	1826	1839	хипергликемия
endocrinology_type 1 diabetes_6_BGgpt.txt	disease	concept	1888	1895	диабета
endocrinology_type 1 diabetes_6_BGgpt.txt	medication	concept	1939	1950	медикаменти
endocrinology_type 1 diabetes_6_BGgpt.txt	disease	concept	2023	2035	хипогликемия
endocrinology_type 1 diabetes_6_BGgpt.txt	disease	concept	2505	2516	ретинопатия
endocrinology_type 1 diabetes_6_BGgpt.txt	medication	concept	2774	2788	Инсулин лизпро
endocrinology_type 1 diabetes_6_BGgpt.txt	medication	concept	2853	2866	Мултивитамини
endocrinology_type 1 diabetes_6_BGgpt.txt	disease	concept	3084	3104	диабетна ретинопатия
endocrinology_type 1 diabetes_6_BGgpt.txt	disease	concept	3429	3441	хипогликемия
endocrinology_type 1 diabetes_6_BGgpt.txt	disease	concept	3444	3457	хипергликемия
endocrinology_type 1 diabetes_7_BGgpt.txt	disease	concept	279	299	Захарен диабет тип 1
endocrinology_type 1 diabetes_7_BGgpt.txt	disease	concept	465	473	полиурия
endocrinology_type 1 diabetes_7_BGgpt.txt	disease	concept	475	485	полидипсия
endocrinology_type 1 diabetes_7_BGgpt.txt	disease	concept	736	756	захарен диабет тип 1
endocrinology_type 1 diabetes_7_BGgpt.txt	medication	concept	832	839	инсулин
endocrinology_type 1 diabetes_7_BGgpt.txt	medication	concept	905	920	базален инсулин
endocrinology_type 1 diabetes_7_BGgpt.txt	medication	concept	960	981	препрандиален инсулин
endocrinology_type 1 diabetes_7_BGgpt.txt	disease	concept	1555	1567	хипогликемия
endocrinology_type 1 diabetes_7_BGgpt.txt	disease	concept	1570	1583	хипергликемия
endocrinology_type 1 diabetes_7_BGgpt.txt	disease	concept	1624	1643	диабетни усложнения
endocrinology_type 1 diabetes_7_BGgpt.txt	medication	concept	1875	1890	Инсулин гларжин
endocrinology_type 1 diabetes_7_BGgpt.txt	medication	concept	1940	1954	Инсулин лиzпро
endocrinology_type 1 diabetes_7_BGgpt.txt	medication	concept	1998	2011	Мултивитамини
endocrinology_type 1 diabetes_7_BGgpt.txt	disease	concept	2644	2656	хипогликемия
endocrinology_type 1 diabetes_7_BGgpt.txt	disease	concept	3038	3061	управлението на диабета
endocrinology_type 1 diabetes_7_BGgpt.txt	disease	concept	3132	3151	диабетна невропатия
endocrinology_type 1 diabetes_7_BGgpt.txt	disease	concept	3153	3164	ретинопатия
endocrinology_type 1 diabetes_7_BGgpt.txt	disease	concept	3167	3177	нефропатия
endocrinology_type 1 diabetes_7_BGgpt.txt	disease	concept	3250	3271	пневмококови инфекции
endocrinology_type 1 diabetes_7_BGgpt.txt	disease	concept	3273	3277	грип
endocrinology_type 1 diabetes_7_BGgpt.txt	disease	concept	3279	3288	хепатит B
endocrinology_type 1 diabetes_7_BGgpt.txt	disease	concept	3290	3298	варицела
endocrinology_type 1 diabetes_7_BGgpt.txt	disease	concept	3301	3311	SARS-CoV-2
endocrinology_type 1 diabetes_7_BGgpt.txt	disease	concept	3518	3525	диабета
endocrinology_type 1 diabetes_8_BGgpt.txt	disease	concept	360	380	Захарен диабет тип 1
endocrinology_type 1 diabetes_8_BGgpt.txt	disease	concept	537	545	полиурия
endocrinology_type 1 diabetes_8_BGgpt.txt	disease	concept	547	557	полидипсия
endocrinology_type 1 diabetes_8_BGgpt.txt	symptom	concept	559	582	неволна загуба на тегло
endocrinology_type 1 diabetes_8_BGgpt.txt	disease	concept	848	868	Захарен диабет тип 1
endocrinology_type 1 diabetes_8_BGgpt.txt	procedure	concept	960	975	инсулинотерапия
endocrinology_type 1 diabetes_8_BGgpt.txt	disease	concept	1463	1469	диабет
endocrinology_type 1 diabetes_8_BGgpt.txt	medication	concept	1574	1581	инсулин
endocrinology_type 1 diabetes_8_BGgpt.txt	disease	concept	1895	1914	диабетни усложнения
endocrinology_type 1 diabetes_8_BGgpt.txt	disease	concept	2001	2012	ретинопатия
endocrinology_type 1 diabetes_8_BGgpt.txt	disease	concept	2209	2229	периферна невропатия
endocrinology_type 1 diabetes_8_BGgpt.txt	symptom	concept	2243	2257	кръвообращение
endocrinology_type 1 diabetes_8_BGgpt.txt	medication	concept	2413	2428	Инсулин Гларгин
endocrinology_type 1 diabetes_8_BGgpt.txt	medication	concept	2468	2482	Инсулин Лиспро
endocrinology_type 1 diabetes_8_BGgpt.txt	medication	concept	2562	2575	Мултивитамини
endocrinology_type 1 diabetes_8_BGgpt.txt	disease	concept	2726	2733	диабета
endocrinology_type 1 diabetes_8_BGgpt.txt	disease	concept	2822	2833	ретинопатия
endocrinology_type 1 diabetes_8_BGgpt.txt	disease	concept	3300	3312	хипогликемия
endocrinology_type 1 diabetes_8_BGgpt.txt	procedure	concept	3455	3465	Ваксинации
endocrinology_type 1 diabetes_8_BGgpt.txt	disease	concept	3524	3528	грип
endocrinology_type 1 diabetes_8_BGgpt.txt	disease	concept	3530	3539	пневмокок
endocrinology_type 1 diabetes_8_BGgpt.txt	disease	concept	3541	3550	хепатит B
endocrinology_type 1 diabetes_8_BGgpt.txt	disease	concept	3552	3560	варицела
endocrinology_type 1 diabetes_8_BGgpt.txt	disease	concept	3563	3573	SARS-CoV-2
endocrinology_type 1 diabetes_8_BGgpt.txt	disease	concept	3683	3695	хипогликемия
endocrinology_type 1 diabetes_8_BGgpt.txt	disease	concept	3698	3711	хипергликемия
endocrinology_type 1 diabetes_8_BGgpt.txt	medication	concept	3727	3734	инсулин
endocrinology_type 1 diabetes_8_BGgpt.txt	disease	concept	3822	3828	диабет
endocrinology_type 1 diabetes_8_BGgpt.txt	disease	concept	3870	3877	диабета
endocrinology_type 1 diabetes_8_BGgpt.txt	medication	concept	4081	4088	инсулин
endocrinology_type 1 diabetes_8_BGgpt.txt	disease	concept	4170	4182	хипогликемия
endocrinology_type 1 diabetes_9_BGgpt.txt	disease	concept	346	366	Захарен диабет тип 1
endocrinology_type 1 diabetes_9_BGgpt.txt	disease	concept	715	723	полиурия
endocrinology_type 1 diabetes_9_BGgpt.txt	disease	concept	725	735	полидипсия
endocrinology_type 1 diabetes_9_BGgpt.txt	symptom	concept	992	1004	затлъстяване
endocrinology_type 1 diabetes_9_BGgpt.txt	disease	concept	1089	1109	захарен диабет тип 1
endocrinology_type 1 diabetes_9_BGgpt.txt	medication	concept	1137	1144	инсулин
endocrinology_type 1 diabetes_9_BGgpt.txt	disease	concept	1639	1646	диабета
endocrinology_type 1 diabetes_9_BGgpt.txt	medication	concept	1714	1721	инсулин
endocrinology_type 1 diabetes_9_BGgpt.txt	disease	concept	1751	1763	хипогликемия
endocrinology_type 1 diabetes_9_BGgpt.txt	disease	concept	1766	1779	хипергликемия
endocrinology_type 1 diabetes_9_BGgpt.txt	symptom	concept	2408	2429	сърдечно-съдовия риск
endocrinology_type 1 diabetes_9_BGgpt.txt	disease	concept	2491	2503	грипен вирус
endocrinology_type 1 diabetes_9_BGgpt.txt	disease	concept	2505	2514	хепатит B
endocrinology_type 1 diabetes_9_BGgpt.txt	disease	concept	2516	2524	варицела
endocrinology_type 1 diabetes_9_BGgpt.txt	disease	concept	2527	2537	SARS-CoV-2
endocrinology_type 1 diabetes_9_BGgpt.txt	medication	concept	2629	2644	Инсулин гларгин
endocrinology_type 1 diabetes_9_BGgpt.txt	medication	concept	2688	2702	Инсулин лизпро
endocrinology_type 1 diabetes_9_BGgpt.txt	disease	concept	2929	2936	диабета
endocrinology_type 1 diabetes_9_BGgpt.txt	disease	concept	3106	3113	диабета
endocrinology_type 1 diabetes_9_BGgpt.txt	disease	concept	3385	3392	диабета
endocrinology_type 1 diabetes_9_BGgpt.txt	disease	concept	3520	3527	диабета
endocrinology_type 2 diabetes_0_BGgpt.txt	disease	concept	502	510	полиурия
endocrinology_type 2 diabetes_0_BGgpt.txt	disease	concept	681	695	захарен диабет
endocrinology_type 2 diabetes_0_BGgpt.txt	disease	concept	1009	1023	захарен диабет
endocrinology_type 2 diabetes_0_BGgpt.txt	disease	concept	1166	1180	захарен диабет
endocrinology_type 2 diabetes_0_BGgpt.txt	disease	concept	1388	1395	диабета
endocrinology_type 2 diabetes_0_BGgpt.txt	medication	concept	1397	1406	Метформин
endocrinology_type 2 diabetes_0_BGgpt.txt	disease	concept	1641	1653	хипогликемия
endocrinology_type 2 diabetes_0_BGgpt.txt	disease	concept	1656	1669	хипергликемия
endocrinology_type 2 diabetes_0_BGgpt.txt	disease	concept	1711	1718	диабета
endocrinology_type 2 diabetes_0_BGgpt.txt	medication	concept	1830	1840	семаглутид
endocrinology_type 2 diabetes_0_BGgpt.txt	medication	concept	2539	2546	инсулин
endocrinology_type 2 diabetes_0_BGgpt.txt	disease	concept	2608	2620	хипогликемия
endocrinology_type 2 diabetes_0_BGgpt.txt	medication	concept	2633	2640	инсулин
endocrinology_type 2 diabetes_0_BGgpt.txt	disease	concept	2982	3006	Streptococcus pneumoniae
endocrinology_type 2 diabetes_0_BGgpt.txt	disease	concept	3008	3023	вируса на грипа
endocrinology_type 2 diabetes_0_BGgpt.txt	disease	concept	3025	3034	хепатит B
endocrinology_type 2 diabetes_0_BGgpt.txt	disease	concept	3036	3044	варицела
endocrinology_type 2 diabetes_0_BGgpt.txt	disease	concept	3047	3057	SARS-CoV-2
endocrinology_type 2 diabetes_0_BGgpt.txt	medication	concept	3123	3132	Метформин
endocrinology_type 2 diabetes_0_BGgpt.txt	medication	concept	3171	3181	Семаглутид
endocrinology_type 2 diabetes_0_BGgpt.txt	medication	concept	4303	4314	медикаменти
endocrinology_type 2 diabetes_0_BGgpt.txt	disease	concept	4404	4423	диабетни усложнения
endocrinology_type 2 diabetes_0_BGgpt.txt	disease	concept	4677	4689	хипогликемия
endocrinology_type 2 diabetes_0_BGgpt.txt	symptom	concept	4724	4732	ходилата
endocrinology_type 2 diabetes_0_BGgpt.txt	symptom	concept	4743	4766	обезпокоителни симптоми
endocrinology_type 2 diabetes_0_BGgpt.txt	disease	concept	4805	4811	диабет
endocrinology_type 2 diabetes_10_BGgpt.txt	disease	concept	380	388	полиурия
endocrinology_type 2 diabetes_10_BGgpt.txt	disease	concept	390	400	полидипсия
endocrinology_type 2 diabetes_10_BGgpt.txt	disease	concept	512	526	захарен диабет
endocrinology_type 2 diabetes_10_BGgpt.txt	disease	concept	554	568	захарен диабет
endocrinology_type 2 diabetes_10_BGgpt.txt	symptom	concept	860	872	затлъстяване
endocrinology_type 2 diabetes_10_BGgpt.txt	disease	concept	1384	1387	A1C
endocrinology_type 2 diabetes_10_BGgpt.txt	disease	concept	1600	1620	Захарен диабет тип 2
endocrinology_type 2 diabetes_10_BGgpt.txt	disease	concept	1884	1891	диабета
endocrinology_type 2 diabetes_10_BGgpt.txt	procedure	concept	1934	1944	хидратация
endocrinology_type 2 diabetes_10_BGgpt.txt	medication	concept	1960	1969	метформин
endocrinology_type 2 diabetes_10_BGgpt.txt	medication	concept	2201	2211	семаглутид
endocrinology_type 2 diabetes_10_BGgpt.txt	medication	concept	2848	2857	Метформин
endocrinology_type 2 diabetes_10_BGgpt.txt	medication	concept	2884	2894	Семаглутид
endocrinology_type 2 diabetes_10_BGgpt.txt	medication	concept	2973	2983	Лизиноприл
endocrinology_type 2 diabetes_10_BGgpt.txt	medication	concept	3013	3025	Аторвастатин
endocrinology_type 2 diabetes_10_BGgpt.txt	disease	concept	3209	3216	диабета
endocrinology_type 2 diabetes_10_BGgpt.txt	disease	concept	3496	3502	диабет
endocrinology_type 2 diabetes_10_BGgpt.txt	medication	concept	3603	3610	инсулин
endocrinology_type 2 diabetes_10_BGgpt.txt	disease	concept	3709	3716	диабета
endocrinology_type 2 diabetes_10_BGgpt.txt	medication	concept	3924	3932	инсулина
endocrinology_type 2 diabetes_10_BGgpt.txt	medication	concept	4009	4016	инсулин
endocrinology_type 2 diabetes_10_BGgpt.txt	disease	concept	4067	4091	Streptococcus pneumoniae
endocrinology_type 2 diabetes_10_BGgpt.txt	disease	concept	4093	4102	инфлуенца
endocrinology_type 2 diabetes_10_BGgpt.txt	disease	concept	4104	4113	хепатит B
endocrinology_type 2 diabetes_10_BGgpt.txt	disease	concept	4115	4123	варицела
endocrinology_type 2 diabetes_10_BGgpt.txt	disease	concept	4126	4136	SARS-CoV-2
endocrinology_type 2 diabetes_11_BGgpt.txt	disease	concept	309	329	захарен диабет тип 2
endocrinology_type 2 diabetes_11_BGgpt.txt	disease	concept	349	369	Захарен диабет тип 2
endocrinology_type 2 diabetes_11_BGgpt.txt	symptom	concept	492	497	жажда
endocrinology_type 2 diabetes_11_BGgpt.txt	symptom	concept	505	514	уриниране
endocrinology_type 2 diabetes_11_BGgpt.txt	disease	concept	1029	1049	захарен диабет тип 2
endocrinology_type 2 diabetes_11_BGgpt.txt	disease	concept	1236	1250	захарен диабет
endocrinology_type 2 diabetes_11_BGgpt.txt	medication	concept	1660	1681	перорални медикаменти
endocrinology_type 2 diabetes_11_BGgpt.txt	medication	concept	1694	1710	Метформин 500 mg
endocrinology_type 2 diabetes_11_BGgpt.txt	medication	concept	1880	1890	Семаглутид
endocrinology_type 2 diabetes_11_BGgpt.txt	medication	concept	2277	2286	Метформин
endocrinology_type 2 diabetes_11_BGgpt.txt	medication	concept	2327	2337	Семаглутид
endocrinology_type 2 diabetes_11_BGgpt.txt	disease	concept	2992	3004	хипогликемия
endocrinology_type 2 diabetes_11_BGgpt.txt	disease	concept	3007	3020	хипергликемия
endocrinology_type 2 diabetes_11_BGgpt.txt	medication	concept	3231	3251	пневмококови ваксини
endocrinology_type 2 diabetes_11_BGgpt.txt	procedure	concept	3616	3624	скрининг
endocrinology_type 2 diabetes_11_BGgpt.txt	disease	concept	3764	3784	захарен диабет тип 2
endocrinology_type 2 diabetes_11_BGgpt.txt	procedure	concept	4061	4077	лекарски преглед
endocrinology_type 2 diabetes_11_BGgpt.txt	medication	concept	4425	4438	медикаментите
endocrinology_type 2 diabetes_11_BGgpt.txt	disease	concept	4580	4600	захарен диабет тип 2
endocrinology_type 2 diabetes_11_BGgpt.txt	medication	concept	4650	4657	инсулин
endocrinology_type 2 diabetes_11_BGgpt.txt	medication	concept	4659	4668	метформин
endocrinology_type 2 diabetes_11_BGgpt.txt	medication	concept	4671	4681	семаглутид
endocrinology_type 2 diabetes_12_BGgpt.txt	disease	concept	4	12	Епикриза
endocrinology_type 2 diabetes_12_BGgpt.txt	disease	concept	344	354	полидипсия
endocrinology_type 2 diabetes_12_BGgpt.txt	disease	concept	356	364	полиурия
endocrinology_type 2 diabetes_12_BGgpt.txt	disease	concept	496	506	хипертония
endocrinology_type 2 diabetes_12_BGgpt.txt	disease	concept	509	523	хиперлипидемия
endocrinology_type 2 diabetes_12_BGgpt.txt	disease	concept	620	633	хипергликемия
endocrinology_type 2 diabetes_12_BGgpt.txt	symptom	concept	662	667	умора
endocrinology_type 2 diabetes_12_BGgpt.txt	symptom	concept	678	683	жажда
endocrinology_type 2 diabetes_12_BGgpt.txt	disease	concept	807	813	диабет
endocrinology_type 2 diabetes_12_BGgpt.txt	disease	concept	1613	1633	захарен диабет тип 2
endocrinology_type 2 diabetes_12_BGgpt.txt	disease	concept	1692	1699	диабета
endocrinology_type 2 diabetes_12_BGgpt.txt	procedure	concept	1735	1748	офталмоскопия
endocrinology_type 2 diabetes_12_BGgpt.txt	disease	concept	1851	1857	диабет
endocrinology_type 2 diabetes_12_BGgpt.txt	disease	concept	1889	1896	диабета
endocrinology_type 2 diabetes_12_BGgpt.txt	disease	concept	1941	1953	хипогликемия
endocrinology_type 2 diabetes_12_BGgpt.txt	disease	concept	1956	1969	хипергликемия
endocrinology_type 2 diabetes_12_BGgpt.txt	medication	concept	2267	2276	Метформин
endocrinology_type 2 diabetes_12_BGgpt.txt	medication	concept	2417	2427	Семаглутид
endocrinology_type 2 diabetes_12_BGgpt.txt	disease	concept	2816	2829	хипергликемия
endocrinology_type 2 diabetes_12_BGgpt.txt	disease	concept	3081	3105	Streptococcus pneumoniae
endocrinology_type 2 diabetes_12_BGgpt.txt	disease	concept	3107	3111	грип
endocrinology_type 2 diabetes_12_BGgpt.txt	disease	concept	3113	3122	хепатит B
endocrinology_type 2 diabetes_12_BGgpt.txt	disease	concept	3124	3132	варицела
endocrinology_type 2 diabetes_12_BGgpt.txt	disease	concept	3135	3145	SARS-CoV-2
endocrinology_type 2 diabetes_12_BGgpt.txt	disease	concept	3441	3448	диабета
endocrinology_type 2 diabetes_12_BGgpt.txt	medication	concept	3459	3470	медикаменти
endocrinology_type 2 diabetes_12_BGgpt.txt	procedure	concept	3653	3670	лекарски прегледи
endocrinology_type 2 diabetes_12_BGgpt.txt	procedure	concept	3672	3685	очни прегледи
endocrinology_type 2 diabetes_12_BGgpt.txt	disease	concept	3751	3758	диабета
endocrinology_type 2 diabetes_12_BGgpt.txt	disease	concept	3819	3833	захарен диабет
endocrinology_type 2 diabetes_12_BGgpt.txt	disease	concept	4128	4135	диабета
endocrinology_type 2 diabetes_13_BGgpt.txt	disease	concept	4	12	Епикриза
endocrinology_type 2 diabetes_13_BGgpt.txt	symptom	concept	370	375	жажда
endocrinology_type 2 diabetes_13_BGgpt.txt	symptom	concept	383	392	уриниране
endocrinology_type 2 diabetes_13_BGgpt.txt	disease	concept	586	599	хипергликемия
endocrinology_type 2 diabetes_13_BGgpt.txt	disease	concept	654	668	захарен диабет
endocrinology_type 2 diabetes_13_BGgpt.txt	disease	concept	1308	1322	захарен диабет
endocrinology_type 2 diabetes_13_BGgpt.txt	medication	concept	1476	1485	Метформин
endocrinology_type 2 diabetes_13_BGgpt.txt	medication	concept	1553	1563	Семаглутид
endocrinology_type 2 diabetes_13_BGgpt.txt	disease	concept	2220	2226	диабет
endocrinology_type 2 diabetes_13_BGgpt.txt	disease	concept	2251	2258	диабета
endocrinology_type 2 diabetes_13_BGgpt.txt	medication	concept	2644	2658	Грипна ваксина
endocrinology_type 2 diabetes_13_BGgpt.txt	medication	concept	2703	2723	Пневмококова ваксина
endocrinology_type 2 diabetes_13_BGgpt.txt	disease	concept	3052	3063	албуминурия
endocrinology_type 2 diabetes_13_BGgpt.txt	medication	concept	3300	3311	медикаменти
endocrinology_type 2 diabetes_13_BGgpt.txt	symptom	concept	3335	3351	нежелани реакции
endocrinology_type 2 diabetes_13_BGgpt.txt	procedure	concept	3784	3802	гликемичен контрол
endocrinology_type 2 diabetes_14_BGgpt.txt	disease	concept	540	548	полиурия
endocrinology_type 2 diabetes_14_BGgpt.txt	disease	concept	706	720	захарен диабет
endocrinology_type 2 diabetes_14_BGgpt.txt	disease	concept	904	918	захарен диабет
endocrinology_type 2 diabetes_14_BGgpt.txt	disease	concept	1145	1165	захарен диабет тип 2
endocrinology_type 2 diabetes_14_BGgpt.txt	procedure	concept	1281	1294	Офталмоскопия
endocrinology_type 2 diabetes_14_BGgpt.txt	medication	concept	1505	1514	Метформин
endocrinology_type 2 diabetes_14_BGgpt.txt	medication	concept	1667	1677	Семаглутид
endocrinology_type 2 diabetes_14_BGgpt.txt	disease	concept	1909	1929	захарен диабет тип 2
endocrinology_type 2 diabetes_14_BGgpt.txt	disease	concept	1967	1980	хипергликемия
endocrinology_type 2 diabetes_14_BGgpt.txt	disease	concept	2383	2397	захарен диабет
endocrinology_type 2 diabetes_14_BGgpt.txt	medication	concept	2957	2964	инсулин
endocrinology_type 2 diabetes_14_BGgpt.txt	disease	concept	3001	3013	хипогликемия
endocrinology_type 2 diabetes_14_BGgpt.txt	procedure	concept	3231	3255	Диетологична консултация
endocrinology_type 2 diabetes_14_BGgpt.txt	disease	concept	3383	3389	диабет
endocrinology_type 2 diabetes_14_BGgpt.txt	medication	concept	3526	3533	ваксини
endocrinology_type 2 diabetes_14_BGgpt.txt	disease	concept	3540	3564	Streptococcus pneumoniae
endocrinology_type 2 diabetes_14_BGgpt.txt	disease	concept	3566	3578	грипен вирус
endocrinology_type 2 diabetes_14_BGgpt.txt	disease	concept	3581	3590	хепатит B
endocrinology_type 2 diabetes_14_BGgpt.txt	disease	concept	3643	3651	варицела
endocrinology_type 2 diabetes_14_BGgpt.txt	disease	concept	3654	3664	SARS-CoV-2
endocrinology_type 2 diabetes_14_BGgpt.txt	medication	concept	3712	3721	Метформин
endocrinology_type 2 diabetes_14_BGgpt.txt	medication	concept	3748	3758	Семаглутид
endocrinology_type 2 diabetes_14_BGgpt.txt	disease	concept	4098	4116	тежка хипогликемия
endocrinology_type 2 diabetes_14_BGgpt.txt	disease	concept	4118	4138	диабетна кетоацидоза
endocrinology_type 2 diabetes_14_BGgpt.txt	disease	concept	4173	4181	инфекция
endocrinology_type 2 diabetes_15_BGgpt.txt	disease	concept	324	332	полиурия
endocrinology_type 2 diabetes_15_BGgpt.txt	disease	concept	334	344	полидипсия
endocrinology_type 2 diabetes_15_BGgpt.txt	disease	concept	471	492	артериална хипертония
endocrinology_type 2 diabetes_15_BGgpt.txt	disease	concept	642	650	полиурия
endocrinology_type 2 diabetes_15_BGgpt.txt	disease	concept	1054	1074	диабетна ретинопатия
endocrinology_type 2 diabetes_15_BGgpt.txt	disease	concept	1609	1629	Захарен диабет тип 2
endocrinology_type 2 diabetes_15_BGgpt.txt	disease	concept	1662	1689	сърдечно-съдови заболявания
endocrinology_type 2 diabetes_15_BGgpt.txt	medication	concept	1825	1834	метформин
endocrinology_type 2 diabetes_15_BGgpt.txt	medication	concept	1944	1954	семаглутид
endocrinology_type 2 diabetes_15_BGgpt.txt	medication	concept	2106	2116	лизиноприл
endocrinology_type 2 diabetes_15_BGgpt.txt	disease	concept	2844	2868	Streptococcus pneumoniae
endocrinology_type 2 diabetes_15_BGgpt.txt	disease	concept	2870	2885	вируса на грипа
endocrinology_type 2 diabetes_15_BGgpt.txt	disease	concept	2887	2896	хепатит B
endocrinology_type 2 diabetes_15_BGgpt.txt	disease	concept	2899	2909	SARS-CoV-2
endocrinology_type 2 diabetes_15_BGgpt.txt	medication	concept	2950	2958	етформин
endocrinology_type 2 diabetes_15_BGgpt.txt	medication	concept	2997	3007	Семаглутид
endocrinology_type 2 diabetes_15_BGgpt.txt	medication	concept	3108	3118	Лизиноприл
endocrinology_type 2 diabetes_15_BGgpt.txt	medication	concept	3179	3191	Аторвастатин
endocrinology_type 2 diabetes_15_BGgpt.txt	procedure	concept	3620	3637	хранителния режим
endocrinology_type 2 diabetes_16_BGgpt.txt	disease	concept	297	317	Захарен диабет тип 2
endocrinology_type 2 diabetes_16_BGgpt.txt	disease	concept	423	435	затлъстяване
endocrinology_type 2 diabetes_16_BGgpt.txt	disease	concept	499	507	полиурия
endocrinology_type 2 diabetes_16_BGgpt.txt	disease	concept	509	519	полидипсия
endocrinology_type 2 diabetes_16_BGgpt.txt	disease	concept	667	681	захарен диабет
endocrinology_type 2 diabetes_16_BGgpt.txt	disease	concept	869	889	захарен диабет тип 2
endocrinology_type 2 diabetes_16_BGgpt.txt	disease	concept	1279	1295	микроалбуминурия
endocrinology_type 2 diabetes_16_BGgpt.txt	medication	concept	1472	1483	медикаменти
endocrinology_type 2 diabetes_16_BGgpt.txt	medication	concept	1716	1725	метформин
endocrinology_type 2 diabetes_16_BGgpt.txt	medication	concept	1931	1941	семаглутид
endocrinology_type 2 diabetes_16_BGgpt.txt	disease	concept	2348	2360	хипогликемия
endocrinology_type 2 diabetes_16_BGgpt.txt	disease	concept	2363	2376	хипергликемия
endocrinology_type 2 diabetes_16_BGgpt.txt	medication	concept	2590	2599	Метформин
endocrinology_type 2 diabetes_16_BGgpt.txt	medication	concept	2638	2648	Семаглутид
endocrinology_type 2 diabetes_16_BGgpt.txt	disease	concept	3076	3100	Streptococcus pneumoniae
endocrinology_type 2 diabetes_16_BGgpt.txt	disease	concept	3102	3114	грипен вирус
endocrinology_type 2 diabetes_16_BGgpt.txt	disease	concept	3127	3135	варицела
endocrinology_type 2 diabetes_16_BGgpt.txt	disease	concept	3138	3148	SARS-CoV-2
endocrinology_type 2 diabetes_16_BGgpt.txt	disease	concept	3500	3513	хипергликемия
endocrinology_type 2 diabetes_16_BGgpt.txt	procedure	concept	3585	3603	контролни прегледи
endocrinology_type 2 diabetes_16_BGgpt.txt	disease	concept	3771	3791	захарен диабет тип 2
endocrinology_type 2 diabetes_17_BGgpt.txt	disease	concept	284	304	Захарен диабет тип 2
endocrinology_type 2 diabetes_17_BGgpt.txt	disease	concept	431	439	полиурия
endocrinology_type 2 diabetes_17_BGgpt.txt	disease	concept	441	451	полидипсия
endocrinology_type 2 diabetes_17_BGgpt.txt	disease	concept	639	659	захарен диабет тип 2
endocrinology_type 2 diabetes_17_BGgpt.txt	medication	concept	1092	1101	Метформин
endocrinology_type 2 diabetes_17_BGgpt.txt	disease	concept	1331	1351	захарен диабет тип 2
endocrinology_type 2 diabetes_17_BGgpt.txt	disease	concept	1495	1502	диабета
endocrinology_type 2 diabetes_17_BGgpt.txt	disease	concept	1782	1797	захарния диабет
endocrinology_type 2 diabetes_17_BGgpt.txt	disease	concept	1826	1838	хипогликемия
endocrinology_type 2 diabetes_17_BGgpt.txt	disease	concept	1841	1854	хипергликемия
endocrinology_type 2 diabetes_17_BGgpt.txt	medication	concept	1968	1979	лекарствата
endocrinology_type 2 diabetes_17_BGgpt.txt	medication	concept	2155	2162	ваксина
endocrinology_type 2 diabetes_17_BGgpt.txt	disease	concept	2195	2207	грипен вирус
endocrinology_type 2 diabetes_17_BGgpt.txt	disease	concept	2209	2218	хепатит B
endocrinology_type 2 diabetes_17_BGgpt.txt	disease	concept	2220	2228	варицела
endocrinology_type 2 diabetes_17_BGgpt.txt	medication	concept	2547	2556	метформин
endocrinology_type 2 diabetes_17_BGgpt.txt	medication	concept	2648	2658	метформина
endocrinology_type 2 diabetes_17_BGgpt.txt	disease	concept	3147	3155	инфекция
endocrinology_type 2 diabetes_17_BGgpt.txt	procedure	concept	3215	3225	имунизации
endocrinology_type 2 diabetes_17_BGgpt.txt	medication	concept	3293	3302	Метформин
endocrinology_type 2 diabetes_18_BGgpt.txt	disease	concept	231	251	Захарен диабет тип 2
endocrinology_type 2 diabetes_18_BGgpt.txt	symptom	concept	373	378	жажда
endocrinology_type 2 diabetes_18_BGgpt.txt	symptom	concept	386	395	уриниране
endocrinology_type 2 diabetes_18_BGgpt.txt	symptom	concept	481	497	замъглено зрение
endocrinology_type 2 diabetes_18_BGgpt.txt	symptom	concept	500	505	умора
endocrinology_type 2 diabetes_18_BGgpt.txt	disease	concept	571	592	артериална хипертония
endocrinology_type 2 diabetes_18_BGgpt.txt	disease	concept	642	662	захарен диабет тип 2
endocrinology_type 2 diabetes_18_BGgpt.txt	disease	concept	987	1007	захарен диабет тип 2
endocrinology_type 2 diabetes_18_BGgpt.txt	medication	concept	1051	1068	серумен креатинин
endocrinology_type 2 diabetes_18_BGgpt.txt	disease	concept	1326	1333	диабета
endocrinology_type 2 diabetes_18_BGgpt.txt	medication	concept	1357	1366	Метформин
endocrinology_type 2 diabetes_18_BGgpt.txt	disease	concept	1445	1451	диабет
endocrinology_type 2 diabetes_18_BGgpt.txt	medication	concept	1532	1542	Семаглутид
endocrinology_type 2 diabetes_18_BGgpt.txt	disease	concept	1862	1868	диабет
endocrinology_type 2 diabetes_18_BGgpt.txt	medication	concept	2490	2499	Метформин
endocrinology_type 2 diabetes_18_BGgpt.txt	medication	concept	2553	2563	Семаглутид
endocrinology_type 2 diabetes_18_BGgpt.txt	medication	concept	2889	2899	Семаглутид
endocrinology_type 2 diabetes_18_BGgpt.txt	medication	concept	2928	2937	Метформин
endocrinology_type 2 diabetes_18_BGgpt.txt	medication	concept	3498	3505	инсулин
endocrinology_type 2 diabetes_18_BGgpt.txt	disease	concept	3700	3704	грип
endocrinology_type 2 diabetes_18_BGgpt.txt	disease	concept	3706	3727	пневмококова инфекция
endocrinology_type 2 diabetes_18_BGgpt.txt	disease	concept	3730	3739	хепатит B
endocrinology_type 2 diabetes_18_BGgpt.txt	disease	concept	3775	3781	диабет
endocrinology_type 2 diabetes_18_BGgpt.txt	medication	concept	3802	3809	ваксина
endocrinology_type 2 diabetes_18_BGgpt.txt	disease	concept	3816	3824	COVID-19
endocrinology_type 2 diabetes_18_BGgpt.txt	disease	concept	3885	3899	захарен диабет
endocrinology_type 2 diabetes_18_BGgpt.txt	medication	concept	3993	4002	Метформин
endocrinology_type 2 diabetes_18_BGgpt.txt	medication	concept	4005	4015	Семаглутид
endocrinology_type 2 diabetes_18_BGgpt.txt	symptom	concept	4275	4285	усложнения
endocrinology_type 2 diabetes_18_BGgpt.txt	disease	concept	4340	4350	епикризата
endocrinology_type 2 diabetes_19_BGgpt.txt	disease	concept	270	290	Захарен диабет тип 2
endocrinology_type 2 diabetes_19_BGgpt.txt	disease	concept	497	505	полиурия
endocrinology_type 2 diabetes_19_BGgpt.txt	disease	concept	719	739	захарен диабет тип 2
endocrinology_type 2 diabetes_19_BGgpt.txt	symptom	concept	783	793	хипертония
endocrinology_type 2 diabetes_19_BGgpt.txt	symptom	concept	814	826	затлъстяване
endocrinology_type 2 diabetes_19_BGgpt.txt	medication	concept	1227	1236	Метформин
endocrinology_type 2 diabetes_19_BGgpt.txt	medication	concept	1380	1390	Семаглутид
endocrinology_type 2 diabetes_19_BGgpt.txt	medication	concept	1586	1596	Лизиноприл
endocrinology_type 2 diabetes_19_BGgpt.txt	disease	concept	1631	1641	хипертония
endocrinology_type 2 diabetes_19_BGgpt.txt	disease	concept	2118	2139	захарния диабет тип 2
endocrinology_type 2 diabetes_19_BGgpt.txt	medication	concept	2543	2579	противогрипна и пневмококова ваксина
endocrinology_type 2 diabetes_19_BGgpt.txt	medication	concept	2916	2929	медикаментите
endocrinology_type 2 diabetes_19_BGgpt.txt	disease	concept	3034	3040	диабет
endocrinology_type 2 diabetes_19_BGgpt.txt	disease	concept	3117	3136	диабетни усложнения
endocrinology_type 2 diabetes_19_BGgpt.txt	medication	concept	3275	3286	Медикаменти
endocrinology_type 2 diabetes_19_BGgpt.txt	medication	concept	3306	3315	Метформин
endocrinology_type 2 diabetes_19_BGgpt.txt	medication	concept	3352	3362	Семаглутид
endocrinology_type 2 diabetes_19_BGgpt.txt	medication	concept	3492	3502	Лизиноприл
endocrinology_type 2 diabetes_19_BGgpt.txt	disease	concept	3882	3888	диабет
endocrinology_type 2 diabetes_19_BGgpt.txt	disease	concept	4004	4024	захарен диабет тип 2
endocrinology_type 2 diabetes_19_BGgpt.txt	disease	concept	4181	4188	диабета
endocrinology_type 2 diabetes_1_BGgpt.txt	symptom	concept	359	364	жажда
endocrinology_type 2 diabetes_1_BGgpt.txt	symptom	concept	372	381	уриниране
endocrinology_type 2 diabetes_1_BGgpt.txt	disease	concept	637	651	захарен диабет
endocrinology_type 2 diabetes_1_BGgpt.txt	disease	concept	1342	1362	Захарен диабет тип 2
endocrinology_type 2 diabetes_1_BGgpt.txt	medication	concept	1437	1446	Метформин
endocrinology_type 2 diabetes_1_BGgpt.txt	disease	concept	2023	2030	диабета
endocrinology_type 2 diabetes_1_BGgpt.txt	disease	concept	2059	2071	хипогликемия
endocrinology_type 2 diabetes_1_BGgpt.txt	disease	concept	2074	2087	хипергликемия
endocrinology_type 2 diabetes_1_BGgpt.txt	disease	concept	2105	2124	диабетни усложнения
endocrinology_type 2 diabetes_1_BGgpt.txt	procedure	concept	2303	2320	контролен преглед
endocrinology_type 2 diabetes_1_BGgpt.txt	medication	concept	2398	2407	Метформин
endocrinology_type 2 diabetes_1_BGgpt.txt	disease	concept	2623	2647	придружаващи заболявания
endocrinology_type 2 diabetes_1_BGgpt.txt	procedure	concept	2775	2785	Ваксинации
endocrinology_type 2 diabetes_1_BGgpt.txt	medication	concept	2885	2892	ваксини
endocrinology_type 2 diabetes_1_BGgpt.txt	disease	concept	2906	2916	пневмококи
endocrinology_type 2 diabetes_1_BGgpt.txt	disease	concept	2961	2970	хепатит B
endocrinology_type 2 diabetes_1_BGgpt.txt	disease	concept	2972	2980	варицела
endocrinology_type 2 diabetes_1_BGgpt.txt	disease	concept	2983	2993	SARS-CoV-2
endocrinology_type 2 diabetes_1_BGgpt.txt	disease	concept	3078	3084	диабет
endocrinology_type 2 diabetes_1_BGgpt.txt	procedure	concept	3252	3257	диета
endocrinology_type 2 diabetes_1_BGgpt.txt	medication	concept	3581	3588	инсулин
endocrinology_type 2 diabetes_1_BGgpt.txt	medication	concept	3602	3614	въглехидрати
endocrinology_type 2 diabetes_1_BGgpt.txt	disease	concept	3680	3692	хипогликемия
endocrinology_type 2 diabetes_1_BGgpt.txt	disease	concept	3769	3782	хипергликемия
endocrinology_type 2 diabetes_1_BGgpt.txt	disease	concept	3898	3918	Захарен диабет тип 2
endocrinology_type 2 diabetes_1_BGgpt.txt	medication	concept	3942	3951	Метформин
endocrinology_type 2 diabetes_1_BGgpt.txt	disease	concept	4128	4135	диабета
endocrinology_type 2 diabetes_20_BGgpt.txt	disease	concept	363	383	Захарен диабет тип 2
endocrinology_type 2 diabetes_20_BGgpt.txt	disease	concept	431	443	Дислипидемия
endocrinology_type 2 diabetes_20_BGgpt.txt	symptom	concept	584	592	полиурия
endocrinology_type 2 diabetes_20_BGgpt.txt	disease	concept	830	850	захарен диабет тип 2
endocrinology_type 2 diabetes_20_BGgpt.txt	disease	concept	1103	1117	захарен диабет
endocrinology_type 2 diabetes_20_BGgpt.txt	procedure	concept	1207	1226	физическа активност
endocrinology_type 2 diabetes_20_BGgpt.txt	procedure	concept	1229	1251	медикаментозна терапия
endocrinology_type 2 diabetes_20_BGgpt.txt	medication	concept	1303	1312	Метформин
endocrinology_type 2 diabetes_20_BGgpt.txt	medication	concept	1493	1503	Семаглутид
endocrinology_type 2 diabetes_20_BGgpt.txt	medication	concept	1731	1741	Лизиноприл
endocrinology_type 2 diabetes_20_BGgpt.txt	medication	concept	1832	1844	Аторвастатин
endocrinology_type 2 diabetes_20_BGgpt.txt	disease	concept	1849	1861	дислипидемия
endocrinology_type 2 diabetes_20_BGgpt.txt	disease	concept	2045	2065	захарен диабет тип 2
endocrinology_type 2 diabetes_20_BGgpt.txt	disease	concept	2185	2198	хипергликемия
endocrinology_type 2 diabetes_20_BGgpt.txt	disease	concept	2249	2256	диабета
endocrinology_type 2 diabetes_20_BGgpt.txt	medication	concept	2594	2604	Семаглутид
endocrinology_type 2 diabetes_20_BGgpt.txt	disease	concept	2762	2781	диабетни усложнения
endocrinology_type 2 diabetes_20_BGgpt.txt	disease	concept	3085	3091	диабет
endocrinology_type 2 diabetes_20_BGgpt.txt	disease	concept	3311	3317	диабет
endocrinology_type 2 diabetes_20_BGgpt.txt	disease	concept	3408	3432	Streptococcus pneumoniae
endocrinology_type 2 diabetes_20_BGgpt.txt	disease	concept	3435	3449	вируса на грип
endocrinology_type 2 diabetes_20_BGgpt.txt	disease	concept	3462	3470	варицела
endocrinology_type 2 diabetes_20_BGgpt.txt	disease	concept	3518	3524	диабет
endocrinology_type 2 diabetes_21_BGgpt.txt	disease	concept	4	12	Епикриза
endocrinology_type 2 diabetes_21_BGgpt.txt	disease	concept	277	297	Захарен диабет тип 2
endocrinology_type 2 diabetes_21_BGgpt.txt	disease	concept	322	332	Хипертония
endocrinology_type 2 diabetes_21_BGgpt.txt	disease	concept	334	346	Дислипидемия
endocrinology_type 2 diabetes_21_BGgpt.txt	disease	concept	477	485	полиурия
endocrinology_type 2 diabetes_21_BGgpt.txt	disease	concept	487	497	полидипсия
endocrinology_type 2 diabetes_21_BGgpt.txt	symptom	concept	578	594	замъглено зрение
endocrinology_type 2 diabetes_21_BGgpt.txt	medication	concept	680	690	лизиноприл
endocrinology_type 2 diabetes_21_BGgpt.txt	disease	concept	707	719	дислипидемия
endocrinology_type 2 diabetes_21_BGgpt.txt	medication	concept	732	744	аторвастатин
endocrinology_type 2 diabetes_21_BGgpt.txt	disease	concept	804	824	захарен диабет тип 2
endocrinology_type 2 diabetes_21_BGgpt.txt	disease	concept	1052	1072	захарен диабет тип 2
endocrinology_type 2 diabetes_21_BGgpt.txt	medication	concept	1459	1468	метформин
endocrinology_type 2 diabetes_21_BGgpt.txt	disease	concept	1661	1683	хроничните заболявания
endocrinology_type 2 diabetes_21_BGgpt.txt	medication	concept	1739	1749	семаглутид
endocrinology_type 2 diabetes_21_BGgpt.txt	disease	concept	2120	2126	диабет
endocrinology_type 2 diabetes_21_BGgpt.txt	symptom	concept	2382	2405	нарушено кръвообращение
endocrinology_type 2 diabetes_21_BGgpt.txt	disease	concept	2476	2496	диабетна ретинопатия
endocrinology_type 2 diabetes_21_BGgpt.txt	medication	concept	2648	2657	Метформин
endocrinology_type 2 diabetes_21_BGgpt.txt	medication	concept	2696	2706	Семаглутид
endocrinology_type 2 diabetes_21_BGgpt.txt	medication	concept	2741	2751	Лизиноприл
endocrinology_type 2 diabetes_21_BGgpt.txt	disease	concept	2785	2795	хипертония
endocrinology_type 2 diabetes_21_BGgpt.txt	medication	concept	2800	2812	Аторвастатин
endocrinology_type 2 diabetes_21_BGgpt.txt	disease	concept	2848	2860	дислипидемия
endocrinology_type 2 diabetes_21_BGgpt.txt	medication	concept	3035	3048	медикаментите
endocrinology_type 2 diabetes_21_BGgpt.txt	disease	concept	3307	3314	диабета
endocrinology_type 2 diabetes_21_BGgpt.txt	disease	concept	3442	3454	хипогликемия
endocrinology_type 2 diabetes_21_BGgpt.txt	disease	concept	3457	3470	хипергликемия
endocrinology_type 2 diabetes_21_BGgpt.txt	procedure	concept	3568	3589	медикаментозния режим
endocrinology_type 2 diabetes_21_BGgpt.txt	medication	concept	3749	3756	ваксини
endocrinology_type 2 diabetes_21_BGgpt.txt	disease	concept	3763	3767	грип
endocrinology_type 2 diabetes_21_BGgpt.txt	disease	concept	3769	3791	пневмококова пневмония
endocrinology_type 2 diabetes_21_BGgpt.txt	disease	concept	3794	3803	хепатит В
endocrinology_type 2 diabetes_21_BGgpt.txt	disease	concept	3842	3848	диабет
endocrinology_type 2 diabetes_21_BGgpt.txt	medication	concept	3878	3885	ваксина
endocrinology_type 2 diabetes_21_BGgpt.txt	disease	concept	4366	4378	хипогликемия
endocrinology_type 2 diabetes_21_BGgpt.txt	disease	concept	4383	4396	хипергликемия
endocrinology_type 2 diabetes_21_BGgpt.txt	procedure	concept	4502	4520	контролни прегледи
endocrinology_type 2 diabetes_21_BGgpt.txt	symptom	concept	4596	4606	усложнения
endocrinology_type 2 diabetes_21_BGgpt.txt	procedure	concept	4707	4722	начина на живот
endocrinology_type 2 diabetes_21_BGgpt.txt	procedure	concept	4725	4733	обучение
endocrinology_type 2 diabetes_21_BGgpt.txt	procedure	concept	4850	4869	физическа активност
endocrinology_type 2 diabetes_21_BGgpt.txt	procedure	concept	5058	5081	скринингови изследвания
endocrinology_type 2 diabetes_21_BGgpt.txt	disease	concept	5166	5187	захарния диабет тип 2
endocrinology_type 2 diabetes_22_BGgpt.txt	disease	concept	266	286	Захарен диабет тип 2
endocrinology_type 2 diabetes_22_BGgpt.txt	disease	concept	314	324	Хипертония
endocrinology_type 2 diabetes_22_BGgpt.txt	disease	concept	326	337	Дислпидемия
endocrinology_type 2 diabetes_22_BGgpt.txt	disease	concept	483	491	полиурия
endocrinology_type 2 diabetes_22_BGgpt.txt	disease	concept	722	742	захарен диабет тип 2
endocrinology_type 2 diabetes_22_BGgpt.txt	disease	concept	898	904	диабет
endocrinology_type 2 diabetes_22_BGgpt.txt	disease	concept	1129	1136	диабета
endocrinology_type 2 diabetes_22_BGgpt.txt	disease	concept	1181	1193	хипогликемия
endocrinology_type 2 diabetes_22_BGgpt.txt	disease	concept	1613	1629	микроалбуминурия
endocrinology_type 2 diabetes_22_BGgpt.txt	disease	concept	1675	1686	дислпидемия
endocrinology_type 2 diabetes_22_BGgpt.txt	disease	concept	1721	1741	захарен диабет тип 2
endocrinology_type 2 diabetes_22_BGgpt.txt	medication	concept	1791	1800	Метформин
endocrinology_type 2 diabetes_22_BGgpt.txt	disease	concept	1928	1948	захарен диабет тип 2
endocrinology_type 2 diabetes_22_BGgpt.txt	medication	concept	1957	1967	Семаглутид
endocrinology_type 2 diabetes_22_BGgpt.txt	medication	concept	2119	2129	Лизиноприл
endocrinology_type 2 diabetes_22_BGgpt.txt	medication	concept	2241	2253	Аторвастатин
endocrinology_type 2 diabetes_22_BGgpt.txt	disease	concept	2289	2300	дислпидемия
endocrinology_type 2 diabetes_22_BGgpt.txt	medication	concept	2351	2361	семаглутид
endocrinology_type 2 diabetes_22_BGgpt.txt	disease	concept	2660	2672	хипогликемия
endocrinology_type 2 diabetes_22_BGgpt.txt	disease	concept	3128	3144	микроалбуминурия
endocrinology_type 2 diabetes_22_BGgpt.txt	disease	concept	3690	3694	грип
endocrinology_type 2 diabetes_22_BGgpt.txt	disease	concept	3696	3717	пневмококова инфекция
endocrinology_type 2 diabetes_22_BGgpt.txt	disease	concept	3719	3728	хепатит В
endocrinology_type 2 diabetes_22_BGgpt.txt	disease	concept	3731	3741	SARS-CoV-2
endocrinology_type 2 diabetes_22_BGgpt.txt	disease	concept	4208	4228	захарен диабет тип 2
endocrinology_type 2 diabetes_22_BGgpt.txt	medication	concept	4276	4287	медикаменти
endocrinology_type 2 diabetes_22_BGgpt.txt	disease	concept	4402	4414	заболяването
endocrinology_type 2 diabetes_23_BGgpt.txt	disease	concept	335	355	Захарен диабет тип 2
endocrinology_type 2 diabetes_23_BGgpt.txt	disease	concept	492	500	полиурия
endocrinology_type 2 diabetes_23_BGgpt.txt	disease	concept	502	512	полидипсия
endocrinology_type 2 diabetes_23_BGgpt.txt	disease	concept	701	721	захарен диабет тип 2
endocrinology_type 2 diabetes_23_BGgpt.txt	symptom	concept	986	1000	кръвообращение
endocrinology_type 2 diabetes_23_BGgpt.txt	disease	concept	1053	1073	диабетна ретинопатия
endocrinology_type 2 diabetes_23_BGgpt.txt	medication	concept	1311	1320	Метформин
endocrinology_type 2 diabetes_23_BGgpt.txt	medication	concept	1483	1493	Семаглутид
endocrinology_type 2 diabetes_23_BGgpt.txt	medication	concept	1770	1782	Аторвастатин
endocrinology_type 2 diabetes_23_BGgpt.txt	disease	concept	1953	1973	захарен диабет тип 2
endocrinology_type 2 diabetes_23_BGgpt.txt	disease	concept	2002	2014	хипогликемия
endocrinology_type 2 diabetes_23_BGgpt.txt	disease	concept	2017	2030	хипергликемия
endocrinology_type 2 diabetes_23_BGgpt.txt	disease	concept	2540	2552	хипогликемия
endocrinology_type 2 diabetes_23_BGgpt.txt	medication	concept	2720	2733	медикаментите
endocrinology_type 2 diabetes_23_BGgpt.txt	disease	concept	3066	3090	Streptococcus pneumoniae
endocrinology_type 2 diabetes_23_BGgpt.txt	disease	concept	3092	3105	вирус на грип
endocrinology_type 2 diabetes_23_BGgpt.txt	disease	concept	3107	3116	хепатит B
endocrinology_type 2 diabetes_23_BGgpt.txt	disease	concept	3118	3126	варицела
endocrinology_type 2 diabetes_23_BGgpt.txt	disease	concept	3129	3139	SARS-CoV-2
endocrinology_type 2 diabetes_23_BGgpt.txt	disease	concept	3566	3573	диабета
endocrinology_type 2 diabetes_24_BGgpt.txt	disease	concept	318	326	полиурия
endocrinology_type 2 diabetes_24_BGgpt.txt	disease	concept	328	338	полидипсия
endocrinology_type 2 diabetes_24_BGgpt.txt	disease	concept	477	487	хипертония
endocrinology_type 2 diabetes_24_BGgpt.txt	symptom	concept	612	617	жажда
endocrinology_type 2 diabetes_24_BGgpt.txt	disease	concept	699	713	захарен диабет
endocrinology_type 2 diabetes_24_BGgpt.txt	symptom	concept	1460	1475	сензорна загуба
endocrinology_type 2 diabetes_24_BGgpt.txt	symptom	concept	1489	1503	кръвообращение
endocrinology_type 2 diabetes_24_BGgpt.txt	procedure	concept	1507	1520	офталмоскопия
endocrinology_type 2 diabetes_24_BGgpt.txt	disease	concept	1766	1786	захарен диабет тип 2
endocrinology_type 2 diabetes_24_BGgpt.txt	medication	concept	1908	1917	метформин
endocrinology_type 2 diabetes_24_BGgpt.txt	medication	concept	2030	2055	агонист на GLP-1 рецептор
endocrinology_type 2 diabetes_24_BGgpt.txt	medication	concept	2058	2068	семаглутид
endocrinology_type 2 diabetes_24_BGgpt.txt	procedure	concept	2222	2242	диетична консултация
endocrinology_type 2 diabetes_24_BGgpt.txt	medication	concept	2677	2686	Метформин
endocrinology_type 2 diabetes_24_BGgpt.txt	medication	concept	2724	2734	Семаглутид
endocrinology_type 2 diabetes_24_BGgpt.txt	medication	concept	2854	2864	Лизиноприл
endocrinology_type 2 diabetes_24_BGgpt.txt	disease	concept	2899	2909	хипертония
endocrinology_type 2 diabetes_24_BGgpt.txt	medication	concept	2913	2925	Аторвастатин
endocrinology_type 2 diabetes_24_BGgpt.txt	disease	concept	2960	2974	хиперлипидемия
endocrinology_type 2 diabetes_24_BGgpt.txt	disease	concept	3058	3078	захарен диабет тип 2
endocrinology_type 2 diabetes_24_BGgpt.txt	medication	concept	3229	3239	семаглутид
endocrinology_type 2 diabetes_24_BGgpt.txt	disease	concept	3503	3515	грипен вирус
endocrinology_type 2 diabetes_24_BGgpt.txt	disease	concept	3517	3526	хепатит B
endocrinology_type 2 diabetes_24_BGgpt.txt	disease	concept	3528	3536	варицела
endocrinology_type 2 diabetes_24_BGgpt.txt	disease	concept	3539	3549	SARS-CoV-2
endocrinology_type 2 diabetes_24_BGgpt.txt	disease	concept	4183	4189	диабет
endocrinology_type 2 diabetes_24_BGgpt.txt	disease	concept	4278	4296	хипо/хипергликемия
endocrinology_type 2 diabetes_24_BGgpt.txt	disease	concept	4636	4650	захарен диабет
endocrinology_type 2 diabetes_25_BGgpt.txt	symptom	concept	413	422	уриниране
endocrinology_type 2 diabetes_25_BGgpt.txt	disease	concept	558	578	захарен диабет тип 2
endocrinology_type 2 diabetes_25_BGgpt.txt	disease	concept	969	989	захарен диабет тип 2
endocrinology_type 2 diabetes_25_BGgpt.txt	medication	concept	1237	1246	Метформин
endocrinology_type 2 diabetes_25_BGgpt.txt	symptom	concept	1434	1446	затлъстяване
endocrinology_type 2 diabetes_25_BGgpt.txt	medication	concept	1448	1458	семаглутид
endocrinology_type 2 diabetes_25_BGgpt.txt	disease	concept	1869	1881	затлъстяване
endocrinology_type 2 diabetes_25_BGgpt.txt	disease	concept	1884	1904	захарен диабет тип 2
endocrinology_type 2 diabetes_25_BGgpt.txt	disease	concept	2265	2272	диабета
endocrinology_type 2 diabetes_25_BGgpt.txt	disease	concept	2374	2381	диабета
endocrinology_type 2 diabetes_25_BGgpt.txt	procedure	concept	2691	2706	Офталмоскопията
endocrinology_type 2 diabetes_25_BGgpt.txt	medication	concept	2960	2969	Метформин
endocrinology_type 2 diabetes_25_BGgpt.txt	medication	concept	3162	3172	семаглутид
endocrinology_type 2 diabetes_25_BGgpt.txt	disease	concept	4140	4152	грипен вирус
endocrinology_type 2 diabetes_25_BGgpt.txt	disease	concept	4154	4163	хепатит B
endocrinology_type 2 diabetes_25_BGgpt.txt	disease	concept	4165	4173	варицела
endocrinology_type 2 diabetes_25_BGgpt.txt	disease	concept	4176	4186	SARS-CoV-2
endocrinology_type 2 diabetes_25_BGgpt.txt	disease	concept	4458	4478	захарен диабет тип 2
endocrinology_type 2 diabetes_25_BGgpt.txt	procedure	concept	4523	4547	медикаментозната терапия
endocrinology_type 2 diabetes_26_BGgpt.txt	disease	concept	310	330	Захарен диабет тип 2
endocrinology_type 2 diabetes_26_BGgpt.txt	disease	concept	359	380	Артериална хипертония
endocrinology_type 2 diabetes_26_BGgpt.txt	disease	concept	382	394	Затлъстяване
endocrinology_type 2 diabetes_26_BGgpt.txt	symptom	concept	568	577	уриниране
endocrinology_type 2 diabetes_26_BGgpt.txt	symptom	concept	608	624	замъглено зрение
endocrinology_type 2 diabetes_26_BGgpt.txt	disease	concept	688	709	артериална хипертония
endocrinology_type 2 diabetes_26_BGgpt.txt	medication	concept	762	773	медикаменти
endocrinology_type 2 diabetes_26_BGgpt.txt	disease	concept	817	837	захарен диабет тип 2
endocrinology_type 2 diabetes_26_BGgpt.txt	symptom	concept	933	945	затлъстяване
endocrinology_type 2 diabetes_26_BGgpt.txt	disease	concept	1517	1537	захарен диабет тип 2
endocrinology_type 2 diabetes_26_BGgpt.txt	medication	concept	1576	1585	Метформин
endocrinology_type 2 diabetes_26_BGgpt.txt	medication	concept	1763	1773	Лизиноприл
endocrinology_type 2 diabetes_26_BGgpt.txt	medication	concept	1863	1874	Симвастатин
endocrinology_type 2 diabetes_26_BGgpt.txt	medication	concept	1921	1931	Семаглутид
endocrinology_type 2 diabetes_26_BGgpt.txt	procedure	concept	2238	2265	медикаментозна стабилизация
endocrinology_type 2 diabetes_26_BGgpt.txt	disease	concept	2279	2294	захарния диабет
endocrinology_type 2 diabetes_26_BGgpt.txt	procedure	concept	2296	2316	диетична консултация
endocrinology_type 2 diabetes_26_BGgpt.txt	disease	concept	2421	2436	захарния диабет
endocrinology_type 2 diabetes_26_BGgpt.txt	disease	concept	3027	3040	вирус на грип
endocrinology_type 2 diabetes_26_BGgpt.txt	disease	concept	3042	3051	хепатит B
endocrinology_type 2 diabetes_26_BGgpt.txt	disease	concept	3054	3064	SARS-CoV-2
endocrinology_type 2 diabetes_26_BGgpt.txt	medication	concept	3197	3208	медикаменти
endocrinology_type 2 diabetes_26_BGgpt.txt	medication	concept	3274	3287	медикаментите
endocrinology_type 2 diabetes_26_BGgpt.txt	disease	concept	4117	4129	хипогликемия
endocrinology_type 2 diabetes_26_BGgpt.txt	symptom	concept	4142	4152	изпотяване
endocrinology_type 2 diabetes_26_BGgpt.txt	symptom	concept	4154	4164	обърканост
endocrinology_type 2 diabetes_26_BGgpt.txt	symptom	concept	4185	4199	повишена жажда
endocrinology_type 2 diabetes_26_BGgpt.txt	symptom	concept	4207	4216	уриниране
endocrinology_type 2 diabetes_26_BGgpt.txt	symptom	concept	4218	4227	суха кожа
endocrinology_type 2 diabetes_26_BGgpt.txt	disease	concept	4605	4625	захарен диабет тип 2
endocrinology_type 2 diabetes_26_BGgpt.txt	medication	concept	4859	4872	медикаментите
endocrinology_type 2 diabetes_26_BGgpt.txt	disease	concept	4989	5010	захарния диабет тип 2
endocrinology_type 2 diabetes_27_BGgpt.txt	symptom	concept	303	308	жажда
endocrinology_type 2 diabetes_27_BGgpt.txt	symptom	concept	316	325	уриниране
endocrinology_type 2 diabetes_27_BGgpt.txt	disease	concept	513	533	захарен диабет тип 2
endocrinology_type 2 diabetes_27_BGgpt.txt	medication	concept	622	629	алкохол
endocrinology_type 2 diabetes_27_BGgpt.txt	procedure	concept	1171	1184	офталмоскопия
endocrinology_type 2 diabetes_27_BGgpt.txt	disease	concept	1467	1487	захарен диабет тип 2
endocrinology_type 2 diabetes_27_BGgpt.txt	medication	concept	1574	1583	Метформин
endocrinology_type 2 diabetes_27_BGgpt.txt	medication	concept	1703	1714	Симвастатин
endocrinology_type 2 diabetes_27_BGgpt.txt	disease	concept	2178	2185	диабета
endocrinology_type 2 diabetes_27_BGgpt.txt	disease	concept	2631	2643	хипогликемия
endocrinology_type 2 diabetes_27_BGgpt.txt	disease	concept	2696	2700	грип
endocrinology_type 2 diabetes_27_BGgpt.txt	disease	concept	2702	2712	пневмококи
endocrinology_type 2 diabetes_27_BGgpt.txt	disease	concept	2715	2724	хепатит B
endocrinology_type 2 diabetes_27_BGgpt.txt	disease	concept	2767	2777	SARS-CoV-2
endocrinology_type 2 diabetes_27_BGgpt.txt	medication	concept	3225	3241	SGLT2 инхибитори
endocrinology_type 2 diabetes_27_BGgpt.txt	procedure	concept	3535	3540	диета
endocrinology_type 2 diabetes_27_BGgpt.txt	medication	concept	3726	3735	метформин
endocrinology_type 2 diabetes_27_BGgpt.txt	disease	concept	3879	3899	захарен диабет тип 2
endocrinology_type 2 diabetes_27_BGgpt.txt	disease	concept	4175	4187	хипогликемия
endocrinology_type 2 diabetes_28_BGgpt.txt	disease	concept	244	264	Захарен диабет тип 2
endocrinology_type 2 diabetes_28_BGgpt.txt	disease	concept	424	445	артериална хипертония
endocrinology_type 2 diabetes_28_BGgpt.txt	disease	concept	448	460	затлъстяване
endocrinology_type 2 diabetes_28_BGgpt.txt	symptom	concept	522	527	жажда
endocrinology_type 2 diabetes_28_BGgpt.txt	symptom	concept	535	544	уриниране
endocrinology_type 2 diabetes_28_BGgpt.txt	disease	concept	656	670	захарен диабет
endocrinology_type 2 diabetes_28_BGgpt.txt	disease	concept	982	992	невропатия
endocrinology_type 2 diabetes_28_BGgpt.txt	disease	concept	1146	1166	захарен диабет тип 2
endocrinology_type 2 diabetes_28_BGgpt.txt	medication	concept	1797	1806	метформин
endocrinology_type 2 diabetes_28_BGgpt.txt	medication	concept	2043	2053	семаглутид
endocrinology_type 2 diabetes_28_BGgpt.txt	disease	concept	2203	2210	диабета
endocrinology_type 2 diabetes_28_BGgpt.txt	medication	concept	2551	2560	метформин
endocrinology_type 2 diabetes_28_BGgpt.txt	medication	concept	2586	2596	семаглутид
endocrinology_type 2 diabetes_28_BGgpt.txt	medication	concept	3333	3346	медикаментите
endocrinology_type 2 diabetes_28_BGgpt.txt	disease	concept	3499	3523	Streptococcus pneumoniae
endocrinology_type 2 diabetes_28_BGgpt.txt	disease	concept	3525	3537	грипен вирус
endocrinology_type 2 diabetes_28_BGgpt.txt	disease	concept	3550	3558	варицела
endocrinology_type 2 diabetes_28_BGgpt.txt	disease	concept	3772	3786	захарен диабет
endocrinology_type 2 diabetes_28_BGgpt.txt	medication	concept	3854	3863	метформин
endocrinology_type 2 diabetes_28_BGgpt.txt	medication	concept	3866	3876	семаглутид
endocrinology_type 2 diabetes_29_BGgpt.txt	disease	concept	4	12	Епикриза
endocrinology_type 2 diabetes_29_BGgpt.txt	disease	concept	406	414	полиурия
endocrinology_type 2 diabetes_29_BGgpt.txt	disease	concept	416	426	полидипсия
endocrinology_type 2 diabetes_29_BGgpt.txt	disease	concept	506	516	хипертония
endocrinology_type 2 diabetes_29_BGgpt.txt	disease	concept	519	533	хиперлипидемия
endocrinology_type 2 diabetes_29_BGgpt.txt	disease	concept	586	600	захарен диабет
endocrinology_type 2 diabetes_29_BGgpt.txt	disease	concept	676	696	захарен диабет тип 2
endocrinology_type 2 diabetes_29_BGgpt.txt	disease	concept	698	702	ЗДТ2
endocrinology_type 2 diabetes_29_BGgpt.txt	disease	concept	1292	1312	захарен диабет тип 2
endocrinology_type 2 diabetes_29_BGgpt.txt	medication	concept	1608	1617	Метформин
endocrinology_type 2 diabetes_29_BGgpt.txt	medication	concept	1788	1798	Семаглутид
endocrinology_type 2 diabetes_29_BGgpt.txt	disease	concept	2043	2064	сърдечно-съдовия риск
endocrinology_type 2 diabetes_29_BGgpt.txt	disease	concept	2636	2642	диабет
endocrinology_type 2 diabetes_29_BGgpt.txt	disease	concept	3276	3289	вирус на грип
endocrinology_type 2 diabetes_29_BGgpt.txt	disease	concept	3302	3310	варицела
endocrinology_type 2 diabetes_29_BGgpt.txt	disease	concept	3313	3323	SARS-CoV-2
endocrinology_type 2 diabetes_29_BGgpt.txt	disease	concept	3571	3583	диабет тип 2
endocrinology_type 2 diabetes_29_BGgpt.txt	medication	concept	3703	3712	Метформин
endocrinology_type 2 diabetes_29_BGgpt.txt	medication	concept	3748	3758	Семаглутид
endocrinology_type 2 diabetes_29_BGgpt.txt	medication	concept	3828	3838	Лизиноприл
endocrinology_type 2 diabetes_29_BGgpt.txt	disease	concept	3883	3893	хипертония
endocrinology_type 2 diabetes_29_BGgpt.txt	medication	concept	3896	3908	Аторвастатин
endocrinology_type 2 diabetes_29_BGgpt.txt	disease	concept	3953	3967	хиперлипидемия
endocrinology_type 2 diabetes_2_BGgpt.txt	disease	concept	295	315	Захарен диабет тип 2
endocrinology_type 2 diabetes_2_BGgpt.txt	disease	concept	344	354	Хипертония
endocrinology_type 2 diabetes_2_BGgpt.txt	disease	concept	477	485	полиурия
endocrinology_type 2 diabetes_2_BGgpt.txt	symptom	concept	496	501	жажда
endocrinology_type 2 diabetes_2_BGgpt.txt	symptom	concept	768	780	затлъстяване
endocrinology_type 2 diabetes_2_BGgpt.txt	disease	concept	1084	1104	захарен диабет тип 2
endocrinology_type 2 diabetes_2_BGgpt.txt	medication	concept	1173	1182	Метформин
endocrinology_type 2 diabetes_2_BGgpt.txt	medication	concept	1361	1374	Дапаглифлозин
endocrinology_type 2 diabetes_2_BGgpt.txt	disease	concept	1500	1512	хипертонията
endocrinology_type 2 diabetes_2_BGgpt.txt	medication	concept	1520	1530	Лизиноприл
endocrinology_type 2 diabetes_2_BGgpt.txt	disease	concept	1561	1571	хипертония
endocrinology_type 2 diabetes_2_BGgpt.txt	disease	concept	2037	2049	хипогликемия
endocrinology_type 2 diabetes_2_BGgpt.txt	disease	concept	2128	2134	диабет
endocrinology_type 2 diabetes_2_BGgpt.txt	medication	concept	2608	2621	медикаментите
endocrinology_type 2 diabetes_2_BGgpt.txt	disease	concept	2871	2878	диабета
endocrinology_type 2 diabetes_2_BGgpt.txt	disease	concept	2948	2972	Streptococcus pneumoniae
endocrinology_type 2 diabetes_2_BGgpt.txt	disease	concept	2974	2978	грип
endocrinology_type 2 diabetes_2_BGgpt.txt	disease	concept	2980	2989	хепатит B
endocrinology_type 2 diabetes_2_BGgpt.txt	disease	concept	2992	3002	SARS-CoV-2
endocrinology_type 2 diabetes_2_BGgpt.txt	disease	concept	3119	3139	захарен диабет тип 2
endocrinology_type 2 diabetes_2_BGgpt.txt	medication	concept	3235	3244	метформин
endocrinology_type 2 diabetes_2_BGgpt.txt	medication	concept	3246	3259	дапаглифлозин
endocrinology_type 2 diabetes_2_BGgpt.txt	medication	concept	3262	3272	лизиноприл
endocrinology_type 2 diabetes_2_BGgpt.txt	disease	concept	3290	3297	диабета
endocrinology_type 2 diabetes_2_BGgpt.txt	disease	concept	3300	3312	хипертонията
endocrinology_type 2 diabetes_2_BGgpt.txt	disease	concept	3694	3701	диабета
endocrinology_type 2 diabetes_2_BGgpt.txt	medication	concept	3794	3803	Метформин
endocrinology_type 2 diabetes_2_BGgpt.txt	medication	concept	3830	3843	Дапаглифлозин
endocrinology_type 2 diabetes_2_BGgpt.txt	medication	concept	3870	3880	Лизиноприл
endocrinology_type 2 diabetes_30_BGgpt.txt	disease	concept	382	390	полиурия
endocrinology_type 2 diabetes_30_BGgpt.txt	disease	concept	392	402	полидипсия
endocrinology_type 2 diabetes_30_BGgpt.txt	disease	concept	604	624	захарен диабет тип 2
endocrinology_type 2 diabetes_30_BGgpt.txt	procedure	concept	740	753	офталмоскопия
endocrinology_type 2 diabetes_30_BGgpt.txt	procedure	concept	755	791	изследване на урината за албуминурия
endocrinology_type 2 diabetes_30_BGgpt.txt	disease	concept	989	999	невропатия
endocrinology_type 2 diabetes_30_BGgpt.txt	medication	concept	1093	1102	метформин
endocrinology_type 2 diabetes_30_BGgpt.txt	medication	concept	1301	1311	семаглутид
endocrinology_type 2 diabetes_30_BGgpt.txt	procedure	concept	1789	1808	образователни сесии
endocrinology_type 2 diabetes_30_BGgpt.txt	disease	concept	1845	1852	диабета
endocrinology_type 2 diabetes_30_BGgpt.txt	disease	concept	1887	1899	хипогликемия
endocrinology_type 2 diabetes_30_BGgpt.txt	disease	concept	1902	1915	хипергликемия
endocrinology_type 2 diabetes_30_BGgpt.txt	medication	concept	2070	2077	инсулин
endocrinology_type 2 diabetes_30_BGgpt.txt	medication	concept	2253	2262	Метформин
endocrinology_type 2 diabetes_30_BGgpt.txt	medication	concept	2300	2310	Семаглутид
endocrinology_type 2 diabetes_30_BGgpt.txt	medication	concept	2381	2393	Аторвастатин
endocrinology_type 2 diabetes_30_BGgpt.txt	disease	concept	2427	2439	дислипидемия
endocrinology_type 2 diabetes_30_BGgpt.txt	medication	concept	2613	2622	метформин
endocrinology_type 2 diabetes_30_BGgpt.txt	medication	concept	2647	2657	семаглутид
endocrinology_type 2 diabetes_30_BGgpt.txt	disease	concept	2864	2888	Streptococcus pneumoniae
endocrinology_type 2 diabetes_30_BGgpt.txt	disease	concept	2890	2902	грипен вирус
endocrinology_type 2 diabetes_30_BGgpt.txt	disease	concept	2904	2913	хепатит B
endocrinology_type 2 diabetes_30_BGgpt.txt	disease	concept	2915	2923	варицела
endocrinology_type 2 diabetes_30_BGgpt.txt	disease	concept	2926	2936	SARS-CoV-2
endocrinology_type 2 diabetes_30_BGgpt.txt	disease	concept	3002	3014	хипогликемия
endocrinology_type 2 diabetes_30_BGgpt.txt	disease	concept	3017	3030	хипергликемия
endocrinology_type 2 diabetes_30_BGgpt.txt	disease	concept	3251	3272	захарния диабет тип 2
endocrinology_type 2 diabetes_31_BGgpt.txt	disease	concept	400	408	полиурия
endocrinology_type 2 diabetes_31_BGgpt.txt	disease	concept	410	420	полидипсия
endocrinology_type 2 diabetes_31_BGgpt.txt	symptom	concept	423	446	неволна загуба на тегло
endocrinology_type 2 diabetes_31_BGgpt.txt	disease	concept	523	537	захарен диабет
endocrinology_type 2 diabetes_31_BGgpt.txt	disease	concept	744	764	захарен диабет тип 2
endocrinology_type 2 diabetes_31_BGgpt.txt	symptom	concept	1139	1155	диетични промени
endocrinology_type 2 diabetes_31_BGgpt.txt	medication	concept	1195	1204	Метформин
endocrinology_type 2 diabetes_31_BGgpt.txt	medication	concept	1360	1370	метформина
endocrinology_type 2 diabetes_31_BGgpt.txt	medication	concept	1486	1499	емпаглифлозин
endocrinology_type 2 diabetes_31_BGgpt.txt	disease	concept	1638	1659	захарния диабет тип 2
endocrinology_type 2 diabetes_31_BGgpt.txt	disease	concept	2347	2371	Streptococcus pneumoniae
endocrinology_type 2 diabetes_31_BGgpt.txt	disease	concept	2373	2386	вирус на грип
endocrinology_type 2 diabetes_31_BGgpt.txt	disease	concept	2388	2397	хепатит B
endocrinology_type 2 diabetes_31_BGgpt.txt	disease	concept	2399	2407	варицела
endocrinology_type 2 diabetes_31_BGgpt.txt	disease	concept	2410	2420	SARS-CoV-2
endocrinology_type 2 diabetes_31_BGgpt.txt	medication	concept	2486	2495	Метформин
endocrinology_type 2 diabetes_31_BGgpt.txt	medication	concept	2536	2549	Емпаглифлозин
endocrinology_type 2 diabetes_31_BGgpt.txt	disease	concept	2938	2952	захарен диабет
endocrinology_type 2 diabetes_31_BGgpt.txt	disease	concept	3371	3384	хипергликемия
endocrinology_type 2 diabetes_31_BGgpt.txt	disease	concept	3567	3601	неконтролиран захарен диабет тип 2
endocrinology_type 2 diabetes_31_BGgpt.txt	medication	concept	3677	3688	медикаменти
endocrinology_type 2 diabetes_31_BGgpt.txt	disease	concept	3878	3893	захарния диабет
endocrinology_type 2 diabetes_32_BGgpt.txt	disease	concept	224	244	Захарен диабет тип 2
endocrinology_type 2 diabetes_32_BGgpt.txt	disease	concept	273	283	Хипертония
endocrinology_type 2 diabetes_32_BGgpt.txt	disease	concept	489	510	персистираща полиурия
endocrinology_type 2 diabetes_32_BGgpt.txt	disease	concept	618	632	захарен диабет
endocrinology_type 2 diabetes_32_BGgpt.txt	symptom	concept	671	676	умора
endocrinology_type 2 diabetes_32_BGgpt.txt	symptom	concept	679	695	замъглено зрение
endocrinology_type 2 diabetes_32_BGgpt.txt	disease	concept	994	1014	захарен диабет тип 2
endocrinology_type 2 diabetes_32_BGgpt.txt	medication	concept	1456	1465	Метформин
endocrinology_type 2 diabetes_32_BGgpt.txt	medication	concept	1638	1648	Семаглутид
endocrinology_type 2 diabetes_32_BGgpt.txt	disease	concept	2045	2057	хипогликемия
endocrinology_type 2 diabetes_32_BGgpt.txt	disease	concept	2060	2073	хипергликемия
endocrinology_type 2 diabetes_32_BGgpt.txt	medication	concept	2160	2167	инсулин
endocrinology_type 2 diabetes_32_BGgpt.txt	medication	concept	2242	2249	инсулин
endocrinology_type 2 diabetes_32_BGgpt.txt	medication	concept	2700	2709	Метформин
endocrinology_type 2 diabetes_32_BGgpt.txt	medication	concept	2762	2772	Семаглутид
endocrinology_type 2 diabetes_32_BGgpt.txt	disease	concept	3378	3389	ретинопатия
endocrinology_type 2 diabetes_32_BGgpt.txt	disease	concept	3391	3401	нефропатия
endocrinology_type 2 diabetes_32_BGgpt.txt	disease	concept	3404	3414	невропатия
endocrinology_type 2 diabetes_32_BGgpt.txt	medication	concept	3528	3535	ваксини
endocrinology_type 2 diabetes_32_BGgpt.txt	disease	concept	3542	3564	Стрептококус пневмоние
endocrinology_type 2 diabetes_32_BGgpt.txt	disease	concept	3566	3579	вирус на грип
endocrinology_type 2 diabetes_32_BGgpt.txt	disease	concept	3581	3590	хепатит B
endocrinology_type 2 diabetes_32_BGgpt.txt	disease	concept	3592	3600	варицела
endocrinology_type 2 diabetes_32_BGgpt.txt	disease	concept	3603	3613	SARS-CoV-2
endocrinology_type 2 diabetes_32_BGgpt.txt	disease	concept	3695	3709	захарен диабет
endocrinology_type 2 diabetes_32_BGgpt.txt	disease	concept	3875	3889	захарен диабет
endocrinology_type 2 diabetes_33_BGgpt.txt	disease	concept	327	339	Затлъстяване
endocrinology_type 2 diabetes_33_BGgpt.txt	symptom	concept	496	501	жажда
endocrinology_type 2 diabetes_33_BGgpt.txt	symptom	concept	509	518	уриниране
endocrinology_type 2 diabetes_33_BGgpt.txt	symptom	concept	549	565	замъглено зрение
endocrinology_type 2 diabetes_33_BGgpt.txt	disease	concept	714	734	захарен диабет тип 2
endocrinology_type 2 diabetes_33_BGgpt.txt	procedure	concept	1244	1257	Офталмоскопия
endocrinology_type 2 diabetes_33_BGgpt.txt	disease	concept	1549	1569	захарен диабет тип 2
endocrinology_type 2 diabetes_33_BGgpt.txt	medication	concept	1644	1653	Метформин
endocrinology_type 2 diabetes_33_BGgpt.txt	medication	concept	1838	1848	Семаглутид
endocrinology_type 2 diabetes_33_BGgpt.txt	medication	concept	2007	2017	Лизиноприл
endocrinology_type 2 diabetes_33_BGgpt.txt	disease	concept	2043	2064	артериална хипертония
endocrinology_type 2 diabetes_33_BGgpt.txt	medication	concept	2106	2118	Аторвастатин
endocrinology_type 2 diabetes_33_BGgpt.txt	disease	concept	2144	2156	дислипидемия
endocrinology_type 2 diabetes_33_BGgpt.txt	procedure	concept	2210	2233	хранително консултиране
endocrinology_type 2 diabetes_33_BGgpt.txt	procedure	concept	2489	2506	силови упражнения
endocrinology_type 2 diabetes_33_BGgpt.txt	disease	concept	2746	2752	диабет
endocrinology_type 2 diabetes_33_BGgpt.txt	procedure	concept	2847	2854	рапията
endocrinology_type 2 diabetes_33_BGgpt.txt	medication	concept	3075	3087	ваксинациите
endocrinology_type 2 diabetes_33_BGgpt.txt	disease	concept	3107	3111	грип
endocrinology_type 2 diabetes_33_BGgpt.txt	disease	concept	3113	3123	пневмококи
endocrinology_type 2 diabetes_33_BGgpt.txt	disease	concept	3126	3135	хепатит B
endocrinology_type 2 diabetes_33_BGgpt.txt	procedure	concept	3299	3311	Офталмология
endocrinology_type 2 diabetes_33_BGgpt.txt	disease	concept	3441	3457	диабетно стъпало
endocrinology_type 2 diabetes_33_BGgpt.txt	medication	concept	3634	3643	Метформин
endocrinology_type 2 diabetes_33_BGgpt.txt	medication	concept	3672	3682	Семаглутид
endocrinology_type 2 diabetes_33_BGgpt.txt	medication	concept	3710	3720	Лизиноприл
endocrinology_type 2 diabetes_33_BGgpt.txt	medication	concept	3745	3757	Аторвастатин
endocrinology_type 2 diabetes_33_BGgpt.txt	disease	concept	3862	3882	захарен диабет тип 2
endocrinology_type 2 diabetes_33_BGgpt.txt	medication	concept	3910	3919	метформин
endocrinology_type 2 diabetes_33_BGgpt.txt	medication	concept	3921	3931	семаглутид
endocrinology_type 2 diabetes_33_BGgpt.txt	symptom	concept	4347	4363	странични ефекти
endocrinology_type 2 diabetes_33_BGgpt.txt	symptom	concept	4536	4547	притеснения
endocrinology_type 2 diabetes_33_BGgpt.txt	disease	concept	4579	4592	хипергликемия
endocrinology_type 2 diabetes_34_BGgpt.txt	disease	concept	580	600	захарен диабет тип 2
endocrinology_type 2 diabetes_34_BGgpt.txt	disease	concept	699	713	захарен диабет
endocrinology_type 2 diabetes_34_BGgpt.txt	symptom	concept	756	761	умора
endocrinology_type 2 diabetes_34_BGgpt.txt	disease	concept	892	906	Хиперлипидемия
endocrinology_type 2 diabetes_34_BGgpt.txt	disease	concept	937	951	захарен диабет
endocrinology_type 2 diabetes_34_BGgpt.txt	medication	concept	1012	1022	Лизиноприл
endocrinology_type 2 diabetes_34_BGgpt.txt	medication	concept	1040	1052	Аторвастатин
endocrinology_type 2 diabetes_34_BGgpt.txt	disease	concept	1736	1756	захарен диабет тип 2
endocrinology_type 2 diabetes_34_BGgpt.txt	medication	concept	1805	1814	Метформин
endocrinology_type 2 diabetes_34_BGgpt.txt	medication	concept	2426	2436	Семаглутид
endocrinology_type 2 diabetes_34_BGgpt.txt	disease	concept	2956	2968	хипогликемия
endocrinology_type 2 diabetes_34_BGgpt.txt	medication	concept	3006	3015	Метформин
endocrinology_type 2 diabetes_34_BGgpt.txt	medication	concept	3053	3063	Семаглутид
endocrinology_type 2 diabetes_34_BGgpt.txt	medication	concept	3159	3169	Лизиноприл
endocrinology_type 2 diabetes_34_BGgpt.txt	medication	concept	3187	3199	Аторвастатин
endocrinology_type 2 diabetes_34_BGgpt.txt	disease	concept	3682	3692	SARS-CoV-2
endocrinology_type 2 diabetes_34_BGgpt.txt	disease	concept	4078	4093	захарния диабет
endocrinology_type 2 diabetes_35_BGgpt.txt	disease	concept	244	264	Захарен диабет тип 2
endocrinology_type 2 diabetes_35_BGgpt.txt	symptom	concept	406	414	полиурия
endocrinology_type 2 diabetes_35_BGgpt.txt	disease	concept	416	426	полидипсия
endocrinology_type 2 diabetes_35_BGgpt.txt	symptom	concept	429	452	неволна загуба на тегло
endocrinology_type 2 diabetes_35_BGgpt.txt	disease	concept	644	664	захарен диабет тип 2
endocrinology_type 2 diabetes_35_BGgpt.txt	procedure	concept	846	853	лечение
endocrinology_type 2 diabetes_35_BGgpt.txt	medication	concept	1000	1009	Метформин
endocrinology_type 2 diabetes_35_BGgpt.txt	disease	concept	1450	1463	хипергликемия
endocrinology_type 2 diabetes_35_BGgpt.txt	procedure	concept	1602	1615	офталмоскопия
endocrinology_type 2 diabetes_35_BGgpt.txt	disease	concept	1803	1822	диабетна нефропатия
endocrinology_type 2 diabetes_35_BGgpt.txt	medication	concept	2020	2026	статин
endocrinology_type 2 diabetes_35_BGgpt.txt	procedure	concept	2420	2440	диетична консултация
endocrinology_type 2 diabetes_35_BGgpt.txt	disease	concept	2675	2699	Streptococcus pneumoniae
endocrinology_type 2 diabetes_35_BGgpt.txt	disease	concept	2701	2716	вируса на грипа
endocrinology_type 2 diabetes_35_BGgpt.txt	disease	concept	2718	2727	хепатит B
endocrinology_type 2 diabetes_35_BGgpt.txt	disease	concept	2729	2737	варицела
endocrinology_type 2 diabetes_35_BGgpt.txt	procedure	concept	2992	3011	терапевтичния режим
endocrinology_type 2 diabetes_35_BGgpt.txt	disease	concept	3327	3341	захарен диабет
endocrinology_type 2 diabetes_35_BGgpt.txt	medication	concept	3413	3422	Метформин
endocrinology_type 2 diabetes_35_BGgpt.txt	medication	concept	3459	3465	Статин
endocrinology_type 2 diabetes_35_BGgpt.txt	disease	concept	3755	3776	захарния диабет тип 2
endocrinology_type 2 diabetes_36_BGgpt.txt	disease	concept	335	345	полидипсия
endocrinology_type 2 diabetes_36_BGgpt.txt	symptom	concept	472	477	жажда
endocrinology_type 2 diabetes_36_BGgpt.txt	disease	concept	683	704	Артериална хипертония
endocrinology_type 2 diabetes_36_BGgpt.txt	medication	concept	764	774	лизиноприл
endocrinology_type 2 diabetes_36_BGgpt.txt	disease	concept	791	805	Хиперлипидемия
endocrinology_type 2 diabetes_36_BGgpt.txt	medication	concept	814	826	симувастатин
endocrinology_type 2 diabetes_36_BGgpt.txt	disease	concept	867	873	диабет
endocrinology_type 2 diabetes_36_BGgpt.txt	medication	concept	910	920	Лизиноприл
endocrinology_type 2 diabetes_36_BGgpt.txt	disease	concept	937	958	артериална хипертония
endocrinology_type 2 diabetes_36_BGgpt.txt	medication	concept	962	974	Симувастатин
endocrinology_type 2 diabetes_36_BGgpt.txt	disease	concept	991	1005	хиперлипидемия
endocrinology_type 2 diabetes_36_BGgpt.txt	disease	concept	1160	1179	акантозис нигриканс
endocrinology_type 2 diabetes_36_BGgpt.txt	disease	concept	1620	1640	Захарен диабет тип 2
endocrinology_type 2 diabetes_36_BGgpt.txt	disease	concept	1913	1933	захарен диабет тип 2
endocrinology_type 2 diabetes_36_BGgpt.txt	medication	concept	2072	2081	Метформин
endocrinology_type 2 diabetes_36_BGgpt.txt	medication	concept	2473	2483	Семаглутид
endocrinology_type 2 diabetes_36_BGgpt.txt	medication	concept	2883	2892	Метформин
endocrinology_type 2 diabetes_36_BGgpt.txt	medication	concept	2920	2930	Семаглутид
endocrinology_type 2 diabetes_36_BGgpt.txt	medication	concept	2966	2976	Лизиноприл
endocrinology_type 2 diabetes_36_BGgpt.txt	medication	concept	2993	3005	Симувастатин
endocrinology_type 2 diabetes_36_BGgpt.txt	disease	concept	3466	3472	диабет
endocrinology_type 2 diabetes_36_BGgpt.txt	disease	concept	3506	3513	диабета
endocrinology_type 2 diabetes_36_BGgpt.txt	disease	concept	3792	3798	диабет
endocrinology_type 2 diabetes_36_BGgpt.txt	medication	concept	3977	3990	медикаментите
endocrinology_type 2 diabetes_36_BGgpt.txt	disease	concept	4039	4045	диабет
endocrinology_type 2 diabetes_36_BGgpt.txt	disease	concept	4231	4251	захарен диабет тип 2
endocrinology_type 2 diabetes_36_BGgpt.txt	medication	concept	4340	4353	медикаментите
endocrinology_type 2 diabetes_36_BGgpt.txt	disease	concept	4523	4531	инфекция
endocrinology_type 2 diabetes_37_BGgpt.txt	disease	concept	404	412	полиурия
endocrinology_type 2 diabetes_37_BGgpt.txt	disease	concept	1228	1240	диабет тип 2
endocrinology_type 2 diabetes_37_BGgpt.txt	disease	concept	1294	1300	диабет
endocrinology_type 2 diabetes_37_BGgpt.txt	medication	concept	1454	1463	Метформин
endocrinology_type 2 diabetes_37_BGgpt.txt	medication	concept	1652	1665	Емпаглифлозин
endocrinology_type 2 diabetes_37_BGgpt.txt	medication	concept	1707	1717	Лизиноприл
endocrinology_type 2 diabetes_37_BGgpt.txt	disease	concept	1786	1800	нефропротекция
endocrinology_type 2 diabetes_37_BGgpt.txt	disease	concept	2212	2219	диабета
endocrinology_type 2 diabetes_37_BGgpt.txt	medication	concept	2788	2797	метформин
endocrinology_type 2 diabetes_37_BGgpt.txt	medication	concept	2847	2860	Емпаглифлозин
endocrinology_type 2 diabetes_37_BGgpt.txt	medication	concept	3021	3031	лизиноприл
endocrinology_type 2 diabetes_37_BGgpt.txt	medication	concept	3268	3277	Метформин
endocrinology_type 2 diabetes_37_BGgpt.txt	medication	concept	3367	3380	Емпаглифлозин
endocrinology_type 2 diabetes_37_BGgpt.txt	medication	concept	3408	3418	Лизиноприл
endocrinology_type 2 diabetes_37_BGgpt.txt	procedure	concept	3558	3574	хоспитализацията
endocrinology_type 2 diabetes_37_BGgpt.txt	disease	concept	3708	3726	тежка хипогликемия
endocrinology_type 2 diabetes_37_BGgpt.txt	symptom	concept	3773	3785	дехидратация
endocrinology_type 2 diabetes_37_BGgpt.txt	disease	concept	3940	3952	диабет тип 2
endocrinology_type 2 diabetes_37_BGgpt.txt	medication	concept	3977	3986	метформин
endocrinology_type 2 diabetes_37_BGgpt.txt	medication	concept	3988	4001	емпаглифлозин
endocrinology_type 2 diabetes_37_BGgpt.txt	medication	concept	4004	4014	лизиноприл
endocrinology_type 2 diabetes_37_BGgpt.txt	disease	concept	4254	4261	диабета
endocrinology_type 2 diabetes_38_BGgpt.txt	disease	concept	592	612	захарен диабет тип 2
endocrinology_type 2 diabetes_38_BGgpt.txt	disease	concept	1363	1383	захарен диабет тип 2
endocrinology_type 2 diabetes_38_BGgpt.txt	medication	concept	1548	1557	метформин
endocrinology_type 2 diabetes_38_BGgpt.txt	disease	concept	1841	1854	хипергликемия
endocrinology_type 2 diabetes_38_BGgpt.txt	disease	concept	1892	1899	диабета
endocrinology_type 2 diabetes_38_BGgpt.txt	disease	concept	2178	2188	хипертония
endocrinology_type 2 diabetes_38_BGgpt.txt	disease	concept	2191	2205	хиперлипидемия
endocrinology_type 2 diabetes_38_BGgpt.txt	medication	concept	2273	2279	статин
endocrinology_type 2 diabetes_38_BGgpt.txt	symptom	concept	2344	2361	кръвното налягане
endocrinology_type 2 diabetes_38_BGgpt.txt	medication	concept	2405	2415	метформина
endocrinology_type 2 diabetes_38_BGgpt.txt	medication	concept	2456	2466	семаглутид
endocrinology_type 2 diabetes_38_BGgpt.txt	medication	concept	2691	2700	Метформин
endocrinology_type 2 diabetes_38_BGgpt.txt	medication	concept	2729	2739	Семаглутид
endocrinology_type 2 diabetes_38_BGgpt.txt	medication	concept	2795	2805	Лизиноприл
endocrinology_type 2 diabetes_38_BGgpt.txt	medication	concept	2823	2825	Ат
endocrinology_type 2 diabetes_38_BGgpt.txt	medication	concept	2827	2835	вастатин
endocrinology_type 2 diabetes_38_BGgpt.txt	medication	concept	3360	3367	ваксини
endocrinology_type 2 diabetes_38_BGgpt.txt	disease	concept	3400	3415	вируса на грипа
endocrinology_type 2 diabetes_38_BGgpt.txt	disease	concept	3438	3446	варицела
endocrinology_type 2 diabetes_38_BGgpt.txt	disease	concept	3449	3459	SARS-CoV-2
endocrinology_type 2 diabetes_38_BGgpt.txt	medication	concept	3704	3716	въглехидрати
endocrinology_type 2 diabetes_38_BGgpt.txt	medication	concept	3842	3852	семаглутид
endocrinology_type 2 diabetes_38_BGgpt.txt	procedure	concept	4056	4063	аеробни
endocrinology_type 2 diabetes_38_BGgpt.txt	procedure	concept	4136	4156	медикаментозен режим
endocrinology_type 2 diabetes_38_BGgpt.txt	disease	concept	4258	4279	захарния диабет тип 2
endocrinology_type 2 diabetes_39_BGgpt.txt	disease	concept	256	276	Захарен диабет тип 2
endocrinology_type 2 diabetes_39_BGgpt.txt	symptom	concept	424	429	жажда
endocrinology_type 2 diabetes_39_BGgpt.txt	symptom	concept	437	446	уриниране
endocrinology_type 2 diabetes_39_BGgpt.txt	disease	concept	651	671	Захарен диабет тип 2
endocrinology_type 2 diabetes_39_BGgpt.txt	medication	concept	865	874	Метформин
endocrinology_type 2 diabetes_39_BGgpt.txt	disease	concept	946	966	Захарен диабет тип 2
endocrinology_type 2 diabetes_39_BGgpt.txt	disease	concept	1305	1312	диабета
endocrinology_type 2 diabetes_39_BGgpt.txt	disease	concept	1390	1413	периферна съдова болест
endocrinology_type 2 diabetes_39_BGgpt.txt	procedure	concept	1423	1445	офталмологичен преглед
endocrinology_type 2 diabetes_39_BGgpt.txt	disease	concept	1615	1630	захарния диабет
endocrinology_type 2 diabetes_39_BGgpt.txt	medication	concept	1675	1687	Аторвастатин
endocrinology_type 2 diabetes_39_BGgpt.txt	disease	concept	2025	2037	хипогликемия
endocrinology_type 2 diabetes_39_BGgpt.txt	medication	concept	2237	2247	Семаглутид
endocrinology_type 2 diabetes_39_BGgpt.txt	disease	concept	2485	2492	диабета
endocrinology_type 2 diabetes_39_BGgpt.txt	disease	concept	2539	2551	хипогликемия
endocrinology_type 2 diabetes_39_BGgpt.txt	disease	concept	2554	2567	хипергликемия
endocrinology_type 2 diabetes_39_BGgpt.txt	medication	concept	2852	2861	Метформин
endocrinology_type 2 diabetes_39_BGgpt.txt	medication	concept	2864	2874	Семаглутид
endocrinology_type 2 diabetes_39_BGgpt.txt	disease	concept	2998	3022	Streptococcus pneumoniae
endocrinology_type 2 diabetes_39_BGgpt.txt	disease	concept	3025	3038	вирус на грип
endocrinology_type 2 diabetes_39_BGgpt.txt	disease	concept	3040	3049	хепатит B
endocrinology_type 2 diabetes_39_BGgpt.txt	disease	concept	3051	3059	варицела
endocrinology_type 2 diabetes_39_BGgpt.txt	disease	concept	3062	3072	SARS-CoV-2
endocrinology_type 2 diabetes_39_BGgpt.txt	medication	concept	3169	3178	Метформин
endocrinology_type 2 diabetes_39_BGgpt.txt	medication	concept	3204	3214	Семаглутид
endocrinology_type 2 diabetes_39_BGgpt.txt	disease	concept	3793	3805	хипогликемия
endocrinology_type 2 diabetes_39_BGgpt.txt	disease	concept	4431	4451	Захарен диабет тип 2
endocrinology_type 2 diabetes_39_BGgpt.txt	medication	concept	4543	4552	Метформин
endocrinology_type 2 diabetes_39_BGgpt.txt	medication	concept	4554	4564	Семаглутид
endocrinology_type 2 diabetes_39_BGgpt.txt	medication	concept	4567	4579	Аторвастатин
endocrinology_type 2 diabetes_3_BGgpt.txt	disease	concept	418	439	артериална хипертония
endocrinology_type 2 diabetes_3_BGgpt.txt	disease	concept	658	678	захарен диабет тип 2
endocrinology_type 2 diabetes_3_BGgpt.txt	procedure	concept	782	805	лабораторни изследвания
endocrinology_type 2 diabetes_3_BGgpt.txt	disease	concept	1004	1024	захарен диабет тип 2
endocrinology_type 2 diabetes_3_BGgpt.txt	disease	concept	1169	1189	захарен диабет тип 2
endocrinology_type 2 diabetes_3_BGgpt.txt	medication	concept	1215	1224	Метформин
endocrinology_type 2 diabetes_3_BGgpt.txt	medication	concept	1458	1468	Семаглутид
endocrinology_type 2 diabetes_3_BGgpt.txt	disease	concept	1639	1645	диабет
endocrinology_type 2 diabetes_3_BGgpt.txt	medication	concept	2122	2132	Лизиноприл
endocrinology_type 2 diabetes_3_BGgpt.txt	medication	concept	2186	2198	Аторвастатин
endocrinology_type 2 diabetes_3_BGgpt.txt	disease	concept	2441	2463	Стрептококус пневмония
endocrinology_type 2 diabetes_3_BGgpt.txt	disease	concept	2465	2469	грип
endocrinology_type 2 diabetes_3_BGgpt.txt	disease	concept	2482	2490	варицела
endocrinology_type 2 diabetes_3_BGgpt.txt	disease	concept	2493	2503	SARS-CoV-2
endocrinology_type 2 diabetes_3_BGgpt.txt	medication	concept	2595	2604	Метформин
endocrinology_type 2 diabetes_3_BGgpt.txt	medication	concept	2631	2641	Семаглутид
endocrinology_type 2 diabetes_3_BGgpt.txt	medication	concept	2698	2708	Лизиноприл
endocrinology_type 2 diabetes_3_BGgpt.txt	medication	concept	2731	2743	Аторвастатин
endocrinology_type 2 diabetes_3_BGgpt.txt	disease	concept	3010	3017	диабета
endocrinology_type 2 diabetes_3_BGgpt.txt	procedure	concept	3153	3174	медикаментозния режим
endocrinology_type 2 diabetes_3_BGgpt.txt	disease	concept	3342	3362	захарен диабет тип 2
endocrinology_type 2 diabetes_3_BGgpt.txt	medication	concept	3951	3962	медикаменти
endocrinology_type 2 diabetes_3_BGgpt.txt	procedure	concept	4305	4323	контролни прегледи
endocrinology_type 2 diabetes_40_BGgpt.txt	disease	concept	460	470	полидипсия
endocrinology_type 2 diabetes_40_BGgpt.txt	disease	concept	597	611	захарен диабет
endocrinology_type 2 diabetes_40_BGgpt.txt	disease	concept	843	863	захарен диабет тип 2
endocrinology_type 2 diabetes_40_BGgpt.txt	medication	concept	1361	1370	Метформин
endocrinology_type 2 diabetes_40_BGgpt.txt	disease	concept	1476	1486	гликемията
endocrinology_type 2 diabetes_40_BGgpt.txt	medication	concept	1608	1618	семаглутид
endocrinology_type 2 diabetes_40_BGgpt.txt	disease	concept	1796	1808	хипогликемия
endocrinology_type 2 diabetes_40_BGgpt.txt	disease	concept	1811	1824	хипергликемия
endocrinology_type 2 diabetes_40_BGgpt.txt	disease	concept	2077	2084	диабета
endocrinology_type 2 diabetes_40_BGgpt.txt	procedure	concept	2115	2128	офталмоскопия
endocrinology_type 2 diabetes_40_BGgpt.txt	medication	concept	2316	2322	статин
endocrinology_type 2 diabetes_40_BGgpt.txt	medication	concept	2324	2336	аторвастатин
endocrinology_type 2 diabetes_40_BGgpt.txt	disease	concept	2409	2433	Streptococcus pneumoniae
endocrinology_type 2 diabetes_40_BGgpt.txt	disease	concept	2435	2450	вируса на грипа
endocrinology_type 2 diabetes_40_BGgpt.txt	disease	concept	2452	2471	вируса на хепатит B
endocrinology_type 2 diabetes_40_BGgpt.txt	disease	concept	2473	2481	варицела
endocrinology_type 2 diabetes_40_BGgpt.txt	disease	concept	2484	2494	SARS-CoV-2
endocrinology_type 2 diabetes_40_BGgpt.txt	disease	concept	2533	2547	захарен диабет
endocrinology_type 2 diabetes_40_BGgpt.txt	medication	concept	2610	2619	Метформин
endocrinology_type 2 diabetes_40_BGgpt.txt	medication	concept	2785	2795	Семаглутид
endocrinology_type 2 diabetes_40_BGgpt.txt	medication	concept	3126	3138	Аторвастатин
endocrinology_type 2 diabetes_40_BGgpt.txt	disease	concept	3644	3664	захарен диабет тип 2
endocrinology_type 2 diabetes_40_BGgpt.txt	medication	concept	3766	3775	Метформин
endocrinology_type 2 diabetes_40_BGgpt.txt	medication	concept	3777	3787	Семаглутид
endocrinology_type 2 diabetes_41_BGgpt.txt	disease	concept	339	347	полиурия
endocrinology_type 2 diabetes_41_BGgpt.txt	disease	concept	349	359	полидипсия
endocrinology_type 2 diabetes_41_BGgpt.txt	disease	concept	497	507	хипертония
endocrinology_type 2 diabetes_41_BGgpt.txt	disease	concept	510	522	дислипидемия
endocrinology_type 2 diabetes_41_BGgpt.txt	symptom	concept	594	610	прекомерна жажда
endocrinology_type 2 diabetes_41_BGgpt.txt	symptom	concept	618	627	уриниране
endocrinology_type 2 diabetes_41_BGgpt.txt	symptom	concept	703	720	зрителни смущения
endocrinology_type 2 diabetes_41_BGgpt.txt	symptom	concept	722	743	невропатични симптоми
endocrinology_type 2 diabetes_41_BGgpt.txt	disease	concept	748	756	инфекции
endocrinology_type 2 diabetes_41_BGgpt.txt	disease	concept	968	988	захарен диабет тип 2
endocrinology_type 2 diabetes_41_BGgpt.txt	disease	concept	1232	1252	диабетна ретинопатия
endocrinology_type 2 diabetes_41_BGgpt.txt	disease	concept	1397	1409	дислипидемия
endocrinology_type 2 diabetes_41_BGgpt.txt	medication	concept	1669	1678	метформин
endocrinology_type 2 diabetes_41_BGgpt.txt	disease	concept	1818	1845	сърдечно-съдови заболявания
endocrinology_type 2 diabetes_41_BGgpt.txt	medication	concept	1896	1906	семаглутид
endocrinology_type 2 diabetes_41_BGgpt.txt	disease	concept	2083	2089	диабет
endocrinology_type 2 diabetes_41_BGgpt.txt	disease	concept	2116	2122	диабет
endocrinology_type 2 diabetes_41_BGgpt.txt	disease	concept	2169	2182	хипергликемия
endocrinology_type 2 diabetes_41_BGgpt.txt	medication	concept	2540	2549	Метформин
endocrinology_type 2 diabetes_41_BGgpt.txt	medication	concept	2588	2598	Семаглутид
endocrinology_type 2 diabetes_41_BGgpt.txt	medication	concept	2681	2691	Лизиноприл
endocrinology_type 2 diabetes_41_BGgpt.txt	medication	concept	2743	2755	Аторвастатин
endocrinology_type 2 diabetes_41_BGgpt.txt	disease	concept	2791	2803	дислипидемия
endocrinology_type 2 diabetes_41_BGgpt.txt	medication	concept	2972	2985	медикаментите
endocrinology_type 2 diabetes_41_BGgpt.txt	procedure	concept	3113	3126	Кинезитерапия
endocrinology_type 2 diabetes_41_BGgpt.txt	disease	concept	3335	3341	диабет
endocrinology_type 2 diabetes_41_BGgpt.txt	procedure	concept	3349	3359	Ваксинации
endocrinology_type 2 diabetes_41_BGgpt.txt	medication	concept	3403	3410	ваксини
endocrinology_type 2 diabetes_41_BGgpt.txt	disease	concept	3425	3431	диабет
endocrinology_type 2 diabetes_41_BGgpt.txt	medication	concept	3456	3477	противогрипна ваксина
endocrinology_type 2 diabetes_41_BGgpt.txt	disease	concept	3529	3537	COVID-19
endocrinology_type 2 diabetes_41_BGgpt.txt	disease	concept	3658	3665	диабета
endocrinology_type 2 diabetes_41_BGgpt.txt	disease	concept	3827	3839	хипогликемия
endocrinology_type 2 diabetes_42_BGgpt.txt	disease	concept	328	348	Захарен диабет тип 2
endocrinology_type 2 diabetes_42_BGgpt.txt	disease	concept	377	387	Хипертония
endocrinology_type 2 diabetes_42_BGgpt.txt	disease	concept	389	401	Затлъстяване
endocrinology_type 2 diabetes_42_BGgpt.txt	disease	concept	509	519	хипертония
endocrinology_type 2 diabetes_42_BGgpt.txt	disease	concept	591	599	полиурия
endocrinology_type 2 diabetes_42_BGgpt.txt	disease	concept	601	611	полидипсия
endocrinology_type 2 diabetes_42_BGgpt.txt	disease	concept	709	729	захарен диабет тип 2
endocrinology_type 2 diabetes_42_BGgpt.txt	disease	concept	1144	1164	захарен диабет тип 2
endocrinology_type 2 diabetes_42_BGgpt.txt	medication	concept	1564	1573	Метформин
endocrinology_type 2 diabetes_42_BGgpt.txt	disease	concept	1665	1685	захарен диабет тип 2
endocrinology_type 2 diabetes_42_BGgpt.txt	disease	concept	1807	1814	диабета
endocrinology_type 2 diabetes_42_BGgpt.txt	disease	concept	1846	1858	хипогликемия
endocrinology_type 2 diabetes_42_BGgpt.txt	disease	concept	1861	1874	хипергликемия
endocrinology_type 2 diabetes_42_BGgpt.txt	medication	concept	2077	2087	семаглутид
endocrinology_type 2 diabetes_42_BGgpt.txt	disease	concept	2441	2451	хипертония
endocrinology_type 2 diabetes_42_BGgpt.txt	medication	concept	2611	2618	инсулин
endocrinology_type 2 diabetes_42_BGgpt.txt	disease	concept	2682	2694	хипогликемия
endocrinology_type 2 diabetes_42_BGgpt.txt	procedure	concept	2699	2711	Проследяване
endocrinology_type 2 diabetes_42_BGgpt.txt	medication	concept	2848	2861	медикаментите
endocrinology_type 2 diabetes_42_BGgpt.txt	disease	concept	3105	3124	диабетни усложнения
endocrinology_type 2 diabetes_42_BGgpt.txt	disease	concept	3288	3312	Streptococcus pneumoniae
endocrinology_type 2 diabetes_42_BGgpt.txt	disease	concept	3314	3318	грип
endocrinology_type 2 diabetes_42_BGgpt.txt	disease	concept	3331	3339	варицела
endocrinology_type 2 diabetes_42_BGgpt.txt	disease	concept	3342	3352	SARS-CoV-2
endocrinology_type 2 diabetes_42_BGgpt.txt	procedure	concept	3475	3495	медикаментозен режим
endocrinology_type 2 diabetes_42_BGgpt.txt	procedure	concept	3497	3502	диета
endocrinology_type 2 diabetes_42_BGgpt.txt	disease	concept	3960	3980	захарен диабет тип 2
endocrinology_type 2 diabetes_42_BGgpt.txt	medication	concept	4005	4014	метформин
endocrinology_type 2 diabetes_42_BGgpt.txt	medication	concept	4017	4027	семаглутид
endocrinology_type 2 diabetes_43_BGgpt.txt	disease	concept	278	298	Захарен диабет тип 2
endocrinology_type 2 diabetes_43_BGgpt.txt	symptom	concept	487	492	жажда
endocrinology_type 2 diabetes_43_BGgpt.txt	disease	concept	583	603	захарен диабет тип 2
endocrinology_type 2 diabetes_43_BGgpt.txt	medication	concept	673	680	алкохол
endocrinology_type 2 diabetes_43_BGgpt.txt	medication	concept	683	702	наркотични вещества
endocrinology_type 2 diabetes_43_BGgpt.txt	disease	concept	1224	1244	захарен диабет тип 2
endocrinology_type 2 diabetes_43_BGgpt.txt	disease	concept	1275	1287	дислипидемия
endocrinology_type 2 diabetes_43_BGgpt.txt	disease	concept	1542	1547	HbA1c
endocrinology_type 2 diabetes_43_BGgpt.txt	medication	concept	1604	1613	Метформин
endocrinology_type 2 diabetes_43_BGgpt.txt	disease	concept	1775	1782	диабета
endocrinology_type 2 diabetes_43_BGgpt.txt	disease	concept	1881	1894	хипергликемия
endocrinology_type 2 diabetes_43_BGgpt.txt	medication	concept	2112	2122	семаглутид
endocrinology_type 2 diabetes_43_BGgpt.txt	disease	concept	2382	2402	диабетна кетоацидоза
endocrinology_type 2 diabetes_43_BGgpt.txt	disease	concept	2413	2425	хипогликемия
endocrinology_type 2 diabetes_43_BGgpt.txt	disease	concept	2495	2514	диабетна нефропатия
endocrinology_type 2 diabetes_43_BGgpt.txt	medication	concept	2603	2612	Метформин
endocrinology_type 2 diabetes_43_BGgpt.txt	medication	concept	2655	2665	Семаглутид
endocrinology_type 2 diabetes_43_BGgpt.txt	disease	concept	3462	3468	диабет
endocrinology_type 2 diabetes_43_BGgpt.txt	procedure	concept	3508	3518	Ваксинации
endocrinology_type 2 diabetes_43_BGgpt.txt	disease	concept	3553	3557	грип
endocrinology_type 2 diabetes_43_BGgpt.txt	disease	concept	3559	3580	пневмококова инфекция
endocrinology_type 2 diabetes_43_BGgpt.txt	disease	concept	3582	3591	хепатит B
endocrinology_type 2 diabetes_43_BGgpt.txt	disease	concept	3594	3604	SARS-CoV-2
endocrinology_type 2 diabetes_43_BGgpt.txt	disease	concept	3718	3725	диабета
endocrinology_type 2 diabetes_43_BGgpt.txt	disease	concept	3918	3931	хипергликемия
endocrinology_type 2 diabetes_43_BGgpt.txt	disease	concept	3934	3946	хипогликемия
endocrinology_type 2 diabetes_43_BGgpt.txt	disease	concept	4007	4014	диабета
endocrinology_type 2 diabetes_43_BGgpt.txt	disease	concept	4121	4127	диабет
endocrinology_type 2 diabetes_43_BGgpt.txt	medication	concept	4158	4167	метформин
endocrinology_type 2 diabetes_43_BGgpt.txt	medication	concept	4170	4180	семаглутид
endocrinology_type 2 diabetes_43_BGgpt.txt	procedure	concept	4253	4271	контролни прегледи
endocrinology_type 2 diabetes_43_BGgpt.txt	disease	concept	4451	4457	диабет
endocrinology_type 2 diabetes_44_BGgpt.txt	disease	concept	4	12	Епикриза
endocrinology_type 2 diabetes_44_BGgpt.txt	disease	concept	565	573	полиурия
endocrinology_type 2 diabetes_44_BGgpt.txt	disease	concept	840	854	захарен диабет
endocrinology_type 2 diabetes_44_BGgpt.txt	medication	concept	1241	1250	Метформин
endocrinology_type 2 diabetes_44_BGgpt.txt	medication	concept	1598	1608	Семаглутид
endocrinology_type 2 diabetes_44_BGgpt.txt	disease	concept	1834	1841	диабета
endocrinology_type 2 diabetes_44_BGgpt.txt	disease	concept	1859	1871	хипогликемия
endocrinology_type 2 diabetes_44_BGgpt.txt	disease	concept	1874	1887	хипергликемия
endocrinology_type 2 diabetes_44_BGgpt.txt	disease	concept	1923	1930	диабета
endocrinology_type 2 diabetes_44_BGgpt.txt	disease	concept	2322	2334	хипогликемия
endocrinology_type 2 diabetes_44_BGgpt.txt	disease	concept	2476	2498	Стрептококус пневмония
endocrinology_type 2 diabetes_44_BGgpt.txt	disease	concept	2500	2504	грип
endocrinology_type 2 diabetes_44_BGgpt.txt	disease	concept	2506	2515	хепатит B
endocrinology_type 2 diabetes_44_BGgpt.txt	disease	concept	2517	2525	варицела
endocrinology_type 2 diabetes_44_BGgpt.txt	disease	concept	2528	2538	SARS-CoV-2
endocrinology_type 2 diabetes_44_BGgpt.txt	medication	concept	2637	2646	Метформин
endocrinology_type 2 diabetes_44_BGgpt.txt	medication	concept	2672	2682	Семаглутид
endocrinology_type 2 diabetes_44_BGgpt.txt	disease	concept	3458	3465	диабета
endocrinology_type 2 diabetes_44_BGgpt.txt	disease	concept	3552	3564	хипогликемия
endocrinology_type 2 diabetes_45_BGgpt.txt	disease	concept	284	304	Захарен диабет тип 2
endocrinology_type 2 diabetes_45_BGgpt.txt	disease	concept	523	534	полиудросия
endocrinology_type 2 diabetes_45_BGgpt.txt	disease	concept	626	646	захарен диабет тип 2
endocrinology_type 2 diabetes_45_BGgpt.txt	disease	concept	962	982	захарен диабет тип 2
endocrinology_type 2 diabetes_45_BGgpt.txt	medication	concept	1360	1366	статин
endocrinology_type 2 diabetes_45_BGgpt.txt	disease	concept	1386	1400	хиперлипидемия
endocrinology_type 2 diabetes_45_BGgpt.txt	disease	concept	1449	1455	диабет
endocrinology_type 2 diabetes_45_BGgpt.txt	disease	concept	1545	1558	хипергликемия
endocrinology_type 2 diabetes_45_BGgpt.txt	disease	concept	1587	1594	диабета
endocrinology_type 2 diabetes_45_BGgpt.txt	disease	concept	1895	1907	хипогликемия
endocrinology_type 2 diabetes_45_BGgpt.txt	medication	concept	1939	1948	Метформин
endocrinology_type 2 diabetes_45_BGgpt.txt	disease	concept	2063	2097	стомашно-чревните странични ефекти
endocrinology_type 2 diabetes_45_BGgpt.txt	medication	concept	2121	2134	Емпаглифлозин
endocrinology_type 2 diabetes_45_BGgpt.txt	disease	concept	2202	2232	хроничното бъбречно заболяване
endocrinology_type 2 diabetes_45_BGgpt.txt	medication	concept	2358	2368	Семаглутид
endocrinology_type 2 diabetes_45_BGgpt.txt	medication	concept	2982	2989	ваксина
endocrinology_type 2 diabetes_45_BGgpt.txt	disease	concept	2996	3020	Streptococcus pneumoniae
endocrinology_type 2 diabetes_45_BGgpt.txt	disease	concept	3022	3026	грип
endocrinology_type 2 diabetes_45_BGgpt.txt	disease	concept	3028	3037	хепатит В
endocrinology_type 2 diabetes_45_BGgpt.txt	disease	concept	3039	3047	варицела
endocrinology_type 2 diabetes_45_BGgpt.txt	disease	concept	3050	3060	SARS-CoV-2
endocrinology_type 2 diabetes_45_BGgpt.txt	procedure	concept	3158	3170	проследяване
endocrinology_type 2 diabetes_45_BGgpt.txt	disease	concept	3221	3228	диабета
endocrinology_type 2 diabetes_45_BGgpt.txt	procedure	concept	3394	3402	корекции
endocrinology_type 2 diabetes_45_BGgpt.txt	disease	concept	3514	3524	нефропатия
endocrinology_type 2 diabetes_45_BGgpt.txt	disease	concept	3571	3577	диабет
endocrinology_type 2 diabetes_45_BGgpt.txt	medication	concept	3654	3663	Метформин
endocrinology_type 2 diabetes_45_BGgpt.txt	medication	concept	3699	3712	Емпаглифлозин
endocrinology_type 2 diabetes_45_BGgpt.txt	medication	concept	3745	3755	Семаглутид
endocrinology_type 2 diabetes_45_BGgpt.txt	disease	concept	4192	4204	хипогликемия
endocrinology_type 2 diabetes_45_BGgpt.txt	disease	concept	4209	4222	хипергликемия
endocrinology_type 2 diabetes_46_BGgpt.txt	disease	concept	280	300	Захарен диабет тип 2
endocrinology_type 2 diabetes_46_BGgpt.txt	disease	concept	649	669	захарен диабет тип 2
endocrinology_type 2 diabetes_46_BGgpt.txt	disease	concept	884	899	захарния диабет
endocrinology_type 2 diabetes_46_BGgpt.txt	medication	concept	994	1003	Метформин
endocrinology_type 2 diabetes_46_BGgpt.txt	medication	concept	1202	1212	Семаглутид
endocrinology_type 2 diabetes_46_BGgpt.txt	disease	concept	1501	1522	захарния диабет тип 2
endocrinology_type 2 diabetes_46_BGgpt.txt	disease	concept	1582	1589	диабета
endocrinology_type 2 diabetes_46_BGgpt.txt	disease	concept	1653	1666	хипергликемия
endocrinology_type 2 diabetes_46_BGgpt.txt	disease	concept	2001	2013	хипогликемия
endocrinology_type 2 diabetes_46_BGgpt.txt	symptom	concept	2448	2463	сензорна загуба
endocrinology_type 2 diabetes_46_BGgpt.txt	disease	concept	2543	2563	диабетна ретинопатия
endocrinology_type 2 diabetes_46_BGgpt.txt	medication	concept	2837	2843	статин
endocrinology_type 2 diabetes_46_BGgpt.txt	disease	concept	2906	2910	грип
endocrinology_type 2 diabetes_46_BGgpt.txt	disease	concept	2912	2934	пневмококова пневмония
endocrinology_type 2 diabetes_46_BGgpt.txt	disease	concept	2937	2946	хепатит B
endocrinology_type 2 diabetes_46_BGgpt.txt	disease	concept	3060	3070	SARS-CoV-2
endocrinology_type 2 diabetes_46_BGgpt.txt	medication	concept	3144	3153	Метформин
endocrinology_type 2 diabetes_46_BGgpt.txt	medication	concept	3180	3190	Семаглутид
endocrinology_type 2 diabetes_46_BGgpt.txt	disease	concept	4047	4062	захарния диабет
endocrinology_type 2 diabetes_46_BGgpt.txt	symptom	concept	4222	4240	загуба на съзнание
endocrinology_type 2 diabetes_47_BGgpt.txt	disease	concept	395	405	Хипертония
endocrinology_type 2 diabetes_47_BGgpt.txt	disease	concept	437	451	Хиперлипидемия
endocrinology_type 2 diabetes_47_BGgpt.txt	disease	concept	478	492	захарен диабет
endocrinology_type 2 diabetes_47_BGgpt.txt	disease	concept	528	548	захарен диабет тип 2
endocrinology_type 2 diabetes_47_BGgpt.txt	disease	concept	560	570	хипертония
endocrinology_type 2 diabetes_47_BGgpt.txt	disease	concept	1205	1225	захарен диабет тип 2
endocrinology_type 2 diabetes_47_BGgpt.txt	medication	concept	1291	1300	Метформин
endocrinology_type 2 diabetes_47_BGgpt.txt	medication	concept	1440	1450	Семаглутид
endocrinology_type 2 diabetes_47_BGgpt.txt	procedure	concept	1861	1868	аеробни
endocrinology_type 2 diabetes_47_BGgpt.txt	disease	concept	1941	1948	диабета
endocrinology_type 2 diabetes_47_BGgpt.txt	disease	concept	2023	2037	хипогликемията
endocrinology_type 2 diabetes_47_BGgpt.txt	disease	concept	2040	2055	хипергликемията
endocrinology_type 2 diabetes_47_BGgpt.txt	medication	concept	2266	2273	ваксини
endocrinology_type 2 diabetes_47_BGgpt.txt	disease	concept	2280	2284	грип
endocrinology_type 2 diabetes_47_BGgpt.txt	disease	concept	2286	2295	пневмокок
endocrinology_type 2 diabetes_47_BGgpt.txt	disease	concept	2298	2307	хепатит B
endocrinology_type 2 diabetes_47_BGgpt.txt	disease	concept	2538	2545	диабета
endocrinology_type 2 diabetes_47_BGgpt.txt	disease	concept	2569	2588	диабетни усложнения
endocrinology_type 2 diabetes_47_BGgpt.txt	procedure	concept	2624	2637	офталмоскопия
endocrinology_type 2 diabetes_47_BGgpt.txt	symptom	concept	2841	2855	кръвообращение
endocrinology_type 2 diabetes_47_BGgpt.txt	medication	concept	2891	2900	Метформин
endocrinology_type 2 diabetes_47_BGgpt.txt	medication	concept	2928	2938	Семаглутид
endocrinology_type 2 diabetes_47_BGgpt.txt	disease	concept	3510	3522	хипогликемия
endocrinology_type 2 diabetes_47_BGgpt.txt	disease	concept	3524	3537	хипергликемия
endocrinology_type 2 diabetes_48_BGgpt.txt	disease	concept	279	299	Захарен диабет тип 2
endocrinology_type 2 diabetes_48_BGgpt.txt	symptom	concept	522	537	загуба на тегло
endocrinology_type 2 diabetes_48_BGgpt.txt	disease	concept	611	621	хипертония
endocrinology_type 2 diabetes_48_BGgpt.txt	symptom	concept	692	709	кръвното налягане
endocrinology_type 2 diabetes_48_BGgpt.txt	disease	concept	1415	1435	захарен диабет тип 2
endocrinology_type 2 diabetes_48_BGgpt.txt	medication	concept	1474	1483	Метформин
endocrinology_type 2 diabetes_48_BGgpt.txt	symptom	concept	1633	1668	гастроинтестинални странични ефекти
endocrinology_type 2 diabetes_48_BGgpt.txt	symptom	concept	1747	1761	затлъстяването
endocrinology_type 2 diabetes_48_BGgpt.txt	medication	concept	1820	1830	Семаглутид
endocrinology_type 2 diabetes_48_BGgpt.txt	disease	concept	2568	2580	хипогликемия
endocrinology_type 2 diabetes_48_BGgpt.txt	medication	concept	2695	2704	Метформин
endocrinology_type 2 diabetes_48_BGgpt.txt	medication	concept	2743	2753	Семаглутид
endocrinology_type 2 diabetes_48_BGgpt.txt	disease	concept	3349	3363	захарен диабет
endocrinology_type 2 diabetes_48_BGgpt.txt	disease	concept	3491	3504	вирус на грип
endocrinology_type 2 diabetes_48_BGgpt.txt	disease	concept	3506	3515	хепатит B
endocrinology_type 2 diabetes_48_BGgpt.txt	disease	concept	3517	3525	варицела
endocrinology_type 2 diabetes_48_BGgpt.txt	disease	concept	3586	3600	захарен диабет
endocrinology_type 2 diabetes_48_BGgpt.txt	procedure	concept	3813	3833	медикаментозен режим
endocrinology_type 2 diabetes_48_BGgpt.txt	symptom	concept	3856	3872	странични ефекти
endocrinology_type 2 diabetes_48_BGgpt.txt	disease	concept	4148	4161	хипергликемия
endocrinology_type 2 diabetes_48_BGgpt.txt	procedure	concept	4200	4221	медикаментозния режим
endocrinology_type 2 diabetes_49_BGgpt.txt	disease	concept	273	293	Захарен диабет тип 2
endocrinology_type 2 diabetes_49_BGgpt.txt	symptom	concept	491	505	повишена жажда
endocrinology_type 2 diabetes_49_BGgpt.txt	symptom	concept	507	515	полиурия
endocrinology_type 2 diabetes_49_BGgpt.txt	disease	concept	717	737	захарен диабет тип 2
endocrinology_type 2 diabetes_49_BGgpt.txt	disease	concept	845	860	захарния диабет
endocrinology_type 2 diabetes_49_BGgpt.txt	medication	concept	887	896	Метформин
endocrinology_type 2 diabetes_49_BGgpt.txt	procedure	concept	1046	1062	хранителен режим
endocrinology_type 2 diabetes_49_BGgpt.txt	medication	concept	1658	1668	Семаглутид
endocrinology_type 2 diabetes_49_BGgpt.txt	disease	concept	1971	1981	невропатия
endocrinology_type 2 diabetes_49_BGgpt.txt	disease	concept	1986	2009	периферна съдова болест
endocrinology_type 2 diabetes_49_BGgpt.txt	disease	concept	2082	2102	диабетна ретинопатия
endocrinology_type 2 diabetes_49_BGgpt.txt	medication	concept	2354	2361	статини
endocrinology_type 2 diabetes_49_BGgpt.txt	disease	concept	2499	2506	диабета
endocrinology_type 2 diabetes_49_BGgpt.txt	medication	concept	2662	2671	Метформин
endocrinology_type 2 diabetes_49_BGgpt.txt	medication	concept	2709	2719	Семаглутид
endocrinology_type 2 diabetes_49_BGgpt.txt	medication	concept	2756	2768	Аторвастатин
endocrinology_type 2 diabetes_49_BGgpt.txt	disease	concept	3231	3243	хипогликемия
endocrinology_type 2 diabetes_49_BGgpt.txt	disease	concept	3305	3311	диабет
endocrinology_type 2 diabetes_49_BGgpt.txt	disease	concept	3451	3475	Streptococcus pneumoniae
endocrinology_type 2 diabetes_49_BGgpt.txt	disease	concept	3477	3491	вируса на грип
endocrinology_type 2 diabetes_49_BGgpt.txt	disease	concept	3515	3525	SARS-CoV-2
endocrinology_type 2 diabetes_49_BGgpt.txt	disease	concept	3609	3615	диабет
endocrinology_type 2 diabetes_49_BGgpt.txt	disease	concept	3782	3788	диабет
endocrinology_type 2 diabetes_49_BGgpt.txt	procedure	concept	3802	3818	хранителен режим
endocrinology_type 2 diabetes_49_BGgpt.txt	disease	concept	4145	4165	захарен диабет тип 2
endocrinology_type 2 diabetes_49_BGgpt.txt	disease	concept	4256	4263	диабета
endocrinology_type 2 diabetes_4_BGgpt.txt	disease	concept	227	247	Захарен диабет тип 2
endocrinology_type 2 diabetes_4_BGgpt.txt	disease	concept	456	466	полидипсия
endocrinology_type 2 diabetes_4_BGgpt.txt	disease	concept	872	892	захарен диабет тип 2
endocrinology_type 2 diabetes_4_BGgpt.txt	medication	concept	1491	1500	Метформин
endocrinology_type 2 diabetes_4_BGgpt.txt	medication	concept	1718	1728	семаглутид
endocrinology_type 2 diabetes_4_BGgpt.txt	disease	concept	1949	1956	диабета
endocrinology_type 2 diabetes_4_BGgpt.txt	disease	concept	2005	2018	хипергликемия
endocrinology_type 2 diabetes_4_BGgpt.txt	medication	concept	2370	2379	метформин
endocrinology_type 2 diabetes_4_BGgpt.txt	medication	concept	2405	2415	семаглутид
endocrinology_type 2 diabetes_4_BGgpt.txt	medication	concept	2918	2925	инсулин
endocrinology_type 2 diabetes_4_BGgpt.txt	medication	concept	3042	3055	противогрипна
endocrinology_type 2 diabetes_4_BGgpt.txt	medication	concept	3058	3070	пневмококова
endocrinology_type 2 diabetes_4_BGgpt.txt	disease	concept	3125	3145	диабетна ретинопатия
endocrinology_type 2 diabetes_4_BGgpt.txt	disease	concept	3546	3558	хипогликемия
endocrinology_type 2 diabetes_4_BGgpt.txt	disease	concept	3649	3669	захарен диабет тип 2
endocrinology_type 2 diabetes_4_BGgpt.txt	medication	concept	3702	3711	метформин
endocrinology_type 2 diabetes_4_BGgpt.txt	medication	concept	3714	3724	семаглутид
endocrinology_type 2 diabetes_5_BGgpt.txt	disease	concept	165	185	Захарен диабет тип 2
endocrinology_type 2 diabetes_5_BGgpt.txt	disease	concept	304	312	полиурия
endocrinology_type 2 diabetes_5_BGgpt.txt	disease	concept	516	536	захарен диабет тип 2
endocrinology_type 2 diabetes_5_BGgpt.txt	disease	concept	1074	1094	захарен диабет тип 2
endocrinology_type 2 diabetes_5_BGgpt.txt	medication	concept	1221	1230	Метформин
endocrinology_type 2 diabetes_5_BGgpt.txt	disease	concept	1824	1836	хипогликемия
endocrinology_type 2 diabetes_5_BGgpt.txt	disease	concept	1839	1852	хипергликемия
endocrinology_type 2 diabetes_5_BGgpt.txt	medication	concept	1892	1899	ваксини
endocrinology_type 2 diabetes_5_BGgpt.txt	disease	concept	1907	1931	Streptococcus pneumoniae
endocrinology_type 2 diabetes_5_BGgpt.txt	disease	concept	1934	1946	грипен вирус
endocrinology_type 2 diabetes_5_BGgpt.txt	disease	concept	1959	1967	варицела
endocrinology_type 2 diabetes_5_BGgpt.txt	disease	concept	1970	1980	SARS-CoV-2
endocrinology_type 2 diabetes_5_BGgpt.txt	disease	concept	2018	2033	захарния диабет
endocrinology_type 2 diabetes_5_BGgpt.txt	medication	concept	2073	2082	Метформин
endocrinology_type 2 diabetes_5_BGgpt.txt	disease	concept	2746	2758	хипогликемия
endocrinology_type 2 diabetes_5_BGgpt.txt	disease	concept	3062	3072	невропатия
endocrinology_type 2 diabetes_5_BGgpt.txt	disease	concept	3074	3085	ретинопатия
endocrinology_type 2 diabetes_5_BGgpt.txt	disease	concept	3088	3098	нефропатия
endocrinology_type 2 diabetes_5_BGgpt.txt	disease	concept	3609	3629	захарен диабет тип 2
endocrinology_type 2 diabetes_5_BGgpt.txt	medication	concept	3721	3730	метформин
endocrinology_type 2 diabetes_6_BGgpt.txt	disease	concept	203	223	Захарен диабет тип 2
endocrinology_type 2 diabetes_6_BGgpt.txt	disease	concept	623	635	диабет тип 2
endocrinology_type 2 diabetes_6_BGgpt.txt	disease	concept	890	910	захарен диабет тип 2
endocrinology_type 2 diabetes_6_BGgpt.txt	medication	concept	1361	1370	Метформин
endocrinology_type 2 diabetes_6_BGgpt.txt	medication	concept	1526	1539	GLP-1 агонист
endocrinology_type 2 diabetes_6_BGgpt.txt	medication	concept	1542	1552	Семаглутид
endocrinology_type 2 diabetes_6_BGgpt.txt	disease	concept	1917	1929	хипогликемия
endocrinology_type 2 diabetes_6_BGgpt.txt	disease	concept	1932	1945	хипергликемия
endocrinology_type 2 diabetes_6_BGgpt.txt	disease	concept	2253	2265	хипогликемия
endocrinology_type 2 diabetes_6_BGgpt.txt	disease	concept	2396	2403	диабета
endocrinology_type 2 diabetes_6_BGgpt.txt	disease	concept	2705	2711	диабет
endocrinology_type 2 diabetes_6_BGgpt.txt	disease	concept	2725	2749	Streptococcus pneumoniae
endocrinology_type 2 diabetes_6_BGgpt.txt	disease	concept	2751	2755	грип
endocrinology_type 2 diabetes_6_BGgpt.txt	disease	concept	2757	2766	хепатит B
endocrinology_type 2 diabetes_6_BGgpt.txt	disease	concept	2768	2776	варицела
endocrinology_type 2 diabetes_6_BGgpt.txt	disease	concept	2779	2789	SARS-CoV-2
endocrinology_type 2 diabetes_6_BGgpt.txt	medication	concept	2825	2834	Метформин
endocrinology_type 2 diabetes_6_BGgpt.txt	medication	concept	2860	2870	Семаглутид
endocrinology_type 2 diabetes_6_BGgpt.txt	medication	concept	3141	3154	медикаментите
endocrinology_type 2 diabetes_6_BGgpt.txt	disease	concept	3490	3510	захарен диабет тип 2
endocrinology_type 2 diabetes_7_BGgpt.txt	disease	concept	276	296	Захарен диабет тип 2
endocrinology_type 2 diabetes_7_BGgpt.txt	disease	concept	327	348	Артериална хипертония
endocrinology_type 2 diabetes_7_BGgpt.txt	disease	concept	350	362	Дислипидемия
endocrinology_type 2 diabetes_7_BGgpt.txt	disease	concept	445	466	артериална хипертония
endocrinology_type 2 diabetes_7_BGgpt.txt	disease	concept	469	481	дислипидемия
endocrinology_type 2 diabetes_7_BGgpt.txt	disease	concept	555	563	полиурия
endocrinology_type 2 diabetes_7_BGgpt.txt	disease	concept	698	712	захарен диабет
endocrinology_type 2 diabetes_7_BGgpt.txt	disease	concept	1175	1195	захарен диабет тип 2
endocrinology_type 2 diabetes_7_BGgpt.txt	medication	concept	1433	1442	Метформин
endocrinology_type 2 diabetes_7_BGgpt.txt	symptom	concept	1554	1566	поносимостта
endocrinology_type 2 diabetes_7_BGgpt.txt	medication	concept	1628	1638	Семаглутид
endocrinology_type 2 diabetes_7_BGgpt.txt	disease	concept	1782	1803	артериална хипертония
endocrinology_type 2 diabetes_7_BGgpt.txt	medication	concept	1807	1817	Лизиноприл
endocrinology_type 2 diabetes_7_BGgpt.txt	disease	concept	1911	1923	дислипидемия
endocrinology_type 2 diabetes_7_BGgpt.txt	medication	concept	1927	1939	Аторвастатин
endocrinology_type 2 diabetes_7_BGgpt.txt	disease	concept	1977	1991	дислипидемията
endocrinology_type 2 diabetes_7_BGgpt.txt	disease	concept	2354	2361	диабета
endocrinology_type 2 diabetes_7_BGgpt.txt	medication	concept	2808	2828	пневмококова ваксина
endocrinology_type 2 diabetes_7_BGgpt.txt	medication	concept	3377	3390	медикаментите
endocrinology_type 2 diabetes_7_BGgpt.txt	disease	concept	3453	3471	тежка хипогликемия
endocrinology_type 2 diabetes_7_BGgpt.txt	disease	concept	3476	3496	диабетна кетоацидоза
endocrinology_type 2 diabetes_7_BGgpt.txt	procedure	concept	3501	3513	Проследяване
endocrinology_type 2 diabetes_7_BGgpt.txt	medication	concept	3603	3616	медикаментите
endocrinology_type 2 diabetes_7_BGgpt.txt	disease	concept	3775	3795	диабетна ретинопатия
endocrinology_type 2 diabetes_7_BGgpt.txt	disease	concept	3869	3892	артериалната хипертония
endocrinology_type 2 diabetes_7_BGgpt.txt	disease	concept	3895	3909	дислипидемията
endocrinology_type 2 diabetes_8_BGgpt.txt	disease	concept	208	228	Захарен диабет тип 2
endocrinology_type 2 diabetes_8_BGgpt.txt	disease	concept	348	369	артериална хипертония
endocrinology_type 2 diabetes_8_BGgpt.txt	symptom	concept	560	576	замъглено зрение
endocrinology_type 2 diabetes_8_BGgpt.txt	symptom	concept	579	584	умора
endocrinology_type 2 diabetes_8_BGgpt.txt	disease	concept	620	640	захарен диабет тип 2
endocrinology_type 2 diabetes_8_BGgpt.txt	symptom	concept	974	984	деформации
endocrinology_type 2 diabetes_8_BGgpt.txt	disease	concept	1535	1555	захарен диабет тип 2
endocrinology_type 2 diabetes_8_BGgpt.txt	medication	concept	1669	1678	Метформин
endocrinology_type 2 diabetes_8_BGgpt.txt	medication	concept	1826	1836	Семаглутид
endocrinology_type 2 diabetes_8_BGgpt.txt	disease	concept	2276	2288	хипогликемия
endocrinology_type 2 diabetes_8_BGgpt.txt	disease	concept	2371	2391	захарен диабет тип 2
endocrinology_type 2 diabetes_8_BGgpt.txt	medication	concept	2846	2859	противогрипна
endocrinology_type 2 diabetes_8_BGgpt.txt	disease	concept	2873	2878	CoV-2
endocrinology_type 2 diabetes_8_BGgpt.txt	medication	concept	2935	2944	Метформин
endocrinology_type 2 diabetes_8_BGgpt.txt	medication	concept	2970	2980	Семаглутид
endocrinology_type 2 diabetes_8_BGgpt.txt	disease	concept	3431	3444	хипергликемия
endocrinology_type 2 diabetes_8_BGgpt.txt	disease	concept	3655	3676	захарния диабет тип 2
endocrinology_type 2 diabetes_9_BGgpt.txt	disease	concept	4	12	Епикриза
endocrinology_type 2 diabetes_9_BGgpt.txt	disease	concept	290	310	Захарен диабет тип 2
endocrinology_type 2 diabetes_9_BGgpt.txt	disease	concept	672	692	захарен диабет тип 2
endocrinology_type 2 diabetes_9_BGgpt.txt	procedure	concept	1108	1132	Диетологична консултация
endocrinology_type 2 diabetes_9_BGgpt.txt	medication	concept	1372	1381	Метформин
endocrinology_type 2 diabetes_9_BGgpt.txt	medication	concept	1528	1538	Семаглутид
endocrinology_type 2 diabetes_9_BGgpt.txt	disease	concept	1775	1796	захарния диабет тип 2
endocrinology_type 2 diabetes_9_BGgpt.txt	disease	concept	1908	1920	хипогликемия
endocrinology_type 2 diabetes_9_BGgpt.txt	disease	concept	1923	1936	хипергликемия
endocrinology_type 2 diabetes_9_BGgpt.txt	medication	concept	2250	2270	пневмококова ваксини
endocrinology_type 2 diabetes_9_BGgpt.txt	medication	concept	2555	2566	медикаменти
endocrinology_type 2 diabetes_9_BGgpt.txt	disease	concept	2848	2866	тежка хипогликемия
endocrinology_type 2 diabetes_9_BGgpt.txt	medication	concept	2899	2910	Медикаменти
endocrinology_type 2 diabetes_9_BGgpt.txt	medication	concept	2934	2940	формин
endocrinology_type 2 diabetes_9_BGgpt.txt	medication	concept	2978	2988	Семаглутид
endocrinology_type 2 diabetes_9_BGgpt.txt	disease	concept	3139	3159	захарен диабет тип 2
endocrinology_type 2 diabetes_9_BGgpt.txt	medication	concept	3237	3246	метформин
endocrinology_type 2 diabetes_9_BGgpt.txt	medication	concept	3249	3259	семаглутид
infectious diseases_influenza_0_BGgpt.txt	symptom	concept	376	390	мускулни болки
infectious diseases_influenza_0_BGgpt.txt	symptom	concept	392	399	кашлица
infectious diseases_influenza_0_BGgpt.txt	disease	concept	640	644	грип
infectious diseases_influenza_0_BGgpt.txt	symptom	concept	658	676	висока температура
infectious diseases_influenza_0_BGgpt.txt	symptom	concept	696	708	суха кашлица
infectious diseases_influenza_0_BGgpt.txt	symptom	concept	721	728	миалгии
infectious diseases_influenza_0_BGgpt.txt	disease	concept	843	849	грипът
infectious diseases_influenza_0_BGgpt.txt	disease	concept	987	998	Инфлуенца А
infectious diseases_influenza_0_BGgpt.txt	disease	concept	1514	1518	грип
infectious diseases_influenza_0_BGgpt.txt	medication	concept	1627	1638	Озелтамивир
infectious diseases_influenza_0_BGgpt.txt	symptom	concept	1740	1751	температура
infectious diseases_influenza_0_BGgpt.txt	disease	concept	1754	1761	миалгии
infectious diseases_influenza_0_BGgpt.txt	medication	concept	1770	1782	Ацетаминофен
infectious diseases_influenza_0_BGgpt.txt	medication	concept	1824	1831	Аспирин
infectious diseases_influenza_0_BGgpt.txt	symptom	concept	2266	2279	температурата
infectious diseases_influenza_0_BGgpt.txt	medication	concept	2409	2420	Озелтамивир
infectious diseases_influenza_0_BGgpt.txt	disease	concept	2537	2544	миалгия
infectious diseases_influenza_0_BGgpt.txt	medication	concept	2567	2579	Ацетаминофен
infectious diseases_influenza_0_BGgpt.txt	symptom	concept	2982	2999	затруднено дишане
infectious diseases_influenza_0_BGgpt.txt	symptom	concept	3001	3016	болка в гърдите
infectious diseases_influenza_0_BGgpt.txt	symptom	concept	3021	3031	обърканост
infectious diseases_influenza_0_BGgpt.txt	disease	concept	3129	3133	грип
infectious diseases_influenza_0_BGgpt.txt	medication	concept	3256	3277	противогрипна ваксина
infectious diseases_influenza_0_BGgpt.txt	medication	concept	3408	3419	Озелтамивир
infectious diseases_influenza_10_BGgpt.txt	disease	concept	480	484	грип
infectious diseases_influenza_10_BGgpt.txt	symptom	concept	505	516	температура
infectious diseases_influenza_10_BGgpt.txt	disease	concept	647	651	грип
infectious diseases_influenza_10_BGgpt.txt	procedure	concept	1074	1088	пулсоксиметрия
infectious diseases_influenza_10_BGgpt.txt	disease	concept	1373	1379	грип А
infectious diseases_influenza_10_BGgpt.txt	disease	concept	1452	1458	грип А
infectious diseases_influenza_10_BGgpt.txt	disease	concept	1834	1840	грип А
infectious diseases_influenza_10_BGgpt.txt	medication	concept	1939	1950	Озелтамивир
infectious diseases_influenza_10_BGgpt.txt	medication	concept	1974	1985	Озелтамивир
infectious diseases_influenza_10_BGgpt.txt	medication	concept	2191	2202	Парацетамол
infectious diseases_influenza_10_BGgpt.txt	symptom	concept	2239	2250	температура
infectious diseases_influenza_10_BGgpt.txt	medication	concept	2302	2309	Аспирин
infectious diseases_influenza_10_BGgpt.txt	procedure	concept	2383	2399	кислородотерапия
infectious diseases_influenza_10_BGgpt.txt	medication	concept	2776	2787	Озелтамивир
infectious diseases_influenza_10_BGgpt.txt	medication	concept	3036	3047	Медикаменти
infectious diseases_influenza_10_BGgpt.txt	medication	concept	3121	3132	Парацетамол
infectious diseases_influenza_10_BGgpt.txt	symptom	concept	3471	3477	дишане
infectious diseases_influenza_10_BGgpt.txt	symptom	concept	3479	3494	болка в гърдите
infectious diseases_influenza_10_BGgpt.txt	symptom	concept	3510	3523	температурата
infectious diseases_influenza_10_BGgpt.txt	disease	concept	3758	3762	грип
infectious diseases_influenza_10_BGgpt.txt	medication	concept	4102	4133	температуропонижаващи лекарства
infectious diseases_influenza_10_BGgpt.txt	disease	concept	4175	4181	грип А
infectious diseases_influenza_11_BGgpt.txt	disease	concept	8	16	Епикриза
infectious diseases_influenza_11_BGgpt.txt	symptom	concept	403	410	кашлица
infectious diseases_influenza_11_BGgpt.txt	symptom	concept	449	460	отпадналост
infectious diseases_influenza_11_BGgpt.txt	disease	concept	595	599	грип
infectious diseases_influenza_11_BGgpt.txt	medication	concept	846	857	парацетамол
infectious diseases_influenza_11_BGgpt.txt	symptom	concept	982	988	дишане
infectious diseases_influenza_11_BGgpt.txt	disease	concept	1286	1292	Грип А
infectious diseases_influenza_11_BGgpt.txt	disease	concept	1582	1598	грипна пневмония
infectious diseases_influenza_11_BGgpt.txt	symptom	concept	1627	1647	кислородна сатурация
infectious diseases_influenza_11_BGgpt.txt	symptom	concept	1697	1707	хипоксемия
infectious diseases_influenza_11_BGgpt.txt	medication	concept	1896	1907	Озелтамивир
infectious diseases_influenza_11_BGgpt.txt	procedure	concept	1989	2007	венозна хидратация
infectious diseases_influenza_11_BGgpt.txt	symptom	concept	2094	2115	Дихателният му статус
infectious diseases_influenza_11_BGgpt.txt	medication	concept	2244	2255	Озелтамивир
infectious diseases_influenza_11_BGgpt.txt	medication	concept	2551	2562	Озелтамивир
infectious diseases_influenza_11_BGgpt.txt	medication	concept	2677	2688	Парацетамол
infectious diseases_influenza_11_BGgpt.txt	symptom	concept	2738	2749	температура
infectious diseases_influenza_11_BGgpt.txt	procedure	concept	2784	2804	перорална хидратация
infectious diseases_influenza_11_BGgpt.txt	disease	concept	3114	3124	инфекцията
infectious diseases_influenza_11_BGgpt.txt	disease	concept	3198	3222	респираторни заболявания
infectious diseases_influenza_11_BGgpt.txt	symptom	concept	3565	3570	задух
infectious diseases_influenza_11_BGgpt.txt	symptom	concept	3572	3587	болка в гърдите
infectious diseases_influenza_12_BGgpt.txt	symptom	concept	304	311	кашлица
infectious diseases_influenza_12_BGgpt.txt	disease	concept	703	719	Бронхиална астма
infectious diseases_influenza_12_BGgpt.txt	disease	concept	1352	1356	грип
infectious diseases_influenza_12_BGgpt.txt	disease	concept	1384	1388	грип
infectious diseases_influenza_12_BGgpt.txt	disease	concept	1400	1404	грип
infectious diseases_influenza_12_BGgpt.txt	disease	concept	1628	1634	грип А
infectious diseases_influenza_12_BGgpt.txt	medication	concept	1771	1782	Озелтамивир
infectious diseases_influenza_12_BGgpt.txt	medication	concept	1915	1927	Ацетаминофен
infectious diseases_influenza_12_BGgpt.txt	disease	concept	2294	2303	пневмония
infectious diseases_influenza_12_BGgpt.txt	symptom	concept	2305	2318	Оксигенацията
infectious diseases_influenza_12_BGgpt.txt	medication	concept	2519	2530	Озелтамивир
infectious diseases_influenza_12_BGgpt.txt	disease	concept	2877	2881	грип
infectious diseases_influenza_12_BGgpt.txt	symptom	concept	2978	2985	хрипове
infectious diseases_influenza_12_BGgpt.txt	symptom	concept	3001	3007	дишане
infectious diseases_influenza_12_BGgpt.txt	procedure	concept	3084	3101	контролен преглед
infectious diseases_influenza_13_BGgpt.txt	disease	concept	225	229	Грип
infectious diseases_influenza_13_BGgpt.txt	symptom	concept	461	468	миалгия
infectious diseases_influenza_13_BGgpt.txt	symptom	concept	471	482	отпадналост
infectious diseases_influenza_13_BGgpt.txt	disease	concept	537	541	грип
infectious diseases_influenza_13_BGgpt.txt	disease	concept	556	562	грипът
infectious diseases_influenza_13_BGgpt.txt	disease	concept	636	640	грип
infectious diseases_influenza_13_BGgpt.txt	symptom	concept	889	902	обезводняване
infectious diseases_influenza_13_BGgpt.txt	symptom	concept	913	931	двустранни хрипове
infectious diseases_influenza_13_BGgpt.txt	medication	concept	1063	1075	ацетаминофен
infectious diseases_influenza_13_BGgpt.txt	medication	concept	1162	1169	Аспирин
infectious diseases_influenza_13_BGgpt.txt	disease	concept	1377	1381	грип
infectious diseases_influenza_13_BGgpt.txt	disease	concept	1411	1417	Грип А
infectious diseases_influenza_13_BGgpt.txt	medication	concept	1581	1592	Оселтамивир
infectious diseases_influenza_13_BGgpt.txt	medication	concept	1770	1797	неураминидазните инхибитори
infectious diseases_influenza_13_BGgpt.txt	procedure	concept	1918	1932	рентгенография
infectious diseases_influenza_13_BGgpt.txt	procedure	concept	1947	1965	пулсова оксиметрия
infectious diseases_influenza_13_BGgpt.txt	symptom	concept	2034	2058	персистираща температура
infectious diseases_influenza_13_BGgpt.txt	symptom	concept	2061	2068	кашлица
infectious diseases_influenza_13_BGgpt.txt	symptom	concept	2428	2441	температурата
infectious diseases_influenza_13_BGgpt.txt	medication	concept	2517	2528	Оселтамивир
infectious diseases_influenza_13_BGgpt.txt	symptom	concept	2569	2585	странични ефекти
infectious diseases_influenza_13_BGgpt.txt	medication	concept	2884	2888	ивир
infectious diseases_influenza_13_BGgpt.txt	medication	concept	3189	3201	антипиретици
infectious diseases_influenza_13_BGgpt.txt	disease	concept	3246	3252	вируса
infectious diseases_influenza_13_BGgpt.txt	symptom	concept	3339	3349	обърканост
infectious diseases_influenza_13_BGgpt.txt	symptom	concept	3374	3385	температура
infectious diseases_influenza_13_BGgpt.txt	medication	concept	3423	3434	Оселтамивир
infectious diseases_influenza_13_BGgpt.txt	medication	concept	3481	3493	Ацетаминофен
infectious diseases_influenza_13_BGgpt.txt	symptom	concept	3537	3548	температура
infectious diseases_influenza_14_BGgpt.txt	disease	concept	4	12	Епикриза
infectious diseases_influenza_14_BGgpt.txt	disease	concept	227	231	грип
infectious diseases_influenza_14_BGgpt.txt	disease	concept	260	266	Грип А
infectious diseases_influenza_14_BGgpt.txt	disease	concept	295	314	Инфекциозни болести
infectious diseases_influenza_14_BGgpt.txt	symptom	concept	473	491	висока температура
infectious diseases_influenza_14_BGgpt.txt	symptom	concept	493	500	кашлица
infectious diseases_influenza_14_BGgpt.txt	symptom	concept	502	517	възпалено гърло
infectious diseases_influenza_14_BGgpt.txt	symptom	concept	519	533	мускулни болки
infectious diseases_influenza_14_BGgpt.txt	disease	concept	699	703	грип
infectious diseases_influenza_14_BGgpt.txt	symptom	concept	892	904	дехидратация
infectious diseases_influenza_14_BGgpt.txt	symptom	concept	907	922	дифузни миалгии
infectious diseases_influenza_14_BGgpt.txt	disease	concept	1131	1137	Грип А
infectious diseases_influenza_14_BGgpt.txt	medication	concept	1171	1182	Озелтамивир
infectious diseases_influenza_14_BGgpt.txt	medication	concept	1274	1285	Озелтамивир
infectious diseases_influenza_14_BGgpt.txt	medication	concept	1481	1493	антипиретици
infectious diseases_influenza_14_BGgpt.txt	medication	concept	1511	1518	аспирин
infectious diseases_influenza_14_BGgpt.txt	medication	concept	1586	1593	Аспирин
infectious diseases_influenza_14_BGgpt.txt	medication	concept	1615	1626	парацетамол
infectious diseases_influenza_14_BGgpt.txt	symptom	concept	1653	1666	температурата
infectious diseases_influenza_14_BGgpt.txt	symptom	concept	1669	1678	миалгиите
infectious diseases_influenza_14_BGgpt.txt	procedure	concept	1693	1711	пулсова оксиметрия
infectious diseases_influenza_14_BGgpt.txt	procedure	concept	1826	1840	рентгенография
infectious diseases_influenza_14_BGgpt.txt	disease	concept	1919	1935	грипна пневмония
infectious diseases_influenza_14_BGgpt.txt	disease	concept	1940	1970	вторична бактериална пневмония
infectious diseases_influenza_14_BGgpt.txt	symptom	concept	1987	2006	клиничните симптоми
infectious diseases_influenza_14_BGgpt.txt	medication	concept	2131	2142	Озелтамивир
infectious diseases_influenza_14_BGgpt.txt	medication	concept	2264	2275	Парацетамол
infectious diseases_influenza_14_BGgpt.txt	symptom	concept	2322	2333	температура
infectious diseases_influenza_14_BGgpt.txt	symptom	concept	2338	2343	болка
infectious diseases_influenza_14_BGgpt.txt	medication	concept	2781	2812	температуропонижаващи лекарства
infectious diseases_influenza_14_BGgpt.txt	disease	concept	2857	2863	вируса
infectious diseases_influenza_14_BGgpt.txt	disease	concept	3261	3265	грип
infectious diseases_influenza_14_BGgpt.txt	disease	concept	3303	3309	Грип А
infectious diseases_influenza_14_BGgpt.txt	medication	concept	3333	3344	Озелтамивир
infectious diseases_influenza_14_BGgpt.txt	procedure	concept	3489	3508	антивирусно лечение
infectious diseases_influenza_15_BGgpt.txt	symptom	concept	493	504	температура
infectious diseases_influenza_15_BGgpt.txt	symptom	concept	512	526	мускулни болки
infectious diseases_influenza_15_BGgpt.txt	symptom	concept	528	535	кашлица
infectious diseases_influenza_15_BGgpt.txt	symptom	concept	547	558	отпадналост
infectious diseases_influenza_15_BGgpt.txt	disease	concept	698	702	грип
infectious diseases_influenza_15_BGgpt.txt	symptom	concept	999	1011	дехидратация
infectious diseases_influenza_15_BGgpt.txt	disease	concept	1178	1182	грип
infectious diseases_influenza_15_BGgpt.txt	disease	concept	1258	1262	грип
infectious diseases_influenza_15_BGgpt.txt	disease	concept	1287	1293	Грип А
infectious diseases_influenza_15_BGgpt.txt	procedure	concept	1307	1321	рентгенография
infectious diseases_influenza_15_BGgpt.txt	procedure	concept	1336	1354	пулсова оксиметрия
infectious diseases_influenza_15_BGgpt.txt	disease	concept	1472	1488	грипна пневмония
infectious diseases_influenza_15_BGgpt.txt	medication	concept	1622	1633	Оселтамивир
infectious diseases_influenza_15_BGgpt.txt	procedure	concept	1867	1877	хидратация
infectious diseases_influenza_15_BGgpt.txt	medication	concept	1880	1892	антипиретици
infectious diseases_influenza_15_BGgpt.txt	medication	concept	1898	1905	аспирин
infectious diseases_influenza_15_BGgpt.txt	disease	concept	2011	2040	вторична бактериална инфекция
infectious diseases_influenza_15_BGgpt.txt	symptom	concept	2142	2153	сатурацията
infectious diseases_influenza_15_BGgpt.txt	symptom	concept	2472	2485	отпадналостта
infectious diseases_influenza_15_BGgpt.txt	symptom	concept	3028	3033	задух
infectious diseases_influenza_15_BGgpt.txt	medication	concept	3178	3201	Антивирусни медикаменти
infectious diseases_influenza_15_BGgpt.txt	medication	concept	3259	3270	Оселтамивир
infectious diseases_influenza_15_BGgpt.txt	medication	concept	3308	3319	Парацетамол
infectious diseases_influenza_15_BGgpt.txt	symptom	concept	3356	3367	температура
infectious diseases_influenza_15_BGgpt.txt	disease	concept	3548	3554	Грип А
infectious diseases_influenza_15_BGgpt.txt	medication	concept	3575	3586	Оселтамивир
infectious diseases_influenza_15_BGgpt.txt	procedure	concept	3734	3746	проследяване
infectious diseases_influenza_16_BGgpt.txt	disease	concept	281	285	Грип
infectious diseases_influenza_16_BGgpt.txt	symptom	concept	486	497	температура
infectious diseases_influenza_16_BGgpt.txt	symptom	concept	499	506	кашлица
infectious diseases_influenza_16_BGgpt.txt	symptom	concept	508	525	болки в мускулите
infectious diseases_influenza_16_BGgpt.txt	symptom	concept	528	539	отпадналост
infectious diseases_influenza_16_BGgpt.txt	disease	concept	582	586	грип
infectious diseases_influenza_16_BGgpt.txt	disease	concept	642	646	грип
infectious diseases_influenza_16_BGgpt.txt	disease	concept	804	808	грип
infectious diseases_influenza_16_BGgpt.txt	disease	concept	851	857	Грип А
infectious diseases_influenza_16_BGgpt.txt	disease	concept	1027	1031	грип
infectious diseases_influenza_16_BGgpt.txt	medication	concept	1399	1410	Оселтамивир
infectious diseases_influenza_16_BGgpt.txt	medication	concept	1675	1687	Ацетаминофен
infectious diseases_influenza_16_BGgpt.txt	symptom	concept	1714	1725	температура
infectious diseases_influenza_16_BGgpt.txt	symptom	concept	1728	1742	мускулни болки
infectious diseases_influenza_16_BGgpt.txt	medication	concept	1797	1806	Аспиринът
infectious diseases_influenza_16_BGgpt.txt	symptom	concept	1873	1886	Температурата
infectious diseases_influenza_16_BGgpt.txt	medication	concept	2419	2449	температуропонижаващи средства
infectious diseases_influenza_16_BGgpt.txt	medication	concept	2641	2652	Оселтамивир
infectious diseases_influenza_16_BGgpt.txt	medication	concept	2724	2736	Ацетаминофен
infectious diseases_influenza_16_BGgpt.txt	symptom	concept	2765	2768	ура
infectious diseases_influenza_16_BGgpt.txt	symptom	concept	2773	2778	болка
infectious diseases_influenza_16_BGgpt.txt	disease	concept	3481	3485	грип
infectious diseases_influenza_17_BGgpt.txt	disease	concept	210	214	грип
infectious diseases_influenza_17_BGgpt.txt	disease	concept	243	249	Грип А
infectious diseases_influenza_17_BGgpt.txt	symptom	concept	536	554	висока температура
infectious diseases_influenza_17_BGgpt.txt	symptom	concept	556	563	кашлица
infectious diseases_influenza_17_BGgpt.txt	symptom	concept	565	580	възпалено гърло
infectious diseases_influenza_17_BGgpt.txt	symptom	concept	583	597	мускулни болки
infectious diseases_influenza_17_BGgpt.txt	disease	concept	704	708	грип
infectious diseases_influenza_17_BGgpt.txt	disease	concept	801	805	грип
infectious diseases_influenza_17_BGgpt.txt	disease	concept	830	836	Грип А
infectious diseases_influenza_17_BGgpt.txt	disease	concept	974	980	Грип А
infectious diseases_influenza_17_BGgpt.txt	symptom	concept	1162	1171	пневмония
infectious diseases_influenza_17_BGgpt.txt	disease	concept	1229	1245	вирусна инфекция
infectious diseases_influenza_17_BGgpt.txt	disease	concept	1360	1389	вторична бактериална инфекция
infectious diseases_influenza_17_BGgpt.txt	medication	concept	1592	1603	Оселтамивир
infectious diseases_influenza_17_BGgpt.txt	procedure	concept	1782	1792	хидратация
infectious diseases_influenza_17_BGgpt.txt	medication	concept	1802	1880	ацетаминофен за температура и мускулни болки, като стриктно се избягва аспирин
infectious diseases_influenza_17_BGgpt.txt	disease	concept	1896	1910	синдром на Рей
infectious diseases_influenza_17_BGgpt.txt	symptom	concept	2284	2293	кашлицата
infectious diseases_influenza_17_BGgpt.txt	medication	concept	2425	2436	Оселтамивир
infectious diseases_influenza_17_BGgpt.txt	medication	concept	2484	2496	ацетаминофен
infectious diseases_influenza_17_BGgpt.txt	symptom	concept	2510	2521	температура
infectious diseases_influenza_17_BGgpt.txt	symptom	concept	2526	2531	болка
infectious diseases_influenza_17_BGgpt.txt	procedure	concept	2705	2715	хидратация
infectious diseases_influenza_17_BGgpt.txt	disease	concept	3104	3108	грип
infectious diseases_influenza_17_BGgpt.txt	disease	concept	3199	3205	Грип А
infectious diseases_influenza_18_BGgpt.txt	disease	concept	278	282	Грип
infectious diseases_influenza_18_BGgpt.txt	symptom	concept	408	419	температура
infectious diseases_influenza_18_BGgpt.txt	symptom	concept	421	428	кашлица
infectious diseases_influenza_18_BGgpt.txt	symptom	concept	450	455	умора
infectious diseases_influenza_18_BGgpt.txt	disease	concept	559	563	грип
infectious diseases_influenza_18_BGgpt.txt	procedure	concept	619	630	хидратиране
infectious diseases_influenza_18_BGgpt.txt	medication	concept	658	669	парацетамол
infectious diseases_influenza_18_BGgpt.txt	disease	concept	798	802	грип
infectious diseases_influenza_18_BGgpt.txt	disease	concept	839	845	Грип А
infectious diseases_influenza_18_BGgpt.txt	disease	concept	1020	1026	Грип А
infectious diseases_influenza_18_BGgpt.txt	medication	concept	1134	1145	Озелтамивир
infectious diseases_influenza_18_BGgpt.txt	symptom	concept	1378	1389	фебрилитета
infectious diseases_influenza_18_BGgpt.txt	disease	concept	1898	1914	вирусна инфекция
infectious diseases_influenza_18_BGgpt.txt	symptom	concept	2069	2078	кашлицата
infectious diseases_influenza_18_BGgpt.txt	symptom	concept	2081	2088	умората
infectious diseases_influenza_18_BGgpt.txt	medication	concept	2390	2401	Озелтамивир
infectious diseases_influenza_18_BGgpt.txt	medication	concept	2885	2896	Парацетамол
infectious diseases_influenza_18_BGgpt.txt	symptom	concept	2959	2972	температурата
infectious diseases_influenza_18_BGgpt.txt	symptom	concept	2977	2982	болка
infectious diseases_influenza_18_BGgpt.txt	medication	concept	3027	3034	аспирин
infectious diseases_influenza_18_BGgpt.txt	disease	concept	3050	3064	Синдром на Рей
infectious diseases_influenza_19_BGgpt.txt	disease	concept	258	264	Грип А
infectious diseases_influenza_19_BGgpt.txt	symptom	concept	477	484	кашлица
infectious diseases_influenza_19_BGgpt.txt	symptom	concept	486	501	възпалено гърло
infectious diseases_influenza_19_BGgpt.txt	symptom	concept	504	515	отпадналост
infectious diseases_influenza_19_BGgpt.txt	procedure	concept	644	658	хоспитализация
infectious diseases_influenza_19_BGgpt.txt	disease	concept	701	706	астма
infectious diseases_influenza_19_BGgpt.txt	disease	concept	792	796	грип
infectious diseases_influenza_19_BGgpt.txt	disease	concept	844	848	грип
infectious diseases_influenza_19_BGgpt.txt	disease	concept	1560	1566	Грип А
infectious diseases_influenza_19_BGgpt.txt	procedure	concept	1696	1710	рентгенография
infectious diseases_influenza_19_BGgpt.txt	disease	concept	2040	2046	Грип А
infectious diseases_influenza_19_BGgpt.txt	medication	concept	2137	2148	Озелтамивир
infectious diseases_influenza_19_BGgpt.txt	medication	concept	2342	2354	ацетаминофен
infectious diseases_influenza_19_BGgpt.txt	medication	concept	2386	2395	аспиринът
infectious diseases_influenza_19_BGgpt.txt	disease	concept	2459	2473	синдром на Рей
infectious diseases_influenza_19_BGgpt.txt	medication	concept	3114	3125	Озелтамивир
infectious diseases_influenza_19_BGgpt.txt	disease	concept	3403	3408	астма
infectious diseases_influenza_19_BGgpt.txt	medication	concept	3446	3457	Озелтамивир
infectious diseases_influenza_19_BGgpt.txt	medication	concept	3508	3520	Ацетаминофен
infectious diseases_influenza_19_BGgpt.txt	symptom	concept	3557	3568	температура
infectious diseases_influenza_19_BGgpt.txt	symptom	concept	3573	3583	дискомфорт
infectious diseases_influenza_19_BGgpt.txt	medication	concept	3785	3816	температуропонижаващи лекарства
infectious diseases_influenza_19_BGgpt.txt	disease	concept	3860	3865	грипа
infectious diseases_influenza_19_BGgpt.txt	disease	concept	3931	3937	Грип А
infectious diseases_influenza_19_BGgpt.txt	procedure	concept	4056	4073	антивирусния курс
infectious diseases_influenza_19_BGgpt.txt	procedure	concept	4122	4139	контролен преглед
infectious diseases_influenza_19_BGgpt.txt	disease	concept	4236	4241	астма
infectious diseases_influenza_1_BGgpt.txt	disease	concept	228	247	Инфекциозни болести
infectious diseases_influenza_1_BGgpt.txt	symptom	concept	394	401	кашлица
infectious diseases_influenza_1_BGgpt.txt	symptom	concept	432	443	отпадналост
infectious diseases_influenza_1_BGgpt.txt	medication	concept	775	796	инхалатор с албутерол
infectious diseases_influenza_1_BGgpt.txt	disease	concept	1188	1192	грип
infectious diseases_influenza_1_BGgpt.txt	disease	concept	1276	1287	Инфлуенца А
infectious diseases_influenza_1_BGgpt.txt	disease	concept	1389	1400	Инфлуенца А
infectious diseases_influenza_1_BGgpt.txt	disease	concept	1510	1519	пневмония
infectious diseases_influenza_1_BGgpt.txt	symptom	concept	1605	1615	хипоксемия
infectious diseases_influenza_1_BGgpt.txt	medication	concept	1694	1705	Озелтамивир
infectious diseases_influenza_1_BGgpt.txt	symptom	concept	1847	1860	температурата
infectious diseases_influenza_1_BGgpt.txt	procedure	concept	1979	1993	хоспитализация
infectious diseases_influenza_1_BGgpt.txt	procedure	concept	2082	2092	хидратация
infectious diseases_influenza_1_BGgpt.txt	medication	concept	2094	2106	ацетаминофен
infectious diseases_influenza_1_BGgpt.txt	medication	concept	2175	2184	албутерол
infectious diseases_influenza_1_BGgpt.txt	medication	concept	2216	2223	Аспирин
infectious diseases_influenza_1_BGgpt.txt	disease	concept	2279	2294	синдром на Рейе
infectious diseases_influenza_1_BGgpt.txt	disease	concept	2336	2366	вторична бактериална пневмония
infectious diseases_influenza_1_BGgpt.txt	medication	concept	2825	2836	Озелтамивир
infectious diseases_influenza_1_BGgpt.txt	medication	concept	3065	3076	Озелтамивир
infectious diseases_influenza_1_BGgpt.txt	medication	concept	3126	3135	албутерол
infectious diseases_influenza_1_BGgpt.txt	medication	concept	3285	3297	антипиретици
infectious diseases_influenza_1_BGgpt.txt	disease	concept	3345	3349	грип
infectious diseases_influenza_20_BGgpt.txt	disease	concept	393	397	грип
infectious diseases_influenza_20_BGgpt.txt	symptom	concept	437	451	мускулни болки
infectious diseases_influenza_20_BGgpt.txt	symptom	concept	453	460	кашлица
infectious diseases_influenza_20_BGgpt.txt	symptom	concept	463	478	възпалено гърло
infectious diseases_influenza_20_BGgpt.txt	disease	concept	509	513	грип
infectious diseases_influenza_20_BGgpt.txt	disease	concept	606	610	грип
infectious diseases_influenza_20_BGgpt.txt	disease	concept	753	758	грипа
infectious diseases_influenza_20_BGgpt.txt	disease	concept	861	865	грип
infectious diseases_influenza_20_BGgpt.txt	procedure	concept	934	948	рентгенография
infectious diseases_influenza_20_BGgpt.txt	procedure	concept	963	981	пулсова оксиметрия
infectious diseases_influenza_20_BGgpt.txt	disease	concept	1359	1363	грип
infectious diseases_influenza_20_BGgpt.txt	medication	concept	1407	1418	Оселтамивир
infectious diseases_influenza_20_BGgpt.txt	medication	concept	1601	1613	ацетаминофен
infectious diseases_influenza_20_BGgpt.txt	symptom	concept	1671	1685	мускулни болки
infectious diseases_influenza_20_BGgpt.txt	medication	concept	1798	1805	аспирин
infectious diseases_influenza_20_BGgpt.txt	disease	concept	1841	1857	вирусни инфекции
infectious diseases_influenza_20_BGgpt.txt	symptom	concept	2138	2151	температурата
infectious diseases_influenza_20_BGgpt.txt	medication	concept	2527	2538	Оселтамивир
infectious diseases_influenza_20_BGgpt.txt	medication	concept	2865	2877	антипиретици
infectious diseases_influenza_20_BGgpt.txt	disease	concept	2921	2925	грип
infectious diseases_influenza_20_BGgpt.txt	procedure	concept	2946	2963	контролен преглед
infectious diseases_influenza_20_BGgpt.txt	medication	concept	3079	3090	Оселтамивир
infectious diseases_influenza_20_BGgpt.txt	medication	concept	3160	3172	Ацетаминофен
infectious diseases_influenza_20_BGgpt.txt	symptom	concept	3216	3227	температура
infectious diseases_influenza_20_BGgpt.txt	procedure	concept	3559	3573	хоспитализация
infectious diseases_influenza_20_BGgpt.txt	disease	concept	3621	3625	грип
infectious diseases_influenza_21_BGgpt.txt	disease	concept	330	334	Грип
infectious diseases_influenza_21_BGgpt.txt	disease	concept	605	609	грип
infectious diseases_influenza_21_BGgpt.txt	disease	concept	688	692	грип
infectious diseases_influenza_21_BGgpt.txt	disease	concept	770	776	Грип А
infectious diseases_influenza_21_BGgpt.txt	disease	concept	1520	1526	Грип А
infectious diseases_influenza_21_BGgpt.txt	medication	concept	1670	1681	Оселтамивир
infectious diseases_influenza_21_BGgpt.txt	medication	concept	1810	1821	Парацетамол
infectious diseases_influenza_21_BGgpt.txt	symptom	concept	1839	1853	мускулни болки
infectious diseases_influenza_21_BGgpt.txt	medication	concept	2298	2325	антибактериални медикаменти
infectious diseases_influenza_21_BGgpt.txt	medication	concept	2361	2370	Занамивир
infectious diseases_influenza_21_BGgpt.txt	medication	concept	2491	2502	Оселтамивир
infectious diseases_influenza_21_BGgpt.txt	medication	concept	2600	2611	Парацетамол
infectious diseases_influenza_21_BGgpt.txt	symptom	concept	2655	2666	температура
infectious diseases_influenza_21_BGgpt.txt	medication	concept	2744	2755	Оселтамивир
infectious diseases_influenza_21_BGgpt.txt	medication	concept	2918	2951	температуропонижаващи медикаменти
infectious diseases_influenza_21_BGgpt.txt	disease	concept	2995	2999	грип
infectious diseases_influenza_21_BGgpt.txt	symptom	concept	3060	3066	дишане
infectious diseases_influenza_21_BGgpt.txt	symptom	concept	3085	3095	обърканост
infectious diseases_influenza_21_BGgpt.txt	symptom	concept	3117	3128	температура
infectious diseases_influenza_21_BGgpt.txt	disease	concept	3551	3557	Грип А
infectious diseases_influenza_21_BGgpt.txt	medication	concept	3615	3626	Оселтамивир
infectious diseases_influenza_21_BGgpt.txt	symptom	concept	3713	3724	температура
infectious diseases_influenza_21_BGgpt.txt	symptom	concept	3742	3765	първоначалните симптоми
infectious diseases_influenza_21_BGgpt.txt	medication	concept	3813	3824	Оселтамивир
infectious diseases_influenza_21_BGgpt.txt	disease	concept	4251	4255	грип
infectious diseases_influenza_22_BGgpt.txt	disease	concept	233	237	Грип
infectious diseases_influenza_22_BGgpt.txt	symptom	concept	396	407	температура
infectious diseases_influenza_22_BGgpt.txt	symptom	concept	409	417	втрисане
infectious diseases_influenza_22_BGgpt.txt	symptom	concept	425	439	мускулни болки
infectious diseases_influenza_22_BGgpt.txt	symptom	concept	441	448	кашлица
infectious diseases_influenza_22_BGgpt.txt	disease	concept	502	506	грип
infectious diseases_influenza_22_BGgpt.txt	disease	concept	545	549	грип
infectious diseases_influenza_22_BGgpt.txt	disease	concept	688	692	грип
infectious diseases_influenza_22_BGgpt.txt	disease	concept	932	936	грип
infectious diseases_influenza_22_BGgpt.txt	medication	concept	1403	1414	Озелтамивир
infectious diseases_influenza_22_BGgpt.txt	symptom	concept	1499	1510	температура
infectious diseases_influenza_22_BGgpt.txt	symptom	concept	1513	1518	болки
infectious diseases_influenza_22_BGgpt.txt	medication	concept	1521	1532	парацетамол
infectious diseases_influenza_22_BGgpt.txt	procedure	concept	1573	1585	хидратацията
infectious diseases_influenza_22_BGgpt.txt	symptom	concept	1783	1796	температурата
infectious diseases_influenza_22_BGgpt.txt	symptom	concept	1869	1885	мускулните болки
infectious diseases_influenza_22_BGgpt.txt	medication	concept	1963	1974	Озелтамивир
infectious diseases_influenza_22_BGgpt.txt	medication	concept	2122	2133	Парацетамол
infectious diseases_influenza_22_BGgpt.txt	medication	concept	2437	2449	антипиретици
infectious diseases_influenza_22_BGgpt.txt	disease	concept	2493	2498	грипа
infectious diseases_influenza_22_BGgpt.txt	symptom	concept	3259	3265	дишане
infectious diseases_influenza_22_BGgpt.txt	symptom	concept	3267	3282	болка в гърдите
infectious diseases_influenza_22_BGgpt.txt	symptom	concept	3284	3294	обърканост
infectious diseases_influenza_22_BGgpt.txt	symptom	concept	3299	3323	персистираща температура
infectious diseases_influenza_22_BGgpt.txt	disease	concept	3364	3378	синдром на Рей
infectious diseases_influenza_22_BGgpt.txt	medication	concept	3404	3411	аспирин
infectious diseases_influenza_22_BGgpt.txt	disease	concept	3424	3439	грипна инфекция
infectious diseases_influenza_22_BGgpt.txt	medication	concept	3487	3494	аспирин
infectious diseases_influenza_22_BGgpt.txt	medication	concept	3553	3564	Озелтамивир
infectious diseases_influenza_22_BGgpt.txt	medication	concept	3601	3612	Парацетамол
infectious diseases_influenza_22_BGgpt.txt	disease	concept	3858	3862	грип
infectious diseases_influenza_23_BGgpt.txt	symptom	concept	424	431	кашлица
infectious diseases_influenza_23_BGgpt.txt	procedure	concept	735	749	хоспитализация
infectious diseases_influenza_23_BGgpt.txt	disease	concept	1221	1225	грип
infectious diseases_influenza_23_BGgpt.txt	disease	concept	1267	1271	грип
infectious diseases_influenza_23_BGgpt.txt	disease	concept	1331	1335	грип
infectious diseases_influenza_23_BGgpt.txt	medication	concept	1656	1667	Озелтамивир
infectious diseases_influenza_23_BGgpt.txt	medication	concept	1810	1821	Парацетамол
infectious diseases_influenza_23_BGgpt.txt	symptom	concept	1858	1869	температура
infectious diseases_influenza_23_BGgpt.txt	symptom	concept	1872	1879	миалгии
infectious diseases_influenza_23_BGgpt.txt	disease	concept	2064	2068	грип
infectious diseases_influenza_23_BGgpt.txt	disease	concept	2428	2432	грип
infectious diseases_influenza_23_BGgpt.txt	medication	concept	2642	2653	Озелтамивир
infectious diseases_influenza_23_BGgpt.txt	medication	concept	2720	2731	Парацетамол
infectious diseases_influenza_23_BGgpt.txt	disease	concept	3172	3176	грип
infectious diseases_influenza_23_BGgpt.txt	disease	concept	3482	3486	грип
infectious diseases_influenza_24_BGgpt.txt	symptom	concept	486	493	кашлица
infectious diseases_influenza_24_BGgpt.txt	symptom	concept	495	510	възпалено гърло
infectious diseases_influenza_24_BGgpt.txt	disease	concept	545	549	грип
infectious diseases_influenza_24_BGgpt.txt	disease	concept	745	751	грип А
infectious diseases_influenza_24_BGgpt.txt	symptom	concept	996	1006	хипоксемия
infectious diseases_influenza_24_BGgpt.txt	medication	concept	1472	1483	Оселтамивир
infectious diseases_influenza_24_BGgpt.txt	medication	concept	1654	1666	Антипиретици
infectious diseases_influenza_24_BGgpt.txt	medication	concept	1668	1679	Парацетамол
infectious diseases_influenza_24_BGgpt.txt	symptom	concept	1698	1711	температурата
infectious diseases_influenza_24_BGgpt.txt	medication	concept	1741	1748	Аспирин
infectious diseases_influenza_24_BGgpt.txt	procedure	concept	1852	1868	кислородотерапия
infectious diseases_influenza_24_BGgpt.txt	medication	concept	2302	2313	Оселтамивир
infectious diseases_influenza_24_BGgpt.txt	medication	concept	2391	2402	Парацетамол
infectious diseases_influenza_24_BGgpt.txt	symptom	concept	2432	2442	дискомфорт
infectious diseases_influenza_24_BGgpt.txt	procedure	concept	2654	2671	Контролен преглед
infectious diseases_influenza_24_BGgpt.txt	disease	concept	2943	2951	инфекции
infectious diseases_influenza_24_BGgpt.txt	disease	concept	3029	3033	грип
infectious diseases_influenza_24_BGgpt.txt	symptom	concept	3164	3179	болки в гърдите
infectious diseases_influenza_24_BGgpt.txt	procedure	concept	3378	3397	антивирусна терапия
infectious diseases_influenza_24_BGgpt.txt	disease	concept	3541	3545	грип
infectious diseases_influenza_25_BGgpt.txt	disease	concept	289	293	Грип
infectious diseases_influenza_25_BGgpt.txt	symptom	concept	537	549	суха кашлица
infectious diseases_influenza_25_BGgpt.txt	disease	concept	661	665	грип
infectious diseases_influenza_25_BGgpt.txt	disease	concept	717	721	грип
infectious diseases_influenza_25_BGgpt.txt	procedure	concept	1298	1317	антивирусна терапия
infectious diseases_influenza_25_BGgpt.txt	medication	concept	1375	1386	озелтамивир
infectious diseases_influenza_25_BGgpt.txt	medication	concept	1499	1510	озелтамивир
infectious diseases_influenza_25_BGgpt.txt	medication	concept	1606	1618	ацетаминофен
infectious diseases_influenza_25_BGgpt.txt	symptom	concept	1645	1656	температура
infectious diseases_influenza_25_BGgpt.txt	symptom	concept	1659	1673	мускулни болки
infectious diseases_influenza_25_BGgpt.txt	medication	concept	1751	1758	Аспирин
infectious diseases_influenza_25_BGgpt.txt	symptom	concept	1895	1904	сатурация
infectious diseases_influenza_25_BGgpt.txt	symptom	concept	1960	1973	оксигенацията
infectious diseases_influenza_25_BGgpt.txt	symptom	concept	2083	2096	температурата
infectious diseases_influenza_25_BGgpt.txt	symptom	concept	2114	2126	хипоксемията
infectious diseases_influenza_25_BGgpt.txt	medication	concept	2532	2544	ацетаминофен
infectious diseases_influenza_25_BGgpt.txt	symptom	concept	2558	2582	остатъчни мускулни болки
infectious diseases_influenza_25_BGgpt.txt	symptom	concept	2587	2598	температура
infectious diseases_influenza_25_BGgpt.txt	symptom	concept	3101	3118	затруднено дишане
infectious diseases_influenza_25_BGgpt.txt	symptom	concept	3120	3135	болка в гърдите
infectious diseases_influenza_25_BGgpt.txt	symptom	concept	3137	3147	обърканост
infectious diseases_influenza_25_BGgpt.txt	medication	concept	3336	3369	температуропонижаващи медикаменти
infectious diseases_influenza_25_BGgpt.txt	disease	concept	3417	3421	грип
infectious diseases_influenza_25_BGgpt.txt	disease	concept	3527	3533	Грип А
infectious diseases_influenza_25_BGgpt.txt	medication	concept	3557	3568	озелтамивир
infectious diseases_influenza_26_BGgpt.txt	symptom	concept	390	401	температура
infectious diseases_influenza_26_BGgpt.txt	symptom	concept	409	419	главоболие
infectious diseases_influenza_26_BGgpt.txt	symptom	concept	421	435	мускулни болки
infectious diseases_influenza_26_BGgpt.txt	symptom	concept	633	640	ринорея
infectious diseases_influenza_26_BGgpt.txt	procedure	concept	697	711	хоспитализация
infectious diseases_influenza_26_BGgpt.txt	medication	concept	916	925	албутерол
infectious diseases_influenza_26_BGgpt.txt	symptom	concept	1303	1309	налепи
infectious diseases_influenza_26_BGgpt.txt	disease	concept	1369	1373	грип
infectious diseases_influenza_26_BGgpt.txt	procedure	concept	1393	1399	RT-PCR
infectious diseases_influenza_26_BGgpt.txt	disease	concept	1436	1442	грип А
infectious diseases_influenza_26_BGgpt.txt	disease	concept	1720	1725	астма
infectious diseases_influenza_26_BGgpt.txt	disease	concept	1777	1783	грип А
infectious diseases_influenza_26_BGgpt.txt	medication	concept	1882	1893	Озелтамивир
infectious diseases_influenza_26_BGgpt.txt	medication	concept	2123	2135	Ацетаминофен
infectious diseases_influenza_26_BGgpt.txt	medication	concept	2216	2225	Албутерол
infectious diseases_influenza_26_BGgpt.txt	symptom	concept	2476	2496	дихателните симптоми
infectious diseases_influenza_26_BGgpt.txt	medication	concept	2736	2747	озелтамивир
infectious diseases_influenza_26_BGgpt.txt	medication	concept	2764	2776	ацетаминофен
infectious diseases_influenza_26_BGgpt.txt	medication	concept	2880	2889	албутерол
infectious diseases_influenza_26_BGgpt.txt	disease	concept	2925	2932	астмата
infectious diseases_influenza_26_BGgpt.txt	disease	concept	3511	3519	инфекции
infectious diseases_influenza_26_BGgpt.txt	symptom	concept	3619	3636	затруднено дишане
infectious diseases_influenza_26_BGgpt.txt	symptom	concept	3638	3653	болка в гърдите
infectious diseases_influenza_26_BGgpt.txt	symptom	concept	3655	3665	обърканост
infectious diseases_influenza_26_BGgpt.txt	disease	concept	3749	3755	грип А
infectious diseases_influenza_26_BGgpt.txt	medication	concept	3776	3787	озелтамивир
infectious diseases_influenza_27_BGgpt.txt	disease	concept	214	233	Инфекциозни болести
infectious diseases_influenza_27_BGgpt.txt	symptom	concept	439	446	кашлица
infectious diseases_influenza_27_BGgpt.txt	symptom	concept	465	476	отпадналост
infectious diseases_influenza_27_BGgpt.txt	disease	concept	574	578	грип
infectious diseases_influenza_27_BGgpt.txt	symptom	concept	779	794	дихателни звуци
infectious diseases_influenza_27_BGgpt.txt	disease	concept	945	951	Грип А
infectious diseases_influenza_27_BGgpt.txt	disease	concept	1133	1144	Грип А H3N2
infectious diseases_influenza_27_BGgpt.txt	medication	concept	1429	1441	антипиретици
infectious diseases_influenza_27_BGgpt.txt	medication	concept	1459	1466	аспирин
infectious diseases_influenza_27_BGgpt.txt	medication	concept	1503	1514	Озелтамивир
infectious diseases_influenza_27_BGgpt.txt	medication	concept	1717	1729	Ацетаминофен
infectious diseases_influenza_27_BGgpt.txt	symptom	concept	1779	1790	температура
infectious diseases_influenza_27_BGgpt.txt	symptom	concept	1793	1800	миалгии
infectious diseases_influenza_27_BGgpt.txt	symptom	concept	2020	2033	Температурата
infectious diseases_influenza_27_BGgpt.txt	symptom	concept	2064	2087	респираторните симптоми
infectious diseases_influenza_27_BGgpt.txt	medication	concept	2460	2471	Озелтамивир
infectious diseases_influenza_27_BGgpt.txt	medication	concept	2499	2511	Ацетаминофен
infectious diseases_influenza_27_BGgpt.txt	symptom	concept	2553	2564	температура
infectious diseases_influenza_27_BGgpt.txt	symptom	concept	3072	3077	задух
infectious diseases_influenza_27_BGgpt.txt	symptom	concept	3079	3094	болка в гърдите
infectious diseases_influenza_27_BGgpt.txt	symptom	concept	3110	3121	температура
infectious diseases_influenza_27_BGgpt.txt	symptom	concept	3126	3136	обърканост
infectious diseases_influenza_27_BGgpt.txt	symptom	concept	3235	3242	кашляне
infectious diseases_influenza_27_BGgpt.txt	symptom	concept	3245	3251	кихане
infectious diseases_influenza_27_BGgpt.txt	disease	concept	3290	3294	грип
infectious diseases_influenza_27_BGgpt.txt	disease	concept	3357	3363	Грип А
infectious diseases_influenza_28_BGgpt.txt	disease	concept	315	319	Грип
infectious diseases_influenza_28_BGgpt.txt	symptom	concept	497	508	температура
infectious diseases_influenza_28_BGgpt.txt	symptom	concept	510	517	кашлица
infectious diseases_influenza_28_BGgpt.txt	symptom	concept	519	534	възпалено гърло
infectious diseases_influenza_28_BGgpt.txt	disease	concept	612	616	грип
infectious diseases_influenza_28_BGgpt.txt	disease	concept	804	814	грип тип А
infectious diseases_influenza_28_BGgpt.txt	disease	concept	942	952	грип тип А
infectious diseases_influenza_28_BGgpt.txt	procedure	concept	1016	1030	пулсоксиметрия
infectious diseases_influenza_28_BGgpt.txt	disease	concept	1214	1230	грипна пневмония
infectious diseases_influenza_28_BGgpt.txt	medication	concept	1410	1421	озелтамивир
infectious diseases_influenza_28_BGgpt.txt	medication	concept	1566	1578	антипиретици
infectious diseases_influenza_28_BGgpt.txt	medication	concept	1608	1615	Аспирин
infectious diseases_influenza_28_BGgpt.txt	medication	concept	1688	1699	парацетамол
infectious diseases_influenza_28_BGgpt.txt	symptom	concept	1714	1727	температурата
infectious diseases_influenza_28_BGgpt.txt	symptom	concept	1730	1737	болката
infectious diseases_influenza_28_BGgpt.txt	symptom	concept	2157	2164	кашлица
infectious diseases_influenza_28_BGgpt.txt	symptom	concept	2192	2197	задух
infectious diseases_influenza_28_BGgpt.txt	medication	concept	2464	2475	озелтамивир
infectious diseases_influenza_28_BGgpt.txt	medication	concept	2496	2507	парацетамол
infectious diseases_influenza_28_BGgpt.txt	medication	concept	2653	2686	температуропонижаващи медикаменти
infectious diseases_influenza_28_BGgpt.txt	medication	concept	3162	3173	Озелтамивир
infectious diseases_influenza_28_BGgpt.txt	medication	concept	3224	3235	Парацетамол
infectious diseases_influenza_28_BGgpt.txt	symptom	concept	3291	3302	температура
infectious diseases_influenza_28_BGgpt.txt	symptom	concept	3307	3312	болка
infectious diseases_influenza_28_BGgpt.txt	procedure	concept	3398	3422	противогрипна ваксинация
infectious diseases_influenza_28_BGgpt.txt	disease	concept	3533	3537	грип
infectious diseases_influenza_28_BGgpt.txt	procedure	concept	3607	3626	антивирусна терапия
infectious diseases_influenza_28_BGgpt.txt	procedure	concept	3647	3741	симптоматично лечение. Пациентът е инструктиран относно проследяването и профилактичните мерки
infectious diseases_influenza_29_BGgpt.txt	disease	concept	226	230	Грип
infectious diseases_influenza_29_BGgpt.txt	symptom	concept	370	381	температура
infectious diseases_influenza_29_BGgpt.txt	symptom	concept	383	390	кашлица
infectious diseases_influenza_29_BGgpt.txt	symptom	concept	412	423	отпадналост
infectious diseases_influenza_29_BGgpt.txt	disease	concept	535	539	грип
infectious diseases_influenza_29_BGgpt.txt	symptom	concept	694	704	тахикардия
infectious diseases_influenza_29_BGgpt.txt	medication	concept	807	818	парацетамол
infectious diseases_influenza_29_BGgpt.txt	symptom	concept	822	833	температура
infectious diseases_influenza_29_BGgpt.txt	symptom	concept	836	841	болки
infectious diseases_influenza_29_BGgpt.txt	procedure	concept	1024	1046	лабораторно изследване
infectious diseases_influenza_29_BGgpt.txt	disease	concept	1109	1113	грип
infectious diseases_influenza_29_BGgpt.txt	disease	concept	1179	1183	грип
infectious diseases_influenza_29_BGgpt.txt	disease	concept	1221	1225	грип
infectious diseases_influenza_29_BGgpt.txt	medication	concept	1333	1344	оселтамивир
infectious diseases_influenza_29_BGgpt.txt	disease	concept	1458	1487	вторична бактериална инфекция
infectious diseases_influenza_29_BGgpt.txt	procedure	concept	1548	1562	пулсоксиметрия
infectious diseases_influenza_29_BGgpt.txt	procedure	concept	1593	1607	рентгенография
infectious diseases_influenza_29_BGgpt.txt	symptom	concept	1788	1800	тахикардията
infectious diseases_influenza_29_BGgpt.txt	symptom	concept	1909	1920	температура
infectious diseases_influenza_29_BGgpt.txt	medication	concept	2124	2135	Оселтамивир
infectious diseases_influenza_29_BGgpt.txt	medication	concept	2263	2274	Парацетамол
infectious diseases_influenza_29_BGgpt.txt	symptom	concept	2321	2332	температура
infectious diseases_influenza_29_BGgpt.txt	symptom	concept	2337	2342	болки
infectious diseases_influenza_29_BGgpt.txt	disease	concept	2601	2605	грип
infectious diseases_influenza_29_BGgpt.txt	disease	concept	2864	2868	грип
infectious diseases_influenza_29_BGgpt.txt	medication	concept	3037	3058	противогрипна ваксина
infectious diseases_influenza_29_BGgpt.txt	disease	concept	3298	3304	грип А
infectious diseases_influenza_29_BGgpt.txt	medication	concept	3324	3335	оселтамивир
infectious diseases_influenza_2_BGgpt.txt	symptom	concept	496	507	температура
infectious diseases_influenza_2_BGgpt.txt	symptom	concept	515	525	главоболие
infectious diseases_influenza_2_BGgpt.txt	symptom	concept	527	541	мускулни болки
infectious diseases_influenza_2_BGgpt.txt	symptom	concept	544	551	кашлица
infectious diseases_influenza_2_BGgpt.txt	procedure	concept	732	746	хоспитализация
infectious diseases_influenza_2_BGgpt.txt	disease	concept	880	885	астма
infectious diseases_influenza_2_BGgpt.txt	medication	concept	916	927	медикаменти
infectious diseases_influenza_2_BGgpt.txt	disease	concept	1203	1208	астма
infectious diseases_influenza_2_BGgpt.txt	disease	concept	1346	1352	Грип А
infectious diseases_influenza_2_BGgpt.txt	procedure	concept	1449	1463	Рентгенография
infectious diseases_influenza_2_BGgpt.txt	symptom	concept	1603	1623	кислородна сатурация
infectious diseases_influenza_2_BGgpt.txt	disease	concept	1787	1792	астма
infectious diseases_influenza_2_BGgpt.txt	medication	concept	1878	1889	Оселтамивир
infectious diseases_influenza_2_BGgpt.txt	disease	concept	1990	1997	астмата
infectious diseases_influenza_2_BGgpt.txt	medication	concept	2011	2020	Занамивир
infectious diseases_influenza_2_BGgpt.txt	disease	concept	2069	2081	бронхоспазъм
infectious diseases_influenza_2_BGgpt.txt	medication	concept	2171	2182	Парацетамол
infectious diseases_influenza_2_BGgpt.txt	symptom	concept	2186	2197	температура
infectious diseases_influenza_2_BGgpt.txt	medication	concept	2310	2325	кортикостероиди
infectious diseases_influenza_2_BGgpt.txt	medication	concept	2660	2671	Оселтамивир
infectious diseases_influenza_2_BGgpt.txt	medication	concept	2825	2836	Оселтамивир
infectious diseases_influenza_2_BGgpt.txt	medication	concept	2981	2990	Инхалатор
infectious diseases_influenza_2_BGgpt.txt	disease	concept	3021	3028	астмата
infectious diseases_influenza_2_BGgpt.txt	disease	concept	3269	3274	астма
infectious diseases_influenza_2_BGgpt.txt	disease	concept	3362	3369	астмата
infectious diseases_influenza_2_BGgpt.txt	symptom	concept	3490	3495	задух
infectious diseases_influenza_2_BGgpt.txt	disease	concept	3669	3673	грип
infectious diseases_influenza_2_BGgpt.txt	disease	concept	3812	3818	Грип А
infectious diseases_influenza_2_BGgpt.txt	medication	concept	3855	3866	Оселтамивир
infectious diseases_influenza_2_BGgpt.txt	disease	concept	3933	3938	астма
infectious diseases_influenza_2_BGgpt.txt	disease	concept	4110	4117	астмата
infectious diseases_influenza_2_BGgpt.txt	disease	concept	4218	4222	грип
infectious diseases_influenza_30_BGgpt.txt	symptom	concept	342	356	мускулни болки
infectious diseases_influenza_30_BGgpt.txt	symptom	concept	358	365	кашлица
infectious diseases_influenza_30_BGgpt.txt	symptom	concept	599	611	суха кашлица
infectious diseases_influenza_30_BGgpt.txt	medication	concept	656	665	лекарства
infectious diseases_influenza_30_BGgpt.txt	disease	concept	887	908	Артериална хипертония
infectious diseases_influenza_30_BGgpt.txt	medication	concept	1002	1012	Лизиноприл
infectious diseases_influenza_30_BGgpt.txt	disease	concept	1046	1067	артериална хипертония
infectious diseases_influenza_30_BGgpt.txt	disease	concept	1113	1117	грип
infectious diseases_influenza_30_BGgpt.txt	disease	concept	1247	1253	Грип А
infectious diseases_influenza_30_BGgpt.txt	disease	concept	1396	1417	артериална хипертония
infectious diseases_influenza_30_BGgpt.txt	procedure	concept	1497	1511	Рентгенография
infectious diseases_influenza_30_BGgpt.txt	symptom	concept	1714	1724	хипоксемия
infectious diseases_influenza_30_BGgpt.txt	medication	concept	1883	1894	Оселтамивир
infectious diseases_influenza_30_BGgpt.txt	medication	concept	2133	2144	Парацетамол
infectious diseases_influenza_30_BGgpt.txt	symptom	concept	2196	2207	температура
infectious diseases_influenza_30_BGgpt.txt	medication	concept	2275	2282	аспирин
infectious diseases_influenza_30_BGgpt.txt	symptom	concept	2479	2492	температурата
infectious diseases_influenza_30_BGgpt.txt	procedure	concept	2993	3003	хидратация
infectious diseases_influenza_30_BGgpt.txt	disease	concept	3203	3213	инфекцията
infectious diseases_influenza_30_BGgpt.txt	procedure	concept	3229	3246	контролен преглед
infectious diseases_influenza_30_BGgpt.txt	medication	concept	3409	3419	Лизиноприл
infectious diseases_influenza_30_BGgpt.txt	symptom	concept	3543	3548	задух
infectious diseases_influenza_30_BGgpt.txt	symptom	concept	3550	3565	болка в гърдите
infectious diseases_influenza_30_BGgpt.txt	symptom	concept	3608	3620	дехидратация
infectious diseases_influenza_30_BGgpt.txt	disease	concept	3748	3765	грипната инфекция
infectious diseases_influenza_30_BGgpt.txt	disease	concept	3819	3823	грип
infectious diseases_influenza_31_BGgpt.txt	disease	concept	277	281	Грип
infectious diseases_influenza_31_BGgpt.txt	symptom	concept	427	434	кашлица
infectious diseases_influenza_31_BGgpt.txt	symptom	concept	436	451	възпалено гърло
infectious diseases_influenza_31_BGgpt.txt	disease	concept	492	496	грип
infectious diseases_influenza_31_BGgpt.txt	disease	concept	690	696	Грип А
infectious diseases_influenza_31_BGgpt.txt	disease	concept	745	751	Грип А
infectious diseases_influenza_31_BGgpt.txt	medication	concept	1329	1340	Озелтамивир
infectious diseases_influenza_31_BGgpt.txt	procedure	concept	1581	1591	хидратация
infectious diseases_influenza_31_BGgpt.txt	medication	concept	1594	1606	антипиретици
infectious diseases_influenza_31_BGgpt.txt	medication	concept	1608	1619	парацетамол
infectious diseases_influenza_31_BGgpt.txt	symptom	concept	1638	1649	температура
infectious diseases_influenza_31_BGgpt.txt	medication	concept	1659	1668	Аспиринът
infectious diseases_influenza_31_BGgpt.txt	disease	concept	1988	2017	вторична бактериална инфекция
infectious diseases_influenza_31_BGgpt.txt	medication	concept	2237	2248	озелтамивир
infectious diseases_influenza_31_BGgpt.txt	medication	concept	2742	2754	антипиретици
infectious diseases_influenza_31_BGgpt.txt	symptom	concept	3001	3007	дишане
infectious diseases_influenza_31_BGgpt.txt	symptom	concept	3009	3024	болка в гърдите
infectious diseases_influenza_31_BGgpt.txt	symptom	concept	3026	3036	обърканост
infectious diseases_influenza_31_BGgpt.txt	symptom	concept	3041	3072	персистираща висока температура
infectious diseases_influenza_31_BGgpt.txt	disease	concept	3173	3179	Грип А
infectious diseases_influenza_32_BGgpt.txt	symptom	concept	348	356	втрисане
infectious diseases_influenza_32_BGgpt.txt	medication	concept	1011	1020	Лекарства
infectious diseases_influenza_32_BGgpt.txt	disease	concept	1585	1589	грип
infectious diseases_influenza_32_BGgpt.txt	disease	concept	1713	1719	Грип А
infectious diseases_influenza_32_BGgpt.txt	procedure	concept	1734	1748	рентгенография
infectious diseases_influenza_32_BGgpt.txt	procedure	concept	1763	1781	пулсова оксиметрия
infectious diseases_influenza_32_BGgpt.txt	disease	concept	1958	1964	Грип А
infectious diseases_influenza_32_BGgpt.txt	medication	concept	2206	2217	Оселтамивир
infectious diseases_influenza_32_BGgpt.txt	medication	concept	2300	2311	парацетамол
infectious diseases_influenza_32_BGgpt.txt	symptom	concept	2348	2359	температура
infectious diseases_influenza_32_BGgpt.txt	medication	concept	2421	2428	Аспирин
infectious diseases_influenza_32_BGgpt.txt	medication	concept	2642	2653	Оселтамивир
infectious diseases_influenza_32_BGgpt.txt	symptom	concept	2689	2705	нежелани реакции
infectious diseases_influenza_32_BGgpt.txt	disease	concept	2730	2734	грип
infectious diseases_influenza_32_BGgpt.txt	medication	concept	2930	2941	Оселтамивир
infectious diseases_influenza_32_BGgpt.txt	disease	concept	3339	3345	Грип А
infectious diseases_influenza_32_BGgpt.txt	medication	concept	3360	3371	Оселтамивир
infectious diseases_influenza_32_BGgpt.txt	procedure	concept	3459	3491	годишна противогрипна ваксинация
infectious diseases_influenza_32_BGgpt.txt	procedure	concept	3494	3511	хигиенни практики
infectious diseases_influenza_33_BGgpt.txt	symptom	concept	348	366	висока температура
infectious diseases_influenza_33_BGgpt.txt	symptom	concept	368	375	кашлица
infectious diseases_influenza_33_BGgpt.txt	symptom	concept	377	391	мускулни болки
infectious diseases_influenza_33_BGgpt.txt	symptom	concept	400	411	отпадналост
infectious diseases_influenza_33_BGgpt.txt	disease	concept	471	475	грип
infectious diseases_influenza_33_BGgpt.txt	symptom	concept	819	833	мускулни болки
infectious diseases_influenza_33_BGgpt.txt	symptom	concept	847	858	отпадналост
infectious diseases_influenza_33_BGgpt.txt	disease	concept	945	949	грип
infectious diseases_influenza_33_BGgpt.txt	medication	concept	1150	1173	противогрипната ваксина
infectious diseases_influenza_33_BGgpt.txt	disease	concept	1361	1365	грип
infectious diseases_influenza_33_BGgpt.txt	disease	concept	1517	1523	грип А
infectious diseases_influenza_33_BGgpt.txt	disease	concept	1693	1722	вторична бактериална инфекция
infectious diseases_influenza_33_BGgpt.txt	medication	concept	1828	1839	Озелтамивир
infectious diseases_influenza_33_BGgpt.txt	medication	concept	1944	1955	озелтамивир
infectious diseases_influenza_33_BGgpt.txt	medication	concept	2105	2116	парацетамол
infectious diseases_influenza_33_BGgpt.txt	symptom	concept	2155	2166	температура
infectious diseases_influenza_33_BGgpt.txt	symptom	concept	2169	2183	мускулни болки
infectious diseases_influenza_33_BGgpt.txt	symptom	concept	2377	2390	температурата
infectious diseases_influenza_33_BGgpt.txt	symptom	concept	2561	2570	кашлицата
infectious diseases_influenza_33_BGgpt.txt	symptom	concept	2573	2586	отпадналостта
infectious diseases_influenza_33_BGgpt.txt	disease	concept	2759	2770	заразността
infectious diseases_influenza_33_BGgpt.txt	medication	concept	2953	2964	озелтамивир
infectious diseases_influenza_33_BGgpt.txt	symptom	concept	3095	3112	затруднено дишане
infectious diseases_influenza_33_BGgpt.txt	disease	concept	3838	3855	грипната инфекция
infectious diseases_influenza_34_BGgpt.txt	symptom	concept	366	373	миалгия
infectious diseases_influenza_34_BGgpt.txt	symptom	concept	375	382	кашлица
infectious diseases_influenza_34_BGgpt.txt	disease	concept	598	608	хипертония
infectious diseases_influenza_34_BGgpt.txt	symptom	concept	742	750	втрисане
infectious diseases_influenza_34_BGgpt.txt	symptom	concept	774	795	непродуктивна кашлица
infectious diseases_influenza_34_BGgpt.txt	disease	concept	889	893	грип
infectious diseases_influenza_34_BGgpt.txt	disease	concept	987	991	грип
infectious diseases_influenza_34_BGgpt.txt	disease	concept	1028	1034	Грип А
infectious diseases_influenza_34_BGgpt.txt	disease	concept	1305	1314	пневмония
infectious diseases_influenza_34_BGgpt.txt	medication	concept	1535	1546	Озелтамивир
infectious diseases_influenza_34_BGgpt.txt	symptom	concept	1737	1748	температура
infectious diseases_influenza_34_BGgpt.txt	medication	concept	1777	1788	Парацетамол
infectious diseases_influenza_34_BGgpt.txt	medication	concept	2573	2584	Озелтамивир
infectious diseases_influenza_34_BGgpt.txt	medication	concept	2823	2834	Озелтамивир
infectious diseases_influenza_34_BGgpt.txt	medication	concept	2940	2969	ературопонижаващи медикаменти
infectious diseases_influenza_34_BGgpt.txt	symptom	concept	3127	3144	затруднено дишане
infectious diseases_influenza_34_BGgpt.txt	symptom	concept	3146	3161	болка в гърдите
infectious diseases_influenza_34_BGgpt.txt	symptom	concept	3163	3173	обърканост
infectious diseases_influenza_34_BGgpt.txt	symptom	concept	3198	3209	температура
infectious diseases_influenza_34_BGgpt.txt	disease	concept	3286	3290	грип
infectious diseases_influenza_34_BGgpt.txt	disease	concept	3554	3558	грип
infectious diseases_influenza_34_BGgpt.txt	medication	concept	3594	3605	Озелтамивир
infectious diseases_influenza_34_BGgpt.txt	medication	concept	3673	3684	Парацетамол
infectious diseases_influenza_34_BGgpt.txt	disease	concept	3889	3895	Грип А
infectious diseases_influenza_35_BGgpt.txt	disease	concept	423	427	грип
infectious diseases_influenza_35_BGgpt.txt	symptom	concept	448	459	температура
infectious diseases_influenza_35_BGgpt.txt	symptom	concept	483	494	отпадналост
infectious diseases_influenza_35_BGgpt.txt	symptom	concept	497	509	суха кашлица
infectious diseases_influenza_35_BGgpt.txt	disease	concept	613	617	грип
infectious diseases_influenza_35_BGgpt.txt	disease	concept	674	689	грипна инфекция
infectious diseases_influenza_35_BGgpt.txt	symptom	concept	881	901	кислородна сатурация
infectious diseases_influenza_35_BGgpt.txt	symptom	concept	968	980	дехидратация
infectious diseases_influenza_35_BGgpt.txt	disease	concept	1061	1066	астма
infectious diseases_influenza_35_BGgpt.txt	disease	concept	1236	1242	грип А
infectious diseases_influenza_35_BGgpt.txt	disease	concept	1311	1317	грип А
infectious diseases_influenza_35_BGgpt.txt	procedure	concept	1358	1372	Рентгенография
infectious diseases_influenza_35_BGgpt.txt	disease	concept	1436	1445	пневмония
infectious diseases_influenza_35_BGgpt.txt	medication	concept	1634	1645	Озелтамивир
infectious diseases_influenza_35_BGgpt.txt	medication	concept	1881	1893	ацетаминофен
infectious diseases_influenza_35_BGgpt.txt	symptom	concept	1944	1958	мускулни болки
infectious diseases_influenza_35_BGgpt.txt	medication	concept	1960	1967	Аспирин
infectious diseases_influenza_35_BGgpt.txt	disease	concept	2062	2067	астма
infectious diseases_influenza_35_BGgpt.txt	disease	concept	2092	2097	астма
infectious diseases_influenza_35_BGgpt.txt	medication	concept	2164	2177	бета-агонисти
infectious diseases_influenza_35_BGgpt.txt	disease	concept	2521	2550	вторична бактериална инфекция
infectious diseases_influenza_35_BGgpt.txt	medication	concept	2816	2827	озелтамивир
infectious diseases_influenza_35_BGgpt.txt	medication	concept	2869	2896	инхалаторни кортикостероиди
infectious diseases_influenza_35_BGgpt.txt	medication	concept	2936	2949	бета-агонисти
infectious diseases_influenza_35_BGgpt.txt	disease	concept	2979	2984	астма
infectious diseases_influenza_35_BGgpt.txt	symptom	concept	3451	3468	затруднено дишане
infectious diseases_influenza_35_BGgpt.txt	symptom	concept	3470	3494	персистираща температура
infectious diseases_influenza_35_BGgpt.txt	disease	concept	3654	3669	грипни инфекции
infectious diseases_influenza_35_BGgpt.txt	disease	concept	3730	3736	грип А
infectious diseases_influenza_35_BGgpt.txt	procedure	concept	3908	3925	амбулаторни грижи
infectious diseases_influenza_35_BGgpt.txt	procedure	concept	3928	3940	проследяване
infectious diseases_influenza_36_BGgpt.txt	symptom	concept	383	390	кашлица
infectious diseases_influenza_36_BGgpt.txt	symptom	concept	704	718	мускулни болки
infectious diseases_influenza_36_BGgpt.txt	symptom	concept	734	741	кашлица
infectious diseases_influenza_36_BGgpt.txt	disease	concept	791	795	грип
infectious diseases_influenza_36_BGgpt.txt	disease	concept	852	867	грипна инфекция
infectious diseases_influenza_36_BGgpt.txt	disease	concept	995	999	грип
infectious diseases_influenza_36_BGgpt.txt	disease	concept	1077	1081	грип
infectious diseases_influenza_36_BGgpt.txt	disease	concept	1145	1151	Грип А
infectious diseases_influenza_36_BGgpt.txt	procedure	concept	1175	1189	Рентгенография
infectious diseases_influenza_36_BGgpt.txt	symptom	concept	1342	1352	хипоксемия
infectious diseases_influenza_36_BGgpt.txt	disease	concept	1539	1545	Грип А
infectious diseases_influenza_36_BGgpt.txt	medication	concept	1659	1670	Оселтамивир
infectious diseases_influenza_36_BGgpt.txt	medication	concept	1819	1830	Парацетамол
infectious diseases_influenza_36_BGgpt.txt	symptom	concept	1879	1890	температура
infectious diseases_influenza_36_BGgpt.txt	symptom	concept	1906	1911	болка
infectious diseases_influenza_36_BGgpt.txt	symptom	concept	1995	2008	температурата
infectious diseases_influenza_36_BGgpt.txt	symptom	concept	2054	2070	мускулните болки
infectious diseases_influenza_36_BGgpt.txt	symptom	concept	2073	2082	кашлицата
infectious diseases_influenza_36_BGgpt.txt	medication	concept	2351	2362	Оселтамивир
infectious diseases_influenza_36_BGgpt.txt	medication	concept	2468	2479	Парацетамол
infectious diseases_influenza_36_BGgpt.txt	disease	concept	2962	2966	грип
infectious diseases_influenza_36_BGgpt.txt	disease	concept	3180	3184	грип
infectious diseases_influenza_36_BGgpt.txt	disease	concept	3202	3208	Грип А
infectious diseases_influenza_36_BGgpt.txt	medication	concept	3265	3276	Оселтамивир
infectious diseases_influenza_37_BGgpt.txt	disease	concept	239	243	Грип
infectious diseases_influenza_37_BGgpt.txt	symptom	concept	381	392	температура
infectious diseases_influenza_37_BGgpt.txt	symptom	concept	394	401	кашлица
infectious diseases_influenza_37_BGgpt.txt	disease	concept	499	503	грип
infectious diseases_influenza_37_BGgpt.txt	disease	concept	582	586	грип
infectious diseases_influenza_37_BGgpt.txt	disease	concept	852	858	Грип А
infectious diseases_influenza_37_BGgpt.txt	medication	concept	1002	1013	Оселтамивир
infectious diseases_influenza_37_BGgpt.txt	procedure	concept	1106	1120	рентгенография
infectious diseases_influenza_37_BGgpt.txt	medication	concept	1397	1408	Парацетамол
infectious diseases_influenza_37_BGgpt.txt	medication	concept	1494	1501	Аспирин
infectious diseases_influenza_37_BGgpt.txt	disease	concept	1528	1542	Синдром на Рей
infectious diseases_influenza_37_BGgpt.txt	symptom	concept	1630	1643	температурата
infectious diseases_influenza_37_BGgpt.txt	medication	concept	1790	1801	Оселтамивир
infectious diseases_influenza_37_BGgpt.txt	medication	concept	1896	1907	Парацетамол
infectious diseases_influenza_37_BGgpt.txt	symptom	concept	1954	1965	температура
infectious diseases_influenza_37_BGgpt.txt	medication	concept	2142	2153	Оселтамивир
infectious diseases_influenza_37_BGgpt.txt	disease	concept	2590	2594	грип
infectious diseases_influenza_37_BGgpt.txt	symptom	concept	2661	2678	затруднено дишане
infectious diseases_influenza_37_BGgpt.txt	symptom	concept	2714	2725	температура
infectious diseases_influenza_37_BGgpt.txt	disease	concept	2852	2858	Грип А
infectious diseases_influenza_37_BGgpt.txt	medication	concept	2911	2922	Оселтамивир
infectious diseases_influenza_37_BGgpt.txt	procedure	concept	3043	3060	контролен преглед
infectious diseases_influenza_38_BGgpt.txt	symptom	concept	333	340	кашлица
infectious diseases_influenza_38_BGgpt.txt	symptom	concept	342	357	възпалено гърло
infectious diseases_influenza_38_BGgpt.txt	symptom	concept	360	374	мускулни болки
infectious diseases_influenza_38_BGgpt.txt	disease	concept	732	736	грип
infectious diseases_influenza_38_BGgpt.txt	disease	concept	896	900	грип
infectious diseases_influenza_38_BGgpt.txt	disease	concept	937	943	Грип А
infectious diseases_influenza_38_BGgpt.txt	disease	concept	988	994	Грип А
infectious diseases_influenza_38_BGgpt.txt	procedure	concept	1108	1126	пулсова оксиметрия
infectious diseases_influenza_38_BGgpt.txt	medication	concept	1277	1288	Озелтамивир
infectious diseases_influenza_38_BGgpt.txt	medication	concept	1611	1622	Парацетамол
infectious diseases_influenza_38_BGgpt.txt	symptom	concept	1659	1670	температура
infectious diseases_influenza_38_BGgpt.txt	symptom	concept	1673	1687	мускулни болки
infectious diseases_influenza_38_BGgpt.txt	procedure	concept	1709	1721	хидратацията
infectious diseases_influenza_38_BGgpt.txt	medication	concept	1801	1811	салбутамол
infectious diseases_influenza_38_BGgpt.txt	disease	concept	1844	1863	астматични симптоми
infectious diseases_influenza_38_BGgpt.txt	symptom	concept	2056	2069	температурата
infectious diseases_influenza_38_BGgpt.txt	procedure	concept	2331	2345	хоспитализация
infectious diseases_influenza_38_BGgpt.txt	medication	concept	2690	2701	Озелтамивир
infectious diseases_influenza_38_BGgpt.txt	medication	concept	2731	2741	салбутамол
infectious diseases_influenza_38_BGgpt.txt	disease	concept	3399	3403	грип
infectious diseases_influenza_38_BGgpt.txt	symptom	concept	3482	3487	задух
infectious diseases_influenza_38_BGgpt.txt	symptom	concept	3503	3514	температура
infectious diseases_influenza_38_BGgpt.txt	symptom	concept	3602	3611	замаяност
infectious diseases_influenza_38_BGgpt.txt	disease	concept	3949	3955	Грип А
infectious diseases_influenza_38_BGgpt.txt	medication	concept	3976	3987	Озелтамивир
infectious diseases_influenza_38_BGgpt.txt	disease	concept	4089	4093	грип
infectious diseases_influenza_39_BGgpt.txt	disease	concept	285	289	Грип
infectious diseases_influenza_39_BGgpt.txt	disease	concept	530	534	грип
infectious diseases_influenza_39_BGgpt.txt	symptom	concept	548	566	висока температура
infectious diseases_influenza_39_BGgpt.txt	symptom	concept	574	588	мускулни болки
infectious diseases_influenza_39_BGgpt.txt	symptom	concept	590	597	кашлица
infectious diseases_influenza_39_BGgpt.txt	symptom	concept	600	611	отпадналост
infectious diseases_influenza_39_BGgpt.txt	disease	concept	642	646	грип
infectious diseases_influenza_39_BGgpt.txt	disease	concept	730	734	грип
infectious diseases_influenza_39_BGgpt.txt	disease	concept	823	827	грип
infectious diseases_influenza_39_BGgpt.txt	disease	concept	855	859	Грип
infectious diseases_influenza_39_BGgpt.txt	medication	concept	1356	1367	Озелтамивир
infectious diseases_influenza_39_BGgpt.txt	symptom	concept	1493	1507	мускулни болки
infectious diseases_influenza_39_BGgpt.txt	medication	concept	1518	1529	Парацетамол
infectious diseases_influenza_39_BGgpt.txt	disease	concept	1812	1841	вторична бактериална инфекция
infectious diseases_influenza_39_BGgpt.txt	symptom	concept	1843	1855	дехидратация
infectious diseases_influenza_39_BGgpt.txt	symptom	concept	1956	1969	температурата
infectious diseases_influenza_39_BGgpt.txt	medication	concept	2260	2271	Озелтамивир
infectious diseases_influenza_39_BGgpt.txt	medication	concept	2318	2329	Парацетамол
infectious diseases_influenza_39_BGgpt.txt	symptom	concept	2343	2354	температура
infectious diseases_influenza_39_BGgpt.txt	disease	concept	2936	2940	грип
infectious diseases_influenza_39_BGgpt.txt	disease	concept	3060	3064	грип
infectious diseases_influenza_39_BGgpt.txt	symptom	concept	3163	3187	персистираща температура
infectious diseases_influenza_39_BGgpt.txt	symptom	concept	3225	3231	дишане
infectious diseases_influenza_39_BGgpt.txt	medication	concept	3338	3345	аспирин
infectious diseases_influenza_39_BGgpt.txt	medication	concept	3370	3377	аспирин
infectious diseases_influenza_39_BGgpt.txt	disease	concept	3408	3422	Синдром на Рей
infectious diseases_influenza_39_BGgpt.txt	disease	concept	3487	3497	Грип тип А
infectious diseases_influenza_39_BGgpt.txt	medication	concept	3505	3516	Озелтамивир
infectious diseases_influenza_39_BGgpt.txt	procedure	concept	3673	3685	проследяване
infectious diseases_influenza_3_BGgpt.txt	disease	concept	415	419	грип
infectious diseases_influenza_3_BGgpt.txt	symptom	concept	440	451	температура
infectious diseases_influenza_3_BGgpt.txt	symptom	concept	459	473	мускулни болки
infectious diseases_influenza_3_BGgpt.txt	symptom	concept	475	482	кашлица
infectious diseases_influenza_3_BGgpt.txt	symptom	concept	485	500	възпалено гърло
infectious diseases_influenza_3_BGgpt.txt	disease	concept	755	759	грип
infectious diseases_influenza_3_BGgpt.txt	symptom	concept	773	784	температура
infectious diseases_influenza_3_BGgpt.txt	symptom	concept	786	793	кашлица
infectious diseases_influenza_3_BGgpt.txt	symptom	concept	796	807	отпадналост
infectious diseases_influenza_3_BGgpt.txt	disease	concept	1423	1427	грип
infectious diseases_influenza_3_BGgpt.txt	disease	concept	1444	1448	грип
infectious diseases_influenza_3_BGgpt.txt	symptom	concept	1635	1655	кислородна сатурация
infectious diseases_influenza_3_BGgpt.txt	disease	concept	1807	1813	грип А
infectious diseases_influenza_3_BGgpt.txt	procedure	concept	1860	1870	хидратация
infectious diseases_influenza_3_BGgpt.txt	medication	concept	1873	1885	антипиретици
infectious diseases_influenza_3_BGgpt.txt	medication	concept	1887	1898	парацетамол
infectious diseases_influenza_3_BGgpt.txt	medication	concept	2031	2042	Озелтамивир
infectious diseases_influenza_3_BGgpt.txt	medication	concept	2452	2463	Медикаменти
infectious diseases_influenza_3_BGgpt.txt	medication	concept	2485	2496	Озелтамивир
infectious diseases_influenza_3_BGgpt.txt	medication	concept	2594	2605	Парацетамол
infectious diseases_influenza_3_BGgpt.txt	medication	concept	3027	3060	температуропонижаващи медикаменти
infectious diseases_influenza_3_BGgpt.txt	medication	concept	3376	3388	дезинфектант
infectious diseases_influenza_3_BGgpt.txt	symptom	concept	3418	3425	кашляне
infectious diseases_influenza_3_BGgpt.txt	symptom	concept	3601	3618	затруднено дишане
infectious diseases_influenza_3_BGgpt.txt	symptom	concept	3620	3635	болка в гърдите
infectious diseases_influenza_3_BGgpt.txt	symptom	concept	3637	3668	персистираща висока температура
infectious diseases_influenza_3_BGgpt.txt	disease	concept	3685	3702	вторична инфекция
infectious diseases_influenza_3_BGgpt.txt	disease	concept	3760	3766	грип А
infectious diseases_influenza_3_BGgpt.txt	procedure	concept	3825	3846	симптоматично лечение
infectious diseases_influenza_40_BGgpt.txt	symptom	concept	384	391	кашлица
infectious diseases_influenza_40_BGgpt.txt	symptom	concept	393	408	възпалено гърло
infectious diseases_influenza_40_BGgpt.txt	procedure	concept	544	558	хоспитализация
infectious diseases_influenza_40_BGgpt.txt	symptom	concept	803	810	кашлица
infectious diseases_influenza_40_BGgpt.txt	symptom	concept	914	921	миалгии
infectious diseases_influenza_40_BGgpt.txt	symptom	concept	924	935	отпадналост
infectious diseases_influenza_40_BGgpt.txt	disease	concept	1458	1462	грип
infectious diseases_influenza_40_BGgpt.txt	disease	concept	1514	1521	Грип А.
infectious diseases_influenza_40_BGgpt.txt	procedure	concept	1658	1676	Пулсова оксиметрия
infectious diseases_influenza_40_BGgpt.txt	disease	concept	1870	1876	Грип А
infectious diseases_influenza_40_BGgpt.txt	medication	concept	1990	2001	Оселтамивир
infectious diseases_influenza_40_BGgpt.txt	medication	concept	2112	2124	ацетаминофен
infectious diseases_influenza_40_BGgpt.txt	symptom	concept	2362	2371	кашлицата
infectious diseases_influenza_40_BGgpt.txt	disease	concept	2508	2512	грип
infectious diseases_influenza_40_BGgpt.txt	medication	concept	2619	2630	Оселтамивир
infectious diseases_influenza_40_BGgpt.txt	medication	concept	2723	2735	Ацетаминофен
infectious diseases_influenza_40_BGgpt.txt	symptom	concept	2792	2803	температура
infectious diseases_influenza_40_BGgpt.txt	disease	concept	3091	3095	грип
infectious diseases_influenza_40_BGgpt.txt	disease	concept	3239	3243	грип
infectious diseases_influenza_40_BGgpt.txt	symptom	concept	3322	3346	персистираща температура
infectious diseases_influenza_40_BGgpt.txt	disease	concept	3363	3380	вторична инфекция
infectious diseases_influenza_40_BGgpt.txt	disease	concept	3552	3556	грип
infectious diseases_influenza_40_BGgpt.txt	procedure	concept	3611	3632	симптоматична терапия
infectious diseases_influenza_40_BGgpt.txt	disease	concept	3714	3724	инфекцията
infectious diseases_influenza_41_BGgpt.txt	symptom	concept	418	428	главоболие
infectious diseases_influenza_41_BGgpt.txt	symptom	concept	430	444	мускулни болки
infectious diseases_influenza_41_BGgpt.txt	disease	concept	552	561	Influenza
infectious diseases_influenza_41_BGgpt.txt	disease	concept	664	668	грип
infectious diseases_influenza_41_BGgpt.txt	disease	concept	814	824	грип тип А
infectious diseases_influenza_41_BGgpt.txt	medication	concept	1225	1236	озелтамивир
infectious diseases_influenza_41_BGgpt.txt	procedure	concept	1357	1373	кислородотерапия
infectious diseases_influenza_41_BGgpt.txt	symptom	concept	1448	1461	температурата
infectious diseases_influenza_41_BGgpt.txt	symptom	concept	1464	1480	мускулните болки
infectious diseases_influenza_41_BGgpt.txt	medication	concept	1492	1503	парацетамол
infectious diseases_influenza_41_BGgpt.txt	medication	concept	1554	1561	аспирин
infectious diseases_influenza_41_BGgpt.txt	disease	concept	1577	1592	синдром на Рейе
infectious diseases_influenza_41_BGgpt.txt	symptom	concept	1863	1872	кашлицата
infectious diseases_influenza_41_BGgpt.txt	medication	concept	1905	1916	Озелтамивир
infectious diseases_influenza_41_BGgpt.txt	medication	concept	2299	2310	озелтамивир
infectious diseases_influenza_41_BGgpt.txt	symptom	concept	2488	2498	обърканост
infectious diseases_influenza_41_BGgpt.txt	disease	concept	2858	2868	грип тип А
infectious diseases_influenza_41_BGgpt.txt	medication	concept	2895	2902	тамивир
infectious diseases_influenza_42_BGgpt.txt	disease	concept	393	397	грип
infectious diseases_influenza_42_BGgpt.txt	symptom	concept	411	429	висока температура
infectious diseases_influenza_42_BGgpt.txt	symptom	concept	431	438	кашлица
infectious diseases_influenza_42_BGgpt.txt	symptom	concept	457	474	болки в мускулите
infectious diseases_influenza_42_BGgpt.txt	symptom	concept	477	488	отпадналост
infectious diseases_influenza_42_BGgpt.txt	symptom	concept	979	988	пневмония
infectious diseases_influenza_42_BGgpt.txt	disease	concept	1116	1120	грип
infectious diseases_influenza_42_BGgpt.txt	procedure	concept	1224	1245	антивирусното лечение
infectious diseases_influenza_42_BGgpt.txt	disease	concept	1276	1282	Грип А
infectious diseases_influenza_42_BGgpt.txt	procedure	concept	1393	1412	антивирусно лечение
infectious diseases_influenza_42_BGgpt.txt	medication	concept	1497	1508	Оселтамивир
infectious diseases_influenza_42_BGgpt.txt	symptom	concept	1723	1736	температурата
infectious diseases_influenza_42_BGgpt.txt	medication	concept	1823	1834	парацетамол
infectious diseases_influenza_42_BGgpt.txt	medication	concept	1902	1909	Аспирин
infectious diseases_influenza_42_BGgpt.txt	disease	concept	1973	1987	синдром на Рей
infectious diseases_influenza_42_BGgpt.txt	disease	concept	2238	2250	хипоксемията
infectious diseases_influenza_42_BGgpt.txt	disease	concept	2301	2330	вторични бактериални инфекции
infectious diseases_influenza_42_BGgpt.txt	medication	concept	2531	2542	Оселтамивир
infectious diseases_influenza_42_BGgpt.txt	medication	concept	2888	2899	Оселтамивир
infectious diseases_influenza_42_BGgpt.txt	medication	concept	2991	3002	Парацетамол
infectious diseases_influenza_42_BGgpt.txt	symptom	concept	3049	3060	температура
infectious diseases_influenza_42_BGgpt.txt	symptom	concept	3197	3208	температура
infectious diseases_influenza_42_BGgpt.txt	disease	concept	3271	3275	грип
infectious diseases_influenza_42_BGgpt.txt	disease	concept	3501	3505	грип
infectious diseases_influenza_42_BGgpt.txt	disease	concept	3873	3877	грип
infectious diseases_influenza_43_BGgpt.txt	disease	concept	340	344	грип
infectious diseases_influenza_43_BGgpt.txt	symptom	concept	376	383	кашлица
infectious diseases_influenza_43_BGgpt.txt	symptom	concept	402	419	болки в мускулите
infectious diseases_influenza_43_BGgpt.txt	disease	concept	476	480	грип
infectious diseases_influenza_43_BGgpt.txt	disease	concept	558	562	грип
infectious diseases_influenza_43_BGgpt.txt	disease	concept	676	680	грип
infectious diseases_influenza_43_BGgpt.txt	disease	concept	814	818	грип
infectious diseases_influenza_43_BGgpt.txt	procedure	concept	904	922	пулсова оксиметрия
infectious diseases_influenza_43_BGgpt.txt	procedure	concept	968	982	рентгенография
infectious diseases_influenza_43_BGgpt.txt	disease	concept	1185	1189	грип
infectious diseases_influenza_43_BGgpt.txt	medication	concept	1304	1315	Оселтамивир
infectious diseases_influenza_43_BGgpt.txt	symptom	concept	1434	1445	температура
infectious diseases_influenza_43_BGgpt.txt	medication	concept	1480	1487	аспирин
infectious diseases_influenza_43_BGgpt.txt	medication	concept	1522	1534	Ацетаминофен
infectious diseases_influenza_43_BGgpt.txt	procedure	concept	1656	1672	кислородотерапия
infectious diseases_influenza_43_BGgpt.txt	procedure	concept	1777	1789	хидратацията
infectious diseases_influenza_43_BGgpt.txt	procedure	concept	1923	1937	рентгенография
infectious diseases_influenza_43_BGgpt.txt	procedure	concept	1952	1970	пулсова оксиметрия
infectious diseases_influenza_43_BGgpt.txt	symptom	concept	2186	2199	температурата
infectious diseases_influenza_43_BGgpt.txt	symptom	concept	2216	2225	кашлицата
infectious diseases_influenza_43_BGgpt.txt	disease	concept	2391	2395	грип
infectious diseases_influenza_43_BGgpt.txt	disease	concept	2477	2483	вируса
infectious diseases_influenza_43_BGgpt.txt	medication	concept	2754	2784	температуропонижаващи средства
infectious diseases_influenza_43_BGgpt.txt	disease	concept	2829	2835	вируса
infectious diseases_influenza_43_BGgpt.txt	disease	concept	3014	3026	заболяването
infectious diseases_influenza_43_BGgpt.txt	medication	concept	3064	3075	Оселтамивир
infectious diseases_influenza_43_BGgpt.txt	medication	concept	3145	3157	Ацетаминофен
infectious diseases_influenza_43_BGgpt.txt	symptom	concept	3204	3215	температура
infectious diseases_influenza_43_BGgpt.txt	disease	concept	3373	3378	грипа
infectious diseases_influenza_43_BGgpt.txt	symptom	concept	3508	3523	болка в гърдите
infectious diseases_influenza_43_BGgpt.txt	symptom	concept	3566	3578	дехидратация
infectious diseases_influenza_43_BGgpt.txt	disease	concept	3650	3654	грип
infectious diseases_influenza_43_BGgpt.txt	medication	concept	3726	3737	Оселтамивир
infectious diseases_influenza_44_BGgpt.txt	disease	concept	222	226	Грип
infectious diseases_influenza_44_BGgpt.txt	symptom	concept	410	417	кашлица
infectious diseases_influenza_44_BGgpt.txt	disease	concept	523	527	грип
infectious diseases_influenza_44_BGgpt.txt	disease	concept	816	822	грип А
infectious diseases_influenza_44_BGgpt.txt	disease	concept	950	956	грип А
infectious diseases_influenza_44_BGgpt.txt	procedure	concept	970	984	рентгенография
infectious diseases_influenza_44_BGgpt.txt	procedure	concept	999	1017	пулсова оксиметрия
infectious diseases_influenza_44_BGgpt.txt	disease	concept	1147	1163	грипна пневмония
infectious diseases_influenza_44_BGgpt.txt	disease	concept	1432	1438	грип А
infectious diseases_influenza_44_BGgpt.txt	medication	concept	1474	1485	Оселтамивир
infectious diseases_influenza_44_BGgpt.txt	symptom	concept	1609	1620	температура
infectious diseases_influenza_44_BGgpt.txt	medication	concept	1651	1662	Парацетамол
infectious diseases_influenza_44_BGgpt.txt	disease	concept	1746	1766	респираторен дистрес
infectious diseases_influenza_44_BGgpt.txt	medication	concept	1821	1842	интравенозни течности
infectious diseases_influenza_44_BGgpt.txt	medication	concept	2253	2264	Оселтамивир
infectious diseases_influenza_44_BGgpt.txt	symptom	concept	2348	2361	температурата
infectious diseases_influenza_44_BGgpt.txt	symptom	concept	2390	2399	кашлицата
infectious diseases_influenza_44_BGgpt.txt	symptom	concept	2840	2851	температура
infectious diseases_influenza_44_BGgpt.txt	symptom	concept	2853	2870	затруднено дишане
infectious diseases_influenza_44_BGgpt.txt	symptom	concept	2875	2890	болки в гърдите
infectious diseases_influenza_44_BGgpt.txt	disease	concept	3152	3162	инфекцията
infectious diseases_influenza_44_BGgpt.txt	disease	concept	3462	3466	грип
infectious diseases_influenza_44_BGgpt.txt	disease	concept	3527	3531	грип
infectious diseases_influenza_44_BGgpt.txt	medication	concept	3689	3698	ваксината
infectious diseases_influenza_44_BGgpt.txt	disease	concept	3804	3814	инфекцията
infectious diseases_influenza_44_BGgpt.txt	disease	concept	3877	3881	грип
infectious diseases_influenza_44_BGgpt.txt	medication	concept	3941	3952	Оселтамивир
infectious diseases_influenza_45_BGgpt.txt	disease	concept	283	287	Грип
infectious diseases_influenza_45_BGgpt.txt	symptom	concept	454	461	кашлица
infectious diseases_influenza_45_BGgpt.txt	disease	concept	539	543	грип
infectious diseases_influenza_45_BGgpt.txt	disease	concept	699	710	Инфлуенца А
infectious diseases_influenza_45_BGgpt.txt	procedure	concept	945	961	кислородотерапия
infectious diseases_influenza_45_BGgpt.txt	procedure	concept	1047	1061	рентгенография
infectious diseases_influenza_45_BGgpt.txt	symptom	concept	1161	1171	хипоксемия
infectious diseases_influenza_45_BGgpt.txt	disease	concept	1256	1267	Инфлуенца А
infectious diseases_influenza_45_BGgpt.txt	disease	concept	1332	1337	астма
infectious diseases_influenza_45_BGgpt.txt	medication	concept	1361	1372	Оселтамивир
infectious diseases_influenza_45_BGgpt.txt	medication	concept	1543	1555	ацетаминофен
infectious diseases_influenza_45_BGgpt.txt	medication	concept	1656	1663	Аспирин
infectious diseases_influenza_45_BGgpt.txt	disease	concept	1738	1752	синдром на Рей
infectious diseases_influenza_45_BGgpt.txt	symptom	concept	2098	2111	температурата
infectious diseases_influenza_45_BGgpt.txt	symptom	concept	2126	2135	кашлицата
infectious diseases_influenza_45_BGgpt.txt	symptom	concept	2145	2156	отпадналост
infectious diseases_influenza_45_BGgpt.txt	medication	concept	2211	2222	Оселтамивир
infectious diseases_influenza_45_BGgpt.txt	medication	concept	2312	2324	Ацетаминофен
infectious diseases_influenza_45_BGgpt.txt	symptom	concept	2363	2374	температура
infectious diseases_influenza_45_BGgpt.txt	symptom	concept	2379	2384	болка
infectious diseases_influenza_45_BGgpt.txt	medication	concept	2535	2546	Оселтамивир
infectious diseases_influenza_45_BGgpt.txt	medication	concept	2765	2798	температуропонижаващи медикаменти
infectious diseases_influenza_45_BGgpt.txt	disease	concept	3004	3008	грип
infectious diseases_influenza_45_BGgpt.txt	disease	concept	3161	3165	грип
infectious diseases_influenza_45_BGgpt.txt	disease	concept	3436	3447	Инфлуенца А
infectious diseases_influenza_45_BGgpt.txt	medication	concept	3497	3508	Оселтамивир
infectious diseases_influenza_45_BGgpt.txt	procedure	concept	3643	3660	антивирусния курс
infectious diseases_influenza_45_BGgpt.txt	disease	concept	3729	3733	грип
infectious diseases_influenza_46_BGgpt.txt	symptom	concept	369	380	температура
infectious diseases_influenza_46_BGgpt.txt	symptom	concept	388	402	мускулни болки
infectious diseases_influenza_46_BGgpt.txt	symptom	concept	404	411	кашлица
infectious diseases_influenza_46_BGgpt.txt	disease	concept	621	631	хипертония
infectious diseases_influenza_46_BGgpt.txt	medication	concept	648	659	медикаменти
infectious diseases_influenza_46_BGgpt.txt	disease	concept	697	701	грип
infectious diseases_influenza_46_BGgpt.txt	symptom	concept	959	974	сърдечни тонове
infectious diseases_influenza_46_BGgpt.txt	disease	concept	1046	1050	грип
infectious diseases_influenza_46_BGgpt.txt	disease	concept	1108	1112	грип
infectious diseases_influenza_46_BGgpt.txt	disease	concept	1135	1139	грип
infectious diseases_influenza_46_BGgpt.txt	disease	concept	1416	1422	грип А
infectious diseases_influenza_46_BGgpt.txt	medication	concept	1579	1590	Оселтамивир
infectious diseases_influenza_46_BGgpt.txt	medication	concept	1801	1812	Парацетамол
infectious diseases_influenza_46_BGgpt.txt	symptom	concept	1860	1873	температурата
infectious diseases_influenza_46_BGgpt.txt	symptom	concept	1876	1892	мускулните болки
infectious diseases_influenza_46_BGgpt.txt	medication	concept	1924	1931	аспирин
infectious diseases_influenza_46_BGgpt.txt	disease	concept	2116	2125	пневмония
infectious diseases_influenza_46_BGgpt.txt	symptom	concept	2293	2306	температурата
infectious diseases_influenza_46_BGgpt.txt	symptom	concept	2354	2363	кашлицата
infectious diseases_influenza_46_BGgpt.txt	symptom	concept	2366	2382	мускулните болки
infectious diseases_influenza_46_BGgpt.txt	symptom	concept	2473	2489	лека отпадналост
infectious diseases_influenza_46_BGgpt.txt	medication	concept	2553	2564	Оселтамивир
infectious diseases_influenza_46_BGgpt.txt	disease	concept	2880	2884	грип
infectious diseases_influenza_46_BGgpt.txt	disease	concept	3121	3125	грип
infectious diseases_influenza_46_BGgpt.txt	disease	concept	3221	3225	грип
infectious diseases_influenza_46_BGgpt.txt	medication	concept	3248	3259	Оселтамивир
infectious diseases_influenza_46_BGgpt.txt	procedure	concept	3262	3283	симптоматична терапия
infectious diseases_influenza_46_BGgpt.txt	procedure	concept	3415	3432	контролен преглед
infectious diseases_influenza_47_BGgpt.txt	disease	concept	279	283	Грип
infectious diseases_influenza_47_BGgpt.txt	symptom	concept	408	415	кашлица
infectious diseases_influenza_47_BGgpt.txt	symptom	concept	434	448	мускулни болки
infectious diseases_influenza_47_BGgpt.txt	disease	concept	681	698	грипно заболяване
infectious diseases_influenza_47_BGgpt.txt	disease	concept	857	863	грип А
infectious diseases_influenza_47_BGgpt.txt	disease	concept	988	1002	грипен вирус А
infectious diseases_influenza_47_BGgpt.txt	medication	concept	1334	1345	Озелтамивир
infectious diseases_influenza_47_BGgpt.txt	medication	concept	1449	1460	Парацетамол
infectious diseases_influenza_47_BGgpt.txt	symptom	concept	1465	1475	фебрилитет
infectious diseases_influenza_47_BGgpt.txt	symptom	concept	1478	1492	мускулни болки
infectious diseases_influenza_47_BGgpt.txt	disease	concept	1980	1993	грипния вирус
infectious diseases_influenza_47_BGgpt.txt	medication	concept	2095	2106	Озелтамивир
infectious diseases_influenza_47_BGgpt.txt	medication	concept	2276	2287	Озелтамивир
infectious diseases_influenza_47_BGgpt.txt	medication	concept	2492	2525	температуропонижаващи медикаменти
infectious diseases_influenza_47_BGgpt.txt	symptom	concept	2703	2720	затруднено дишане
infectious diseases_influenza_47_BGgpt.txt	symptom	concept	2739	2749	обърканост
infectious diseases_influenza_47_BGgpt.txt	medication	concept	2814	2825	Озелтамивир
infectious diseases_influenza_47_BGgpt.txt	medication	concept	2895	2906	Парацетамол
infectious diseases_influenza_47_BGgpt.txt	symptom	concept	2946	2957	температура
infectious diseases_influenza_47_BGgpt.txt	symptom	concept	2962	2967	болка
infectious diseases_influenza_47_BGgpt.txt	disease	concept	3196	3213	грипната инфекция
infectious diseases_influenza_48_BGgpt.txt	symptom	concept	428	439	температура
infectious diseases_influenza_48_BGgpt.txt	symptom	concept	441	448	кашлица
infectious diseases_influenza_48_BGgpt.txt	symptom	concept	461	472	отпадналост
infectious diseases_influenza_48_BGgpt.txt	disease	concept	542	548	грипът
infectious diseases_influenza_48_BGgpt.txt	disease	concept	618	622	грип
infectious diseases_influenza_48_BGgpt.txt	disease	concept	1126	1130	грип
infectious diseases_influenza_48_BGgpt.txt	disease	concept	1283	1289	грип А
infectious diseases_influenza_48_BGgpt.txt	procedure	concept	1357	1375	пулсова оксиметрия
infectious diseases_influenza_48_BGgpt.txt	symptom	concept	1390	1403	лека хипоксия
infectious diseases_influenza_48_BGgpt.txt	procedure	concept	1422	1436	рентгенография
infectious diseases_influenza_48_BGgpt.txt	symptom	concept	1478	1487	пневмония
infectious diseases_influenza_48_BGgpt.txt	medication	concept	1626	1637	озелтамивир
infectious diseases_influenza_48_BGgpt.txt	medication	concept	1809	1820	парацетамол
infectious diseases_influenza_48_BGgpt.txt	medication	concept	1884	1891	аспирин
infectious diseases_influenza_48_BGgpt.txt	disease	concept	1917	1932	синдром на Рейе
infectious diseases_influenza_48_BGgpt.txt	medication	concept	2635	2646	озелтамивир
infectious diseases_influenza_48_BGgpt.txt	medication	concept	2819	2830	парацетамол
infectious diseases_influenza_48_BGgpt.txt	procedure	concept	3026	3043	контролен преглед
infectious diseases_influenza_48_BGgpt.txt	medication	concept	3153	3164	Озелтамивир
infectious diseases_influenza_48_BGgpt.txt	medication	concept	3254	3265	Парацетамол
infectious diseases_influenza_48_BGgpt.txt	symptom	concept	3312	3323	температура
infectious diseases_influenza_48_BGgpt.txt	symptom	concept	3328	3333	болка
infectious diseases_influenza_48_BGgpt.txt	symptom	concept	3577	3582	задух
infectious diseases_influenza_49_BGgpt.txt	symptom	concept	389	396	кашлица
infectious diseases_influenza_49_BGgpt.txt	symptom	concept	398	412	мускулни болки
infectious diseases_influenza_49_BGgpt.txt	disease	concept	448	452	грип
infectious diseases_influenza_49_BGgpt.txt	disease	concept	921	925	грип
infectious diseases_influenza_49_BGgpt.txt	disease	concept	952	958	грип А
infectious diseases_influenza_49_BGgpt.txt	disease	concept	1085	1091	грип А
infectious diseases_influenza_49_BGgpt.txt	symptom	concept	1300	1310	хипоксемия
infectious diseases_influenza_49_BGgpt.txt	medication	concept	1386	1397	Озелтамивир
infectious diseases_influenza_49_BGgpt.txt	medication	concept	1700	1711	Парацетамол
infectious diseases_influenza_49_BGgpt.txt	symptom	concept	1729	1743	мускулни болки
infectious diseases_influenza_49_BGgpt.txt	medication	concept	1782	1789	Аспирин
infectious diseases_influenza_49_BGgpt.txt	symptom	concept	2165	2174	кашлицата
infectious diseases_influenza_49_BGgpt.txt	symptom	concept	2177	2190	отпадналостта
infectious diseases_influenza_49_BGgpt.txt	medication	concept	2599	2610	Озелтамивир
infectious diseases_influenza_49_BGgpt.txt	medication	concept	2869	2880	Озелтамивир
infectious diseases_influenza_49_BGgpt.txt	medication	concept	2950	2961	Парацетамол
infectious diseases_influenza_49_BGgpt.txt	symptom	concept	3008	3019	температура
infectious diseases_influenza_49_BGgpt.txt	symptom	concept	3024	3029	болка
infectious diseases_influenza_4_BGgpt.txt	disease	concept	248	267	инфекциозни болести
infectious diseases_influenza_4_BGgpt.txt	symptom	concept	368	382	мускулни болки
infectious diseases_influenza_4_BGgpt.txt	symptom	concept	384	391	кашлица
infectious diseases_influenza_4_BGgpt.txt	disease	concept	441	445	грип
infectious diseases_influenza_4_BGgpt.txt	disease	concept	485	500	грипна инфекция
infectious diseases_influenza_4_BGgpt.txt	disease	concept	643	665	инфекциозно заболяване
infectious diseases_influenza_4_BGgpt.txt	medication	concept	733	745	ацетаминофен
infectious diseases_influenza_4_BGgpt.txt	disease	concept	1022	1026	грип
infectious diseases_influenza_4_BGgpt.txt	disease	concept	1065	1071	Грип А
infectious diseases_influenza_4_BGgpt.txt	disease	concept	1305	1316	Грип А H1N1
infectious diseases_influenza_4_BGgpt.txt	medication	concept	1468	1480	оселетамивир
infectious diseases_influenza_4_BGgpt.txt	disease	concept	1631	1638	кашлица
infectious diseases_influenza_4_BGgpt.txt	symptom	concept	1656	1666	хидратация
infectious diseases_influenza_4_BGgpt.txt	symptom	concept	1824	1833	кашлицата
infectious diseases_influenza_4_BGgpt.txt	symptom	concept	1836	1852	мускулните болки
infectious diseases_influenza_4_BGgpt.txt	disease	concept	2110	2125	грипни инфекции
infectious diseases_influenza_4_BGgpt.txt	medication	concept	2192	2204	оселетамивир
infectious diseases_influenza_4_BGgpt.txt	medication	concept	2525	2537	антипиретици
infectious diseases_influenza_4_BGgpt.txt	disease	concept	2585	2595	инфекцията
infectious diseases_influenza_4_BGgpt.txt	symptom	concept	2996	3005	замайване
infectious diseases_influenza_4_BGgpt.txt	medication	concept	3101	3113	Оселетамивир
infectious diseases_influenza_4_BGgpt.txt	medication	concept	3185	3197	Ацетаминофен
infectious diseases_influenza_4_BGgpt.txt	procedure	concept	3404	3425	антивирусната терапия
infectious diseases_influenza_5_BGgpt.txt	symptom	concept	458	469	температура
infectious diseases_influenza_5_BGgpt.txt	symptom	concept	471	478	кашлица
infectious diseases_influenza_5_BGgpt.txt	symptom	concept	486	500	мускулни болки
infectious diseases_influenza_5_BGgpt.txt	disease	concept	580	584	грип
infectious diseases_influenza_5_BGgpt.txt	disease	concept	624	628	грип
infectious diseases_influenza_5_BGgpt.txt	medication	concept	738	747	албутерол
infectious diseases_influenza_5_BGgpt.txt	disease	concept	804	808	грип
infectious diseases_influenza_5_BGgpt.txt	disease	concept	813	834	пневмококова инфекция
infectious diseases_influenza_5_BGgpt.txt	disease	concept	1049	1053	грип
infectious diseases_influenza_5_BGgpt.txt	disease	concept	1078	1088	Грип тип А
infectious diseases_influenza_5_BGgpt.txt	disease	concept	1210	1220	Грип тип А
infectious diseases_influenza_5_BGgpt.txt	procedure	concept	1313	1331	пулсова оксиметрия
infectious diseases_influenza_5_BGgpt.txt	procedure	concept	1435	1454	антивирусно лечение
infectious diseases_influenza_5_BGgpt.txt	medication	concept	1553	1564	Озелтамивир
infectious diseases_influenza_5_BGgpt.txt	disease	concept	1699	1704	астма
infectious diseases_influenza_5_BGgpt.txt	medication	concept	1706	1715	Занамивир
infectious diseases_influenza_5_BGgpt.txt	disease	concept	1757	1769	бронхоспазъм
infectious diseases_influenza_5_BGgpt.txt	medication	concept	1805	1817	Ацетаминофен
infectious diseases_influenza_5_BGgpt.txt	symptom	concept	1844	1855	температура
infectious diseases_influenza_5_BGgpt.txt	procedure	concept	2532	2546	рентгенографии
infectious diseases_influenza_5_BGgpt.txt	medication	concept	2676	2687	Озелтамивир
infectious diseases_influenza_5_BGgpt.txt	medication	concept	2855	2866	Озелтамивир
infectious diseases_influenza_5_BGgpt.txt	symptom	concept	2889	2910	телесната температура
infectious diseases_influenza_5_BGgpt.txt	disease	concept	3228	3249	пневмококови инфекции
infectious diseases_influenza_5_BGgpt.txt	medication	concept	3289	3300	Озелтамивир
infectious diseases_influenza_5_BGgpt.txt	medication	concept	3353	3365	Ацетаминофен
infectious diseases_influenza_5_BGgpt.txt	symptom	concept	3386	3397	температура
infectious diseases_influenza_5_BGgpt.txt	symptom	concept	3402	3407	болка
infectious diseases_influenza_5_BGgpt.txt	symptom	concept	3859	3877	остатъчни симптоми
infectious diseases_influenza_5_BGgpt.txt	disease	concept	3963	3973	Грип тип А
infectious diseases_influenza_5_BGgpt.txt	procedure	concept	4028	4046	поддържаща терапия
infectious diseases_influenza_5_BGgpt.txt	symptom	concept	4137	4150	температурата
infectious diseases_influenza_5_BGgpt.txt	procedure	concept	4346	4356	ваксинация
infectious diseases_influenza_6_BGgpt.txt	symptom	concept	395	406	температура
infectious diseases_influenza_6_BGgpt.txt	symptom	concept	408	415	кашлица
infectious diseases_influenza_6_BGgpt.txt	symptom	concept	417	432	възпалено гърло
infectious diseases_influenza_6_BGgpt.txt	disease	concept	654	658	грип
infectious diseases_influenza_6_BGgpt.txt	medication	concept	762	793	температуропонижаващи лекарства
infectious diseases_influenza_6_BGgpt.txt	procedure	concept	890	909	болнично изследване
infectious diseases_influenza_6_BGgpt.txt	symptom	concept	1131	1136	хрема
infectious diseases_influenza_6_BGgpt.txt	disease	concept	1315	1319	грип
infectious diseases_influenza_6_BGgpt.txt	disease	concept	1336	1342	Грип А
infectious diseases_influenza_6_BGgpt.txt	procedure	concept	1397	1411	Рентгенография
infectious diseases_influenza_6_BGgpt.txt	disease	concept	1567	1573	Грип А
infectious diseases_influenza_6_BGgpt.txt	symptom	concept	1739	1751	дехидратация
infectious diseases_influenza_6_BGgpt.txt	medication	concept	1893	1904	парацетамол
infectious diseases_influenza_6_BGgpt.txt	medication	concept	2109	2120	Озелтамивир
infectious diseases_influenza_6_BGgpt.txt	symptom	concept	2369	2376	кашлица
infectious diseases_influenza_6_BGgpt.txt	symptom	concept	2638	2647	сатурация
infectious diseases_influenza_6_BGgpt.txt	medication	concept	2788	2799	Озелтамивир
infectious diseases_influenza_6_BGgpt.txt	disease	concept	3012	3016	грип
infectious diseases_influenza_6_BGgpt.txt	symptom	concept	3101	3107	дишане
infectious diseases_influenza_6_BGgpt.txt	disease	concept	3586	3592	Грип А
infectious diseases_influenza_6_BGgpt.txt	procedure	concept	3684	3694	хидратация
infectious diseases_influenza_6_BGgpt.txt	procedure	concept	3697	3714	контролен преглед
infectious diseases_influenza_7_BGgpt.txt	disease	concept	266	270	Грип
infectious diseases_influenza_7_BGgpt.txt	symptom	concept	448	455	кашлица
infectious diseases_influenza_7_BGgpt.txt	symptom	concept	493	504	отпадналост
infectious diseases_influenza_7_BGgpt.txt	disease	concept	625	629	грип
infectious diseases_influenza_7_BGgpt.txt	disease	concept	697	701	грип
infectious diseases_influenza_7_BGgpt.txt	disease	concept	766	770	грип
infectious diseases_influenza_7_BGgpt.txt	disease	concept	807	811	Грип
infectious diseases_influenza_7_BGgpt.txt	disease	concept	987	993	Грип А
infectious diseases_influenza_7_BGgpt.txt	procedure	concept	1067	1086	антивирусно лечение
infectious diseases_influenza_7_BGgpt.txt	disease	concept	1176	1182	Грип А
infectious diseases_influenza_7_BGgpt.txt	disease	concept	1202	1206	грип
infectious diseases_influenza_7_BGgpt.txt	disease	concept	1218	1224	Грип А
infectious diseases_influenza_7_BGgpt.txt	symptom	concept	1329	1338	пневмония
infectious diseases_influenza_7_BGgpt.txt	disease	concept	1365	1381	вирусна инфекция
infectious diseases_influenza_7_BGgpt.txt	disease	concept	1458	1464	Грип А
infectious diseases_influenza_7_BGgpt.txt	medication	concept	1514	1525	Озелтамивир
infectious diseases_influenza_7_BGgpt.txt	procedure	concept	1755	1765	хидратация
infectious diseases_influenza_7_BGgpt.txt	medication	concept	1777	1789	антипиретици
infectious diseases_influenza_7_BGgpt.txt	medication	concept	1791	1802	Парацетамол
infectious diseases_influenza_7_BGgpt.txt	symptom	concept	1820	1831	температура
infectious diseases_influenza_7_BGgpt.txt	medication	concept	1895	1902	аспирин
infectious diseases_influenza_7_BGgpt.txt	symptom	concept	2065	2078	Температурата
infectious diseases_influenza_7_BGgpt.txt	symptom	concept	2128	2137	кашлицата
infectious diseases_influenza_7_BGgpt.txt	medication	concept	2403	2414	Озелтамивир
infectious diseases_influenza_7_BGgpt.txt	medication	concept	2990	3002	антипиретици
infectious diseases_influenza_7_BGgpt.txt	disease	concept	3128	3134	вируса
infectious diseases_influenza_7_BGgpt.txt	disease	concept	3199	3205	Грип А
infectious diseases_influenza_7_BGgpt.txt	procedure	concept	3361	3374	домашни грижи
infectious diseases_influenza_8_BGgpt.txt	symptom	concept	386	400	мускулни болки
infectious diseases_influenza_8_BGgpt.txt	symptom	concept	402	409	кашлица
infectious diseases_influenza_8_BGgpt.txt	disease	concept	621	625	грип
infectious diseases_influenza_8_BGgpt.txt	symptom	concept	646	657	температура
infectious diseases_influenza_8_BGgpt.txt	symptom	concept	659	666	кашлица
infectious diseases_influenza_8_BGgpt.txt	symptom	concept	669	676	миалгия
infectious diseases_influenza_8_BGgpt.txt	disease	concept	740	744	грип
infectious diseases_influenza_8_BGgpt.txt	disease	concept	932	938	грип А
infectious diseases_influenza_8_BGgpt.txt	disease	concept	1092	1097	грипа
infectious diseases_influenza_8_BGgpt.txt	disease	concept	1103	1107	H3N2
infectious diseases_influenza_8_BGgpt.txt	procedure	concept	1407	1426	антивирусна терапия
infectious diseases_influenza_8_BGgpt.txt	medication	concept	1484	1495	оселтамивир
infectious diseases_influenza_8_BGgpt.txt	medication	concept	1714	1725	парацетамол
infectious diseases_influenza_8_BGgpt.txt	medication	concept	1825	1832	Аспирин
infectious diseases_influenza_8_BGgpt.txt	disease	concept	1894	1908	синдром на Рей
infectious diseases_influenza_8_BGgpt.txt	symptom	concept	2331	2340	кашлицата
infectious diseases_influenza_8_BGgpt.txt	symptom	concept	2343	2352	миалгията
infectious diseases_influenza_8_BGgpt.txt	medication	concept	2393	2404	оселтамивир
infectious diseases_influenza_8_BGgpt.txt	medication	concept	2857	2868	парацетамол
infectious diseases_influenza_8_BGgpt.txt	disease	concept	3444	3448	грип
infectious diseases_influenza_8_BGgpt.txt	disease	concept	3661	3667	грип А
infectious diseases_influenza_8_BGgpt.txt	medication	concept	3720	3731	оселтамивир
infectious diseases_influenza_9_BGgpt.txt	disease	concept	243	262	Инфекциозни болести
infectious diseases_influenza_9_BGgpt.txt	symptom	concept	379	389	главоболие
infectious diseases_influenza_9_BGgpt.txt	symptom	concept	391	405	мускулни болки
infectious diseases_influenza_9_BGgpt.txt	symptom	concept	407	414	кашлица
infectious diseases_influenza_9_BGgpt.txt	disease	concept	593	616	грипоподобно заболяване
infectious diseases_influenza_9_BGgpt.txt	disease	concept	808	812	грип
infectious diseases_influenza_9_BGgpt.txt	disease	concept	870	885	грипна епидемия
infectious diseases_influenza_9_BGgpt.txt	medication	concept	1047	1068	противогрипна ваксина
infectious diseases_influenza_9_BGgpt.txt	symptom	concept	1262	1277	дифузни хрипове
infectious diseases_influenza_9_BGgpt.txt	symptom	concept	1312	1327	сърдечни тонове
infectious diseases_influenza_9_BGgpt.txt	disease	concept	1369	1376	цианоза
infectious diseases_influenza_9_BGgpt.txt	disease	concept	1575	1591	Инфлуенца А H3N2
infectious diseases_influenza_9_BGgpt.txt	procedure	concept	1644	1658	Рентгенография
infectious diseases_influenza_9_BGgpt.txt	procedure	concept	1794	1812	Пулсова оксиметрия
infectious diseases_influenza_9_BGgpt.txt	medication	concept	1898	1909	Озелтамивир
infectious diseases_influenza_9_BGgpt.txt	medication	concept	2125	2136	парацетамол
infectious diseases_influenza_9_BGgpt.txt	procedure	concept	2253	2271	пулсова оксиметрия
infectious diseases_influenza_9_BGgpt.txt	symptom	concept	2432	2444	дехидратация
infectious diseases_influenza_9_BGgpt.txt	procedure	concept	2573	2592	антивирусно лечение
infectious diseases_influenza_9_BGgpt.txt	symptom	concept	2701	2714	температурата
infectious diseases_influenza_9_BGgpt.txt	medication	concept	3070	3081	парацетамол
infectious diseases_influenza_9_BGgpt.txt	disease	concept	3113	3120	миалгии
infectious diseases_influenza_9_BGgpt.txt	medication	concept	3334	3367	температуропонижаващи медикаменти
infectious diseases_influenza_9_BGgpt.txt	disease	concept	3605	3609	грип
infectious diseases_influenza_9_BGgpt.txt	disease	concept	3782	3786	грип
infectious diseases_influenza_9_BGgpt.txt	disease	concept	3933	3944	Инфлуенца А
infectious diseases_influenza_9_BGgpt.txt	medication	concept	4020	4031	Озелтамивир
neurology_intracerebral hemorrhage_0_BGgpt.txt	medication	concept	564	574	Лизиноприл
neurology_intracerebral hemorrhage_0_BGgpt.txt	medication	concept	616	630	антикоагуланти
neurology_intracerebral hemorrhage_0_BGgpt.txt	medication	concept	635	648	антиагреганти
neurology_intracerebral hemorrhage_0_BGgpt.txt	symptom	concept	1030	1045	активно кървене
neurology_intracerebral hemorrhage_0_BGgpt.txt	medication	concept	1170	1186	антикоагулантите
neurology_intracerebral hemorrhage_0_BGgpt.txt	medication	concept	1189	1204	антиагрегантите
neurology_intracerebral hemorrhage_0_BGgpt.txt	medication	concept	1289	1301	никокардипин
neurology_intracerebral hemorrhage_0_BGgpt.txt	procedure	concept	1650	1672	хирургична интервенция
neurology_intracerebral hemorrhage_0_BGgpt.txt	disease	concept	1731	1750	церебрални хематоми
neurology_intracerebral hemorrhage_0_BGgpt.txt	disease	concept	1764	1780	лобарни хематоми
neurology_intracerebral hemorrhage_0_BGgpt.txt	disease	concept	1883	1895	хидроцефалия
neurology_intracerebral hemorrhage_0_BGgpt.txt	medication	concept	2125	2138	никокардипина
neurology_intracerebral hemorrhage_0_BGgpt.txt	medication	concept	2614	2624	Лизиноприл
neurology_intracerebral hemorrhage_0_BGgpt.txt	disease	concept	2660	2670	хипертония
neurology_intracerebral hemorrhage_0_BGgpt.txt	medication	concept	2688	2700	никокардипин
neurology_intracerebral hemorrhage_0_BGgpt.txt	medication	concept	2816	2841	антиепилептични лекарства
neurology_intracerebral hemorrhage_0_BGgpt.txt	procedure	concept	3323	3337	физиотерапията
neurology_intracerebral hemorrhage_0_BGgpt.txt	procedure	concept	3629	3641	физиотерапия
neurology_intracerebral hemorrhage_0_BGgpt.txt	symptom	concept	3730	3740	главоболие
neurology_intracerebral hemorrhage_0_BGgpt.txt	symptom	concept	3742	3749	слабост
neurology_intracerebral hemorrhage_0_BGgpt.txt	disease	concept	3915	3927	хипертонията
neurology_intracerebral hemorrhage_0_BGgpt.txt	disease	concept	4359	4382	вътремозъчен кръвоизлив
neurology_intracerebral hemorrhage_0_BGgpt.txt	procedure	concept	4411	4432	хирургично наблюдение
neurology_intracerebral hemorrhage_0_BGgpt.txt	procedure	concept	4445	4468	рехабилитационни усилия
neurology_intracerebral hemorrhage_0_BGgpt.txt	disease	concept	4617	4639	потенциални усложнения
neurology_intracerebral hemorrhage_10_BGgpt.txt	symptom	concept	334	344	главоболие
neurology_intracerebral hemorrhage_10_BGgpt.txt	disease	concept	431	441	хипертония
neurology_intracerebral hemorrhage_10_BGgpt.txt	disease	concept	610	624	хипогликемията
neurology_intracerebral hemorrhage_10_BGgpt.txt	procedure	concept	707	732	коагулационни изследвания
neurology_intracerebral hemorrhage_10_BGgpt.txt	medication	concept	1145	1160	антикоагулантни
neurology_intracerebral hemorrhage_10_BGgpt.txt	medication	concept	1163	1189	антиагрегантни медикаменти
neurology_intracerebral hemorrhage_10_BGgpt.txt	disease	concept	1323	1335	хипертонията
neurology_intracerebral hemorrhage_10_BGgpt.txt	medication	concept	1372	1382	никакардин
neurology_intracerebral hemorrhage_10_BGgpt.txt	procedure	concept	2003	2023	хирургична евакуация
neurology_intracerebral hemorrhage_10_BGgpt.txt	symptom	concept	2105	2112	гърчове
neurology_intracerebral hemorrhage_10_BGgpt.txt	procedure	concept	2200	2212	физиотерапия
neurology_intracerebral hemorrhage_10_BGgpt.txt	procedure	concept	2215	2228	кинезитерапия
neurology_intracerebral hemorrhage_10_BGgpt.txt	medication	concept	2335	2344	Амлодипин
neurology_intracerebral hemorrhage_10_BGgpt.txt	medication	concept	2404	2414	Никакардин
neurology_intracerebral hemorrhage_10_BGgpt.txt	medication	concept	2491	2502	Пантопразол
neurology_intracerebral hemorrhage_10_BGgpt.txt	procedure	concept	2573	2600	рехабилитационни упражнения
neurology_intracerebral hemorrhage_10_BGgpt.txt	symptom	concept	2811	2822	кръвоизлива
neurology_intracerebral hemorrhage_10_BGgpt.txt	medication	concept	2837	2864	антихипертензивната терапия
neurology_intracerebral hemorrhage_10_BGgpt.txt	disease	concept	3014	3021	рецидив
neurology_intracerebral hemorrhage_10_BGgpt.txt	symptom	concept	3097	3119	неврологично влошаване
neurology_intracerebral hemorrhage_10_BGgpt.txt	disease	concept	3293	3305	хипертонията
neurology_intracerebral hemorrhage_10_BGgpt.txt	symptom	concept	3718	3741	вътречерепен кръвоизлив
neurology_intracerebral hemorrhage_11_BGgpt.txt	disease	concept	368	389	артериална хипертония
neurology_intracerebral hemorrhage_11_BGgpt.txt	symptom	concept	392	410	предсърдно мъждене
neurology_intracerebral hemorrhage_11_BGgpt.txt	symptom	concept	495	505	главоболие
neurology_intracerebral hemorrhage_11_BGgpt.txt	medication	concept	580	589	Апиксабан
neurology_intracerebral hemorrhage_11_BGgpt.txt	symptom	concept	685	708	вътремозъчен кръвоизлив
neurology_intracerebral hemorrhage_11_BGgpt.txt	medication	concept	1282	1297	Андоксанет алфа
neurology_intracerebral hemorrhage_11_BGgpt.txt	medication	concept	1443	1458	Андоксанет алфа
neurology_intracerebral hemorrhage_11_BGgpt.txt	medication	concept	1505	1514	Апиксабан
neurology_intracerebral hemorrhage_11_BGgpt.txt	medication	concept	1649	1661	Никокардипин
neurology_intracerebral hemorrhage_11_BGgpt.txt	procedure	concept	2121	2143	Хирургична интервенция
neurology_intracerebral hemorrhage_11_BGgpt.txt	medication	concept	2435	2444	Амлодипин
neurology_intracerebral hemorrhage_11_BGgpt.txt	medication	concept	2508	2520	Аторвастатин
neurology_intracerebral hemorrhage_11_BGgpt.txt	disease	concept	2556	2570	хиперлипидемия
neurology_intracerebral hemorrhage_11_BGgpt.txt	disease	concept	2589	2603	мозъчен инсулт
neurology_intracerebral hemorrhage_11_BGgpt.txt	medication	concept	2611	2624	Леветирацетам
neurology_intracerebral hemorrhage_11_BGgpt.txt	symptom	concept	3884	3896	главоболието
neurology_intracerebral hemorrhage_12_BGgpt.txt	disease	concept	250	273	Вътремозъчен кръвоизлив
neurology_intracerebral hemorrhage_12_BGgpt.txt	disease	concept	302	312	Хипертония
neurology_intracerebral hemorrhage_12_BGgpt.txt	disease	concept	395	405	хипертония
neurology_intracerebral hemorrhage_12_BGgpt.txt	symptom	concept	518	528	главоболие
neurology_intracerebral hemorrhage_12_BGgpt.txt	disease	concept	811	823	хипогликемия
neurology_intracerebral hemorrhage_12_BGgpt.txt	medication	concept	1360	1375	антикоагулантни
neurology_intracerebral hemorrhage_12_BGgpt.txt	medication	concept	1378	1405	антитромбоцитни медикаменти
neurology_intracerebral hemorrhage_12_BGgpt.txt	medication	concept	1444	1458	антикоагуланти
neurology_intracerebral hemorrhage_12_BGgpt.txt	medication	concept	1517	1535	реверсиращи агенти
neurology_intracerebral hemorrhage_12_BGgpt.txt	symptom	concept	1553	1574	артериалното налягане
neurology_intracerebral hemorrhage_12_BGgpt.txt	medication	concept	1646	1658	никокардипин
neurology_intracerebral hemorrhage_12_BGgpt.txt	symptom	concept	1785	1794	хипотония
neurology_intracerebral hemorrhage_12_BGgpt.txt	medication	concept	1876	1888	никокардипин
neurology_intracerebral hemorrhage_12_BGgpt.txt	procedure	concept	1933	1955	Хирургична интервенция
neurology_intracerebral hemorrhage_12_BGgpt.txt	symptom	concept	2073	2082	херниация
neurology_intracerebral hemorrhage_12_BGgpt.txt	medication	concept	2431	2442	цефтриаксон
neurology_intracerebral hemorrhage_12_BGgpt.txt	medication	concept	2541	2553	Никокардипин
neurology_intracerebral hemorrhage_12_BGgpt.txt	disease	concept	2590	2600	хипертония
neurology_intracerebral hemorrhage_12_BGgpt.txt	medication	concept	2607	2616	Амлодипин
neurology_intracerebral hemorrhage_12_BGgpt.txt	medication	concept	2714	2725	Пантопразол
neurology_intracerebral hemorrhage_12_BGgpt.txt	procedure	concept	2759	2774	гастропротекция
neurology_intracerebral hemorrhage_12_BGgpt.txt	disease	concept	3315	3327	хипертонията
neurology_intracerebral hemorrhage_12_BGgpt.txt	disease	concept	3358	3381	вътремозъчен кръвоизлив
neurology_intracerebral hemorrhage_12_BGgpt.txt	disease	concept	3436	3459	вътремозъчен кръвоизлив
neurology_intracerebral hemorrhage_12_BGgpt.txt	procedure	concept	3585	3607	хирургична интервенция
neurology_intracerebral hemorrhage_13_BGgpt.txt	disease	concept	4	12	Епикриза
neurology_intracerebral hemorrhage_13_BGgpt.txt	disease	concept	480	501	артериална хипертония
neurology_intracerebral hemorrhage_13_BGgpt.txt	disease	concept	504	524	захарен диабет тип 2
neurology_intracerebral hemorrhage_13_BGgpt.txt	symptom	concept	693	699	травма
neurology_intracerebral hemorrhage_13_BGgpt.txt	medication	concept	725	739	антикоагуланти
neurology_intracerebral hemorrhage_13_BGgpt.txt	disease	concept	1463	1486	интрацеребрален хематом
neurology_intracerebral hemorrhage_13_BGgpt.txt	medication	concept	1642	1652	Никардипин
neurology_intracerebral hemorrhage_13_BGgpt.txt	medication	concept	2557	2567	Никардипин
neurology_intracerebral hemorrhage_13_BGgpt.txt	medication	concept	2665	2677	Аторвастатин
neurology_intracerebral hemorrhage_13_BGgpt.txt	medication	concept	2771	2780	Метформин
neurology_intracerebral hemorrhage_13_BGgpt.txt	disease	concept	2820	2827	диабета
neurology_intracerebral hemorrhage_13_BGgpt.txt	medication	concept	2835	2842	Аспирин
neurology_intracerebral hemorrhage_13_BGgpt.txt	disease	concept	2876	2900	интрацеребралния хематом
neurology_intracerebral hemorrhage_13_BGgpt.txt	disease	concept	3401	3424	артериалната хипертония
neurology_intracerebral hemorrhage_13_BGgpt.txt	disease	concept	3427	3442	захарния диабет
neurology_intracerebral hemorrhage_13_BGgpt.txt	symptom	concept	3860	3869	слабостта
neurology_intracerebral hemorrhage_13_BGgpt.txt	symptom	concept	3874	3886	изтръпването
neurology_intracerebral hemorrhage_13_BGgpt.txt	symptom	concept	3922	3928	говора
neurology_intracerebral hemorrhage_13_BGgpt.txt	symptom	concept	3930	3940	обърканост
neurology_intracerebral hemorrhage_13_BGgpt.txt	symptom	concept	3945	3952	гърчове
neurology_intracerebral hemorrhage_13_BGgpt.txt	procedure	concept	4295	4320	амбулаторна рехабилитация
neurology_intracerebral hemorrhage_14_BGgpt.txt	disease	concept	4	12	Епикриза
neurology_intracerebral hemorrhage_14_BGgpt.txt	disease	concept	523	549	мозъчно-съдови заболявания
neurology_intracerebral hemorrhage_14_BGgpt.txt	disease	concept	913	925	хипогликемия
neurology_intracerebral hemorrhage_14_BGgpt.txt	medication	concept	1319	1327	антидоти
neurology_intracerebral hemorrhage_14_BGgpt.txt	medication	concept	1389	1401	никокардипин
neurology_intracerebral hemorrhage_14_BGgpt.txt	medication	concept	1655	1667	никокардипин
neurology_intracerebral hemorrhage_14_BGgpt.txt	medication	concept	2452	2479	противоепилептични средства
neurology_intracerebral hemorrhage_14_BGgpt.txt	medication	concept	2689	2701	Никокардипин
neurology_intracerebral hemorrhage_14_BGgpt.txt	medication	concept	2713	2751	перорален антихипертензивен медикамент
neurology_intracerebral hemorrhage_14_BGgpt.txt	medication	concept	2769	2778	амлодипин
neurology_intracerebral hemorrhage_14_BGgpt.txt	procedure	concept	2797	2809	Физиотерапия
neurology_intracerebral hemorrhage_14_BGgpt.txt	medication	concept	2856	2886	Противоепилептични медикаменти
neurology_intracerebral hemorrhage_14_BGgpt.txt	procedure	concept	3297	3311	Физиотерапията
neurology_intracerebral hemorrhage_14_BGgpt.txt	symptom	concept	3439	3446	тежести
neurology_intracerebral hemorrhage_14_BGgpt.txt	disease	concept	3639	3651	хипертонията
neurology_intracerebral hemorrhage_15_BGgpt.txt	disease	concept	4	12	Епикриза
neurology_intracerebral hemorrhage_15_BGgpt.txt	medication	concept	504	513	Амлодипин
neurology_intracerebral hemorrhage_15_BGgpt.txt	procedure	concept	1074	1099	коагулационни изследвания
neurology_intracerebral hemorrhage_15_BGgpt.txt	disease	concept	1469	1479	хипертония
neurology_intracerebral hemorrhage_15_BGgpt.txt	medication	concept	1587	1597	Никардипин
neurology_intracerebral hemorrhage_15_BGgpt.txt	disease	concept	1969	1992	вътречерепен кръвоизлив
neurology_intracerebral hemorrhage_15_BGgpt.txt	medication	concept	1994	2003	Амлодипин
neurology_intracerebral hemorrhage_15_BGgpt.txt	medication	concept	2049	2063	антикоагуланти
neurology_intracerebral hemorrhage_15_BGgpt.txt	medication	concept	2068	2095	антитромбоцитни медикаменти
neurology_intracerebral hemorrhage_15_BGgpt.txt	procedure	concept	2304	2325	консервативно лечение
neurology_intracerebral hemorrhage_15_BGgpt.txt	medication	concept	2672	2687	антиконвулсанти
neurology_intracerebral hemorrhage_15_BGgpt.txt	symptom	concept	2994	3006	подвижността
neurology_intracerebral hemorrhage_15_BGgpt.txt	symptom	concept	3009	3014	речта
neurology_intracerebral hemorrhage_15_BGgpt.txt	medication	concept	3046	3056	Никардипин
neurology_intracerebral hemorrhage_15_BGgpt.txt	disease	concept	3104	3116	хипертонията
neurology_intracerebral hemorrhage_15_BGgpt.txt	procedure	concept	3151	3174	физиотерапевтични сесии
neurology_intracerebral hemorrhage_15_BGgpt.txt	procedure	concept	3195	3212	логопедични сесии
neurology_intracerebral hemorrhage_15_BGgpt.txt	symptom	concept	3403	3420	кръвното налягане
neurology_intracerebral hemorrhage_15_BGgpt.txt	symptom	concept	3916	3932	повишена слабост
neurology_intracerebral hemorrhage_15_BGgpt.txt	symptom	concept	3949	3956	гърчове
neurology_intracerebral hemorrhage_15_BGgpt.txt	symptom	concept	3958	3974	силно главоболие
neurology_intracerebral hemorrhage_15_BGgpt.txt	symptom	concept	3989	3999	съзнанието
neurology_intracerebral hemorrhage_16_BGgpt.txt	symptom	concept	429	439	главоболие
neurology_intracerebral hemorrhage_16_BGgpt.txt	symptom	concept	441	461	правостранна слабост
neurology_intracerebral hemorrhage_16_BGgpt.txt	medication	concept	553	579	антикоагулантен медикамент
neurology_intracerebral hemorrhage_16_BGgpt.txt	medication	concept	581	590	апиксабан
neurology_intracerebral hemorrhage_16_BGgpt.txt	disease	concept	642	689	интрацеребрално кръвоизливно-хеморагичен инсулт
neurology_intracerebral hemorrhage_16_BGgpt.txt	disease	concept	901	911	хипертония
neurology_intracerebral hemorrhage_16_BGgpt.txt	procedure	concept	1366	1382	лумбална пункция
neurology_intracerebral hemorrhage_16_BGgpt.txt	medication	concept	1582	1591	апиксабан
neurology_intracerebral hemorrhage_16_BGgpt.txt	medication	concept	1616	1631	андоксанет алфа
neurology_intracerebral hemorrhage_16_BGgpt.txt	disease	concept	1681	1693	хипертонията
neurology_intracerebral hemorrhage_16_BGgpt.txt	disease	concept	1734	1742	хематома
neurology_intracerebral hemorrhage_16_BGgpt.txt	medication	concept	1775	1785	никардипин
neurology_intracerebral hemorrhage_16_BGgpt.txt	medication	concept	2811	2820	Амлодипин
neurology_intracerebral hemorrhage_16_BGgpt.txt	disease	concept	2858	2868	хипертония
neurology_intracerebral hemorrhage_16_BGgpt.txt	medication	concept	2875	2886	Пантопразол
neurology_intracerebral hemorrhage_16_BGgpt.txt	disease	concept	2939	2965	гастроинтестинално кървене
neurology_intracerebral hemorrhage_16_BGgpt.txt	medication	concept	3065	3074	апиксабан
neurology_intracerebral hemorrhage_16_BGgpt.txt	procedure	concept	3697	3722	амбулаторна кинезитерапия
neurology_intracerebral hemorrhage_16_BGgpt.txt	symptom	concept	4062	4069	гърчове
neurology_intracerebral hemorrhage_17_BGgpt.txt	medication	concept	556	563	аспирин
neurology_intracerebral hemorrhage_17_BGgpt.txt	medication	concept	579	588	метформин
neurology_intracerebral hemorrhage_17_BGgpt.txt	procedure	concept	976	978	КТ
neurology_intracerebral hemorrhage_17_BGgpt.txt	medication	concept	1466	1476	никардипин
neurology_intracerebral hemorrhage_17_BGgpt.txt	symptom	concept	1623	1640	Кръвното налягане
neurology_intracerebral hemorrhage_17_BGgpt.txt	medication	concept	1723	1733	никардипин
neurology_intracerebral hemorrhage_17_BGgpt.txt	medication	concept	1766	1802	перорални антихипертензивни средства
neurology_intracerebral hemorrhage_17_BGgpt.txt	medication	concept	1804	1814	лизиноприл
neurology_intracerebral hemorrhage_17_BGgpt.txt	medication	concept	1830	1839	амлодипин
neurology_intracerebral hemorrhage_17_BGgpt.txt	medication	concept	1924	1938	антикоагуланти
neurology_intracerebral hemorrhage_17_BGgpt.txt	medication	concept	1972	1981	Аспиринът
neurology_intracerebral hemorrhage_17_BGgpt.txt	medication	concept	2772	2785	леветирацетам
neurology_intracerebral hemorrhage_17_BGgpt.txt	procedure	concept	3177	3189	физиотерапия
neurology_intracerebral hemorrhage_17_BGgpt.txt	medication	concept	3272	3282	Лизиноприл
neurology_intracerebral hemorrhage_17_BGgpt.txt	medication	concept	3317	3326	Амлодипин
neurology_intracerebral hemorrhage_17_BGgpt.txt	medication	concept	3360	3373	Леветирацетам
neurology_intracerebral hemorrhage_17_BGgpt.txt	medication	concept	3411	3420	Метформин
neurology_intracerebral hemorrhage_17_BGgpt.txt	disease	concept	3705	3712	диабета
neurology_intracerebral hemorrhage_17_BGgpt.txt	symptom	concept	3775	3792	кръвното налягане
neurology_intracerebral hemorrhage_17_BGgpt.txt	disease	concept	3991	3997	диабет
neurology_intracerebral hemorrhage_17_BGgpt.txt	procedure	concept	4018	4032	физиотерапията
neurology_intracerebral hemorrhage_17_BGgpt.txt	procedure	concept	4341	4350	лечението
neurology_intracerebral hemorrhage_17_BGgpt.txt	medication	concept	4404	4417	медикаментите
neurology_intracerebral hemorrhage_18_BGgpt.txt	disease	concept	410	431	артериална хипертония
neurology_intracerebral hemorrhage_18_BGgpt.txt	medication	concept	473	483	дабигатран
neurology_intracerebral hemorrhage_18_BGgpt.txt	symptom	concept	566	576	главоболие
neurology_intracerebral hemorrhage_18_BGgpt.txt	symptom	concept	1115	1125	кръвоизлив
neurology_intracerebral hemorrhage_18_BGgpt.txt	medication	concept	1397	1407	дабигатран
neurology_intracerebral hemorrhage_18_BGgpt.txt	medication	concept	1543	1555	никокардипин
neurology_intracerebral hemorrhage_18_BGgpt.txt	procedure	concept	2151	2173	хирургична интервенция
neurology_intracerebral hemorrhage_18_BGgpt.txt	symptom	concept	2570	2582	ново кървене
neurology_intracerebral hemorrhage_18_BGgpt.txt	medication	concept	2651	2672	перорални медикаменти
neurology_intracerebral hemorrhage_18_BGgpt.txt	medication	concept	2694	2714	венозен никокардипин
neurology_intracerebral hemorrhage_18_BGgpt.txt	medication	concept	2719	2738	перорален амлодипин
neurology_intracerebral hemorrhage_18_BGgpt.txt	medication	concept	2755	2764	изиноприл
neurology_intracerebral hemorrhage_18_BGgpt.txt	medication	concept	2926	2935	апиксабан
neurology_intracerebral hemorrhage_18_BGgpt.txt	disease	concept	3011	3017	инсулт
neurology_intracerebral hemorrhage_18_BGgpt.txt	medication	concept	3039	3050	Медикаменти
neurology_intracerebral hemorrhage_18_BGgpt.txt	medication	concept	3072	3081	Амлодипин
neurology_intracerebral hemorrhage_18_BGgpt.txt	medication	concept	3099	3109	Лизиноприл
neurology_intracerebral hemorrhage_18_BGgpt.txt	medication	concept	3127	3136	Апиксабан
neurology_intracerebral hemorrhage_18_BGgpt.txt	medication	concept	3204	3215	Парацетамол
neurology_intracerebral hemorrhage_18_BGgpt.txt	disease	concept	3765	3771	инсулт
neurology_intracerebral hemorrhage_19_BGgpt.txt	disease	concept	4	12	Епикриза
neurology_intracerebral hemorrhage_19_BGgpt.txt	symptom	concept	350	360	главоболие
neurology_intracerebral hemorrhage_19_BGgpt.txt	symptom	concept	401	411	обърканост
neurology_intracerebral hemorrhage_19_BGgpt.txt	disease	concept	477	494	миокарден инфаркт
neurology_intracerebral hemorrhage_19_BGgpt.txt	medication	concept	511	518	аспирин
neurology_intracerebral hemorrhage_19_BGgpt.txt	medication	concept	534	544	лизиноприл
neurology_intracerebral hemorrhage_19_BGgpt.txt	disease	concept	762	774	хипогликемия
neurology_intracerebral hemorrhage_19_BGgpt.txt	procedure	concept	1146	1162	лумбална пункция
neurology_intracerebral hemorrhage_19_BGgpt.txt	symptom	concept	1302	1322	продължаващо кървене
neurology_intracerebral hemorrhage_19_BGgpt.txt	medication	concept	1576	1588	никакардипин
neurology_intracerebral hemorrhage_19_BGgpt.txt	symptom	concept	1813	1822	хипотония
neurology_intracerebral hemorrhage_19_BGgpt.txt	medication	concept	1843	1850	аспирин
neurology_intracerebral hemorrhage_19_BGgpt.txt	disease	concept	2235	2247	хидроцефалия
neurology_intracerebral hemorrhage_19_BGgpt.txt	disease	concept	2318	2325	гърчове
neurology_intracerebral hemorrhage_19_BGgpt.txt	procedure	concept	2501	2513	физиотерапия
neurology_intracerebral hemorrhage_19_BGgpt.txt	medication	concept	2614	2624	Лизиноприл
neurology_intracerebral hemorrhage_19_BGgpt.txt	disease	concept	2669	2681	хипертонията
neurology_intracerebral hemorrhage_19_BGgpt.txt	medication	concept	2684	2696	Никакардипин
neurology_intracerebral hemorrhage_19_BGgpt.txt	medication	concept	2814	2821	Аспирин
neurology_intracerebral hemorrhage_19_BGgpt.txt	medication	concept	2926	2938	аторвастатин
neurology_intracerebral hemorrhage_19_BGgpt.txt	disease	concept	3010	3016	инсулт
neurology_intracerebral hemorrhage_19_BGgpt.txt	procedure	concept	3636	3641	диета
neurology_intracerebral hemorrhage_19_BGgpt.txt	medication	concept	3767	3807	нестероидни противовъзпалителни средства
neurology_intracerebral hemorrhage_19_BGgpt.txt	medication	concept	3824	3835	медикаменти
neurology_intracerebral hemorrhage_19_BGgpt.txt	symptom	concept	3985	3995	главоболие
neurology_intracerebral hemorrhage_19_BGgpt.txt	symptom	concept	3997	4004	слабост
neurology_intracerebral hemorrhage_19_BGgpt.txt	symptom	concept	4006	4016	обърканост
neurology_intracerebral hemorrhage_19_BGgpt.txt	symptom	concept	4035	4041	говора
neurology_intracerebral hemorrhage_19_BGgpt.txt	disease	concept	4128	4138	хипертония
neurology_intracerebral hemorrhage_1_BGgpt.txt	disease	concept	4	12	Епикриза
neurology_intracerebral hemorrhage_1_BGgpt.txt	disease	concept	299	320	Артериална хипертония
neurology_intracerebral hemorrhage_1_BGgpt.txt	disease	concept	322	336	Хиперлипидемия
neurology_intracerebral hemorrhage_1_BGgpt.txt	disease	concept	596	617	артериална хипертония
neurology_intracerebral hemorrhage_1_BGgpt.txt	medication	concept	799	818	наркотични вещества
neurology_intracerebral hemorrhage_1_BGgpt.txt	medication	concept	1462	1472	никардипин
neurology_intracerebral hemorrhage_1_BGgpt.txt	medication	concept	1713	1723	никардипин
neurology_intracerebral hemorrhage_1_BGgpt.txt	medication	concept	1785	1795	лизиноприл
neurology_intracerebral hemorrhage_1_BGgpt.txt	medication	concept	2087	2100	леветирацетам
neurology_intracerebral hemorrhage_1_BGgpt.txt	procedure	concept	2157	2169	Физиотерапия
neurology_intracerebral hemorrhage_1_BGgpt.txt	medication	concept	2352	2365	леветирацетам
neurology_intracerebral hemorrhage_1_BGgpt.txt	symptom	concept	2406	2433	неврологичното му състояние
neurology_intracerebral hemorrhage_1_BGgpt.txt	disease	concept	2665	2677	хидроцефалия
neurology_intracerebral hemorrhage_1_BGgpt.txt	disease	concept	2680	2704	дълбока венозна тромбоза
neurology_intracerebral hemorrhage_1_BGgpt.txt	medication	concept	2803	2813	лизиноприл
neurology_intracerebral hemorrhage_1_BGgpt.txt	disease	concept	2848	2871	артериалната хипертония
neurology_intracerebral hemorrhage_1_BGgpt.txt	medication	concept	2874	2887	леветирацетам
neurology_intracerebral hemorrhage_1_BGgpt.txt	disease	concept	2925	2932	гърчове
neurology_intracerebral hemorrhage_1_BGgpt.txt	disease	concept	3434	3456	десностранната слабост
neurology_intracerebral hemorrhage_1_BGgpt.txt	disease	concept	3658	3664	инсулт
neurology_intracerebral hemorrhage_1_BGgpt.txt	procedure	concept	3896	3909	рехабилитация
neurology_intracerebral hemorrhage_20_BGgpt.txt	symptom	concept	426	436	главоболие
neurology_intracerebral hemorrhage_20_BGgpt.txt	disease	concept	524	545	артериална хипертония
neurology_intracerebral hemorrhage_20_BGgpt.txt	symptom	concept	579	589	главоболие
neurology_intracerebral hemorrhage_20_BGgpt.txt	symptom	concept	758	784	субарахноидален кръвоизлив
neurology_intracerebral hemorrhage_20_BGgpt.txt	medication	concept	1269	1294	интравенозен никокардипин
neurology_intracerebral hemorrhage_20_BGgpt.txt	symptom	concept	1488	1507	хипертонични пикове
neurology_intracerebral hemorrhage_20_BGgpt.txt	symptom	concept	1516	1535	хипотонични епизоди
neurology_intracerebral hemorrhage_20_BGgpt.txt	disease	concept	1610	1631	артериална хипертония
neurology_intracerebral hemorrhage_20_BGgpt.txt	medication	concept	1646	1658	никокардипин
neurology_intracerebral hemorrhage_20_BGgpt.txt	disease	concept	1916	1924	хематома
neurology_intracerebral hemorrhage_20_BGgpt.txt	symptom	concept	2162	2179	гърчова активност
neurology_intracerebral hemorrhage_20_BGgpt.txt	procedure	concept	2267	2280	Рехабилитация
neurology_intracerebral hemorrhage_20_BGgpt.txt	procedure	concept	2327	2339	физиотерапия
neurology_intracerebral hemorrhage_20_BGgpt.txt	procedure	concept	2377	2389	трудотерапия
neurology_intracerebral hemorrhage_20_BGgpt.txt	symptom	concept	2556	2567	кръвоизлива
neurology_intracerebral hemorrhage_20_BGgpt.txt	symptom	concept	2833	2838	отока
neurology_intracerebral hemorrhage_20_BGgpt.txt	medication	concept	2946	2955	Амлодипин
neurology_intracerebral hemorrhage_20_BGgpt.txt	medication	concept	3006	3017	Парацетамол
neurology_intracerebral hemorrhage_20_BGgpt.txt	symptom	concept	3521	3538	кръвното налягане
neurology_intracerebral hemorrhage_20_BGgpt.txt	procedure	concept	3877	3894	хирургична намеса
neurology_intracerebral hemorrhage_20_BGgpt.txt	procedure	concept	3942	3955	рехабилитация
neurology_intracerebral hemorrhage_20_BGgpt.txt	procedure	concept	3994	4007	рехабилитация
neurology_intracerebral hemorrhage_21_BGgpt.txt	disease	concept	219	242	Вътремозъчен кръвоизлив
neurology_intracerebral hemorrhage_21_BGgpt.txt	disease	concept	294	304	Хипертония
neurology_intracerebral hemorrhage_21_BGgpt.txt	disease	concept	482	492	хипертония
neurology_intracerebral hemorrhage_21_BGgpt.txt	symptom	concept	569	579	главоболие
neurology_intracerebral hemorrhage_21_BGgpt.txt	symptom	concept	619	629	обърканост
neurology_intracerebral hemorrhage_21_BGgpt.txt	medication	concept	1597	1611	Антикоагуланти
neurology_intracerebral hemorrhage_21_BGgpt.txt	medication	concept	1614	1627	антиагреганти
neurology_intracerebral hemorrhage_21_BGgpt.txt	medication	concept	1701	1719	венозен никардипин
neurology_intracerebral hemorrhage_21_BGgpt.txt	procedure	concept	2092	2113	неврологични прегледи
neurology_intracerebral hemorrhage_21_BGgpt.txt	disease	concept	2243	2251	хематома
neurology_intracerebral hemorrhage_21_BGgpt.txt	procedure	concept	2262	2282	консервативен подход
neurology_intracerebral hemorrhage_21_BGgpt.txt	procedure	concept	2308	2325	хирургична намеса
neurology_intracerebral hemorrhage_21_BGgpt.txt	symptom	concept	2362	2374	хидроцефалия
neurology_intracerebral hemorrhage_21_BGgpt.txt	medication	concept	2630	2640	Лизиноприл
neurology_intracerebral hemorrhage_21_BGgpt.txt	medication	concept	2656	2665	Амлодипин
neurology_intracerebral hemorrhage_21_BGgpt.txt	medication	concept	2716	2726	Лизиноприл
neurology_intracerebral hemorrhage_21_BGgpt.txt	medication	concept	2761	2770	Амлодипин
neurology_intracerebral hemorrhage_21_BGgpt.txt	medication	concept	2804	2815	Парацетамол
neurology_intracerebral hemorrhage_21_BGgpt.txt	medication	concept	2877	2889	Аторвастатин
neurology_intracerebral hemorrhage_21_BGgpt.txt	medication	concept	3278	3292	антикоагуланти
neurology_intracerebral hemorrhage_21_BGgpt.txt	medication	concept	3295	3308	антиагреганти
neurology_intracerebral hemorrhage_21_BGgpt.txt	procedure	concept	3373	3385	физиотерапия
neurology_intracerebral hemorrhage_21_BGgpt.txt	symptom	concept	3894	3904	главоболие
neurology_intracerebral hemorrhage_22_BGgpt.txt	disease	concept	4	12	Епикриза
neurology_intracerebral hemorrhage_22_BGgpt.txt	disease	concept	387	408	Артериална хипертония
neurology_intracerebral hemorrhage_22_BGgpt.txt	disease	concept	410	428	Предсърдно мъждене
neurology_intracerebral hemorrhage_22_BGgpt.txt	symptom	concept	655	665	главоболие
neurology_intracerebral hemorrhage_22_BGgpt.txt	procedure	concept	1177	1204	коагулационните изследвания
neurology_intracerebral hemorrhage_22_BGgpt.txt	medication	concept	1591	1605	антикоагуланти
neurology_intracerebral hemorrhage_22_BGgpt.txt	medication	concept	1660	1671	антагонисти
neurology_intracerebral hemorrhage_22_BGgpt.txt	medication	concept	1863	1874	никорадипин
neurology_intracerebral hemorrhage_22_BGgpt.txt	procedure	concept	2340	2362	хирургична интервенция
neurology_intracerebral hemorrhage_22_BGgpt.txt	procedure	concept	2597	2610	Рехабилитация
neurology_intracerebral hemorrhage_22_BGgpt.txt	medication	concept	2817	2828	Никорадипин
neurology_intracerebral hemorrhage_22_BGgpt.txt	medication	concept	2832	2837	Спрян
neurology_intracerebral hemorrhage_22_BGgpt.txt	medication	concept	2845	2855	Лизиноприл
neurology_intracerebral hemorrhage_22_BGgpt.txt	disease	concept	2891	2912	артериална хипертония
neurology_intracerebral hemorrhage_22_BGgpt.txt	medication	concept	2920	2932	Аторвастатин
neurology_intracerebral hemorrhage_22_BGgpt.txt	disease	concept	2960	2972	дислипидемия
neurology_intracerebral hemorrhage_22_BGgpt.txt	medication	concept	2980	2989	Апиксабан
neurology_intracerebral hemorrhage_22_BGgpt.txt	disease	concept	3070	3076	инсулт
neurology_intracerebral hemorrhage_22_BGgpt.txt	procedure	concept	3631	3649	контролни прегледи
neurology_intracerebral hemorrhage_22_BGgpt.txt	symptom	concept	3734	3749	болки в гърдите
neurology_intracerebral hemorrhage_22_BGgpt.txt	symptom	concept	3751	3756	задух
neurology_intracerebral hemorrhage_22_BGgpt.txt	procedure	concept	4167	4191	амбулаторно проследяване
neurology_intracerebral hemorrhage_23_BGgpt.txt	disease	concept	4	12	Епикриза
neurology_intracerebral hemorrhage_23_BGgpt.txt	disease	concept	227	250	Вътрeмозъчен кръвоизлив
neurology_intracerebral hemorrhage_23_BGgpt.txt	disease	concept	484	494	хипертония
neurology_intracerebral hemorrhage_23_BGgpt.txt	medication	concept	532	541	амлодипин
neurology_intracerebral hemorrhage_23_BGgpt.txt	disease	concept	802	816	хипогликемията
neurology_intracerebral hemorrhage_23_BGgpt.txt	disease	concept	1045	1068	вътрeмозъчен кръвоизлив
neurology_intracerebral hemorrhage_23_BGgpt.txt	disease	concept	1222	1245	вътрeмозъчен кръвоизлив
neurology_intracerebral hemorrhage_23_BGgpt.txt	medication	concept	1247	1263	антикоагулантите
neurology_intracerebral hemorrhage_23_BGgpt.txt	medication	concept	1266	1295	антитромбоцитните медикаменти
neurology_intracerebral hemorrhage_23_BGgpt.txt	medication	concept	1366	1376	никардипин
neurology_intracerebral hemorrhage_23_BGgpt.txt	procedure	concept	1931	1953	хирургична интервенция
neurology_intracerebral hemorrhage_23_BGgpt.txt	medication	concept	2225	2253	противоепилептични лекарства
neurology_intracerebral hemorrhage_23_BGgpt.txt	medication	concept	2409	2418	Амлодипин
neurology_intracerebral hemorrhage_23_BGgpt.txt	disease	concept	2452	2462	хипертония
neurology_intracerebral hemorrhage_23_BGgpt.txt	medication	concept	2468	2478	Никардипин
neurology_intracerebral hemorrhage_23_BGgpt.txt	medication	concept	2552	2563	Парацетамол
neurology_intracerebral hemorrhage_23_BGgpt.txt	symptom	concept	2625	2630	болка
neurology_intracerebral hemorrhage_23_BGgpt.txt	symptom	concept	3486	3498	хипертонията
neurology_intracerebral hemorrhage_23_BGgpt.txt	symptom	concept	3741	3751	главоболие
neurology_intracerebral hemorrhage_24_BGgpt.txt	symptom	concept	539	545	гадене
neurology_intracerebral hemorrhage_24_BGgpt.txt	symptom	concept	547	556	повръщане
neurology_intracerebral hemorrhage_24_BGgpt.txt	medication	concept	765	775	Лизиноприл
neurology_intracerebral hemorrhage_24_BGgpt.txt	disease	concept	792	812	захарен диабет тип 2
neurology_intracerebral hemorrhage_24_BGgpt.txt	medication	concept	828	837	Метформин
neurology_intracerebral hemorrhage_24_BGgpt.txt	symptom	concept	1128	1140	неясен говор
neurology_intracerebral hemorrhage_24_BGgpt.txt	symptom	concept	1143	1156	дезориентация
neurology_intracerebral hemorrhage_24_BGgpt.txt	medication	concept	2068	2091	интравенозен Никардипин
neurology_intracerebral hemorrhage_24_BGgpt.txt	disease	concept	2338	2359	артериална хипертония
neurology_intracerebral hemorrhage_24_BGgpt.txt	medication	concept	2498	2512	Антикоагуланти
neurology_intracerebral hemorrhage_24_BGgpt.txt	medication	concept	2515	2541	антиагрегантни медикаменти
neurology_intracerebral hemorrhage_24_BGgpt.txt	disease	concept	2565	2584	хеморагичния инсулт
neurology_intracerebral hemorrhage_24_BGgpt.txt	medication	concept	2667	2674	инсулин
neurology_intracerebral hemorrhage_24_BGgpt.txt	procedure	concept	2785	2807	хирургична интервенция
neurology_intracerebral hemorrhage_24_BGgpt.txt	procedure	concept	3008	3020	физиотерапия
neurology_intracerebral hemorrhage_24_BGgpt.txt	procedure	concept	3023	3035	трудотерапия
neurology_intracerebral hemorrhage_24_BGgpt.txt	symptom	concept	3160	3167	гърчове
neurology_intracerebral hemorrhage_24_BGgpt.txt	medication	concept	3209	3236	антиконвулсивни медикаменти
neurology_intracerebral hemorrhage_24_BGgpt.txt	medication	concept	3270	3280	Лизиноприл
neurology_intracerebral hemorrhage_24_BGgpt.txt	medication	concept	3340	3349	Метформин
neurology_intracerebral hemorrhage_24_BGgpt.txt	disease	concept	3386	3406	захарен диабет тип 2
neurology_intracerebral hemorrhage_24_BGgpt.txt	medication	concept	3481	3491	Никардипин
neurology_intracerebral hemorrhage_24_BGgpt.txt	medication	concept	3518	3527	Амлодипин
neurology_intracerebral hemorrhage_24_BGgpt.txt	procedure	concept	4125	4137	физиотерапия
neurology_intracerebral hemorrhage_24_BGgpt.txt	procedure	concept	4140	4152	трудотерапия
neurology_intracerebral hemorrhage_24_BGgpt.txt	disease	concept	4342	4363	артериална хипертония
neurology_intracerebral hemorrhage_24_BGgpt.txt	procedure	concept	4638	4654	хоспитализацията
neurology_intracerebral hemorrhage_25_BGgpt.txt	disease	concept	296	319	Вътремозъчен кръвоизлив
neurology_intracerebral hemorrhage_25_BGgpt.txt	medication	concept	773	787	антикоагуланти
neurology_intracerebral hemorrhage_25_BGgpt.txt	symptom	concept	1088	1100	хипогликемия
neurology_intracerebral hemorrhage_25_BGgpt.txt	medication	concept	1647	1657	никардипин
neurology_intracerebral hemorrhage_25_BGgpt.txt	disease	concept	1832	1840	хематома
neurology_intracerebral hemorrhage_25_BGgpt.txt	symptom	concept	2552	2558	афазия
neurology_intracerebral hemorrhage_25_BGgpt.txt	medication	concept	2591	2601	Никардипин
neurology_intracerebral hemorrhage_25_BGgpt.txt	disease	concept	2640	2661	артериална хипертония
neurology_intracerebral hemorrhage_25_BGgpt.txt	medication	concept	2667	2679	Аторвастатин
neurology_intracerebral hemorrhage_25_BGgpt.txt	disease	concept	2732	2738	инсулт
neurology_intracerebral hemorrhage_25_BGgpt.txt	disease	concept	3007	3015	хематома
neurology_intracerebral hemorrhage_25_BGgpt.txt	procedure	concept	3129	3141	физиотерапия
neurology_intracerebral hemorrhage_25_BGgpt.txt	procedure	concept	3144	3157	рехабилитация
neurology_intracerebral hemorrhage_25_BGgpt.txt	symptom	concept	3563	3573	главоболие
neurology_intracerebral hemorrhage_25_BGgpt.txt	symptom	concept	3575	3584	повръщане
neurology_intracerebral hemorrhage_25_BGgpt.txt	procedure	concept	3732	3745	кинезитерапия
neurology_intracerebral hemorrhage_25_BGgpt.txt	symptom	concept	3865	3888	вътремозъчен кръвоизлив
neurology_intracerebral hemorrhage_25_BGgpt.txt	symptom	concept	4005	4028	неврологично подобрение
neurology_intracerebral hemorrhage_25_BGgpt.txt	procedure	concept	4047	4060	рехабилитация
neurology_intracerebral hemorrhage_25_BGgpt.txt	disease	concept	4269	4292	артериалната хипертония
neurology_intracerebral hemorrhage_26_BGgpt.txt	symptom	concept	437	447	главоболие
neurology_intracerebral hemorrhage_26_BGgpt.txt	disease	concept	545	566	артериална хипертония
neurology_intracerebral hemorrhage_26_BGgpt.txt	disease	concept	569	589	захарен диабет тип 2
neurology_intracerebral hemorrhage_26_BGgpt.txt	symptom	concept	682	692	обърканост
neurology_intracerebral hemorrhage_26_BGgpt.txt	medication	concept	1986	1998	ривароксабан
neurology_intracerebral hemorrhage_26_BGgpt.txt	medication	concept	2048	2063	андексанет алфа
neurology_intracerebral hemorrhage_26_BGgpt.txt	medication	concept	2152	2166	антикоагуланти
neurology_intracerebral hemorrhage_26_BGgpt.txt	medication	concept	2171	2198	антитромбоцитни медикаменти
neurology_intracerebral hemorrhage_26_BGgpt.txt	procedure	concept	2207	2229	Хирургична интервенция
neurology_intracerebral hemorrhage_26_BGgpt.txt	procedure	concept	2294	2316	хирургична интервенция
neurology_intracerebral hemorrhage_26_BGgpt.txt	symptom	concept	2624	2631	гърчове
neurology_intracerebral hemorrhage_26_BGgpt.txt	medication	concept	2684	2711	антиепилептични медикаменти
neurology_intracerebral hemorrhage_26_BGgpt.txt	procedure	concept	2898	2910	физиотерапия
neurology_intracerebral hemorrhage_26_BGgpt.txt	symptom	concept	3009	3029	двигателната функция
neurology_intracerebral hemorrhage_26_BGgpt.txt	medication	concept	3108	3145	перорални антихипертензивни лекарства
neurology_intracerebral hemorrhage_26_BGgpt.txt	medication	concept	3217	3227	Никардипин
neurology_intracerebral hemorrhage_26_BGgpt.txt	medication	concept	3229	3238	перорално
neurology_intracerebral hemorrhage_26_BGgpt.txt	medication	concept	3266	3276	Лизиноприл
neurology_intracerebral hemorrhage_26_BGgpt.txt	medication	concept	3295	3304	Метформин
neurology_intracerebral hemorrhage_26_BGgpt.txt	disease	concept	3332	3338	диабет
neurology_intracerebral hemorrhage_26_BGgpt.txt	medication	concept	3343	3355	Аторвастатин
neurology_intracerebral hemorrhage_26_BGgpt.txt	disease	concept	3745	3752	диабета
neurology_intracerebral hemorrhage_26_BGgpt.txt	disease	concept	4141	4166	хроничните му заболявания
neurology_intracerebral hemorrhage_26_BGgpt.txt	procedure	concept	4401	4415	физиотерапията
neurology_intracerebral hemorrhage_26_BGgpt.txt	symptom	concept	4606	4616	главоболие
neurology_intracerebral hemorrhage_26_BGgpt.txt	symptom	concept	4618	4627	повръщане
neurology_intracerebral hemorrhage_26_BGgpt.txt	symptom	concept	4629	4639	обърканост
neurology_intracerebral hemorrhage_27_BGgpt.txt	medication	concept	607	617	Лизиноприл
neurology_intracerebral hemorrhage_27_BGgpt.txt	medication	concept	666	680	антикоагуланти
neurology_intracerebral hemorrhage_27_BGgpt.txt	medication	concept	685	698	антиагреганти
neurology_intracerebral hemorrhage_27_BGgpt.txt	disease	concept	1447	1459	хипертонията
neurology_intracerebral hemorrhage_27_BGgpt.txt	medication	concept	1462	1474	Никардипин 2
neurology_intracerebral hemorrhage_27_BGgpt.txt	symptom	concept	2225	2232	гърчове
neurology_intracerebral hemorrhage_27_BGgpt.txt	procedure	concept	2393	2405	физиотерапия
neurology_intracerebral hemorrhage_27_BGgpt.txt	medication	concept	2612	2622	Лизиноприл
neurology_intracerebral hemorrhage_27_BGgpt.txt	medication	concept	2724	2734	Никардипин
neurology_intracerebral hemorrhage_27_BGgpt.txt	medication	concept	2762	2773	Парацетамол
neurology_intracerebral hemorrhage_27_BGgpt.txt	disease	concept	2820	2830	главоболие
neurology_intracerebral hemorrhage_27_BGgpt.txt	procedure	concept	3190	3202	физиотерапия
neurology_intracerebral hemorrhage_27_BGgpt.txt	procedure	concept	3204	3216	трудотерапия
neurology_intracerebral hemorrhage_27_BGgpt.txt	procedure	concept	3219	3238	логопедична терапия
neurology_intracerebral hemorrhage_27_BGgpt.txt	disease	concept	3738	3763	неконтролирана хипертония
neurology_intracerebral hemorrhage_27_BGgpt.txt	disease	concept	3982	3994	хипертонията
neurology_intracerebral hemorrhage_28_BGgpt.txt	disease	concept	4	12	Епикриза
neurology_intracerebral hemorrhage_28_BGgpt.txt	disease	concept	435	456	артериална хипертония
neurology_intracerebral hemorrhage_28_BGgpt.txt	disease	concept	525	546	Артериална хипертония
neurology_intracerebral hemorrhage_28_BGgpt.txt	disease	concept	551	571	Захарен диабет тип 2
neurology_intracerebral hemorrhage_28_BGgpt.txt	medication	concept	634	642	Лосартан
neurology_intracerebral hemorrhage_28_BGgpt.txt	medication	concept	667	676	Метформин
neurology_intracerebral hemorrhage_28_BGgpt.txt	disease	concept	856	870	хипогликемията
neurology_intracerebral hemorrhage_28_BGgpt.txt	procedure	concept	1253	1269	лумбална пункция
neurology_intracerebral hemorrhage_28_BGgpt.txt	medication	concept	1453	1464	медикаменти
neurology_intracerebral hemorrhage_28_BGgpt.txt	medication	concept	1599	1611	никокардипин
neurology_intracerebral hemorrhage_28_BGgpt.txt	medication	concept	1989	2001	никокардипин
neurology_intracerebral hemorrhage_28_BGgpt.txt	medication	concept	2229	2255	противогърчови медикаменти
neurology_intracerebral hemorrhage_28_BGgpt.txt	disease	concept	2293	2301	хематома
neurology_intracerebral hemorrhage_28_BGgpt.txt	symptom	concept	2364	2383	повторен кръвоизлив
neurology_intracerebral hemorrhage_28_BGgpt.txt	medication	concept	3162	3170	Лосартан
neurology_intracerebral hemorrhage_28_BGgpt.txt	medication	concept	3212	3221	Метформин
neurology_intracerebral hemorrhage_28_BGgpt.txt	medication	concept	3266	3278	Никокардипин
neurology_intracerebral hemorrhage_28_BGgpt.txt	disease	concept	3646	3669	артериалната хипертония
neurology_intracerebral hemorrhage_28_BGgpt.txt	disease	concept	3672	3687	захарния диабет
neurology_intracerebral hemorrhage_29_BGgpt.txt	disease	concept	4	12	Епикриза
neurology_intracerebral hemorrhage_29_BGgpt.txt	symptom	concept	274	284	главоболие
neurology_intracerebral hemorrhage_29_BGgpt.txt	symptom	concept	286	306	десностранна слабост
neurology_intracerebral hemorrhage_29_BGgpt.txt	symptom	concept	309	319	обърканост
neurology_intracerebral hemorrhage_29_BGgpt.txt	symptom	concept	477	497	десностранна слабост
neurology_intracerebral hemorrhage_29_BGgpt.txt	symptom	concept	500	510	обърканост
neurology_intracerebral hemorrhage_29_BGgpt.txt	disease	concept	546	556	хипертония
neurology_intracerebral hemorrhage_29_BGgpt.txt	medication	concept	588	598	Лизиноприл
neurology_intracerebral hemorrhage_29_BGgpt.txt	medication	concept	637	651	антикоагуланти
neurology_intracerebral hemorrhage_29_BGgpt.txt	medication	concept	656	669	антиагреганти
neurology_intracerebral hemorrhage_29_BGgpt.txt	disease	concept	834	846	хипогликемия
neurology_intracerebral hemorrhage_29_BGgpt.txt	procedure	concept	1202	1218	лумбална пункция
neurology_intracerebral hemorrhage_29_BGgpt.txt	symptom	concept	1351	1371	продължаващо кървене
neurology_intracerebral hemorrhage_29_BGgpt.txt	medication	concept	1631	1641	Никардипин
neurology_intracerebral hemorrhage_29_BGgpt.txt	symptom	concept	1766	1775	хипотония
neurology_intracerebral hemorrhage_29_BGgpt.txt	medication	concept	1968	1982	антикоагуланти
neurology_intracerebral hemorrhage_29_BGgpt.txt	medication	concept	1987	2000	антиагреганти
neurology_intracerebral hemorrhage_29_BGgpt.txt	medication	concept	2125	2135	Никардипин
neurology_intracerebral hemorrhage_29_BGgpt.txt	procedure	concept	2274	2296	хирургична интервенция
neurology_intracerebral hemorrhage_29_BGgpt.txt	procedure	concept	2807	2820	кинезитерапия
neurology_intracerebral hemorrhage_29_BGgpt.txt	medication	concept	3074	3084	Лизиноприл
neurology_intracerebral hemorrhage_29_BGgpt.txt	disease	concept	3129	3139	хипертония
neurology_intracerebral hemorrhage_29_BGgpt.txt	medication	concept	3144	3154	Никардипин
neurology_intracerebral hemorrhage_29_BGgpt.txt	procedure	concept	3322	3335	рехабилитация
neurology_intracerebral hemorrhage_29_BGgpt.txt	disease	concept	4062	4074	главоболието
neurology_intracerebral hemorrhage_29_BGgpt.txt	symptom	concept	4099	4119	затруднения в говора
neurology_intracerebral hemorrhage_29_BGgpt.txt	disease	concept	4242	4267	неконтролирана хипертония
neurology_intracerebral hemorrhage_29_BGgpt.txt	procedure	concept	4371	4392	консервативно лечение
neurology_intracerebral hemorrhage_29_BGgpt.txt	procedure	concept	4617	4626	терапията
neurology_intracerebral hemorrhage_29_BGgpt.txt	procedure	concept	4629	4649	контролните прегледи
neurology_intracerebral hemorrhage_2_BGgpt.txt	disease	concept	298	321	Вътречерепен кръвоизлив
neurology_intracerebral hemorrhage_2_BGgpt.txt	symptom	concept	452	462	главоболие
neurology_intracerebral hemorrhage_2_BGgpt.txt	disease	concept	544	554	хипертония
neurology_intracerebral hemorrhage_2_BGgpt.txt	disease	concept	701	713	хипогликемия
neurology_intracerebral hemorrhage_2_BGgpt.txt	medication	concept	1183	1198	антикоагулантни
neurology_intracerebral hemorrhage_2_BGgpt.txt	medication	concept	1290	1300	никардипин
neurology_intracerebral hemorrhage_2_BGgpt.txt	procedure	concept	1683	1702	логопедична терапия
neurology_intracerebral hemorrhage_2_BGgpt.txt	symptom	concept	1832	1839	говорът
neurology_intracerebral hemorrhage_2_BGgpt.txt	symptom	concept	1842	1851	слабостта
neurology_intracerebral hemorrhage_2_BGgpt.txt	symptom	concept	1995	2005	фебрилитет
neurology_intracerebral hemorrhage_2_BGgpt.txt	medication	concept	2152	2163	цефтриаксон
neurology_intracerebral hemorrhage_2_BGgpt.txt	medication	concept	2184	2195	азитромицин
neurology_intracerebral hemorrhage_2_BGgpt.txt	medication	concept	2318	2331	антибиотиците
neurology_intracerebral hemorrhage_2_BGgpt.txt	medication	concept	2651	2660	Амлодипин
neurology_intracerebral hemorrhage_2_BGgpt.txt	disease	concept	2694	2704	хипертония
neurology_intracerebral hemorrhage_2_BGgpt.txt	medication	concept	2709	2719	Никардипин
neurology_intracerebral hemorrhage_2_BGgpt.txt	medication	concept	2822	2833	Пантопразол
neurology_intracerebral hemorrhage_2_BGgpt.txt	medication	concept	2887	2900	Левофлоксацин
neurology_intracerebral hemorrhage_2_BGgpt.txt	disease	concept	2981	2990	пневмония
neurology_intracerebral hemorrhage_2_BGgpt.txt	procedure	concept	2995	3007	Физиотерапия
neurology_intracerebral hemorrhage_2_BGgpt.txt	procedure	concept	3010	3029	логопедична терапия
neurology_intracerebral hemorrhage_2_BGgpt.txt	symptom	concept	3214	3235	неврологични симптоми
neurology_intracerebral hemorrhage_2_BGgpt.txt	procedure	concept	3310	3339	рехабилитационните упражнения
neurology_intracerebral hemorrhage_2_BGgpt.txt	symptom	concept	3537	3548	температура
neurology_intracerebral hemorrhage_2_BGgpt.txt	symptom	concept	3550	3557	кашлица
neurology_intracerebral hemorrhage_2_BGgpt.txt	symptom	concept	3562	3575	засилен задух
neurology_intracerebral hemorrhage_2_BGgpt.txt	procedure	concept	3927	3940	рехабилитация
neurology_intracerebral hemorrhage_30_BGgpt.txt	disease	concept	523	533	хипертония
neurology_intracerebral hemorrhage_30_BGgpt.txt	symptom	concept	654	664	главоболие
neurology_intracerebral hemorrhage_30_BGgpt.txt	symptom	concept	859	871	хипогликемия
neurology_intracerebral hemorrhage_30_BGgpt.txt	medication	concept	1146	1153	аспирин
neurology_intracerebral hemorrhage_30_BGgpt.txt	disease	concept	1173	1200	сърдечно-съдови заболявания
neurology_intracerebral hemorrhage_30_BGgpt.txt	symptom	concept	1264	1274	кръвоизлив
neurology_intracerebral hemorrhage_30_BGgpt.txt	procedure	concept	1494	1520	неврообразната диагностика
neurology_intracerebral hemorrhage_30_BGgpt.txt	procedure	concept	1522	1538	лумбална пункция
neurology_intracerebral hemorrhage_30_BGgpt.txt	medication	concept	1672	1682	никардипин
neurology_intracerebral hemorrhage_30_BGgpt.txt	medication	concept	2011	2018	аспирин
neurology_intracerebral hemorrhage_30_BGgpt.txt	medication	concept	2069	2092	прясно замразена плазма
neurology_intracerebral hemorrhage_30_BGgpt.txt	medication	concept	3013	3023	Никардипин
neurology_intracerebral hemorrhage_30_BGgpt.txt	medication	concept	3098	3112	Инсулин Аспарт
neurology_intracerebral hemorrhage_30_BGgpt.txt	medication	concept	3166	3178	Аторвастатин
neurology_intracerebral hemorrhage_30_BGgpt.txt	medication	concept	3241	3252	Пантопразол
neurology_intracerebral hemorrhage_30_BGgpt.txt	procedure	concept	3338	3350	физиотерапия
neurology_intracerebral hemorrhage_30_BGgpt.txt	procedure	concept	3353	3366	рехабилитация
neurology_intracerebral hemorrhage_30_BGgpt.txt	disease	concept	3560	3567	диабета
neurology_intracerebral hemorrhage_30_BGgpt.txt	procedure	concept	3770	3785	рехабилитацията
neurology_intracerebral hemorrhage_30_BGgpt.txt	symptom	concept	3804	3813	слабостта
neurology_intracerebral hemorrhage_30_BGgpt.txt	symptom	concept	3968	3991	влошаващо се главоболие
neurology_intracerebral hemorrhage_30_BGgpt.txt	symptom	concept	4706	4712	травми
neurology_intracerebral hemorrhage_31_BGgpt.txt	disease	concept	397	407	Хипертония
neurology_intracerebral hemorrhage_31_BGgpt.txt	medication	concept	420	430	лизиноприл
neurology_intracerebral hemorrhage_31_BGgpt.txt	disease	concept	448	468	Захарен диабет тип 2
neurology_intracerebral hemorrhage_31_BGgpt.txt	medication	concept	484	493	метформин
neurology_intracerebral hemorrhage_31_BGgpt.txt	disease	concept	759	771	хипогликемия
neurology_intracerebral hemorrhage_31_BGgpt.txt	disease	concept	1391	1401	хипертония
neurology_intracerebral hemorrhage_31_BGgpt.txt	disease	concept	1451	1468	хеморагичния инсу
neurology_intracerebral hemorrhage_31_BGgpt.txt	medication	concept	1509	1519	лизиноприл
neurology_intracerebral hemorrhage_31_BGgpt.txt	medication	concept	1535	1559	венозен (в/в) никардипин
neurology_intracerebral hemorrhage_31_BGgpt.txt	medication	concept	1588	1596	титриран
neurology_intracerebral hemorrhage_31_BGgpt.txt	medication	concept	1888	1897	амлодипин
neurology_intracerebral hemorrhage_31_BGgpt.txt	medication	concept	2287	2313	противогърчови медикаменти
neurology_intracerebral hemorrhage_31_BGgpt.txt	procedure	concept	2358	2371	рехабилитация
neurology_intracerebral hemorrhage_31_BGgpt.txt	procedure	concept	2398	2417	логопедична терапия
neurology_intracerebral hemorrhage_31_BGgpt.txt	medication	concept	2596	2605	Амлодипин
neurology_intracerebral hemorrhage_31_BGgpt.txt	disease	concept	2640	2650	хипертония
neurology_intracerebral hemorrhage_31_BGgpt.txt	medication	concept	2655	2664	Метформин
neurology_intracerebral hemorrhage_31_BGgpt.txt	disease	concept	2702	2708	диабет
neurology_intracerebral hemorrhage_31_BGgpt.txt	disease	concept	2972	2978	диабет
neurology_intracerebral hemorrhage_31_BGgpt.txt	procedure	concept	3065	3091	амбулаторната физиотерапия
neurology_intracerebral hemorrhage_31_BGgpt.txt	symptom	concept	3252	3269	кръвното налягане
neurology_intracerebral hemorrhage_31_BGgpt.txt	symptom	concept	3513	3525	главоболието
neurology_intracerebral hemorrhage_31_BGgpt.txt	symptom	concept	3540	3549	слабостта
neurology_intracerebral hemorrhage_31_BGgpt.txt	procedure	concept	3666	3695	рехабилитационните упражнения
neurology_intracerebral hemorrhage_32_BGgpt.txt	disease	concept	480	490	Хипертония
neurology_intracerebral hemorrhage_32_BGgpt.txt	medication	concept	507	517	лизиноприл
neurology_intracerebral hemorrhage_32_BGgpt.txt	disease	concept	534	554	Захарен диабет тип 2
neurology_intracerebral hemorrhage_32_BGgpt.txt	medication	concept	570	579	метформин
neurology_intracerebral hemorrhage_32_BGgpt.txt	symptom	concept	777	787	главоболие
neurology_intracerebral hemorrhage_32_BGgpt.txt	disease	concept	945	957	хипогликемия
neurology_intracerebral hemorrhage_32_BGgpt.txt	symptom	concept	1341	1360	контрастно изтичане
neurology_intracerebral hemorrhage_32_BGgpt.txt	symptom	concept	1513	1530	кръвното налягане
neurology_intracerebral hemorrhage_32_BGgpt.txt	medication	concept	1556	1566	никардипин
neurology_intracerebral hemorrhage_32_BGgpt.txt	medication	concept	1792	1804	Лизиноприлът
neurology_intracerebral hemorrhage_32_BGgpt.txt	symptom	concept	2038	2055	гърчова активност
neurology_intracerebral hemorrhage_32_BGgpt.txt	medication	concept	2057	2070	Левeтирацетам
neurology_intracerebral hemorrhage_32_BGgpt.txt	procedure	concept	2281	2293	физиотерапия
neurology_intracerebral hemorrhage_32_BGgpt.txt	disease	concept	2634	2646	коагулопатия
neurology_intracerebral hemorrhage_32_BGgpt.txt	disease	concept	2649	2657	васкулит
neurology_intracerebral hemorrhage_32_BGgpt.txt	medication	concept	2708	2718	Лизиноприл
neurology_intracerebral hemorrhage_32_BGgpt.txt	medication	concept	2752	2761	Метформин
neurology_intracerebral hemorrhage_32_BGgpt.txt	medication	concept	2798	2809	Левeтирацет
neurology_intracerebral hemorrhage_32_BGgpt.txt	medication	concept	2848	2858	Никардипин
neurology_intracerebral hemorrhage_32_BGgpt.txt	medication	concept	2956	2962	статин
neurology_intracerebral hemorrhage_32_BGgpt.txt	disease	concept	2991	3005	мозъчен инсулт
neurology_intracerebral hemorrhage_32_BGgpt.txt	medication	concept	3008	3020	аторвастатин
neurology_intracerebral hemorrhage_32_BGgpt.txt	symptom	concept	3723	3740	гърчова активност
neurology_intracerebral hemorrhage_33_BGgpt.txt	disease	concept	288	298	хипертония
neurology_intracerebral hemorrhage_33_BGgpt.txt	disease	concept	301	321	захарен диабет тип 2
neurology_intracerebral hemorrhage_33_BGgpt.txt	disease	concept	850	864	хипогликемията
neurology_intracerebral hemorrhage_33_BGgpt.txt	medication	concept	1446	1456	никардипин
neurology_intracerebral hemorrhage_33_BGgpt.txt	medication	concept	1808	1824	Антикоагулантите
neurology_intracerebral hemorrhage_33_BGgpt.txt	disease	concept	1887	1910	вътремозъчен кръвоизлив
neurology_intracerebral hemorrhage_33_BGgpt.txt	medication	concept	1979	1993	антикоагуланти
neurology_intracerebral hemorrhage_33_BGgpt.txt	medication	concept	2061	2072	антагонисти
neurology_intracerebral hemorrhage_33_BGgpt.txt	procedure	concept	2150	2172	хирургична интервенция
neurology_intracerebral hemorrhage_33_BGgpt.txt	symptom	concept	2299	2321	неврологичен влошаване
neurology_intracerebral hemorrhage_33_BGgpt.txt	procedure	concept	2343	2363	хирургична евакуация
neurology_intracerebral hemorrhage_33_BGgpt.txt	symptom	concept	2642	2654	главоболието
neurology_intracerebral hemorrhage_33_BGgpt.txt	procedure	concept	2731	2758	външен вентрикуларен дренаж
neurology_intracerebral hemorrhage_33_BGgpt.txt	procedure	concept	3125	3137	физиотерапия
neurology_intracerebral hemorrhage_33_BGgpt.txt	medication	concept	3421	3430	амлодипин
neurology_intracerebral hemorrhage_33_BGgpt.txt	medication	concept	3867	3876	Амлодипин
neurology_intracerebral hemorrhage_33_BGgpt.txt	disease	concept	3921	3931	хипертония
neurology_intracerebral hemorrhage_34_BGgpt.txt	disease	concept	501	511	хипертония
neurology_intracerebral hemorrhage_34_BGgpt.txt	disease	concept	729	741	хипогликемия
neurology_intracerebral hemorrhage_34_BGgpt.txt	disease	concept	1146	1154	хематома
neurology_intracerebral hemorrhage_34_BGgpt.txt	procedure	concept	1178	1194	лумбална пункция
neurology_intracerebral hemorrhage_34_BGgpt.txt	medication	concept	1370	1382	Никардипин 2
neurology_intracerebral hemorrhage_34_BGgpt.txt	symptom	concept	1503	1512	хипотония
neurology_intracerebral hemorrhage_34_BGgpt.txt	medication	concept	1681	1695	антикоагуланти
neurology_intracerebral hemorrhage_34_BGgpt.txt	disease	concept	1988	2000	хидроцефалия
neurology_intracerebral hemorrhage_34_BGgpt.txt	symptom	concept	2078	2085	гърчове
neurology_intracerebral hemorrhage_34_BGgpt.txt	symptom	concept	2261	2270	слабостта
neurology_intracerebral hemorrhage_34_BGgpt.txt	symptom	concept	2316	2328	объркаността
neurology_intracerebral hemorrhage_34_BGgpt.txt	procedure	concept	2371	2383	физиотерапия
neurology_intracerebral hemorrhage_34_BGgpt.txt	procedure	concept	2386	2397	ерготерапия
neurology_intracerebral hemorrhage_34_BGgpt.txt	medication	concept	2571	2581	Никардипин
neurology_intracerebral hemorrhage_34_BGgpt.txt	medication	concept	2663	2673	Лизиноприл
neurology_intracerebral hemorrhage_34_BGgpt.txt	medication	concept	2722	2734	Аторвастатин
neurology_intracerebral hemorrhage_34_BGgpt.txt	disease	concept	2799	2813	мозъчен инсулт
neurology_intracerebral hemorrhage_34_BGgpt.txt	procedure	concept	3211	3228	физиотерапевтични
neurology_intracerebral hemorrhage_34_BGgpt.txt	disease	concept	3452	3464	хипертонията
neurology_intracerebral hemorrhage_34_BGgpt.txt	medication	concept	3493	3507	антикоагуланти
neurology_intracerebral hemorrhage_34_BGgpt.txt	medication	concept	3510	3523	антиагреганти
neurology_intracerebral hemorrhage_34_BGgpt.txt	disease	concept	3681	3704	вътремозъчен кръвоизлив
neurology_intracerebral hemorrhage_34_BGgpt.txt	procedure	concept	3789	3802	рехабилитация
neurology_intracerebral hemorrhage_34_BGgpt.txt	procedure	concept	3818	3839	медицинско наблюдение
neurology_intracerebral hemorrhage_35_BGgpt.txt	disease	concept	4	12	Епикриза
neurology_intracerebral hemorrhage_35_BGgpt.txt	disease	concept	496	517	артериална хипертония
neurology_intracerebral hemorrhage_35_BGgpt.txt	symptom	concept	671	681	обърканост
neurology_intracerebral hemorrhage_35_BGgpt.txt	medication	concept	831	860	антихипертензивни медикаменти
neurology_intracerebral hemorrhage_35_BGgpt.txt	disease	concept	961	982	Артериална хипертония
neurology_intracerebral hemorrhage_35_BGgpt.txt	disease	concept	987	1007	Захарен диабет тип 2
neurology_intracerebral hemorrhage_35_BGgpt.txt	medication	concept	1077	1086	Метформин
neurology_intracerebral hemorrhage_35_BGgpt.txt	medication	concept	1114	1124	Лизиноприл
neurology_intracerebral hemorrhage_35_BGgpt.txt	medication	concept	1149	1156	Аспирин
neurology_intracerebral hemorrhage_35_BGgpt.txt	medication	concept	2165	2177	никокардипин
neurology_intracerebral hemorrhage_35_BGgpt.txt	medication	concept	2532	2542	Лизиноприл
neurology_intracerebral hemorrhage_35_BGgpt.txt	medication	concept	2583	2603	венозен никокардипин
neurology_intracerebral hemorrhage_35_BGgpt.txt	medication	concept	2684	2693	амлодипин
neurology_intracerebral hemorrhage_35_BGgpt.txt	procedure	concept	2853	2865	физиотерапия
neurology_intracerebral hemorrhage_35_BGgpt.txt	medication	concept	3407	3416	Амлодипин
neurology_intracerebral hemorrhage_35_BGgpt.txt	medication	concept	3451	3460	Метформин
neurology_intracerebral hemorrhage_35_BGgpt.txt	medication	concept	3488	3500	Аторвастатин
neurology_intracerebral hemorrhage_35_BGgpt.txt	disease	concept	4390	4402	хипертонията
neurology_intracerebral hemorrhage_35_BGgpt.txt	procedure	concept	4563	4576	рехабилитация
neurology_intracerebral hemorrhage_35_BGgpt.txt	procedure	concept	4733	4746	рехабилитация
neurology_intracerebral hemorrhage_35_BGgpt.txt	procedure	concept	4756	4777	медицинско наблюдение
neurology_intracerebral hemorrhage_36_BGgpt.txt	disease	concept	273	296	Вътремозъчен кръвоизлив
neurology_intracerebral hemorrhage_36_BGgpt.txt	disease	concept	438	459	артериална хипертония
neurology_intracerebral hemorrhage_36_BGgpt.txt	disease	concept	462	482	захарен диабет тип 2
neurology_intracerebral hemorrhage_36_BGgpt.txt	symptom	concept	594	604	главоболие
neurology_intracerebral hemorrhage_36_BGgpt.txt	symptom	concept	606	616	обърканост
neurology_intracerebral hemorrhage_36_BGgpt.txt	symptom	concept	619	626	слабост
neurology_intracerebral hemorrhage_36_BGgpt.txt	symptom	concept	862	874	хипогликемия
neurology_intracerebral hemorrhage_36_BGgpt.txt	procedure	concept	928	949	компютърна томография
neurology_intracerebral hemorrhage_36_BGgpt.txt	medication	concept	1268	1282	антикоагуланти
neurology_intracerebral hemorrhage_36_BGgpt.txt	medication	concept	1287	1314	антитромбоцитни медикаменти
neurology_intracerebral hemorrhage_36_BGgpt.txt	medication	concept	1385	1397	никокардипин
neurology_intracerebral hemorrhage_36_BGgpt.txt	procedure	concept	1882	1904	хирургична интервенция
neurology_intracerebral hemorrhage_36_BGgpt.txt	symptom	concept	2160	2167	гърчове
neurology_intracerebral hemorrhage_36_BGgpt.txt	medication	concept	2207	2237	противоепилептични медикаменти
neurology_intracerebral hemorrhage_36_BGgpt.txt	medication	concept	2549	2561	никокардипин
neurology_intracerebral hemorrhage_36_BGgpt.txt	medication	concept	3389	3400	медикаменти
neurology_intracerebral hemorrhage_36_BGgpt.txt	procedure	concept	3467	3490	физиотерапевтични сесии
neurology_intracerebral hemorrhage_36_BGgpt.txt	medication	concept	3584	3598	антикоагуланти
neurology_intracerebral hemorrhage_36_BGgpt.txt	medication	concept	3601	3628	антитромбоцитни медикаменти
neurology_intracerebral hemorrhage_36_BGgpt.txt	medication	concept	3792	3805	медикаментите
neurology_intracerebral hemorrhage_37_BGgpt.txt	symptom	concept	412	422	главоболие
neurology_intracerebral hemorrhage_37_BGgpt.txt	disease	concept	523	544	артериална хипертония
neurology_intracerebral hemorrhage_37_BGgpt.txt	disease	concept	611	634	вътремозъчен кръвоизлив
neurology_intracerebral hemorrhage_37_BGgpt.txt	disease	concept	763	775	хипогликемия
neurology_intracerebral hemorrhage_37_BGgpt.txt	procedure	concept	840	865	коагулационни изследвания
neurology_intracerebral hemorrhage_37_BGgpt.txt	symptom	concept	1045	1054	аневризма
neurology_intracerebral hemorrhage_37_BGgpt.txt	disease	concept	1266	1289	вътремозъчен кръвоизлив
neurology_intracerebral hemorrhage_37_BGgpt.txt	medication	concept	1298	1312	антикоагуланти
neurology_intracerebral hemorrhage_37_BGgpt.txt	medication	concept	1315	1341	антиагрегантни медикаменти
neurology_intracerebral hemorrhage_37_BGgpt.txt	medication	concept	1507	1517	никардипин
neurology_intracerebral hemorrhage_37_BGgpt.txt	disease	concept	1760	1768	хематома
neurology_intracerebral hemorrhage_37_BGgpt.txt	procedure	concept	2118	2138	хирургична евакуация
neurology_intracerebral hemorrhage_37_BGgpt.txt	symptom	concept	2309	2316	гърчове
neurology_intracerebral hemorrhage_37_BGgpt.txt	medication	concept	2346	2376	противоепилептични медикаменти
neurology_intracerebral hemorrhage_37_BGgpt.txt	disease	concept	2682	2694	хипертонията
neurology_intracerebral hemorrhage_37_BGgpt.txt	medication	concept	2722	2743	перорални медикаменти
neurology_intracerebral hemorrhage_37_BGgpt.txt	medication	concept	2814	2824	лизиноприл
neurology_intracerebral hemorrhage_37_BGgpt.txt	medication	concept	2847	2856	амлодипин
neurology_intracerebral hemorrhage_37_BGgpt.txt	procedure	concept	3137	3149	физиотерапия
neurology_intracerebral hemorrhage_37_BGgpt.txt	procedure	concept	3152	3176	амбулаторно проследяване
neurology_intracerebral hemorrhage_37_BGgpt.txt	disease	concept	3398	3400	АН
neurology_intracerebral hemorrhage_37_BGgpt.txt	medication	concept	3460	3470	Лизиноприл
neurology_intracerebral hemorrhage_37_BGgpt.txt	medication	concept	3506	3515	Амлодипин
neurology_intracerebral hemorrhage_37_BGgpt.txt	medication	concept	3565	3575	никардипин
neurology_intracerebral hemorrhage_37_BGgpt.txt	disease	concept	3745	3747	АН
neurology_intracerebral hemorrhage_37_BGgpt.txt	symptom	concept	4233	4242	смъртност
neurology_intracerebral hemorrhage_38_BGgpt.txt	symptom	concept	341	351	главоболие
neurology_intracerebral hemorrhage_38_BGgpt.txt	medication	concept	457	467	лизиноприл
neurology_intracerebral hemorrhage_38_BGgpt.txt	disease	concept	486	506	Захарен диабет тип 2
neurology_intracerebral hemorrhage_38_BGgpt.txt	medication	concept	522	531	метформин
neurology_intracerebral hemorrhage_38_BGgpt.txt	disease	concept	587	601	мозъчен инсулт
neurology_intracerebral hemorrhage_38_BGgpt.txt	disease	concept	606	630	неврологични заболявания
neurology_intracerebral hemorrhage_38_BGgpt.txt	disease	concept	791	803	хипогликемия
neurology_intracerebral hemorrhage_38_BGgpt.txt	disease	concept	1062	1085	вътремозъчен кръвоизлив
neurology_intracerebral hemorrhage_38_BGgpt.txt	procedure	concept	1178	1194	лумбална пункция
neurology_intracerebral hemorrhage_38_BGgpt.txt	disease	concept	1316	1339	вътремозъчен кръвоизлив
neurology_intracerebral hemorrhage_38_BGgpt.txt	medication	concept	1348	1363	антикоагулантни
neurology_intracerebral hemorrhage_38_BGgpt.txt	medication	concept	1366	1393	антитромбоцитни медикаменти
neurology_intracerebral hemorrhage_38_BGgpt.txt	medication	concept	1542	1552	никардипин
neurology_intracerebral hemorrhage_38_BGgpt.txt	disease	concept	1951	1963	хидроцефалия
neurology_intracerebral hemorrhage_38_BGgpt.txt	symptom	concept	2056	2079	вътречерепното налягане
neurology_intracerebral hemorrhage_38_BGgpt.txt	symptom	concept	2384	2404	епилептични пристъпи
neurology_intracerebral hemorrhage_38_BGgpt.txt	medication	concept	2451	2481	противоепилептични медикаменти
neurology_intracerebral hemorrhage_38_BGgpt.txt	procedure	concept	2588	2600	физиотерапия
neurology_intracerebral hemorrhage_38_BGgpt.txt	medication	concept	2772	2782	Лизиноприл
neurology_intracerebral hemorrhage_38_BGgpt.txt	disease	concept	2817	2827	хипертония
neurology_intracerebral hemorrhage_38_BGgpt.txt	medication	concept	2833	2842	Метформин
neurology_intracerebral hemorrhage_38_BGgpt.txt	disease	concept	2881	2895	захарен диабет
neurology_intracerebral hemorrhage_38_BGgpt.txt	medication	concept	2901	2911	Никардипин
neurology_intracerebral hemorrhage_38_BGgpt.txt	medication	concept	2927	2936	амлодипин
neurology_intracerebral hemorrhage_38_BGgpt.txt	procedure	concept	3536	3548	физиотерапия
neurology_intracerebral hemorrhage_38_BGgpt.txt	medication	concept	3610	3625	антикоагулантни
neurology_intracerebral hemorrhage_38_BGgpt.txt	medication	concept	3630	3657	антитромбоцитни медикаменти
neurology_intracerebral hemorrhage_38_BGgpt.txt	symptom	concept	3769	3799	повишено вътречерепно налягане
neurology_intracerebral hemorrhage_38_BGgpt.txt	disease	concept	3801	3820	епилептичен пристъп
neurology_intracerebral hemorrhage_39_BGgpt.txt	disease	concept	4	12	Епикриза
neurology_intracerebral hemorrhage_39_BGgpt.txt	disease	concept	388	398	хипертония
neurology_intracerebral hemorrhage_39_BGgpt.txt	disease	concept	401	421	захарен диабет тип 2
neurology_intracerebral hemorrhage_39_BGgpt.txt	symptom	concept	511	521	главоболие
neurology_intracerebral hemorrhage_39_BGgpt.txt	disease	concept	1056	1068	хидроцефалия
neurology_intracerebral hemorrhage_39_BGgpt.txt	symptom	concept	1593	1614	артериалното налягане
neurology_intracerebral hemorrhage_39_BGgpt.txt	medication	concept	1617	1635	венозен никардипин
neurology_intracerebral hemorrhage_39_BGgpt.txt	symptom	concept	1795	1814	хипотонични епизоди
neurology_intracerebral hemorrhage_39_BGgpt.txt	medication	concept	1852	1862	Никардипин
neurology_intracerebral hemorrhage_39_BGgpt.txt	medication	concept	1933	1943	Лизиноприл
neurology_intracerebral hemorrhage_39_BGgpt.txt	medication	concept	2006	2018	Аторвастатин
neurology_intracerebral hemorrhage_39_BGgpt.txt	medication	concept	2080	2089	Метформин
neurology_intracerebral hemorrhage_39_BGgpt.txt	disease	concept	2126	2132	диабет
neurology_intracerebral hemorrhage_39_BGgpt.txt	symptom	concept	2383	2393	усложнения
neurology_intracerebral hemorrhage_39_BGgpt.txt	symptom	concept	2396	2405	смъртност
neurology_intracerebral hemorrhage_39_BGgpt.txt	symptom	concept	3016	3031	кръвно налягане
neurology_intracerebral hemorrhage_39_BGgpt.txt	medication	concept	3071	3082	медикаменти
neurology_intracerebral hemorrhage_39_BGgpt.txt	medication	concept	3285	3288	сол
neurology_intracerebral hemorrhage_39_BGgpt.txt	disease	concept	3359	3371	хипертонията
neurology_intracerebral hemorrhage_39_BGgpt.txt	procedure	concept	3377	3392	Кинезитерапията
neurology_intracerebral hemorrhage_39_BGgpt.txt	symptom	concept	3564	3580	странични ефекти
neurology_intracerebral hemorrhage_3_BGgpt.txt	symptom	concept	554	568	затруднена реч
neurology_intracerebral hemorrhage_3_BGgpt.txt	symptom	concept	1392	1407	активно кървене
neurology_intracerebral hemorrhage_3_BGgpt.txt	medication	concept	1601	1625	венозен (в/в) никопардин
neurology_intracerebral hemorrhage_3_BGgpt.txt	symptom	concept	1711	1730	артериално налягане
neurology_intracerebral hemorrhage_3_BGgpt.txt	medication	concept	1880	1890	никопардин
neurology_intracerebral hemorrhage_3_BGgpt.txt	medication	concept	2016	2030	антикоагуланти
neurology_intracerebral hemorrhage_3_BGgpt.txt	procedure	concept	2084	2106	Хирургична интервенция
neurology_intracerebral hemorrhage_3_BGgpt.txt	procedure	concept	2413	2425	физиотерапия
neurology_intracerebral hemorrhage_3_BGgpt.txt	medication	concept	2887	2897	лизиноприл
neurology_intracerebral hemorrhage_3_BGgpt.txt	medication	concept	2923	2929	одипин
neurology_intracerebral hemorrhage_3_BGgpt.txt	procedure	concept	3097	3116	логопедична терапия
neurology_intracerebral hemorrhage_3_BGgpt.txt	procedure	concept	3300	3314	физиотерапията
neurology_intracerebral hemorrhage_3_BGgpt.txt	procedure	concept	3381	3398	контролен преглед
neurology_intracerebral hemorrhage_3_BGgpt.txt	symptom	concept	3779	3789	главоболие
neurology_intracerebral hemorrhage_3_BGgpt.txt	symptom	concept	3791	3798	слабост
neurology_intracerebral hemorrhage_3_BGgpt.txt	symptom	concept	3803	3818	промени в речта
neurology_intracerebral hemorrhage_3_BGgpt.txt	medication	concept	3858	3868	Лизиноприл
neurology_intracerebral hemorrhage_3_BGgpt.txt	medication	concept	3905	3914	Амлодипин
neurology_intracerebral hemorrhage_3_BGgpt.txt	procedure	concept	4161	4186	амбулаторна рехабилитация
neurology_intracerebral hemorrhage_3_BGgpt.txt	symptom	concept	4523	4545	неврологичната функция
neurology_intracerebral hemorrhage_3_BGgpt.txt	disease	concept	4680	4701	артериална хипертония
neurology_intracerebral hemorrhage_3_BGgpt.txt	symptom	concept	4722	4744	потенциални усложнения
neurology_intracerebral hemorrhage_40_BGgpt.txt	disease	concept	389	410	артериална хипертония
neurology_intracerebral hemorrhage_40_BGgpt.txt	disease	concept	413	427	захарен диабет
neurology_intracerebral hemorrhage_40_BGgpt.txt	disease	concept	780	790	хипертония
neurology_intracerebral hemorrhage_40_BGgpt.txt	disease	concept	793	799	диабет
neurology_intracerebral hemorrhage_40_BGgpt.txt	medication	concept	844	871	антикоагулантни медикаменти
neurology_intracerebral hemorrhage_40_BGgpt.txt	disease	concept	1012	1024	хипогликемия
neurology_intracerebral hemorrhage_40_BGgpt.txt	medication	concept	1700	1710	никардипин
neurology_intracerebral hemorrhage_40_BGgpt.txt	procedure	concept	2191	2208	хирургична намеса
neurology_intracerebral hemorrhage_40_BGgpt.txt	procedure	concept	2330	2351	консервативно лечение
neurology_intracerebral hemorrhage_40_BGgpt.txt	procedure	concept	2404	2426	хирургична интервенция
neurology_intracerebral hemorrhage_40_BGgpt.txt	disease	concept	2466	2489	неврологична деградация
neurology_intracerebral hemorrhage_40_BGgpt.txt	disease	concept	2675	2691	Захарният диабет
neurology_intracerebral hemorrhage_40_BGgpt.txt	medication	concept	2858	2868	Никардипин
neurology_intracerebral hemorrhage_40_BGgpt.txt	disease	concept	2998	3012	захарен диабет
neurology_intracerebral hemorrhage_40_BGgpt.txt	medication	concept	3018	3029	Парацетамол
neurology_intracerebral hemorrhage_40_BGgpt.txt	symptom	concept	3076	3086	главоболие
neurology_intracerebral hemorrhage_40_BGgpt.txt	disease	concept	3375	3382	диабета
neurology_intracerebral hemorrhage_40_BGgpt.txt	medication	concept	3875	3915	нестероидни противовъзпалителни средства
neurology_intracerebral hemorrhage_40_BGgpt.txt	medication	concept	3933	3944	медикаменти
neurology_intracerebral hemorrhage_41_BGgpt.txt	disease	concept	4	12	Епикриза
neurology_intracerebral hemorrhage_41_BGgpt.txt	symptom	concept	469	477	главобол
neurology_intracerebral hemorrhage_41_BGgpt.txt	disease	concept	624	634	хипертония
neurology_intracerebral hemorrhage_41_BGgpt.txt	medication	concept	660	670	Лизиноприл
neurology_intracerebral hemorrhage_41_BGgpt.txt	disease	concept	728	748	Захарен диабет тип 2
neurology_intracerebral hemorrhage_41_BGgpt.txt	medication	concept	772	781	Метформин
neurology_intracerebral hemorrhage_41_BGgpt.txt	symptom	concept	937	949	хипогликемия
neurology_intracerebral hemorrhage_41_BGgpt.txt	medication	concept	1227	1241	антикоагуланти
neurology_intracerebral hemorrhage_41_BGgpt.txt	medication	concept	1246	1259	антиагреганти
neurology_intracerebral hemorrhage_41_BGgpt.txt	disease	concept	1361	1380	хеморагичния инсулт
neurology_intracerebral hemorrhage_41_BGgpt.txt	symptom	concept	1493	1511	ериалното налягане
neurology_intracerebral hemorrhage_41_BGgpt.txt	medication	concept	1550	1560	Никардипин
neurology_intracerebral hemorrhage_41_BGgpt.txt	symptom	concept	1633	1663	систолично артериално налягане
neurology_intracerebral hemorrhage_41_BGgpt.txt	symptom	concept	1719	1736	кръвното налягане
neurology_intracerebral hemorrhage_41_BGgpt.txt	symptom	concept	2051	2076	следоперативни усложнения
neurology_intracerebral hemorrhage_41_BGgpt.txt	symptom	concept	2259	2279	речевите затруднения
neurology_intracerebral hemorrhage_41_BGgpt.txt	procedure	concept	2374	2386	физиотерапия
neurology_intracerebral hemorrhage_41_BGgpt.txt	medication	concept	2446	2456	Лизиноприл
neurology_intracerebral hemorrhage_41_BGgpt.txt	disease	concept	2501	2511	хипертония
neurology_intracerebral hemorrhage_41_BGgpt.txt	medication	concept	2516	2525	Метформин
neurology_intracerebral hemorrhage_41_BGgpt.txt	disease	concept	2573	2593	Захарен диабет тип 2
neurology_intracerebral hemorrhage_41_BGgpt.txt	medication	concept	2598	2608	Никардипин
neurology_intracerebral hemorrhage_41_BGgpt.txt	medication	concept	2647	2656	Амлодипин
neurology_intracerebral hemorrhage_41_BGgpt.txt	medication	concept	2756	2783	антиепилептични медикаменти
neurology_intracerebral hemorrhage_41_BGgpt.txt	symptom	concept	2817	2837	епилептични пристъпи
neurology_intracerebral hemorrhage_41_BGgpt.txt	procedure	concept	3192	3216	амбулаторна физиотерапия
neurology_intracerebral hemorrhage_42_BGgpt.txt	disease	concept	300	321	Артериална хипертония
neurology_intracerebral hemorrhage_42_BGgpt.txt	disease	concept	323	341	Предсърдно мъждене
neurology_intracerebral hemorrhage_42_BGgpt.txt	disease	concept	582	603	артериална хипертония
neurology_intracerebral hemorrhage_42_BGgpt.txt	symptom	concept	734	746	хипогликемия
neurology_intracerebral hemorrhage_42_BGgpt.txt	medication	concept	980	989	апиксабан
neurology_intracerebral hemorrhage_42_BGgpt.txt	medication	concept	1310	1319	апиксабан
neurology_intracerebral hemorrhage_42_BGgpt.txt	medication	concept	1333	1348	андексанет алфа
neurology_intracerebral hemorrhage_42_BGgpt.txt	symptom	concept	1467	1474	инфузия
neurology_intracerebral hemorrhage_42_BGgpt.txt	medication	concept	1598	1608	никардипин
neurology_intracerebral hemorrhage_42_BGgpt.txt	symptom	concept	2032	2051	хипотонични епизоди
neurology_intracerebral hemorrhage_42_BGgpt.txt	procedure	concept	2150	2167	хирургична намеса
neurology_intracerebral hemorrhage_42_BGgpt.txt	procedure	concept	2225	2245	консервативен подход
neurology_intracerebral hemorrhage_42_BGgpt.txt	symptom	concept	2387	2394	гърчове
neurology_intracerebral hemorrhage_42_BGgpt.txt	medication	concept	2424	2448	антиепилептични средства
neurology_intracerebral hemorrhage_42_BGgpt.txt	procedure	concept	2969	2983	физиотерапията
neurology_intracerebral hemorrhage_42_BGgpt.txt	medication	concept	3202	3211	апиксабан
neurology_intracerebral hemorrhage_42_BGgpt.txt	symptom	concept	3377	3394	гърчова активност
neurology_intracerebral hemorrhage_42_BGgpt.txt	medication	concept	3432	3441	Амлодипин
neurology_intracerebral hemorrhage_42_BGgpt.txt	disease	concept	3475	3496	артериална хипертония
neurology_intracerebral hemorrhage_42_BGgpt.txt	medication	concept	3502	3512	Лизиноприл
neurology_intracerebral hemorrhage_42_BGgpt.txt	disease	concept	3546	3567	артериална хипертония
neurology_intracerebral hemorrhage_42_BGgpt.txt	medication	concept	3573	3584	Пантопразол
neurology_intracerebral hemorrhage_42_BGgpt.txt	disease	concept	3634	3660	гастроинтестинално кървене
neurology_intracerebral hemorrhage_42_BGgpt.txt	procedure	concept	3802	3814	Физиотерапия
neurology_intracerebral hemorrhage_43_BGgpt.txt	symptom	concept	296	306	главоболие
neurology_intracerebral hemorrhage_43_BGgpt.txt	symptom	concept	477	487	главоболие
neurology_intracerebral hemorrhage_43_BGgpt.txt	disease	concept	631	652	Артериална хипертония
neurology_intracerebral hemorrhage_43_BGgpt.txt	medication	concept	669	679	лизиноприл
neurology_intracerebral hemorrhage_43_BGgpt.txt	disease	concept	698	718	Захарен диабет тип 2
neurology_intracerebral hemorrhage_43_BGgpt.txt	medication	concept	734	743	метформин
neurology_intracerebral hemorrhage_43_BGgpt.txt	medication	concept	1357	1367	лизиноприл
neurology_intracerebral hemorrhage_43_BGgpt.txt	medication	concept	1383	1393	никардипин
neurology_intracerebral hemorrhage_43_BGgpt.txt	symptom	concept	1557	1566	хипотония
neurology_intracerebral hemorrhage_43_BGgpt.txt	medication	concept	1916	1930	антикоагуланти
neurology_intracerebral hemorrhage_43_BGgpt.txt	disease	concept	1983	1999	Захарният диабет
neurology_intracerebral hemorrhage_43_BGgpt.txt	procedure	concept	2319	2331	физиотерапия
neurology_intracerebral hemorrhage_43_BGgpt.txt	procedure	concept	2334	2347	кинезитерапия
neurology_intracerebral hemorrhage_43_BGgpt.txt	medication	concept	2583	2593	никардипин
neurology_intracerebral hemorrhage_43_BGgpt.txt	procedure	concept	2708	2720	физиотерапия
neurology_intracerebral hemorrhage_43_BGgpt.txt	procedure	concept	2723	2736	кинезитерапия
neurology_intracerebral hemorrhage_43_BGgpt.txt	medication	concept	2863	2873	Никардипин
neurology_intracerebral hemorrhage_43_BGgpt.txt	medication	concept	3044	3053	Метформин
neurology_intracerebral hemorrhage_43_BGgpt.txt	medication	concept	3106	3116	Лизиноприл
neurology_intracerebral hemorrhage_43_BGgpt.txt	disease	concept	3287	3302	захарния диабет
neurology_intracerebral hemorrhage_43_BGgpt.txt	procedure	concept	3454	3475	Кардиологичен преглед
neurology_intracerebral hemorrhage_43_BGgpt.txt	procedure	concept	3549	3561	физиотерапия
neurology_intracerebral hemorrhage_43_BGgpt.txt	disease	concept	3730	3740	главоболие
neurology_intracerebral hemorrhage_43_BGgpt.txt	symptom	concept	3742	3749	слабост
neurology_intracerebral hemorrhage_43_BGgpt.txt	symptom	concept	3751	3761	обърканост
neurology_intracerebral hemorrhage_43_BGgpt.txt	symptom	concept	3766	3781	затруднен говор
neurology_intracerebral hemorrhage_43_BGgpt.txt	procedure	concept	4103	4116	рехабилитация
neurology_intracerebral hemorrhage_44_BGgpt.txt	disease	concept	299	333	Интрацеребрален хеморагичен инсулт
neurology_intracerebral hemorrhage_44_BGgpt.txt	symptom	concept	495	515	десностранна слабост
neurology_intracerebral hemorrhage_44_BGgpt.txt	disease	concept	645	679	интрацеребрален хеморагичен инсулт
neurology_intracerebral hemorrhage_44_BGgpt.txt	disease	concept	1465	1499	интрацеребрален хеморагичен инсулт
neurology_intracerebral hemorrhage_44_BGgpt.txt	medication	concept	1508	1523	антикоагулантни
neurology_intracerebral hemorrhage_44_BGgpt.txt	medication	concept	1526	1552	антиагрегантни медикаменти
neurology_intracerebral hemorrhage_44_BGgpt.txt	medication	concept	1766	1776	никардипин
neurology_intracerebral hemorrhage_44_BGgpt.txt	procedure	concept	2040	2061	неврологични прегледи
neurology_intracerebral hemorrhage_44_BGgpt.txt	medication	concept	2438	2448	лизиноприл
neurology_intracerebral hemorrhage_44_BGgpt.txt	medication	concept	2464	2473	амлодипин
neurology_intracerebral hemorrhage_44_BGgpt.txt	procedure	concept	2724	2736	физиотерапия
neurology_intracerebral hemorrhage_44_BGgpt.txt	medication	concept	2796	2806	Лизиноприл
neurology_intracerebral hemorrhage_44_BGgpt.txt	medication	concept	2842	2851	Амлодипин
neurology_intracerebral hemorrhage_44_BGgpt.txt	medication	concept	2887	2898	Парацетамол
neurology_intracerebral hemorrhage_44_BGgpt.txt	disease	concept	2946	2956	главоболие
neurology_intracerebral hemorrhage_44_BGgpt.txt	disease	concept	3164	3175	хеморагията
neurology_intracerebral hemorrhage_44_BGgpt.txt	procedure	concept	3195	3209	физиотерапията
neurology_intracerebral hemorrhage_45_BGgpt.txt	disease	concept	550	560	хипертония
neurology_intracerebral hemorrhage_45_BGgpt.txt	medication	concept	592	602	лизиноприл
neurology_intracerebral hemorrhage_45_BGgpt.txt	medication	concept	648	662	антикоагуланти
neurology_intracerebral hemorrhage_45_BGgpt.txt	symptom	concept	725	737	хипогликемия
neurology_intracerebral hemorrhage_45_BGgpt.txt	medication	concept	1294	1304	никардипин
neurology_intracerebral hemorrhage_45_BGgpt.txt	disease	concept	1665	1673	хематома
neurology_intracerebral hemorrhage_45_BGgpt.txt	procedure	concept	2351	2363	физиотерапия
neurology_intracerebral hemorrhage_45_BGgpt.txt	procedure	concept	2592	2617	неврологично проследяване
neurology_intracerebral hemorrhage_45_BGgpt.txt	medication	concept	2673	2683	Лизиноприл
neurology_intracerebral hemorrhage_45_BGgpt.txt	medication	concept	2763	2773	Никардипин
neurology_intracerebral hemorrhage_45_BGgpt.txt	procedure	concept	3012	3024	Физиотерапия
neurology_intracerebral hemorrhage_45_BGgpt.txt	medication	concept	3327	3338	медикаменти
neurology_intracerebral hemorrhage_45_BGgpt.txt	disease	concept	3459	3461	АН
neurology_intracerebral hemorrhage_45_BGgpt.txt	procedure	concept	3761	3785	медикаментозната терапия
neurology_intracerebral hemorrhage_45_BGgpt.txt	procedure	concept	3787	3812	физиотерапевтичните грижи
neurology_intracerebral hemorrhage_45_BGgpt.txt	disease	concept	3956	3968	хипертонията
neurology_intracerebral hemorrhage_46_BGgpt.txt	disease	concept	4	12	Епикриза
neurology_intracerebral hemorrhage_46_BGgpt.txt	disease	concept	541	551	хипертония
neurology_intracerebral hemorrhage_46_BGgpt.txt	medication	concept	570	580	лизиноприл
neurology_intracerebral hemorrhage_46_BGgpt.txt	disease	concept	870	882	хипогликемия
neurology_intracerebral hemorrhage_46_BGgpt.txt	procedure	concept	1417	1433	Лумбална пункция
neurology_intracerebral hemorrhage_46_BGgpt.txt	disease	concept	1499	1524	интрацеребрална хеморагия
neurology_intracerebral hemorrhage_46_BGgpt.txt	symptom	concept	1630	1645	кръвно налягане
neurology_intracerebral hemorrhage_46_BGgpt.txt	medication	concept	1657	1669	никокардипин
neurology_intracerebral hemorrhage_46_BGgpt.txt	medication	concept	1949	1963	антикоагуланти
neurology_intracerebral hemorrhage_46_BGgpt.txt	medication	concept	1968	1981	антиагреганти
neurology_intracerebral hemorrhage_46_BGgpt.txt	procedure	concept	2033	2050	Хирургична намеса
neurology_intracerebral hemorrhage_46_BGgpt.txt	procedure	concept	2178	2198	хирургична евакуация
neurology_intracerebral hemorrhage_46_BGgpt.txt	medication	concept	2408	2434	противогърчови медикаменти
neurology_intracerebral hemorrhage_46_BGgpt.txt	medication	concept	2478	2488	лизиноприл
neurology_intracerebral hemorrhage_46_BGgpt.txt	medication	concept	2501	2510	амлодипин
neurology_intracerebral hemorrhage_46_BGgpt.txt	procedure	concept	2704	2716	физиотерапия
neurology_intracerebral hemorrhage_46_BGgpt.txt	procedure	concept	2719	2732	рехабилитация
neurology_intracerebral hemorrhage_46_BGgpt.txt	medication	concept	2847	2856	Амлодипин
neurology_intracerebral hemorrhage_46_BGgpt.txt	disease	concept	2901	2911	хипертония
neurology_intracerebral hemorrhage_46_BGgpt.txt	symptom	concept	3541	3551	обърканост
neurology_intracerebral hemorrhage_46_BGgpt.txt	symptom	concept	3774	3791	кръвното налягане
neurology_intracerebral hemorrhage_47_BGgpt.txt	symptom	concept	341	351	главоболие
neurology_intracerebral hemorrhage_47_BGgpt.txt	medication	concept	753	767	антикоагуланти
neurology_intracerebral hemorrhage_47_BGgpt.txt	disease	concept	907	919	хипогликемия
neurology_intracerebral hemorrhage_47_BGgpt.txt	medication	concept	1373	1383	никокардин
neurology_intracerebral hemorrhage_47_BGgpt.txt	medication	concept	1605	1617	Никокардин 2
neurology_intracerebral hemorrhage_47_BGgpt.txt	medication	concept	1779	1790	Пантопразол
neurology_intracerebral hemorrhage_47_BGgpt.txt	disease	concept	1831	1860	гастроинтестинални усложнения
neurology_intracerebral hemorrhage_47_BGgpt.txt	medication	concept	1866	1873	Манитол
neurology_intracerebral hemorrhage_47_BGgpt.txt	symptom	concept	2153	2165	хидроцефалия
neurology_intracerebral hemorrhage_47_BGgpt.txt	procedure	concept	2408	2427	логопедична терапия
neurology_intracerebral hemorrhage_47_BGgpt.txt	medication	concept	2684	2722	перорален антихипертензивен медикамент
neurology_intracerebral hemorrhage_47_BGgpt.txt	medication	concept	2724	2734	Лизиноприл
neurology_intracerebral hemorrhage_47_BGgpt.txt	procedure	concept	2891	2908	физикална терапия
neurology_intracerebral hemorrhage_47_BGgpt.txt	procedure	concept	2911	2930	логопедична терапия
neurology_intracerebral hemorrhage_47_BGgpt.txt	medication	concept	2991	3001	Лизиноприл
neurology_intracerebral hemorrhage_47_BGgpt.txt	disease	concept	3035	3045	хипертония
neurology_intracerebral hemorrhage_47_BGgpt.txt	medication	concept	3049	3060	Пантопразол
neurology_intracerebral hemorrhage_47_BGgpt.txt	medication	concept	3104	3117	Леветирацетам
neurology_intracerebral hemorrhage_47_BGgpt.txt	medication	concept	3561	3590	антихипертензивните лекарства
neurology_intracerebral hemorrhage_47_BGgpt.txt	disease	concept	3922	3934	хипертонията
neurology_intracerebral hemorrhage_47_BGgpt.txt	procedure	concept	4280	4300	контролните прегледи
neurology_intracerebral hemorrhage_47_BGgpt.txt	procedure	concept	4302	4321	физикалната терапия
neurology_intracerebral hemorrhage_48_BGgpt.txt	disease	concept	238	275	Вентрикуларен вътремозъчен кръвоизлив
neurology_intracerebral hemorrhage_48_BGgpt.txt	symptom	concept	456	466	главоболие
neurology_intracerebral hemorrhage_48_BGgpt.txt	disease	concept	547	568	артериална хипертония
neurology_intracerebral hemorrhage_48_BGgpt.txt	medication	concept	645	654	апиксабан
neurology_intracerebral hemorrhage_48_BGgpt.txt	disease	concept	860	872	хипогликемия
neurology_intracerebral hemorrhage_48_BGgpt.txt	medication	concept	1097	1106	апиксабан
neurology_intracerebral hemorrhage_48_BGgpt.txt	disease	concept	1190	1227	вентрикуларен вътремозъчен кръвоизлив
neurology_intracerebral hemorrhage_48_BGgpt.txt	medication	concept	1309	1318	апиксабан
neurology_intracerebral hemorrhage_48_BGgpt.txt	medication	concept	1337	1352	андексанет алфа
neurology_intracerebral hemorrhage_48_BGgpt.txt	medication	concept	1474	1485	никорадипин
neurology_intracerebral hemorrhage_48_BGgpt.txt	disease	concept	2086	2112	хемисферен мозъчен хематом
neurology_intracerebral hemorrhage_48_BGgpt.txt	procedure	concept	2132	2154	хирургична интервенция
neurology_intracerebral hemorrhage_48_BGgpt.txt	procedure	concept	2585	2600	трудова терапия
neurology_intracerebral hemorrhage_48_BGgpt.txt	symptom	concept	2656	2668	подвижността
neurology_intracerebral hemorrhage_48_BGgpt.txt	medication	concept	2747	2756	Апиксабан
neurology_intracerebral hemorrhage_48_BGgpt.txt	medication	concept	2923	2932	Амлодипин
neurology_intracerebral hemorrhage_48_BGgpt.txt	disease	concept	2966	2987	артериална хипертония
neurology_intracerebral hemorrhage_48_BGgpt.txt	medication	concept	2994	3005	Пантопразол
neurology_intracerebral hemorrhage_48_BGgpt.txt	medication	concept	3085	3100	андексанет алфа
neurology_intracerebral hemorrhage_48_BGgpt.txt	procedure	concept	3127	3143	хоспитализацията
neurology_intracerebral hemorrhage_48_BGgpt.txt	medication	concept	3186	3198	Ацетаминофен
neurology_intracerebral hemorrhage_48_BGgpt.txt	procedure	concept	3672	3696	амбулаторна физиотерапия
neurology_intracerebral hemorrhage_48_BGgpt.txt	procedure	concept	3698	3713	трудова терапия
neurology_intracerebral hemorrhage_49_BGgpt.txt	disease	concept	478	499	артериална хипертония
neurology_intracerebral hemorrhage_49_BGgpt.txt	procedure	concept	1458	1472	КТ ангиография
neurology_intracerebral hemorrhage_49_BGgpt.txt	medication	concept	1640	1654	антикоагуланти
neurology_intracerebral hemorrhage_49_BGgpt.txt	medication	concept	1657	1684	антитромбоцитни медикаменти
neurology_intracerebral hemorrhage_49_BGgpt.txt	medication	concept	1767	1779	никокардипин
neurology_intracerebral hemorrhage_49_BGgpt.txt	medication	concept	2106	2120	антикоагуланти
neurology_intracerebral hemorrhage_49_BGgpt.txt	medication	concept	2581	2593	никокардипин
neurology_intracerebral hemorrhage_49_BGgpt.txt	medication	concept	2921	2936	антиконвулсанти
neurology_intracerebral hemorrhage_49_BGgpt.txt	procedure	concept	3086	3099	рехабилитация
neurology_intracerebral hemorrhage_49_BGgpt.txt	medication	concept	3443	3455	Никокардипин
neurology_intracerebral hemorrhage_49_BGgpt.txt	medication	concept	3546	3556	Лизиноприл
neurology_intracerebral hemorrhage_49_BGgpt.txt	medication	concept	3630	3642	Аторвастатин
neurology_intracerebral hemorrhage_49_BGgpt.txt	disease	concept	3676	3690	хиперлипидемия
neurology_intracerebral hemorrhage_49_BGgpt.txt	medication	concept	3730	3737	Аспирин
neurology_intracerebral hemorrhage_49_BGgpt.txt	disease	concept	3798	3804	инсулт
neurology_intracerebral hemorrhage_49_BGgpt.txt	symptom	concept	4014	4034	кръвното му налягане
neurology_intracerebral hemorrhage_49_BGgpt.txt	procedure	concept	4128	4152	амбулаторна физиотерапия
neurology_intracerebral hemorrhage_49_BGgpt.txt	procedure	concept	4154	4167	рехабилитация
neurology_intracerebral hemorrhage_49_BGgpt.txt	procedure	concept	4593	4611	терапевтични сесии
neurology_intracerebral hemorrhage_49_BGgpt.txt	procedure	concept	4614	4632	контролни прегледи
neurology_intracerebral hemorrhage_49_BGgpt.txt	disease	concept	4705	4722	рецидив на инсулт
neurology_intracerebral hemorrhage_49_BGgpt.txt	symptom	concept	4763	4770	слабост
neurology_intracerebral hemorrhage_49_BGgpt.txt	symptom	concept	4792	4802	обърканост
neurology_intracerebral hemorrhage_49_BGgpt.txt	symptom	concept	4807	4826	затруднено говорене
neurology_intracerebral hemorrhage_4_BGgpt.txt	disease	concept	4	12	Епикриза
neurology_intracerebral hemorrhage_4_BGgpt.txt	disease	concept	501	522	артериална хипертония
neurology_intracerebral hemorrhage_4_BGgpt.txt	disease	concept	525	545	захарен диабет тип 2
neurology_intracerebral hemorrhage_4_BGgpt.txt	medication	concept	881	906	ацетилсалицилова киселина
neurology_intracerebral hemorrhage_4_BGgpt.txt	procedure	concept	923	951	сърдечно-съдова профилактика
neurology_intracerebral hemorrhage_4_BGgpt.txt	procedure	concept	1435	1462	коагулационните изследвания
neurology_intracerebral hemorrhage_4_BGgpt.txt	medication	concept	1917	1942	ацетилсалицилова киселина
neurology_intracerebral hemorrhage_4_BGgpt.txt	procedure	concept	1975	1987	коагулопатия
neurology_intracerebral hemorrhage_4_BGgpt.txt	medication	concept	2196	2205	никаридин
neurology_intracerebral hemorrhage_4_BGgpt.txt	medication	concept	2466	2491	ацетилсалицилова киселина
neurology_intracerebral hemorrhage_4_BGgpt.txt	disease	concept	2576	2599	вътремозъчен кръвоизлив
neurology_intracerebral hemorrhage_4_BGgpt.txt	procedure	concept	2710	2737	Неврохирургична консултация
neurology_intracerebral hemorrhage_4_BGgpt.txt	procedure	concept	2770	2790	хирургична евакуация
neurology_intracerebral hemorrhage_4_BGgpt.txt	symptom	concept	2880	2892	хидроцефалия
neurology_intracerebral hemorrhage_4_BGgpt.txt	medication	concept	3647	3657	Лизиноприл
neurology_intracerebral hemorrhage_4_BGgpt.txt	medication	concept	3673	3682	Амлодипин
neurology_intracerebral hemorrhage_4_BGgpt.txt	medication	concept	3702	3713	Медикаменти
neurology_intracerebral hemorrhage_4_BGgpt.txt	medication	concept	3736	3746	Лизиноприл
neurology_intracerebral hemorrhage_4_BGgpt.txt	medication	concept	3770	3779	Амлодипин
neurology_intracerebral hemorrhage_4_BGgpt.txt	medication	concept	3802	3813	Парацетамол
neurology_intracerebral hemorrhage_4_BGgpt.txt	disease	concept	3855	3865	главоболие
neurology_intracerebral hemorrhage_4_BGgpt.txt	medication	concept	4135	4162	антикоагулантни медикаменти
neurology_intracerebral hemorrhage_4_BGgpt.txt	procedure	concept	4346	4358	физиотерапия
neurology_intracerebral hemorrhage_4_BGgpt.txt	symptom	concept	4476	4486	главоболие
neurology_intracerebral hemorrhage_4_BGgpt.txt	symptom	concept	4501	4510	слабостта
neurology_intracerebral hemorrhage_4_BGgpt.txt	symptom	concept	4523	4526	реч
neurology_intracerebral hemorrhage_5_BGgpt.txt	disease	concept	4	12	Епикриза
neurology_intracerebral hemorrhage_5_BGgpt.txt	disease	concept	777	787	Хипертония
neurology_intracerebral hemorrhage_5_BGgpt.txt	disease	concept	792	812	Захарен диабет тип 2
neurology_intracerebral hemorrhage_5_BGgpt.txt	disease	concept	853	856	ПИА
neurology_intracerebral hemorrhage_5_BGgpt.txt	medication	concept	901	911	Лизиноприл
neurology_intracerebral hemorrhage_5_BGgpt.txt	medication	concept	929	938	Метформин
neurology_intracerebral hemorrhage_5_BGgpt.txt	medication	concept	966	973	Аспирин
neurology_intracerebral hemorrhage_5_BGgpt.txt	disease	concept	1565	1573	хематома
neurology_intracerebral hemorrhage_5_BGgpt.txt	medication	concept	1806	1816	никардипин
neurology_intracerebral hemorrhage_5_BGgpt.txt	symptom	concept	2119	2132	заболеваемост
neurology_intracerebral hemorrhage_5_BGgpt.txt	medication	concept	2301	2311	Лизиноприл
neurology_intracerebral hemorrhage_5_BGgpt.txt	medication	concept	2356	2366	никардипин
neurology_intracerebral hemorrhage_5_BGgpt.txt	medication	concept	2412	2421	Аспиринът
neurology_intracerebral hemorrhage_5_BGgpt.txt	symptom	concept	2562	2575	хипергликемия
neurology_intracerebral hemorrhage_5_BGgpt.txt	procedure	concept	2682	2693	ерготерапия
neurology_intracerebral hemorrhage_5_BGgpt.txt	symptom	concept	2878	2885	гърчове
neurology_intracerebral hemorrhage_5_BGgpt.txt	disease	concept	2983	2995	хидроцефалия
neurology_intracerebral hemorrhage_5_BGgpt.txt	medication	concept	3095	3105	Никардипин
neurology_intracerebral hemorrhage_5_BGgpt.txt	medication	concept	3206	3215	Метформин
neurology_intracerebral hemorrhage_5_BGgpt.txt	medication	concept	3304	3314	Лизиноприл
neurology_intracerebral hemorrhage_5_BGgpt.txt	medication	concept	3317	3324	аспирин
neurology_intracerebral hemorrhage_5_BGgpt.txt	procedure	concept	3627	3652	амбулаторна рехабилитация
neurology_intracerebral hemorrhage_5_BGgpt.txt	symptom	concept	4078	4097	затруднения в речта
neurology_intracerebral hemorrhage_5_BGgpt.txt	symptom	concept	4102	4121	новопоявени гърчове
neurology_intracerebral hemorrhage_5_BGgpt.txt	symptom	concept	4187	4197	главоболие
neurology_intracerebral hemorrhage_5_BGgpt.txt	symptom	concept	4199	4208	замайване
neurology_intracerebral hemorrhage_6_BGgpt.txt	symptom	concept	316	326	главоболие
neurology_intracerebral hemorrhage_6_BGgpt.txt	symptom	concept	555	565	обърканост
neurology_intracerebral hemorrhage_6_BGgpt.txt	disease	concept	638	648	хипертония
neurology_intracerebral hemorrhage_6_BGgpt.txt	disease	concept	651	671	захарен диабет тип 2
neurology_intracerebral hemorrhage_6_BGgpt.txt	medication	concept	716	743	антикоагулантни медикаменти
neurology_intracerebral hemorrhage_6_BGgpt.txt	medication	concept	1382	1394	никардипин 2
neurology_intracerebral hemorrhage_6_BGgpt.txt	procedure	concept	1543	1570	неврохирургична консултация
neurology_intracerebral hemorrhage_6_BGgpt.txt	medication	concept	1884	1895	парацетамол
neurology_intracerebral hemorrhage_6_BGgpt.txt	medication	concept	2189	2199	никардипин
neurology_intracerebral hemorrhage_6_BGgpt.txt	medication	concept	2253	2263	лизиноприл
neurology_intracerebral hemorrhage_6_BGgpt.txt	medication	concept	2435	2448	леветирацетам
neurology_intracerebral hemorrhage_6_BGgpt.txt	medication	concept	2819	2829	лизиноприл
neurology_intracerebral hemorrhage_6_BGgpt.txt	medication	concept	2844	2857	леветирацетам
neurology_intracerebral hemorrhage_6_BGgpt.txt	medication	concept	2883	2895	аторвастатин
neurology_intracerebral hemorrhage_6_BGgpt.txt	procedure	concept	3182	3196	физиотерапията
neurology_intracerebral hemorrhage_6_BGgpt.txt	symptom	concept	3309	3316	падания
neurology_intracerebral hemorrhage_6_BGgpt.txt	symptom	concept	3321	3327	травми
neurology_intracerebral hemorrhage_6_BGgpt.txt	disease	concept	3392	3404	хипертонията
neurology_intracerebral hemorrhage_6_BGgpt.txt	symptom	concept	3546	3556	главоболие
neurology_intracerebral hemorrhage_6_BGgpt.txt	disease	concept	3687	3712	неконтролирана хипертония
neurology_intracerebral hemorrhage_6_BGgpt.txt	procedure	concept	3854	3867	рехабилитация
neurology_intracerebral hemorrhage_6_BGgpt.txt	procedure	concept	4080	4089	терапията
neurology_intracerebral hemorrhage_7_BGgpt.txt	disease	concept	296	319	Вътремозъчен кръвоизлив
neurology_intracerebral hemorrhage_7_BGgpt.txt	disease	concept	399	420	артериална хипертония
neurology_intracerebral hemorrhage_7_BGgpt.txt	symptom	concept	523	533	главоболие
neurology_intracerebral hemorrhage_7_BGgpt.txt	symptom	concept	535	555	правостранна слабост
neurology_intracerebral hemorrhage_7_BGgpt.txt	symptom	concept	558	568	обърканост
neurology_intracerebral hemorrhage_7_BGgpt.txt	symptom	concept	876	888	хипогликемия
neurology_intracerebral hemorrhage_7_BGgpt.txt	procedure	concept	1257	1271	КТ-ангиография
neurology_intracerebral hemorrhage_7_BGgpt.txt	medication	concept	1610	1625	Андексанет Алфа
neurology_intracerebral hemorrhage_7_BGgpt.txt	medication	concept	1642	1651	Апиксабан
neurology_intracerebral hemorrhage_7_BGgpt.txt	medication	concept	1797	1807	Никардипин
neurology_intracerebral hemorrhage_7_BGgpt.txt	medication	concept	2358	2371	Леветирацетам
neurology_intracerebral hemorrhage_7_BGgpt.txt	symptom	concept	2414	2421	гърчове
neurology_intracerebral hemorrhage_7_BGgpt.txt	medication	concept	3248	3261	Леветирацетам
neurology_intracerebral hemorrhage_7_BGgpt.txt	medication	concept	3300	3310	Никардипин
neurology_intracerebral hemorrhage_7_BGgpt.txt	medication	concept	3365	3374	Амлодипин
neurology_intracerebral hemorrhage_7_BGgpt.txt	medication	concept	3393	3404	Пантопразол
neurology_intracerebral hemorrhage_7_BGgpt.txt	medication	concept	3486	3500	антикоагуланти
neurology_intracerebral hemorrhage_8_BGgpt.txt	disease	concept	460	470	Хипертония
neurology_intracerebral hemorrhage_8_BGgpt.txt	disease	concept	475	495	Захарен диабет тип 2
neurology_intracerebral hemorrhage_8_BGgpt.txt	medication	concept	573	582	Метформин
neurology_intracerebral hemorrhage_8_BGgpt.txt	medication	concept	610	620	Лизиноприл
neurology_intracerebral hemorrhage_8_BGgpt.txt	medication	concept	638	650	Аторвастатин
neurology_intracerebral hemorrhage_8_BGgpt.txt	disease	concept	1227	1235	хематома
neurology_intracerebral hemorrhage_8_BGgpt.txt	medication	concept	1512	1522	Никардипин
neurology_intracerebral hemorrhage_8_BGgpt.txt	medication	concept	1775	1789	Антикоагуланти
neurology_intracerebral hemorrhage_8_BGgpt.txt	medication	concept	1792	1818	антиагрегантни медикаменти
neurology_intracerebral hemorrhage_8_BGgpt.txt	procedure	concept	2184	2204	хирургична евакуация
neurology_intracerebral hemorrhage_8_BGgpt.txt	disease	concept	2315	2327	хидроцефалия
neurology_intracerebral hemorrhage_8_BGgpt.txt	procedure	concept	2556	2568	физиотерапия
neurology_intracerebral hemorrhage_8_BGgpt.txt	procedure	concept	2570	2581	ерготерапия
neurology_intracerebral hemorrhage_8_BGgpt.txt	procedure	concept	2747	2776	рехабилитационните упражнения
neurology_intracerebral hemorrhage_8_BGgpt.txt	medication	concept	2814	2823	Метформин
neurology_intracerebral hemorrhage_8_BGgpt.txt	medication	concept	2851	2861	Лизиноприл
neurology_intracerebral hemorrhage_8_BGgpt.txt	medication	concept	2928	2940	Аторвастатин
neurology_intracerebral hemorrhage_8_BGgpt.txt	medication	concept	3009	3019	Никардипин
neurology_intracerebral hemorrhage_8_BGgpt.txt	medication	concept	3133	3147	антикоагуланти
neurology_intracerebral hemorrhage_8_BGgpt.txt	medication	concept	3152	3178	антиагрегантни медикаменти
neurology_intracerebral hemorrhage_8_BGgpt.txt	procedure	concept	3346	3370	амбулаторна физиотерапия
neurology_intracerebral hemorrhage_8_BGgpt.txt	procedure	concept	3372	3383	ерготерапия
neurology_intracerebral hemorrhage_8_BGgpt.txt	symptom	concept	3819	3835	засилена слабост
neurology_intracerebral hemorrhage_8_BGgpt.txt	symptom	concept	3837	3856	затруднено говорене
neurology_intracerebral hemorrhage_8_BGgpt.txt	symptom	concept	3861	3879	промени в зрението
neurology_intracerebral hemorrhage_9_BGgpt.txt	disease	concept	4	12	Епикриза
neurology_intracerebral hemorrhage_9_BGgpt.txt	symptom	concept	383	393	главоболие
neurology_intracerebral hemorrhage_9_BGgpt.txt	medication	concept	524	534	Лизиноприл
neurology_intracerebral hemorrhage_9_BGgpt.txt	disease	concept	706	718	хипогликемия
neurology_intracerebral hemorrhage_9_BGgpt.txt	medication	concept	1313	1323	Никардипин
neurology_intracerebral hemorrhage_9_BGgpt.txt	medication	concept	1619	1645	антиагрегантни медикаменти
neurology_intracerebral hemorrhage_9_BGgpt.txt	medication	concept	1703	1712	Апиксабан
neurology_intracerebral hemorrhage_9_BGgpt.txt	medication	concept	1747	1762	Андексанет алфа
neurology_intracerebral hemorrhage_9_BGgpt.txt	procedure	concept	1984	2006	хирургична интервенция
neurology_intracerebral hemorrhage_9_BGgpt.txt	procedure	concept	2153	2174	неврологични прегледи
neurology_intracerebral hemorrhage_9_BGgpt.txt	procedure	concept	2322	2352	невроизобразителни изследвания
neurology_intracerebral hemorrhage_9_BGgpt.txt	medication	concept	2522	2532	Лизиноприл
neurology_intracerebral hemorrhage_9_BGgpt.txt	disease	concept	2591	2601	хипертония
neurology_intracerebral hemorrhage_9_BGgpt.txt	medication	concept	2607	2617	Никардипин
neurology_intracerebral hemorrhage_9_BGgpt.txt	medication	concept	2621	2626	Спрян
neurology_intracerebral hemorrhage_9_BGgpt.txt	medication	concept	2731	2740	Апиксабан
neurology_intracerebral hemorrhage_9_BGgpt.txt	medication	concept	2897	2908	Пантопразол
neurology_intracerebral hemorrhage_9_BGgpt.txt	disease	concept	2972	2984	стрес-улцери
neurology_intracerebral hemorrhage_9_BGgpt.txt	medication	concept	3289	3320	антихипертензивните медикаменти
neurology_intracerebral hemorrhage_9_BGgpt.txt	symptom	concept	3841	3846	говор
neurology_intracerebral hemorrhage_9_BGgpt.txt	symptom	concept	3848	3866	промени в зрението
neurology_intracerebral hemorrhage_9_BGgpt.txt	symptom	concept	3877	3887	главоболие
neurology_intracerebral hemorrhage_9_BGgpt.txt	procedure	concept	4589	4602	рехабилитация
neurology_ischemic stroke_0_BGgpt.txt	disease	concept	468	489	Артериална хипертония
neurology_ischemic stroke_0_BGgpt.txt	disease	concept	492	512	Захарен диабет тип 2
neurology_ischemic stroke_0_BGgpt.txt	disease	concept	515	539	Преходна мозъчна исхемия
neurology_ischemic stroke_0_BGgpt.txt	disease	concept	1474	1489	кардиален тромб
neurology_ischemic stroke_0_BGgpt.txt	procedure	concept	1524	1555	магнитно-резонансна ангиография
neurology_ischemic stroke_0_BGgpt.txt	disease	concept	1848	1854	диабет
neurology_ischemic stroke_0_BGgpt.txt	disease	concept	1857	1871	хиперлипидемия
neurology_ischemic stroke_0_BGgpt.txt	procedure	concept	2343	2365	механична тромбектомия
neurology_ischemic stroke_0_BGgpt.txt	medication	concept	2407	2414	аспирин
neurology_ischemic stroke_0_BGgpt.txt	medication	concept	2578	2585	аспирин
neurology_ischemic stroke_0_BGgpt.txt	medication	concept	2604	2615	клопидогрел
neurology_ischemic stroke_0_BGgpt.txt	medication	concept	2752	2764	аторвастатин
neurology_ischemic stroke_0_BGgpt.txt	disease	concept	2795	2811	хиперлипидемията
neurology_ischemic stroke_0_BGgpt.txt	medication	concept	2872	2882	лизиноприл
neurology_ischemic stroke_0_BGgpt.txt	medication	concept	2898	2907	амлодипин
neurology_ischemic stroke_0_BGgpt.txt	disease	concept	2981	2996	захарния диабет
neurology_ischemic stroke_0_BGgpt.txt	medication	concept	3026	3035	метформин
neurology_ischemic stroke_0_BGgpt.txt	symptom	concept	3545	3562	кръвното налягане
neurology_ischemic stroke_0_BGgpt.txt	disease	concept	3564	3571	диабета
neurology_ischemic stroke_0_BGgpt.txt	medication	concept	3945	3952	Аспирин
neurology_ischemic stroke_0_BGgpt.txt	medication	concept	3968	3979	Клопидогрел
neurology_ischemic stroke_0_BGgpt.txt	medication	concept	4017	4029	Аторвастатин
neurology_ischemic stroke_0_BGgpt.txt	medication	concept	4045	4055	Лизиноприл
neurology_ischemic stroke_0_BGgpt.txt	medication	concept	4071	4080	Амлодипин
neurology_ischemic stroke_0_BGgpt.txt	medication	concept	4096	4105	Метформин
neurology_ischemic stroke_10_BGgpt.txt	disease	concept	375	385	Хипертония
neurology_ischemic stroke_10_BGgpt.txt	disease	concept	493	503	хипертония
neurology_ischemic stroke_10_BGgpt.txt	symptom	concept	1154	1164	кръвоизлив
neurology_ischemic stroke_10_BGgpt.txt	procedure	concept	1462	1477	Ехокардиография
neurology_ischemic stroke_10_BGgpt.txt	procedure	concept	2207	2229	механична тромбектомия
neurology_ischemic stroke_10_BGgpt.txt	medication	concept	2327	2334	аспирин
neurology_ischemic stroke_10_BGgpt.txt	medication	concept	2440	2451	клопидогрел
neurology_ischemic stroke_10_BGgpt.txt	disease	concept	2490	2513	преходен мозъчен инсулт
neurology_ischemic stroke_10_BGgpt.txt	medication	concept	2722	2734	аторвастатин
neurology_ischemic stroke_10_BGgpt.txt	medication	concept	3026	3033	Аспирин
neurology_ischemic stroke_10_BGgpt.txt	medication	concept	3052	3063	Клопидогрел
neurology_ischemic stroke_10_BGgpt.txt	medication	concept	3116	3128	Аторвастатин
neurology_ischemic stroke_10_BGgpt.txt	medication	concept	3146	3156	Лизиноприл
neurology_ischemic stroke_10_BGgpt.txt	disease	concept	3173	3183	хипертония
neurology_ischemic stroke_10_BGgpt.txt	medication	concept	3189	3198	Апиксабан
neurology_ischemic stroke_10_BGgpt.txt	symptom	concept	3561	3578	кръвното налягане
neurology_ischemic stroke_10_BGgpt.txt	procedure	concept	3842	3863	тромболитична терапия
neurology_ischemic stroke_10_BGgpt.txt	procedure	concept	3866	3888	механична тромбектомия
neurology_ischemic stroke_10_BGgpt.txt	procedure	concept	3990	4014	амбулаторно проследяване
neurology_ischemic stroke_11_BGgpt.txt	disease	concept	361	377	Исхемичен инсулт
neurology_ischemic stroke_11_BGgpt.txt	disease	concept	406	416	Хипертония
neurology_ischemic stroke_11_BGgpt.txt	disease	concept	418	438	Захарен диабет тип 2
neurology_ischemic stroke_11_BGgpt.txt	procedure	concept	480	495	Ехокардиография
neurology_ischemic stroke_11_BGgpt.txt	procedure	concept	497	519	Механична тромбектомия
neurology_ischemic stroke_11_BGgpt.txt	medication	concept	557	582	Ацетилсалицилова киселина
neurology_ischemic stroke_11_BGgpt.txt	medication	concept	617	628	Клопидогрел
neurology_ischemic stroke_11_BGgpt.txt	medication	concept	673	685	Аторвастатин
neurology_ischemic stroke_11_BGgpt.txt	medication	concept	718	727	Метформин
neurology_ischemic stroke_11_BGgpt.txt	medication	concept	765	775	Лизиноприл
neurology_ischemic stroke_11_BGgpt.txt	disease	concept	901	911	хипертония
neurology_ischemic stroke_11_BGgpt.txt	symptom	concept	1592	1602	кръвоизлив
neurology_ischemic stroke_11_BGgpt.txt	symptom	concept	1771	1781	кръвоизлив
neurology_ischemic stroke_11_BGgpt.txt	medication	concept	2452	2495	рекомбинантен тъканен плазминоген активатор
neurology_ischemic stroke_11_BGgpt.txt	medication	concept	2730	2772	интравенозни антихипертензивни медикаменти
neurology_ischemic stroke_11_BGgpt.txt	procedure	concept	2804	2826	механична тромбектомия
neurology_ischemic stroke_11_BGgpt.txt	medication	concept	2968	2993	ацетилсалицилова киселина
neurology_ischemic stroke_11_BGgpt.txt	medication	concept	3002	3013	клопидогрел
neurology_ischemic stroke_11_BGgpt.txt	symptom	concept	3411	3419	афазията
neurology_ischemic stroke_11_BGgpt.txt	symptom	concept	4164	4181	кръвното налягане
neurology_ischemic stroke_12_BGgpt.txt	disease	concept	312	336	Исхемичен мозъчен инсулт
neurology_ischemic stroke_12_BGgpt.txt	disease	concept	448	469	артериална хипертония
neurology_ischemic stroke_12_BGgpt.txt	disease	concept	472	486	захарен диабет
neurology_ischemic stroke_12_BGgpt.txt	symptom	concept	1176	1186	кръвоизлив
neurology_ischemic stroke_12_BGgpt.txt	disease	concept	1399	1406	исхемия
neurology_ischemic stroke_12_BGgpt.txt	medication	concept	2483	2490	аспирин
neurology_ischemic stroke_12_BGgpt.txt	medication	concept	2593	2604	клопидогрел
neurology_ischemic stroke_12_BGgpt.txt	medication	concept	2933	2942	апиксабан
neurology_ischemic stroke_12_BGgpt.txt	disease	concept	3000	3016	исхемичен инсулт
neurology_ischemic stroke_12_BGgpt.txt	medication	concept	3112	3118	статин
neurology_ischemic stroke_12_BGgpt.txt	medication	concept	3120	3129	метформин
neurology_ischemic stroke_12_BGgpt.txt	procedure	concept	3230	3242	физиотерапия
neurology_ischemic stroke_12_BGgpt.txt	procedure	concept	3244	3256	трудотерапия
neurology_ischemic stroke_12_BGgpt.txt	medication	concept	3424	3433	Апиксабан
neurology_ischemic stroke_12_BGgpt.txt	medication	concept	3470	3477	Аспирин
neurology_ischemic stroke_12_BGgpt.txt	medication	concept	3495	3506	Клопидогрел
neurology_ischemic stroke_12_BGgpt.txt	medication	concept	3558	3568	Лизиноприл
neurology_ischemic stroke_12_BGgpt.txt	disease	concept	3585	3606	артериална хипертония
neurology_ischemic stroke_12_BGgpt.txt	medication	concept	3611	3620	Метформин
neurology_ischemic stroke_12_BGgpt.txt	disease	concept	3647	3661	захарен диабет
neurology_ischemic stroke_12_BGgpt.txt	medication	concept	3666	3678	Аторвастатин
neurology_ischemic stroke_12_BGgpt.txt	disease	concept	3695	3707	дислипидемия
neurology_ischemic stroke_12_BGgpt.txt	disease	concept	3924	3930	инсулт
neurology_ischemic stroke_12_BGgpt.txt	disease	concept	4134	4140	инсулт
neurology_ischemic stroke_12_BGgpt.txt	procedure	concept	4204	4217	рехабилитация
neurology_ischemic stroke_12_BGgpt.txt	disease	concept	4282	4288	инсулт
neurology_ischemic stroke_12_BGgpt.txt	procedure	concept	4341	4356	рехабилитацията
neurology_ischemic stroke_13_BGgpt.txt	symptom	concept	520	526	дикция
neurology_ischemic stroke_13_BGgpt.txt	symptom	concept	593	603	главоболие
neurology_ischemic stroke_13_BGgpt.txt	disease	concept	729	739	Хипертония
neurology_ischemic stroke_13_BGgpt.txt	disease	concept	742	762	Захарен диабет тип 2
neurology_ischemic stroke_13_BGgpt.txt	disease	concept	765	779	Хиперлипидемия
neurology_ischemic stroke_13_BGgpt.txt	medication	concept	807	817	Лизиноприл
neurology_ischemic stroke_13_BGgpt.txt	medication	concept	840	849	Метформин
neurology_ischemic stroke_13_BGgpt.txt	medication	concept	875	887	Аторвастатин
neurology_ischemic stroke_13_BGgpt.txt	procedure	concept	1596	1611	Ехокардиография
neurology_ischemic stroke_13_BGgpt.txt	symptom	concept	1714	1721	стеноза
neurology_ischemic stroke_13_BGgpt.txt	medication	concept	1895	1901	статин
neurology_ischemic stroke_13_BGgpt.txt	medication	concept	2323	2357	венозни антихипертензивни средства
neurology_ischemic stroke_13_BGgpt.txt	medication	concept	2399	2406	Аспирин
neurology_ischemic stroke_13_BGgpt.txt	medication	concept	2534	2545	клопидогрел
neurology_ischemic stroke_13_BGgpt.txt	medication	concept	2586	2594	аспирина
neurology_ischemic stroke_13_BGgpt.txt	disease	concept	2640	2643	ПИА
neurology_ischemic stroke_13_BGgpt.txt	symptom	concept	2659	2677	предсърдно мъждене
neurology_ischemic stroke_13_BGgpt.txt	medication	concept	2765	2774	апиксабан
neurology_ischemic stroke_13_BGgpt.txt	medication	concept	3052	3061	Апиксабан
neurology_ischemic stroke_13_BGgpt.txt	medication	concept	3085	3092	Аспирин
neurology_ischemic stroke_13_BGgpt.txt	medication	concept	3115	3125	Лизиноприл
neurology_ischemic stroke_13_BGgpt.txt	medication	concept	3148	3195	"Метформин 500 mg два пъти дневно
- Аторвастатин"
neurology_ischemic stroke_13_BGgpt.txt	medication	concept	3218	3229	Клопидогрел
neurology_ischemic stroke_13_BGgpt.txt	symptom	concept	3653	3670	кръвното налягане
neurology_ischemic stroke_13_BGgpt.txt	procedure	concept	4062	4072	тромболиза
neurology_ischemic stroke_13_BGgpt.txt	procedure	concept	4074	4097	антитромбоцитна терапия
neurology_ischemic stroke_14_BGgpt.txt	disease	concept	471	492	артериална хипертония
neurology_ischemic stroke_14_BGgpt.txt	disease	concept	495	515	захарен диабет тип 2
neurology_ischemic stroke_14_BGgpt.txt	disease	concept	951	972	Артериална хипертония
neurology_ischemic stroke_14_BGgpt.txt	disease	concept	977	997	Захарен диабет тип 2
neurology_ischemic stroke_14_BGgpt.txt	disease	concept	1002	1016	Хиперлипидемия
neurology_ischemic stroke_14_BGgpt.txt	medication	concept	1048	1058	Лизиноприл
neurology_ischemic stroke_14_BGgpt.txt	medication	concept	1083	1092	Метформин
neurology_ischemic stroke_14_BGgpt.txt	medication	concept	1121	1133	Аторвастатин
neurology_ischemic stroke_14_BGgpt.txt	symptom	concept	1662	1672	кръвоизлив
neurology_ischemic stroke_14_BGgpt.txt	symptom	concept	1886	1904	предсърдно мъждене
neurology_ischemic stroke_14_BGgpt.txt	medication	concept	3079	3086	аспирин
neurology_ischemic stroke_14_BGgpt.txt	symptom	concept	3139	3157	предсърдно мъждене
neurology_ischemic stroke_14_BGgpt.txt	medication	concept	3349	3356	аспирин
neurology_ischemic stroke_14_BGgpt.txt	medication	concept	3372	3383	клопидогрел
neurology_ischemic stroke_14_BGgpt.txt	medication	concept	3473	3480	аспирин
neurology_ischemic stroke_14_BGgpt.txt	procedure	concept	3562	3574	физиотерапия
neurology_ischemic stroke_14_BGgpt.txt	procedure	concept	3576	3587	ерготерапия
neurology_ischemic stroke_14_BGgpt.txt	symptom	concept	3836	3850	кръвната захар
neurology_ischemic stroke_14_BGgpt.txt	medication	concept	4027	4034	Аспирин
neurology_ischemic stroke_14_BGgpt.txt	medication	concept	4059	4070	Клопидогрел
neurology_ischemic stroke_14_BGgpt.txt	medication	concept	4128	4138	Лизиноприл
neurology_ischemic stroke_14_BGgpt.txt	medication	concept	4209	4218	Метформин
neurology_ischemic stroke_14_BGgpt.txt	medication	concept	4247	4259	Аторвастатин
neurology_ischemic stroke_14_BGgpt.txt	medication	concept	4282	4295	Емпаглифлозин
neurology_ischemic stroke_14_BGgpt.txt	disease	concept	4331	4345	ахарния диабет
neurology_ischemic stroke_14_BGgpt.txt	disease	concept	4695	4710	захарния диабет
neurology_ischemic stroke_14_BGgpt.txt	disease	concept	4778	4792	мозъчен инсулт
neurology_ischemic stroke_14_BGgpt.txt	symptom	concept	5173	5187	кръвната захар
neurology_ischemic stroke_15_BGgpt.txt	disease	concept	4	12	Епикриза
neurology_ischemic stroke_15_BGgpt.txt	disease	concept	649	665	исхемичен инсулт
neurology_ischemic stroke_15_BGgpt.txt	symptom	concept	939	949	кръвоизлив
neurology_ischemic stroke_15_BGgpt.txt	procedure	concept	965	995	магнитно-резонансна томография
neurology_ischemic stroke_15_BGgpt.txt	medication	concept	1755	1800	рекомбинантен тъканен плазминогенен активатор
neurology_ischemic stroke_15_BGgpt.txt	medication	concept	2323	2330	аспирин
neurology_ischemic stroke_15_BGgpt.txt	medication	concept	2474	2481	аспирин
neurology_ischemic stroke_15_BGgpt.txt	medication	concept	2500	2511	клопидогрел
neurology_ischemic stroke_15_BGgpt.txt	medication	concept	2572	2579	аспирин
neurology_ischemic stroke_15_BGgpt.txt	medication	concept	2613	2625	аторвастатин
neurology_ischemic stroke_15_BGgpt.txt	procedure	concept	2751	2763	физиотерапия
neurology_ischemic stroke_15_BGgpt.txt	procedure	concept	2765	2777	трудотерапия
neurology_ischemic stroke_15_BGgpt.txt	procedure	concept	2780	2799	логопедична терапия
neurology_ischemic stroke_15_BGgpt.txt	symptom	concept	2850	2855	речта
neurology_ischemic stroke_15_BGgpt.txt	medication	concept	2893	2900	Аспирин
neurology_ischemic stroke_15_BGgpt.txt	medication	concept	2918	2929	Клопидогрел
neurology_ischemic stroke_15_BGgpt.txt	medication	concept	2984	2996	Аторвастатин
neurology_ischemic stroke_15_BGgpt.txt	medication	concept	3014	3043	Антихипертензивни медикаменти
neurology_ischemic stroke_15_BGgpt.txt	disease	concept	3211	3230	каротидната стеноза
neurology_ischemic stroke_15_BGgpt.txt	symptom	concept	3339	3360	артериалното налягане
neurology_ischemic stroke_15_BGgpt.txt	procedure	concept	3815	3840	каротидна ендартеректомия
neurology_ischemic stroke_15_BGgpt.txt	procedure	concept	3845	3855	стентиране
neurology_ischemic stroke_15_BGgpt.txt	medication	concept	4087	4094	статини
neurology_ischemic stroke_16_BGgpt.txt	disease	concept	4	12	Епикриза
neurology_ischemic stroke_16_BGgpt.txt	disease	concept	331	347	Исхемичен инсулт
neurology_ischemic stroke_16_BGgpt.txt	disease	concept	376	386	Хипертония
neurology_ischemic stroke_16_BGgpt.txt	disease	concept	388	402	Хиперлипидемия
neurology_ischemic stroke_16_BGgpt.txt	disease	concept	482	492	хипертония
neurology_ischemic stroke_16_BGgpt.txt	disease	concept	495	509	хиперлипидемия
neurology_ischemic stroke_16_BGgpt.txt	disease	concept	1954	1976	остър исхемичен инсулт
neurology_ischemic stroke_16_BGgpt.txt	medication	concept	2441	2475	венозни антихипертензивни средства
neurology_ischemic stroke_16_BGgpt.txt	medication	concept	2490	2499	лабеталол
neurology_ischemic stroke_16_BGgpt.txt	medication	concept	2570	2577	Аспирин
neurology_ischemic stroke_16_BGgpt.txt	medication	concept	2683	2690	аспирин
neurology_ischemic stroke_16_BGgpt.txt	medication	concept	2696	2707	клопидогрел
neurology_ischemic stroke_16_BGgpt.txt	disease	concept	2792	2816	преходна исхемична атака
neurology_ischemic stroke_16_BGgpt.txt	disease	concept	2825	2835	лек инсулт
neurology_ischemic stroke_16_BGgpt.txt	medication	concept	2855	2862	аспирин
neurology_ischemic stroke_16_BGgpt.txt	medication	concept	2874	2882	пидогрел
neurology_ischemic stroke_16_BGgpt.txt	procedure	concept	3000	3011	ерготерапия
neurology_ischemic stroke_16_BGgpt.txt	procedure	concept	3014	3033	логопедична терапия
neurology_ischemic stroke_16_BGgpt.txt	procedure	concept	3117	3134	сърдечната оценка
neurology_ischemic stroke_16_BGgpt.txt	procedure	concept	3137	3165	съдовата образна диагностика
neurology_ischemic stroke_16_BGgpt.txt	medication	concept	3328	3335	Аспирин
neurology_ischemic stroke_16_BGgpt.txt	medication	concept	3363	3374	Клопидогрел
neurology_ischemic stroke_16_BGgpt.txt	medication	concept	3439	3451	Аторвастатин
neurology_ischemic stroke_16_BGgpt.txt	medication	concept	3478	3488	Лизиноприл
neurology_ischemic stroke_16_BGgpt.txt	medication	concept	3516	3535	Метопролол сукцинат
neurology_ischemic stroke_16_BGgpt.txt	symptom	concept	4072	4089	кръвното налягане
neurology_ischemic stroke_16_BGgpt.txt	medication	concept	4397	4403	натрий
neurology_ischemic stroke_16_BGgpt.txt	procedure	concept	4617	4632	рехабилитацията
neurology_ischemic stroke_16_BGgpt.txt	procedure	concept	4658	4682	медикаментозната терапия
neurology_ischemic stroke_17_BGgpt.txt	disease	concept	289	298	епикризис
neurology_ischemic stroke_17_BGgpt.txt	symptom	concept	437	443	афазия
neurology_ischemic stroke_17_BGgpt.txt	disease	concept	542	552	хипертония
neurology_ischemic stroke_17_BGgpt.txt	disease	concept	554	568	хиперлипидемия
neurology_ischemic stroke_17_BGgpt.txt	symptom	concept	929	939	кръвоизлив
neurology_ischemic stroke_17_BGgpt.txt	disease	concept	1536	1558	остър исхемичен инсулт
neurology_ischemic stroke_17_BGgpt.txt	medication	concept	2112	2119	аспирин
neurology_ischemic stroke_17_BGgpt.txt	medication	concept	2253	2264	клопидогрел
neurology_ischemic stroke_17_BGgpt.txt	medication	concept	2295	2302	аспирин
neurology_ischemic stroke_17_BGgpt.txt	medication	concept	2423	2429	статин
neurology_ischemic stroke_17_BGgpt.txt	medication	concept	2431	2443	аторвастатин
neurology_ischemic stroke_17_BGgpt.txt	medication	concept	2501	2511	лизиноприл
neurology_ischemic stroke_17_BGgpt.txt	disease	concept	2539	2551	хипертонията
neurology_ischemic stroke_17_BGgpt.txt	procedure	concept	2624	2636	физиотерапия
neurology_ischemic stroke_17_BGgpt.txt	procedure	concept	2638	2650	трудотерапия
neurology_ischemic stroke_17_BGgpt.txt	medication	concept	2797	2808	антибиотици
neurology_ischemic stroke_17_BGgpt.txt	medication	concept	2959	2966	Аспирин
neurology_ischemic stroke_17_BGgpt.txt	medication	concept	2984	2995	Клопидогрел
neurology_ischemic stroke_17_BGgpt.txt	medication	concept	3047	3059	Аторвастатин
neurology_ischemic stroke_17_BGgpt.txt	medication	concept	3077	3087	Лизиноприл
neurology_ischemic stroke_17_BGgpt.txt	medication	concept	3105	3116	Амоксицилин
neurology_ischemic stroke_17_BGgpt.txt	disease	concept	3175	3184	пневмония
neurology_ischemic stroke_17_BGgpt.txt	procedure	concept	3418	3442	амбулаторна физиотерапия
neurology_ischemic stroke_17_BGgpt.txt	procedure	concept	3444	3456	трудотерапия
neurology_ischemic stroke_17_BGgpt.txt	medication	concept	3781	3787	статин
neurology_ischemic stroke_17_BGgpt.txt	disease	concept	3893	3899	инсулт
neurology_ischemic stroke_17_BGgpt.txt	procedure	concept	3990	4005	рехабилитацията
neurology_ischemic stroke_18_BGgpt.txt	disease	concept	4	12	Епикриза
neurology_ischemic stroke_18_BGgpt.txt	disease	concept	546	556	Хипертония
neurology_ischemic stroke_18_BGgpt.txt	disease	concept	561	581	Захарен диабет тип 2
neurology_ischemic stroke_18_BGgpt.txt	disease	concept	595	611	исхемичен инсулт
neurology_ischemic stroke_18_BGgpt.txt	medication	concept	689	699	Лизиноприл
neurology_ischemic stroke_18_BGgpt.txt	medication	concept	724	733	Метформин
neurology_ischemic stroke_18_BGgpt.txt	medication	concept	761	768	Аспирин
neurology_ischemic stroke_18_BGgpt.txt	disease	concept	1172	1188	исхемичен инсулт
neurology_ischemic stroke_18_BGgpt.txt	symptom	concept	1379	1397	предсърдно мъждене
neurology_ischemic stroke_18_BGgpt.txt	disease	concept	1747	1763	исхемичен инсулт
neurology_ischemic stroke_18_BGgpt.txt	medication	concept	2040	2077	венозни антихипертензивни медикаменти
neurology_ischemic stroke_18_BGgpt.txt	medication	concept	2260	2267	аспирин
neurology_ischemic stroke_18_BGgpt.txt	medication	concept	2323	2334	клопидогрел
neurology_ischemic stroke_18_BGgpt.txt	procedure	concept	2425	2442	ранна мобилизация
neurology_ischemic stroke_18_BGgpt.txt	procedure	concept	2445	2464	логопедична терапия
neurology_ischemic stroke_18_BGgpt.txt	medication	concept	2572	2581	апиксабан
neurology_ischemic stroke_18_BGgpt.txt	medication	concept	2754	2763	Апиксабан
neurology_ischemic stroke_18_BGgpt.txt	medication	concept	2789	2796	Аспирин
neurology_ischemic stroke_18_BGgpt.txt	medication	concept	2821	2832	Клопидогрел
neurology_ischemic stroke_18_BGgpt.txt	medication	concept	2885	2895	Лизиноприл
neurology_ischemic stroke_18_BGgpt.txt	medication	concept	2920	2929	Метформин
neurology_ischemic stroke_18_BGgpt.txt	medication	concept	2957	2969	Аторвастатин
neurology_ischemic stroke_18_BGgpt.txt	disease	concept	3018	3024	инсулт
neurology_ischemic stroke_18_BGgpt.txt	disease	concept	3038	3052	дислипидемията
neurology_ischemic stroke_18_BGgpt.txt	disease	concept	3311	3331	предсърдното мъждене
neurology_ischemic stroke_18_BGgpt.txt	disease	concept	3334	3346	хипертонията
neurology_ischemic stroke_18_BGgpt.txt	disease	concept	3783	3789	инсулт
neurology_ischemic stroke_18_BGgpt.txt	disease	concept	3936	3946	хипертония
neurology_ischemic stroke_18_BGgpt.txt	disease	concept	3948	3962	захарен диабет
neurology_ischemic stroke_18_BGgpt.txt	disease	concept	3965	3980	прекаран инсулт
neurology_ischemic stroke_18_BGgpt.txt	disease	concept	4054	4060	инсулт
neurology_ischemic stroke_18_BGgpt.txt	medication	concept	4091	4096	rt-PA
neurology_ischemic stroke_18_BGgpt.txt	disease	concept	4393	4399	инсулт
neurology_ischemic stroke_19_BGgpt.txt	disease	concept	375	385	Хипертония
neurology_ischemic stroke_19_BGgpt.txt	disease	concept	387	405	Предсърдно мъждене
neurology_ischemic stroke_19_BGgpt.txt	procedure	concept	1576	1591	Ехокардиография
neurology_ischemic stroke_19_BGgpt.txt	disease	concept	1645	1658	клапна болест
neurology_ischemic stroke_19_BGgpt.txt	medication	concept	2158	2203	рекомбинантен тъканен плазминогенен активатор
neurology_ischemic stroke_19_BGgpt.txt	medication	concept	2396	2435	интравенозни антихипертензивни средства
neurology_ischemic stroke_19_BGgpt.txt	medication	concept	2622	2629	аспирин
neurology_ischemic stroke_19_BGgpt.txt	disease	concept	2761	2768	рецидив
neurology_ischemic stroke_19_BGgpt.txt	medication	concept	2808	2817	апиксабан
neurology_ischemic stroke_19_BGgpt.txt	medication	concept	3280	3287	Аспирин
neurology_ischemic stroke_19_BGgpt.txt	medication	concept	3306	3315	Апиксабан
neurology_ischemic stroke_19_BGgpt.txt	medication	concept	3341	3351	Лизиноприл
neurology_ischemic stroke_19_BGgpt.txt	disease	concept	3379	3391	хипертонията
neurology_ischemic stroke_19_BGgpt.txt	medication	concept	3396	3408	Аторвастатин
neurology_ischemic stroke_19_BGgpt.txt	procedure	concept	3610	3622	физиотерапия
neurology_ischemic stroke_19_BGgpt.txt	procedure	concept	3625	3644	логопедична терапия
neurology_ischemic stroke_19_BGgpt.txt	procedure	concept	4140	4158	контролни прегледи
neurology_ischemic stroke_19_BGgpt.txt	disease	concept	4416	4423	рецидив
neurology_ischemic stroke_1_BGgpt.txt	disease	concept	4	12	Епикриза
neurology_ischemic stroke_1_BGgpt.txt	disease	concept	412	422	хипертония
neurology_ischemic stroke_1_BGgpt.txt	disease	concept	425	445	захарен диабет тип 2
neurology_ischemic stroke_1_BGgpt.txt	disease	concept	563	569	афазия
neurology_ischemic stroke_1_BGgpt.txt	symptom	concept	849	855	афазия
neurology_ischemic stroke_1_BGgpt.txt	symptom	concept	1004	1014	кръвоизлив
neurology_ischemic stroke_1_BGgpt.txt	procedure	concept	1359	1374	Ехокардиография
neurology_ischemic stroke_1_BGgpt.txt	medication	concept	2406	2413	аспирин
neurology_ischemic stroke_1_BGgpt.txt	medication	concept	2447	2458	клопидогрел
neurology_ischemic stroke_1_BGgpt.txt	medication	concept	2590	2602	аторвастатин
neurology_ischemic stroke_1_BGgpt.txt	medication	concept	2648	2657	метформин
neurology_ischemic stroke_1_BGgpt.txt	procedure	concept	2816	2828	физиотерапия
neurology_ischemic stroke_1_BGgpt.txt	procedure	concept	2830	2841	ерготерапия
neurology_ischemic stroke_1_BGgpt.txt	procedure	concept	2844	2863	логопедична терапия
neurology_ischemic stroke_1_BGgpt.txt	medication	concept	3137	3144	аспирин
neurology_ischemic stroke_1_BGgpt.txt	medication	concept	3159	3170	клопидогрел
neurology_ischemic stroke_1_BGgpt.txt	medication	concept	3195	3207	аторвастатин
neurology_ischemic stroke_1_BGgpt.txt	medication	concept	3222	3231	метформин
neurology_ischemic stroke_1_BGgpt.txt	medication	concept	3257	3267	лизиноприл
neurology_ischemic stroke_1_BGgpt.txt	disease	concept	3284	3294	хипертония
neurology_ischemic stroke_1_BGgpt.txt	symptom	concept	3490	3507	кръвното налягане
neurology_ischemic stroke_1_BGgpt.txt	symptom	concept	3785	3801	внезапна слабост
neurology_ischemic stroke_1_BGgpt.txt	symptom	concept	3803	3817	затруднена реч
neurology_ischemic stroke_20_BGgpt.txt	disease	concept	215	239	Исхемичен мозъчен инсулт
neurology_ischemic stroke_20_BGgpt.txt	disease	concept	580	592	хипогликемия
neurology_ischemic stroke_20_BGgpt.txt	disease	concept	939	963	исхемичен мозъчен инсулт
neurology_ischemic stroke_20_BGgpt.txt	procedure	concept	1147	1165	електрокардиограма
neurology_ischemic stroke_20_BGgpt.txt	symptom	concept	1201	1219	предсърдно мъждене
neurology_ischemic stroke_20_BGgpt.txt	disease	concept	1245	1261	емболичен инсулт
neurology_ischemic stroke_20_BGgpt.txt	procedure	concept	1317	1334	ехокардиографията
neurology_ischemic stroke_20_BGgpt.txt	procedure	concept	1387	1415	Съдовата образна диагностика
neurology_ischemic stroke_20_BGgpt.txt	medication	concept	1934	1943	Алтеплаза
neurology_ischemic stroke_20_BGgpt.txt	medication	concept	2081	2090	Алтеплаза
neurology_ischemic stroke_20_BGgpt.txt	medication	concept	2234	2243	Алтеплаза
neurology_ischemic stroke_20_BGgpt.txt	medication	concept	2403	2413	Лизиноприл
neurology_ischemic stroke_20_BGgpt.txt	disease	concept	2497	2503	инсулт
neurology_ischemic stroke_20_BGgpt.txt	medication	concept	2538	2545	Аспирин
neurology_ischemic stroke_20_BGgpt.txt	medication	concept	2765	2774	Апиксабан
neurology_ischemic stroke_20_BGgpt.txt	medication	concept	2852	2864	Аторвастатин
neurology_ischemic stroke_20_BGgpt.txt	procedure	concept	2978	2990	физиотерапия
neurology_ischemic stroke_20_BGgpt.txt	procedure	concept	2992	3004	трудотерапия
neurology_ischemic stroke_20_BGgpt.txt	procedure	concept	3007	3026	логопедична терапия
neurology_ischemic stroke_20_BGgpt.txt	procedure	concept	3124	3139	рехабилитацията
neurology_ischemic stroke_20_BGgpt.txt	medication	concept	3201	3212	Медикаменти
neurology_ischemic stroke_20_BGgpt.txt	medication	concept	3257	3267	Лизиноприл
neurology_ischemic stroke_20_BGgpt.txt	medication	concept	3269	3276	Аспирин
neurology_ischemic stroke_20_BGgpt.txt	medication	concept	3278	3287	Апиксабан
neurology_ischemic stroke_20_BGgpt.txt	medication	concept	3290	3302	Аторвастатин
neurology_ischemic stroke_20_BGgpt.txt	procedure	concept	3434	3461	извънболнична рехабилитация
neurology_ischemic stroke_20_BGgpt.txt	symptom	concept	3824	3844	предсърдното мъждене
neurology_ischemic stroke_20_BGgpt.txt	symptom	concept	3971	3992	неврологични симптоми
neurology_ischemic stroke_20_BGgpt.txt	disease	concept	4105	4129	исхемичен мозъчен инсулт
neurology_ischemic stroke_20_BGgpt.txt	procedure	concept	4207	4220	рехабилитация
neurology_ischemic stroke_20_BGgpt.txt	medication	concept	4292	4303	медикаменти
neurology_ischemic stroke_20_BGgpt.txt	disease	concept	4490	4510	рецидивиращи инсулти
neurology_ischemic stroke_21_BGgpt.txt	disease	concept	4	12	Епикриза
neurology_ischemic stroke_21_BGgpt.txt	symptom	concept	677	684	гърчове
neurology_ischemic stroke_21_BGgpt.txt	disease	concept	770	784	хиперлипидемия
neurology_ischemic stroke_21_BGgpt.txt	procedure	concept	1522	1537	Ехокардиография
neurology_ischemic stroke_21_BGgpt.txt	procedure	concept	1595	1621	Съдова образна диагностика
neurology_ischemic stroke_21_BGgpt.txt	medication	concept	2105	2127	интравенозен лабеталол
neurology_ischemic stroke_21_BGgpt.txt	medication	concept	2175	2182	Аспирин
neurology_ischemic stroke_21_BGgpt.txt	disease	concept	2238	2245	инсулта
neurology_ischemic stroke_21_BGgpt.txt	medication	concept	2333	2340	аспирин
neurology_ischemic stroke_21_BGgpt.txt	medication	concept	2356	2367	клопидогрел
neurology_ischemic stroke_21_BGgpt.txt	medication	concept	2430	2439	апиксабан
neurology_ischemic stroke_21_BGgpt.txt	disease	concept	2486	2492	инсулт
neurology_ischemic stroke_21_BGgpt.txt	medication	concept	2553	2565	аторвастатин
neurology_ischemic stroke_21_BGgpt.txt	medication	concept	2622	2632	лизиноприл
neurology_ischemic stroke_21_BGgpt.txt	medication	concept	2648	2657	амлодипин
neurology_ischemic stroke_21_BGgpt.txt	medication	concept	2699	2708	метформин
neurology_ischemic stroke_21_BGgpt.txt	procedure	concept	3089	3101	физиотерапия
neurology_ischemic stroke_21_BGgpt.txt	procedure	concept	3103	3114	ерготерапия
neurology_ischemic stroke_21_BGgpt.txt	disease	concept	3234	3240	инсулт
neurology_ischemic stroke_21_BGgpt.txt	disease	concept	3331	3337	инсулт
neurology_ischemic stroke_21_BGgpt.txt	disease	concept	3353	3359	инсулт
neurology_ischemic stroke_21_BGgpt.txt	medication	concept	3477	3484	Аспирин
neurology_ischemic stroke_21_BGgpt.txt	medication	concept	3502	3513	Клопидогрел
neurology_ischemic stroke_21_BGgpt.txt	medication	concept	3572	3581	Апиксабан
neurology_ischemic stroke_21_BGgpt.txt	medication	concept	3607	3619	Аторвастатин
neurology_ischemic stroke_21_BGgpt.txt	medication	concept	3637	3647	Лизиноприл
neurology_ischemic stroke_21_BGgpt.txt	medication	concept	3665	3674	Амлодипин
neurology_ischemic stroke_21_BGgpt.txt	medication	concept	3691	3700	Метформин
neurology_ischemic stroke_21_BGgpt.txt	disease	concept	4035	4045	хипертония
neurology_ischemic stroke_21_BGgpt.txt	disease	concept	4047	4053	диабет
neurology_ischemic stroke_21_BGgpt.txt	disease	concept	4056	4070	хиперлипидемия
neurology_ischemic stroke_22_BGgpt.txt	disease	concept	507	517	хипертония
neurology_ischemic stroke_22_BGgpt.txt	disease	concept	520	534	хиперлипидемия
neurology_ischemic stroke_22_BGgpt.txt	symptom	concept	707	717	главоболие
neurology_ischemic stroke_22_BGgpt.txt	symptom	concept	719	726	гърчове
neurology_ischemic stroke_22_BGgpt.txt	symptom	concept	1107	1113	афазия
neurology_ischemic stroke_22_BGgpt.txt	symptom	concept	1296	1306	кръвоизлив
neurology_ischemic stroke_22_BGgpt.txt	medication	concept	2028	2031	tPA
neurology_ischemic stroke_22_BGgpt.txt	medication	concept	2191	2194	tPA
neurology_ischemic stroke_22_BGgpt.txt	medication	concept	2445	2452	Аспирин
neurology_ischemic stroke_22_BGgpt.txt	medication	concept	2616	2627	клопидогрел
neurology_ischemic stroke_22_BGgpt.txt	procedure	concept	2695	2717	механична тромбектомия
neurology_ischemic stroke_22_BGgpt.txt	procedure	concept	2909	2921	физиотерапия
neurology_ischemic stroke_22_BGgpt.txt	procedure	concept	2923	2934	ерготерапия
neurology_ischemic stroke_22_BGgpt.txt	medication	concept	3024	3031	Аспирин
neurology_ischemic stroke_22_BGgpt.txt	medication	concept	3049	3060	Клопидогрел
neurology_ischemic stroke_22_BGgpt.txt	medication	concept	3088	3100	Аторвастатин
neurology_ischemic stroke_22_BGgpt.txt	medication	concept	3117	3127	Лизиноприл
neurology_ischemic stroke_22_BGgpt.txt	medication	concept	3145	3155	Метопролол
neurology_ischemic stroke_22_BGgpt.txt	procedure	concept	3456	3468	физиотерапия
neurology_ischemic stroke_22_BGgpt.txt	procedure	concept	3957	3967	тромболиза
neurology_ischemic stroke_22_BGgpt.txt	procedure	concept	3970	3992	механична тромбектомия
neurology_ischemic stroke_22_BGgpt.txt	symptom	concept	4120	4126	афазия
neurology_ischemic stroke_23_BGgpt.txt	symptom	concept	360	366	афазия
neurology_ischemic stroke_23_BGgpt.txt	disease	concept	471	487	исхемичен инсулт
neurology_ischemic stroke_23_BGgpt.txt	disease	concept	510	531	Артериална хипертония
neurology_ischemic stroke_23_BGgpt.txt	disease	concept	536	556	Захарен диабет тип 2
neurology_ischemic stroke_23_BGgpt.txt	disease	concept	596	599	ПИА
neurology_ischemic stroke_23_BGgpt.txt	medication	concept	651	661	Лизиноприл
neurology_ischemic stroke_23_BGgpt.txt	medication	concept	679	688	Метформин
neurology_ischemic stroke_23_BGgpt.txt	symptom	concept	1100	1110	кръвоизлив
neurology_ischemic stroke_23_BGgpt.txt	procedure	concept	1733	1751	електрокардиограма
neurology_ischemic stroke_23_BGgpt.txt	disease	concept	2171	2185	захарен диабет
neurology_ischemic stroke_23_BGgpt.txt	disease	concept	2227	2241	хиперлипидемия
neurology_ischemic stroke_23_BGgpt.txt	medication	concept	2371	2378	Аспирин
neurology_ischemic stroke_23_BGgpt.txt	medication	concept	2487	2497	Лизиноприл
neurology_ischemic stroke_23_BGgpt.txt	medication	concept	2539	2548	Амлодипин
neurology_ischemic stroke_23_BGgpt.txt	medication	concept	2648	2660	Аторвастатин
neurology_ischemic stroke_23_BGgpt.txt	medication	concept	2733	2748	Инсулин Гларгин
neurology_ischemic stroke_23_BGgpt.txt	procedure	concept	3057	3069	физиотерапия
neurology_ischemic stroke_23_BGgpt.txt	medication	concept	3401	3410	Апиксабан
neurology_ischemic stroke_23_BGgpt.txt	medication	concept	3440	3448	Варфарин
neurology_ischemic stroke_23_BGgpt.txt	medication	concept	3542	3552	Лизиноприл
neurology_ischemic stroke_23_BGgpt.txt	medication	concept	3570	3579	Амлодипин
neurology_ischemic stroke_23_BGgpt.txt	medication	concept	3596	3603	Аспирин
neurology_ischemic stroke_23_BGgpt.txt	medication	concept	3663	3674	Клопидогрел
neurology_ischemic stroke_23_BGgpt.txt	medication	concept	3714	3721	Аспирин
neurology_ischemic stroke_23_BGgpt.txt	medication	concept	3760	3772	Аторвастатин
neurology_ischemic stroke_23_BGgpt.txt	medication	concept	3789	3798	Апиксабан
neurology_ischemic stroke_23_BGgpt.txt	medication	concept	3824	3839	Инсулин Гларгин
neurology_ischemic stroke_23_BGgpt.txt	disease	concept	4216	4231	захарния диабет
neurology_ischemic stroke_23_BGgpt.txt	disease	concept	4423	4439	исхемичен инсулт
neurology_ischemic stroke_23_BGgpt.txt	symptom	concept	4469	4487	предсърдно мъждене
neurology_ischemic stroke_23_BGgpt.txt	symptom	concept	5357	5373	странични ефекти
neurology_ischemic stroke_24_BGgpt.txt	disease	concept	273	297	Исхемичен мозъчен инсулт
neurology_ischemic stroke_24_BGgpt.txt	disease	concept	555	576	артериална хипертония
neurology_ischemic stroke_24_BGgpt.txt	disease	concept	578	598	захарен диабет тип 2
neurology_ischemic stroke_24_BGgpt.txt	disease	concept	601	615	хиперлипидемия
neurology_ischemic stroke_24_BGgpt.txt	medication	concept	1439	1442	tPA
neurology_ischemic stroke_24_BGgpt.txt	disease	concept	1888	1910	кардиоемболичен инсулт
neurology_ischemic stroke_24_BGgpt.txt	medication	concept	2112	2119	аспирин
neurology_ischemic stroke_24_BGgpt.txt	procedure	concept	2727	2739	физиотерапия
neurology_ischemic stroke_24_BGgpt.txt	procedure	concept	2741	2756	трудова терапия
neurology_ischemic stroke_24_BGgpt.txt	procedure	concept	2759	2778	логопедична терапия
neurology_ischemic stroke_24_BGgpt.txt	medication	concept	2897	2904	Аспирин
neurology_ischemic stroke_24_BGgpt.txt	medication	concept	2920	2931	Клопидогрел
neurology_ischemic stroke_24_BGgpt.txt	medication	concept	2957	2969	Аторвастатин
neurology_ischemic stroke_24_BGgpt.txt	medication	concept	2985	2995	Лизиноприл
neurology_ischemic stroke_24_BGgpt.txt	medication	concept	3011	3020	Метформин
neurology_ischemic stroke_24_BGgpt.txt	disease	concept	3153	3159	инсулт
neurology_ischemic stroke_24_BGgpt.txt	disease	concept	3239	3262	артериалната хипертония
neurology_ischemic stroke_24_BGgpt.txt	disease	concept	3264	3279	захарния диабет
neurology_ischemic stroke_24_BGgpt.txt	disease	concept	3282	3298	хиперлипидемията
neurology_ischemic stroke_24_BGgpt.txt	procedure	concept	3339	3354	трудова терапия
neurology_ischemic stroke_24_BGgpt.txt	disease	concept	3503	3509	инсулт
neurology_ischemic stroke_24_BGgpt.txt	symptom	concept	3530	3547	кръвното налягане
neurology_ischemic stroke_24_BGgpt.txt	disease	concept	3791	3797	инсулт
neurology_ischemic stroke_24_BGgpt.txt	disease	concept	3963	3969	инсулт
neurology_ischemic stroke_25_BGgpt.txt	medication	concept	517	527	Лизиноприл
neurology_ischemic stroke_25_BGgpt.txt	medication	concept	579	588	Метформин
neurology_ischemic stroke_25_BGgpt.txt	disease	concept	1157	1181	исхемичен мозъчен инсулт
neurology_ischemic stroke_25_BGgpt.txt	procedure	concept	1497	1512	ехокардиография
neurology_ischemic stroke_25_BGgpt.txt	symptom	concept	1561	1579	предсърдно мъждене
neurology_ischemic stroke_25_BGgpt.txt	procedure	concept	1975	1992	Венозен алтеплаза
neurology_ischemic stroke_25_BGgpt.txt	medication	concept	2363	2388	Ацетилсалицилова киселина
neurology_ischemic stroke_25_BGgpt.txt	medication	concept	2390	2397	Аспирин
neurology_ischemic stroke_25_BGgpt.txt	medication	concept	2592	2599	Аспирин
neurology_ischemic stroke_25_BGgpt.txt	medication	concept	2615	2626	Клопидогрел
neurology_ischemic stroke_25_BGgpt.txt	medication	concept	2725	2737	Аторвастатин
neurology_ischemic stroke_25_BGgpt.txt	medication	concept	2859	2868	Метформин
neurology_ischemic stroke_25_BGgpt.txt	medication	concept	2911	2919	Глипизид
neurology_ischemic stroke_25_BGgpt.txt	medication	concept	3498	3505	Аспирин
neurology_ischemic stroke_25_BGgpt.txt	medication	concept	3559	3571	Аторвастатин
neurology_ischemic stroke_25_BGgpt.txt	disease	concept	3655	3661	диабет
neurology_ischemic stroke_25_BGgpt.txt	procedure	concept	3705	3729	амбулаторна физиотерапия
neurology_ischemic stroke_25_BGgpt.txt	disease	concept	3987	3993	инсулт
neurology_ischemic stroke_25_BGgpt.txt	disease	concept	4109	4115	инсулт
neurology_ischemic stroke_26_BGgpt.txt	symptom	concept	714	724	главоболие
neurology_ischemic stroke_26_BGgpt.txt	disease	concept	772	782	хипертония
neurology_ischemic stroke_26_BGgpt.txt	disease	concept	785	799	хиперлипидемия
neurology_ischemic stroke_26_BGgpt.txt	disease	concept	828	838	Хипертония
neurology_ischemic stroke_26_BGgpt.txt	disease	concept	841	855	Хиперлипидемия
neurology_ischemic stroke_26_BGgpt.txt	medication	concept	891	901	Лизиноприл
neurology_ischemic stroke_26_BGgpt.txt	medication	concept	917	929	Аторвастатин
neurology_ischemic stroke_26_BGgpt.txt	symptom	concept	1155	1161	афазия
neurology_ischemic stroke_26_BGgpt.txt	symptom	concept	1389	1399	кръвоизлив
neurology_ischemic stroke_26_BGgpt.txt	symptom	concept	1711	1729	предсърдно мъждене
neurology_ischemic stroke_26_BGgpt.txt	disease	concept	2116	2138	остър исхемичен инсулт
neurology_ischemic stroke_26_BGgpt.txt	medication	concept	2429	2466	венозни антихипертензивни медикаменти
neurology_ischemic stroke_26_BGgpt.txt	medication	concept	2676	2683	аспирин
neurology_ischemic stroke_26_BGgpt.txt	symptom	concept	2776	2798	неврологично влошаване
neurology_ischemic stroke_26_BGgpt.txt	symptom	concept	2803	2828	хеморагична трансформация
neurology_ischemic stroke_26_BGgpt.txt	medication	concept	2907	2922	аторвастатин 40
neurology_ischemic stroke_26_BGgpt.txt	procedure	concept	3028	3040	физиотерапия
neurology_ischemic stroke_26_BGgpt.txt	procedure	concept	3042	3053	ерготерапия
neurology_ischemic stroke_26_BGgpt.txt	procedure	concept	3056	3075	логопедична терапия
neurology_ischemic stroke_26_BGgpt.txt	medication	concept	3218	3225	Аспирин
neurology_ischemic stroke_26_BGgpt.txt	medication	concept	3241	3251	Лизиноприл
neurology_ischemic stroke_26_BGgpt.txt	medication	concept	3267	3279	Аторвастатин
neurology_ischemic stroke_26_BGgpt.txt	medication	concept	3294	3305	Клопидогрел
neurology_ischemic stroke_26_BGgpt.txt	procedure	concept	3467	3491	амбулаторна физиотерапия
neurology_ischemic stroke_26_BGgpt.txt	procedure	concept	3493	3504	ерготерапия
neurology_ischemic stroke_26_BGgpt.txt	procedure	concept	3507	3526	логопедична терапия
neurology_ischemic stroke_26_BGgpt.txt	procedure	concept	3968	3986	здравословна диета
neurology_ischemic stroke_26_BGgpt.txt	disease	concept	4181	4187	инсулт
neurology_ischemic stroke_26_BGgpt.txt	procedure	concept	4288	4309	вторична профилактика
neurology_ischemic stroke_27_BGgpt.txt	disease	concept	246	270	Исхемичен мозъчен инсулт
neurology_ischemic stroke_27_BGgpt.txt	disease	concept	658	679	артериална хипертония
neurology_ischemic stroke_27_BGgpt.txt	disease	concept	698	718	захарен диабет тип 2
neurology_ischemic stroke_27_BGgpt.txt	procedure	concept	2171	2193	Механична тромбектомия
neurology_ischemic stroke_27_BGgpt.txt	procedure	concept	2321	2343	механична тромбектомия
neurology_ischemic stroke_27_BGgpt.txt	procedure	concept	2464	2487	Антитромбоцитна терапия
neurology_ischemic stroke_27_BGgpt.txt	medication	concept	2678	2689	Клопидогрел
neurology_ischemic stroke_27_BGgpt.txt	disease	concept	2766	2787	артериална хипертония
neurology_ischemic stroke_27_BGgpt.txt	disease	concept	2790	2804	захарен диабет
neurology_ischemic stroke_27_BGgpt.txt	disease	concept	2808	2831	Артериалната хипертония
neurology_ischemic stroke_27_BGgpt.txt	disease	concept	2834	2850	захарният диабет
neurology_ischemic stroke_27_BGgpt.txt	medication	concept	2912	2922	Лизиноприл
neurology_ischemic stroke_27_BGgpt.txt	medication	concept	2938	2947	Метформин
neurology_ischemic stroke_27_BGgpt.txt	disease	concept	2989	3003	хиперлипидемия
neurology_ischemic stroke_27_BGgpt.txt	medication	concept	3007	3019	Аторвастатин
neurology_ischemic stroke_27_BGgpt.txt	disease	concept	3058	3072	хиперлипидемия
neurology_ischemic stroke_27_BGgpt.txt	procedure	concept	3093	3105	проследяване
neurology_ischemic stroke_27_BGgpt.txt	procedure	concept	3140	3152	физиотерапия
neurology_ischemic stroke_27_BGgpt.txt	medication	concept	3578	3585	Аспирин
neurology_ischemic stroke_27_BGgpt.txt	medication	concept	3610	3621	Клопидогрел
neurology_ischemic stroke_27_BGgpt.txt	medication	concept	3656	3666	Лизиноприл
neurology_ischemic stroke_27_BGgpt.txt	medication	concept	3728	3740	Аторвастатин
neurology_ischemic stroke_27_BGgpt.txt	symptom	concept	4180	4194	кръвната захар
neurology_ischemic stroke_27_BGgpt.txt	disease	concept	4466	4472	инсулт
neurology_ischemic stroke_27_BGgpt.txt	disease	concept	4474	4486	гръдна болка
neurology_ischemic stroke_27_BGgpt.txt	disease	concept	4632	4656	исхемичен мозъчен инсулт
neurology_ischemic stroke_28_BGgpt.txt	symptom	concept	512	519	слабост
neurology_ischemic stroke_28_BGgpt.txt	disease	concept	901	911	хипертония
neurology_ischemic stroke_28_BGgpt.txt	disease	concept	914	934	захарен диабет тип 2
neurology_ischemic stroke_28_BGgpt.txt	symptom	concept	1286	1299	хипергликемия
neurology_ischemic stroke_28_BGgpt.txt	medication	concept	2238	2283	рекомбинантен тъканен плазминогенен активатор
neurology_ischemic stroke_28_BGgpt.txt	medication	concept	2608	2615	аспирин
neurology_ischemic stroke_28_BGgpt.txt	disease	concept	2802	2809	ектомия
neurology_ischemic stroke_28_BGgpt.txt	medication	concept	2935	2942	аспирин
neurology_ischemic stroke_28_BGgpt.txt	medication	concept	2958	2969	клопидогрел
neurology_ischemic stroke_28_BGgpt.txt	medication	concept	3028	3035	аспирин
neurology_ischemic stroke_28_BGgpt.txt	medication	concept	3076	3088	аторвастатин
neurology_ischemic stroke_28_BGgpt.txt	medication	concept	3132	3142	лизиноприл
neurology_ischemic stroke_28_BGgpt.txt	medication	concept	3158	3167	амлодипин
neurology_ischemic stroke_28_BGgpt.txt	medication	concept	3231	3240	апиксабан
neurology_ischemic stroke_28_BGgpt.txt	procedure	concept	3346	3357	ерготерапия
neurology_ischemic stroke_28_BGgpt.txt	procedure	concept	3360	3379	логопедична терапия
neurology_ischemic stroke_28_BGgpt.txt	medication	concept	3541	3548	аспирин
neurology_ischemic stroke_28_BGgpt.txt	medication	concept	3563	3574	клопидогрел
neurology_ischemic stroke_28_BGgpt.txt	medication	concept	3632	3644	аторвастатин
neurology_ischemic stroke_28_BGgpt.txt	medication	concept	3659	3669	лизиноприл
neurology_ischemic stroke_28_BGgpt.txt	medication	concept	3684	3693	амлодипин
neurology_ischemic stroke_28_BGgpt.txt	medication	concept	3709	3718	апиксабан
neurology_ischemic stroke_28_BGgpt.txt	procedure	concept	3869	3884	ехокардиография
neurology_ischemic stroke_28_BGgpt.txt	procedure	concept	3887	3905	дуплекс сонография
neurology_ischemic stroke_28_BGgpt.txt	disease	concept	4261	4278	рецидив на инсулт
neurology_ischemic stroke_28_BGgpt.txt	disease	concept	4444	4450	инсулт
neurology_ischemic stroke_28_BGgpt.txt	symptom	concept	4464	4482	предсърдно мъждене
neurology_ischemic stroke_28_BGgpt.txt	procedure	concept	4675	4696	вторична профилактика
neurology_ischemic stroke_28_BGgpt.txt	procedure	concept	4699	4712	рехабилитация
neurology_ischemic stroke_28_BGgpt.txt	disease	concept	4765	4782	рецидив на инсулт
neurology_ischemic stroke_29_BGgpt.txt	disease	concept	259	275	Исхемичен инсулт
neurology_ischemic stroke_29_BGgpt.txt	disease	concept	388	409	артериална хипертония
neurology_ischemic stroke_29_BGgpt.txt	disease	concept	412	432	захарен диабет тип 2
neurology_ischemic stroke_29_BGgpt.txt	symptom	concept	567	570	реч
neurology_ischemic stroke_29_BGgpt.txt	procedure	concept	908	929	компютърна томография
neurology_ischemic stroke_29_BGgpt.txt	symptom	concept	974	984	кръвоизлив
neurology_ischemic stroke_29_BGgpt.txt	disease	concept	1012	1030	хеморагичен инсулт
neurology_ischemic stroke_29_BGgpt.txt	disease	concept	1389	1421	съпътстващи сърдечни заболявания
neurology_ischemic stroke_29_BGgpt.txt	procedure	concept	1547	1579	компютър-томографска ангиография
neurology_ischemic stroke_29_BGgpt.txt	disease	concept	1731	1748	исхемичния инсулт
neurology_ischemic stroke_29_BGgpt.txt	disease	concept	2164	2185	артериална хипертония
neurology_ischemic stroke_29_BGgpt.txt	disease	concept	2188	2202	захарен диабет
neurology_ischemic stroke_29_BGgpt.txt	medication	concept	2308	2361	венозен рекомбинантен тъканен плазминогенен активатор
neurology_ischemic stroke_29_BGgpt.txt	symptom	concept	2753	2780	диастолично кръвно налягане
neurology_ischemic stroke_29_BGgpt.txt	medication	concept	2805	2839	венозни антихипертензивни средства
neurology_ischemic stroke_29_BGgpt.txt	medication	concept	3107	3114	аспирин
neurology_ischemic stroke_29_BGgpt.txt	medication	concept	3120	3131	клопидогрел
neurology_ischemic stroke_29_BGgpt.txt	disease	concept	3200	3224	преходна исхемична атака
neurology_ischemic stroke_29_BGgpt.txt	disease	concept	3226	3229	ПИА
neurology_ischemic stroke_29_BGgpt.txt	disease	concept	3239	3245	инсулт
neurology_ischemic stroke_29_BGgpt.txt	procedure	concept	3409	3421	физиотерапия
neurology_ischemic stroke_29_BGgpt.txt	medication	concept	3600	3610	лизиноприл
neurology_ischemic stroke_29_BGgpt.txt	medication	concept	3647	3659	аторвастатин
neurology_ischemic stroke_29_BGgpt.txt	disease	concept	3686	3701	захарния диабет
neurology_ischemic stroke_29_BGgpt.txt	medication	concept	3704	3713	метформин
neurology_ischemic stroke_29_BGgpt.txt	medication	concept	4048	4055	аспирин
neurology_ischemic stroke_29_BGgpt.txt	disease	concept	4435	4441	инсулт
neurology_ischemic stroke_29_BGgpt.txt	procedure	concept	4495	4519	рехабилитационна терапия
neurology_ischemic stroke_29_BGgpt.txt	procedure	concept	4743	4778	повторна съдова образна диагностика
neurology_ischemic stroke_29_BGgpt.txt	procedure	concept	4781	4796	ехокардиография
neurology_ischemic stroke_2_BGgpt.txt	disease	concept	281	297	Исхемичен инсулт
neurology_ischemic stroke_2_BGgpt.txt	disease	concept	603	613	хипертония
neurology_ischemic stroke_2_BGgpt.txt	disease	concept	616	636	захарен диабет тип 2
neurology_ischemic stroke_2_BGgpt.txt	symptom	concept	1001	1007	афазия
neurology_ischemic stroke_2_BGgpt.txt	symptom	concept	1009	1015	падане
neurology_ischemic stroke_2_BGgpt.txt	symptom	concept	1048	1064	дясна хемипареза
neurology_ischemic stroke_2_BGgpt.txt	symptom	concept	1229	1239	кръвоизлив
neurology_ischemic stroke_2_BGgpt.txt	procedure	concept	1430	1448	Електрокардиограма
neurology_ischemic stroke_2_BGgpt.txt	procedure	concept	1631	1646	Ехокардиография
neurology_ischemic stroke_2_BGgpt.txt	procedure	concept	1707	1725	Съдова ангиография
neurology_ischemic stroke_2_BGgpt.txt	disease	concept	2219	2233	захарен диабет
neurology_ischemic stroke_2_BGgpt.txt	medication	concept	2864	2871	аспирин
neurology_ischemic stroke_2_BGgpt.txt	disease	concept	2991	2998	инсулта
neurology_ischemic stroke_2_BGgpt.txt	medication	concept	3045	3056	клопидогрел
neurology_ischemic stroke_2_BGgpt.txt	disease	concept	3243	3258	захарния диабет
neurology_ischemic stroke_2_BGgpt.txt	medication	concept	3270	3280	лизиноприл
neurology_ischemic stroke_2_BGgpt.txt	medication	concept	3296	3305	метформин
neurology_ischemic stroke_2_BGgpt.txt	disease	concept	3355	3365	хипертония
neurology_ischemic stroke_2_BGgpt.txt	disease	concept	3368	3374	диабет
neurology_ischemic stroke_2_BGgpt.txt	disease	concept	3379	3391	дислипидемия
neurology_ischemic stroke_2_BGgpt.txt	medication	concept	3403	3409	статин
neurology_ischemic stroke_2_BGgpt.txt	medication	concept	3411	3423	аторвастатин
neurology_ischemic stroke_2_BGgpt.txt	procedure	concept	3540	3552	физиотерапия
neurology_ischemic stroke_2_BGgpt.txt	procedure	concept	3554	3565	ерготерапия
neurology_ischemic stroke_2_BGgpt.txt	medication	concept	3770	3777	Аспирин
neurology_ischemic stroke_2_BGgpt.txt	medication	concept	3799	3810	Клопидогрел
neurology_ischemic stroke_2_BGgpt.txt	medication	concept	3870	3880	Лизиноприл
neurology_ischemic stroke_2_BGgpt.txt	medication	concept	3901	3910	Метформин
neurology_ischemic stroke_2_BGgpt.txt	medication	concept	3941	3953	Аторвастатин
neurology_ischemic stroke_2_BGgpt.txt	procedure	concept	4093	4118	Кардиологична консултация
neurology_ischemic stroke_2_BGgpt.txt	disease	concept	4317	4323	диабет
neurology_ischemic stroke_2_BGgpt.txt	procedure	concept	4447	4471	Амбулаторна физиотерапия
neurology_ischemic stroke_2_BGgpt.txt	procedure	concept	4473	4484	ерготерапия
neurology_ischemic stroke_2_BGgpt.txt	procedure	concept	4487	4506	логопедична терапия
neurology_ischemic stroke_2_BGgpt.txt	disease	concept	4656	4662	инсулт
neurology_ischemic stroke_2_BGgpt.txt	medication	concept	4687	4690	tPA
neurology_ischemic stroke_2_BGgpt.txt	procedure	concept	4793	4806	рехабилитация
neurology_ischemic stroke_2_BGgpt.txt	disease	concept	5003	5020	рецидив на инсулт
neurology_ischemic stroke_30_BGgpt.txt	disease	concept	508	529	артериална хипертония
neurology_ischemic stroke_30_BGgpt.txt	disease	concept	532	552	захарен диабет тип 2
neurology_ischemic stroke_30_BGgpt.txt	symptom	concept	1023	1033	кръвоизлив
neurology_ischemic stroke_30_BGgpt.txt	procedure	concept	1234	1252	електрокардиограма
neurology_ischemic stroke_30_BGgpt.txt	symptom	concept	1416	1434	предсърдно мъждене
neurology_ischemic stroke_30_BGgpt.txt	disease	concept	1888	1895	диабета
neurology_ischemic stroke_30_BGgpt.txt	disease	concept	1898	1914	хиперлипидемията
neurology_ischemic stroke_30_BGgpt.txt	medication	concept	2559	2566	Аспирин
neurology_ischemic stroke_30_BGgpt.txt	medication	concept	2676	2683	аспирин
neurology_ischemic stroke_30_BGgpt.txt	medication	concept	2692	2703	клопидогрел
neurology_ischemic stroke_30_BGgpt.txt	medication	concept	2924	2933	апиксабан
neurology_ischemic stroke_30_BGgpt.txt	disease	concept	3058	3068	хипертония
neurology_ischemic stroke_30_BGgpt.txt	disease	concept	3071	3085	хиперлипидемия
neurology_ischemic stroke_30_BGgpt.txt	medication	concept	3113	3125	аторвастатин
neurology_ischemic stroke_30_BGgpt.txt	medication	concept	3163	3172	метформин
neurology_ischemic stroke_30_BGgpt.txt	disease	concept	3223	3238	захарния диабет
neurology_ischemic stroke_30_BGgpt.txt	procedure	concept	3383	3395	физиотерапия
neurology_ischemic stroke_30_BGgpt.txt	procedure	concept	3397	3408	ерготерапия
neurology_ischemic stroke_30_BGgpt.txt	disease	concept	4607	4613	инсулт
neurology_ischemic stroke_30_BGgpt.txt	symptom	concept	4620	4641	внезапна изтръпналост
neurology_ischemic stroke_30_BGgpt.txt	symptom	concept	4646	4653	слабост
neurology_ischemic stroke_30_BGgpt.txt	symptom	concept	4718	4727	объркване
neurology_ischemic stroke_30_BGgpt.txt	symptom	concept	4847	4856	замайване
neurology_ischemic stroke_30_BGgpt.txt	disease	concept	5022	5028	инсулт
neurology_ischemic stroke_30_BGgpt.txt	procedure	concept	5088	5100	проследяване
neurology_ischemic stroke_31_BGgpt.txt	disease	concept	446	456	хипертония
neurology_ischemic stroke_31_BGgpt.txt	disease	concept	458	478	захарен диабет тип 2
neurology_ischemic stroke_31_BGgpt.txt	disease	concept	481	495	хиперлипидемия
neurology_ischemic stroke_31_BGgpt.txt	symptom	concept	762	772	кръвоизлив
neurology_ischemic stroke_31_BGgpt.txt	disease	concept	847	871	исхемичен мозъчен инсулт
neurology_ischemic stroke_31_BGgpt.txt	disease	concept	1461	1475	захарен диабет
neurology_ischemic stroke_31_BGgpt.txt	disease	concept	1478	1485	хиперли
neurology_ischemic stroke_31_BGgpt.txt	medication	concept	1572	1596	интравенозен тромболитик
neurology_ischemic stroke_31_BGgpt.txt	medication	concept	1982	1989	аспирин
neurology_ischemic stroke_31_BGgpt.txt	disease	concept	2072	2078	инсулт
neurology_ischemic stroke_31_BGgpt.txt	procedure	concept	2110	2132	механична тромбектомия
neurology_ischemic stroke_31_BGgpt.txt	medication	concept	2279	2286	аспирин
neurology_ischemic stroke_31_BGgpt.txt	medication	concept	2302	2313	клопидогрел
neurology_ischemic stroke_31_BGgpt.txt	disease	concept	2381	2387	инсулт
neurology_ischemic stroke_31_BGgpt.txt	procedure	concept	2476	2488	физиотерапия
neurology_ischemic stroke_31_BGgpt.txt	procedure	concept	2490	2502	трудотерапия
neurology_ischemic stroke_31_BGgpt.txt	procedure	concept	2505	2524	логопедична терапия
neurology_ischemic stroke_31_BGgpt.txt	medication	concept	2691	2698	Аспирин
neurology_ischemic stroke_31_BGgpt.txt	medication	concept	2716	2727	Клопидогрел
neurology_ischemic stroke_31_BGgpt.txt	medication	concept	2779	2791	Аторвастатин
neurology_ischemic stroke_31_BGgpt.txt	medication	concept	2809	2818	Метформин
neurology_ischemic stroke_31_BGgpt.txt	medication	concept	2847	2857	Лизиноприл
neurology_ischemic stroke_31_BGgpt.txt	disease	concept	3258	3273	захарния диабет
neurology_ischemic stroke_31_BGgpt.txt	procedure	concept	3319	3332	съдова оценка
neurology_ischemic stroke_31_BGgpt.txt	procedure	concept	3344	3359	ехокардиография
neurology_ischemic stroke_31_BGgpt.txt	symptom	concept	3585	3599	затруднена реч
neurology_ischemic stroke_31_BGgpt.txt	disease	concept	3760	3766	инсулт
neurology_ischemic stroke_31_BGgpt.txt	procedure	concept	4149	4171	болнична рехабилитация
neurology_ischemic stroke_32_BGgpt.txt	symptom	concept	653	663	главоболие
neurology_ischemic stroke_32_BGgpt.txt	disease	concept	806	827	Артериална хипертония
neurology_ischemic stroke_32_BGgpt.txt	disease	concept	832	852	Захарен диабет тип 2
neurology_ischemic stroke_32_BGgpt.txt	disease	concept	857	871	Хиперлипидемия
neurology_ischemic stroke_32_BGgpt.txt	disease	concept	1085	1091	афазия
neurology_ischemic stroke_32_BGgpt.txt	procedure	concept	1514	1531	Ехокардиографията
neurology_ischemic stroke_32_BGgpt.txt	disease	concept	1959	1975	исхемичен инсулт
neurology_ischemic stroke_32_BGgpt.txt	medication	concept	2046	2049	tPA
neurology_ischemic stroke_32_BGgpt.txt	medication	concept	2289	2311	интравенозен лабеталол
neurology_ischemic stroke_32_BGgpt.txt	procedure	concept	2404	2426	Механична тромбектомия
neurology_ischemic stroke_32_BGgpt.txt	procedure	concept	2525	2547	механична тромбектомия
neurology_ischemic stroke_32_BGgpt.txt	medication	concept	2838	2845	аспирин
neurology_ischemic stroke_32_BGgpt.txt	medication	concept	2942	2954	аторвастатин
neurology_ischemic stroke_32_BGgpt.txt	medication	concept	3022	3032	лизиноприл
neurology_ischemic stroke_32_BGgpt.txt	medication	concept	3048	3057	амлодипин
neurology_ischemic stroke_32_BGgpt.txt	procedure	concept	3114	3126	физиотерапия
neurology_ischemic stroke_32_BGgpt.txt	procedure	concept	3128	3139	ерготерапия
neurology_ischemic stroke_32_BGgpt.txt	procedure	concept	3142	3161	логопедична терапия
neurology_ischemic stroke_32_BGgpt.txt	medication	concept	3317	3324	Аспирин
neurology_ischemic stroke_32_BGgpt.txt	medication	concept	3342	3354	Аторвастатин
neurology_ischemic stroke_32_BGgpt.txt	medication	concept	3372	3382	Лизиноприл
neurology_ischemic stroke_32_BGgpt.txt	medication	concept	3400	3409	Амлодипин
neurology_ischemic stroke_32_BGgpt.txt	medication	concept	3427	3436	Метформин
neurology_ischemic stroke_32_BGgpt.txt	disease	concept	3465	3485	Захарен диабет тип 2
neurology_ischemic stroke_32_BGgpt.txt	procedure	concept	3774	3806	амбулаторните съдови изследвания
neurology_ischemic stroke_32_BGgpt.txt	procedure	concept	3940	3953	Рехабилитация
neurology_ischemic stroke_32_BGgpt.txt	procedure	concept	3999	4010	ерготерапия
neurology_ischemic stroke_32_BGgpt.txt	procedure	concept	4218	4223	диета
neurology_ischemic stroke_32_BGgpt.txt	procedure	concept	4420	4442	механична тромбектомия
neurology_ischemic stroke_33_BGgpt.txt	disease	concept	352	368	Исхемичен инсулт
neurology_ischemic stroke_33_BGgpt.txt	disease	concept	479	499	захарен диабет тип 2
neurology_ischemic stroke_33_BGgpt.txt	procedure	concept	1428	1445	Ехокардиографията
neurology_ischemic stroke_33_BGgpt.txt	medication	concept	1955	1999	интравенозен тъканен плазминогенен активатор
neurology_ischemic stroke_33_BGgpt.txt	medication	concept	2663	2670	аспирин
neurology_ischemic stroke_33_BGgpt.txt	disease	concept	2752	2772	захарен диабет тип 2
neurology_ischemic stroke_33_BGgpt.txt	medication	concept	2890	2896	статин
neurology_ischemic stroke_33_BGgpt.txt	medication	concept	2898	2910	аторвастатин
neurology_ischemic stroke_33_BGgpt.txt	procedure	concept	3044	3066	механична тромбектомия
neurology_ischemic stroke_33_BGgpt.txt	symptom	concept	3109	3129	голямосъдова оклузия
neurology_ischemic stroke_33_BGgpt.txt	procedure	concept	3416	3427	ерготерапия
neurology_ischemic stroke_33_BGgpt.txt	procedure	concept	3430	3449	логопедична терапия
neurology_ischemic stroke_33_BGgpt.txt	medication	concept	3586	3593	Аспирин
neurology_ischemic stroke_33_BGgpt.txt	medication	concept	3636	3647	Клопидогрел
neurology_ischemic stroke_33_BGgpt.txt	medication	concept	3709	3721	Аторвастатин
neurology_ischemic stroke_33_BGgpt.txt	medication	concept	3739	3749	Лизиноприл
neurology_ischemic stroke_33_BGgpt.txt	disease	concept	3766	3776	хипертония
neurology_ischemic stroke_33_BGgpt.txt	medication	concept	3781	3790	Метформин
neurology_ischemic stroke_33_BGgpt.txt	disease	concept	3817	3837	захарен диабет тип 2
neurology_ischemic stroke_33_BGgpt.txt	procedure	concept	4017	4026	ехография
neurology_ischemic stroke_33_BGgpt.txt	procedure	concept	4230	4244	физиотерапията
neurology_ischemic stroke_33_BGgpt.txt	disease	concept	4864	4870	инсулт
neurology_ischemic stroke_34_BGgpt.txt	disease	concept	4	12	Епикриза
neurology_ischemic stroke_34_BGgpt.txt	disease	concept	222	238	исхемичен инсулт
neurology_ischemic stroke_34_BGgpt.txt	disease	concept	319	329	хипертония
neurology_ischemic stroke_34_BGgpt.txt	disease	concept	332	352	захарен диабет тип 2
neurology_ischemic stroke_34_BGgpt.txt	disease	concept	567	591	преходна исхемична атака
neurology_ischemic stroke_34_BGgpt.txt	disease	concept	593	596	ПИА
neurology_ischemic stroke_34_BGgpt.txt	medication	concept	646	671	ацетилсалицилова киселина
neurology_ischemic stroke_34_BGgpt.txt	medication	concept	673	680	аспирин
neurology_ischemic stroke_34_BGgpt.txt	procedure	concept	1394	1409	Ехокардиография
neurology_ischemic stroke_34_BGgpt.txt	disease	concept	1737	1751	захарен диабет
neurology_ischemic stroke_34_BGgpt.txt	medication	concept	2363	2397	венозни антихипертензивни средства
neurology_ischemic stroke_34_BGgpt.txt	medication	concept	2614	2639	ацетилсалицилова киселина
neurology_ischemic stroke_34_BGgpt.txt	medication	concept	2641	2648	аспирин
neurology_ischemic stroke_34_BGgpt.txt	medication	concept	2665	2676	клопидогрел
neurology_ischemic stroke_34_BGgpt.txt	procedure	concept	2835	2850	ендартеректомия
neurology_ischemic stroke_34_BGgpt.txt	procedure	concept	3007	3019	физиотерапия
neurology_ischemic stroke_34_BGgpt.txt	procedure	concept	3021	3032	ерготерапия
neurology_ischemic stroke_34_BGgpt.txt	procedure	concept	3035	3054	логопедична терапия
neurology_ischemic stroke_34_BGgpt.txt	disease	concept	3160	3179	Захарният му диабет
neurology_ischemic stroke_34_BGgpt.txt	disease	concept	3182	3194	хипертонията
neurology_ischemic stroke_34_BGgpt.txt	medication	concept	3343	3368	Ацетилсалицилова киселина
neurology_ischemic stroke_34_BGgpt.txt	medication	concept	3412	3423	Клопидогрел
neurology_ischemic stroke_34_BGgpt.txt	medication	concept	3467	3477	Лизиноприл
neurology_ischemic stroke_34_BGgpt.txt	disease	concept	3513	3523	хипертония
neurology_ischemic stroke_34_BGgpt.txt	medication	concept	3526	3535	Метформин
neurology_ischemic stroke_34_BGgpt.txt	disease	concept	3575	3589	захарен диабет
neurology_ischemic stroke_34_BGgpt.txt	medication	concept	3592	3604	Аторвастатин
neurology_ischemic stroke_34_BGgpt.txt	disease	concept	3640	3652	дислипидемия
neurology_ischemic stroke_34_BGgpt.txt	procedure	concept	3713	3725	физиотерапия
neurology_ischemic stroke_34_BGgpt.txt	procedure	concept	3727	3738	ерготерапия
neurology_ischemic stroke_34_BGgpt.txt	procedure	concept	3741	3760	логопедична терапия
neurology_ischemic stroke_34_BGgpt.txt	symptom	concept	4341	4365	неврологичното състояние
neurology_ischemic stroke_34_BGgpt.txt	disease	concept	4546	4558	хипертонията
neurology_ischemic stroke_34_BGgpt.txt	disease	concept	4560	4575	захарния диабет
neurology_ischemic stroke_34_BGgpt.txt	disease	concept	4578	4592	дислипидемията
neurology_ischemic stroke_34_BGgpt.txt	disease	concept	4648	4670	остър исхемичен инсулт
neurology_ischemic stroke_34_BGgpt.txt	procedure	concept	4824	4837	рехабилитация
neurology_ischemic stroke_34_BGgpt.txt	disease	concept	4881	4899	съдови заболявания
neurology_ischemic stroke_35_BGgpt.txt	symptom	concept	338	358	правостранна слабост
neurology_ischemic stroke_35_BGgpt.txt	disease	concept	511	532	артериална хипертония
neurology_ischemic stroke_35_BGgpt.txt	disease	concept	535	555	захарен диабет тип 2
neurology_ischemic stroke_35_BGgpt.txt	symptom	concept	675	685	главоболие
neurology_ischemic stroke_35_BGgpt.txt	symptom	concept	1104	1127	правостранна хемипареза
neurology_ischemic stroke_35_BGgpt.txt	symptom	concept	1534	1544	кръвоизлив
neurology_ischemic stroke_35_BGgpt.txt	symptom	concept	1854	1861	аритмии
neurology_ischemic stroke_35_BGgpt.txt	symptom	concept	1977	1992	контрактилитета
neurology_ischemic stroke_35_BGgpt.txt	procedure	concept	2828	2850	Механична тромбектомия
neurology_ischemic stroke_35_BGgpt.txt	disease	concept	2873	2880	инсулта
neurology_ischemic stroke_35_BGgpt.txt	procedure	concept	2930	2952	механична тромбектомия
neurology_ischemic stroke_35_BGgpt.txt	disease	concept	3115	3122	инсулта
neurology_ischemic stroke_35_BGgpt.txt	medication	concept	3145	3170	ацетилсалицилова киселина
neurology_ischemic stroke_35_BGgpt.txt	medication	concept	3229	3240	клопидогрел
neurology_ischemic stroke_35_BGgpt.txt	medication	concept	3326	3336	лизиноприл
neurology_ischemic stroke_35_BGgpt.txt	medication	concept	3352	3361	амлодипин
neurology_ischemic stroke_35_BGgpt.txt	medication	concept	3437	3446	метформин
neurology_ischemic stroke_35_BGgpt.txt	procedure	concept	3759	3771	физиотерапия
neurology_ischemic stroke_35_BGgpt.txt	medication	concept	3952	3977	Ацетилсалицилова киселина
neurology_ischemic stroke_35_BGgpt.txt	medication	concept	3995	4006	Клопидогрел
neurology_ischemic stroke_35_BGgpt.txt	medication	concept	4034	4044	Лизиноприл
neurology_ischemic stroke_35_BGgpt.txt	medication	concept	4062	4071	Амлодипин
neurology_ischemic stroke_35_BGgpt.txt	medication	concept	4088	4097	Метформин
neurology_ischemic stroke_35_BGgpt.txt	disease	concept	4415	4417	АН
neurology_ischemic stroke_35_BGgpt.txt	disease	concept	4569	4575	инсулт
neurology_ischemic stroke_35_BGgpt.txt	disease	concept	4812	4818	инсулт
neurology_ischemic stroke_35_BGgpt.txt	symptom	concept	4837	4842	задух
neurology_ischemic stroke_35_BGgpt.txt	disease	concept	4868	4870	АН
neurology_ischemic stroke_35_BGgpt.txt	disease	concept	4947	4953	инсулт
neurology_ischemic stroke_35_BGgpt.txt	procedure	concept	5003	5025	механична тромбектомия
neurology_ischemic stroke_35_BGgpt.txt	disease	concept	5172	5178	инсулт
neurology_ischemic stroke_35_BGgpt.txt	procedure	concept	5181	5202	вторична профилактика
neurology_ischemic stroke_36_BGgpt.txt	disease	concept	368	389	артериална хипертония
neurology_ischemic stroke_36_BGgpt.txt	disease	concept	392	412	захарен диабет тип 2
neurology_ischemic stroke_36_BGgpt.txt	symptom	concept	492	512	правостранна слабост
neurology_ischemic stroke_36_BGgpt.txt	symptom	concept	813	823	кръвоизлив
neurology_ischemic stroke_36_BGgpt.txt	procedure	concept	1237	1258	тромболитична терапия
neurology_ischemic stroke_36_BGgpt.txt	medication	concept	1926	1935	лабеталол
neurology_ischemic stroke_36_BGgpt.txt	medication	concept	1964	2003	перорални антихипертензивни медикаменти
neurology_ischemic stroke_36_BGgpt.txt	procedure	concept	2043	2046	ЕКГ
neurology_ischemic stroke_36_BGgpt.txt	procedure	concept	2048	2058	телеметрия
neurology_ischemic stroke_36_BGgpt.txt	medication	concept	2060	2076	серумен тропонин
neurology_ischemic stroke_36_BGgpt.txt	procedure	concept	2079	2094	ехокардиография
neurology_ischemic stroke_36_BGgpt.txt	symptom	concept	2543	2565	правостранната слабост
neurology_ischemic stroke_36_BGgpt.txt	medication	concept	2703	2728	ацетилсалицилова киселина
neurology_ischemic stroke_36_BGgpt.txt	disease	concept	2766	2772	инсулт
neurology_ischemic stroke_36_BGgpt.txt	disease	concept	2817	2820	ПМИ
neurology_ischemic stroke_36_BGgpt.txt	medication	concept	2868	2879	клопидогрел
neurology_ischemic stroke_36_BGgpt.txt	medication	concept	2920	2947	ацетилсалициловата киселина
neurology_ischemic stroke_36_BGgpt.txt	disease	concept	3249	3263	захарен диабет
neurology_ischemic stroke_36_BGgpt.txt	medication	concept	3302	3327	Ацетилсалицилова киселина
neurology_ischemic stroke_36_BGgpt.txt	medication	concept	3356	3367	Клопидогрел
neurology_ischemic stroke_36_BGgpt.txt	medication	concept	3426	3436	Лизиноприл
neurology_ischemic stroke_36_BGgpt.txt	medication	concept	3490	3499	Метформин
neurology_ischemic stroke_36_BGgpt.txt	disease	concept	3537	3551	захарен диабет
neurology_ischemic stroke_36_BGgpt.txt	medication	concept	3556	3568	Аторвастатин
neurology_ischemic stroke_36_BGgpt.txt	disease	concept	3596	3610	хиперлипидемия
neurology_ischemic stroke_36_BGgpt.txt	disease	concept	3864	3887	артериалната хипертония
neurology_ischemic stroke_36_BGgpt.txt	disease	concept	3889	3904	захарния диабет
neurology_ischemic stroke_36_BGgpt.txt	disease	concept	3907	3923	хиперлипидемията
neurology_ischemic stroke_36_BGgpt.txt	procedure	concept	3939	3965	кардиологично проследяване
neurology_ischemic stroke_36_BGgpt.txt	disease	concept	4201	4207	инсулт
neurology_ischemic stroke_36_BGgpt.txt	disease	concept	4351	4358	инсулти
neurology_ischemic stroke_36_BGgpt.txt	medication	concept	4455	4466	медикаменти
neurology_ischemic stroke_36_BGgpt.txt	procedure	concept	4549	4567	контролни прегледи
neurology_ischemic stroke_36_BGgpt.txt	procedure	concept	4570	4592	рехабилитационни сесии
neurology_ischemic stroke_36_BGgpt.txt	disease	concept	4653	4659	инсулт
neurology_ischemic stroke_36_BGgpt.txt	disease	concept	4812	4819	инсулти
neurology_ischemic stroke_36_BGgpt.txt	medication	concept	4838	4849	медикаменти
neurology_ischemic stroke_36_BGgpt.txt	disease	concept	4981	4987	инсулт
neurology_ischemic stroke_37_BGgpt.txt	disease	concept	300	321	артериална хипертония
neurology_ischemic stroke_37_BGgpt.txt	disease	concept	324	344	захарен диабет тип 2
neurology_ischemic stroke_37_BGgpt.txt	procedure	concept	1432	1447	ехокардиография
neurology_ischemic stroke_37_BGgpt.txt	procedure	concept	2064	2085	тромболитична терапия
neurology_ischemic stroke_37_BGgpt.txt	procedure	concept	2364	2386	механична тромбектомия
neurology_ischemic stroke_37_BGgpt.txt	medication	concept	2593	2600	аспирин
neurology_ischemic stroke_37_BGgpt.txt	medication	concept	2761	2768	аспирин
neurology_ischemic stroke_37_BGgpt.txt	medication	concept	2784	2795	клопидогрел
neurology_ischemic stroke_37_BGgpt.txt	medication	concept	2910	2917	аспирин
neurology_ischemic stroke_37_BGgpt.txt	medication	concept	2958	2970	аторвастатин
neurology_ischemic stroke_37_BGgpt.txt	disease	concept	3168	3174	диабет
neurology_ischemic stroke_37_BGgpt.txt	procedure	concept	3275	3287	физиотерапия
neurology_ischemic stroke_37_BGgpt.txt	procedure	concept	3289	3301	трудотерапия
neurology_ischemic stroke_37_BGgpt.txt	symptom	concept	3369	3391	десностранната слабост
neurology_ischemic stroke_37_BGgpt.txt	symptom	concept	3394	3400	говора
neurology_ischemic stroke_37_BGgpt.txt	medication	concept	3572	3579	Аспирин
neurology_ischemic stroke_37_BGgpt.txt	medication	concept	3607	3618	Клопидогрел
neurology_ischemic stroke_37_BGgpt.txt	medication	concept	3681	3693	Аторвастатин
neurology_ischemic stroke_37_BGgpt.txt	medication	concept	3720	3730	Лизиноприл
neurology_ischemic stroke_37_BGgpt.txt	disease	concept	3757	3778	артериална хипертония
neurology_ischemic stroke_37_BGgpt.txt	medication	concept	3783	3792	Метформин
neurology_ischemic stroke_37_BGgpt.txt	disease	concept	3830	3844	захарен диабет
neurology_ischemic stroke_37_BGgpt.txt	medication	concept	3849	3856	Инсулин
neurology_ischemic stroke_37_BGgpt.txt	disease	concept	3894	3908	захарен диабет
neurology_ischemic stroke_37_BGgpt.txt	procedure	concept	4045	4067	механична тромбектомия
neurology_ischemic stroke_37_BGgpt.txt	disease	concept	4189	4196	диабета
neurology_ischemic stroke_38_BGgpt.txt	disease	concept	334	356	Остър исхемичен инсулт
neurology_ischemic stroke_38_BGgpt.txt	disease	concept	450	471	артериална хипертония
neurology_ischemic stroke_38_BGgpt.txt	disease	concept	474	494	захарен диабет тип 2
neurology_ischemic stroke_38_BGgpt.txt	disease	concept	1115	1135	умерено тежък инсулт
neurology_ischemic stroke_38_BGgpt.txt	disease	concept	1171	1186	периферен парез
neurology_ischemic stroke_38_BGgpt.txt	medication	concept	2774	2808	венозни антихипертензивни средства
neurology_ischemic stroke_38_BGgpt.txt	medication	concept	2913	2916	tPA
neurology_ischemic stroke_38_BGgpt.txt	medication	concept	2951	2958	Аспирин
neurology_ischemic stroke_38_BGgpt.txt	medication	concept	3213	3220	аспирин
neurology_ischemic stroke_38_BGgpt.txt	medication	concept	3229	3240	клопидогрел
neurology_ischemic stroke_38_BGgpt.txt	medication	concept	3313	3320	аспирин
neurology_ischemic stroke_38_BGgpt.txt	procedure	concept	3369	3381	физиотерапия
neurology_ischemic stroke_38_BGgpt.txt	procedure	concept	3384	3397	рехабилитация
neurology_ischemic stroke_38_BGgpt.txt	symptom	concept	3622	3642	двигателните функции
neurology_ischemic stroke_38_BGgpt.txt	procedure	concept	3761	3785	амбулаторно проследяване
neurology_ischemic stroke_38_BGgpt.txt	medication	concept	3959	3966	Аспирин
neurology_ischemic stroke_38_BGgpt.txt	medication	concept	4003	4014	Клопидогрел
neurology_ischemic stroke_38_BGgpt.txt	medication	concept	4061	4073	Аторвастатин
neurology_ischemic stroke_38_BGgpt.txt	medication	concept	4116	4126	Лизиноприл
neurology_ischemic stroke_38_BGgpt.txt	disease	concept	4162	4183	артериална хипертония
neurology_ischemic stroke_38_BGgpt.txt	medication	concept	4188	4197	Метформин
neurology_ischemic stroke_38_BGgpt.txt	disease	concept	4236	4250	захарен диабет
neurology_ischemic stroke_38_BGgpt.txt	disease	concept	4302	4308	инсулт
neurology_ischemic stroke_38_BGgpt.txt	disease	concept	4439	4445	инсулт
neurology_ischemic stroke_38_BGgpt.txt	procedure	concept	4616	4642	каротидна реваскуларизация
neurology_ischemic stroke_38_BGgpt.txt	procedure	concept	4664	4676	физиотерапия
neurology_ischemic stroke_38_BGgpt.txt	procedure	concept	4679	4692	рехабилитация
neurology_ischemic stroke_39_BGgpt.txt	disease	concept	325	335	хипертония
neurology_ischemic stroke_39_BGgpt.txt	disease	concept	338	352	захарен диабет
neurology_ischemic stroke_39_BGgpt.txt	symptom	concept	450	456	афазия
neurology_ischemic stroke_39_BGgpt.txt	procedure	concept	804	825	компютърна томография
neurology_ischemic stroke_39_BGgpt.txt	symptom	concept	926	933	исхемия
neurology_ischemic stroke_39_BGgpt.txt	symptom	concept	1065	1072	исхемия
neurology_ischemic stroke_39_BGgpt.txt	medication	concept	1912	1915	tPA
neurology_ischemic stroke_39_BGgpt.txt	medication	concept	2206	2213	Аспирин
neurology_ischemic stroke_39_BGgpt.txt	symptom	concept	2374	2392	предсърдно мъждене
neurology_ischemic stroke_39_BGgpt.txt	medication	concept	2459	2470	клопидогрел
neurology_ischemic stroke_39_BGgpt.txt	medication	concept	2501	2508	аспирин
neurology_ischemic stroke_39_BGgpt.txt	medication	concept	2635	2642	аспирин
neurology_ischemic stroke_39_BGgpt.txt	procedure	concept	2771	2783	физиотерапия
neurology_ischemic stroke_39_BGgpt.txt	procedure	concept	2785	2796	ерготерапия
neurology_ischemic stroke_39_BGgpt.txt	medication	concept	2962	2969	Аспирин
neurology_ischemic stroke_39_BGgpt.txt	disease	concept	3029	3043	мозъчен инсулт
neurology_ischemic stroke_39_BGgpt.txt	medication	concept	3049	3060	Клопидогрел
neurology_ischemic stroke_39_BGgpt.txt	medication	concept	3157	3169	Аторвастатин
neurology_ischemic stroke_39_BGgpt.txt	medication	concept	3236	3246	Лизиноприл
neurology_ischemic stroke_39_BGgpt.txt	medication	concept	3297	3306	Метформин
neurology_ischemic stroke_39_BGgpt.txt	disease	concept	3344	3356	диабет тип 2
neurology_ischemic stroke_39_BGgpt.txt	disease	concept	3603	3610	диабета
neurology_ischemic stroke_39_BGgpt.txt	procedure	concept	3798	3809	ерготерапия
neurology_ischemic stroke_39_BGgpt.txt	procedure	concept	3812	3831	логопедична терапия
neurology_ischemic stroke_3_BGgpt.txt	disease	concept	186	202	Исхемичен инсулт
neurology_ischemic stroke_3_BGgpt.txt	disease	concept	225	241	Исхемичен инсулт
neurology_ischemic stroke_3_BGgpt.txt	disease	concept	564	574	хипертония
neurology_ischemic stroke_3_BGgpt.txt	disease	concept	576	596	захарен диабет тип 2
neurology_ischemic stroke_3_BGgpt.txt	disease	concept	599	613	хиперлипидемия
neurology_ischemic stroke_3_BGgpt.txt	medication	concept	1267	1325	интравенозен рекомбинантен тъканен плазминогенен активатор
neurology_ischemic stroke_3_BGgpt.txt	medication	concept	1521	1560	интравенозни антихипертензивни средства
neurology_ischemic stroke_3_BGgpt.txt	procedure	concept	1821	1836	ехокардиография
neurology_ischemic stroke_3_BGgpt.txt	procedure	concept	1915	1943	Съдовата образна диагностика
neurology_ischemic stroke_3_BGgpt.txt	medication	concept	2074	2081	аспирин
neurology_ischemic stroke_3_BGgpt.txt	disease	concept	2159	2165	диабет
neurology_ischemic stroke_3_BGgpt.txt	disease	concept	2168	2182	хиперлипидемия
neurology_ischemic stroke_3_BGgpt.txt	medication	concept	2255	2262	аспирин
neurology_ischemic stroke_3_BGgpt.txt	medication	concept	2278	2289	клопидогрел
neurology_ischemic stroke_3_BGgpt.txt	disease	concept	2353	2360	инсулта
neurology_ischemic stroke_3_BGgpt.txt	procedure	concept	2450	2462	физиотерапия
neurology_ischemic stroke_3_BGgpt.txt	procedure	concept	2464	2475	ерготерапия
neurology_ischemic stroke_3_BGgpt.txt	disease	concept	2920	2927	диабета
neurology_ischemic stroke_3_BGgpt.txt	disease	concept	2930	2946	хиперлипидемията
neurology_ischemic stroke_3_BGgpt.txt	medication	concept	2982	2989	Аспирин
neurology_ischemic stroke_3_BGgpt.txt	medication	concept	3026	3037	Клопидогрел
neurology_ischemic stroke_3_BGgpt.txt	medication	concept	3099	3111	Аторвастатин
neurology_ischemic stroke_3_BGgpt.txt	medication	concept	3148	3157	Метформин
neurology_ischemic stroke_3_BGgpt.txt	medication	concept	3197	3207	Лизиноприл
neurology_ischemic stroke_3_BGgpt.txt	procedure	concept	3604	3617	ерготерапията
neurology_ischemic stroke_3_BGgpt.txt	disease	concept	3771	3777	инсулт
neurology_ischemic stroke_3_BGgpt.txt	procedure	concept	4080	4107	амбулаторната рехабилитация
neurology_ischemic stroke_3_BGgpt.txt	procedure	concept	4416	4421	диета
neurology_ischemic stroke_3_BGgpt.txt	disease	concept	4643	4649	инсулт
neurology_ischemic stroke_3_BGgpt.txt	procedure	concept	4737	4763	амбулаторното проследяване
neurology_ischemic stroke_40_BGgpt.txt	disease	concept	296	312	Исхемичен инсулт
neurology_ischemic stroke_40_BGgpt.txt	symptom	concept	487	501	затруднена реч
neurology_ischemic stroke_40_BGgpt.txt	symptom	concept	881	891	кръвоизлив
neurology_ischemic stroke_40_BGgpt.txt	medication	concept	1345	1390	рекомбинантен тъканен плазминогенен активатор
neurology_ischemic stroke_40_BGgpt.txt	procedure	concept	1693	1708	ехокардиография
neurology_ischemic stroke_40_BGgpt.txt	medication	concept	2153	2178	ацетилсалицилова киселина
neurology_ischemic stroke_40_BGgpt.txt	disease	concept	2499	2505	инсулт
neurology_ischemic stroke_40_BGgpt.txt	medication	concept	2554	2565	клопидогрел
neurology_ischemic stroke_40_BGgpt.txt	medication	concept	2596	2623	ацетилсалициловата киселина
neurology_ischemic stroke_40_BGgpt.txt	disease	concept	2767	2777	хипертония
neurology_ischemic stroke_40_BGgpt.txt	disease	concept	2780	2794	хиперлипидемия
neurology_ischemic stroke_40_BGgpt.txt	medication	concept	2889	2901	аторвастатин
neurology_ischemic stroke_40_BGgpt.txt	medication	concept	2952	2977	Ацетилсалицилова киселина
neurology_ischemic stroke_40_BGgpt.txt	medication	concept	3028	3039	Клопидогрел
neurology_ischemic stroke_40_BGgpt.txt	medication	concept	3067	3079	Аторвастатин
neurology_ischemic stroke_40_BGgpt.txt	medication	concept	3103	3113	Лизиноприл
neurology_ischemic stroke_40_BGgpt.txt	disease	concept	3130	3140	хипертония
neurology_ischemic stroke_40_BGgpt.txt	medication	concept	3145	3154	Метформин
neurology_ischemic stroke_40_BGgpt.txt	disease	concept	3192	3212	захарен диабет тип 2
neurology_ischemic stroke_40_BGgpt.txt	disease	concept	3299	3305	инсулт
neurology_ischemic stroke_40_BGgpt.txt	symptom	concept	3556	3577	артериалното налягане
neurology_ischemic stroke_40_BGgpt.txt	disease	concept	3609	3624	захарния диабет
neurology_ischemic stroke_40_BGgpt.txt	symptom	concept	3781	3797	сърдечния статус
neurology_ischemic stroke_40_BGgpt.txt	disease	concept	3949	3955	инсулт
neurology_ischemic stroke_40_BGgpt.txt	medication	concept	4000	4011	медикаменти
neurology_ischemic stroke_40_BGgpt.txt	symptom	concept	4109	4117	депресия
neurology_ischemic stroke_40_BGgpt.txt	disease	concept	4144	4150	инсулт
neurology_ischemic stroke_40_BGgpt.txt	symptom	concept	4239	4251	Arm weakness
neurology_ischemic stroke_40_BGgpt.txt	symptom	concept	4253	4272	Speech difficulties
neurology_ischemic stroke_40_BGgpt.txt	disease	concept	4296	4302	инсулт
neurology_ischemic stroke_40_BGgpt.txt	procedure	concept	4561	4583	рехабилитационни сесии
neurology_ischemic stroke_41_BGgpt.txt	disease	concept	236	252	Исхемичен инсулт
neurology_ischemic stroke_41_BGgpt.txt	symptom	concept	459	467	говорене
neurology_ischemic stroke_41_BGgpt.txt	symptom	concept	794	804	кръвоизлив
neurology_ischemic stroke_41_BGgpt.txt	symptom	concept	1837	1861	атеросклеротични промени
neurology_ischemic stroke_41_BGgpt.txt	symptom	concept	1878	1885	стеноза
neurology_ischemic stroke_41_BGgpt.txt	symptom	concept	1890	1897	оклузия
neurology_ischemic stroke_41_BGgpt.txt	disease	concept	2049	2063	хиперлипидемия
neurology_ischemic stroke_41_BGgpt.txt	medication	concept	2160	2167	аспирин
neurology_ischemic stroke_41_BGgpt.txt	medication	concept	2190	2201	клопидогрел
neurology_ischemic stroke_41_BGgpt.txt	medication	concept	2291	2298	аспирин
neurology_ischemic stroke_41_BGgpt.txt	medication	concept	2403	2415	аторвастатин
neurology_ischemic stroke_41_BGgpt.txt	medication	concept	2752	2759	Аспирин
neurology_ischemic stroke_41_BGgpt.txt	medication	concept	2797	2808	Клопидогрел
neurology_ischemic stroke_41_BGgpt.txt	medication	concept	2883	2895	Аторвастатин
neurology_ischemic stroke_41_BGgpt.txt	medication	concept	2933	2943	Лизиноприл
neurology_ischemic stroke_41_BGgpt.txt	procedure	concept	3170	3184	физиотерапията
neurology_ischemic stroke_41_BGgpt.txt	procedure	concept	3187	3208	логопедичната терапия
neurology_ischemic stroke_41_BGgpt.txt	disease	concept	3862	3884	остър исхемичен инсулт
neurology_ischemic stroke_41_BGgpt.txt	procedure	concept	4119	4132	рехабилитация
neurology_ischemic stroke_42_BGgpt.txt	symptom	concept	467	479	нарушена реч
neurology_ischemic stroke_42_BGgpt.txt	disease	concept	579	599	захарен диабет тип 2
neurology_ischemic stroke_42_BGgpt.txt	symptom	concept	786	799	нормогликемия
neurology_ischemic stroke_42_BGgpt.txt	symptom	concept	898	908	кръвоизлив
neurology_ischemic stroke_42_BGgpt.txt	procedure	concept	1510	1525	Ехокардиография
neurology_ischemic stroke_42_BGgpt.txt	disease	concept	1589	1602	клапна болест
neurology_ischemic stroke_42_BGgpt.txt	disease	concept	1945	1966	артериална хипертония
neurology_ischemic stroke_42_BGgpt.txt	disease	concept	1969	1983	захарен диабет
neurology_ischemic stroke_42_BGgpt.txt	procedure	concept	2849	2871	механична тромбектомия
neurology_ischemic stroke_42_BGgpt.txt	medication	concept	3066	3073	Аспирин
neurology_ischemic stroke_42_BGgpt.txt	medication	concept	3173	3184	Клопидогрел
neurology_ischemic stroke_42_BGgpt.txt	medication	concept	3264	3271	аспирин
neurology_ischemic stroke_42_BGgpt.txt	medication	concept	3303	3313	Лизиноприл
neurology_ischemic stroke_42_BGgpt.txt	disease	concept	3344	3365	артериална хипертония
neurology_ischemic stroke_42_BGgpt.txt	medication	concept	3415	3424	Метформин
neurology_ischemic stroke_42_BGgpt.txt	disease	concept	3465	3479	захарен диабет
neurology_ischemic stroke_42_BGgpt.txt	procedure	concept	3679	3691	физиотерапия
neurology_ischemic stroke_42_BGgpt.txt	procedure	concept	3693	3704	ерготерапия
neurology_ischemic stroke_42_BGgpt.txt	procedure	concept	3707	3726	логопедична терапия
neurology_ischemic stroke_42_BGgpt.txt	disease	concept	4075	4098	артериалната хипертония
neurology_ischemic stroke_42_BGgpt.txt	disease	concept	4101	4116	захарния диабет
neurology_ischemic stroke_42_BGgpt.txt	procedure	concept	4124	4147	Амбулаторна консултация
neurology_ischemic stroke_42_BGgpt.txt	procedure	concept	4302	4320	контролни прегледи
neurology_ischemic stroke_42_BGgpt.txt	disease	concept	4480	4486	инсулт
neurology_ischemic stroke_42_BGgpt.txt	procedure	concept	4522	4556	амбулаторни рехабилитационни сесии
neurology_ischemic stroke_42_BGgpt.txt	disease	concept	4886	4892	инсулт
neurology_ischemic stroke_43_BGgpt.txt	disease	concept	231	255	Исхемичен мозъчен инсулт
neurology_ischemic stroke_43_BGgpt.txt	disease	concept	280	301	Артериална хипертония
neurology_ischemic stroke_43_BGgpt.txt	disease	concept	303	323	Захарен диабет тип 2
neurology_ischemic stroke_43_BGgpt.txt	disease	concept	428	449	артериална хипертония
neurology_ischemic stroke_43_BGgpt.txt	disease	concept	452	472	захарен диабет тип 2
neurology_ischemic stroke_43_BGgpt.txt	symptom	concept	715	729	кръвната захар
neurology_ischemic stroke_43_BGgpt.txt	symptom	concept	856	866	кръвоизлив
neurology_ischemic stroke_43_BGgpt.txt	disease	concept	1202	1219	миокарден инфаркт
neurology_ischemic stroke_43_BGgpt.txt	disease	concept	1494	1500	диабет
neurology_ischemic stroke_43_BGgpt.txt	procedure	concept	2134	2156	механична тромбектомия
neurology_ischemic stroke_43_BGgpt.txt	medication	concept	2229	2236	аспирин
neurology_ischemic stroke_43_BGgpt.txt	medication	concept	2410	2419	апиксабан
neurology_ischemic stroke_43_BGgpt.txt	disease	concept	2439	2445	инсулт
neurology_ischemic stroke_43_BGgpt.txt	procedure	concept	2698	2710	физиотерапия
neurology_ischemic stroke_43_BGgpt.txt	procedure	concept	2712	2723	ерготерапия
neurology_ischemic stroke_43_BGgpt.txt	procedure	concept	2726	2745	логопедична терапия
neurology_ischemic stroke_43_BGgpt.txt	symptom	concept	2756	2776	десностранна слабост
neurology_ischemic stroke_43_BGgpt.txt	disease	concept	2831	2838	диабета
neurology_ischemic stroke_43_BGgpt.txt	medication	concept	2944	2950	статин
neurology_ischemic stroke_43_BGgpt.txt	medication	concept	2952	2964	аторвастатин
neurology_ischemic stroke_43_BGgpt.txt	disease	concept	2982	2994	дислипидемия
neurology_ischemic stroke_43_BGgpt.txt	medication	concept	3032	3041	Апиксабан
neurology_ischemic stroke_43_BGgpt.txt	medication	concept	3067	3074	Аспирин
neurology_ischemic stroke_43_BGgpt.txt	medication	concept	3141	3151	Лизиноприл
neurology_ischemic stroke_43_BGgpt.txt	medication	concept	3194	3203	Метформин
neurology_ischemic stroke_43_BGgpt.txt	disease	concept	3231	3251	захарен диабет тип 2
neurology_ischemic stroke_43_BGgpt.txt	medication	concept	3256	3268	Аторвастатин
neurology_ischemic stroke_43_BGgpt.txt	disease	concept	3285	3297	дислипидемия
neurology_ischemic stroke_43_BGgpt.txt	disease	concept	3632	3655	артериалната хипертония
neurology_ischemic stroke_43_BGgpt.txt	disease	concept	3657	3672	захарния диабет
neurology_ischemic stroke_43_BGgpt.txt	disease	concept	3675	3689	дислипидемията
neurology_ischemic stroke_43_BGgpt.txt	procedure	concept	3704	3728	повторна ехокардиография
neurology_ischemic stroke_43_BGgpt.txt	symptom	concept	4149	4167	предсърдно мъждене
neurology_ischemic stroke_43_BGgpt.txt	procedure	concept	4249	4273	амбулаторно проследяване
neurology_ischemic stroke_43_BGgpt.txt	disease	concept	4298	4304	инсулт
neurology_ischemic stroke_43_BGgpt.txt	procedure	concept	4318	4332	антикоагулация
neurology_ischemic stroke_43_BGgpt.txt	disease	concept	4392	4400	липидите
neurology_ischemic stroke_43_BGgpt.txt	disease	concept	4453	4469	рецидивен инсулт
neurology_ischemic stroke_44_BGgpt.txt	disease	concept	4	12	Епикриза
neurology_ischemic stroke_44_BGgpt.txt	symptom	concept	400	403	реч
neurology_ischemic stroke_44_BGgpt.txt	disease	concept	537	558	артериална хипертония
neurology_ischemic stroke_44_BGgpt.txt	disease	concept	561	575	хиперлипидемия
neurology_ischemic stroke_44_BGgpt.txt	symptom	concept	702	708	травма
neurology_ischemic stroke_44_BGgpt.txt	symptom	concept	710	720	главоболие
neurology_ischemic stroke_44_BGgpt.txt	symptom	concept	725	743	загуба на съзнание
neurology_ischemic stroke_44_BGgpt.txt	symptom	concept	1082	1100	експресивна афазия
neurology_ischemic stroke_44_BGgpt.txt	symptom	concept	1377	1387	кръвоизлив
neurology_ischemic stroke_44_BGgpt.txt	medication	concept	2070	2074	tkPA
neurology_ischemic stroke_44_BGgpt.txt	medication	concept	2473	2477	tkPA
neurology_ischemic stroke_44_BGgpt.txt	medication	concept	2576	2583	Аспирин
neurology_ischemic stroke_44_BGgpt.txt	medication	concept	2686	2709	високоинтензивен статин
neurology_ischemic stroke_44_BGgpt.txt	disease	concept	2820	2840	десностранна слабост
neurology_ischemic stroke_44_BGgpt.txt	medication	concept	2991	3002	антибиотици
neurology_ischemic stroke_44_BGgpt.txt	medication	concept	3230	3237	Аспирин
neurology_ischemic stroke_44_BGgpt.txt	medication	concept	3292	3304	Аторвастатин
neurology_ischemic stroke_44_BGgpt.txt	medication	concept	3353	3363	Лизиноприл
neurology_ischemic stroke_44_BGgpt.txt	procedure	concept	3658	3677	логопедична терапия
neurology_ischemic stroke_44_BGgpt.txt	procedure	concept	3965	3983	контролни прегледи
neurology_ischemic stroke_45_BGgpt.txt	disease	concept	4	12	Епикриза
neurology_ischemic stroke_45_BGgpt.txt	disease	concept	599	609	Хипертония
neurology_ischemic stroke_45_BGgpt.txt	disease	concept	611	631	Захарен диабет тип 2
neurology_ischemic stroke_45_BGgpt.txt	disease	concept	633	647	Хиперлипидемия
neurology_ischemic stroke_45_BGgpt.txt	symptom	concept	920	927	кървене
neurology_ischemic stroke_45_BGgpt.txt	symptom	concept	1011	1021	кръвоизлив
neurology_ischemic stroke_45_BGgpt.txt	disease	concept	1747	1761	захарен диабет
neurology_ischemic stroke_45_BGgpt.txt	disease	concept	1764	1778	хиперлипидемия
neurology_ischemic stroke_45_BGgpt.txt	procedure	concept	2230	2242	тромболитика
neurology_ischemic stroke_45_BGgpt.txt	medication	concept	2460	2467	Аспирин
neurology_ischemic stroke_45_BGgpt.txt	medication	concept	2536	2547	Клопидогрел
neurology_ischemic stroke_45_BGgpt.txt	medication	concept	2657	2669	Аторвастатин
neurology_ischemic stroke_45_BGgpt.txt	disease	concept	2970	2985	захарния диабет
neurology_ischemic stroke_45_BGgpt.txt	medication	concept	2988	2997	Метформин
neurology_ischemic stroke_45_BGgpt.txt	medication	concept	3525	3532	Аспирин
neurology_ischemic stroke_45_BGgpt.txt	medication	concept	3625	3636	Клопидогрел
neurology_ischemic stroke_45_BGgpt.txt	medication	concept	3679	3691	Аторвастатин
neurology_ischemic stroke_45_BGgpt.txt	medication	concept	3842	3851	Метформин
neurology_ischemic stroke_45_BGgpt.txt	disease	concept	4073	4079	инсулт
neurology_ischemic stroke_45_BGgpt.txt	disease	concept	4193	4199	инсулт
neurology_ischemic stroke_45_BGgpt.txt	disease	concept	4411	4417	инсулт
neurology_ischemic stroke_46_BGgpt.txt	disease	concept	464	485	артериална хипертония
neurology_ischemic stroke_46_BGgpt.txt	symptom	concept	622	628	афазия
neurology_ischemic stroke_46_BGgpt.txt	symptom	concept	907	913	афазия
neurology_ischemic stroke_46_BGgpt.txt	symptom	concept	955	971	дясна хемипареза
neurology_ischemic stroke_46_BGgpt.txt	procedure	concept	1498	1515	Ехокардиографията
neurology_ischemic stroke_46_BGgpt.txt	disease	concept	1966	1980	захарен диабет
neurology_ischemic stroke_46_BGgpt.txt	medication	concept	2067	2103	i.v. тъканен плазминогенен активатор
neurology_ischemic stroke_46_BGgpt.txt	medication	concept	2342	2373	i.v. антихипертензивни средства
neurology_ischemic stroke_46_BGgpt.txt	procedure	concept	2588	2610	механична тромбектомия
neurology_ischemic stroke_46_BGgpt.txt	medication	concept	2783	2790	аспирин
neurology_ischemic stroke_46_BGgpt.txt	disease	concept	2850	2856	инсулт
neurology_ischemic stroke_46_BGgpt.txt	medication	concept	2973	2984	клопидогрел
neurology_ischemic stroke_46_BGgpt.txt	medication	concept	3234	3241	аспирин
neurology_ischemic stroke_46_BGgpt.txt	medication	concept	3267	3279	аторвастатин
neurology_ischemic stroke_46_BGgpt.txt	disease	concept	3321	3327	инсулт
neurology_ischemic stroke_46_BGgpt.txt	procedure	concept	3373	3385	физиотерапия
neurology_ischemic stroke_46_BGgpt.txt	symptom	concept	3494	3503	слабостта
neurology_ischemic stroke_46_BGgpt.txt	medication	concept	3699	3706	Аспирин
neurology_ischemic stroke_46_BGgpt.txt	medication	concept	3724	3735	Клопидогрел
neurology_ischemic stroke_46_BGgpt.txt	medication	concept	3784	3796	Аторвастатин
neurology_ischemic stroke_46_BGgpt.txt	medication	concept	3813	3823	Лизиноприл
neurology_ischemic stroke_46_BGgpt.txt	medication	concept	3841	3850	Метформин
neurology_ischemic stroke_46_BGgpt.txt	disease	concept	3926	3932	диабет
neurology_ischemic stroke_46_BGgpt.txt	disease	concept	4210	4216	инсулт
neurology_ischemic stroke_46_BGgpt.txt	symptom	concept	4437	4453	странични ефекти
neurology_ischemic stroke_46_BGgpt.txt	medication	concept	4457	4468	лекарствата
neurology_ischemic stroke_46_BGgpt.txt	disease	concept	4563	4569	инсулт
neurology_ischemic stroke_47_BGgpt.txt	disease	concept	258	282	Исхемичен мозъчен инсулт
neurology_ischemic stroke_47_BGgpt.txt	disease	concept	311	321	Хипертония
neurology_ischemic stroke_47_BGgpt.txt	disease	concept	323	343	Захарен диабет тип 2
neurology_ischemic stroke_47_BGgpt.txt	disease	concept	419	429	хипертония
neurology_ischemic stroke_47_BGgpt.txt	symptom	concept	1098	1108	кръвоизлив
neurology_ischemic stroke_47_BGgpt.txt	disease	concept	1948	1964	исхемичен инсулт
neurology_ischemic stroke_47_BGgpt.txt	medication	concept	2049	2102	венозно рекомбинантен тъканен плазминогенен активатор
neurology_ischemic stroke_47_BGgpt.txt	symptom	concept	2523	2546	неврологично подобрение
neurology_ischemic stroke_47_BGgpt.txt	medication	concept	2649	2656	Аспирин
neurology_ischemic stroke_47_BGgpt.txt	medication	concept	2992	3001	апиксабан
neurology_ischemic stroke_47_BGgpt.txt	disease	concept	3042	3048	инсулт
neurology_ischemic stroke_47_BGgpt.txt	disease	concept	3076	3092	системна емболия
neurology_ischemic stroke_47_BGgpt.txt	disease	concept	3131	3138	диабета
neurology_ischemic stroke_47_BGgpt.txt	disease	concept	3162	3170	диабетът
neurology_ischemic stroke_47_BGgpt.txt	medication	concept	3226	3236	лизиноприл
neurology_ischemic stroke_47_BGgpt.txt	medication	concept	3252	3261	метформин
neurology_ischemic stroke_47_BGgpt.txt	procedure	concept	3331	3344	Рехабилитация
neurology_ischemic stroke_47_BGgpt.txt	procedure	concept	3400	3412	физиотерапия
neurology_ischemic stroke_47_BGgpt.txt	procedure	concept	3414	3425	ерготерапия
neurology_ischemic stroke_47_BGgpt.txt	procedure	concept	3428	3447	логопедична терапия
neurology_ischemic stroke_47_BGgpt.txt	symptom	concept	3467	3476	слабостта
neurology_ischemic stroke_47_BGgpt.txt	disease	concept	3507	3515	афазията
neurology_ischemic stroke_47_BGgpt.txt	medication	concept	3549	3558	Апиксабан
neurology_ischemic stroke_47_BGgpt.txt	medication	concept	3595	3602	Аспирин
neurology_ischemic stroke_47_BGgpt.txt	medication	concept	3638	3648	Лизиноприл
neurology_ischemic stroke_47_BGgpt.txt	medication	concept	3684	3693	Метформин
neurology_ischemic stroke_47_BGgpt.txt	medication	concept	3733	3745	Аторвастатин
neurology_ischemic stroke_47_BGgpt.txt	disease	concept	3832	3839	диабета
neurology_ischemic stroke_47_BGgpt.txt	disease	concept	4125	4132	инсулти
neurology_ischemic stroke_47_BGgpt.txt	disease	concept	4204	4210	инсулт
neurology_ischemic stroke_47_BGgpt.txt	disease	concept	4264	4271	диабета
neurology_ischemic stroke_47_BGgpt.txt	procedure	concept	4295	4320	антикоагулантната терапия
neurology_ischemic stroke_47_BGgpt.txt	disease	concept	4352	4358	инсулт
neurology_ischemic stroke_47_BGgpt.txt	disease	concept	4581	4587	инсулт
neurology_ischemic stroke_47_BGgpt.txt	disease	concept	4823	4829	инсулт
neurology_ischemic stroke_47_BGgpt.txt	procedure	concept	4856	4877	тромболитична терапия
neurology_ischemic stroke_47_BGgpt.txt	procedure	concept	4940	4957	амбулаторни грижи
neurology_ischemic stroke_47_BGgpt.txt	procedure	concept	4960	4973	рехабилитация
neurology_ischemic stroke_47_BGgpt.txt	disease	concept	5061	5067	инсулт
neurology_ischemic stroke_47_BGgpt.txt	procedure	concept	5085	5103	терапевтичния план
neurology_ischemic stroke_47_BGgpt.txt	disease	concept	5218	5224	инсулт
neurology_ischemic stroke_48_BGgpt.txt	procedure	concept	753	773	неврологичен преглед
neurology_ischemic stroke_48_BGgpt.txt	symptom	concept	970	980	кръвоизлив
neurology_ischemic stroke_48_BGgpt.txt	disease	concept	1434	1447	рдиоемболизъм
neurology_ischemic stroke_48_BGgpt.txt	disease	concept	1619	1631	диабет тип 2
neurology_ischemic stroke_48_BGgpt.txt	disease	concept	1634	1644	хипертония
neurology_ischemic stroke_48_BGgpt.txt	medication	concept	2391	2398	аспирин
neurology_ischemic stroke_48_BGgpt.txt	medication	concept	2644	2655	клопидогрел
neurology_ischemic stroke_48_BGgpt.txt	medication	concept	2696	2704	аспирина
neurology_ischemic stroke_48_BGgpt.txt	procedure	concept	2948	2960	физиотерапия
neurology_ischemic stroke_48_BGgpt.txt	procedure	concept	2962	2974	трудотерапия
neurology_ischemic stroke_48_BGgpt.txt	procedure	concept	2977	2996	логопедична терапия
neurology_ischemic stroke_48_BGgpt.txt	symptom	concept	3099	3105	говора
neurology_ischemic stroke_48_BGgpt.txt	symptom	concept	3246	3271	хеморагична трансформация
neurology_ischemic stroke_48_BGgpt.txt	symptom	concept	3283	3293	кръвоизлив
neurology_ischemic stroke_48_BGgpt.txt	medication	concept	3357	3364	Аспирин
neurology_ischemic stroke_48_BGgpt.txt	medication	concept	3396	3407	Клопидогрел
neurology_ischemic stroke_48_BGgpt.txt	medication	concept	3476	3488	Аторвастатин
neurology_ischemic stroke_48_BGgpt.txt	medication	concept	3516	3526	Лизиноприл
neurology_ischemic stroke_48_BGgpt.txt	medication	concept	3558	3567	Метформин
neurology_ischemic stroke_48_BGgpt.txt	procedure	concept	3756	3768	физиотерапия
neurology_ischemic stroke_48_BGgpt.txt	symptom	concept	4011	4023	преглъщането
neurology_ischemic stroke_48_BGgpt.txt	disease	concept	4264	4297	отично сърдечно-съдово заболяване
neurology_ischemic stroke_48_BGgpt.txt	disease	concept	4345	4352	диабета
neurology_ischemic stroke_48_BGgpt.txt	disease	concept	4549	4555	инсулт
neurology_ischemic stroke_48_BGgpt.txt	disease	concept	4826	4832	инсулт
neurology_ischemic stroke_48_BGgpt.txt	disease	concept	5177	5183	инсулт
neurology_ischemic stroke_49_BGgpt.txt	disease	concept	4	12	Епикриза
neurology_ischemic stroke_49_BGgpt.txt	disease	concept	403	413	Хипертония
neurology_ischemic stroke_49_BGgpt.txt	disease	concept	418	438	Захарен диабет тип 2
neurology_ischemic stroke_49_BGgpt.txt	disease	concept	443	467	Преходна исхемична атака
neurology_ischemic stroke_49_BGgpt.txt	medication	concept	520	530	Лизиноприл
neurology_ischemic stroke_49_BGgpt.txt	medication	concept	548	557	Метформин
neurology_ischemic stroke_49_BGgpt.txt	disease	concept	1283	1290	исхемия
neurology_ischemic stroke_49_BGgpt.txt	symptom	concept	1660	1681	артериалното налягане
neurology_ischemic stroke_49_BGgpt.txt	medication	concept	1766	1773	Аспирин
neurology_ischemic stroke_49_BGgpt.txt	symptom	concept	1982	1998	сърдечни аритмии
neurology_ischemic stroke_49_BGgpt.txt	procedure	concept	2004	2019	Ехокардиография
neurology_ischemic stroke_49_BGgpt.txt	medication	concept	2349	2360	Клопидогрел
neurology_ischemic stroke_49_BGgpt.txt	medication	concept	2445	2452	аспирин
neurology_ischemic stroke_49_BGgpt.txt	medication	concept	2468	2480	Аторвастатин
neurology_ischemic stroke_49_BGgpt.txt	procedure	concept	2616	2628	физиотерапия
neurology_ischemic stroke_49_BGgpt.txt	procedure	concept	2630	2641	ерготерапия
neurology_ischemic stroke_49_BGgpt.txt	procedure	concept	2644	2663	логопедична терапия
neurology_ischemic stroke_49_BGgpt.txt	symptom	concept	2710	2722	подвижността
neurology_ischemic stroke_49_BGgpt.txt	symptom	concept	2725	2731	говора
neurology_ischemic stroke_49_BGgpt.txt	procedure	concept	2774	2789	домашно лечение
neurology_ischemic stroke_49_BGgpt.txt	procedure	concept	2817	2829	физиотерапия
neurology_ischemic stroke_49_BGgpt.txt	medication	concept	2998	3005	Аспирин
neurology_ischemic stroke_49_BGgpt.txt	medication	concept	3025	3036	Клопидогрел
neurology_ischemic stroke_49_BGgpt.txt	medication	concept	3090	3102	Аторвастатин
neurology_ischemic stroke_49_BGgpt.txt	medication	concept	3121	3131	Лизиноприл
neurology_ischemic stroke_49_BGgpt.txt	medication	concept	3151	3160	Метформин
neurology_ischemic stroke_49_BGgpt.txt	disease	concept	3338	3344	инсулт
neurology_ischemic stroke_49_BGgpt.txt	disease	concept	3502	3508	инсулт
neurology_ischemic stroke_49_BGgpt.txt	disease	concept	3949	3955	инсулт
neurology_ischemic stroke_49_BGgpt.txt	disease	concept	4003	4017	захарен диабет
neurology_ischemic stroke_4_BGgpt.txt	disease	concept	314	330	Исхемичен инсулт
neurology_ischemic stroke_4_BGgpt.txt	disease	concept	1898	1907	Алтеплаза
neurology_ischemic stroke_4_BGgpt.txt	medication	concept	2333	2345	Аторвастатин
neurology_ischemic stroke_4_BGgpt.txt	medication	concept	2493	2503	Лизиноприл
neurology_ischemic stroke_4_BGgpt.txt	symptom	concept	2768	2774	говора
neurology_ischemic stroke_4_BGgpt.txt	medication	concept	3150	3153	АСК
neurology_ischemic stroke_4_BGgpt.txt	medication	concept	3171	3183	Аторвастатин
neurology_ischemic stroke_4_BGgpt.txt	medication	concept	3201	3211	Лизиноприл
neurology_ischemic stroke_4_BGgpt.txt	procedure	concept	3412	3424	Физиотерапия
neurology_ischemic stroke_4_BGgpt.txt	symptom	concept	3761	3775	кръвната захар
neurology_ischemic stroke_4_BGgpt.txt	disease	concept	4047	4063	исхемичен инсулт
neurology_ischemic stroke_5_BGgpt.txt	symptom	concept	575	581	афазия
neurology_ischemic stroke_5_BGgpt.txt	disease	concept	1389	1402	клапна болест
neurology_ischemic stroke_5_BGgpt.txt	procedure	concept	1442	1468	Съдова образна диагностика
neurology_ischemic stroke_5_BGgpt.txt	procedure	concept	1472	1503	Магнитно-резонансна ангиография
neurology_ischemic stroke_5_BGgpt.txt	disease	concept	1828	1844	исхемичен инсулт
neurology_ischemic stroke_5_BGgpt.txt	medication	concept	1931	1975	интравенозен тъканен плазминогенен активатор
neurology_ischemic stroke_5_BGgpt.txt	medication	concept	2429	2436	аспирин
neurology_ischemic stroke_5_BGgpt.txt	medication	concept	2452	2463	клопидогрел
neurology_ischemic stroke_5_BGgpt.txt	symptom	concept	2848	2869	артериалното налягане
neurology_ischemic stroke_5_BGgpt.txt	medication	concept	2995	3002	Аспирин
neurology_ischemic stroke_5_BGgpt.txt	medication	concept	3017	3028	Клопидогрел
neurology_ischemic stroke_5_BGgpt.txt	medication	concept	3069	3076	Липитор
neurology_ischemic stroke_5_BGgpt.txt	medication	concept	3156	3166	Лизиноприл
neurology_ischemic stroke_5_BGgpt.txt	symptom	concept	3307	3319	подвижността
neurology_ischemic stroke_5_BGgpt.txt	symptom	concept	3322	3327	речта
neurology_ischemic stroke_5_BGgpt.txt	procedure	concept	3455	3458	МРА
neurology_ischemic stroke_5_BGgpt.txt	procedure	concept	3461	3470	ехография
neurology_ischemic stroke_5_BGgpt.txt	medication	concept	3661	3668	аспирин
neurology_ischemic stroke_5_BGgpt.txt	symptom	concept	3901	3906	речта
neurology_ischemic stroke_5_BGgpt.txt	symptom	concept	3909	3918	слабостта
neurology_ischemic stroke_5_BGgpt.txt	medication	concept	4317	4320	tPA
neurology_ischemic stroke_5_BGgpt.txt	procedure	concept	4455	4480	амбулаторна рехабилитация
neurology_ischemic stroke_6_BGgpt.txt	symptom	concept	913	923	кръвоизлив
neurology_ischemic stroke_6_BGgpt.txt	medication	concept	1748	1774	антихипертензивни средства
neurology_ischemic stroke_6_BGgpt.txt	medication	concept	1936	1981	рекомбинантен тъканен плазминогенен активатор
neurology_ischemic stroke_6_BGgpt.txt	disease	concept	2337	2354	рецидив на инсулт
neurology_ischemic stroke_6_BGgpt.txt	procedure	concept	2378	2400	механична тромбектомия
neurology_ischemic stroke_6_BGgpt.txt	medication	concept	2536	2561	ацетилсалицилова киселина
neurology_ischemic stroke_6_BGgpt.txt	medication	concept	2583	2594	клопидогрел
neurology_ischemic stroke_6_BGgpt.txt	medication	concept	2815	2851	перорални антихипертензивни средства
neurology_ischemic stroke_6_BGgpt.txt	medication	concept	2891	2908	статинова терапия
neurology_ischemic stroke_6_BGgpt.txt	procedure	concept	2984	2993	логопедия
neurology_ischemic stroke_6_BGgpt.txt	procedure	concept	3025	3041	хоспитализацията
neurology_ischemic stroke_6_BGgpt.txt	medication	concept	3121	3128	Аспирин
neurology_ischemic stroke_6_BGgpt.txt	medication	concept	3159	3170	Клопидогрел
neurology_ischemic stroke_6_BGgpt.txt	medication	concept	3238	3250	Аторвастатин
neurology_ischemic stroke_6_BGgpt.txt	medication	concept	3277	3287	Лизиноприл
neurology_ischemic stroke_6_BGgpt.txt	disease	concept	3867	3873	инсулт
neurology_ischemic stroke_6_BGgpt.txt	disease	concept	3996	4002	инсулт
neurology_ischemic stroke_6_BGgpt.txt	disease	concept	4117	4123	инсулт
neurology_ischemic stroke_6_BGgpt.txt	disease	concept	4245	4251	инсулт
neurology_ischemic stroke_7_BGgpt.txt	disease	concept	559	579	Захарен диабет тип 2
neurology_ischemic stroke_7_BGgpt.txt	procedure	concept	1452	1462	телеметрия
neurology_ischemic stroke_7_BGgpt.txt	procedure	concept	1554	1571	Ехокардиографията
neurology_ischemic stroke_7_BGgpt.txt	disease	concept	2045	2052	диабета
neurology_ischemic stroke_7_BGgpt.txt	medication	concept	2120	2173	венозен рекомбинантен тъканен плазминогенен активатор
neurology_ischemic stroke_7_BGgpt.txt	medication	concept	2369	2411	интравенозни антихипертензивни медикаменти
neurology_ischemic stroke_7_BGgpt.txt	procedure	concept	2505	2527	Механична тромбектомия
neurology_ischemic stroke_7_BGgpt.txt	procedure	concept	2661	2683	механична тромбектомия
neurology_ischemic stroke_7_BGgpt.txt	medication	concept	2805	2812	Аспирин
neurology_ischemic stroke_7_BGgpt.txt	medication	concept	2910	2921	Клопидогрел
neurology_ischemic stroke_7_BGgpt.txt	medication	concept	3102	3114	аторвастатин
neurology_ischemic stroke_7_BGgpt.txt	medication	concept	3160	3169	метформин
neurology_ischemic stroke_7_BGgpt.txt	disease	concept	3229	3236	диабета
neurology_ischemic stroke_7_BGgpt.txt	procedure	concept	3447	3459	физиотерапия
neurology_ischemic stroke_7_BGgpt.txt	procedure	concept	3462	3475	рехабилитация
neurology_ischemic stroke_7_BGgpt.txt	medication	concept	3745	3752	Аспирин
neurology_ischemic stroke_7_BGgpt.txt	medication	concept	3770	3781	Клопидогрел
neurology_ischemic stroke_7_BGgpt.txt	medication	concept	3833	3845	Аторвастатин
neurology_ischemic stroke_7_BGgpt.txt	medication	concept	3862	3871	Метформин
neurology_ischemic stroke_7_BGgpt.txt	medication	concept	3899	3909	Лизиноприл
neurology_ischemic stroke_7_BGgpt.txt	disease	concept	3926	3947	артериална хипертония
neurology_ischemic stroke_7_BGgpt.txt	disease	concept	4245	4251	инсулт
neurology_ischemic stroke_7_BGgpt.txt	procedure	concept	4357	4369	физиотерапия
neurology_ischemic stroke_7_BGgpt.txt	procedure	concept	4371	4384	рехабилитация
neurology_ischemic stroke_7_BGgpt.txt	disease	concept	4585	4591	инсулт
neurology_ischemic stroke_7_BGgpt.txt	disease	concept	4722	4738	исхемичен инсулт
neurology_ischemic stroke_8_BGgpt.txt	disease	concept	289	311	Остър исхемичен инсулт
neurology_ischemic stroke_8_BGgpt.txt	symptom	concept	473	493	затруднение в говора
neurology_ischemic stroke_8_BGgpt.txt	symptom	concept	855	865	кръвоизлив
neurology_ischemic stroke_8_BGgpt.txt	disease	concept	982	1004	остър исхемичен инсулт
neurology_ischemic stroke_8_BGgpt.txt	procedure	concept	1181	1196	ехокардиография
neurology_ischemic stroke_8_BGgpt.txt	procedure	concept	1361	1364	ПКК
neurology_ischemic stroke_8_BGgpt.txt	medication	concept	2235	2246	клопидогрел
neurology_ischemic stroke_8_BGgpt.txt	symptom	concept	2306	2313	рецидив
neurology_ischemic stroke_8_BGgpt.txt	medication	concept	2677	2684	Аспирин
neurology_ischemic stroke_8_BGgpt.txt	medication	concept	2712	2723	Клопидогрел
neurology_ischemic stroke_8_BGgpt.txt	medication	concept	2796	2800	атин
neurology_ischemic stroke_8_BGgpt.txt	medication	concept	2827	2837	Лизиноприл
neurology_ischemic stroke_8_BGgpt.txt	symptom	concept	2875	2892	кръвното налягане
neurology_ischemic stroke_8_BGgpt.txt	medication	concept	2897	2907	Метопролол
neurology_ischemic stroke_8_BGgpt.txt	symptom	concept	2954	2972	сърдечната честота
neurology_ischemic stroke_8_BGgpt.txt	symptom	concept	3217	3234	рисковите фактори
neurology_ischemic stroke_8_BGgpt.txt	disease	concept	3602	3608	инсулт
neurology_ischemic stroke_8_BGgpt.txt	disease	concept	3749	3755	инсулт
neurology_ischemic stroke_8_BGgpt.txt	disease	concept	3825	3831	инсулт
neurology_ischemic stroke_9_BGgpt.txt	disease	concept	4	12	Епикриза
neurology_ischemic stroke_9_BGgpt.txt	symptom	concept	725	735	главоболие
neurology_ischemic stroke_9_BGgpt.txt	symptom	concept	737	744	гърчове
neurology_ischemic stroke_9_BGgpt.txt	symptom	concept	749	767	загуба на съзнание
neurology_ischemic stroke_9_BGgpt.txt	disease	concept	883	893	Хипертония
neurology_ischemic stroke_9_BGgpt.txt	medication	concept	910	920	лизиноприл
neurology_ischemic stroke_9_BGgpt.txt	disease	concept	938	958	Захарен диабет тип 2
neurology_ischemic stroke_9_BGgpt.txt	medication	concept	970	979	метформин
neurology_ischemic stroke_9_BGgpt.txt	disease	concept	1008	1022	Хиперлипидемия
neurology_ischemic stroke_9_BGgpt.txt	medication	concept	1035	1047	аторвастатин
neurology_ischemic stroke_9_BGgpt.txt	medication	concept	1091	1101	Лизиноприл
neurology_ischemic stroke_9_BGgpt.txt	medication	concept	1119	1128	Метформин
neurology_ischemic stroke_9_BGgpt.txt	medication	concept	1157	1169	Аторвастатин
neurology_ischemic stroke_9_BGgpt.txt	symptom	concept	1800	1810	кръвоизлив
neurology_ischemic stroke_9_BGgpt.txt	disease	concept	1829	1853	исхемичен мозъчен инсулт
neurology_ischemic stroke_9_BGgpt.txt	procedure	concept	2135	2150	Ехокардиография
neurology_ischemic stroke_9_BGgpt.txt	disease	concept	2433	2447	захарен диабет
neurology_ischemic stroke_9_BGgpt.txt	medication	concept	3053	3078	ацетилсалицилова киселина
neurology_ischemic stroke_9_BGgpt.txt	medication	concept	3167	3178	клопидогрел
neurology_ischemic stroke_9_BGgpt.txt	procedure	concept	3298	3310	физиотерапия
neurology_ischemic stroke_9_BGgpt.txt	medication	concept	3464	3489	Ацетилсалицилова киселина
neurology_ischemic stroke_9_BGgpt.txt	medication	concept	3507	3518	Клопидогрел
neurology_ischemic stroke_9_BGgpt.txt	medication	concept	3570	3580	Лизиноприл
neurology_ischemic stroke_9_BGgpt.txt	medication	concept	3598	3607	Метформин
neurology_ischemic stroke_9_BGgpt.txt	medication	concept	3636	3648	Аторвастатин
neurology_ischemic stroke_9_BGgpt.txt	procedure	concept	4178	4190	Физиотерапия
neurology_ischemic stroke_9_BGgpt.txt	procedure	concept	4317	4336	амбулаторните сесии
neurology_ischemic stroke_9_BGgpt.txt	disease	concept	4446	4459	ивиращ инсулт
neurology_ischemic stroke_9_BGgpt.txt	medication	concept	4478	4491	медикаментите
neurology_ischemic stroke_9_BGgpt.txt	symptom	concept	4505	4512	кървене
neurology_ischemic stroke_9_BGgpt.txt	procedure	concept	4597	4616	физиотерапевтичните
neurology_ischemic stroke_9_BGgpt.txt	medication	concept	4880	4887	алкохол
neurology_ischemic stroke_9_BGgpt.txt	disease	concept	5040	5064	исхемичен мозъчен инсулт
neurology_ischemic stroke_9_BGgpt.txt	medication	concept	5142	5155	медикаментите
traumatology_ankle fractures_0_BGgpt.txt	symptom	concept	643	647	оток
traumatology_ankle fractures_0_BGgpt.txt	procedure	concept	807	826	образна диагностика
traumatology_ankle fractures_0_BGgpt.txt	symptom	concept	889	907	костна болезненост
traumatology_ankle fractures_0_BGgpt.txt	symptom	concept	1202	1226	тибиоталарна сублоксация
traumatology_ankle fractures_0_BGgpt.txt	procedure	concept	1469	1483	рентгенография
traumatology_ankle fractures_0_BGgpt.txt	medication	concept	1644	1653	Ибупрофен
traumatology_ankle fractures_0_BGgpt.txt	procedure	concept	2404	2416	имобилизация
traumatology_ankle fractures_0_BGgpt.txt	procedure	concept	2456	2476	гипсова имобилизация
traumatology_ankle fractures_0_BGgpt.txt	medication	concept	2595	2604	Цефазолин
traumatology_ankle fractures_0_BGgpt.txt	disease	concept	2681	2689	инфекция
traumatology_ankle fractures_0_BGgpt.txt	medication	concept	2725	2734	Оксикодон
traumatology_ankle fractures_0_BGgpt.txt	medication	concept	2851	2860	Ибупрофен
traumatology_ankle fractures_0_BGgpt.txt	procedure	concept	2890	2902	Физиотерапия
traumatology_ankle fractures_0_BGgpt.txt	medication	concept	3312	3321	Ибупрофен
traumatology_ankle fractures_0_BGgpt.txt	medication	concept	3368	3377	Оксикодон
traumatology_ankle fractures_0_BGgpt.txt	procedure	concept	3791	3805	рентгенография
traumatology_ankle fractures_0_BGgpt.txt	disease	concept	4175	4183	инфекция
traumatology_ankle fractures_0_BGgpt.txt	medication	concept	4421	4428	алкохол
traumatology_ankle fractures_0_BGgpt.txt	disease	concept	4617	4623	артрит
traumatology_ankle fractures_10_BGgpt.txt	symptom	concept	687	701	кръвонасядания
traumatology_ankle fractures_10_BGgpt.txt	procedure	concept	1035	1049	Рентгенографии
traumatology_ankle fractures_10_BGgpt.txt	procedure	concept	1275	1289	външна ротация
traumatology_ankle fractures_10_BGgpt.txt	procedure	concept	1540	1552	дорзифлексия
traumatology_ankle fractures_10_BGgpt.txt	medication	concept	1896	1905	Ибупрофен
traumatology_ankle fractures_10_BGgpt.txt	medication	concept	1931	1943	Ацетаминофен
traumatology_ankle fractures_10_BGgpt.txt	procedure	concept	2050	2068	отворена репозиция
traumatology_ankle fractures_10_BGgpt.txt	medication	concept	2509	2528	перорален Оксикодон
traumatology_ankle fractures_10_BGgpt.txt	medication	concept	2588	2597	Ибупрофен
traumatology_ankle fractures_10_BGgpt.txt	medication	concept	2623	2635	Ацетаминофен
traumatology_ankle fractures_10_BGgpt.txt	disease	concept	2744	2767	венозен тромбоемболизъм
traumatology_ankle fractures_10_BGgpt.txt	procedure	concept	2884	2896	физиотерапия
traumatology_ankle fractures_10_BGgpt.txt	medication	concept	3333	3345	Ацетаминофен
traumatology_ankle fractures_10_BGgpt.txt	medication	concept	3406	3415	Оксикодон
traumatology_ankle fractures_10_BGgpt.txt	disease	concept	4276	4298	посттравматичен артрит
traumatology_ankle fractures_10_BGgpt.txt	procedure	concept	4407	4425	контролни прегледи
traumatology_ankle fractures_11_BGgpt.txt	procedure	concept	782	796	рентгенография
traumatology_ankle fractures_11_BGgpt.txt	symptom	concept	845	863	костна болезненост
traumatology_ankle fractures_11_BGgpt.txt	procedure	concept	1364	1378	външна ротация
traumatology_ankle fractures_11_BGgpt.txt	medication	concept	2074	2086	Ацетаминофен
traumatology_ankle fractures_11_BGgpt.txt	medication	concept	2112	2121	Ибупрофен
traumatology_ankle fractures_11_BGgpt.txt	medication	concept	2181	2190	Оксикодон
traumatology_ankle fractures_11_BGgpt.txt	medication	concept	2285	2294	Цефазолин
traumatology_ankle fractures_11_BGgpt.txt	disease	concept	2946	2954	инфекция
traumatology_ankle fractures_11_BGgpt.txt	medication	concept	3138	3145	Аспирин
traumatology_ankle fractures_11_BGgpt.txt	disease	concept	3178	3199	венозна тромбоемболия
traumatology_ankle fractures_11_BGgpt.txt	symptom	concept	3563	3575	зарастването
traumatology_ankle fractures_11_BGgpt.txt	procedure	concept	3956	3985	следоперативния план за грижи
traumatology_ankle fractures_11_BGgpt.txt	procedure	concept	3999	4011	имобилизация
traumatology_ankle fractures_11_BGgpt.txt	procedure	concept	4032	4044	физиотерапия
traumatology_ankle fractures_11_BGgpt.txt	disease	concept	4152	4158	артрит
traumatology_ankle fractures_11_BGgpt.txt	procedure	concept	4211	4220	Ортопедия
traumatology_ankle fractures_11_BGgpt.txt	procedure	concept	4328	4340	Физиотерапия
traumatology_ankle fractures_12_BGgpt.txt	symptom	concept	626	637	болезненост
traumatology_ankle fractures_12_BGgpt.txt	symptom	concept	855	859	оток
traumatology_ankle fractures_12_BGgpt.txt	symptom	concept	862	875	кръвонасядане
traumatology_ankle fractures_12_BGgpt.txt	procedure	concept	927	941	Рентгенографии
traumatology_ankle fractures_12_BGgpt.txt	procedure	concept	1190	1204	външна ротация
traumatology_ankle fractures_12_BGgpt.txt	procedure	concept	1417	1431	рентгенографии
traumatology_ankle fractures_12_BGgpt.txt	medication	concept	1581	1590	Ибупрофен
traumatology_ankle fractures_12_BGgpt.txt	medication	concept	2225	2237	Ацетаминофен
traumatology_ankle fractures_12_BGgpt.txt	medication	concept	2287	2308	антибиотик Цефалексин
traumatology_ankle fractures_12_BGgpt.txt	disease	concept	2410	2418	инфекция
traumatology_ankle fractures_12_BGgpt.txt	procedure	concept	2564	2576	Физиотерапия
traumatology_ankle fractures_12_BGgpt.txt	procedure	concept	2578	2590	Физиотерапия
traumatology_ankle fractures_12_BGgpt.txt	procedure	concept	2944	2958	физиотерапията
traumatology_ankle fractures_12_BGgpt.txt	disease	concept	3354	3360	артрит
traumatology_ankle fractures_12_BGgpt.txt	medication	concept	3457	3466	Ибупрофен
traumatology_ankle fractures_12_BGgpt.txt	medication	concept	3512	3524	Ацетаминофен
traumatology_ankle fractures_12_BGgpt.txt	medication	concept	3570	3580	Цефалексин
traumatology_ankle fractures_12_BGgpt.txt	symptom	concept	3861	3866	отока
traumatology_ankle fractures_12_BGgpt.txt	symptom	concept	3976	3981	отока
traumatology_ankle fractures_12_BGgpt.txt	symptom	concept	4315	4326	зачервяване
traumatology_ankle fractures_12_BGgpt.txt	symptom	concept	4328	4332	оток
traumatology_ankle fractures_12_BGgpt.txt	symptom	concept	4334	4343	затопляне
traumatology_ankle fractures_13_BGgpt.txt	symptom	concept	481	489	оточност
traumatology_ankle fractures_13_BGgpt.txt	symptom	concept	492	503	болезненост
traumatology_ankle fractures_13_BGgpt.txt	procedure	concept	1408	1430	хирургична интервенция
traumatology_ankle fractures_13_BGgpt.txt	medication	concept	1904	1916	ацетаминофен
traumatology_ankle fractures_13_BGgpt.txt	medication	concept	1943	1952	ибупрофен
traumatology_ankle fractures_13_BGgpt.txt	medication	concept	2104	2115	еноксапарин
traumatology_ankle fractures_13_BGgpt.txt	disease	concept	2173	2194	венозна тромбоемболия
traumatology_ankle fractures_13_BGgpt.txt	procedure	concept	2286	2306	гипсова имобилизация
traumatology_ankle fractures_13_BGgpt.txt	medication	concept	2871	2883	Ацетаминофен
traumatology_ankle fractures_13_BGgpt.txt	medication	concept	2946	2955	Ибупрофен
traumatology_ankle fractures_13_BGgpt.txt	medication	concept	3018	3029	Еноксапарин
traumatology_ankle fractures_13_BGgpt.txt	medication	concept	3096	3112	Калциев карбонат
traumatology_ankle fractures_13_BGgpt.txt	medication	concept	3122	3132	Витамин D3
traumatology_ankle fractures_13_BGgpt.txt	procedure	concept	3419	3437	контролния преглед
traumatology_ankle fractures_13_BGgpt.txt	symptom	concept	3638	3642	оток
traumatology_ankle fractures_13_BGgpt.txt	symptom	concept	3644	3653	затопляне
traumatology_ankle fractures_13_BGgpt.txt	symptom	concept	3720	3725	болка
traumatology_ankle fractures_13_BGgpt.txt	procedure	concept	4048	4070	хирургична интервенция
traumatology_ankle fractures_13_BGgpt.txt	procedure	concept	4312	4325	рехабилитация
traumatology_ankle fractures_14_BGgpt.txt	symptom	concept	601	605	оток
traumatology_ankle fractures_14_BGgpt.txt	procedure	concept	1095	1109	външна ротация
traumatology_ankle fractures_14_BGgpt.txt	procedure	concept	1522	1544	хирургична интервенция
traumatology_ankle fractures_14_BGgpt.txt	disease	concept	1975	1996	венозна тромбоемболия
traumatology_ankle fractures_14_BGgpt.txt	medication	concept	2037	2048	Парацетамол
traumatology_ankle fractures_14_BGgpt.txt	medication	concept	2107	2116	Ибупрофен
traumatology_ankle fractures_14_BGgpt.txt	medication	concept	2189	2200	Еноксапарин
traumatology_ankle fractures_14_BGgpt.txt	disease	concept	2249	2270	венозна тромбоемболия
traumatology_ankle fractures_14_BGgpt.txt	procedure	concept	2751	2780	следоперативни рентгенографии
traumatology_ankle fractures_14_BGgpt.txt	symptom	concept	2984	2989	болка
traumatology_ankle fractures_14_BGgpt.txt	symptom	concept	2991	3002	зачервяване
traumatology_ankle fractures_14_BGgpt.txt	symptom	concept	3004	3008	оток
traumatology_ankle fractures_14_BGgpt.txt	symptom	concept	3024	3030	секрет
traumatology_ankle fractures_14_BGgpt.txt	medication	concept	3244	3255	еноксапарин
traumatology_ankle fractures_14_BGgpt.txt	disease	concept	3285	3306	венозна тромбоемболия
traumatology_ankle fractures_14_BGgpt.txt	procedure	concept	3351	3373	хирургична интервенция
traumatology_ankle fractures_15_BGgpt.txt	symptom	concept	327	332	болка
traumatology_ankle fractures_15_BGgpt.txt	symptom	concept	334	338	оток
traumatology_ankle fractures_15_BGgpt.txt	symptom	concept	771	775	оток
traumatology_ankle fractures_15_BGgpt.txt	symptom	concept	778	789	болезненост
traumatology_ankle fractures_15_BGgpt.txt	symptom	concept	874	887	кръвонасядане
traumatology_ankle fractures_15_BGgpt.txt	procedure	concept	1012	1026	рентгенографии
traumatology_ankle fractures_15_BGgpt.txt	symptom	concept	1313	1324	болезненост
traumatology_ankle fractures_15_BGgpt.txt	medication	concept	2051	2060	Ибупрофен
traumatology_ankle fractures_15_BGgpt.txt	medication	concept	2086	2097	Парацетамол
traumatology_ankle fractures_15_BGgpt.txt	medication	concept	2479	2490	Еноксапарин
traumatology_ankle fractures_15_BGgpt.txt	disease	concept	2539	2562	венозен тромбоемболизъм
traumatology_ankle fractures_15_BGgpt.txt	medication	concept	2577	2587	Цефалексин
traumatology_ankle fractures_15_BGgpt.txt	procedure	concept	2913	2929	ортеза за ходене
traumatology_ankle fractures_15_BGgpt.txt	medication	concept	3080	3089	Ибупрофен
traumatology_ankle fractures_15_BGgpt.txt	medication	concept	3158	3169	Еноксапарин
traumatology_ankle fractures_15_BGgpt.txt	disease	concept	3556	3580	дълбока венозна тромбоза
traumatology_ankle fractures_15_BGgpt.txt	disease	concept	3921	3927	артрит
traumatology_ankle fractures_16_BGgpt.txt	symptom	concept	732	736	оток
traumatology_ankle fractures_16_BGgpt.txt	medication	concept	1721	1733	Ацетаминофен
traumatology_ankle fractures_16_BGgpt.txt	medication	concept	1759	1768	Ибупрофен
traumatology_ankle fractures_16_BGgpt.txt	procedure	concept	1967	1985	отворена репозиция
traumatology_ankle fractures_16_BGgpt.txt	medication	concept	2194	2204	Цефалексин
traumatology_ankle fractures_16_BGgpt.txt	medication	concept	2255	2267	аналгетиците
traumatology_ankle fractures_16_BGgpt.txt	disease	concept	2347	2366	компартмент синдром
traumatology_ankle fractures_16_BGgpt.txt	disease	concept	2369	2393	дълбока венозна тромбоза
traumatology_ankle fractures_16_BGgpt.txt	medication	concept	2865	2877	Ацетаминофен
traumatology_ankle fractures_16_BGgpt.txt	medication	concept	2903	2912	Ибупрофен
traumatology_ankle fractures_16_BGgpt.txt	medication	concept	2986	2996	Цефалексин
traumatology_ankle fractures_16_BGgpt.txt	symptom	concept	3421	3425	оток
traumatology_ankle fractures_16_BGgpt.txt	symptom	concept	3427	3436	затопляне
traumatology_ankle fractures_16_BGgpt.txt	symptom	concept	3438	3446	отделяне
traumatology_ankle fractures_16_BGgpt.txt	symptom	concept	3475	3480	болка
traumatology_ankle fractures_16_BGgpt.txt	symptom	concept	3482	3486	оток
traumatology_ankle fractures_16_BGgpt.txt	procedure	concept	3730	3742	физиотерапия
traumatology_ankle fractures_16_BGgpt.txt	disease	concept	3826	3832	артрит
traumatology_ankle fractures_17_BGgpt.txt	symptom	concept	1090	1102	нестабилност
traumatology_ankle fractures_17_BGgpt.txt	procedure	concept	1133	1147	външна ротация
traumatology_ankle fractures_17_BGgpt.txt	medication	concept	2047	2056	Ибупрофен
traumatology_ankle fractures_17_BGgpt.txt	symptom	concept	2093	2098	болка
traumatology_ankle fractures_17_BGgpt.txt	symptom	concept	2101	2111	възпаление
traumatology_ankle fractures_17_BGgpt.txt	medication	concept	2171	2183	Ацетаминофен
traumatology_ankle fractures_17_BGgpt.txt	medication	concept	2268	2278	Цефалексин
traumatology_ankle fractures_17_BGgpt.txt	procedure	concept	2435	2447	Физиотерапия
traumatology_ankle fractures_17_BGgpt.txt	procedure	concept	2608	2620	физиотерапия
traumatology_ankle fractures_17_BGgpt.txt	procedure	concept	3050	3068	контролния преглед
traumatology_ankle fractures_17_BGgpt.txt	symptom	concept	3085	3097	зарастването
traumatology_ankle fractures_17_BGgpt.txt	procedure	concept	3152	3166	физиотерапията
traumatology_ankle fractures_17_BGgpt.txt	procedure	concept	3234	3252	контролния преглед
traumatology_ankle fractures_17_BGgpt.txt	symptom	concept	3365	3371	отокът
traumatology_ankle fractures_17_BGgpt.txt	medication	concept	3416	3427	медикаменти
traumatology_ankle fractures_17_BGgpt.txt	procedure	concept	3521	3539	контролния преглед
traumatology_ankle fractures_17_BGgpt.txt	symptom	concept	3624	3628	оток
traumatology_ankle fractures_17_BGgpt.txt	procedure	concept	3819	3842	стриктното проследяване
traumatology_ankle fractures_17_BGgpt.txt	disease	concept	3979	3985	артрит
traumatology_ankle fractures_18_BGgpt.txt	symptom	concept	572	576	оток
traumatology_ankle fractures_18_BGgpt.txt	procedure	concept	1417	1431	рентгенография
traumatology_ankle fractures_18_BGgpt.txt	medication	concept	1957	1969	Ацетаминофен
traumatology_ankle fractures_18_BGgpt.txt	medication	concept	2045	2054	Ибупрофен
traumatology_ankle fractures_18_BGgpt.txt	medication	concept	2080	2092	Ацетаминофен
traumatology_ankle fractures_18_BGgpt.txt	disease	concept	2150	2171	венозна тромбоемболия
traumatology_ankle fractures_18_BGgpt.txt	medication	concept	2216	2227	Еноксапарин
traumatology_ankle fractures_18_BGgpt.txt	medication	concept	3002	3011	Ибупрофен
traumatology_ankle fractures_18_BGgpt.txt	medication	concept	3047	3059	Ацетаминофен
traumatology_ankle fractures_18_BGgpt.txt	medication	concept	3130	3141	Еноксапарин
traumatology_ankle fractures_18_BGgpt.txt	disease	concept	3707	3729	посттравматичен артрит
traumatology_ankle fractures_18_BGgpt.txt	medication	concept	3831	3840	Ибупрофен
traumatology_ankle fractures_18_BGgpt.txt	medication	concept	3922	3934	Ацетаминофен
traumatology_ankle fractures_18_BGgpt.txt	medication	concept	4013	4024	Еноксапарин
traumatology_ankle fractures_18_BGgpt.txt	symptom	concept	4198	4209	зачервяване
traumatology_ankle fractures_18_BGgpt.txt	symptom	concept	4211	4215	оток
traumatology_ankle fractures_18_BGgpt.txt	symptom	concept	4390	4404	кръвен съсирек
traumatology_ankle fractures_18_BGgpt.txt	procedure	concept	4531	4559	физиотерапевтични упражнения
traumatology_ankle fractures_19_BGgpt.txt	procedure	concept	977	991	рентгенография
traumatology_ankle fractures_19_BGgpt.txt	procedure	concept	1039	1056	антеропостериорна
traumatology_ankle fractures_19_BGgpt.txt	procedure	concept	1455	1469	рентгенография
traumatology_ankle fractures_19_BGgpt.txt	medication	concept	1741	1753	ацетаминофен
traumatology_ankle fractures_19_BGgpt.txt	medication	concept	1779	1788	ибупрофен
traumatology_ankle fractures_19_BGgpt.txt	medication	concept	1898	1907	оксикодон
traumatology_ankle fractures_19_BGgpt.txt	medication	concept	2680	2691	оксикодонът
traumatology_ankle fractures_19_BGgpt.txt	medication	concept	3066	3077	Медикаменти
traumatology_ankle fractures_19_BGgpt.txt	medication	concept	3100	3112	Ацетаминофен
traumatology_ankle fractures_19_BGgpt.txt	medication	concept	3160	3169	Ибупрофен
traumatology_ankle fractures_19_BGgpt.txt	medication	concept	3222	3231	Оксикодон
traumatology_ankle fractures_19_BGgpt.txt	procedure	concept	3938	3960	рехабилитационни сесии
traumatology_ankle fractures_19_BGgpt.txt	symptom	concept	4120	4126	треска
traumatology_ankle fractures_19_BGgpt.txt	symptom	concept	4128	4148	засилено зачервяване
traumatology_ankle fractures_19_BGgpt.txt	procedure	concept	4390	4404	ОРИФ процедура
traumatology_ankle fractures_19_BGgpt.txt	disease	concept	4563	4569	артрит
traumatology_ankle fractures_19_BGgpt.txt	procedure	concept	4617	4632	рехабилитацията
traumatology_ankle fractures_1_BGgpt.txt	medication	concept	419	428	Пеницилин
traumatology_ankle fractures_1_BGgpt.txt	symptom	concept	711	715	оток
traumatology_ankle fractures_1_BGgpt.txt	symptom	concept	820	838	костна болезненост
traumatology_ankle fractures_1_BGgpt.txt	procedure	concept	882	896	рентгенография
traumatology_ankle fractures_1_BGgpt.txt	procedure	concept	1133	1147	рентгенография
traumatology_ankle fractures_1_BGgpt.txt	procedure	concept	1162	1176	външна ротация
traumatology_ankle fractures_1_BGgpt.txt	disease	concept	1884	1892	инфекция
traumatology_ankle fractures_1_BGgpt.txt	medication	concept	1898	1907	Ибупрофен
traumatology_ankle fractures_1_BGgpt.txt	medication	concept	1958	1970	Ацетаминофен
traumatology_ankle fractures_1_BGgpt.txt	medication	concept	2022	2031	Цефазолин
traumatology_ankle fractures_1_BGgpt.txt	medication	concept	2448	2459	медикаменти
traumatology_ankle fractures_1_BGgpt.txt	procedure	concept	2594	2606	физиотерапия
traumatology_ankle fractures_1_BGgpt.txt	procedure	concept	2765	2777	физиотерапия
traumatology_ankle fractures_1_BGgpt.txt	medication	concept	2915	2924	Ибупрофен
traumatology_ankle fractures_1_BGgpt.txt	medication	concept	2977	2989	Ацетаминофен
traumatology_ankle fractures_1_BGgpt.txt	procedure	concept	3206	3220	физиотерапията
traumatology_ankle fractures_1_BGgpt.txt	symptom	concept	3645	3652	артроза
traumatology_ankle fractures_1_BGgpt.txt	symptom	concept	3657	3667	рефрактури
traumatology_ankle fractures_1_BGgpt.txt	procedure	concept	3684	3696	физиотерапия
traumatology_ankle fractures_1_BGgpt.txt	disease	concept	3860	3868	инфекция
traumatology_ankle fractures_1_BGgpt.txt	symptom	concept	3891	3902	зачервяване
traumatology_ankle fractures_1_BGgpt.txt	symptom	concept	3904	3908	оток
traumatology_ankle fractures_1_BGgpt.txt	symptom	concept	3913	3921	секреция
traumatology_ankle fractures_20_BGgpt.txt	symptom	concept	352	357	болка
traumatology_ankle fractures_20_BGgpt.txt	symptom	concept	359	363	оток
traumatology_ankle fractures_20_BGgpt.txt	symptom	concept	846	857	болезненост
traumatology_ankle fractures_20_BGgpt.txt	symptom	concept	1003	1014	болезненост
traumatology_ankle fractures_20_BGgpt.txt	medication	concept	1380	1393	Стрес-рентген
traumatology_ankle fractures_20_BGgpt.txt	medication	concept	2238	2263	интравенозен ацетаминофен
traumatology_ankle fractures_20_BGgpt.txt	medication	concept	2321	2343	перорален ацетаминофен
traumatology_ankle fractures_20_BGgpt.txt	medication	concept	2456	2467	еноксапарин
traumatology_ankle fractures_20_BGgpt.txt	medication	concept	2590	2611	перорални антибиотици
traumatology_ankle fractures_20_BGgpt.txt	medication	concept	2614	2624	цефалексин
traumatology_ankle fractures_20_BGgpt.txt	disease	concept	2690	2713	следоперативна инфекция
traumatology_ankle fractures_20_BGgpt.txt	medication	concept	3189	3211	перорален ацетаминофен
traumatology_ankle fractures_20_BGgpt.txt	medication	concept	3283	3304	перорални антибиотици
traumatology_ankle fractures_20_BGgpt.txt	medication	concept	3306	3316	цефалексин
traumatology_ankle fractures_20_BGgpt.txt	disease	concept	4033	4040	артроза
traumatology_ankle fractures_21_BGgpt.txt	symptom	concept	525	530	болка
traumatology_ankle fractures_21_BGgpt.txt	symptom	concept	648	652	оток
traumatology_ankle fractures_21_BGgpt.txt	symptom	concept	655	666	болезненост
traumatology_ankle fractures_21_BGgpt.txt	symptom	concept	990	1001	болезненост
traumatology_ankle fractures_21_BGgpt.txt	procedure	concept	1296	1310	рентгенографии
traumatology_ankle fractures_21_BGgpt.txt	procedure	concept	1796	1834	отворена репозиция и вътрешна фиксация
traumatology_ankle fractures_21_BGgpt.txt	medication	concept	2226	2237	Парацетамол
traumatology_ankle fractures_21_BGgpt.txt	medication	concept	2273	2282	Ибупрофен
traumatology_ankle fractures_21_BGgpt.txt	medication	concept	2372	2381	Цефазолин
traumatology_ankle fractures_21_BGgpt.txt	disease	concept	2477	2498	венозна тромбоемболия
traumatology_ankle fractures_21_BGgpt.txt	medication	concept	2502	2513	Еноксапарин
traumatology_ankle fractures_21_BGgpt.txt	procedure	concept	2604	2617	Кинезитерапия
traumatology_ankle fractures_21_BGgpt.txt	disease	concept	3351	3357	артрит
traumatology_ankle fractures_21_BGgpt.txt	disease	concept	3429	3437	инфекция
traumatology_ankle fractures_21_BGgpt.txt	disease	concept	3873	3879	артрит
traumatology_ankle fractures_21_BGgpt.txt	medication	concept	4021	4032	Парацетамол
traumatology_ankle fractures_21_BGgpt.txt	medication	concept	4117	4126	Ибупрофен
traumatology_ankle fractures_21_BGgpt.txt	medication	concept	4216	4227	Еноксапарин
traumatology_ankle fractures_22_BGgpt.txt	symptom	concept	729	734	болка
traumatology_ankle fractures_22_BGgpt.txt	symptom	concept	736	740	оток
traumatology_ankle fractures_22_BGgpt.txt	procedure	concept	839	853	рентгенографии
traumatology_ankle fractures_22_BGgpt.txt	procedure	concept	1545	1559	рентгенографии
traumatology_ankle fractures_22_BGgpt.txt	medication	concept	1856	1875	перорален ибупрофен
traumatology_ankle fractures_22_BGgpt.txt	medication	concept	2316	2328	ацетаминофен
traumatology_ankle fractures_22_BGgpt.txt	medication	concept	2411	2423	ацетаминофен
traumatology_ankle fractures_22_BGgpt.txt	medication	concept	2509	2518	цефазолин
traumatology_ankle fractures_22_BGgpt.txt	medication	concept	2983	2995	ацетаминофен
traumatology_ankle fractures_22_BGgpt.txt	symptom	concept	3137	3142	отока
traumatology_ankle fractures_22_BGgpt.txt	procedure	concept	3161	3178	контролен преглед
traumatology_ankle fractures_22_BGgpt.txt	procedure	concept	3311	3338	рехабилитационни упражнения
traumatology_ankle fractures_22_BGgpt.txt	symptom	concept	3529	3540	зачервяване
traumatology_ankle fractures_22_BGgpt.txt	symptom	concept	3542	3546	оток
traumatology_ankle fractures_22_BGgpt.txt	symptom	concept	3560	3571	температура
traumatology_ankle fractures_22_BGgpt.txt	procedure	concept	3620	3642	хирургични интервенции
traumatology_ankle fractures_22_BGgpt.txt	procedure	concept	3668	3698	следоперативната рехабилитация
traumatology_ankle fractures_22_BGgpt.txt	disease	concept	3848	3855	артроза
traumatology_ankle fractures_22_BGgpt.txt	procedure	concept	3923	3947	високоенергийни дейности
traumatology_ankle fractures_22_BGgpt.txt	procedure	concept	4212	4232	контролните прегледи
traumatology_ankle fractures_22_BGgpt.txt	procedure	concept	4235	4259	рехабилитационния процес
traumatology_ankle fractures_23_BGgpt.txt	procedure	concept	780	794	рентгенография
traumatology_ankle fractures_23_BGgpt.txt	procedure	concept	1299	1313	рентгенография
traumatology_ankle fractures_23_BGgpt.txt	procedure	concept	1472	1486	външна ротация
traumatology_ankle fractures_23_BGgpt.txt	procedure	concept	1703	1715	имобилизация
traumatology_ankle fractures_23_BGgpt.txt	procedure	concept	1874	1878	ОРИФ
traumatology_ankle fractures_23_BGgpt.txt	medication	concept	2156	2168	Ацетаминофен
traumatology_ankle fractures_23_BGgpt.txt	medication	concept	2194	2203	Ибупрофен
traumatology_ankle fractures_23_BGgpt.txt	medication	concept	2291	2302	Еноксапарин
traumatology_ankle fractures_23_BGgpt.txt	medication	concept	2376	2392	Цефазолин 1 g IV
traumatology_ankle fractures_23_BGgpt.txt	symptom	concept	2813	2825	подвижността
traumatology_ankle fractures_23_BGgpt.txt	medication	concept	2993	3005	Ацетаминофен
traumatology_ankle fractures_23_BGgpt.txt	medication	concept	3050	3059	Ибупрофен
traumatology_ankle fractures_23_BGgpt.txt	symptom	concept	3104	3108	оток
traumatology_ankle fractures_23_BGgpt.txt	medication	concept	3448	3465	ДВТ – Еноксапарин
traumatology_ankle fractures_23_BGgpt.txt	procedure	concept	3984	4006	хирургични интервенции
traumatology_ankle fractures_23_BGgpt.txt	disease	concept	4141	4147	артрит
traumatology_ankle fractures_23_BGgpt.txt	procedure	concept	4366	4386	контролните прегледи
traumatology_ankle fractures_23_BGgpt.txt	procedure	concept	4388	4409	медикаментозния режим
traumatology_ankle fractures_23_BGgpt.txt	procedure	concept	4412	4437	физиотерапевтичните сесии
traumatology_ankle fractures_23_BGgpt.txt	symptom	concept	4501	4509	инфекция
traumatology_ankle fractures_23_BGgpt.txt	symptom	concept	4511	4524	увеличен оток
traumatology_ankle fractures_24_BGgpt.txt	procedure	concept	783	797	рентгенография
traumatology_ankle fractures_24_BGgpt.txt	procedure	concept	1413	1430	открита репозиция
traumatology_ankle fractures_24_BGgpt.txt	medication	concept	1760	1776	Цефазолин 1 g IV
traumatology_ankle fractures_24_BGgpt.txt	medication	concept	1859	1870	Парацетамол
traumatology_ankle fractures_24_BGgpt.txt	disease	concept	2004	2007	ДВТ
traumatology_ankle fractures_24_BGgpt.txt	medication	concept	2030	2041	Еноксапарин
traumatology_ankle fractures_24_BGgpt.txt	procedure	concept	2130	2143	Рехабилитация
traumatology_ankle fractures_24_BGgpt.txt	symptom	concept	2383	2395	подвижността
traumatology_ankle fractures_24_BGgpt.txt	symptom	concept	2413	2420	болката
traumatology_ankle fractures_24_BGgpt.txt	disease	concept	2906	2912	артрит
traumatology_ankle fractures_24_BGgpt.txt	medication	concept	3133	3144	Парацетамол
traumatology_ankle fractures_24_BGgpt.txt	symptom	concept	3324	3329	отока
traumatology_ankle fractures_24_BGgpt.txt	procedure	concept	3381	3393	физиотерапия
traumatology_ankle fractures_24_BGgpt.txt	disease	concept	3486	3489	ДВТ
traumatology_ankle fractures_24_BGgpt.txt	symptom	concept	3512	3523	зачервеност
traumatology_ankle fractures_24_BGgpt.txt	symptom	concept	3525	3529	оток
traumatology_ankle fractures_24_BGgpt.txt	symptom	concept	3531	3536	болка
traumatology_ankle fractures_25_BGgpt.txt	symptom	concept	725	739	кръвонасядания
traumatology_ankle fractures_25_BGgpt.txt	procedure	concept	852	866	рентгенографии
traumatology_ankle fractures_25_BGgpt.txt	procedure	concept	974	988	рентгенографии
traumatology_ankle fractures_25_BGgpt.txt	procedure	concept	1655	1673	отворена репозиция
traumatology_ankle fractures_25_BGgpt.txt	symptom	concept	2076	2081	болка
traumatology_ankle fractures_25_BGgpt.txt	medication	concept	2116	2127	i.v. морфин
traumatology_ankle fractures_25_BGgpt.txt	medication	concept	2177	2199	перорален ацетаминофен
traumatology_ankle fractures_25_BGgpt.txt	medication	concept	2216	2225	ибупрофен
traumatology_ankle fractures_25_BGgpt.txt	symptom	concept	2257	2264	болката
traumatology_ankle fractures_25_BGgpt.txt	medication	concept	2299	2308	цефазолин
traumatology_ankle fractures_25_BGgpt.txt	medication	concept	2382	2393	еноксапарин
traumatology_ankle fractures_25_BGgpt.txt	disease	concept	2442	2463	венозна тромбоемболия
traumatology_ankle fractures_25_BGgpt.txt	procedure	concept	2740	2750	проходилка
traumatology_ankle fractures_25_BGgpt.txt	medication	concept	2952	2974	перорален ацетаминофен
traumatology_ankle fractures_25_BGgpt.txt	medication	concept	2991	3000	ибупрофен
traumatology_ankle fractures_25_BGgpt.txt	disease	concept	3123	3131	инфекция
traumatology_ankle fractures_25_BGgpt.txt	symptom	concept	3137	3148	зачервяване
traumatology_ankle fractures_25_BGgpt.txt	symptom	concept	3150	3154	оток
traumatology_ankle fractures_25_BGgpt.txt	symptom	concept	3156	3164	отделяне
traumatology_ankle fractures_25_BGgpt.txt	medication	concept	3226	3237	еноксапарин
traumatology_ankle fractures_25_BGgpt.txt	procedure	concept	3376	3390	рентгенография
traumatology_ankle fractures_25_BGgpt.txt	procedure	concept	3774	3796	хирургична интервенция
traumatology_ankle fractures_25_BGgpt.txt	disease	concept	3948	3954	артрит
traumatology_ankle fractures_25_BGgpt.txt	disease	concept	3959	3977	рецидивни фрактури
traumatology_ankle fractures_26_BGgpt.txt	symptom	concept	424	429	болка
traumatology_ankle fractures_26_BGgpt.txt	disease	concept	612	619	Непушач
traumatology_ankle fractures_26_BGgpt.txt	procedure	concept	1266	1280	рентгенографии
traumatology_ankle fractures_26_BGgpt.txt	medication	concept	2014	2023	Ибупрофен
traumatology_ankle fractures_26_BGgpt.txt	symptom	concept	2060	2065	болка
traumatology_ankle fractures_26_BGgpt.txt	symptom	concept	2068	2078	възпаление
traumatology_ankle fractures_26_BGgpt.txt	medication	concept	2113	2124	Парацетамол
traumatology_ankle fractures_26_BGgpt.txt	medication	concept	2229	2240	Еноксапарин
traumatology_ankle fractures_26_BGgpt.txt	procedure	concept	2631	2643	физиотерапия
traumatology_ankle fractures_26_BGgpt.txt	symptom	concept	3014	3019	отока
traumatology_ankle fractures_26_BGgpt.txt	symptom	concept	3155	3160	болка
traumatology_ankle fractures_26_BGgpt.txt	symptom	concept	3163	3167	оток
traumatology_ankle fractures_26_BGgpt.txt	procedure	concept	3234	3246	физиотерапия
traumatology_ankle fractures_26_BGgpt.txt	symptom	concept	3321	3332	зачервяване
traumatology_ankle fractures_26_BGgpt.txt	symptom	concept	3334	3343	затопляне
traumatology_ankle fractures_26_BGgpt.txt	symptom	concept	3345	3349	оток
traumatology_ankle fractures_26_BGgpt.txt	symptom	concept	3411	3416	болка
traumatology_ankle fractures_26_BGgpt.txt	disease	concept	3764	3770	артрит
traumatology_ankle fractures_26_BGgpt.txt	procedure	concept	3821	3835	физиотерапията
traumatology_ankle fractures_27_BGgpt.txt	symptom	concept	444	449	болка
traumatology_ankle fractures_27_BGgpt.txt	procedure	concept	584	598	рентгенографии
traumatology_ankle fractures_27_BGgpt.txt	procedure	concept	868	882	рентгенография
traumatology_ankle fractures_27_BGgpt.txt	procedure	concept	1164	1202	отворена репозиция и вътрешна фиксация
traumatology_ankle fractures_27_BGgpt.txt	medication	concept	1604	1613	Ибупрофен
traumatology_ankle fractures_27_BGgpt.txt	medication	concept	1670	1682	Ацетаминофен
traumatology_ankle fractures_27_BGgpt.txt	medication	concept	1740	1751	Еноксапарин
traumatology_ankle fractures_27_BGgpt.txt	disease	concept	1800	1821	венозна тромбоемболия
traumatology_ankle fractures_27_BGgpt.txt	medication	concept	1887	1897	Цефалексин
traumatology_ankle fractures_27_BGgpt.txt	medication	concept	2770	2779	Ибупрофен
traumatology_ankle fractures_27_BGgpt.txt	medication	concept	2878	2890	Ацетаминофен
traumatology_ankle fractures_27_BGgpt.txt	symptom	concept	3394	3399	отока
traumatology_ankle fractures_27_BGgpt.txt	symptom	concept	3496	3516	засилено зачервяване
traumatology_ankle fractures_27_BGgpt.txt	symptom	concept	3518	3522	оток
traumatology_ankle fractures_27_BGgpt.txt	procedure	concept	3606	3628	хирургична интервенция
traumatology_ankle fractures_27_BGgpt.txt	disease	concept	3832	3838	артрит
traumatology_ankle fractures_28_BGgpt.txt	symptom	concept	584	588	оток
traumatology_ankle fractures_28_BGgpt.txt	symptom	concept	773	777	оток
traumatology_ankle fractures_28_BGgpt.txt	symptom	concept	780	788	екхимоза
traumatology_ankle fractures_28_BGgpt.txt	procedure	concept	870	884	рентгенографии
traumatology_ankle fractures_28_BGgpt.txt	symptom	concept	933	951	костна болезненост
traumatology_ankle fractures_28_BGgpt.txt	procedure	concept	1020	1034	рентгенографии
traumatology_ankle fractures_28_BGgpt.txt	procedure	concept	1278	1292	външна ротация
traumatology_ankle fractures_28_BGgpt.txt	medication	concept	2032	2041	Ибупрофен
traumatology_ankle fractures_28_BGgpt.txt	medication	concept	2108	2119	Парацетамол
traumatology_ankle fractures_28_BGgpt.txt	medication	concept	2196	2207	Еноксапарин
traumatology_ankle fractures_28_BGgpt.txt	disease	concept	2256	2279	венозен тромбоемболизъм
traumatology_ankle fractures_28_BGgpt.txt	procedure	concept	2374	2386	Физиотерапия
traumatology_ankle fractures_28_BGgpt.txt	medication	concept	3095	3119	предписаните медикаменти
traumatology_ankle fractures_28_BGgpt.txt	procedure	concept	3144	3169	физиотерапевтичните сесии
traumatology_ankle fractures_28_BGgpt.txt	procedure	concept	3298	3320	хирургична интервенция
traumatology_ankle fractures_28_BGgpt.txt	procedure	concept	3436	3459	стриктното проследяване
traumatology_ankle fractures_28_BGgpt.txt	disease	concept	3576	3582	артрит
traumatology_ankle fractures_28_BGgpt.txt	disease	concept	3817	3832	тромбоемболизъм
traumatology_ankle fractures_28_BGgpt.txt	symptom	concept	4128	4142	засилена болка
traumatology_ankle fractures_28_BGgpt.txt	symptom	concept	4144	4148	оток
traumatology_ankle fractures_29_BGgpt.txt	symptom	concept	450	455	болка
traumatology_ankle fractures_29_BGgpt.txt	symptom	concept	457	461	оток
traumatology_ankle fractures_29_BGgpt.txt	procedure	concept	1190	1204	Рентгенографии
traumatology_ankle fractures_29_BGgpt.txt	medication	concept	1751	1760	Ibuprofen
traumatology_ankle fractures_29_BGgpt.txt	medication	concept	1786	1799	Acetaminophen
traumatology_ankle fractures_29_BGgpt.txt	medication	concept	2214	2224	Cephalexin
traumatology_ankle fractures_29_BGgpt.txt	medication	concept	2337	2346	Oxycodone
traumatology_ankle fractures_29_BGgpt.txt	medication	concept	2648	2657	Ibuprofen
traumatology_ankle fractures_29_BGgpt.txt	medication	concept	2730	2743	Acetaminophen
traumatology_ankle fractures_29_BGgpt.txt	medication	concept	2817	2826	Oxycodone
traumatology_ankle fractures_29_BGgpt.txt	procedure	concept	3114	3128	физиотерапията
traumatology_ankle fractures_29_BGgpt.txt	disease	concept	3692	3698	артрит
traumatology_ankle fractures_29_BGgpt.txt	symptom	concept	3824	3832	инфекция
traumatology_ankle fractures_29_BGgpt.txt	symptom	concept	3834	3844	малпозиция
traumatology_ankle fractures_29_BGgpt.txt	symptom	concept	4292	4297	отока
traumatology_ankle fractures_29_BGgpt.txt	procedure	concept	4379	4397	контролни прегледи
traumatology_ankle fractures_29_BGgpt.txt	procedure	concept	4423	4435	физиотерапия
traumatology_ankle fractures_2_BGgpt.txt	procedure	concept	1123	1137	външна ротация
traumatology_ankle fractures_2_BGgpt.txt	procedure	concept	1518	1530	дорзифлексия
traumatology_ankle fractures_2_BGgpt.txt	procedure	concept	1559	1573	рентгенографии
traumatology_ankle fractures_2_BGgpt.txt	procedure	concept	1745	1767	оперативна интервенция
traumatology_ankle fractures_2_BGgpt.txt	medication	concept	2167	2176	Ибупрофен
traumatology_ankle fractures_2_BGgpt.txt	medication	concept	2273	2284	Парацетамол
traumatology_ankle fractures_2_BGgpt.txt	medication	concept	2438	2447	Цефазолин
traumatology_ankle fractures_2_BGgpt.txt	disease	concept	2547	2566	хирургична инфекция
traumatology_ankle fractures_2_BGgpt.txt	procedure	concept	2602	2614	физиотерапия
traumatology_ankle fractures_2_BGgpt.txt	medication	concept	3797	3806	Ибупрофен
traumatology_ankle fractures_2_BGgpt.txt	medication	concept	3871	3882	Парацетамол
traumatology_ankle fractures_2_BGgpt.txt	symptom	concept	4195	4200	отока
traumatology_ankle fractures_2_BGgpt.txt	symptom	concept	4309	4314	болка
traumatology_ankle fractures_2_BGgpt.txt	symptom	concept	4316	4320	оток
traumatology_ankle fractures_2_BGgpt.txt	symptom	concept	4322	4333	зачервяване
traumatology_ankle fractures_30_BGgpt.txt	procedure	concept	1071	1085	външна ротация
traumatology_ankle fractures_30_BGgpt.txt	procedure	concept	1324	1338	рентгенография
traumatology_ankle fractures_30_BGgpt.txt	medication	concept	1487	1506	интравенозен морфин
traumatology_ankle fractures_30_BGgpt.txt	medication	concept	2081	2102	перорални медикаменти
traumatology_ankle fractures_30_BGgpt.txt	medication	concept	2116	2127	парацетамол
traumatology_ankle fractures_30_BGgpt.txt	medication	concept	2153	2162	ибупрофен
traumatology_ankle fractures_30_BGgpt.txt	medication	concept	2236	2247	еноксапарин
traumatology_ankle fractures_30_BGgpt.txt	disease	concept	2296	2320	дълбока венозна тромбоза
traumatology_ankle fractures_30_BGgpt.txt	medication	concept	2936	2947	парацетамол
traumatology_ankle fractures_30_BGgpt.txt	medication	concept	2950	2959	ибупрофен
traumatology_ankle fractures_30_BGgpt.txt	medication	concept	3067	3078	еноксапарин
traumatology_ankle fractures_30_BGgpt.txt	procedure	concept	3187	3201	физиотерапията
traumatology_ankle fractures_30_BGgpt.txt	procedure	concept	3406	3427	рентгеново изследване
traumatology_ankle fractures_30_BGgpt.txt	disease	concept	3790	3796	артрит
traumatology_ankle fractures_31_BGgpt.txt	medication	concept	1783	1802	венозни антибиотици
traumatology_ankle fractures_31_BGgpt.txt	medication	concept	1804	1813	Цефазолин
traumatology_ankle fractures_31_BGgpt.txt	medication	concept	1913	1934	перорални медикаменти
traumatology_ankle fractures_31_BGgpt.txt	medication	concept	1936	1947	Парацетамол
traumatology_ankle fractures_31_BGgpt.txt	medication	concept	1973	1982	Ибупрофен
traumatology_ankle fractures_31_BGgpt.txt	procedure	concept	2097	2117	гипсова имобилизация
traumatology_ankle fractures_31_BGgpt.txt	symptom	concept	2423	2430	болката
traumatology_ankle fractures_31_BGgpt.txt	symptom	concept	2433	2445	подвижността
traumatology_ankle fractures_31_BGgpt.txt	procedure	concept	2511	2523	физиотерапия
traumatology_ankle fractures_31_BGgpt.txt	medication	concept	2752	2763	Парацетамол
traumatology_ankle fractures_31_BGgpt.txt	medication	concept	2789	2798	Ибупрофен
traumatology_ankle fractures_31_BGgpt.txt	procedure	concept	2882	2902	гипсова имобилизация
traumatology_ankle fractures_31_BGgpt.txt	disease	concept	3728	3734	артрит
traumatology_ankle fractures_31_BGgpt.txt	symptom	concept	4078	4083	болка
traumatology_ankle fractures_31_BGgpt.txt	symptom	concept	4085	4096	температура
traumatology_ankle fractures_31_BGgpt.txt	symptom	concept	4113	4130	оперативните рани
traumatology_ankle fractures_31_BGgpt.txt	medication	concept	4179	4190	Парацетамол
traumatology_ankle fractures_31_BGgpt.txt	medication	concept	4255	4264	Ибупрофен
traumatology_ankle fractures_32_BGgpt.txt	disease	concept	531	541	хипертония
traumatology_ankle fractures_32_BGgpt.txt	medication	concept	554	564	лизиноприл
traumatology_ankle fractures_32_BGgpt.txt	disease	concept	588	608	захарен диабет тип 2
traumatology_ankle fractures_32_BGgpt.txt	medication	concept	624	633	метформин
traumatology_ankle fractures_32_BGgpt.txt	procedure	concept	931	945	рентгенография
traumatology_ankle fractures_32_BGgpt.txt	procedure	concept	1537	1551	рентгенографии
traumatology_ankle fractures_32_BGgpt.txt	medication	concept	1878	1890	ацетаминофен
traumatology_ankle fractures_32_BGgpt.txt	medication	concept	2343	2352	цефазолин
traumatology_ankle fractures_32_BGgpt.txt	medication	concept	2455	2464	оксикодон
traumatology_ankle fractures_32_BGgpt.txt	medication	concept	2597	2608	еноксапарин
traumatology_ankle fractures_32_BGgpt.txt	disease	concept	2657	2678	венозна тромбоемболия
traumatology_ankle fractures_32_BGgpt.txt	procedure	concept	2764	2776	физиотерапия
traumatology_ankle fractures_32_BGgpt.txt	procedure	concept	3701	3713	физиотерапия
traumatology_ankle fractures_32_BGgpt.txt	disease	concept	3752	3758	артрит
traumatology_ankle fractures_32_BGgpt.txt	medication	concept	3829	3838	Оксикодон
traumatology_ankle fractures_32_BGgpt.txt	medication	concept	3908	3919	Еноксапарин
traumatology_ankle fractures_32_BGgpt.txt	medication	concept	3995	4005	лизиноприл
traumatology_ankle fractures_32_BGgpt.txt	medication	concept	4045	4054	метформин
traumatology_ankle fractures_32_BGgpt.txt	symptom	concept	4189	4199	подуването
traumatology_ankle fractures_33_BGgpt.txt	medication	concept	464	475	медикаменти
traumatology_ankle fractures_33_BGgpt.txt	medication	concept	2123	2135	Ацетаминофен
traumatology_ankle fractures_33_BGgpt.txt	medication	concept	2167	2176	Ибупрофен
traumatology_ankle fractures_33_BGgpt.txt	medication	concept	2231	2256	Профилактични антибиотици
traumatology_ankle fractures_33_BGgpt.txt	medication	concept	2260	2269	Цефазолин
traumatology_ankle fractures_33_BGgpt.txt	medication	concept	2398	2409	Еноксапарин
traumatology_ankle fractures_33_BGgpt.txt	procedure	concept	2515	2527	Физиотерапия
traumatology_ankle fractures_33_BGgpt.txt	disease	concept	3446	3452	артрит
traumatology_ankle fractures_33_BGgpt.txt	medication	concept	3517	3529	Ацетаминофен
traumatology_ankle fractures_33_BGgpt.txt	medication	concept	3611	3620	Ибупрофен
traumatology_ankle fractures_33_BGgpt.txt	medication	concept	3707	3718	Еноксапарин
traumatology_ankle fractures_33_BGgpt.txt	disease	concept	3781	3784	ДВТ
traumatology_ankle fractures_33_BGgpt.txt	symptom	concept	3934	3939	отока
traumatology_ankle fractures_33_BGgpt.txt	symptom	concept	4117	4128	зачервеност
traumatology_ankle fractures_33_BGgpt.txt	symptom	concept	4130	4134	оток
traumatology_ankle fractures_33_BGgpt.txt	procedure	concept	4502	4527	рехабилитационен протокол
traumatology_ankle fractures_34_BGgpt.txt	symptom	concept	839	847	подуване
traumatology_ankle fractures_34_BGgpt.txt	symptom	concept	850	861	болезненост
traumatology_ankle fractures_34_BGgpt.txt	procedure	concept	1497	1511	рентгенография
traumatology_ankle fractures_34_BGgpt.txt	procedure	concept	1926	1964	отворена репозиция и вътрешна фиксация
traumatology_ankle fractures_34_BGgpt.txt	medication	concept	2519	2528	Цефазолин
traumatology_ankle fractures_34_BGgpt.txt	medication	concept	2622	2634	Ацетаминофен
traumatology_ankle fractures_34_BGgpt.txt	medication	concept	2689	2698	Оксикодон
traumatology_ankle fractures_34_BGgpt.txt	procedure	concept	3178	3190	физиотерапия
traumatology_ankle fractures_34_BGgpt.txt	procedure	concept	3306	3332	проприоцептивна тренировка
traumatology_ankle fractures_34_BGgpt.txt	medication	concept	3407	3418	Медикаменти
traumatology_ankle fractures_34_BGgpt.txt	medication	concept	3438	3450	Ацетаминофен
traumatology_ankle fractures_34_BGgpt.txt	medication	concept	3514	3523	Ибупрофен
traumatology_ankle fractures_34_BGgpt.txt	symptom	concept	3579	3584	болка
traumatology_ankle fractures_34_BGgpt.txt	symptom	concept	3587	3591	оток
traumatology_ankle fractures_34_BGgpt.txt	medication	concept	3594	3603	Оксикодон
traumatology_ankle fractures_34_BGgpt.txt	symptom	concept	3905	3914	намокряне
traumatology_ankle fractures_34_BGgpt.txt	procedure	concept	3984	4002	контролни прегледи
traumatology_ankle fractures_34_BGgpt.txt	procedure	concept	4014	4026	физиотерапия
traumatology_ankle fractures_34_BGgpt.txt	disease	concept	4211	4219	инфекция
traumatology_ankle fractures_34_BGgpt.txt	symptom	concept	4230	4241	зачервяване
traumatology_ankle fractures_34_BGgpt.txt	symptom	concept	4243	4251	подуване
traumatology_ankle fractures_34_BGgpt.txt	symptom	concept	4253	4262	затопляне
traumatology_ankle fractures_34_BGgpt.txt	symptom	concept	4305	4310	болка
traumatology_ankle fractures_34_BGgpt.txt	medication	concept	4336	4347	медикаменти
traumatology_ankle fractures_34_BGgpt.txt	procedure	concept	4465	4487	оперативна интервенция
traumatology_ankle fractures_34_BGgpt.txt	procedure	concept	4531	4554	физиотерапевтичния план
traumatology_ankle fractures_35_BGgpt.txt	symptom	concept	387	391	оток
traumatology_ankle fractures_35_BGgpt.txt	symptom	concept	752	756	оток
traumatology_ankle fractures_35_BGgpt.txt	symptom	concept	759	770	болезненост
traumatology_ankle fractures_35_BGgpt.txt	procedure	concept	970	984	Рентгенографии
traumatology_ankle fractures_35_BGgpt.txt	procedure	concept	1195	1209	Рентгенография
traumatology_ankle fractures_35_BGgpt.txt	procedure	concept	1214	1228	външна ротация
traumatology_ankle fractures_35_BGgpt.txt	procedure	concept	1419	1433	Рентгенография
traumatology_ankle fractures_35_BGgpt.txt	procedure	concept	1908	1926	Следоперативен ход
traumatology_ankle fractures_35_BGgpt.txt	medication	concept	2240	2249	Ибупрофен
traumatology_ankle fractures_35_BGgpt.txt	medication	concept	2342	2353	Парацетамол
traumatology_ankle fractures_35_BGgpt.txt	medication	concept	2444	2454	Цефалексин
traumatology_ankle fractures_35_BGgpt.txt	disease	concept	2855	2863	инфекция
traumatology_ankle fractures_35_BGgpt.txt	symptom	concept	2922	2933	зачервяване
traumatology_ankle fractures_35_BGgpt.txt	symptom	concept	2935	2939	оток
traumatology_ankle fractures_35_BGgpt.txt	symptom	concept	2941	2961	повишена температура
traumatology_ankle fractures_35_BGgpt.txt	procedure	concept	3069	3089	оперативна репозиция
traumatology_ankle fractures_35_BGgpt.txt	disease	concept	3288	3294	артрит
traumatology_ankle fractures_35_BGgpt.txt	procedure	concept	3571	3589	контролния преглед
traumatology_ankle fractures_35_BGgpt.txt	symptom	concept	3660	3665	отока
traumatology_ankle fractures_35_BGgpt.txt	disease	concept	3740	3748	инфекция
traumatology_ankle fractures_36_BGgpt.txt	symptom	concept	326	330	оток
traumatology_ankle fractures_36_BGgpt.txt	symptom	concept	492	511	лекарствени алергии
traumatology_ankle fractures_36_BGgpt.txt	procedure	concept	553	573	ортопедични операции
traumatology_ankle fractures_36_BGgpt.txt	symptom	concept	645	656	болезненост
traumatology_ankle fractures_36_BGgpt.txt	symptom	concept	1326	1338	нестабилност
traumatology_ankle fractures_36_BGgpt.txt	procedure	concept	1541	1553	имобилизация
traumatology_ankle fractures_36_BGgpt.txt	medication	concept	1607	1623	Ибупрофен 400 mg
traumatology_ankle fractures_36_BGgpt.txt	symptom	concept	1742	1747	отока
traumatology_ankle fractures_36_BGgpt.txt	procedure	concept	1833	1851	отворена репозиция
traumatology_ankle fractures_36_BGgpt.txt	procedure	concept	1873	1877	ОРИФ
traumatology_ankle fractures_36_BGgpt.txt	disease	concept	2448	2456	инфекция
traumatology_ankle fractures_36_BGgpt.txt	medication	concept	2556	2565	Ибупрофен
traumatology_ankle fractures_36_BGgpt.txt	medication	concept	2645	2656	Парацетамол
traumatology_ankle fractures_36_BGgpt.txt	procedure	concept	3013	3027	физиотерапията
traumatology_ankle fractures_36_BGgpt.txt	procedure	concept	3350	3374	медикаментозната терапия
traumatology_ankle fractures_36_BGgpt.txt	procedure	concept	3376	3401	физиотерапевтичните сесии
traumatology_ankle fractures_36_BGgpt.txt	procedure	concept	3404	3424	контролните прегледи
traumatology_ankle fractures_36_BGgpt.txt	symptom	concept	3585	3595	усложнения
traumatology_ankle fractures_36_BGgpt.txt	procedure	concept	3608	3624	хоспитализацията
traumatology_ankle fractures_36_BGgpt.txt	disease	concept	3699	3706	артроза
traumatology_ankle fractures_36_BGgpt.txt	procedure	concept	3786	3801	рехабилитацията
traumatology_ankle fractures_36_BGgpt.txt	procedure	concept	3950	3962	физиотерапия
traumatology_ankle fractures_36_BGgpt.txt	disease	concept	4160	4168	инфекция
traumatology_ankle fractures_36_BGgpt.txt	symptom	concept	4179	4184	болка
traumatology_ankle fractures_36_BGgpt.txt	symptom	concept	4199	4210	сетивността
traumatology_ankle fractures_36_BGgpt.txt	procedure	concept	4314	4326	физиотерапия
traumatology_ankle fractures_37_BGgpt.txt	symptom	concept	605	618	кръвонасядане
traumatology_ankle fractures_37_BGgpt.txt	procedure	concept	1244	1258	външна ротация
traumatology_ankle fractures_37_BGgpt.txt	procedure	concept	1417	1431	рентгенографии
traumatology_ankle fractures_37_BGgpt.txt	medication	concept	1728	1739	и.в. морфин
traumatology_ankle fractures_37_BGgpt.txt	procedure	concept	1901	1909	операция
traumatology_ankle fractures_37_BGgpt.txt	medication	concept	2352	2374	перорален ацетаминофен
traumatology_ankle fractures_37_BGgpt.txt	medication	concept	2400	2419	перорален ибупрофен
traumatology_ankle fractures_37_BGgpt.txt	medication	concept	2499	2521	нискомолекулен хепарин
traumatology_ankle fractures_37_BGgpt.txt	medication	concept	2523	2540	НМХ – Еноксапарин
traumatology_ankle fractures_37_BGgpt.txt	disease	concept	2589	2610	венозна тромбоемболия
traumatology_ankle fractures_37_BGgpt.txt	medication	concept	2659	2669	Цефалексин
traumatology_ankle fractures_37_BGgpt.txt	disease	concept	2722	2725	инф
traumatology_ankle fractures_37_BGgpt.txt	medication	concept	3389	3400	Медикаменти
traumatology_ankle fractures_37_BGgpt.txt	medication	concept	3422	3434	Ацетаминофен
traumatology_ankle fractures_37_BGgpt.txt	medication	concept	3492	3501	Ибупрофен
traumatology_ankle fractures_37_BGgpt.txt	medication	concept	3559	3570	Еноксапарин
traumatology_ankle fractures_37_BGgpt.txt	medication	concept	3615	3625	Цефалексин
traumatology_ankle fractures_37_BGgpt.txt	medication	concept	4140	4151	антибиотици
traumatology_ankle fractures_37_BGgpt.txt	symptom	concept	4268	4273	болка
traumatology_ankle fractures_38_BGgpt.txt	symptom	concept	614	618	оток
traumatology_ankle fractures_38_BGgpt.txt	procedure	concept	1174	1188	външна ротация
traumatology_ankle fractures_38_BGgpt.txt	medication	concept	1964	1973	Ибупрофен
traumatology_ankle fractures_38_BGgpt.txt	medication	concept	2025	2036	Антибиотици
traumatology_ankle fractures_38_BGgpt.txt	medication	concept	2040	2049	Цефазолин
traumatology_ankle fractures_38_BGgpt.txt	medication	concept	3022	3033	Медикаменти
traumatology_ankle fractures_38_BGgpt.txt	medication	concept	3063	3072	Ибупрофен
traumatology_ankle fractures_38_BGgpt.txt	medication	concept	3128	3148	перорален антибиотик
traumatology_ankle fractures_38_BGgpt.txt	medication	concept	3150	3160	Цефалексин
traumatology_ankle fractures_38_BGgpt.txt	procedure	concept	3334	3348	рентгенографии
traumatology_ankle fractures_38_BGgpt.txt	disease	concept	4071	4077	артрит
traumatology_ankle fractures_38_BGgpt.txt	procedure	concept	4109	4127	контролни прегледи
traumatology_ankle fractures_39_BGgpt.txt	symptom	concept	591	602	болезненост
traumatology_ankle fractures_39_BGgpt.txt	procedure	concept	735	749	рентгенография
traumatology_ankle fractures_39_BGgpt.txt	symptom	concept	838	856	костна болезненост
traumatology_ankle fractures_39_BGgpt.txt	procedure	concept	1206	1220	външна ротация
traumatology_ankle fractures_39_BGgpt.txt	procedure	concept	1366	1380	рентгенографии
traumatology_ankle fractures_39_BGgpt.txt	medication	concept	2061	2070	Ибупрофен
traumatology_ankle fractures_39_BGgpt.txt	medication	concept	2130	2142	Ацетаминофен
traumatology_ankle fractures_39_BGgpt.txt	medication	concept	2232	2243	Еноксапарин
traumatology_ankle fractures_39_BGgpt.txt	symptom	concept	2545	2550	болка
traumatology_ankle fractures_39_BGgpt.txt	procedure	concept	2642	2662	гипсова имобилизация
traumatology_ankle fractures_39_BGgpt.txt	medication	concept	2751	2760	ибупрофен
traumatology_ankle fractures_39_BGgpt.txt	medication	concept	2763	2775	ацетаминофен
traumatology_ankle fractures_39_BGgpt.txt	medication	concept	2847	2858	еноксапарин
traumatology_ankle fractures_39_BGgpt.txt	procedure	concept	3076	3093	Контролен преглед
traumatology_ankle fractures_39_BGgpt.txt	procedure	concept	3111	3128	контролен преглед
traumatology_ankle fractures_39_BGgpt.txt	procedure	concept	3535	3548	Рехабилитация
traumatology_ankle fractures_39_BGgpt.txt	procedure	concept	3582	3610	физиотерапевтични упражнения
traumatology_ankle fractures_39_BGgpt.txt	disease	concept	4015	4021	артрит
traumatology_ankle fractures_3_BGgpt.txt	symptom	concept	451	455	оток
traumatology_ankle fractures_3_BGgpt.txt	symptom	concept	879	897	костна болезненост
traumatology_ankle fractures_3_BGgpt.txt	procedure	concept	913	927	рентгенография
traumatology_ankle fractures_3_BGgpt.txt	procedure	concept	932	946	външна ротация
traumatology_ankle fractures_3_BGgpt.txt	medication	concept	1824	1836	Ацетаминофен
traumatology_ankle fractures_3_BGgpt.txt	medication	concept	1896	1915	Перорален Ибупрофен
traumatology_ankle fractures_3_BGgpt.txt	medication	concept	1960	1979	Перорален Оксикодон
traumatology_ankle fractures_3_BGgpt.txt	medication	concept	2070	2079	Цефазолин
traumatology_ankle fractures_3_BGgpt.txt	medication	concept	2161	2171	Цефалексин
traumatology_ankle fractures_3_BGgpt.txt	procedure	concept	2278	2290	физиотерапия
traumatology_ankle fractures_3_BGgpt.txt	disease	concept	2998	3006	инфекция
traumatology_ankle fractures_3_BGgpt.txt	medication	concept	3328	3338	Цефалексин
traumatology_ankle fractures_3_BGgpt.txt	medication	concept	3387	3396	Ибупрофен
traumatology_ankle fractures_3_BGgpt.txt	medication	concept	3451	3460	Оксикодон
traumatology_ankle fractures_3_BGgpt.txt	symptom	concept	3693	3698	отока
traumatology_ankle fractures_3_BGgpt.txt	procedure	concept	3901	3913	физиотерапия
traumatology_ankle fractures_40_BGgpt.txt	symptom	concept	426	431	болка
traumatology_ankle fractures_40_BGgpt.txt	symptom	concept	433	437	оток
traumatology_ankle fractures_40_BGgpt.txt	procedure	concept	1406	1428	хирургична интервенция
traumatology_ankle fractures_40_BGgpt.txt	medication	concept	1985	1994	Ибупрофен
traumatology_ankle fractures_40_BGgpt.txt	medication	concept	2055	2066	Парацетамол
traumatology_ankle fractures_40_BGgpt.txt	medication	concept	2158	2167	Цефазолин
traumatology_ankle fractures_40_BGgpt.txt	symptom	concept	2382	2389	болката
traumatology_ankle fractures_40_BGgpt.txt	medication	concept	3325	3334	Ибупрофен
traumatology_ankle fractures_40_BGgpt.txt	medication	concept	3387	3398	Парацетамол
traumatology_ankle fractures_40_BGgpt.txt	disease	concept	3483	3491	инфекция
traumatology_ankle fractures_40_BGgpt.txt	symptom	concept	3514	3525	зачервяване
traumatology_ankle fractures_40_BGgpt.txt	symptom	concept	3527	3531	оток
traumatology_ankle fractures_40_BGgpt.txt	disease	concept	3912	3918	артрит
traumatology_ankle fractures_41_BGgpt.txt	medication	concept	2047	2057	аналгетици
traumatology_ankle fractures_41_BGgpt.txt	medication	concept	2060	2091	противовъзпалителни медикаменти
traumatology_ankle fractures_41_BGgpt.txt	symptom	concept	2133	2138	отока
traumatology_ankle fractures_41_BGgpt.txt	medication	concept	2162	2174	ацетаминофен
traumatology_ankle fractures_41_BGgpt.txt	medication	concept	2200	2209	ибупрофен
traumatology_ankle fractures_41_BGgpt.txt	medication	concept	2327	2337	Цефалексин
traumatology_ankle fractures_41_BGgpt.txt	procedure	concept	2500	2512	физиотерапия
traumatology_ankle fractures_41_BGgpt.txt	procedure	concept	3603	3617	проследяването
traumatology_ankle fractures_41_BGgpt.txt	symptom	concept	3716	3726	усложнения
traumatology_ankle fractures_41_BGgpt.txt	symptom	concept	3742	3747	болка
traumatology_ankle fractures_41_BGgpt.txt	symptom	concept	3749	3753	оток
traumatology_ankle fractures_42_BGgpt.txt	symptom	concept	840	848	контузия
traumatology_ankle fractures_42_BGgpt.txt	medication	concept	2164	2175	Парацетамол
traumatology_ankle fractures_42_BGgpt.txt	medication	concept	2201	2210	Ибупрофен
traumatology_ankle fractures_42_BGgpt.txt	medication	concept	2257	2268	Еноксапарин
traumatology_ankle fractures_42_BGgpt.txt	disease	concept	2317	2338	венозна тромбоемболия
traumatology_ankle fractures_42_BGgpt.txt	medication	concept	2433	2442	Цефазолин
traumatology_ankle fractures_42_BGgpt.txt	medication	concept	2793	2804	Парацетамол
traumatology_ankle fractures_42_BGgpt.txt	medication	concept	2865	2874	Ибупрофен
traumatology_ankle fractures_42_BGgpt.txt	medication	concept	2971	2982	Еноксапарин
traumatology_ankle fractures_42_BGgpt.txt	symptom	concept	3709	3720	зачервяване
traumatology_ankle fractures_42_BGgpt.txt	symptom	concept	3722	3726	оток
traumatology_ankle fractures_42_BGgpt.txt	symptom	concept	3728	3737	затопляне
traumatology_ankle fractures_42_BGgpt.txt	disease	concept	4058	4064	артрит
traumatology_ankle fractures_43_BGgpt.txt	symptom	concept	458	462	оток
traumatology_ankle fractures_43_BGgpt.txt	procedure	concept	589	603	рентгенография
traumatology_ankle fractures_43_BGgpt.txt	procedure	concept	1163	1177	рентгенографии
traumatology_ankle fractures_43_BGgpt.txt	medication	concept	1421	1433	ацетаминофен
traumatology_ankle fractures_43_BGgpt.txt	medication	concept	1460	1469	ибупрофен
traumatology_ankle fractures_43_BGgpt.txt	procedure	concept	1601	1623	оперативна интервенция
traumatology_ankle fractures_43_BGgpt.txt	medication	concept	2045	2054	цефазолин
traumatology_ankle fractures_43_BGgpt.txt	disease	concept	2119	2127	инфекция
traumatology_ankle fractures_43_BGgpt.txt	procedure	concept	2132	2146	Хоспитализация
traumatology_ankle fractures_43_BGgpt.txt	procedure	concept	2293	2305	физиотерапия
traumatology_ankle fractures_43_BGgpt.txt	medication	concept	2429	2440	медикаменти
traumatology_ankle fractures_43_BGgpt.txt	medication	concept	2595	2607	Ацетаминофен
traumatology_ankle fractures_43_BGgpt.txt	medication	concept	2686	2695	Ибупрофен
traumatology_ankle fractures_43_BGgpt.txt	medication	concept	2778	2790	Ривароксабан
traumatology_ankle fractures_43_BGgpt.txt	disease	concept	2847	2862	тромбоемболизъм
traumatology_ankle fractures_43_BGgpt.txt	symptom	concept	3383	3388	отока
traumatology_ankle fractures_43_BGgpt.txt	disease	concept	3939	3946	артроза
traumatology_ankle fractures_43_BGgpt.txt	procedure	concept	4012	4026	физиотерапията
traumatology_ankle fractures_43_BGgpt.txt	procedure	concept	4284	4308	хирургичната интервенция
traumatology_ankle fractures_44_BGgpt.txt	symptom	concept	368	372	оток
traumatology_ankle fractures_44_BGgpt.txt	symptom	concept	607	612	болка
traumatology_ankle fractures_44_BGgpt.txt	symptom	concept	615	619	оток
traumatology_ankle fractures_44_BGgpt.txt	symptom	concept	844	848	оток
traumatology_ankle fractures_44_BGgpt.txt	symptom	concept	851	864	кръвонасядане
traumatology_ankle fractures_44_BGgpt.txt	procedure	concept	1390	1404	рентгенография
traumatology_ankle fractures_44_BGgpt.txt	procedure	concept	1629	1646	хирургична намеса
traumatology_ankle fractures_44_BGgpt.txt	medication	concept	1995	2005	аналгетици
traumatology_ankle fractures_44_BGgpt.txt	medication	concept	2032	2044	Ацетаминофен
traumatology_ankle fractures_44_BGgpt.txt	medication	concept	2080	2089	Ибупрофен
traumatology_ankle fractures_44_BGgpt.txt	procedure	concept	2899	2911	физиотерапия
traumatology_ankle fractures_44_BGgpt.txt	medication	concept	3111	3123	Ацетаминофен
traumatology_ankle fractures_44_BGgpt.txt	medication	concept	3182	3191	Ибупрофен
traumatology_ankle fractures_44_BGgpt.txt	procedure	concept	3448	3466	хирургичния разрез
traumatology_ankle fractures_44_BGgpt.txt	symptom	concept	3872	3883	зачервяване
traumatology_ankle fractures_44_BGgpt.txt	symptom	concept	3885	3889	оток
traumatology_ankle fractures_44_BGgpt.txt	symptom	concept	3945	3956	температура
traumatology_ankle fractures_45_BGgpt.txt	procedure	concept	1037	1051	външна ротация
traumatology_ankle fractures_45_BGgpt.txt	procedure	concept	1572	1590	отворена репозиция
traumatology_ankle fractures_45_BGgpt.txt	medication	concept	1888	1899	парацетамол
traumatology_ankle fractures_45_BGgpt.txt	medication	concept	1942	1951	ибупрофен
traumatology_ankle fractures_45_BGgpt.txt	medication	concept	2013	2038	Профилактични антибиотици
traumatology_ankle fractures_45_BGgpt.txt	disease	concept	2193	2217	дълбока венозна тромбоза
traumatology_ankle fractures_45_BGgpt.txt	medication	concept	2226	2237	еноксапарин
traumatology_ankle fractures_45_BGgpt.txt	procedure	concept	2911	2935	амбулаторна физиотерапия
traumatology_ankle fractures_45_BGgpt.txt	medication	concept	3176	3187	парацетамол
traumatology_ankle fractures_45_BGgpt.txt	disease	concept	3481	3488	артроза
traumatology_ankle fractures_45_BGgpt.txt	symptom	concept	3742	3747	отока
traumatology_ankle fractures_45_BGgpt.txt	symptom	concept	3881	3886	болка
traumatology_ankle fractures_45_BGgpt.txt	symptom	concept	3889	3893	оток
traumatology_ankle fractures_45_BGgpt.txt	symptom	concept	3989	4000	зачервяване
traumatology_ankle fractures_45_BGgpt.txt	symptom	concept	4002	4006	оток
traumatology_ankle fractures_45_BGgpt.txt	procedure	concept	4068	4090	рехабилитационни сесии
traumatology_ankle fractures_45_BGgpt.txt	procedure	concept	4093	4111	контролни прегледи
traumatology_ankle fractures_46_BGgpt.txt	procedure	concept	782	796	рентгенографии
traumatology_ankle fractures_46_BGgpt.txt	medication	concept	2341	2352	Парацетамол
traumatology_ankle fractures_46_BGgpt.txt	medication	concept	2419	2428	Ибупрофен
traumatology_ankle fractures_46_BGgpt.txt	medication	concept	2503	2512	Цефазолин
traumatology_ankle fractures_46_BGgpt.txt	medication	concept	2610	2621	Еноксапарин
traumatology_ankle fractures_46_BGgpt.txt	disease	concept	2672	2693	венозна тромбоемболия
traumatology_ankle fractures_46_BGgpt.txt	procedure	concept	3386	3400	рентгенографии
traumatology_ankle fractures_46_BGgpt.txt	medication	concept	3732	3743	Медикаменти
traumatology_ankle fractures_46_BGgpt.txt	medication	concept	3765	3776	Парацетамол
traumatology_ankle fractures_46_BGgpt.txt	medication	concept	3837	3846	Ибупрофен
traumatology_ankle fractures_46_BGgpt.txt	symptom	concept	4328	4342	засилена болка
traumatology_ankle fractures_46_BGgpt.txt	symptom	concept	4344	4355	зачервяване
traumatology_ankle fractures_46_BGgpt.txt	symptom	concept	4357	4361	оток
traumatology_ankle fractures_46_BGgpt.txt	symptom	concept	4366	4372	секрет
traumatology_ankle fractures_47_BGgpt.txt	symptom	concept	444	455	болезненост
traumatology_ankle fractures_47_BGgpt.txt	symptom	concept	457	461	оток
traumatology_ankle fractures_47_BGgpt.txt	procedure	concept	570	584	рентгенография
traumatology_ankle fractures_47_BGgpt.txt	procedure	concept	1094	1108	външна ротация
traumatology_ankle fractures_47_BGgpt.txt	procedure	concept	1249	1263	рентгенография
traumatology_ankle fractures_47_BGgpt.txt	procedure	concept	1474	1511	открита репозиция и вътрешна фиксация
traumatology_ankle fractures_47_BGgpt.txt	medication	concept	1803	1812	Ибупрофен
traumatology_ankle fractures_47_BGgpt.txt	medication	concept	1838	1849	Парацетамол
traumatology_ankle fractures_47_BGgpt.txt	symptom	concept	1949	1976	стомашно-чревния дискомфорт
traumatology_ankle fractures_47_BGgpt.txt	medication	concept	2758	2767	Ибупрофен
traumatology_ankle fractures_47_BGgpt.txt	medication	concept	2836	2847	Парацетамол
traumatology_ankle fractures_47_BGgpt.txt	symptom	concept	2999	3004	отока
traumatology_ankle fractures_47_BGgpt.txt	medication	concept	3019	3034	ледени компреси
traumatology_ankle fractures_47_BGgpt.txt	symptom	concept	3115	3120	болка
traumatology_ankle fractures_47_BGgpt.txt	symptom	concept	3123	3127	оток
traumatology_ankle fractures_47_BGgpt.txt	symptom	concept	3422	3433	зачервяване
traumatology_ankle fractures_47_BGgpt.txt	symptom	concept	3435	3439	оток
traumatology_ankle fractures_47_BGgpt.txt	symptom	concept	3441	3450	затопляне
traumatology_ankle fractures_47_BGgpt.txt	procedure	concept	3525	3542	Контролен преглед
traumatology_ankle fractures_47_BGgpt.txt	disease	concept	3950	3956	артрит
traumatology_ankle fractures_48_BGgpt.txt	symptom	concept	358	363	болка
traumatology_ankle fractures_48_BGgpt.txt	symptom	concept	366	370	оток
traumatology_ankle fractures_48_BGgpt.txt	symptom	concept	530	535	болка
traumatology_ankle fractures_48_BGgpt.txt	symptom	concept	608	612	оток
traumatology_ankle fractures_48_BGgpt.txt	symptom	concept	615	628	кръвонасядане
traumatology_ankle fractures_48_BGgpt.txt	procedure	concept	835	851	рентгенографиите
traumatology_ankle fractures_48_BGgpt.txt	symptom	concept	1220	1238	костна болезненост
traumatology_ankle fractures_48_BGgpt.txt	medication	concept	1442	1452	аналгетици
traumatology_ankle fractures_48_BGgpt.txt	procedure	concept	1725	1746	консервативно лечение
traumatology_ankle fractures_48_BGgpt.txt	medication	concept	1947	1956	Ибупрофен
traumatology_ankle fractures_48_BGgpt.txt	medication	concept	2056	2067	Парацетамол
traumatology_ankle fractures_48_BGgpt.txt	disease	concept	2133	2140	болката
traumatology_ankle fractures_48_BGgpt.txt	procedure	concept	2163	2175	Физиотерапия
traumatology_ankle fractures_48_BGgpt.txt	procedure	concept	2733	2745	имобилизация
traumatology_ankle fractures_48_BGgpt.txt	procedure	concept	2748	2760	физиотерапия
traumatology_ankle fractures_48_BGgpt.txt	symptom	concept	3252	3257	отока
traumatology_ankle fractures_48_BGgpt.txt	symptom	concept	3336	3341	отока
traumatology_ankle fractures_48_BGgpt.txt	procedure	concept	3383	3395	физиотерапия
traumatology_ankle fractures_48_BGgpt.txt	procedure	concept	3398	3416	контролни прегледи
traumatology_ankle fractures_48_BGgpt.txt	symptom	concept	3467	3474	болката
traumatology_ankle fractures_48_BGgpt.txt	symptom	concept	3476	3480	оток
traumatology_ankle fractures_48_BGgpt.txt	symptom	concept	3482	3493	зачервяване
traumatology_ankle fractures_49_BGgpt.txt	procedure	concept	1646	1664	отворена репозиция
traumatology_ankle fractures_49_BGgpt.txt	medication	concept	1980	1992	Ацетаминофен
traumatology_ankle fractures_49_BGgpt.txt	medication	concept	2028	2037	Ибупрофен
traumatology_ankle fractures_49_BGgpt.txt	medication	concept	2124	2135	Еноксапарин
traumatology_ankle fractures_49_BGgpt.txt	disease	concept	2186	2210	дълбока венозна тромбоза
traumatology_ankle fractures_49_BGgpt.txt	medication	concept	2313	2322	Цефазолин
traumatology_ankle fractures_49_BGgpt.txt	symptom	concept	2703	2715	подвижността
traumatology_ankle fractures_49_BGgpt.txt	medication	concept	2923	2935	Ацетаминофен
traumatology_ankle fractures_49_BGgpt.txt	medication	concept	2996	3005	Ибупрофен
traumatology_ankle fractures_49_BGgpt.txt	disease	concept	3297	3305	инфекция
traumatology_ankle fractures_49_BGgpt.txt	disease	concept	3310	3313	ДВТ
traumatology_ankle fractures_49_BGgpt.txt	symptom	concept	3891	3905	засилена болка
traumatology_ankle fractures_49_BGgpt.txt	symptom	concept	3907	3911	оток
traumatology_ankle fractures_49_BGgpt.txt	symptom	concept	3913	3924	зачервяване
traumatology_ankle fractures_49_BGgpt.txt	symptom	concept	3926	3946	повишена температура
traumatology_ankle fractures_49_BGgpt.txt	disease	concept	3974	3977	ДВТ
traumatology_ankle fractures_49_BGgpt.txt	symptom	concept	3985	3990	болка
traumatology_ankle fractures_49_BGgpt.txt	symptom	concept	3992	3996	оток
traumatology_ankle fractures_49_BGgpt.txt	procedure	concept	4111	4125	ОРВФ процедура
traumatology_ankle fractures_49_BGgpt.txt	symptom	concept	4347	4357	усложнения
traumatology_ankle fractures_49_BGgpt.txt	disease	concept	4363	4369	артрит
traumatology_ankle fractures_49_BGgpt.txt	disease	concept	4374	4395	рецидивиращи фрактури
traumatology_ankle fractures_4_BGgpt.txt	procedure	concept	764	778	рентгенографии
traumatology_ankle fractures_4_BGgpt.txt	procedure	concept	1124	1138	рентгенография
traumatology_ankle fractures_4_BGgpt.txt	procedure	concept	1541	1559	отворена репозиция
traumatology_ankle fractures_4_BGgpt.txt	medication	concept	1864	1875	Парацетамол
traumatology_ankle fractures_4_BGgpt.txt	medication	concept	1902	1911	Ибупрофен
traumatology_ankle fractures_4_BGgpt.txt	medication	concept	2037	2047	Цефалексин
traumatology_ankle fractures_4_BGgpt.txt	symptom	concept	2458	2467	скованост
traumatology_ankle fractures_4_BGgpt.txt	medication	concept	2892	2903	Парацетамол
traumatology_ankle fractures_4_BGgpt.txt	medication	concept	2970	2979	Ибупрофен
traumatology_ankle fractures_4_BGgpt.txt	medication	concept	3059	3069	Цефалексин
traumatology_ankle fractures_4_BGgpt.txt	disease	concept	3967	3973	артрит
traumatology_ankle fractures_4_BGgpt.txt	disease	concept	4323	4331	инфекция
traumatology_ankle fractures_5_BGgpt.txt	symptom	concept	740	744	оток
traumatology_ankle fractures_5_BGgpt.txt	symptom	concept	747	758	болезненост
traumatology_ankle fractures_5_BGgpt.txt	procedure	concept	973	987	Рентгенографии
traumatology_ankle fractures_5_BGgpt.txt	procedure	concept	1202	1216	външна ротация
traumatology_ankle fractures_5_BGgpt.txt	medication	concept	2075	2084	Ибупрофен
traumatology_ankle fractures_5_BGgpt.txt	medication	concept	2175	2186	Парацетамол
traumatology_ankle fractures_5_BGgpt.txt	medication	concept	2301	2311	Цефалексин
traumatology_ankle fractures_5_BGgpt.txt	procedure	concept	2562	2574	Физиотерапия
traumatology_ankle fractures_5_BGgpt.txt	disease	concept	3389	3395	артрит
traumatology_ankle fractures_5_BGgpt.txt	disease	concept	3793	3801	инфекция
traumatology_ankle fractures_5_BGgpt.txt	symptom	concept	3803	3817	засилена болка
traumatology_ankle fractures_6_BGgpt.txt	symptom	concept	449	454	болка
traumatology_ankle fractures_6_BGgpt.txt	symptom	concept	607	618	болезненост
traumatology_ankle fractures_6_BGgpt.txt	procedure	concept	1169	1183	рентгенографии
traumatology_ankle fractures_6_BGgpt.txt	procedure	concept	1305	1319	рентгенография
traumatology_ankle fractures_6_BGgpt.txt	medication	concept	1943	1952	Цефазолин
traumatology_ankle fractures_6_BGgpt.txt	medication	concept	2010	2021	Парацетамол
traumatology_ankle fractures_6_BGgpt.txt	medication	concept	2083	2092	Ибупрофен
traumatology_ankle fractures_6_BGgpt.txt	medication	concept	2185	2196	Еноксапарин
traumatology_ankle fractures_6_BGgpt.txt	procedure	concept	2229	2247	тромбопрофилактика
traumatology_ankle fractures_6_BGgpt.txt	procedure	concept	2417	2429	физиотерапия
traumatology_ankle fractures_6_BGgpt.txt	procedure	concept	2806	2814	ортезата
traumatology_ankle fractures_6_BGgpt.txt	medication	concept	3124	3135	парацетамол
traumatology_ankle fractures_6_BGgpt.txt	medication	concept	3138	3147	ибупрофен
traumatology_ankle fractures_6_BGgpt.txt	procedure	concept	3202	3216	физиотерапията
traumatology_ankle fractures_6_BGgpt.txt	disease	concept	3349	3357	инфекция
traumatology_ankle fractures_6_BGgpt.txt	symptom	concept	3392	3396	оток
traumatology_ankle fractures_6_BGgpt.txt	symptom	concept	3401	3407	секрет
traumatology_ankle fractures_6_BGgpt.txt	disease	concept	3689	3695	артрит
traumatology_ankle fractures_6_BGgpt.txt	procedure	concept	3776	3794	контролни прегледи
traumatology_ankle fractures_7_BGgpt.txt	procedure	concept	671	685	рентгенографии
traumatology_ankle fractures_7_BGgpt.txt	procedure	concept	1810	1832	хирургична интервенция
traumatology_ankle fractures_7_BGgpt.txt	medication	concept	2347	2359	Ацетаминофен
traumatology_ankle fractures_7_BGgpt.txt	medication	concept	2385	2394	Оксикодон
traumatology_ankle fractures_7_BGgpt.txt	medication	concept	2566	2577	Еноксапарин
traumatology_ankle fractures_7_BGgpt.txt	procedure	concept	2657	2669	Физиотерапия
traumatology_ankle fractures_7_BGgpt.txt	medication	concept	3125	3137	Ацетаминофен
traumatology_ankle fractures_7_BGgpt.txt	medication	concept	3212	3221	Оксикодон
traumatology_ankle fractures_7_BGgpt.txt	medication	concept	3284	3295	Еноксапарин
traumatology_ankle fractures_7_BGgpt.txt	symptom	concept	4445	4466	необичайна болка/оток
traumatology_ankle fractures_8_BGgpt.txt	symptom	concept	521	532	болезненост
traumatology_ankle fractures_8_BGgpt.txt	procedure	concept	1796	1816	гипсова имобилизация
traumatology_ankle fractures_8_BGgpt.txt	medication	concept	1924	1933	Ибупрофен
traumatology_ankle fractures_8_BGgpt.txt	medication	concept	1996	2007	Парацетамол
traumatology_ankle fractures_8_BGgpt.txt	medication	concept	2074	2084	Цефалексин
traumatology_ankle fractures_8_BGgpt.txt	disease	concept	2307	2315	инфекция
traumatology_ankle fractures_8_BGgpt.txt	symptom	concept	2598	2603	отока
traumatology_ankle fractures_8_BGgpt.txt	symptom	concept	2739	2748	скованост
traumatology_ankle fractures_8_BGgpt.txt	disease	concept	3806	3812	артрит
traumatology_ankle fractures_8_BGgpt.txt	medication	concept	3952	3961	Ибупрофен
traumatology_ankle fractures_8_BGgpt.txt	medication	concept	4032	4043	Парацетамол
traumatology_ankle fractures_8_BGgpt.txt	symptom	concept	4091	4096	болка
traumatology_ankle fractures_8_BGgpt.txt	procedure	concept	4230	4248	контролния преглед
traumatology_ankle fractures_8_BGgpt.txt	symptom	concept	4448	4465	спешните контакти
traumatology_ankle fractures_8_BGgpt.txt	symptom	concept	4509	4520	температура
traumatology_ankle fractures_8_BGgpt.txt	symptom	concept	4522	4536	засилена болка
traumatology_ankle fractures_8_BGgpt.txt	symptom	concept	4538	4542	оток
traumatology_ankle fractures_9_BGgpt.txt	symptom	concept	818	829	болезненост
traumatology_ankle fractures_9_BGgpt.txt	procedure	concept	1299	1318	екстернална ротация
traumatology_ankle fractures_9_BGgpt.txt	medication	concept	2121	2133	Ацетаминофен
traumatology_ankle fractures_9_BGgpt.txt	medication	concept	2159	2168	Ибупрофен
traumatology_ankle fractures_9_BGgpt.txt	medication	concept	2263	2288	Профилактични антибиотици
traumatology_ankle fractures_9_BGgpt.txt	medication	concept	2472	2483	Еноксапарин
traumatology_ankle fractures_9_BGgpt.txt	symptom	concept	2905	2915	подвижност
traumatology_ankle fractures_9_BGgpt.txt	medication	concept	3167	3179	Ацетаминофен
traumatology_ankle fractures_9_BGgpt.txt	medication	concept	3230	3239	Ибупрофен
traumatology_ankle fractures_9_BGgpt.txt	medication	concept	3291	3302	Еноксапарин
traumatology_ankle fractures_9_BGgpt.txt	procedure	concept	3695	3717	хирургична интервенция
traumatology_ankle fractures_9_BGgpt.txt	symptom	concept	3847	3853	артрит
traumatology_distal humeral fractures_0_BGgpt.txt	symptom	concept	374	378	оток
traumatology_distal humeral fractures_0_BGgpt.txt	symptom	concept	641	647	гадене
traumatology_distal humeral fractures_0_BGgpt.txt	symptom	concept	649	658	повръщане
traumatology_distal humeral fractures_0_BGgpt.txt	symptom	concept	813	818	болка
traumatology_distal humeral fractures_0_BGgpt.txt	procedure	concept	1536	1574	отворена репозиция и вътрешна фиксация
traumatology_distal humeral fractures_0_BGgpt.txt	medication	concept	1820	1829	Цефазолин
traumatology_distal humeral fractures_0_BGgpt.txt	medication	concept	1943	1954	Парацетамол
traumatology_distal humeral fractures_0_BGgpt.txt	medication	concept	1989	1998	Ибупрофен
traumatology_distal humeral fractures_0_BGgpt.txt	medication	concept	2037	2046	Оксикодон
traumatology_distal humeral fractures_0_BGgpt.txt	procedure	concept	2499	2522	физиотерапевтични сесии
traumatology_distal humeral fractures_0_BGgpt.txt	medication	concept	2733	2744	Парацетамол
traumatology_distal humeral fractures_0_BGgpt.txt	medication	concept	2779	2788	Ибупрофен
traumatology_distal humeral fractures_0_BGgpt.txt	medication	concept	2851	2860	Оксикодон
traumatology_distal humeral fractures_0_BGgpt.txt	procedure	concept	3407	3433	амбулаторната физиотерапия
traumatology_distal humeral fractures_0_BGgpt.txt	symptom	concept	3670	3674	оток
traumatology_distal humeral fractures_0_BGgpt.txt	symptom	concept	3676	3687	зачервяване
traumatology_distal humeral fractures_10_BGgpt.txt	symptom	concept	539	544	болка
traumatology_distal humeral fractures_10_BGgpt.txt	symptom	concept	546	550	оток
traumatology_distal humeral fractures_10_BGgpt.txt	procedure	concept	1191	1205	рентгенография
traumatology_distal humeral fractures_10_BGgpt.txt	medication	concept	2127	2139	Ацетаминофен
traumatology_distal humeral fractures_10_BGgpt.txt	medication	concept	2175	2184	Ибупрофен
traumatology_distal humeral fractures_10_BGgpt.txt	medication	concept	2318	2328	Цефалексин
traumatology_distal humeral fractures_10_BGgpt.txt	procedure	concept	2424	2436	Физиотерапия
traumatology_distal humeral fractures_10_BGgpt.txt	procedure	concept	2439	2452	рехабилитация
traumatology_distal humeral fractures_10_BGgpt.txt	procedure	concept	2784	2796	физиотерапия
traumatology_distal humeral fractures_10_BGgpt.txt	procedure	concept	3384	3396	физиотерапия
traumatology_distal humeral fractures_10_BGgpt.txt	procedure	concept	3411	3429	домашната програма
traumatology_distal humeral fractures_10_BGgpt.txt	procedure	concept	3773	3787	физиотерапията
traumatology_distal humeral fractures_10_BGgpt.txt	procedure	concept	4209	4223	рентгенография
traumatology_distal humeral fractures_10_BGgpt.txt	medication	concept	4331	4343	Ацетаминофен
traumatology_distal humeral fractures_10_BGgpt.txt	medication	concept	4406	4415	Ибупрофен
traumatology_distal humeral fractures_10_BGgpt.txt	medication	concept	4477	4487	Цефалексин
traumatology_distal humeral fractures_11_BGgpt.txt	disease	concept	4	12	Епикриза
traumatology_distal humeral fractures_11_BGgpt.txt	medication	concept	1264	1277	морфин сулфат
traumatology_distal humeral fractures_11_BGgpt.txt	medication	concept	2072	2081	цефазолин
traumatology_distal humeral fractures_11_BGgpt.txt	medication	concept	2153	2162	оксикодон
traumatology_distal humeral fractures_11_BGgpt.txt	medication	concept	2241	2263	нискомолекулен хепарин
traumatology_distal humeral fractures_11_BGgpt.txt	procedure	concept	2334	2346	Физиотерапия
traumatology_distal humeral fractures_11_BGgpt.txt	medication	concept	2683	2692	оксикодон
traumatology_distal humeral fractures_11_BGgpt.txt	medication	concept	2767	2776	Ибупрофен
traumatology_distal humeral fractures_11_BGgpt.txt	symptom	concept	2854	2864	възпаление
traumatology_distal humeral fractures_11_BGgpt.txt	disease	concept	2963	2971	инфекция
traumatology_distal humeral fractures_11_BGgpt.txt	symptom	concept	2994	3005	зачервяване
traumatology_distal humeral fractures_11_BGgpt.txt	symptom	concept	3007	3011	оток
traumatology_distal humeral fractures_11_BGgpt.txt	procedure	concept	3288	3300	Физиотерапия
traumatology_distal humeral fractures_12_BGgpt.txt	symptom	concept	602	613	болезненост
traumatology_distal humeral fractures_12_BGgpt.txt	disease	concept	1608	1618	инфекцията
traumatology_distal humeral fractures_12_BGgpt.txt	medication	concept	1651	1663	Ацетаминофен
traumatology_distal humeral fractures_12_BGgpt.txt	disease	concept	1724	1734	инфекцията
traumatology_distal humeral fractures_12_BGgpt.txt	medication	concept	1738	1747	Цефазолин
traumatology_distal humeral fractures_12_BGgpt.txt	symptom	concept	2232	2239	болката
traumatology_distal humeral fractures_12_BGgpt.txt	medication	concept	2354	2366	Ацетаминофен
traumatology_distal humeral fractures_12_BGgpt.txt	procedure	concept	2823	2835	Физиотерапия
traumatology_distal humeral fractures_12_BGgpt.txt	disease	concept	3270	3278	инфекция
traumatology_distal humeral fractures_12_BGgpt.txt	symptom	concept	3301	3312	зачервяване
traumatology_distal humeral fractures_12_BGgpt.txt	symptom	concept	3314	3318	оток
traumatology_distal humeral fractures_12_BGgpt.txt	symptom	concept	3335	3341	секрет
traumatology_distal humeral fractures_12_BGgpt.txt	symptom	concept	3395	3405	подвижност
traumatology_distal humeral fractures_12_BGgpt.txt	symptom	concept	3530	3551	неконтролируема болка
traumatology_distal humeral fractures_12_BGgpt.txt	procedure	concept	3897	3914	хирургична намеса
traumatology_distal humeral fractures_12_BGgpt.txt	procedure	concept	3928	3948	следоперативна грижа
traumatology_distal humeral fractures_13_BGgpt.txt	symptom	concept	596	600	оток
traumatology_distal humeral fractures_13_BGgpt.txt	symptom	concept	603	614	болезненост
traumatology_distal humeral fractures_13_BGgpt.txt	medication	concept	1511	1522	Парацетамол
traumatology_distal humeral fractures_13_BGgpt.txt	medication	concept	1568	1577	Ибупрофен
traumatology_distal humeral fractures_13_BGgpt.txt	symptom	concept	1647	1652	отока
traumatology_distal humeral fractures_13_BGgpt.txt	medication	concept	2127	2137	Цефалексин
traumatology_distal humeral fractures_13_BGgpt.txt	disease	concept	2201	2209	инфекция
traumatology_distal humeral fractures_13_BGgpt.txt	symptom	concept	2475	2480	отока
traumatology_distal humeral fractures_13_BGgpt.txt	disease	concept	2728	2733	гипса
traumatology_distal humeral fractures_13_BGgpt.txt	disease	concept	2808	2813	гипса
traumatology_distal humeral fractures_13_BGgpt.txt	disease	concept	2841	2849	инфекция
traumatology_distal humeral fractures_13_BGgpt.txt	disease	concept	2854	2864	усложнения
traumatology_distal humeral fractures_13_BGgpt.txt	medication	concept	2904	2915	Парацетамол
traumatology_distal humeral fractures_13_BGgpt.txt	medication	concept	2961	2970	Ибупрофен
traumatology_distal humeral fractures_13_BGgpt.txt	disease	concept	3119	3124	гипса
traumatology_distal humeral fractures_13_BGgpt.txt	disease	concept	3527	3535	инфекция
traumatology_distal humeral fractures_13_BGgpt.txt	symptom	concept	3559	3568	затопляне
traumatology_distal humeral fractures_13_BGgpt.txt	symptom	concept	3570	3581	температура
traumatology_distal humeral fractures_13_BGgpt.txt	procedure	concept	3689	3707	контролни прегледи
traumatology_distal humeral fractures_13_BGgpt.txt	symptom	concept	3927	3932	болка
traumatology_distal humeral fractures_13_BGgpt.txt	symptom	concept	3934	3944	изтръпване
traumatology_distal humeral fractures_13_BGgpt.txt	procedure	concept	4186	4197	ивна намеса
traumatology_distal humeral fractures_13_BGgpt.txt	procedure	concept	4200	4220	следоперативна грижа
traumatology_distal humeral fractures_13_BGgpt.txt	procedure	concept	4377	4395	контролни прегледи
traumatology_distal humeral fractures_14_BGgpt.txt	symptom	concept	496	501	болка
traumatology_distal humeral fractures_14_BGgpt.txt	symptom	concept	503	507	оток
traumatology_distal humeral fractures_14_BGgpt.txt	symptom	concept	612	616	оток
traumatology_distal humeral fractures_14_BGgpt.txt	procedure	concept	887	901	Рентгенография
traumatology_distal humeral fractures_14_BGgpt.txt	procedure	concept	1302	1319	оперативна намеса
traumatology_distal humeral fractures_14_BGgpt.txt	medication	concept	1663	1672	IV морфин
traumatology_distal humeral fractures_14_BGgpt.txt	medication	concept	1748	1770	перорален ацетаминофен
traumatology_distal humeral fractures_14_BGgpt.txt	medication	concept	1796	1805	ибупрофен
traumatology_distal humeral fractures_14_BGgpt.txt	medication	concept	1856	1865	Цефазолин
traumatology_distal humeral fractures_14_BGgpt.txt	disease	concept	1943	1969	хирургични раневи инфекции
traumatology_distal humeral fractures_14_BGgpt.txt	medication	concept	2410	2421	Медикаменти
traumatology_distal humeral fractures_14_BGgpt.txt	medication	concept	2451	2473	перорален ацетаминофен
traumatology_distal humeral fractures_14_BGgpt.txt	medication	concept	2499	2508	ибупрофен
traumatology_distal humeral fractures_14_BGgpt.txt	procedure	concept	2852	2860	шофиране
traumatology_distal humeral fractures_14_BGgpt.txt	procedure	concept	3166	3183	Контролен преглед
traumatology_distal humeral fractures_14_BGgpt.txt	symptom	concept	3470	3474	оток
traumatology_distal humeral fractures_14_BGgpt.txt	symptom	concept	3479	3490	зачервяване
traumatology_distal humeral fractures_14_BGgpt.txt	symptom	concept	3603	3613	Изтръпване
traumatology_distal humeral fractures_14_BGgpt.txt	symptom	concept	3615	3625	мравучкане
traumatology_distal humeral fractures_14_BGgpt.txt	procedure	concept	4381	4408	рехабилитационни упражнения
traumatology_distal humeral fractures_15_BGgpt.txt	procedure	concept	523	549	рентгенографско изследване
traumatology_distal humeral fractures_15_BGgpt.txt	medication	concept	1698	1707	Ибупрофен
traumatology_distal humeral fractures_15_BGgpt.txt	medication	concept	1776	1787	Парацетамол
traumatology_distal humeral fractures_15_BGgpt.txt	medication	concept	1856	1866	Цефалексин
traumatology_distal humeral fractures_16_BGgpt.txt	procedure	concept	856	880	невро-васкуларен преглед
traumatology_distal humeral fractures_16_BGgpt.txt	procedure	concept	1773	1790	хирургична намеса
traumatology_distal humeral fractures_16_BGgpt.txt	procedure	concept	1793	1817	невро-васкуларен контрол
traumatology_distal humeral fractures_16_BGgpt.txt	medication	concept	2182	2191	Цефазолин
traumatology_distal humeral fractures_16_BGgpt.txt	disease	concept	2266	2274	инфекция
traumatology_distal humeral fractures_16_BGgpt.txt	medication	concept	2280	2291	Парацетамол
traumatology_distal humeral fractures_16_BGgpt.txt	medication	concept	2356	2365	Ибупрофен
traumatology_distal humeral fractures_16_BGgpt.txt	medication	concept	2444	2453	Оксикодон
traumatology_distal humeral fractures_16_BGgpt.txt	procedure	concept	2893	2905	физиотерапия
traumatology_distal humeral fractures_16_BGgpt.txt	procedure	concept	3090	3110	контролните прегледи
traumatology_distal humeral fractures_16_BGgpt.txt	medication	concept	3146	3157	Парацетамол
traumatology_distal humeral fractures_16_BGgpt.txt	medication	concept	3237	3246	Ибупрофен
traumatology_distal humeral fractures_16_BGgpt.txt	medication	concept	3330	3339	Оксикодон
traumatology_distal humeral fractures_16_BGgpt.txt	disease	concept	3608	3616	инфекция
traumatology_distal humeral fractures_16_BGgpt.txt	symptom	concept	3618	3631	увеличен оток
traumatology_distal humeral fractures_16_BGgpt.txt	procedure	concept	4039	4053	физиотерапията
traumatology_distal humeral fractures_16_BGgpt.txt	disease	concept	4285	4311	невро-васкуларен компромис
traumatology_distal humeral fractures_16_BGgpt.txt	disease	concept	4316	4324	инфекция
traumatology_distal humeral fractures_17_BGgpt.txt	procedure	concept	309	321	Физиотерапия
traumatology_distal humeral fractures_17_BGgpt.txt	symptom	concept	421	426	болка
traumatology_distal humeral fractures_17_BGgpt.txt	symptom	concept	429	433	оток
traumatology_distal humeral fractures_17_BGgpt.txt	symptom	concept	709	719	главоболие
traumatology_distal humeral fractures_17_BGgpt.txt	symptom	concept	975	979	оток
traumatology_distal humeral fractures_17_BGgpt.txt	symptom	concept	982	993	болезненост
traumatology_distal humeral fractures_17_BGgpt.txt	procedure	concept	1624	1645	Компютърна томография
traumatology_distal humeral fractures_17_BGgpt.txt	medication	concept	2002	2014	Ацетаминофен
traumatology_distal humeral fractures_17_BGgpt.txt	medication	concept	2042	2051	Ибупрофен
traumatology_distal humeral fractures_17_BGgpt.txt	medication	concept	2426	2436	Цефалексин
traumatology_distal humeral fractures_17_BGgpt.txt	medication	concept	2497	2506	Оксикодон
traumatology_distal humeral fractures_17_BGgpt.txt	medication	concept	2597	2609	Ацетаминофен
traumatology_distal humeral fractures_17_BGgpt.txt	medication	concept	2612	2621	Ибупрофен
traumatology_distal humeral fractures_17_BGgpt.txt	symptom	concept	2885	2890	отока
traumatology_distal humeral fractures_17_BGgpt.txt	symptom	concept	2953	2960	болката
traumatology_distal humeral fractures_17_BGgpt.txt	symptom	concept	2963	2975	подвижността
traumatology_distal humeral fractures_17_BGgpt.txt	medication	concept	3149	3161	Ацетаминофен
traumatology_distal humeral fractures_17_BGgpt.txt	symptom	concept	3212	3217	болка
traumatology_distal humeral fractures_17_BGgpt.txt	medication	concept	3225	3234	Ибупрофен
traumatology_distal humeral fractures_17_BGgpt.txt	medication	concept	3309	3319	Цефалексин
traumatology_distal humeral fractures_17_BGgpt.txt	procedure	concept	3551	3563	Физиотерапия
traumatology_distal humeral fractures_17_BGgpt.txt	symptom	concept	4014	4025	зачервяване
traumatology_distal humeral fractures_17_BGgpt.txt	symptom	concept	4027	4031	оток
traumatology_distal humeral fractures_17_BGgpt.txt	symptom	concept	4033	4042	затопляне
traumatology_distal humeral fractures_17_BGgpt.txt	symptom	concept	4047	4053	секрет
traumatology_distal humeral fractures_17_BGgpt.txt	symptom	concept	4095	4106	температура
traumatology_distal humeral fractures_17_BGgpt.txt	medication	concept	4211	4220	лекарства
traumatology_distal humeral fractures_17_BGgpt.txt	symptom	concept	4261	4268	болката
traumatology_distal humeral fractures_17_BGgpt.txt	medication	concept	4280	4291	медикаменти
traumatology_distal humeral fractures_18_BGgpt.txt	symptom	concept	714	725	световъртеж
traumatology_distal humeral fractures_18_BGgpt.txt	medication	concept	1775	1786	Парацетамол
traumatology_distal humeral fractures_18_BGgpt.txt	medication	concept	1813	1822	Ибупрофен
traumatology_distal humeral fractures_18_BGgpt.txt	medication	concept	2251	2262	Парацетамол
traumatology_distal humeral fractures_18_BGgpt.txt	medication	concept	2289	2298	Оксикодон
traumatology_distal humeral fractures_18_BGgpt.txt	procedure	concept	2380	2393	кинезитерапия
traumatology_distal humeral fractures_18_BGgpt.txt	medication	concept	2566	2573	опиоиди
traumatology_distal humeral fractures_18_BGgpt.txt	medication	concept	2673	2684	парацетамол
traumatology_distal humeral fractures_18_BGgpt.txt	medication	concept	2753	2762	Цефазолин
traumatology_distal humeral fractures_18_BGgpt.txt	disease	concept	2832	2840	инфекция
traumatology_distal humeral fractures_18_BGgpt.txt	medication	concept	3031	3042	Парацетамол
traumatology_distal humeral fractures_18_BGgpt.txt	medication	concept	3096	3105	Ибупрофен
traumatology_distal humeral fractures_18_BGgpt.txt	medication	concept	3166	3182	Калциев карбонат
traumatology_distal humeral fractures_18_BGgpt.txt	medication	concept	3222	3232	Витамин D3
traumatology_distal humeral fractures_18_BGgpt.txt	procedure	concept	3442	3456	рентгенография
traumatology_distal humeral fractures_18_BGgpt.txt	symptom	concept	3608	3613	отока
traumatology_distal humeral fractures_18_BGgpt.txt	symptom	concept	3715	3720	отока
traumatology_distal humeral fractures_18_BGgpt.txt	procedure	concept	3830	3843	кинезитерапия
traumatology_distal humeral fractures_18_BGgpt.txt	symptom	concept	3908	3919	температура
traumatology_distal humeral fractures_18_BGgpt.txt	symptom	concept	3921	3932	зачервяване
traumatology_distal humeral fractures_18_BGgpt.txt	symptom	concept	4324	4334	усложнения
traumatology_distal humeral fractures_18_BGgpt.txt	symptom	concept	4448	4456	симптоми
traumatology_distal humeral fractures_19_BGgpt.txt	symptom	concept	543	547	оток
traumatology_distal humeral fractures_19_BGgpt.txt	procedure	concept	720	744	невро-васкуларен преглед
traumatology_distal humeral fractures_19_BGgpt.txt	symptom	concept	799	808	сетивност
traumatology_distal humeral fractures_19_BGgpt.txt	procedure	concept	1604	1622	отворена репозиция
traumatology_distal humeral fractures_19_BGgpt.txt	medication	concept	1954	1966	ацетаминофен
traumatology_distal humeral fractures_19_BGgpt.txt	medication	concept	2005	2014	ибупрофен
traumatology_distal humeral fractures_19_BGgpt.txt	medication	concept	2185	2194	цефазолин
traumatology_distal humeral fractures_19_BGgpt.txt	procedure	concept	2228	2252	оперативната интервенция
traumatology_distal humeral fractures_19_BGgpt.txt	disease	concept	2330	2338	инфекция
traumatology_distal humeral fractures_19_BGgpt.txt	symptom	concept	2541	2550	скованост
traumatology_distal humeral fractures_19_BGgpt.txt	procedure	concept	2556	2583	Невро-васкуларен мониторинг
traumatology_distal humeral fractures_19_BGgpt.txt	procedure	concept	2607	2634	невро-васкуларен мониторинг
traumatology_distal humeral fractures_19_BGgpt.txt	symptom	concept	3359	3364	болка
traumatology_distal humeral fractures_19_BGgpt.txt	symptom	concept	3366	3370	оток
traumatology_distal humeral fractures_19_BGgpt.txt	disease	concept	3384	3392	инфекция
traumatology_distal humeral fractures_19_BGgpt.txt	symptom	concept	3439	3450	сетивността
traumatology_distal humeral fractures_19_BGgpt.txt	medication	concept	3581	3593	Ацетаминофен
traumatology_distal humeral fractures_19_BGgpt.txt	medication	concept	3645	3654	Ибупрофен
traumatology_distal humeral fractures_19_BGgpt.txt	medication	concept	3718	3728	Цефалексин
traumatology_distal humeral fractures_19_BGgpt.txt	disease	concept	3792	3815	постоперативна инфекция
traumatology_distal humeral fractures_19_BGgpt.txt	procedure	concept	3968	3990	хирургична интервенция
traumatology_distal humeral fractures_19_BGgpt.txt	procedure	concept	3993	4021	следоперативна рехабилитация
traumatology_distal humeral fractures_1_BGgpt.txt	symptom	concept	507	512	болка
traumatology_distal humeral fractures_1_BGgpt.txt	symptom	concept	515	519	оток
traumatology_distal humeral fractures_1_BGgpt.txt	symptom	concept	613	618	болка
traumatology_distal humeral fractures_1_BGgpt.txt	symptom	concept	808	825	дистални пулсации
traumatology_distal humeral fractures_1_BGgpt.txt	procedure	concept	876	895	Образна диагностика
traumatology_distal humeral fractures_1_BGgpt.txt	procedure	concept	913	927	рентгенография
traumatology_distal humeral fractures_1_BGgpt.txt	medication	concept	1679	1691	ацетаминофен
traumatology_distal humeral fractures_1_BGgpt.txt	medication	concept	2010	2020	цефалексин
traumatology_distal humeral fractures_1_BGgpt.txt	disease	concept	2072	2080	инфекция
traumatology_distal humeral fractures_1_BGgpt.txt	medication	concept	2083	2092	оксикодон
traumatology_distal humeral fractures_1_BGgpt.txt	disease	concept	2283	2291	инфекция
traumatology_distal humeral fractures_1_BGgpt.txt	symptom	concept	2478	2487	скованост
traumatology_distal humeral fractures_1_BGgpt.txt	procedure	concept	2512	2533	хирургичната фиксация
traumatology_distal humeral fractures_1_BGgpt.txt	medication	concept	2612	2622	цефалексин
traumatology_distal humeral fractures_1_BGgpt.txt	medication	concept	2685	2694	оксикодон
traumatology_distal humeral fractures_1_BGgpt.txt	medication	concept	2818	2827	ацетамино
traumatology_distal humeral fractures_1_BGgpt.txt	procedure	concept	3016	3034	контролния преглед
traumatology_distal humeral fractures_1_BGgpt.txt	procedure	concept	3286	3298	Физиотерапия
traumatology_distal humeral fractures_1_BGgpt.txt	procedure	concept	3560	3577	контролен преглед
traumatology_distal humeral fractures_1_BGgpt.txt	procedure	concept	3942	3954	физиотерапия
traumatology_distal humeral fractures_1_BGgpt.txt	disease	concept	4160	4168	инфекция
traumatology_distal humeral fractures_1_BGgpt.txt	disease	concept	4188	4210	невро-съдови нарушения
traumatology_distal humeral fractures_20_BGgpt.txt	disease	concept	1598	1606	инфекция
traumatology_distal humeral fractures_20_BGgpt.txt	medication	concept	1621	1630	Ибупрофен
traumatology_distal humeral fractures_20_BGgpt.txt	medication	concept	1688	1700	Ацетаминофен
traumatology_distal humeral fractures_20_BGgpt.txt	medication	concept	1772	1782	Цефалексин
traumatology_distal humeral fractures_20_BGgpt.txt	symptom	concept	2238	2252	овладяна болка
traumatology_distal humeral fractures_20_BGgpt.txt	medication	concept	2334	2345	антибиотици
traumatology_distal humeral fractures_20_BGgpt.txt	medication	concept	2397	2406	Ибупрофен
traumatology_distal humeral fractures_20_BGgpt.txt	medication	concept	2416	2428	Ацетаминофен
traumatology_distal humeral fractures_20_BGgpt.txt	procedure	concept	2700	2715	рехабилитацията
traumatology_distal humeral fractures_20_BGgpt.txt	symptom	concept	2929	2934	болка
traumatology_distal humeral fractures_20_BGgpt.txt	symptom	concept	2936	2940	оток
traumatology_distal humeral fractures_20_BGgpt.txt	symptom	concept	2942	2953	температура
traumatology_distal humeral fractures_20_BGgpt.txt	disease	concept	2976	2984	инфекция
traumatology_distal humeral fractures_20_BGgpt.txt	symptom	concept	3008	3019	сетивността
traumatology_distal humeral fractures_20_BGgpt.txt	symptom	concept	3376	3381	отока
traumatology_distal humeral fractures_20_BGgpt.txt	procedure	concept	3573	3590	хирургична намеса
traumatology_distal humeral fractures_20_BGgpt.txt	procedure	concept	3617	3639	следоперативните грижи
traumatology_distal humeral fractures_21_BGgpt.txt	symptom	concept	591	596	болка
traumatology_distal humeral fractures_21_BGgpt.txt	symptom	concept	599	603	оток
traumatology_distal humeral fractures_21_BGgpt.txt	symptom	concept	712	716	оток
traumatology_distal humeral fractures_21_BGgpt.txt	procedure	concept	1398	1416	невросъдов преглед
traumatology_distal humeral fractures_21_BGgpt.txt	medication	concept	2062	2071	Цефазолин
traumatology_distal humeral fractures_21_BGgpt.txt	medication	concept	2215	2224	Оксикодон
traumatology_distal humeral fractures_21_BGgpt.txt	medication	concept	2286	2295	Ибупрофен
traumatology_distal humeral fractures_21_BGgpt.txt	medication	concept	2429	2440	Еноксапарин
traumatology_distal humeral fractures_21_BGgpt.txt	symptom	concept	3178	3192	обезболяването
traumatology_distal humeral fractures_21_BGgpt.txt	symptom	concept	3507	3512	болка
traumatology_distal humeral fractures_21_BGgpt.txt	symptom	concept	3514	3518	оток
traumatology_distal humeral fractures_21_BGgpt.txt	symptom	concept	3520	3531	температура
traumatology_distal humeral fractures_21_BGgpt.txt	symptom	concept	3593	3606	температурата
traumatology_distal humeral fractures_21_BGgpt.txt	procedure	concept	3920	3933	кинезитерапия
traumatology_distal humeral fractures_21_BGgpt.txt	procedure	concept	4028	4049	медикаментозния режим
traumatology_distal humeral fractures_21_BGgpt.txt	procedure	concept	4077	4097	контролните прегледи
traumatology_distal humeral fractures_21_BGgpt.txt	medication	concept	4399	4410	Медикаменти
traumatology_distal humeral fractures_21_BGgpt.txt	medication	concept	4432	4441	Оксикодон
traumatology_distal humeral fractures_21_BGgpt.txt	medication	concept	4506	4515	Ибупрофен
traumatology_distal humeral fractures_21_BGgpt.txt	medication	concept	4596	4607	Еноксапарин
traumatology_distal humeral fractures_22_BGgpt.txt	symptom	concept	284	289	болка
traumatology_distal humeral fractures_22_BGgpt.txt	symptom	concept	303	313	подвижност
traumatology_distal humeral fractures_22_BGgpt.txt	symptom	concept	562	567	болка
traumatology_distal humeral fractures_22_BGgpt.txt	symptom	concept	570	574	оток
traumatology_distal humeral fractures_22_BGgpt.txt	symptom	concept	668	672	оток
traumatology_distal humeral fractures_22_BGgpt.txt	symptom	concept	675	686	болезненост
traumatology_distal humeral fractures_22_BGgpt.txt	procedure	concept	783	801	невросъдов преглед
traumatology_distal humeral fractures_22_BGgpt.txt	medication	concept	1579	1591	Ацетаминофен
traumatology_distal humeral fractures_22_BGgpt.txt	medication	concept	1618	1627	Ибупрофен
traumatology_distal humeral fractures_22_BGgpt.txt	procedure	concept	1822	1859	открита репозиция и вътрешна фиксация
traumatology_distal humeral fractures_22_BGgpt.txt	medication	concept	2042	2051	Оксикодон
traumatology_distal humeral fractures_22_BGgpt.txt	medication	concept	2123	2135	Ацетаминофен
traumatology_distal humeral fractures_22_BGgpt.txt	medication	concept	2138	2147	Ибупрофен
traumatology_distal humeral fractures_22_BGgpt.txt	medication	concept	2209	2218	Цефазолин
traumatology_distal humeral fractures_22_BGgpt.txt	disease	concept	2296	2304	инфекция
traumatology_distal humeral fractures_22_BGgpt.txt	procedure	concept	2355	2367	физиотерапия
traumatology_distal humeral fractures_22_BGgpt.txt	symptom	concept	2587	2605	болковите усещания
traumatology_distal humeral fractures_22_BGgpt.txt	medication	concept	2662	2674	Ацетаминофен
traumatology_distal humeral fractures_22_BGgpt.txt	medication	concept	2700	2709	Ибупрофен
traumatology_distal humeral fractures_22_BGgpt.txt	procedure	concept	3037	3051	физиотерапията
traumatology_distal humeral fractures_22_BGgpt.txt	symptom	concept	3529	3538	скованост
traumatology_distal humeral fractures_22_BGgpt.txt	procedure	concept	3815	3837	болнична рехабилитация
traumatology_distal humeral fractures_23_BGgpt.txt	symptom	concept	613	618	болка
traumatology_distal humeral fractures_23_BGgpt.txt	symptom	concept	620	624	оток
traumatology_distal humeral fractures_23_BGgpt.txt	procedure	concept	1361	1399	отворена репозиция и вътрешна фиксация
traumatology_distal humeral fractures_23_BGgpt.txt	medication	concept	1620	1631	Парацетамол
traumatology_distal humeral fractures_23_BGgpt.txt	medication	concept	1657	1666	Ибупрофен
traumatology_distal humeral fractures_23_BGgpt.txt	symptom	concept	2089	2098	скованост
traumatology_distal humeral fractures_23_BGgpt.txt	symptom	concept	2213	2220	болката
traumatology_distal humeral fractures_23_BGgpt.txt	symptom	concept	2223	2228	отока
traumatology_distal humeral fractures_23_BGgpt.txt	medication	concept	2516	2527	Парацетамол
traumatology_distal humeral fractures_23_BGgpt.txt	medication	concept	2553	2562	Ибупрофен
traumatology_distal humeral fractures_23_BGgpt.txt	symptom	concept	3021	3026	болка
traumatology_distal humeral fractures_23_BGgpt.txt	symptom	concept	3028	3032	оток
traumatology_distal humeral fractures_23_BGgpt.txt	symptom	concept	3034	3045	температура
traumatology_distal humeral fractures_23_BGgpt.txt	symptom	concept	3125	3136	сетивността
traumatology_distal humeral fractures_23_BGgpt.txt	medication	concept	3543	3554	Парацетамол
traumatology_distal humeral fractures_23_BGgpt.txt	medication	concept	3618	3627	Ибупрофен
traumatology_distal humeral fractures_23_BGgpt.txt	medication	concept	4094	4098	ОРИФ
traumatology_distal humeral fractures_24_BGgpt.txt	symptom	concept	371	375	оток
traumatology_distal humeral fractures_24_BGgpt.txt	symptom	concept	465	470	болка
traumatology_distal humeral fractures_24_BGgpt.txt	symptom	concept	691	701	главоболие
traumatology_distal humeral fractures_24_BGgpt.txt	symptom	concept	712	718	травми
traumatology_distal humeral fractures_24_BGgpt.txt	symptom	concept	808	815	алергии
traumatology_distal humeral fractures_24_BGgpt.txt	procedure	concept	997	1015	невросъдов преглед
traumatology_distal humeral fractures_24_BGgpt.txt	symptom	concept	1081	1085	оток
traumatology_distal humeral fractures_24_BGgpt.txt	symptom	concept	1087	1099	деформацията
traumatology_distal humeral fractures_24_BGgpt.txt	procedure	concept	1204	1218	Рентгенография
traumatology_distal humeral fractures_24_BGgpt.txt	procedure	concept	1948	1956	Операция
traumatology_distal humeral fractures_24_BGgpt.txt	medication	concept	2356	2368	Ацетаминофен
traumatology_distal humeral fractures_24_BGgpt.txt	medication	concept	2395	2404	Ибупрофен
traumatology_distal humeral fractures_24_BGgpt.txt	procedure	concept	2605	2617	физиотерапия
traumatology_distal humeral fractures_24_BGgpt.txt	procedure	concept	3302	3320	контролния преглед
traumatology_distal humeral fractures_24_BGgpt.txt	procedure	concept	3342	3365	физиотерапевтични сесии
traumatology_distal humeral fractures_24_BGgpt.txt	symptom	concept	3627	3631	оток
traumatology_distal humeral fractures_25_BGgpt.txt	symptom	concept	598	603	болка
traumatology_distal humeral fractures_25_BGgpt.txt	symptom	concept	605	609	оток
traumatology_distal humeral fractures_25_BGgpt.txt	symptom	concept	623	633	подвижност
traumatology_distal humeral fractures_25_BGgpt.txt	medication	concept	1785	1796	Парацетамол
traumatology_distal humeral fractures_25_BGgpt.txt	medication	concept	1823	1832	Ибупрофен
traumatology_distal humeral fractures_25_BGgpt.txt	disease	concept	1973	1992	хирургични инфекции
traumatology_distal humeral fractures_25_BGgpt.txt	medication	concept	2090	2101	Еноксапарин
traumatology_distal humeral fractures_25_BGgpt.txt	medication	concept	2620	2631	Парацетамол
traumatology_distal humeral fractures_25_BGgpt.txt	symptom	concept	2682	2687	болка
traumatology_distal humeral fractures_25_BGgpt.txt	medication	concept	2691	2700	Ибупрофен
traumatology_distal humeral fractures_25_BGgpt.txt	symptom	concept	2751	2756	болка
traumatology_distal humeral fractures_25_BGgpt.txt	procedure	concept	2843	2855	физиотерапия
traumatology_distal humeral fractures_25_BGgpt.txt	disease	concept	3762	3770	инфекция
traumatology_distal humeral fractures_25_BGgpt.txt	symptom	concept	3777	3788	температура
traumatology_distal humeral fractures_25_BGgpt.txt	symptom	concept	3798	3809	зачервяване
traumatology_distal humeral fractures_25_BGgpt.txt	medication	concept	3933	3937	ОРИФ
traumatology_distal humeral fractures_25_BGgpt.txt	procedure	concept	4103	4125	хирургична интервенция
traumatology_distal humeral fractures_25_BGgpt.txt	procedure	concept	4129	4142	рехабилитация
traumatology_distal humeral fractures_26_BGgpt.txt	symptom	concept	635	639	оток
traumatology_distal humeral fractures_26_BGgpt.txt	symptom	concept	642	653	болезненост
traumatology_distal humeral fractures_26_BGgpt.txt	disease	concept	1497	1514	дисталния хумерус
traumatology_distal humeral fractures_26_BGgpt.txt	procedure	concept	1603	1625	невросъдово наблюдение
traumatology_distal humeral fractures_26_BGgpt.txt	symptom	concept	1832	1839	болката
traumatology_distal humeral fractures_26_BGgpt.txt	medication	concept	1894	1905	парацетамол
traumatology_distal humeral fractures_26_BGgpt.txt	symptom	concept	1952	1957	болка
traumatology_distal humeral fractures_26_BGgpt.txt	medication	concept	1960	1969	ибупрофен
traumatology_distal humeral fractures_26_BGgpt.txt	procedure	concept	2103	2121	отворена репозиция
traumatology_distal humeral fractures_26_BGgpt.txt	procedure	concept	2124	2145	вътрешна остеосинтеза
traumatology_distal humeral fractures_26_BGgpt.txt	medication	concept	2318	2328	цефалексин
traumatology_distal humeral fractures_26_BGgpt.txt	procedure	concept	2427	2439	Физиотерапия
traumatology_distal humeral fractures_26_BGgpt.txt	symptom	concept	2571	2580	скованост
traumatology_distal humeral fractures_26_BGgpt.txt	symptom	concept	2704	2710	отокът
traumatology_distal humeral fractures_26_BGgpt.txt	procedure	concept	2769	2781	физиотерапия
traumatology_distal humeral fractures_26_BGgpt.txt	medication	concept	3010	3021	парацетамол
traumatology_distal humeral fractures_26_BGgpt.txt	medication	concept	3110	3120	цефалексин
traumatology_distal humeral fractures_26_BGgpt.txt	symptom	concept	3428	3439	зачервяване
traumatology_distal humeral fractures_26_BGgpt.txt	symptom	concept	3441	3445	оток
traumatology_distal humeral fractures_26_BGgpt.txt	symptom	concept	3447	3456	затопляне
traumatology_distal humeral fractures_26_BGgpt.txt	symptom	concept	3461	3467	секрет
traumatology_distal humeral fractures_26_BGgpt.txt	procedure	concept	3541	3558	Контролен преглед
traumatology_distal humeral fractures_26_BGgpt.txt	procedure	concept	3576	3593	контролен преглед
traumatology_distal humeral fractures_26_BGgpt.txt	procedure	concept	3708	3722	физиотерапията
traumatology_distal humeral fractures_26_BGgpt.txt	procedure	concept	3821	3835	физиотерапията
traumatology_distal humeral fractures_27_BGgpt.txt	symptom	concept	458	463	болка
traumatology_distal humeral fractures_27_BGgpt.txt	symptom	concept	892	896	Оток
traumatology_distal humeral fractures_27_BGgpt.txt	symptom	concept	899	910	болезненост
traumatology_distal humeral fractures_27_BGgpt.txt	procedure	concept	1218	1237	Образна диагностика
traumatology_distal humeral fractures_27_BGgpt.txt	medication	concept	2236	2248	ацетаминофен
traumatology_distal humeral fractures_27_BGgpt.txt	medication	concept	2276	2285	ибупрофен
traumatology_distal humeral fractures_27_BGgpt.txt	symptom	concept	2413	2418	отока
traumatology_distal humeral fractures_27_BGgpt.txt	procedure	concept	2518	2555	открита репозиция и вътрешна фиксация
traumatology_distal humeral fractures_27_BGgpt.txt	medication	concept	2861	2870	оксикодон
traumatology_distal humeral fractures_27_BGgpt.txt	medication	concept	3015	3024	цефазолин
traumatology_distal humeral fractures_27_BGgpt.txt	procedure	concept	3100	3112	Физиотерапия
traumatology_distal humeral fractures_27_BGgpt.txt	symptom	concept	3231	3240	скованост
traumatology_distal humeral fractures_27_BGgpt.txt	symptom	concept	3258	3272	заздравяването
traumatology_distal humeral fractures_27_BGgpt.txt	medication	concept	3481	3493	Ацетаминофен
traumatology_distal humeral fractures_27_BGgpt.txt	medication	concept	3568	3577	Ибупрофен
traumatology_distal humeral fractures_27_BGgpt.txt	procedure	concept	3844	3858	физиотерапията
traumatology_distal humeral fractures_27_BGgpt.txt	procedure	concept	4306	4328	медикаментозна терапия
traumatology_distal humeral fractures_27_BGgpt.txt	procedure	concept	4330	4342	физиотерапия
traumatology_distal humeral fractures_27_BGgpt.txt	procedure	concept	4345	4363	контролни прегледи
traumatology_distal humeral fractures_28_BGgpt.txt	symptom	concept	660	665	болка
traumatology_distal humeral fractures_28_BGgpt.txt	symptom	concept	667	671	оток
traumatology_distal humeral fractures_28_BGgpt.txt	procedure	concept	784	803	невро-съдов преглед
traumatology_distal humeral fractures_28_BGgpt.txt	symptom	concept	918	922	оток
traumatology_distal humeral fractures_28_BGgpt.txt	symptom	concept	925	936	болезненост
traumatology_distal humeral fractures_28_BGgpt.txt	procedure	concept	972	986	рентгенография
traumatology_distal humeral fractures_28_BGgpt.txt	medication	concept	1718	1729	Парацетамол
traumatology_distal humeral fractures_28_BGgpt.txt	medication	concept	1755	1764	Ибупрофен
traumatology_distal humeral fractures_28_BGgpt.txt	medication	concept	1826	1836	Цефалексин
traumatology_distal humeral fractures_28_BGgpt.txt	procedure	concept	1980	1992	физиотерапия
traumatology_distal humeral fractures_28_BGgpt.txt	symptom	concept	2306	2311	болка
traumatology_distal humeral fractures_28_BGgpt.txt	medication	concept	2420	2431	Парацетамол
traumatology_distal humeral fractures_28_BGgpt.txt	medication	concept	2475	2484	Ибупрофен
traumatology_distal humeral fractures_28_BGgpt.txt	medication	concept	2600	2610	Цефалексин
traumatology_distal humeral fractures_28_BGgpt.txt	symptom	concept	3348	3352	оток
traumatology_distal humeral fractures_28_BGgpt.txt	symptom	concept	3354	3365	зачервяване
traumatology_distal humeral fractures_28_BGgpt.txt	symptom	concept	3367	3378	температура
traumatology_distal humeral fractures_28_BGgpt.txt	symptom	concept	3383	3389	дренаж
traumatology_distal humeral fractures_28_BGgpt.txt	procedure	concept	3511	3533	хирургична интервенция
traumatology_distal humeral fractures_28_BGgpt.txt	procedure	concept	3565	3595	следоперативната рехабилитация
traumatology_distal humeral fractures_29_BGgpt.txt	procedure	concept	975	994	невро-съдов преглед
traumatology_distal humeral fractures_29_BGgpt.txt	procedure	concept	1321	1358	открита репозиция и вътрешна фиксация
traumatology_distal humeral fractures_29_BGgpt.txt	medication	concept	1902	1911	Ибупрофен
traumatology_distal humeral fractures_29_BGgpt.txt	medication	concept	1973	1984	Парацетамол
traumatology_distal humeral fractures_29_BGgpt.txt	medication	concept	2074	2084	Цефалексин
traumatology_distal humeral fractures_29_BGgpt.txt	symptom	concept	2384	2393	скованост
traumatology_distal humeral fractures_29_BGgpt.txt	disease	concept	2474	2500	невро-съдова компрометация
traumatology_distal humeral fractures_29_BGgpt.txt	disease	concept	2503	2511	инфекция
traumatology_distal humeral fractures_29_BGgpt.txt	medication	concept	2645	2655	Цефалексин
traumatology_distal humeral fractures_29_BGgpt.txt	medication	concept	2680	2689	Ибупрофен
traumatology_distal humeral fractures_29_BGgpt.txt	medication	concept	2803	2814	Парацетамол
traumatology_distal humeral fractures_29_BGgpt.txt	disease	concept	3375	3383	инфекция
traumatology_distal humeral fractures_29_BGgpt.txt	symptom	concept	3397	3408	зачервяване
traumatology_distal humeral fractures_29_BGgpt.txt	symptom	concept	3410	3414	оток
traumatology_distal humeral fractures_29_BGgpt.txt	symptom	concept	3416	3425	затопляне
traumatology_distal humeral fractures_29_BGgpt.txt	symptom	concept	3430	3436	секрет
traumatology_distal humeral fractures_29_BGgpt.txt	symptom	concept	3728	3742	засилена болка
traumatology_distal humeral fractures_29_BGgpt.txt	symptom	concept	4038	4047	скованост
traumatology_distal humeral fractures_2_BGgpt.txt	symptom	concept	494	499	болка
traumatology_distal humeral fractures_2_BGgpt.txt	symptom	concept	501	505	оток
traumatology_distal humeral fractures_2_BGgpt.txt	symptom	concept	519	529	подвижност
traumatology_distal humeral fractures_2_BGgpt.txt	symptom	concept	589	599	деформация
traumatology_distal humeral fractures_2_BGgpt.txt	symptom	concept	602	613	болезненост
traumatology_distal humeral fractures_2_BGgpt.txt	disease	concept	1666	1674	инфекция
traumatology_distal humeral fractures_2_BGgpt.txt	medication	concept	1676	1685	Цефазолин
traumatology_distal humeral fractures_2_BGgpt.txt	medication	concept	1752	1763	Амоксицилин
traumatology_distal humeral fractures_2_BGgpt.txt	medication	concept	1839	1850	Парацетамол
traumatology_distal humeral fractures_2_BGgpt.txt	medication	concept	1886	1895	Ибупрофен
traumatology_distal humeral fractures_2_BGgpt.txt	medication	concept	1935	1944	Оксикодон
traumatology_distal humeral fractures_2_BGgpt.txt	procedure	concept	2522	2534	физиотерапия
traumatology_distal humeral fractures_2_BGgpt.txt	medication	concept	2813	2824	Амоксицилин
traumatology_distal humeral fractures_2_BGgpt.txt	medication	concept	2871	2882	Парацетамол
traumatology_distal humeral fractures_2_BGgpt.txt	medication	concept	2923	2932	Ибупрофен
traumatology_distal humeral fractures_2_BGgpt.txt	medication	concept	2978	2987	Оксикодон
traumatology_distal humeral fractures_2_BGgpt.txt	procedure	concept	3065	3079	физиотерапията
traumatology_distal humeral fractures_2_BGgpt.txt	procedure	concept	3294	3315	медикаментозния режим
traumatology_distal humeral fractures_2_BGgpt.txt	procedure	concept	3335	3349	физиотерапията
traumatology_distal humeral fractures_2_BGgpt.txt	disease	concept	3393	3401	инфекция
traumatology_distal humeral fractures_30_BGgpt.txt	symptom	concept	541	546	болка
traumatology_distal humeral fractures_30_BGgpt.txt	symptom	concept	548	552	оток
traumatology_distal humeral fractures_30_BGgpt.txt	symptom	concept	566	576	подвижност
traumatology_distal humeral fractures_30_BGgpt.txt	procedure	concept	683	707	латерална рентгенография
traumatology_distal humeral fractures_30_BGgpt.txt	disease	concept	957	973	окултна фрактура
traumatology_distal humeral fractures_30_BGgpt.txt	disease	concept	1228	1244	окултна фрактура
traumatology_distal humeral fractures_30_BGgpt.txt	procedure	concept	1267	1295	неврологичен и съдов преглед
traumatology_distal humeral fractures_30_BGgpt.txt	procedure	concept	1494	1512	отворена репозиция
traumatology_distal humeral fractures_30_BGgpt.txt	medication	concept	1727	1736	Ибупрофен
traumatology_distal humeral fractures_30_BGgpt.txt	medication	concept	1794	1806	Ацетаминофен
traumatology_distal humeral fractures_30_BGgpt.txt	medication	concept	1896	1906	Цефалексин
traumatology_distal humeral fractures_30_BGgpt.txt	symptom	concept	2428	2433	болка
traumatology_distal humeral fractures_30_BGgpt.txt	medication	concept	2551	2561	антибиотик
traumatology_distal humeral fractures_30_BGgpt.txt	medication	concept	2563	2573	Цефалексин
traumatology_distal humeral fractures_30_BGgpt.txt	medication	concept	2638	2647	Ибупрофен
traumatology_distal humeral fractures_30_BGgpt.txt	medication	concept	2670	2682	Ацетаминофен
traumatology_distal humeral fractures_30_BGgpt.txt	disease	concept	3333	3341	инфекция
traumatology_distal humeral fractures_30_BGgpt.txt	symptom	concept	3353	3358	болка
traumatology_distal humeral fractures_30_BGgpt.txt	symptom	concept	4212	4222	признаците
traumatology_distal humeral fractures_30_BGgpt.txt	symptom	concept	4248	4258	усложнения
traumatology_distal humeral fractures_31_BGgpt.txt	symptom	concept	397	402	болка
traumatology_distal humeral fractures_31_BGgpt.txt	symptom	concept	896	904	пронация
traumatology_distal humeral fractures_31_BGgpt.txt	procedure	concept	1508	1526	отворена репозиция
traumatology_distal humeral fractures_31_BGgpt.txt	medication	concept	1719	1728	Ибупрофен
traumatology_distal humeral fractures_31_BGgpt.txt	medication	concept	1793	1805	Ацетаминофен
traumatology_distal humeral fractures_31_BGgpt.txt	medication	concept	1894	1905	антибиотици
traumatology_distal humeral fractures_31_BGgpt.txt	medication	concept	1911	1920	Цефазолин
traumatology_distal humeral fractures_31_BGgpt.txt	procedure	concept	2261	2278	ранна мобилизация
traumatology_distal humeral fractures_31_BGgpt.txt	procedure	concept	2281	2293	физиотерапия
traumatology_distal humeral fractures_31_BGgpt.txt	symptom	concept	2412	2421	скованост
traumatology_distal humeral fractures_31_BGgpt.txt	medication	concept	2750	2759	ибупрофен
traumatology_distal humeral fractures_31_BGgpt.txt	medication	concept	2785	2797	ацетаминофен
traumatology_distal humeral fractures_31_BGgpt.txt	symptom	concept	3413	3424	зачервяване
traumatology_distal humeral fractures_31_BGgpt.txt	symptom	concept	3426	3430	оток
traumatology_distal humeral fractures_31_BGgpt.txt	symptom	concept	3432	3441	затопляне
traumatology_distal humeral fractures_31_BGgpt.txt	symptom	concept	3452	3467	увеличена болка
traumatology_distal humeral fractures_31_BGgpt.txt	symptom	concept	3469	3479	изтръпване
traumatology_distal humeral fractures_31_BGgpt.txt	symptom	concept	3481	3491	мравучкане
traumatology_distal humeral fractures_31_BGgpt.txt	symptom	concept	3873	3885	обезболяване
traumatology_distal humeral fractures_31_BGgpt.txt	procedure	concept	3949	3961	физиотерапия
traumatology_distal humeral fractures_31_BGgpt.txt	medication	concept	4217	4226	Ибупрофен
traumatology_distal humeral fractures_31_BGgpt.txt	medication	concept	4291	4303	Ацетаминофен
traumatology_distal humeral fractures_32_BGgpt.txt	procedure	concept	741	749	палпация
traumatology_distal humeral fractures_32_BGgpt.txt	procedure	concept	768	787	невро-съдов преглед
traumatology_distal humeral fractures_32_BGgpt.txt	symptom	concept	997	1002	болка
traumatology_distal humeral fractures_32_BGgpt.txt	medication	concept	1916	1934	Цефазолин 1 g i.v.
traumatology_distal humeral fractures_32_BGgpt.txt	disease	concept	2015	2023	инфекция
traumatology_distal humeral fractures_32_BGgpt.txt	medication	concept	2050	2061	Парацетамол
traumatology_distal humeral fractures_32_BGgpt.txt	medication	concept	2097	2106	Оксикодон
traumatology_distal humeral fractures_32_BGgpt.txt	procedure	concept	2220	2232	Физиотерапия
traumatology_distal humeral fractures_32_BGgpt.txt	symptom	concept	2729	2740	температура
traumatology_distal humeral fractures_32_BGgpt.txt	symptom	concept	2742	2752	изтръпване
traumatology_distal humeral fractures_32_BGgpt.txt	medication	concept	2848	2859	Парацетамол
traumatology_distal humeral fractures_32_BGgpt.txt	medication	concept	2932	2941	Оксикодон
traumatology_distal humeral fractures_32_BGgpt.txt	procedure	concept	3101	3125	амбулаторно проследяване
traumatology_distal humeral fractures_33_BGgpt.txt	symptom	concept	431	436	болка
traumatology_distal humeral fractures_33_BGgpt.txt	symptom	concept	439	443	оток
traumatology_distal humeral fractures_33_BGgpt.txt	symptom	concept	669	674	болка
traumatology_distal humeral fractures_33_BGgpt.txt	symptom	concept	838	845	хематом
traumatology_distal humeral fractures_33_BGgpt.txt	symptom	concept	890	895	болка
traumatology_distal humeral fractures_33_BGgpt.txt	procedure	concept	964	982	невросъдов преглед
traumatology_distal humeral fractures_33_BGgpt.txt	symptom	concept	1019	1027	кръвоток
traumatology_distal humeral fractures_33_BGgpt.txt	medication	concept	1925	1937	Ацетаминофен
traumatology_distal humeral fractures_33_BGgpt.txt	medication	concept	2019	2028	Ибупрофен
traumatology_distal humeral fractures_33_BGgpt.txt	symptom	concept	2145	2182	гастроинтестиналните странични ефекти
traumatology_distal humeral fractures_33_BGgpt.txt	medication	concept	2218	2228	Цефалексин
traumatology_distal humeral fractures_33_BGgpt.txt	procedure	concept	2631	2643	физиотерапия
traumatology_distal humeral fractures_33_BGgpt.txt	medication	concept	3236	3248	ацетаминофен
traumatology_distal humeral fractures_33_BGgpt.txt	medication	concept	3251	3260	ибупрофен
traumatology_distal humeral fractures_33_BGgpt.txt	medication	concept	3332	3342	цефалексин
traumatology_distal humeral fractures_33_BGgpt.txt	symptom	concept	3576	3588	подвижността
traumatology_distal humeral fractures_33_BGgpt.txt	symptom	concept	3741	3752	зачервяване
traumatology_distal humeral fractures_33_BGgpt.txt	symptom	concept	3754	3763	затопляне
traumatology_distal humeral fractures_33_BGgpt.txt	symptom	concept	3799	3810	сетивността
traumatology_distal humeral fractures_33_BGgpt.txt	symptom	concept	3813	3829	кръвообращението
traumatology_distal humeral fractures_34_BGgpt.txt	symptom	concept	582	586	оток
traumatology_distal humeral fractures_34_BGgpt.txt	procedure	concept	1079	1101	невросъдово изследване
traumatology_distal humeral fractures_34_BGgpt.txt	medication	concept	1645	1657	Ацетаминофен
traumatology_distal humeral fractures_34_BGgpt.txt	medication	concept	1680	1689	Ибупрофен
traumatology_distal humeral fractures_34_BGgpt.txt	medication	concept	2184	2193	Оксикодон
traumatology_distal humeral fractures_34_BGgpt.txt	medication	concept	2233	2245	Ацетаминофен
traumatology_distal humeral fractures_34_BGgpt.txt	procedure	concept	2391	2403	физиотерапия
traumatology_distal humeral fractures_34_BGgpt.txt	medication	concept	2567	2576	Оксикодон
traumatology_distal humeral fractures_34_BGgpt.txt	symptom	concept	2620	2636	болковия синдром
traumatology_distal humeral fractures_34_BGgpt.txt	symptom	concept	2704	2708	подв
traumatology_distal humeral fractures_34_BGgpt.txt	symptom	concept	2729	2734	болка
traumatology_distal humeral fractures_34_BGgpt.txt	medication	concept	2885	2896	Медикаменти
traumatology_distal humeral fractures_34_BGgpt.txt	medication	concept	2920	2932	Ацетаминофен
traumatology_distal humeral fractures_34_BGgpt.txt	medication	concept	2994	3003	Ибупрофен
traumatology_distal humeral fractures_34_BGgpt.txt	medication	concept	3064	3073	Оксикодон
traumatology_distal humeral fractures_34_BGgpt.txt	procedure	concept	3561	3573	физиотерапия
traumatology_distal humeral fractures_34_BGgpt.txt	symptom	concept	3826	3837	зачервяване
traumatology_distal humeral fractures_34_BGgpt.txt	symptom	concept	3839	3843	оток
traumatology_distal humeral fractures_35_BGgpt.txt	symptom	concept	400	405	болка
traumatology_distal humeral fractures_35_BGgpt.txt	symptom	concept	407	411	оток
traumatology_distal humeral fractures_35_BGgpt.txt	symptom	concept	607	611	оток
traumatology_distal humeral fractures_35_BGgpt.txt	symptom	concept	630	637	флексия
traumatology_distal humeral fractures_35_BGgpt.txt	symptom	concept	717	728	болезненост
traumatology_distal humeral fractures_35_BGgpt.txt	procedure	concept	1085	1104	Образна диагностика
traumatology_distal humeral fractures_35_BGgpt.txt	procedure	concept	1132	1146	Рентгенография
traumatology_distal humeral fractures_35_BGgpt.txt	symptom	concept	1373	1379	ефузия
traumatology_distal humeral fractures_35_BGgpt.txt	medication	concept	1523	1535	Ацетаминофен
traumatology_distal humeral fractures_35_BGgpt.txt	medication	concept	1561	1570	Ибупрофен
traumatology_distal humeral fractures_35_BGgpt.txt	disease	concept	1726	1733	болката
traumatology_distal humeral fractures_35_BGgpt.txt	medication	concept	2017	2033	Цефазолин 1 г IV
traumatology_distal humeral fractures_35_BGgpt.txt	disease	concept	2083	2091	инфекция
traumatology_distal humeral fractures_35_BGgpt.txt	medication	concept	2331	2343	Ацетаминофен
traumatology_distal humeral fractures_35_BGgpt.txt	medication	concept	2438	2447	Ибупрофен
traumatology_distal humeral fractures_35_BGgpt.txt	medication	concept	2541	2551	Цефалексин
traumatology_distal humeral fractures_35_BGgpt.txt	disease	concept	2644	2652	инфекция
traumatology_distal humeral fractures_35_BGgpt.txt	procedure	concept	2854	2861	рентген
traumatology_distal humeral fractures_35_BGgpt.txt	medication	concept	2947	2958	медикаменти
traumatology_distal humeral fractures_35_BGgpt.txt	symptom	concept	3079	3084	отока
traumatology_distal humeral fractures_35_BGgpt.txt	symptom	concept	3180	3187	болката
traumatology_distal humeral fractures_35_BGgpt.txt	symptom	concept	3190	3195	отока
traumatology_distal humeral fractures_35_BGgpt.txt	procedure	concept	3341	3353	физиотерапия
traumatology_distal humeral fractures_35_BGgpt.txt	symptom	concept	3464	3478	засилена болка
traumatology_distal humeral fractures_35_BGgpt.txt	symptom	concept	3480	3484	оток
traumatology_distal humeral fractures_35_BGgpt.txt	symptom	concept	3486	3497	зачервяване
traumatology_distal humeral fractures_35_BGgpt.txt	procedure	concept	3511	3529	оперативния разрез
traumatology_distal humeral fractures_35_BGgpt.txt	symptom	concept	3531	3551	повишена температура
traumatology_distal humeral fractures_36_BGgpt.txt	symptom	concept	1147	1155	кръвоток
traumatology_distal humeral fractures_36_BGgpt.txt	medication	concept	1737	1748	Парацетамол
traumatology_distal humeral fractures_36_BGgpt.txt	medication	concept	1817	1826	Ибупрофен
traumatology_distal humeral fractures_36_BGgpt.txt	disease	concept	1890	1913	постоперативни инфекции
traumatology_distal humeral fractures_36_BGgpt.txt	medication	concept	1925	1935	Цефалексин
traumatology_distal humeral fractures_36_BGgpt.txt	procedure	concept	2090	2102	Физиотерапия
traumatology_distal humeral fractures_36_BGgpt.txt	symptom	concept	2253	2262	скованост
traumatology_distal humeral fractures_36_BGgpt.txt	medication	concept	2558	2567	Ибупрофен
traumatology_distal humeral fractures_36_BGgpt.txt	medication	concept	2658	2669	Парацетамол
traumatology_distal humeral fractures_36_BGgpt.txt	procedure	concept	3211	3237	рентгенографско изследване
traumatology_distal humeral fractures_36_BGgpt.txt	procedure	concept	3291	3318	физиотерапевтични процедури
traumatology_distal humeral fractures_36_BGgpt.txt	procedure	concept	3356	3371	рехабилитацията
traumatology_distal humeral fractures_36_BGgpt.txt	disease	concept	3476	3484	инфекция
traumatology_distal humeral fractures_36_BGgpt.txt	symptom	concept	3508	3519	зачервяване
traumatology_distal humeral fractures_36_BGgpt.txt	symptom	concept	3521	3525	оток
traumatology_distal humeral fractures_36_BGgpt.txt	symptom	concept	3527	3536	затопляне
traumatology_distal humeral fractures_36_BGgpt.txt	symptom	concept	3538	3556	отделяне на секрет
traumatology_distal humeral fractures_36_BGgpt.txt	procedure	concept	3716	3728	физиотерапия
traumatology_distal humeral fractures_37_BGgpt.txt	symptom	concept	571	576	болка
traumatology_distal humeral fractures_37_BGgpt.txt	symptom	concept	578	582	оток
traumatology_distal humeral fractures_37_BGgpt.txt	procedure	concept	1020	1034	Рентгенография
traumatology_distal humeral fractures_37_BGgpt.txt	medication	concept	1919	1931	Ацетаминофен
traumatology_distal humeral fractures_37_BGgpt.txt	medication	concept	1953	1962	Ибупрофен
traumatology_distal humeral fractures_37_BGgpt.txt	procedure	concept	2259	2271	физиотерапия
traumatology_distal humeral fractures_37_BGgpt.txt	symptom	concept	2384	2393	скованост
traumatology_distal humeral fractures_37_BGgpt.txt	symptom	concept	2576	2588	подвижността
traumatology_distal humeral fractures_37_BGgpt.txt	symptom	concept	2617	2637	болковите оплаквания
traumatology_distal humeral fractures_37_BGgpt.txt	symptom	concept	3031	3037	отокът
traumatology_distal humeral fractures_37_BGgpt.txt	procedure	concept	3070	3082	физиотерапия
traumatology_distal humeral fractures_37_BGgpt.txt	symptom	concept	3178	3183	болка
traumatology_distal humeral fractures_37_BGgpt.txt	symptom	concept	3185	3189	оток
traumatology_distal humeral fractures_37_BGgpt.txt	symptom	concept	3191	3202	зачервяване
traumatology_distal humeral fractures_37_BGgpt.txt	procedure	concept	3313	3330	Контролен преглед
traumatology_distal humeral fractures_37_BGgpt.txt	medication	concept	3577	3589	Ацетаминофен
traumatology_distal humeral fractures_37_BGgpt.txt	medication	concept	3653	3662	Ибупрофен
traumatology_distal humeral fractures_37_BGgpt.txt	symptom	concept	3724	3734	възпаление
traumatology_distal humeral fractures_37_BGgpt.txt	symptom	concept	3738	3745	Алергии
traumatology_distal humeral fractures_38_BGgpt.txt	symptom	concept	552	556	оток
traumatology_distal humeral fractures_38_BGgpt.txt	symptom	concept	570	580	подвижност
traumatology_distal humeral fractures_38_BGgpt.txt	medication	concept	1493	1505	Ацетаминофен
traumatology_distal humeral fractures_38_BGgpt.txt	medication	concept	1553	1562	Ибупрофен
traumatology_distal humeral fractures_38_BGgpt.txt	medication	concept	1673	1682	Цефазолин
traumatology_distal humeral fractures_38_BGgpt.txt	procedure	concept	2465	2488	физиотерапевтични сесии
traumatology_distal humeral fractures_38_BGgpt.txt	medication	concept	2619	2631	Ацетаминофен
traumatology_distal humeral fractures_38_BGgpt.txt	medication	concept	2679	2688	Ибупрофен
traumatology_distal humeral fractures_38_BGgpt.txt	symptom	concept	2880	2891	зачервяване
traumatology_distal humeral fractures_38_BGgpt.txt	symptom	concept	2893	2897	оток
traumatology_distal humeral fractures_38_BGgpt.txt	symptom	concept	2902	2908	секрет
traumatology_distal humeral fractures_38_BGgpt.txt	disease	concept	3228	3256	фрактури на дистален хумерус
traumatology_distal humeral fractures_38_BGgpt.txt	procedure	concept	3278	3292	физиотерапията
traumatology_distal humeral fractures_38_BGgpt.txt	medication	concept	3688	3700	Ацетаминофен
traumatology_distal humeral fractures_38_BGgpt.txt	symptom	concept	3762	3767	болка
traumatology_distal humeral fractures_38_BGgpt.txt	medication	concept	3773	3782	Ибупрофен
traumatology_distal humeral fractures_39_BGgpt.txt	symptom	concept	745	749	оток
traumatology_distal humeral fractures_39_BGgpt.txt	symptom	concept	858	869	болезненост
traumatology_distal humeral fractures_39_BGgpt.txt	symptom	concept	872	876	оток
traumatology_distal humeral fractures_39_BGgpt.txt	symptom	concept	1030	1058	симетрични дистални пулсации
traumatology_distal humeral fractures_39_BGgpt.txt	medication	concept	1724	1748	обезболяващи медикаменти
traumatology_distal humeral fractures_39_BGgpt.txt	medication	concept	1817	1829	Ацетаминофен
traumatology_distal humeral fractures_39_BGgpt.txt	medication	concept	1942	1951	Ибупрофен
traumatology_distal humeral fractures_39_BGgpt.txt	procedure	concept	2223	2240	оперативна намеса
traumatology_distal humeral fractures_39_BGgpt.txt	medication	concept	2598	2608	Цефалексин
traumatology_distal humeral fractures_39_BGgpt.txt	medication	concept	2746	2755	Оксикодон
traumatology_distal humeral fractures_39_BGgpt.txt	medication	concept	2851	2863	Ацетаминофен
traumatology_distal humeral fractures_39_BGgpt.txt	medication	concept	2870	2879	Ибупрофен
traumatology_distal humeral fractures_39_BGgpt.txt	procedure	concept	2930	2943	Кинезитерапия
traumatology_distal humeral fractures_39_BGgpt.txt	symptom	concept	3100	3109	скованост
traumatology_distal humeral fractures_39_BGgpt.txt	medication	concept	3591	3621	силни обезболяващи медикаменти
traumatology_distal humeral fractures_39_BGgpt.txt	procedure	concept	3660	3696	амбулаторни кинезитерапевтични сесии
traumatology_distal humeral fractures_39_BGgpt.txt	symptom	concept	3945	3959	засилена болка
traumatology_distal humeral fractures_39_BGgpt.txt	symptom	concept	3961	3965	оток
traumatology_distal humeral fractures_39_BGgpt.txt	symptom	concept	3967	3987	повишена температура
traumatology_distal humeral fractures_39_BGgpt.txt	procedure	concept	4215	4228	Кинезитерапия
traumatology_distal humeral fractures_3_BGgpt.txt	symptom	concept	388	393	болка
traumatology_distal humeral fractures_3_BGgpt.txt	symptom	concept	642	646	оток
traumatology_distal humeral fractures_3_BGgpt.txt	symptom	concept	649	669	хематомна оцветяване
traumatology_distal humeral fractures_3_BGgpt.txt	symptom	concept	717	722	болка
traumatology_distal humeral fractures_3_BGgpt.txt	symptom	concept	862	870	кръвоток
traumatology_distal humeral fractures_3_BGgpt.txt	procedure	concept	1031	1045	Рентгенография
traumatology_distal humeral fractures_3_BGgpt.txt	medication	concept	1819	1839	i.v. морфинов сулфат
traumatology_distal humeral fractures_3_BGgpt.txt	procedure	concept	1943	1961	отворена репозиция
traumatology_distal humeral fractures_3_BGgpt.txt	medication	concept	2242	2261	per os ацетаминофен
traumatology_distal humeral fractures_3_BGgpt.txt	medication	concept	2287	2303	per os ибупрофен
traumatology_distal humeral fractures_3_BGgpt.txt	procedure	concept	2523	2535	Физиотерапия
traumatology_distal humeral fractures_3_BGgpt.txt	symptom	concept	2649	2660	контрактури
traumatology_distal humeral fractures_3_BGgpt.txt	symptom	concept	2678	2690	подвижността
traumatology_distal humeral fractures_3_BGgpt.txt	symptom	concept	2928	2935	болката
traumatology_distal humeral fractures_3_BGgpt.txt	medication	concept	3197	3209	Ацетаминофен
traumatology_distal humeral fractures_3_BGgpt.txt	medication	concept	3265	3274	Ибупрофен
traumatology_distal humeral fractures_3_BGgpt.txt	symptom	concept	3323	3328	болка
traumatology_distal humeral fractures_3_BGgpt.txt	medication	concept	3343	3354	Антибиотици
traumatology_distal humeral fractures_3_BGgpt.txt	symptom	concept	3901	3905	оток
traumatology_distal humeral fractures_3_BGgpt.txt	symptom	concept	3907	3917	изтръпване
traumatology_distal humeral fractures_3_BGgpt.txt	symptom	concept	3919	3929	мравучкане
traumatology_distal humeral fractures_3_BGgpt.txt	symptom	concept	3931	3942	температура
traumatology_distal humeral fractures_3_BGgpt.txt	procedure	concept	4267	4281	физиотерапията
traumatology_distal humeral fractures_40_BGgpt.txt	symptom	concept	626	637	болезненост
traumatology_distal humeral fractures_40_BGgpt.txt	medication	concept	1181	1192	Парацетамол
traumatology_distal humeral fractures_40_BGgpt.txt	medication	concept	1220	1229	Ибупрофен
traumatology_distal humeral fractures_40_BGgpt.txt	medication	concept	1670	1680	Цефалексин
traumatology_distal humeral fractures_40_BGgpt.txt	procedure	concept	1764	1785	невро-съдови прегледи
traumatology_distal humeral fractures_40_BGgpt.txt	symptom	concept	2176	2183	болката
traumatology_distal humeral fractures_40_BGgpt.txt	symptom	concept	2208	2218	подвижност
traumatology_distal humeral fractures_40_BGgpt.txt	medication	concept	2294	2305	Парацетамол
traumatology_distal humeral fractures_40_BGgpt.txt	medication	concept	2371	2380	Ибупрофен
traumatology_distal humeral fractures_40_BGgpt.txt	medication	concept	2444	2454	Цефалексин
traumatology_distal humeral fractures_40_BGgpt.txt	symptom	concept	2839	2850	температура
traumatology_distal humeral fractures_40_BGgpt.txt	symptom	concept	2852	2863	зачервяване
traumatology_distal humeral fractures_40_BGgpt.txt	procedure	concept	3217	3239	хирургична интервенция
traumatology_distal humeral fractures_40_BGgpt.txt	procedure	concept	3399	3413	физиотерапията
traumatology_distal humeral fractures_41_BGgpt.txt	symptom	concept	435	445	подвижност
traumatology_distal humeral fractures_41_BGgpt.txt	procedure	concept	663	677	рентгенография
traumatology_distal humeral fractures_41_BGgpt.txt	procedure	concept	1029	1049	неврологичен преглед
traumatology_distal humeral fractures_41_BGgpt.txt	procedure	concept	1423	1461	отворена репозиция и вътрешна фиксация
traumatology_distal humeral fractures_41_BGgpt.txt	medication	concept	1763	1775	ацетаминофен
traumatology_distal humeral fractures_41_BGgpt.txt	medication	concept	1839	1848	ибупрофен
traumatology_distal humeral fractures_41_BGgpt.txt	medication	concept	1983	1992	цефазолин
traumatology_distal humeral fractures_41_BGgpt.txt	symptom	concept	2454	2463	скованост
traumatology_distal humeral fractures_41_BGgpt.txt	procedure	concept	2888	2900	физиотерапия
traumatology_distal humeral fractures_41_BGgpt.txt	procedure	concept	3107	3121	рентгенография
traumatology_distal humeral fractures_41_BGgpt.txt	symptom	concept	3247	3258	зачервяване
traumatology_distal humeral fractures_41_BGgpt.txt	symptom	concept	3260	3264	оток
traumatology_distal humeral fractures_41_BGgpt.txt	symptom	concept	3269	3275	секрет
traumatology_distal humeral fractures_41_BGgpt.txt	medication	concept	3346	3357	Медикаменти
traumatology_distal humeral fractures_41_BGgpt.txt	medication	concept	3377	3389	Ацетаминофен
traumatology_distal humeral fractures_41_BGgpt.txt	medication	concept	3454	3463	Ибупрофен
traumatology_distal humeral fractures_41_BGgpt.txt	medication	concept	3565	3575	цефалексин
traumatology_distal humeral fractures_41_BGgpt.txt	procedure	concept	3928	3942	физиотерапията
traumatology_distal humeral fractures_42_BGgpt.txt	symptom	concept	498	508	подвижност
traumatology_distal humeral fractures_42_BGgpt.txt	procedure	concept	774	788	рентгенография
traumatology_distal humeral fractures_42_BGgpt.txt	medication	concept	1309	1321	Ацетаминофен
traumatology_distal humeral fractures_42_BGgpt.txt	medication	concept	1359	1368	Ибупрофен
traumatology_distal humeral fractures_42_BGgpt.txt	symptom	concept	1496	1501	отока
traumatology_distal humeral fractures_42_BGgpt.txt	procedure	concept	1777	1794	оперативна намеса
traumatology_distal humeral fractures_42_BGgpt.txt	medication	concept	2085	2095	Цефалексин
traumatology_distal humeral fractures_42_BGgpt.txt	disease	concept	2160	2168	инфекция
traumatology_distal humeral fractures_42_BGgpt.txt	symptom	concept	2384	2395	сковаността
traumatology_distal humeral fractures_42_BGgpt.txt	medication	concept	2447	2459	Ацетаминофен
traumatology_distal humeral fractures_42_BGgpt.txt	medication	concept	2623	2635	Ацетаминофен
traumatology_distal humeral fractures_42_BGgpt.txt	medication	concept	2700	2709	Ибупрофен
traumatology_distal humeral fractures_42_BGgpt.txt	medication	concept	2779	2789	Цефалексин
traumatology_distal humeral fractures_42_BGgpt.txt	procedure	concept	3075	3088	Кинезитерапия
traumatology_distal humeral fractures_42_BGgpt.txt	symptom	concept	3747	3751	оток
traumatology_distal humeral fractures_42_BGgpt.txt	symptom	concept	3753	3762	затопляне
traumatology_distal humeral fractures_42_BGgpt.txt	symptom	concept	3848	3858	изтръпване
traumatology_distal humeral fractures_42_BGgpt.txt	symptom	concept	3860	3870	мравучкане
traumatology_distal humeral fractures_42_BGgpt.txt	symptom	concept	3872	3884	намален пулс
traumatology_distal humeral fractures_42_BGgpt.txt	procedure	concept	4210	4223	рехабилитация
traumatology_distal humeral fractures_43_BGgpt.txt	symptom	concept	586	590	оток
traumatology_distal humeral fractures_43_BGgpt.txt	symptom	concept	711	722	болезненост
traumatology_distal humeral fractures_43_BGgpt.txt	medication	concept	1570	1582	Ацетаминофен
traumatology_distal humeral fractures_43_BGgpt.txt	medication	concept	1605	1614	Ибупрофен
traumatology_distal humeral fractures_43_BGgpt.txt	medication	concept	2070	2079	Оксикодон
traumatology_distal humeral fractures_43_BGgpt.txt	medication	concept	2140	2152	Ацетаминофен
traumatology_distal humeral fractures_43_BGgpt.txt	medication	concept	2155	2164	Ибупрофен
traumatology_distal humeral fractures_43_BGgpt.txt	medication	concept	2207	2217	Цефалексин
traumatology_distal humeral fractures_43_BGgpt.txt	symptom	concept	2671	2687	болковия синдром
traumatology_distal humeral fractures_43_BGgpt.txt	medication	concept	3120	3132	Ацетаминофен
traumatology_distal humeral fractures_43_BGgpt.txt	medication	concept	3135	3144	Ибупрофен
traumatology_distal humeral fractures_43_BGgpt.txt	medication	concept	3161	3170	Оксикодон
traumatology_distal humeral fractures_43_BGgpt.txt	disease	concept	3404	3412	инфекция
traumatology_distal humeral fractures_43_BGgpt.txt	symptom	concept	3436	3446	изтръпване
traumatology_distal humeral fractures_43_BGgpt.txt	medication	concept	3817	3829	Ацетаминофен
traumatology_distal humeral fractures_43_BGgpt.txt	medication	concept	3875	3884	Ибупрофен
traumatology_distal humeral fractures_43_BGgpt.txt	medication	concept	3929	3939	Цефалексин
traumatology_distal humeral fractures_44_BGgpt.txt	symptom	concept	577	581	оток
traumatology_distal humeral fractures_44_BGgpt.txt	symptom	concept	584	595	болезненост
traumatology_distal humeral fractures_44_BGgpt.txt	procedure	concept	1239	1277	отворена репозиция с вътрешна фиксация
traumatology_distal humeral fractures_44_BGgpt.txt	medication	concept	1697	1709	Ацетаминофен
traumatology_distal humeral fractures_44_BGgpt.txt	medication	concept	1745	1754	Ибупрофен
traumatology_distal humeral fractures_44_BGgpt.txt	medication	concept	1849	1858	Цефазолин
traumatology_distal humeral fractures_44_BGgpt.txt	disease	concept	1935	1943	инфекция
traumatology_distal humeral fractures_44_BGgpt.txt	symptom	concept	2017	2022	отока
traumatology_distal humeral fractures_44_BGgpt.txt	disease	concept	2231	2250	компартмент синдром
traumatology_distal humeral fractures_44_BGgpt.txt	medication	concept	2360	2372	Ацетаминофен
traumatology_distal humeral fractures_44_BGgpt.txt	medication	concept	2408	2417	Ибупрофен
traumatology_distal humeral fractures_44_BGgpt.txt	procedure	concept	3220	3232	физиотерапия
traumatology_distal humeral fractures_44_BGgpt.txt	procedure	concept	3274	3286	Физиотерапия
traumatology_distal humeral fractures_44_BGgpt.txt	procedure	concept	3329	3341	физиотерапия
traumatology_distal humeral fractures_44_BGgpt.txt	symptom	concept	3445	3454	скованост
traumatology_distal humeral fractures_44_BGgpt.txt	procedure	concept	3493	3502	терапията
traumatology_distal humeral fractures_44_BGgpt.txt	symptom	concept	3617	3631	засилена болка
traumatology_distal humeral fractures_44_BGgpt.txt	symptom	concept	3633	3637	оток
traumatology_distal humeral fractures_44_BGgpt.txt	symptom	concept	3639	3650	зачервяване
traumatology_distal humeral fractures_44_BGgpt.txt	symptom	concept	3691	3702	температура
traumatology_distal humeral fractures_45_BGgpt.txt	medication	concept	1605	1616	Парацетамол
traumatology_distal humeral fractures_45_BGgpt.txt	medication	concept	1682	1691	Цефазолин
traumatology_distal humeral fractures_45_BGgpt.txt	medication	concept	1991	2002	Парацетамол
traumatology_distal humeral fractures_45_BGgpt.txt	medication	concept	2054	2065	Парацетамол
traumatology_distal humeral fractures_45_BGgpt.txt	medication	concept	2128	2137	Ибупрофен
traumatology_distal humeral fractures_45_BGgpt.txt	medication	concept	2244	2260	Цефазолин 2 г IV
traumatology_distal humeral fractures_45_BGgpt.txt	medication	concept	2743	2754	Медикаменти
traumatology_distal humeral fractures_45_BGgpt.txt	medication	concept	2772	2781	Ибупрофен
traumatology_distal humeral fractures_45_BGgpt.txt	medication	concept	2825	2836	Парацетамол
traumatology_distal humeral fractures_45_BGgpt.txt	symptom	concept	3649	3654	отока
traumatology_distal humeral fractures_45_BGgpt.txt	symptom	concept	3797	3802	болка
traumatology_distal humeral fractures_45_BGgpt.txt	symptom	concept	3805	3809	оток
traumatology_distal humeral fractures_45_BGgpt.txt	disease	concept	3852	3860	инфекция
traumatology_distal humeral fractures_45_BGgpt.txt	symptom	concept	3862	3873	зачервяване
traumatology_distal humeral fractures_45_BGgpt.txt	symptom	concept	3875	3879	оток
traumatology_distal humeral fractures_45_BGgpt.txt	symptom	concept	3914	3925	сетивността
traumatology_distal humeral fractures_45_BGgpt.txt	symptom	concept	4174	4184	усложнения
traumatology_distal humeral fractures_45_BGgpt.txt	medication	concept	4255	4279	обезболяващите лекарства
traumatology_distal humeral fractures_46_BGgpt.txt	symptom	concept	548	552	оток
traumatology_distal humeral fractures_46_BGgpt.txt	symptom	concept	724	733	сетивност
traumatology_distal humeral fractures_46_BGgpt.txt	medication	concept	1870	1879	Ибупрофен
traumatology_distal humeral fractures_46_BGgpt.txt	medication	concept	1950	1962	Ацетаминофен
traumatology_distal humeral fractures_46_BGgpt.txt	medication	concept	2036	2046	Цефалексин
traumatology_distal humeral fractures_46_BGgpt.txt	disease	concept	2113	2136	постоперативни инфекции
traumatology_distal humeral fractures_46_BGgpt.txt	symptom	concept	2514	2519	болка
traumatology_distal humeral fractures_46_BGgpt.txt	symptom	concept	2522	2534	подвижността
traumatology_distal humeral fractures_46_BGgpt.txt	medication	concept	2903	2914	Медикаменти
traumatology_distal humeral fractures_46_BGgpt.txt	medication	concept	2957	2968	медикаменти
traumatology_distal humeral fractures_46_BGgpt.txt	medication	concept	2993	3002	Ибупрофен
traumatology_distal humeral fractures_46_BGgpt.txt	procedure	concept	3253	3267	физиотерапията
traumatology_distal humeral fractures_46_BGgpt.txt	symptom	concept	3448	3464	необичайна болка
traumatology_distal humeral fractures_47_BGgpt.txt	procedure	concept	1511	1533	Хирургична интервенция
traumatology_distal humeral fractures_47_BGgpt.txt	medication	concept	2100	2119	венозни антибиотици
traumatology_distal humeral fractures_47_BGgpt.txt	medication	concept	2121	2130	Цефазолин
traumatology_distal humeral fractures_47_BGgpt.txt	medication	concept	2213	2224	Парацетамол
traumatology_distal humeral fractures_47_BGgpt.txt	medication	concept	2262	2271	Ибупрофен
traumatology_distal humeral fractures_47_BGgpt.txt	symptom	concept	2519	2528	скованост
traumatology_distal humeral fractures_47_BGgpt.txt	symptom	concept	2573	2585	подвижността
traumatology_distal humeral fractures_47_BGgpt.txt	symptom	concept	2617	2622	болка
traumatology_distal humeral fractures_47_BGgpt.txt	medication	concept	2742	2753	Парацетамол
traumatology_distal humeral fractures_47_BGgpt.txt	symptom	concept	2802	2807	болка
traumatology_distal humeral fractures_47_BGgpt.txt	medication	concept	2815	2824	Ибупрофен
traumatology_distal humeral fractures_47_BGgpt.txt	symptom	concept	2873	2878	болка
traumatology_distal humeral fractures_47_BGgpt.txt	symptom	concept	2881	2891	възпаление
traumatology_distal humeral fractures_47_BGgpt.txt	procedure	concept	2967	2985	контролния преглед
traumatology_distal humeral fractures_47_BGgpt.txt	procedure	concept	3342	3356	физиотерапията
traumatology_distal humeral fractures_47_BGgpt.txt	procedure	concept	3364	3376	Физиотерапия
traumatology_distal humeral fractures_48_BGgpt.txt	symptom	concept	370	375	болка
traumatology_distal humeral fractures_48_BGgpt.txt	symptom	concept	684	689	болка
traumatology_distal humeral fractures_48_BGgpt.txt	symptom	concept	692	696	оток
traumatology_distal humeral fractures_48_BGgpt.txt	symptom	concept	845	849	оток
traumatology_distal humeral fractures_48_BGgpt.txt	symptom	concept	852	863	болезненост
traumatology_distal humeral fractures_48_BGgpt.txt	procedure	concept	910	928	невросъдов преглед
traumatology_distal humeral fractures_48_BGgpt.txt	symptom	concept	1096	1108	открити рани
traumatology_distal humeral fractures_48_BGgpt.txt	procedure	concept	1143	1157	Рентгенография
traumatology_distal humeral fractures_48_BGgpt.txt	medication	concept	1732	1744	Ацетаминофен
traumatology_distal humeral fractures_48_BGgpt.txt	medication	concept	1770	1779	Ибупрофен
traumatology_distal humeral fractures_48_BGgpt.txt	procedure	concept	1915	1937	хирургична интервенция
traumatology_distal humeral fractures_48_BGgpt.txt	medication	concept	2346	2358	Ацетаминофен
traumatology_distal humeral fractures_48_BGgpt.txt	medication	concept	2361	2370	Ибупрофен
traumatology_distal humeral fractures_48_BGgpt.txt	medication	concept	2416	2425	Оксикодон
traumatology_distal humeral fractures_48_BGgpt.txt	medication	concept	2517	2526	Цефазолин
traumatology_distal humeral fractures_48_BGgpt.txt	medication	concept	2911	2923	Ацетаминофен
traumatology_distal humeral fractures_48_BGgpt.txt	medication	concept	2949	2958	Ибупрофен
traumatology_distal humeral fractures_48_BGgpt.txt	medication	concept	3008	3017	Оксикодон
traumatology_distal humeral fractures_48_BGgpt.txt	symptom	concept	3058	3063	болка
traumatology_distal humeral fractures_48_BGgpt.txt	procedure	concept	3616	3628	физиотерапия
traumatology_distal humeral fractures_48_BGgpt.txt	procedure	concept	3637	3649	Физиотерапия
traumatology_distal humeral fractures_48_BGgpt.txt	procedure	concept	3697	3709	физиотерапия
traumatology_distal humeral fractures_48_BGgpt.txt	symptom	concept	3894	3905	зачервяване
traumatology_distal humeral fractures_48_BGgpt.txt	symptom	concept	3907	3911	оток
traumatology_distal humeral fractures_48_BGgpt.txt	symptom	concept	3913	3922	затопляне
traumatology_distal humeral fractures_48_BGgpt.txt	symptom	concept	3966	3971	болка
traumatology_distal humeral fractures_48_BGgpt.txt	disease	concept	4026	4051	невросъдова компрометация
traumatology_distal humeral fractures_48_BGgpt.txt	symptom	concept	4053	4063	изтръпване
traumatology_distal humeral fractures_48_BGgpt.txt	symptom	concept	4065	4075	мравучкане
traumatology_distal humeral fractures_48_BGgpt.txt	symptom	concept	4077	4089	намален пулс
traumatology_distal humeral fractures_49_BGgpt.txt	symptom	concept	640	645	болка
traumatology_distal humeral fractures_49_BGgpt.txt	symptom	concept	648	652	оток
traumatology_distal humeral fractures_49_BGgpt.txt	symptom	concept	869	879	главоболие
traumatology_distal humeral fractures_49_BGgpt.txt	symptom	concept	960	970	деформация
traumatology_distal humeral fractures_49_BGgpt.txt	symptom	concept	973	977	оток
traumatology_distal humeral fractures_49_BGgpt.txt	symptom	concept	1075	1084	сетивност
traumatology_distal humeral fractures_49_BGgpt.txt	procedure	concept	1267	1281	рентгенографии
traumatology_distal humeral fractures_49_BGgpt.txt	medication	concept	1720	1726	морфин
traumatology_distal humeral fractures_49_BGgpt.txt	medication	concept	2089	2098	Цефазолин
traumatology_distal humeral fractures_49_BGgpt.txt	medication	concept	2585	2597	Ацетаминофен
traumatology_distal humeral fractures_49_BGgpt.txt	medication	concept	2623	2632	Ибупрофен
traumatology_distal humeral fractures_49_BGgpt.txt	procedure	concept	2725	2737	физиотерапия
traumatology_distal humeral fractures_49_BGgpt.txt	medication	concept	2952	2973	перорални антибиотици
traumatology_distal humeral fractures_49_BGgpt.txt	medication	concept	2975	2985	Цефалексин
traumatology_distal humeral fractures_49_BGgpt.txt	medication	concept	3077	3089	Ацетаминофен
traumatology_distal humeral fractures_49_BGgpt.txt	medication	concept	3092	3101	Ибупрофен
traumatology_distal humeral fractures_49_BGgpt.txt	procedure	concept	3294	3311	контролен преглед
traumatology_distal humeral fractures_49_BGgpt.txt	symptom	concept	3573	3583	изтръпване
traumatology_distal humeral fractures_49_BGgpt.txt	symptom	concept	3588	3598	мравучкане
traumatology_distal humeral fractures_49_BGgpt.txt	procedure	concept	3714	3739	хирургично възстановяване
traumatology_distal humeral fractures_49_BGgpt.txt	procedure	concept	3868	3888	контролните прегледи
traumatology_distal humeral fractures_4_BGgpt.txt	symptom	concept	778	782	оток
traumatology_distal humeral fractures_4_BGgpt.txt	symptom	concept	785	796	болезненост
traumatology_distal humeral fractures_4_BGgpt.txt	procedure	concept	865	883	невросъдов преглед
traumatology_distal humeral fractures_4_BGgpt.txt	procedure	concept	1018	1032	рентгенография
traumatology_distal humeral fractures_4_BGgpt.txt	procedure	concept	1594	1611	вътрешна фиксация
traumatology_distal humeral fractures_4_BGgpt.txt	medication	concept	1709	1725	Цефазолин 1 г IV
traumatology_distal humeral fractures_4_BGgpt.txt	medication	concept	1982	1993	Парацетамол
traumatology_distal humeral fractures_4_BGgpt.txt	medication	concept	2061	2070	Ибупрофен
traumatology_distal humeral fractures_4_BGgpt.txt	disease	concept	2156	2179	следоперативни инфекции
traumatology_distal humeral fractures_4_BGgpt.txt	medication	concept	2181	2197	Цефазолин 1 г IV
traumatology_distal humeral fractures_4_BGgpt.txt	symptom	concept	2355	2360	отока
traumatology_distal humeral fractures_4_BGgpt.txt	procedure	concept	2413	2426	кинезитерапия
traumatology_distal humeral fractures_4_BGgpt.txt	symptom	concept	2529	2541	подвижността
traumatology_distal humeral fractures_4_BGgpt.txt	symptom	concept	2563	2572	скованост
traumatology_distal humeral fractures_4_BGgpt.txt	medication	concept	2831	2853	пероралните аналгетици
traumatology_distal humeral fractures_4_BGgpt.txt	medication	concept	2856	2867	Парацетамол
traumatology_distal humeral fractures_4_BGgpt.txt	medication	concept	2919	2928	Ибупрофен
traumatology_distal humeral fractures_4_BGgpt.txt	procedure	concept	3209	3235	рентгенографско изследване
traumatology_distal humeral fractures_4_BGgpt.txt	disease	concept	3813	3821	инфекция
traumatology_distal humeral fractures_4_BGgpt.txt	symptom	concept	3844	3855	зачервеност
traumatology_distal humeral fractures_4_BGgpt.txt	symptom	concept	3857	3861	оток
traumatology_distal humeral fractures_4_BGgpt.txt	symptom	concept	3863	3872	затопляне
traumatology_distal humeral fractures_4_BGgpt.txt	symptom	concept	3939	3950	температура
traumatology_distal humeral fractures_4_BGgpt.txt	symptom	concept	4076	4087	сетивността
traumatology_distal humeral fractures_4_BGgpt.txt	medication	concept	4166	4177	Парацетамол
traumatology_distal humeral fractures_4_BGgpt.txt	medication	concept	4243	4252	Ибупрофен
traumatology_distal humeral fractures_4_BGgpt.txt	procedure	concept	4596	4608	физиотерапия
traumatology_distal humeral fractures_5_BGgpt.txt	symptom	concept	575	580	болка
traumatology_distal humeral fractures_5_BGgpt.txt	symptom	concept	583	587	оток
traumatology_distal humeral fractures_5_BGgpt.txt	procedure	concept	1296	1315	невро-съдов преглед
traumatology_distal humeral fractures_5_BGgpt.txt	medication	concept	1700	1712	Ацетаминофен
traumatology_distal humeral fractures_5_BGgpt.txt	procedure	concept	1842	1864	хирургична интервенция
traumatology_distal humeral fractures_5_BGgpt.txt	medication	concept	2146	2156	Цефалексин
traumatology_distal humeral fractures_5_BGgpt.txt	medication	concept	2229	2238	Оксикодон
traumatology_distal humeral fractures_5_BGgpt.txt	symptom	concept	2573	2585	подвижността
traumatology_distal humeral fractures_5_BGgpt.txt	procedure	concept	3139	3153	рентгенография
traumatology_distal humeral fractures_5_BGgpt.txt	medication	concept	3232	3244	Ацетаминофен
traumatology_distal humeral fractures_5_BGgpt.txt	medication	concept	3288	3299	Оксикодонът
traumatology_distal humeral fractures_5_BGgpt.txt	medication	concept	3395	3407	Ацетаминофен
traumatology_distal humeral fractures_5_BGgpt.txt	medication	concept	3473	3483	Цефалексин
traumatology_distal humeral fractures_5_BGgpt.txt	symptom	concept	3814	3830	нервна компресия
traumatology_distal humeral fractures_5_BGgpt.txt	procedure	concept	3969	3981	физиотерапия
traumatology_distal humeral fractures_5_BGgpt.txt	symptom	concept	4398	4403	отока
traumatology_distal humeral fractures_5_BGgpt.txt	symptom	concept	4517	4524	болката
traumatology_distal humeral fractures_5_BGgpt.txt	symptom	concept	4527	4539	възпалението
traumatology_distal humeral fractures_6_BGgpt.txt	symptom	concept	481	486	болка
traumatology_distal humeral fractures_6_BGgpt.txt	symptom	concept	488	492	оток
traumatology_distal humeral fractures_6_BGgpt.txt	procedure	concept	1260	1269	аналгезия
traumatology_distal humeral fractures_6_BGgpt.txt	medication	concept	1305	1314	Ибупрофен
traumatology_distal humeral fractures_6_BGgpt.txt	medication	concept	1375	1387	Ацетаминофен
traumatology_distal humeral fractures_6_BGgpt.txt	procedure	concept	1536	1544	Операция
traumatology_distal humeral fractures_6_BGgpt.txt	medication	concept	2025	2034	Цефазолин
traumatology_distal humeral fractures_6_BGgpt.txt	medication	concept	2092	2101	Оксикодон
traumatology_distal humeral fractures_6_BGgpt.txt	medication	concept	2567	2578	Медикаменти
traumatology_distal humeral fractures_6_BGgpt.txt	medication	concept	2600	2609	Ибупрофен
traumatology_distal humeral fractures_6_BGgpt.txt	medication	concept	2667	2676	Оксикодон
traumatology_distal humeral fractures_6_BGgpt.txt	symptom	concept	3113	3118	отока
traumatology_distal humeral fractures_6_BGgpt.txt	symptom	concept	3225	3230	отока
traumatology_distal humeral fractures_6_BGgpt.txt	symptom	concept	3384	3389	болка
traumatology_distal humeral fractures_6_BGgpt.txt	symptom	concept	3391	3395	оток
traumatology_distal humeral fractures_6_BGgpt.txt	symptom	concept	3397	3470	"зачервяване или отделяне от оперативната рана.
  - Изтръпване, мравучкане"
traumatology_distal humeral fractures_6_BGgpt.txt	symptom	concept	3484	3493	сетивност
traumatology_distal humeral fractures_6_BGgpt.txt	procedure	concept	3668	3678	упражнения
traumatology_distal humeral fractures_6_BGgpt.txt	symptom	concept	3845	3867	дългосрочни усложнения
traumatology_distal humeral fractures_7_BGgpt.txt	medication	concept	595	606	медикаменти
traumatology_distal humeral fractures_7_BGgpt.txt	symptom	concept	805	809	оток
traumatology_distal humeral fractures_7_BGgpt.txt	procedure	concept	1515	1526	консултации
traumatology_distal humeral fractures_7_BGgpt.txt	medication	concept	1768	1777	Цефазолин
traumatology_distal humeral fractures_7_BGgpt.txt	medication	concept	1854	1866	Ацетаминофен
traumatology_distal humeral fractures_7_BGgpt.txt	medication	concept	1889	1898	Оксикодон
traumatology_distal humeral fractures_7_BGgpt.txt	symptom	concept	2120	2129	скованост
traumatology_distal humeral fractures_7_BGgpt.txt	symptom	concept	2259	2270	дискомфорта
traumatology_distal humeral fractures_7_BGgpt.txt	medication	concept	2312	2324	Ацетаминофен
traumatology_distal humeral fractures_7_BGgpt.txt	medication	concept	2404	2413	Ибупрофен
traumatology_distal humeral fractures_7_BGgpt.txt	medication	concept	2502	2512	Цефалексин
traumatology_distal humeral fractures_7_BGgpt.txt	procedure	concept	2868	2883	Кинезитерапията
traumatology_distal humeral fractures_7_BGgpt.txt	symptom	concept	3099	3110	зачервяване
traumatology_distal humeral fractures_7_BGgpt.txt	symptom	concept	3112	3116	оток
traumatology_distal humeral fractures_7_BGgpt.txt	symptom	concept	3121	3127	секрет
traumatology_distal humeral fractures_7_BGgpt.txt	procedure	concept	3277	3285	корекции
traumatology_distal humeral fractures_8_BGgpt.txt	symptom	concept	531	536	болка
traumatology_distal humeral fractures_8_BGgpt.txt	symptom	concept	539	543	оток
traumatology_distal humeral fractures_8_BGgpt.txt	symptom	concept	624	635	болезненост
traumatology_distal humeral fractures_8_BGgpt.txt	procedure	concept	752	776	невро-васкуларен преглед
traumatology_distal humeral fractures_8_BGgpt.txt	medication	concept	1432	1443	парацетамол
traumatology_distal humeral fractures_8_BGgpt.txt	symptom	concept	1789	1800	екстензията
traumatology_distal humeral fractures_8_BGgpt.txt	medication	concept	1956	1967	парацетамол
traumatology_distal humeral fractures_8_BGgpt.txt	medication	concept	1985	1994	оксикодон
traumatology_distal humeral fractures_8_BGgpt.txt	disease	concept	2112	2131	опиоидна зависимост
traumatology_distal humeral fractures_8_BGgpt.txt	procedure	concept	2382	2407	невро-васкуларни прегледи
traumatology_distal humeral fractures_8_BGgpt.txt	medication	concept	3211	3222	парацетамол
traumatology_distal humeral fractures_8_BGgpt.txt	disease	concept	3365	3373	инфекция
traumatology_distal humeral fractures_8_BGgpt.txt	symptom	concept	3375	3388	увеличен оток
traumatology_distal humeral fractures_8_BGgpt.txt	symptom	concept	3412	3423	сетивността
traumatology_distal humeral fractures_8_BGgpt.txt	medication	concept	3535	3546	Парацетамол
traumatology_distal humeral fractures_8_BGgpt.txt	medication	concept	3614	3623	Оксикодон
traumatology_distal humeral fractures_8_BGgpt.txt	procedure	concept	3976	3989	кинезитерапия
traumatology_distal humeral fractures_9_BGgpt.txt	symptom	concept	494	499	болка
traumatology_distal humeral fractures_9_BGgpt.txt	symptom	concept	501	505	оток
traumatology_distal humeral fractures_9_BGgpt.txt	procedure	concept	997	1021	невро-васкуларен преглед
traumatology_distal humeral fractures_9_BGgpt.txt	procedure	concept	1285	1303	отворена репозиция
traumatology_distal humeral fractures_9_BGgpt.txt	medication	concept	1575	1584	Ибупрофен
traumatology_distal humeral fractures_9_BGgpt.txt	medication	concept	1636	1647	Парацетамол
traumatology_distal humeral fractures_9_BGgpt.txt	medication	concept	1730	1740	Цефалексин
traumatology_distal humeral fractures_9_BGgpt.txt	disease	concept	1813	1821	инфекции
traumatology_distal humeral fractures_9_BGgpt.txt	symptom	concept	2451	2466	овладяема болка
traumatology_distal humeral fractures_9_BGgpt.txt	procedure	concept	2714	2728	физиотерапията
traumatology_distal humeral fractures_9_BGgpt.txt	procedure	concept	3199	3211	физиотерапия
traumatology_distal humeral fractures_9_BGgpt.txt	procedure	concept	3347	3365	отворена репозиция
