filename	entity_label	entity_kind	start_span	end_span	text
cardiovascular_arterial hypertension_0.txt	symptom	concept	455	464	dizziness
cardiovascular_arterial hypertension_0.txt	disease	concept	639	663	type 2 diabetes mellitus
cardiovascular_arterial hypertension_0.txt	medication	concept	684	693	metformin
cardiovascular_arterial hypertension_0.txt	disease	concept	718	738	hypercholesterolemia
cardiovascular_arterial hypertension_0.txt	medication	concept	752	764	atorvastatin
cardiovascular_arterial hypertension_0.txt	procedure	concept	1270	1280	urinalysis
cardiovascular_arterial hypertension_0.txt	disease	concept	1534	1557	white coat hypertension
cardiovascular_arterial hypertension_0.txt	symptom	concept	1779	1790	weight loss
cardiovascular_arterial hypertension_0.txt	medication	concept	1923	1933	lisinopril
cardiovascular_arterial hypertension_0.txt	medication	concept	1938	1951	ACE inhibitor
cardiovascular_arterial hypertension_0.txt	medication	concept	2168	2178	lisinopril
cardiovascular_arterial hypertension_0.txt	medication	concept	2715	2725	Lisinopril
cardiovascular_arterial hypertension_0.txt	medication	concept	2756	2765	Metformin
cardiovascular_arterial hypertension_0.txt	medication	concept	2798	2810	Atorvastatin
cardiovascular_arterial hypertension_0.txt	disease	concept	3260	3272	hypertension
cardiovascular_arterial hypertension_0.txt	symptom	concept	3999	4015	severe headaches
cardiovascular_arterial hypertension_0.txt	symptom	concept	4017	4027	chest pain
cardiovascular_arterial hypertension_0.txt	symptom	concept	4029	4048	shortness of breath
cardiovascular_arterial hypertension_0.txt	symptom	concept	4066	4081	adverse effects
cardiovascular_arterial hypertension_0.txt	disease	concept	4312	4333	arterial hypertension
cardiovascular_arterial hypertension_0.txt	procedure	concept	4356	4379	lifestyle modifications
cardiovascular_arterial hypertension_0.txt	procedure	concept	4384	4409	pharmacological treatment
cardiovascular_arterial hypertension_0.txt	procedure	concept	4524	4547	lifestyle modifications
cardiovascular_arterial hypertension_0.txt	procedure	concept	4596	4618	follow-up appointments
cardiovascular_arterial hypertension_0.txt	procedure	concept	4676	4697	medication management
cardiovascular_arterial hypertension_1.txt	symptom	concept	401	410	headaches
cardiovascular_arterial hypertension_1.txt	symptom	concept	427	436	dizziness
cardiovascular_arterial hypertension_1.txt	disease	concept	528	540	hypertension
cardiovascular_arterial hypertension_1.txt	disease	concept	738	750	hypertension
cardiovascular_arterial hypertension_1.txt	symptom	concept	1664	1676	sinus rhythm
cardiovascular_arterial hypertension_1.txt	disease	concept	1826	1847	arterial hypertension
cardiovascular_arterial hypertension_1.txt	symptom	concept	1981	1997	secondary causes
cardiovascular_arterial hypertension_1.txt	medication	concept	2556	2566	Lisinopril
cardiovascular_arterial hypertension_1.txt	symptom	concept	3144	3158	blood pressure
cardiovascular_arterial hypertension_1.txt	medication	concept	3610	3620	Lisinopril
cardiovascular_arterial hypertension_1.txt	symptom	concept	3678	3683	cough
cardiovascular_arterial hypertension_10.txt	symptom	concept	437	446	headaches
cardiovascular_arterial hypertension_10.txt	symptom	concept	460	469	dizziness
cardiovascular_arterial hypertension_10.txt	disease	concept	601	622	arterial hypertension
cardiovascular_arterial hypertension_10.txt	procedure	concept	1021	1031	urinalysis
cardiovascular_arterial hypertension_10.txt	disease	concept	1385	1406	arterial hypertension
cardiovascular_arterial hypertension_10.txt	disease	concept	1462	1483	white coat hypertensi
cardiovascular_arterial hypertension_10.txt	disease	concept	1551	1563	hypertension
cardiovascular_arterial hypertension_10.txt	disease	concept	1575	1596	primary aldosteronism
cardiovascular_arterial hypertension_10.txt	medication	concept	1989	1999	Lisinopril
cardiovascular_arterial hypertension_10.txt	medication	concept	2004	2017	ACE inhibitor
cardiovascular_arterial hypertension_10.txt	medication	concept	2098	2112	ACE inhibitors
cardiovascular_arterial hypertension_10.txt	medication	concept	2316	2326	Amlodipine
cardiovascular_arterial hypertension_10.txt	medication	concept	2330	2369	dihydropyridine calcium channel blocker
cardiovascular_arterial hypertension_10.txt	medication	concept	2724	2734	Lisinopril
cardiovascular_arterial hypertension_10.txt	medication	concept	2763	2773	Amlodipine
cardiovascular_arterial hypertension_10.txt	symptom	concept	3216	3230	blood pressure
cardiovascular_arterial hypertension_10.txt	medication	concept	3268	3279	medications
cardiovascular_arterial hypertension_10.txt	disease	concept	3373	3385	hypertension
cardiovascular_arterial hypertension_10.txt	symptom	concept	3558	3572	blood pressure
cardiovascular_arterial hypertension_10.txt	symptom	concept	3822	3836	blood pressure
cardiovascular_arterial hypertension_10.txt	symptom	concept	4041	4053	side effects
cardiovascular_arterial hypertension_11.txt	disease	concept	226	247	Arterial Hypertension
cardiovascular_arterial hypertension_11.txt	disease	concept	362	386	Type 2 Diabetes Mellitus
cardiovascular_arterial hypertension_11.txt	symptom	concept	464	482	episodic headaches
cardiovascular_arterial hypertension_11.txt	symptom	concept	484	493	dizziness
cardiovascular_arterial hypertension_11.txt	disease	concept	600	622	cardiovascular disease
cardiovascular_arterial hypertension_11.txt	medication	concept	658	686	antihypertensive medications
cardiovascular_arterial hypertension_11.txt	procedure	concept	1073	1090	Diagnostic Workup
cardiovascular_arterial hypertension_11.txt	procedure	concept	1100	1110	Urinalysis
cardiovascular_arterial hypertension_11.txt	medication	concept	1498	1508	Lisinopril
cardiovascular_arterial hypertension_11.txt	medication	concept	1553	1572	Hydrochlorothiazide
cardiovascular_arterial hypertension_11.txt	disease	concept	1629	1650	arterial hypertension
cardiovascular_arterial hypertension_11.txt	disease	concept	1955	1967	hypertension
cardiovascular_arterial hypertension_11.txt	medication	concept	2366	2376	Lisinopril
cardiovascular_arterial hypertension_11.txt	disease	concept	2424	2436	hypertension
cardiovascular_arterial hypertension_11.txt	medication	concept	2442	2461	Hydrochlorothiazide
cardiovascular_arterial hypertension_11.txt	disease	concept	2511	2523	hypertension
cardiovascular_arterial hypertension_11.txt	symptom	concept	2650	2664	blood pressure
cardiovascular_arterial hypertension_11.txt	disease	concept	2799	2811	hypertension
cardiovascular_arterial hypertension_11.txt	disease	concept	3530	3542	hypertension
cardiovascular_arterial hypertension_11.txt	symptom	concept	3769	3788	shortness of breath
cardiovascular_arterial hypertension_11.txt	symptom	concept	3793	3812	excessive dizziness
cardiovascular_arterial hypertension_11.txt	disease	concept	3965	3986	arterial hypertension
cardiovascular_arterial hypertension_11.txt	medication	concept	4020	4030	Lisinopril
cardiovascular_arterial hypertension_11.txt	medication	concept	4035	4054	Hydrochlorothiazide
cardiovascular_arterial hypertension_11.txt	disease	concept	4215	4227	hypertension
cardiovascular_arterial hypertension_12.txt	disease	concept	285	306	Arterial Hypertension
cardiovascular_arterial hypertension_12.txt	disease	concept	410	434	type 2 diabetes mellitus
cardiovascular_arterial hypertension_12.txt	disease	concept	439	453	hyperlipidemia
cardiovascular_arterial hypertension_12.txt	symptom	concept	537	546	headaches
cardiovascular_arterial hypertension_12.txt	symptom	concept	563	572	dizziness
cardiovascular_arterial hypertension_12.txt	procedure	concept	1122	1138	echocardiography
cardiovascular_arterial hypertension_12.txt	procedure	concept	1203	1213	urinalysis
cardiovascular_arterial hypertension_12.txt	procedure	concept	1228	1257	comprehensive metabolic panel
cardiovascular_arterial hypertension_12.txt	medication	concept	1259	1281	fasting plasma glucose
cardiovascular_arterial hypertension_12.txt	procedure	concept	1287	1290	ECG
cardiovascular_arterial hypertension_12.txt	disease	concept	1360	1381	arterial hypertension
cardiovascular_arterial hypertension_12.txt	disease	concept	1476	1484	diabetes
cardiovascular_arterial hypertension_12.txt	procedure	concept	1675	1684	diet plan
cardiovascular_arterial hypertension_12.txt	symptom	concept	1825	1836	weight loss
cardiovascular_arterial hypertension_12.txt	medication	concept	1883	1893	Lisinopril
cardiovascular_arterial hypertension_12.txt	medication	concept	1898	1911	ACE inhibitor
cardiovascular_arterial hypertension_12.txt	medication	concept	2108	2127	Hydrochlorothiazide
cardiovascular_arterial hypertension_12.txt	symptom	concept	2214	2228	blood pressure
cardiovascular_arterial hypertension_12.txt	symptom	concept	2288	2302	blood pressure
cardiovascular_arterial hypertension_12.txt	symptom	concept	2854	2868	blood pressure
cardiovascular_arterial hypertension_12.txt	disease	concept	2955	2967	hypertension
cardiovascular_arterial hypertension_12.txt	symptom	concept	3137	3151	blood pressure
cardiovascular_arterial hypertension_12.txt	symptom	concept	3247	3261	blood pressure
cardiovascular_arterial hypertension_12.txt	symptom	concept	3279	3291	side effects
cardiovascular_arterial hypertension_12.txt	disease	concept	3398	3406	diabetes
cardiovascular_arterial hypertension_12.txt	medication	concept	3485	3495	Lisinopril
cardiovascular_arterial hypertension_12.txt	medication	concept	3525	3544	Hydrochlorothiazide
cardiovascular_arterial hypertension_12.txt	medication	concept	3576	3585	Metformin
cardiovascular_arterial hypertension_12.txt	disease	concept	3618	3626	diabetes
cardiovascular_arterial hypertension_12.txt	medication	concept	3632	3644	Atorvastatin
cardiovascular_arterial hypertension_12.txt	disease	concept	3675	3689	hyperlipidemia
cardiovascular_arterial hypertension_12.txt	symptom	concept	3696	3705	Allergies
cardiovascular_arterial hypertension_12.txt	symptom	concept	4088	4104	severe headaches
cardiovascular_arterial hypertension_12.txt	symptom	concept	4106	4120	vision changes
cardiovascular_arterial hypertension_12.txt	symptom	concept	4122	4132	chest pain
cardiovascular_arterial hypertension_12.txt	symptom	concept	4137	4157	difficulty breathing
cardiovascular_arterial hypertension_13.txt	disease	concept	265	286	Arterial hypertension
cardiovascular_arterial hypertension_13.txt	symptom	concept	518	527	headaches
cardiovascular_arterial hypertension_13.txt	disease	concept	876	899	white coat hypertension
cardiovascular_arterial hypertension_13.txt	disease	concept	976	997	arterial hypertension
cardiovascular_arterial hypertension_13.txt	procedure	concept	1257	1267	urinalysis
cardiovascular_arterial hypertension_13.txt	medication	concept	1324	1346	fasting plasma glucose
cardiovascular_arterial hypertension_13.txt	procedure	concept	1355	1358	ECG
cardiovascular_arterial hypertension_13.txt	medication	concept	1634	1644	Lisinopril
cardiovascular_arterial hypertension_13.txt	medication	concept	1649	1662	ACE inhibitor
cardiovascular_arterial hypertension_13.txt	medication	concept	2256	2275	Hydrochlorothiazide
cardiovascular_arterial hypertension_13.txt	disease	concept	2319	2331	hypertension
cardiovascular_arterial hypertension_13.txt	procedure	concept	2607	2627	outpatient follow-up
cardiovascular_arterial hypertension_13.txt	medication	concept	2753	2763	Lisinopril
cardiovascular_arterial hypertension_13.txt	medication	concept	2792	2811	Hydrochlorothiazide
cardiovascular_arterial hypertension_13.txt	disease	concept	3274	3286	hypertension
cardiovascular_arterial hypertension_13.txt	disease	concept	3710	3731	arterial hypertension
cardiovascular_arterial hypertension_13.txt	disease	concept	3998	4010	hypertension
cardiovascular_arterial hypertension_13.txt	disease	concept	4026	4049	secondary complications
cardiovascular_arterial hypertension_14.txt	disease	concept	303	324	Arterial Hypertension
cardiovascular_arterial hypertension_14.txt	symptom	concept	485	494	headaches
cardiovascular_arterial hypertension_14.txt	disease	concept	603	625	cardiovascular disease
cardiovascular_arterial hypertension_14.txt	disease	concept	637	658	arterial hypertension
cardiovascular_arterial hypertension_14.txt	symptom	concept	1239	1246	obesity
cardiovascular_arterial hypertension_14.txt	procedure	concept	1332	1342	urinalysis
cardiovascular_arterial hypertension_14.txt	disease	concept	1477	1498	arterial hypertension
cardiovascular_arterial hypertension_14.txt	medication	concept	1755	1765	Lisinopril
cardiovascular_arterial hypertension_14.txt	medication	concept	1770	1783	ACE inhibitor
cardiovascular_arterial hypertension_14.txt	medication	concept	1818	1835	thiazide diuretic
cardiovascular_arterial hypertension_14.txt	medication	concept	1837	1856	Hydrochlorothiazide
cardiovascular_arterial hypertension_14.txt	medication	concept	2560	2570	Lisinopril
cardiovascular_arterial hypertension_14.txt	medication	concept	2592	2611	Hydrochlorothiazide
cardiovascular_arterial hypertension_14.txt	symptom	concept	3141	3155	blood pressure
cardiovascular_arterial hypertension_14.txt	symptom	concept	3266	3280	vision changes
cardiovascular_arterial hypertension_14.txt	symptom	concept	3310	3324	blood pressure
cardiovascular_arterial hypertension_15.txt	disease	concept	517	524	obesity
cardiovascular_arterial hypertension_15.txt	disease	concept	529	553	type 2 diabetes mellitus
cardiovascular_arterial hypertension_15.txt	symptom	concept	641	650	headaches
cardiovascular_arterial hypertension_15.txt	symptom	concept	666	675	dizziness
cardiovascular_arterial hypertension_15.txt	symptom	concept	782	789	fatigue
cardiovascular_arterial hypertension_15.txt	disease	concept	854	876	cardiovascular disease
cardiovascular_arterial hypertension_15.txt	disease	concept	881	893	hypertension
cardiovascular_arterial hypertension_15.txt	disease	concept	1322	1337	type 2 diabetes
cardiovascular_arterial hypertension_15.txt	symptom	concept	1452	1460	ischemia
cardiovascular_arterial hypertension_15.txt	disease	concept	1573	1594	arterial hypertension
cardiovascular_arterial hypertension_15.txt	disease	concept	1787	1795	diabetes
cardiovascular_arterial hypertension_15.txt	disease	concept	1800	1807	obesity
cardiovascular_arterial hypertension_15.txt	medication	concept	1958	1968	Lisinopril
cardiovascular_arterial hypertension_15.txt	medication	concept	2114	2124	Amlodipine
cardiovascular_arterial hypertension_15.txt	symptom	concept	2468	2479	weight loss
cardiovascular_arterial hypertension_15.txt	medication	concept	3317	3327	Lisinopril
cardiovascular_arterial hypertension_15.txt	medication	concept	3354	3364	Amlodipine
cardiovascular_arterial hypertension_15.txt	symptom	concept	3545	3559	blood pressure
cardiovascular_arterial hypertension_15.txt	symptom	concept	3751	3761	chest pain
cardiovascular_arterial hypertension_15.txt	disease	concept	3820	3839	hypertensive crisis
cardiovascular_arterial hypertension_16.txt	disease	concept	368	392	type 2 diabetes mellitus
cardiovascular_arterial hypertension_16.txt	medication	concept	439	448	Metformin
cardiovascular_arterial hypertension_16.txt	disease	concept	507	530	cardiovascular diseases
cardiovascular_arterial hypertension_16.txt	procedure	concept	846	866	physical examination
cardiovascular_arterial hypertension_16.txt	disease	concept	943	964	arterial hypertension
cardiovascular_arterial hypertension_16.txt	disease	concept	1424	1445	arterial hypertension
cardiovascular_arterial hypertension_16.txt	disease	concept	1476	1491	type 2 diabetes
cardiovascular_arterial hypertension_16.txt	medication	concept	1736	1746	Lisinopril
cardiovascular_arterial hypertension_16.txt	medication	concept	1751	1764	ACE inhibitor
cardiovascular_arterial hypertension_16.txt	medication	concept	1886	1896	Amlodipine
cardiovascular_arterial hypertension_16.txt	medication	concept	2002	2012	Lisinopril
cardiovascular_arterial hypertension_16.txt	medication	concept	2582	2592	Lisinopril
cardiovascular_arterial hypertension_16.txt	medication	concept	2614	2624	Amlodipine
cardiovascular_arterial hypertension_16.txt	medication	concept	2682	2705	over-the-counter NSAIDs
cardiovascular_arterial hypertension_16.txt	symptom	concept	2764	2778	blood pressure
cardiovascular_arterial hypertension_16.txt	symptom	concept	2877	2891	blood pressure
cardiovascular_arterial hypertension_16.txt	symptom	concept	3081	3095	blood pressure
cardiovascular_arterial hypertension_16.txt	symptom	concept	3199	3209	chest pain
cardiovascular_arterial hypertension_16.txt	symptom	concept	3211	3230	shortness of breath
cardiovascular_arterial hypertension_16.txt	symptom	concept	3232	3251	excessive dizziness
cardiovascular_arterial hypertension_16.txt	symptom	concept	3256	3265	headaches
cardiovascular_arterial hypertension_16.txt	disease	concept	3373	3394	arterial hypertension
cardiovascular_arterial hypertension_16.txt	medication	concept	3464	3474	medication
cardiovascular_arterial hypertension_17.txt	symptom	concept	369	378	headaches
cardiovascular_arterial hypertension_17.txt	symptom	concept	395	404	dizziness
cardiovascular_arterial hypertension_17.txt	disease	concept	500	524	Type 2 Diabetes Mellitus
cardiovascular_arterial hypertension_17.txt	procedure	concept	859	879	physical examination
cardiovascular_arterial hypertension_17.txt	disease	concept	941	962	arterial hypertension
cardiovascular_arterial hypertension_17.txt	procedure	concept	1327	1337	urinalysis
cardiovascular_arterial hypertension_17.txt	disease	concept	1611	1622	hypokalemia
cardiovascular_arterial hypertension_17.txt	symptom	concept	1713	1726	aldosteronism
cardiovascular_arterial hypertension_17.txt	medication	concept	1775	1785	Lisinopril
cardiovascular_arterial hypertension_17.txt	medication	concept	1829	1839	Amlodipine
cardiovascular_arterial hypertension_17.txt	medication	concept	1843	1882	dihydropyridine calcium channel blocker
cardiovascular_arterial hypertension_17.txt	disease	concept	1917	1929	hypertension
cardiovascular_arterial hypertension_17.txt	symptom	concept	2150	2161	weight loss
cardiovascular_arterial hypertension_17.txt	symptom	concept	2308	2322	blood pressure
cardiovascular_arterial hypertension_17.txt	medication	concept	2391	2401	Lisinopril
cardiovascular_arterial hypertension_17.txt	medication	concept	2423	2433	Amlodipine
cardiovascular_arterial hypertension_17.txt	procedure	concept	2773	2800	moderate-intensity exercise
cardiovascular_arterial hypertension_17.txt	procedure	concept	3012	3037	Blood Pressure Monitoring
cardiovascular_arterial hypertension_17.txt	disease	concept	3060	3062	BP
cardiovascular_arterial hypertension_17.txt	symptom	concept	3256	3266	chest pain
cardiovascular_arterial hypertension_17.txt	symptom	concept	3268	3287	shortness of breath
cardiovascular_arterial hypertension_17.txt	symptom	concept	3289	3308	excessive dizziness
cardiovascular_arterial hypertension_17.txt	symptom	concept	3313	3322	headaches
cardiovascular_arterial hypertension_17.txt	disease	concept	3532	3553	arterial hypertension
cardiovascular_arterial hypertension_17.txt	procedure	concept	3576	3585	follow-up
cardiovascular_arterial hypertension_18.txt	symptom	concept	362	371	headaches
cardiovascular_arterial hypertension_18.txt	symptom	concept	388	397	dizziness
cardiovascular_arterial hypertension_18.txt	disease	concept	455	467	hypertension
cardiovascular_arterial hypertension_18.txt	disease	concept	597	620	coronary artery disease
cardiovascular_arterial hypertension_18.txt	disease	concept	640	657	diabetes mellitus
cardiovascular_arterial hypertension_18.txt	disease	concept	661	683	chronic kidney disease
cardiovascular_arterial hypertension_18.txt	medication	concept	727	738	Medications
cardiovascular_arterial hypertension_18.txt	procedure	concept	1078	1088	Urinalysis
cardiovascular_arterial hypertension_18.txt	medication	concept	1970	1980	Lisinopril
cardiovascular_arterial hypertension_18.txt	medication	concept	2009	2028	Hydrochlorothiazide
cardiovascular_arterial hypertension_18.txt	medication	concept	2980	2990	Lisinopril
cardiovascular_arterial hypertension_18.txt	medication	concept	3021	3040	Hydrochlorothiazide
cardiovascular_arterial hypertension_18.txt	disease	concept	3126	3147	arterial hypertension
cardiovascular_arterial hypertension_18.txt	symptom	concept	3248	3262	blood pressure
cardiovascular_arterial hypertension_18.txt	disease	concept	3511	3523	hypertension
cardiovascular_arterial hypertension_18.txt	symptom	concept	3927	3939	side effects
cardiovascular_arterial hypertension_18.txt	medication	concept	3945	3956	medications
cardiovascular_arterial hypertension_19.txt	symptom	concept	325	334	headaches
cardiovascular_arterial hypertension_19.txt	symptom	concept	351	360	dizziness
cardiovascular_arterial hypertension_19.txt	symptom	concept	480	489	dizziness
cardiovascular_arterial hypertension_19.txt	disease	concept	732	744	Hypertension
cardiovascular_arterial hypertension_19.txt	disease	concept	767	791	Type 2 Diabetes Mellitus
cardiovascular_arterial hypertension_19.txt	medication	concept	809	818	Metformin
cardiovascular_arterial hypertension_19.txt	disease	concept	835	849	Hyperlipidemia
cardiovascular_arterial hypertension_19.txt	medication	concept	867	879	Atorvastatin
cardiovascular_arterial hypertension_19.txt	medication	concept	925	934	Metformin
cardiovascular_arterial hypertension_19.txt	medication	concept	950	962	Atorvastatin
cardiovascular_arterial hypertension_19.txt	procedure	concept	1375	1385	urinalysis
cardiovascular_arterial hypertension_19.txt	disease	concept	1569	1590	arterial hypertension
cardiovascular_arterial hypertension_19.txt	medication	concept	1616	1626	Lisinopril
cardiovascular_arterial hypertension_19.txt	disease	concept	1948	1971	white coat hypertension
cardiovascular_arterial hypertension_19.txt	medication	concept	2081	2091	Lisinopril
cardiovascular_arterial hypertension_19.txt	disease	concept	2107	2119	hypertension
cardiovascular_arterial hypertension_19.txt	medication	concept	2125	2134	Metformin
cardiovascular_arterial hypertension_19.txt	disease	concept	2152	2176	Type 2 Diabetes Mellitus
cardiovascular_arterial hypertension_19.txt	medication	concept	2182	2194	Atorvastatin
cardiovascular_arterial hypertension_19.txt	disease	concept	2210	2224	hyperlipidemia
cardiovascular_arterial hypertension_19.txt	disease	concept	3540	3552	hypertension
cardiovascular_arterial hypertension_19.txt	disease	concept	3855	3867	hypertension
cardiovascular_arterial hypertension_19.txt	symptom	concept	3987	4004	adverse reactions
cardiovascular_arterial hypertension_19.txt	disease	concept	4188	4200	hypertension
cardiovascular_arterial hypertension_19.txt	procedure	concept	4340	4358	medication therapy
cardiovascular_arterial hypertension_19.txt	procedure	concept	4360	4383	lifestyle modifications
cardiovascular_arterial hypertension_19.txt	procedure	concept	4389	4403	follow-up care
cardiovascular_arterial hypertension_19.txt	disease	concept	4439	4451	hypertension
cardiovascular_arterial hypertension_2.txt	disease	concept	285	306	Arterial Hypertension
cardiovascular_arterial hypertension_2.txt	symptom	concept	547	556	dizziness
cardiovascular_arterial hypertension_2.txt	disease	concept	725	748	cardiovascular diseases
cardiovascular_arterial hypertension_2.txt	procedure	concept	1104	1114	urinalysis
cardiovascular_arterial hypertension_2.txt	disease	concept	1325	1348	white coat hypertension
cardiovascular_arterial hypertension_2.txt	disease	concept	1465	1486	arterial hypertension
cardiovascular_arterial hypertension_2.txt	procedure	concept	1557	1573	sphygmomanometry
cardiovascular_arterial hypertension_2.txt	medication	concept	2157	2170	ACE inhibitor
cardiovascular_arterial hypertension_2.txt	medication	concept	2172	2182	Lisinopril
cardiovascular_arterial hypertension_2.txt	medication	concept	2207	2224	thiazide diuretic
cardiovascular_arterial hypertension_2.txt	medication	concept	2226	2245	Hydrochlorothiazide
cardiovascular_arterial hypertension_2.txt	disease	concept	2344	2365	arterial hypertension
cardiovascular_arterial hypertension_2.txt	symptom	concept	2683	2695	side effects
cardiovascular_arterial hypertension_2.txt	medication	concept	2765	2775	Lisinopril
cardiovascular_arterial hypertension_2.txt	medication	concept	2797	2806	Hydrochlo
cardiovascular_arterial hypertension_2.txt	medication	concept	2807	2816	othiazide
cardiovascular_arterial hypertension_2.txt	symptom	concept	3104	3115	weight loss
cardiovascular_arterial hypertension_2.txt	procedure	concept	3158	3183	Blood Pressure Monitoring
cardiovascular_arterial hypertension_2.txt	procedure	concept	3619	3647	pharmacological intervention
cardiovascular_arterial hypertension_2.txt	disease	concept	3789	3801	hypertension
cardiovascular_arterial hypertension_2.txt	disease	concept	4296	4329	ypertension-related complications
cardiovascular_arterial hypertension_20.txt	disease	concept	210	231	Arterial Hypertension
cardiovascular_arterial hypertension_20.txt	symptom	concept	364	373	headaches
cardiovascular_arterial hypertension_20.txt	symptom	concept	387	396	dizziness
cardiovascular_arterial hypertension_20.txt	procedure	concept	1129	1139	urinalysis
cardiovascular_arterial hypertension_20.txt	medication	concept	1189	1211	fasting plasma glucose
cardiovascular_arterial hypertension_20.txt	disease	concept	1368	1379	hypokalemia
cardiovascular_arterial hypertension_20.txt	symptom	concept	1577	1588	weight loss
cardiovascular_arterial hypertension_20.txt	medication	concept	1667	1677	Lisinopril
cardiovascular_arterial hypertension_20.txt	medication	concept	1743	1756	ACE inhibitor
cardiovascular_arterial hypertension_20.txt	symptom	concept	1896	1910	blood pressure
cardiovascular_arterial hypertension_20.txt	medication	concept	2015	2032	thiazide diuretic
cardiovascular_arterial hypertension_20.txt	medication	concept	2034	2053	Hydrochlorothiazide
cardiovascular_arterial hypertension_20.txt	medication	concept	2518	2528	Lisinopril
cardiovascular_arterial hypertension_20.txt	medication	concept	2558	2577	Hydrochlorothiazide
cardiovascular_arterial hypertension_20.txt	medication	concept	2988	2999	medications
cardiovascular_arterial hypertension_20.txt	disease	concept	3377	3398	arterial hypertension
cardiovascular_arterial hypertension_20.txt	procedure	concept	3683	3705	follow-up appointments
cardiovascular_arterial hypertension_21.txt	disease	concept	335	356	Arterial Hypertension
cardiovascular_arterial hypertension_21.txt	symptom	concept	514	522	headache
cardiovascular_arterial hypertension_21.txt	symptom	concept	539	548	dizziness
cardiovascular_arterial hypertension_21.txt	disease	concept	752	764	hypertension
cardiovascular_arterial hypertension_21.txt	disease	concept	905	928	cardiovascular diseases
cardiovascular_arterial hypertension_21.txt	procedure	concept	1131	1141	urinalysis
cardiovascular_arterial hypertension_21.txt	procedure	concept	1143	1154	lipid panel
cardiovascular_arterial hypertension_21.txt	procedure	concept	1156	1171	metabolic panel
cardiovascular_arterial hypertension_21.txt	disease	concept	1593	1614	arterial hypertension
cardiovascular_arterial hypertension_21.txt	medication	concept	1645	1655	Lisinopril
cardiovascular_arterial hypertension_21.txt	medication	concept	1754	1768	ACE inhibitors
cardiovascular_arterial hypertension_21.txt	symptom	concept	2267	2284	adverse reactions
cardiovascular_arterial hypertension_21.txt	medication	concept	2655	2665	Lisinopril
cardiovascular_arterial hypertension_21.txt	medication	concept	2836	2875	dihydropyridine calcium channel blocker
cardiovascular_arterial hypertension_21.txt	medication	concept	3064	3074	medication
cardiovascular_arterial hypertension_21.txt	symptom	concept	3177	3188	weight loss
cardiovascular_arterial hypertension_21.txt	disease	concept	3580	3592	hypertension
cardiovascular_arterial hypertension_21.txt	symptom	concept	3713	3726	complications
cardiovascular_arterial hypertension_21.txt	procedure	concept	3900	3909	follow-up
cardiovascular_arterial hypertension_21.txt	disease	concept	4015	4027	hypertension
cardiovascular_arterial hypertension_22.txt	symptom	concept	338	347	headaches
cardiovascular_arterial hypertension_22.txt	symptom	concept	361	370	dizziness
cardiovascular_arterial hypertension_22.txt	symptom	concept	387	401	blood pressure
cardiovascular_arterial hypertension_22.txt	symptom	concept	489	501	hypertension
cardiovascular_arterial hypertension_22.txt	disease	concept	1004	1027	white coat hypertension
cardiovascular_arterial hypertension_22.txt	disease	concept	1102	1123	arterial hypertension
cardiovascular_arterial hypertension_22.txt	procedure	concept	1335	1345	urinalysis
cardiovascular_arterial hypertension_22.txt	procedure	concept	1414	1431	electrocardiogram
cardiovascular_arterial hypertension_22.txt	disease	concept	1541	1552	hypokalemia
cardiovascular_arterial hypertension_22.txt	medication	concept	1793	1803	Lisinopril
cardiovascular_arterial hypertension_22.txt	medication	concept	1952	1962	Amlodipine
cardiovascular_arterial hypertension_22.txt	medication	concept	2107	2117	Lisinopril
cardiovascular_arterial hypertension_22.txt	disease	concept	2243	2255	hypertension
cardiovascular_arterial hypertension_22.txt	procedure	concept	2462	2478	exercise regimen
cardiovascular_arterial hypertension_22.txt	disease	concept	3450	3462	hypertension
cardiovascular_arterial hypertension_22.txt	medication	concept	3514	3524	Lisinopril
cardiovascular_arterial hypertension_22.txt	medication	concept	3535	3545	Amlodipine
cardiovascular_arterial hypertension_22.txt	medication	concept	3818	3855	non-steroidal anti-inflammatory drugs
cardiovascular_arterial hypertension_22.txt	medication	concept	3857	3863	NSAIDs
cardiovascular_arterial hypertension_22.txt	symptom	concept	3883	3897	blood pressure
cardiovascular_arterial hypertension_22.txt	disease	concept	4086	4098	hypertension
cardiovascular_arterial hypertension_22.txt	disease	concept	4128	4140	hypertension
cardiovascular_arterial hypertension_22.txt	medication	concept	4227	4237	Lisinopril
cardiovascular_arterial hypertension_22.txt	medication	concept	4242	4252	Amlodipine
cardiovascular_arterial hypertension_22.txt	procedure	concept	4527	4544	treatment regimen
cardiovascular_arterial hypertension_23.txt	disease	concept	275	296	Arterial Hypertension
cardiovascular_arterial hypertension_23.txt	disease	concept	318	342	Type 2 Diabetes Mellitus
cardiovascular_arterial hypertension_23.txt	symptom	concept	492	501	headaches
cardiovascular_arterial hypertension_23.txt	disease	concept	968	992	Type 2 Diabetes Mellitus
cardiovascular_arterial hypertension_23.txt	medication	concept	1053	1062	metformin
cardiovascular_arterial hypertension_23.txt	procedure	concept	1155	1165	Urinalysis
cardiovascular_arterial hypertension_23.txt	disease	concept	1373	1399	hypertensive heart disease
cardiovascular_arterial hypertension_23.txt	disease	concept	1515	1526	hypokalemia
cardiovascular_arterial hypertension_23.txt	medication	concept	1706	1716	Amlodipine
cardiovascular_arterial hypertension_23.txt	medication	concept	1722	1761	dihydropyridine calcium channel blocker
cardiovascular_arterial hypertension_23.txt	disease	concept	1795	1807	hypertension
cardiovascular_arterial hypertension_23.txt	medication	concept	1864	1874	Lisinopril
cardiovascular_arterial hypertension_23.txt	medication	concept	1881	1894	ACE inhibitor
cardiovascular_arterial hypertension_23.txt	symptom	concept	2294	2305	weight loss
cardiovascular_arterial hypertension_23.txt	medication	concept	2838	2848	Amlodipine
cardiovascular_arterial hypertension_23.txt	medication	concept	2870	2880	Lisinopril
cardiovascular_arterial hypertension_23.txt	medication	concept	2903	2912	Metformin
cardiovascular_arterial hypertension_23.txt	symptom	concept	3195	3207	side effects
cardiovascular_arterial hypertension_23.txt	symptom	concept	3323	3344	cardiovascular health
cardiovascular_arterial hypertension_23.txt	symptom	concept	3675	3684	dizziness
cardiovascular_arterial hypertension_23.txt	symptom	concept	3686	3701	fainting spells
cardiovascular_arterial hypertension_23.txt	disease	concept	3964	3985	arterial hypertension
cardiovascular_arterial hypertension_24.txt	disease	concept	257	278	Arterial Hypertension
cardiovascular_arterial hypertension_24.txt	symptom	concept	421	430	headaches
cardiovascular_arterial hypertension_24.txt	disease	concept	632	653	arterial hypertension
cardiovascular_arterial hypertension_24.txt	procedure	concept	969	979	urinalysis
cardiovascular_arterial hypertension_24.txt	medication	concept	1015	1037	fasting plasma glucose
cardiovascular_arterial hypertension_24.txt	disease	concept	1181	1202	arterial hypertension
cardiovascular_arterial hypertension_24.txt	medication	concept	1542	1552	Lisinopril
cardiovascular_arterial hypertension_24.txt	disease	concept	1665	1680	aortic stenosis
cardiovascular_arterial hypertension_24.txt	disease	concept	1948	1960	hypertension
cardiovascular_arterial hypertension_24.txt	medication	concept	2115	2125	Lisinopril
cardiovascular_arterial hypertension_24.txt	symptom	concept	2256	2264	swelling
cardiovascular_arterial hypertension_24.txt	symptom	concept	2266	2275	dizziness
cardiovascular_arterial hypertension_24.txt	symptom	concept	3046	3061	severe headache
cardiovascular_arterial hypertension_24.txt	symptom	concept	3063	3077	vision changes
cardiovascular_arterial hypertension_24.txt	symptom	concept	3079	3089	chest pain
cardiovascular_arterial hypertension_24.txt	symptom	concept	3094	3114	difficulty breathing
cardiovascular_arterial hypertension_24.txt	disease	concept	3177	3198	arterial hypertension
cardiovascular_arterial hypertension_24.txt	medication	concept	3268	3278	medication
cardiovascular_arterial hypertension_24.txt	disease	concept	3495	3517	untreated hypertension
cardiovascular_arterial hypertension_25.txt	disease	concept	237	258	Arterial Hypertension
cardiovascular_arterial hypertension_25.txt	disease	concept	727	750	cardiovascular diseases
cardiovascular_arterial hypertension_25.txt	procedure	concept	860	880	physical examination
cardiovascular_arterial hypertension_25.txt	procedure	concept	1083	1093	urinalysis
cardiovascular_arterial hypertension_25.txt	disease	concept	1383	1404	arterial hypertension
cardiovascular_arterial hypertension_25.txt	symptom	concept	1630	1641	weight loss
cardiovascular_arterial hypertension_25.txt	medication	concept	1806	1819	ACE inhibitor
cardiovascular_arterial hypertension_25.txt	medication	concept	1821	1831	Lisinopril
cardiovascular_arterial hypertension_25.txt	disease	concept	2012	2033	arterial hypertension
cardiovascular_arterial hypertension_25.txt	medication	concept	2421	2431	Lisinopril
cardiovascular_arterial hypertension_25.txt	medication	concept	2491	2504	ACE inhibitor
cardiovascular_arterial hypertension_25.txt	medication	concept	2508	2511	ARB
cardiovascular_arterial hypertension_25.txt	disease	concept	3153	3165	hypertension
cardiovascular_arterial hypertension_25.txt	symptom	concept	3293	3309	severe headaches
cardiovascular_arterial hypertension_25.txt	symptom	concept	3311	3330	visual disturbances
cardiovascular_arterial hypertension_25.txt	disease	concept	3387	3399	hypertension
cardiovascular_arterial hypertension_25.txt	disease	concept	3658	3679	arterial hypertension
cardiovascular_arterial hypertension_25.txt	medication	concept	3720	3731	medications
cardiovascular_arterial hypertension_25.txt	disease	concept	3862	3896	hypertension-related complications
cardiovascular_arterial hypertension_25.txt	disease	concept	4050	4062	hypertension
cardiovascular_arterial hypertension_26.txt	disease	concept	199	220	Arterial Hypertension
cardiovascular_arterial hypertension_26.txt	symptom	concept	345	354	headaches
cardiovascular_arterial hypertension_26.txt	disease	concept	701	724	cardiovascular diseases
cardiovascular_arterial hypertension_26.txt	procedure	concept	1101	1111	urinalysis
cardiovascular_arterial hypertension_26.txt	disease	concept	1349	1370	arterial hypertension
cardiovascular_arterial hypertension_26.txt	symptom	concept	1382	1396	blood pressure
cardiovascular_arterial hypertension_26.txt	disease	concept	1515	1536	arterial hypertension
cardiovascular_arterial hypertension_26.txt	medication	concept	1691	1701	Lisinopril
cardiovascular_arterial hypertension_26.txt	symptom	concept	2017	2031	blood pressure
cardiovascular_arterial hypertension_26.txt	medication	concept	2262	2272	Lisinopril
cardiovascular_arterial hypertension_26.txt	symptom	concept	2332	2344	side effects
cardiovascular_arterial hypertension_26.txt	medication	concept	2381	2394	ACE inhibitor
cardiovascular_arterial hypertension_26.txt	medication	concept	2416	2419	ARB
cardiovascular_arterial hypertension_26.txt	symptom	concept	2737	2751	blood pressure
cardiovascular_arterial hypertension_27.txt	disease	concept	319	340	Arterial Hypertension
cardiovascular_arterial hypertension_27.txt	disease	concept	730	745	cardiac disease
cardiovascular_arterial hypertension_27.txt	disease	concept	1188	1211	white coat hypertension
cardiovascular_arterial hypertension_27.txt	disease	concept	1284	1305	arterial hypertension
cardiovascular_arterial hypertension_27.txt	procedure	concept	1467	1477	urinalysis
cardiovascular_arterial hypertension_27.txt	medication	concept	1509	1531	fasting plasma glucose
cardiovascular_arterial hypertension_27.txt	symptom	concept	1592	1606	hyperlipidemia
cardiovascular_arterial hypertension_27.txt	medication	concept	1764	1774	Lisinopril
cardiovascular_arterial hypertension_27.txt	medication	concept	1816	1824	diuretic
cardiovascular_arterial hypertension_27.txt	medication	concept	1826	1845	Hydrochlorothiazide
cardiovascular_arterial hypertension_27.txt	symptom	concept	1915	1928	fluid balance
cardiovascular_arterial hypertension_27.txt	symptom	concept	1951	1965	blood pressure
cardiovascular_arterial hypertension_27.txt	symptom	concept	2094	2105	weight loss
cardiovascular_arterial hypertension_27.txt	symptom	concept	2667	2681	blood pressure
cardiovascular_arterial hypertension_27.txt	medication	concept	2777	2787	Lisinopril
cardiovascular_arterial hypertension_27.txt	medication	concept	2816	2835	Hydrochlorothiazide
cardiovascular_arterial hypertension_27.txt	disease	concept	3158	3170	hypertension
cardiovascular_arterial hypertension_27.txt	disease	concept	3212	3234	resistant hypertension
cardiovascular_arterial hypertension_27.txt	disease	concept	3352	3364	hypertension
cardiovascular_arterial hypertension_27.txt	symptom	concept	3691	3705	blood pressure
cardiovascular_arterial hypertension_27.txt	symptom	concept	4010	4026	severe headaches
cardiovascular_arterial hypertension_27.txt	symptom	concept	4028	4042	visual changes
cardiovascular_arterial hypertension_27.txt	symptom	concept	4044	4054	chest pain
cardiovascular_arterial hypertension_27.txt	symptom	concept	4059	4078	shortness of breath
cardiovascular_arterial hypertension_28.txt	disease	concept	274	295	Arterial Hypertension
cardiovascular_arterial hypertension_28.txt	symptom	concept	437	446	headaches
cardiovascular_arterial hypertension_28.txt	disease	concept	650	674	Type 2 Diabetes Mellitus
cardiovascular_arterial hypertension_28.txt	disease	concept	679	693	hyperlipidemia
cardiovascular_arterial hypertension_28.txt	procedure	concept	1047	1057	Urinalysis
cardiovascular_arterial hypertension_28.txt	symptom	concept	1564	1575	weight loss
cardiovascular_arterial hypertension_28.txt	disease	concept	1631	1643	hypertension
cardiovascular_arterial hypertension_28.txt	disease	concept	1648	1656	diabetes
cardiovascular_arterial hypertension_28.txt	medication	concept	1715	1725	Lisinopril
cardiovascular_arterial hypertension_28.txt	medication	concept	1789	1806	thiazide diuretic
cardiovascular_arterial hypertension_28.txt	medication	concept	1808	1827	Hydrochlorothiazide
cardiovascular_arterial hypertension_28.txt	symptom	concept	1863	1877	blood pressure
cardiovascular_arterial hypertension_28.txt	medication	concept	1967	1977	Lisinopril
cardiovascular_arterial hypertension_28.txt	medication	concept	2121	2140	Hydrochlorothiazide
cardiovascular_arterial hypertension_28.txt	medication	concept	2207	2219	Atorvastatin
cardiovascular_arterial hypertension_28.txt	medication	concept	2273	2282	Metformin
cardiovascular_arterial hypertension_28.txt	disease	concept	2326	2350	Type 2 Diabetes Mellitus
cardiovascular_arterial hypertension_28.txt	disease	concept	2942	2954	hypertension
cardiovascular_arterial hypertension_28.txt	disease	concept	3057	3069	hypertension
cardiovascular_arterial hypertension_29.txt	symptom	concept	382	391	headaches
cardiovascular_arterial hypertension_29.txt	disease	concept	521	545	Type 2 diabetes mellitus
cardiovascular_arterial hypertension_29.txt	disease	concept	550	564	hyperlipidemia
cardiovascular_arterial hypertension_29.txt	disease	concept	653	677	Type 2 Diabetes Mellitus
cardiovascular_arterial hypertension_29.txt	disease	concept	682	696	Hyperlipidemia
cardiovascular_arterial hypertension_29.txt	medication	concept	785	794	Metformin
cardiovascular_arterial hypertension_29.txt	medication	concept	818	830	Atorvastatin
cardiovascular_arterial hypertension_29.txt	procedure	concept	977	997	physical examination
cardiovascular_arterial hypertension_29.txt	procedure	concept	1264	1274	urinalysis
cardiovascular_arterial hypertension_29.txt	medication	concept	1306	1328	fasting plasma glucose
cardiovascular_arterial hypertension_29.txt	disease	concept	1503	1532	primary arterial hypertension
cardiovascular_arterial hypertension_29.txt	medication	concept	1612	1622	Lisinopril
cardiovascular_arterial hypertension_29.txt	medication	concept	1658	1677	Hydrochlorothiazide
cardiovascular_arterial hypertension_29.txt	disease	concept	1730	1738	diabetes
cardiovascular_arterial hypertension_29.txt	medication	concept	2268	2278	Lisinopril
cardiovascular_arterial hypertension_29.txt	symptom	concept	2397	2409	side effects
cardiovascular_arterial hypertension_29.txt	medication	concept	2445	2455	Lisinopril
cardiovascular_arterial hypertension_29.txt	medication	concept	2486	2505	Hydrochlorothiazide
cardiovascular_arterial hypertension_29.txt	disease	concept	3080	3101	arterial hypertension
cardiovascular_arterial hypertension_29.txt	medication	concept	3245	3255	medication
cardiovascular_arterial hypertension_29.txt	symptom	concept	3301	3315	blood pressure
cardiovascular_arterial hypertension_29.txt	medication	concept	3446	3464	heart-healthy diet
cardiovascular_arterial hypertension_29.txt	procedure	concept	3687	3708	follow-up appointment
cardiovascular_arterial hypertension_29.txt	disease	concept	3873	3894	arterial hypertension
cardiovascular_arterial hypertension_3.txt	disease	concept	252	273	Arterial Hypertension
cardiovascular_arterial hypertension_3.txt	disease	concept	468	492	type 2 diabetes mellitus
cardiovascular_arterial hypertension_3.txt	symptom	concept	587	596	headaches
cardiovascular_arterial hypertension_3.txt	symptom	concept	613	622	dizziness
cardiovascular_arterial hypertension_3.txt	procedure	concept	1221	1231	urinalysis
cardiovascular_arterial hypertension_3.txt	procedure	concept	1233	1244	lipid panel
cardiovascular_arterial hypertension_3.txt	procedure	concept	1291	1294	ECG
cardiovascular_arterial hypertension_3.txt	symptom	concept	1334	1348	hyperlipidemia
cardiovascular_arterial hypertension_3.txt	symptom	concept	1394	1407	abnormalities
cardiovascular_arterial hypertension_3.txt	medication	concept	1687	1697	Lisinopril
cardiovascular_arterial hypertension_3.txt	medication	concept	1810	1824	ACE inhibitors
cardiovascular_arterial hypertension_3.txt	medication	concept	2044	2054	Amlodipine
cardiovascular_arterial hypertension_3.txt	procedure	concept	2461	2484	hypertension management
cardiovascular_arterial hypertension_3.txt	medication	concept	2581	2591	Lisinopril
cardiovascular_arterial hypertension_3.txt	medication	concept	2636	2646	Amlodipine
cardiovascular_arterial hypertension_3.txt	medication	concept	2690	2699	Metformin
cardiovascular_arterial hypertension_3.txt	disease	concept	2731	2739	diabetes
cardiovascular_arterial hypertension_3.txt	medication	concept	2755	2767	Atorvastatin
cardiovascular_arterial hypertension_3.txt	procedure	concept	3411	3428	Smoking cessation
cardiovascular_arterial hypertension_3.txt	disease	concept	3561	3573	hypertension
cardiovascular_arterial hypertension_3.txt	procedure	concept	3636	3659	lifestyle modifications
cardiovascular_arterial hypertension_3.txt	disease	concept	3927	3948	arterial hypertension
cardiovascular_arterial hypertension_3.txt	disease	concept	4134	4146	hypertension
cardiovascular_arterial hypertension_3.txt	procedure	concept	4163	4170	therapy
cardiovascular_arterial hypertension_30.txt	disease	concept	241	262	Arterial Hypertension
cardiovascular_arterial hypertension_30.txt	disease	concept	369	376	obesity
cardiovascular_arterial hypertension_30.txt	disease	concept	381	405	type 2 diabetes mellitus
cardiovascular_arterial hypertension_30.txt	symptom	concept	500	509	headaches
cardiovascular_arterial hypertension_30.txt	procedure	concept	1122	1132	urinalysis
cardiovascular_arterial hypertension_30.txt	procedure	concept	1206	1209	ECG
cardiovascular_arterial hypertension_30.txt	disease	concept	1306	1314	diabetes
cardiovascular_arterial hypertension_30.txt	symptom	concept	1457	1470	arterial hype
cardiovascular_arterial hypertension_30.txt	medication	concept	1596	1606	Lisinopril
cardiovascular_arterial hypertension_30.txt	medication	concept	1765	1784	Hydrochlorothiazide
cardiovascular_arterial hypertension_30.txt	medication	concept	1867	1877	Lisinopril
cardiovascular_arterial hypertension_30.txt	medication	concept	1924	1933	Metformin
cardiovascular_arterial hypertension_30.txt	disease	concept	1940	1964	type 2 diabetes mellitus
cardiovascular_arterial hypertension_30.txt	medication	concept	2016	2028	Atorvastatin
cardiovascular_arterial hypertension_30.txt	disease	concept	2063	2075	dyslipidemia
cardiovascular_arterial hypertension_30.txt	symptom	concept	2456	2467	weight loss
cardiovascular_arterial hypertension_30.txt	disease	concept	3023	3035	hypertension
cardiovascular_arterial hypertension_30.txt	symptom	concept	3218	3232	blood pressure
cardiovascular_arterial hypertension_30.txt	disease	concept	3431	3450	John's hypertension
cardiovascular_arterial hypertension_31.txt	symptom	concept	463	472	headaches
cardiovascular_arterial hypertension_31.txt	symptom	concept	486	495	dizziness
cardiovascular_arterial hypertension_31.txt	disease	concept	932	956	type 2 diabetes mellitus
cardiovascular_arterial hypertension_31.txt	procedure	concept	1056	1066	Urinalysis
cardiovascular_arterial hypertension_31.txt	disease	concept	1555	1576	primary aldosteronism
cardiovascular_arterial hypertension_31.txt	medication	concept	2018	2028	Lisinopril
cardiovascular_arterial hypertension_31.txt	medication	concept	2081	2091	Amlodipine
cardiovascular_arterial hypertension_31.txt	symptom	concept	2238	2252	blood pressure
cardiovascular_arterial hypertension_31.txt	medication	concept	2463	2473	Lisinopril
cardiovascular_arterial hypertension_31.txt	medication	concept	2495	2505	Amlodipine
cardiovascular_arterial hypertension_31.txt	symptom	concept	3057	3065	headache
cardiovascular_arterial hypertension_31.txt	symptom	concept	3067	3081	visual changes
cardiovascular_arterial hypertension_31.txt	symptom	concept	3098	3117	shortness of breath
cardiovascular_arterial hypertension_31.txt	disease	concept	3412	3424	hypertension
cardiovascular_arterial hypertension_32.txt	disease	concept	224	245	Arterial Hypertension
cardiovascular_arterial hypertension_32.txt	disease	concept	337	344	obesity
cardiovascular_arterial hypertension_32.txt	disease	concept	349	373	type 2 diabetes mellitus
cardiovascular_arterial hypertension_32.txt	symptom	concept	459	468	headaches
cardiovascular_arterial hypertension_32.txt	symptom	concept	470	479	dizziness
cardiovascular_arterial hypertension_32.txt	symptom	concept	497	511	blurred vision
cardiovascular_arterial hypertension_32.txt	disease	concept	709	730	arterial hypertension
cardiovascular_arterial hypertension_32.txt	procedure	concept	1055	1065	urinalysis
cardiovascular_arterial hypertension_32.txt	procedure	concept	1067	1078	lipid panel
cardiovascular_arterial hypertension_32.txt	medication	concept	1111	1133	fasting plasma glucose
cardiovascular_arterial hypertension_32.txt	symptom	concept	1312	1323	hypokalemia
cardiovascular_arterial hypertension_32.txt	disease	concept	1464	1485	primary aldosteronism
cardiovascular_arterial hypertension_32.txt	disease	concept	1679	1687	diabetes
cardiovascular_arterial hypertension_32.txt	medication	concept	1725	1735	Lisinopril
cardiovascular_arterial hypertension_32.txt	medication	concept	1866	1876	Amlodipine
cardiovascular_arterial hypertension_32.txt	medication	concept	2709	2719	Lisinopril
cardiovascular_arterial hypertension_32.txt	medication	concept	2759	2769	Amlodipine
cardiovascular_arterial hypertension_32.txt	disease	concept	3341	3353	hypertension
cardiovascular_arterial hypertension_32.txt	symptom	concept	3403	3412	dizziness
cardiovascular_arterial hypertension_32.txt	symptom	concept	3421	3429	headache
cardiovascular_arterial hypertension_32.txt	procedure	concept	3668	3682	treatment plan
cardiovascular_arterial hypertension_33.txt	disease	concept	281	302	Arterial Hypertension
cardiovascular_arterial hypertension_33.txt	symptom	concept	466	475	headaches
cardiovascular_arterial hypertension_33.txt	symptom	concept	492	501	dizziness
cardiovascular_arterial hypertension_33.txt	disease	concept	836	859	cardiovascular diseases
cardiovascular_arterial hypertension_33.txt	procedure	concept	1183	1193	Urinalysis
cardiovascular_arterial hypertension_33.txt	disease	concept	1375	1401	hypertensive heart disease
cardiovascular_arterial hypertension_33.txt	disease	concept	1566	1587	arterial hypertension
cardiovascular_arterial hypertension_33.txt	disease	concept	1731	1752	arterial hypertension
cardiovascular_arterial hypertension_33.txt	medication	concept	2070	2080	Lisinopril
cardiovascular_arterial hypertension_33.txt	medication	concept	2238	2250	Atorvastatin
cardiovascular_arterial hypertension_33.txt	medication	concept	2630	2640	Lisinopril
cardiovascular_arterial hypertension_33.txt	medication	concept	2676	2688	Atorvastatin
cardiovascular_arterial hypertension_33.txt	symptom	concept	3103	3111	headache
cardiovascular_arterial hypertension_33.txt	symptom	concept	3137	3147	chest pain
cardiovascular_arterial hypertension_33.txt	symptom	concept	3457	3471	blood pressure
cardiovascular_arterial hypertension_34.txt	disease	concept	489	513	type 2 diabetes mellitus
cardiovascular_arterial hypertension_34.txt	disease	concept	518	532	hyperlipidemia
cardiovascular_arterial hypertension_34.txt	procedure	concept	867	877	Urinalysis
cardiovascular_arterial hypertension_34.txt	disease	concept	1215	1236	arterial hypertension
cardiovascular_arterial hypertension_34.txt	medication	concept	1540	1550	Lisinopril
cardiovascular_arterial hypertension_34.txt	medication	concept	1555	1568	ACE inhibitor
cardiovascular_arterial hypertension_34.txt	medication	concept	1609	1626	thiazide diuretic
cardiovascular_arterial hypertension_34.txt	medication	concept	1628	1647	Hydrochlorothiazide
cardiovascular_arterial hypertension_34.txt	disease	concept	1704	1719	type 2 diabetes
cardiovascular_arterial hypertension_34.txt	symptom	concept	1786	1800	blood pressure
cardiovascular_arterial hypertension_34.txt	symptom	concept	2003	2012	headaches
cardiovascular_arterial hypertension_34.txt	symptom	concept	2032	2041	dizziness
cardiovascular_arterial hypertension_34.txt	procedure	concept	2183	2204	follow-up appointment
cardiovascular_arterial hypertension_34.txt	symptom	concept	2258	2272	blood pressure
cardiovascular_arterial hypertension_34.txt	medication	concept	2333	2343	Lisinopril
cardiovascular_arterial hypertension_34.txt	medication	concept	2370	2389	Hydrochlorothiazide
cardiovascular_arterial hypertension_34.txt	disease	concept	2915	2927	hypertension
cardiovascular_arterial hypertension_34.txt	procedure	concept	2978	2998	medication adherence
cardiovascular_arterial hypertension_34.txt	symptom	concept	3240	3250	chest pain
cardiovascular_arterial hypertension_34.txt	symptom	concept	3255	3274	visual disturbances
cardiovascular_arterial hypertension_35.txt	symptom	concept	372	381	headaches
cardiovascular_arterial hypertension_35.txt	disease	concept	725	746	arterial hypertension
cardiovascular_arterial hypertension_35.txt	disease	concept	941	962	arterial hypertension
cardiovascular_arterial hypertension_35.txt	symptom	concept	1127	1134	obesity
cardiovascular_arterial hypertension_35.txt	symptom	concept	1173	1190	central adiposity
cardiovascular_arterial hypertension_35.txt	procedure	concept	1238	1248	Urinalysis
cardiovascular_arterial hypertension_35.txt	disease	concept	1573	1602	primary arterial hypertension
cardiovascular_arterial hypertension_35.txt	symptom	concept	1902	1913	weight loss
cardiovascular_arterial hypertension_35.txt	medication	concept	1933	1943	Lisinopril
cardiovascular_arterial hypertension_35.txt	medication	concept	1948	1961	ACE inhibitor
cardiovascular_arterial hypertension_35.txt	medication	concept	2009	2026	thiazide diuretic
cardiovascular_arterial hypertension_35.txt	medication	concept	2028	2047	Hydrochlorothiazide
cardiovascular_arterial hypertension_35.txt	medication	concept	2520	2530	Lisinopril
cardiovascular_arterial hypertension_35.txt	medication	concept	2574	2593	Hydrochlorothiazide
cardiovascular_arterial hypertension_35.txt	symptom	concept	3641	3660	visual disturbances
cardiovascular_arterial hypertension_36.txt	disease	concept	328	349	Arterial Hypertension
cardiovascular_arterial hypertension_36.txt	symptom	concept	697	706	headaches
cardiovascular_arterial hypertension_36.txt	disease	concept	985	1006	arterial hypertension
cardiovascular_arterial hypertension_36.txt	procedure	concept	1155	1165	urinalysis
cardiovascular_arterial hypertension_36.txt	procedure	concept	1169	1180	lipid panel
cardiovascular_arterial hypertension_36.txt	medication	concept	1201	1223	fasting plasma glucose
cardiovascular_arterial hypertension_36.txt	medication	concept	1794	1804	Lisinopril
cardiovascular_arterial hypertension_36.txt	medication	concept	1826	1836	Amlodipine
cardiovascular_arterial hypertension_36.txt	disease	concept	1867	1879	hypertension
cardiovascular_arterial hypertension_36.txt	disease	concept	2229	2241	hypertension
cardiovascular_arterial hypertension_36.txt	disease	concept	2298	2310	hypertension
cardiovascular_arterial hypertension_36.txt	medication	concept	2382	2392	Lisinopril
cardiovascular_arterial hypertension_36.txt	medication	concept	2421	2431	Amlodipine
cardiovascular_arterial hypertension_36.txt	symptom	concept	3456	3466	chest pain
cardiovascular_arterial hypertension_36.txt	symptom	concept	3468	3487	shortness of breath
cardiovascular_arterial hypertension_36.txt	symptom	concept	3489	3505	severe headaches
cardiovascular_arterial hypertension_36.txt	symptom	concept	3510	3529	visual disturbances
cardiovascular_arterial hypertension_36.txt	medication	concept	3676	3687	medications
cardiovascular_arterial hypertension_36.txt	symptom	concept	4015	4027	side effects
cardiovascular_arterial hypertension_37.txt	symptom	concept	351	360	headaches
cardiovascular_arterial hypertension_37.txt	symptom	concept	374	383	dizziness
cardiovascular_arterial hypertension_37.txt	disease	concept	546	570	type 2 diabetes mellitus
cardiovascular_arterial hypertension_37.txt	symptom	concept	636	645	headaches
cardiovascular_arterial hypertension_37.txt	symptom	concept	650	659	dizziness
cardiovascular_arterial hypertension_37.txt	symptom	concept	811	821	chest pain
cardiovascular_arterial hypertension_37.txt	symptom	concept	823	835	palpitations
cardiovascular_arterial hypertension_37.txt	symptom	concept	840	847	dyspnea
cardiovascular_arterial hypertension_37.txt	symptom	concept	893	907	Blood Pressure
cardiovascular_arterial hypertension_37.txt	procedure	concept	1165	1188	fundoscopic examination
cardiovascular_arterial hypertension_37.txt	symptom	concept	1287	1294	murmurs
cardiovascular_arterial hypertension_37.txt	symptom	concept	1296	1300	rubs
cardiovascular_arterial hypertension_37.txt	symptom	concept	1305	1312	gallops
cardiovascular_arterial hypertension_37.txt	disease	concept	1576	1584	diabetes
cardiovascular_arterial hypertension_37.txt	procedure	concept	1592	1602	Urinalysis
cardiovascular_arterial hypertension_37.txt	procedure	concept	1698	1723	Blood Pressure Monitoring
cardiovascular_arterial hypertension_37.txt	disease	concept	1828	1849	arterial hypertension
cardiovascular_arterial hypertension_37.txt	disease	concept	1942	1963	arterial hypertension
cardiovascular_arterial hypertension_37.txt	disease	concept	2030	2047	diabetes mellitus
cardiovascular_arterial hypertension_37.txt	medication	concept	2052	2065	ACE inhibitor
cardiovascular_arterial hypertension_37.txt	medication	concept	2067	2077	Lisinopril
cardiovascular_arterial hypertension_37.txt	medication	concept	2575	2585	Lisinopril
cardiovascular_arterial hypertension_37.txt	medication	concept	2615	2624	Metformin
cardiovascular_arterial hypertension_37.txt	disease	concept	2657	2665	diabetes
cardiovascular_arterial hypertension_37.txt	medication	concept	2992	3002	Lisinopril
cardiovascular_arterial hypertension_37.txt	symptom	concept	3055	3069	blood pressure
cardiovascular_arterial hypertension_38.txt	disease	concept	264	285	Arterial Hypertension
cardiovascular_arterial hypertension_38.txt	disease	concept	400	407	obesity
cardiovascular_arterial hypertension_38.txt	disease	concept	412	436	type 2 diabetes mellitus
cardiovascular_arterial hypertension_38.txt	symptom	concept	518	527	headaches
cardiovascular_arterial hypertension_38.txt	disease	concept	628	650	cardiovascular disease
cardiovascular_arterial hypertension_38.txt	procedure	concept	1026	1036	urinalysis
cardiovascular_arterial hypertension_38.txt	disease	concept	1304	1325	arterial hypertension
cardiovascular_arterial hypertension_38.txt	symptom	concept	1434	1445	weight loss
cardiovascular_arterial hypertension_38.txt	medication	concept	1645	1655	Lisinopril
cardiovascular_arterial hypertension_38.txt	medication	concept	1662	1675	ACE inhibitor
cardiovascular_arterial hypertension_38.txt	disease	concept	1728	1740	hypertension
cardiovascular_arterial hypertension_38.txt	medication	concept	1751	1770	Hydrochlorothiazide
cardiovascular_arterial hypertension_38.txt	disease	concept	2100	2112	hypertension
cardiovascular_arterial hypertension_38.txt	disease	concept	2204	2219	type 2 diabetes
cardiovascular_arterial hypertension_38.txt	disease	concept	2238	2250	hypertension
cardiovascular_arterial hypertension_38.txt	medication	concept	2284	2294	Lisinopril
cardiovascular_arterial hypertension_38.txt	medication	concept	2325	2344	Hydrochlorothiazide
cardiovascular_arterial hypertension_38.txt	disease	concept	2827	2839	hypertension
cardiovascular_arterial hypertension_38.txt	symptom	concept	2911	2922	weight loss
cardiovascular_arterial hypertension_38.txt	disease	concept	3019	3031	hypertension
cardiovascular_arterial hypertension_38.txt	medication	concept	3064	3086	prescribed medications
cardiovascular_arterial hypertension_38.txt	disease	concept	3194	3196	BP
cardiovascular_arterial hypertension_38.txt	symptom	concept	3222	3230	symptoms
cardiovascular_arterial hypertension_38.txt	disease	concept	3364	3366	BP
cardiovascular_arterial hypertension_38.txt	disease	concept	3588	3590	BP
cardiovascular_arterial hypertension_38.txt	symptom	concept	3779	3787	headache
cardiovascular_arterial hypertension_38.txt	symptom	concept	3789	3799	chest pain
cardiovascular_arterial hypertension_39.txt	disease	concept	257	278	Arterial Hypertension
cardiovascular_arterial hypertension_39.txt	symptom	concept	413	422	headaches
cardiovascular_arterial hypertension_39.txt	disease	concept	654	676	cardiovascular disease
cardiovascular_arterial hypertension_39.txt	disease	concept	688	700	hypertension
cardiovascular_arterial hypertension_39.txt	disease	concept	705	711	stroke
cardiovascular_arterial hypertension_39.txt	procedure	concept	1069	1079	urinalysis
cardiovascular_arterial hypertension_39.txt	procedure	concept	1081	1092	lipid panel
cardiovascular_arterial hypertension_39.txt	procedure	concept	1094	1109	metabolic panel
cardiovascular_arterial hypertension_39.txt	procedure	concept	1139	1142	ECG
cardiovascular_arterial hypertension_39.txt	symptom	concept	1514	1525	weight loss
cardiovascular_arterial hypertension_39.txt	medication	concept	1613	1623	Lisinopril
cardiovascular_arterial hypertension_39.txt	medication	concept	1628	1641	ACE inhibitor
cardiovascular_arterial hypertension_39.txt	medication	concept	1675	1692	thiazide diuretic
cardiovascular_arterial hypertension_39.txt	medication	concept	1694	1713	Hydrochlorothiazide
cardiovascular_arterial hypertension_39.txt	symptom	concept	2122	2136	blood pressure
cardiovascular_arterial hypertension_39.txt	medication	concept	2288	2298	Lisinopril
cardiovascular_arterial hypertension_39.txt	medication	concept	2326	2345	Hydrochlorothiazide
cardiovascular_arterial hypertension_39.txt	symptom	concept	2634	2648	blood pressure
cardiovascular_arterial hypertension_39.txt	procedure	concept	2997	3012	dietary changes
cardiovascular_arterial hypertension_39.txt	symptom	concept	3373	3382	headaches
cardiovascular_arterial hypertension_39.txt	symptom	concept	3384	3394	chest pain
cardiovascular_arterial hypertension_39.txt	symptom	concept	3399	3418	visual disturbances
cardiovascular_arterial hypertension_4.txt	symptom	concept	352	361	headaches
cardiovascular_arterial hypertension_4.txt	symptom	concept	378	387	dizziness
cardiovascular_arterial hypertension_4.txt	disease	concept	508	532	type 2 diabetes mellitus
cardiovascular_arterial hypertension_4.txt	disease	concept	537	557	hypercholesterolemia
cardiovascular_arterial hypertension_4.txt	symptom	concept	651	660	headaches
cardiovascular_arterial hypertension_4.txt	symptom	concept	665	674	dizziness
cardiovascular_arterial hypertension_4.txt	medication	concept	790	817	over-the-counter analgesics
cardiovascular_arterial hypertension_4.txt	disease	concept	845	869	Type 2 Diabetes Mellitus
cardiovascular_arterial hypertension_4.txt	disease	concept	874	894	Hypercholesterolemia
cardiovascular_arterial hypertension_4.txt	medication	concept	995	1004	Metformin
cardiovascular_arterial hypertension_4.txt	medication	concept	1019	1031	Atorvastatin
cardiovascular_arterial hypertension_4.txt	disease	concept	1410	1431	arterial hypertension
cardiovascular_arterial hypertension_4.txt	procedure	concept	1483	1497	diagnostic tes
cardiovascular_arterial hypertension_4.txt	procedure	concept	1555	1565	urinalysis
cardiovascular_arterial hypertension_4.txt	procedure	concept	1567	1578	lipid panel
cardiovascular_arterial hypertension_4.txt	medication	concept	1597	1619	fasting plasma glucose
cardiovascular_arterial hypertension_4.txt	disease	concept	1690	1702	hypertension
cardiovascular_arterial hypertension_4.txt	symptom	concept	1910	1921	weight loss
cardiovascular_arterial hypertension_4.txt	medication	concept	2003	2013	Lisinopril
cardiovascular_arterial hypertension_4.txt	disease	concept	2058	2070	hypertension
cardiovascular_arterial hypertension_4.txt	medication	concept	2150	2164	ACE inhibitors
cardiovascular_arterial hypertension_4.txt	disease	concept	2504	2516	hypertension
cardiovascular_arterial hypertension_4.txt	medication	concept	2644	2654	Lisinopril
cardiovascular_arterial hypertension_4.txt	disease	concept	2675	2687	hypertension
cardiovascular_arterial hypertension_4.txt	medication	concept	2692	2701	Metformin
cardiovascular_arterial hypertension_4.txt	disease	concept	2724	2739	type 2 diabetes
cardiovascular_arterial hypertension_4.txt	medication	concept	2744	2756	Atorvastatin
cardiovascular_arterial hypertension_4.txt	disease	concept	2777	2797	hypercholesterolemia
cardiovascular_arterial hypertension_4.txt	symptom	concept	3258	3272	blood pressure
cardiovascular_arterial hypertension_4.txt	disease	concept	3575	3596	arterial hypertension
cardiovascular_arterial hypertension_4.txt	disease	concept	3990	4002	hypertension
cardiovascular_arterial hypertension_40.txt	symptom	concept	341	350	headaches
cardiovascular_arterial hypertension_40.txt	symptom	concept	364	373	dizziness
cardiovascular_arterial hypertension_40.txt	disease	concept	795	803	diabetes
cardiovascular_arterial hypertension_40.txt	disease	concept	805	819	kidney disease
cardiovascular_arterial hypertension_40.txt	disease	concept	824	846	cardiovascular disease
cardiovascular_arterial hypertension_40.txt	symptom	concept	989	996	obesity
cardiovascular_arterial hypertension_40.txt	disease	concept	1029	1041	hypertension
cardiovascular_arterial hypertension_40.txt	procedure	concept	1087	1097	urinalysis
cardiovascular_arterial hypertension_40.txt	procedure	concept	1187	1204	electrocardiogram
cardiovascular_arterial hypertension_40.txt	disease	concept	1450	1470	arterial hypertensio
cardiovascular_arterial hypertension_40.txt	medication	concept	1784	1794	Lisinopril
cardiovascular_arterial hypertension_40.txt	medication	concept	1799	1812	ACE inhibitor
cardiovascular_arterial hypertension_40.txt	medication	concept	1853	1870	thiazide diuretic
cardiovascular_arterial hypertension_40.txt	medication	concept	1872	1891	Hydrochlorothiazide
cardiovascular_arterial hypertension_40.txt	disease	concept	1949	1961	hypertension
cardiovascular_arterial hypertension_40.txt	disease	concept	2223	2246	white coat hypertension
cardiovascular_arterial hypertension_40.txt	disease	concept	2654	2666	hypertension
cardiovascular_arterial hypertension_40.txt	medication	concept	2739	2755	antihypertensive
cardiovascular_arterial hypertension_40.txt	symptom	concept	2972	2982	chest pain
cardiovascular_arterial hypertension_40.txt	symptom	concept	2984	3004	difficulty breathing
cardiovascular_arterial hypertension_40.txt	symptom	concept	3013	3022	headaches
cardiovascular_arterial hypertension_40.txt	disease	concept	3155	3167	hypertension
cardiovascular_arterial hypertension_40.txt	medication	concept	3250	3260	Lisinopril
cardiovascular_arterial hypertension_40.txt	medication	concept	3305	3324	Hydrochlorothiazide
cardiovascular_arterial hypertension_40.txt	disease	concept	3595	3607	hypertension
cardiovascular_arterial hypertension_41.txt	disease	concept	568	592	type 2 diabetes mellitus
cardiovascular_arterial hypertension_41.txt	disease	concept	597	611	hyperlipidemia
cardiovascular_arterial hypertension_41.txt	symptom	concept	708	717	dizziness
cardiovascular_arterial hypertension_41.txt	symptom	concept	859	871	palpitations
cardiovascular_arterial hypertension_41.txt	symptom	concept	876	895	shortness of breath
cardiovascular_arterial hypertension_41.txt	disease	concept	941	963	cardiovascular disease
cardiovascular_arterial hypertension_41.txt	disease	concept	1680	1701	arterial hypertension
cardiovascular_arterial hypertension_41.txt	disease	concept	1916	1924	diabetes
cardiovascular_arterial hypertension_41.txt	medication	concept	1929	1942	ACE inhibitor
cardiovascular_arterial hypertension_41.txt	medication	concept	1984	1994	Lisinopril
cardiovascular_arterial hypertension_41.txt	symptom	concept	2182	2193	weight loss
cardiovascular_arterial hypertension_41.txt	disease	concept	2506	2514	diabetes
cardiovascular_arterial hypertension_41.txt	medication	concept	2549	2558	metformin
cardiovascular_arterial hypertension_41.txt	medication	concept	2644	2654	Lisinopril
cardiovascular_arterial hypertension_41.txt	medication	concept	2684	2693	Metformin
cardiovascular_arterial hypertension_41.txt	medication	concept	2726	2738	Atorvastatin
cardiovascular_arterial hypertension_41.txt	disease	concept	2779	2793	hyperlipidemia
cardiovascular_arterial hypertension_41.txt	disease	concept	2894	2906	hypertension
cardiovascular_arterial hypertension_41.txt	symptom	concept	2989	3003	blood pressure
cardiovascular_arterial hypertension_41.txt	symptom	concept	3323	3337	Blood pressure
cardiovascular_arterial hypertension_41.txt	disease	concept	3521	3542	arterial hypertension
cardiovascular_arterial hypertension_41.txt	disease	concept	3785	3797	hypertension
cardiovascular_arterial hypertension_42.txt	disease	concept	281	302	Arterial Hypertension
cardiovascular_arterial hypertension_42.txt	symptom	concept	441	450	headaches
cardiovascular_arterial hypertension_42.txt	disease	concept	1068	1089	arterial hypertension
cardiovascular_arterial hypertension_42.txt	disease	concept	1231	1253	cardiovascular disease
cardiovascular_arterial hypertension_42.txt	procedure	concept	1587	1597	urinalysis
cardiovascular_arterial hypertension_42.txt	symptom	concept	1929	1941	heart damage
cardiovascular_arterial hypertension_42.txt	symptom	concept	1945	1956	arrhythmias
cardiovascular_arterial hypertension_42.txt	disease	concept	1982	2003	arterial hypertension
cardiovascular_arterial hypertension_42.txt	medication	concept	2229	2239	Lisinopril
cardiovascular_arterial hypertension_42.txt	medication	concept	2244	2257	ACE inhibitor
cardiovascular_arterial hypertension_42.txt	medication	concept	2379	2398	Hydrochlorothiazide
cardiovascular_arterial hypertension_42.txt	symptom	concept	2467	2481	blood pressure
cardiovascular_arterial hypertension_42.txt	symptom	concept	3032	3046	blood pressure
cardiovascular_arterial hypertension_42.txt	symptom	concept	3187	3201	blood pressure
cardiovascular_arterial hypertension_42.txt	disease	concept	3695	3707	hypertension
cardiovascular_arterial hypertension_42.txt	disease	concept	3776	3788	hypertension
cardiovascular_arterial hypertension_42.txt	medication	concept	3890	3900	Lisinopril
cardiovascular_arterial hypertension_42.txt	medication	concept	3930	3949	Hydrochlorothiazide
cardiovascular_arterial hypertension_42.txt	symptom	concept	4011	4023	side effects
cardiovascular_arterial hypertension_42.txt	symptom	concept	4052	4068	persistent cough
cardiovascular_arterial hypertension_42.txt	symptom	concept	4070	4079	dizziness
cardiovascular_arterial hypertension_42.txt	symptom	concept	4093	4115	electrolyte imbalances
cardiovascular_arterial hypertension_42.txt	symptom	concept	4205	4215	chest pain
cardiovascular_arterial hypertension_42.txt	symptom	concept	4226	4235	headaches
cardiovascular_arterial hypertension_43.txt	symptom	concept	331	340	headaches
cardiovascular_arterial hypertension_43.txt	disease	concept	579	600	arterial hypertension
cardiovascular_arterial hypertension_43.txt	procedure	concept	656	676	physical examination
cardiovascular_arterial hypertension_43.txt	procedure	concept	682	698	diagnostic tests
cardiovascular_arterial hypertension_43.txt	disease	concept	1192	1213	arterial hypertension
cardiovascular_arterial hypertension_43.txt	medication	concept	1318	1329	medications
cardiovascular_arterial hypertension_43.txt	procedure	concept	1593	1603	Urinalysis
cardiovascular_arterial hypertension_43.txt	medication	concept	2126	2136	Lisinopril
cardiovascular_arterial hypertension_43.txt	medication	concept	2141	2154	ACE inhibitor
cardiovascular_arterial hypertension_43.txt	disease	concept	2618	2630	hypertension
cardiovascular_arterial hypertension_43.txt	disease	concept	2675	2687	hypertension
cardiovascular_arterial hypertension_43.txt	symptom	concept	2919	2933	blood pressure
cardiovascular_arterial hypertension_43.txt	medication	concept	3003	3013	Lisinopril
cardiovascular_arterial hypertension_43.txt	symptom	concept	3261	3275	blood pressure
cardiovascular_arterial hypertension_43.txt	medication	concept	3541	3551	Lisinopril
cardiovascular_arterial hypertension_44.txt	disease	concept	232	253	Arterial Hypertension
cardiovascular_arterial hypertension_44.txt	disease	concept	283	304	Arterial Hypertension
cardiovascular_arterial hypertension_44.txt	symptom	concept	453	462	headaches
cardiovascular_arterial hypertension_44.txt	symptom	concept	479	488	dizziness
cardiovascular_arterial hypertension_44.txt	medication	concept	993	1004	medications
cardiovascular_arterial hypertension_44.txt	procedure	concept	1251	1261	urinalysis
cardiovascular_arterial hypertension_44.txt	medication	concept	1933	1946	ACE inhibitor
cardiovascular_arterial hypertension_44.txt	medication	concept	1948	1958	Lisinopril
cardiovascular_arterial hypertension_44.txt	medication	concept	2211	2221	Lisinopril
cardiovascular_arterial hypertension_44.txt	medication	concept	2453	2463	Lisinopril
cardiovascular_arterial hypertension_44.txt	symptom	concept	2564	2576	side effects
cardiovascular_arterial hypertension_44.txt	symptom	concept	2599	2604	cough
cardiovascular_arterial hypertension_44.txt	symptom	concept	2882	2893	Weight loss
cardiovascular_arterial hypertension_44.txt	procedure	concept	3137	3153	follow-up visits
cardiovascular_arterial hypertension_44.txt	disease	concept	3683	3695	hypertension
cardiovascular_arterial hypertension_44.txt	disease	concept	3940	3952	hypertension
cardiovascular_arterial hypertension_44.txt	disease	concept	4162	4174	hypertension
cardiovascular_arterial hypertension_44.txt	symptom	concept	4187	4200	complications
cardiovascular_arterial hypertension_45.txt	symptom	concept	374	383	headaches
cardiovascular_arterial hypertension_45.txt	symptom	concept	400	409	dizziness
cardiovascular_arterial hypertension_45.txt	disease	concept	538	562	Type 2 diabetes mellitus
cardiovascular_arterial hypertension_45.txt	disease	concept	567	581	hyperlipidemia
cardiovascular_arterial hypertension_45.txt	symptom	concept	687	696	dizziness
cardiovascular_arterial hypertension_45.txt	procedure	concept	1186	1196	urinalysis
cardiovascular_arterial hypertension_45.txt	medication	concept	1228	1250	fasting plasma glucose
cardiovascular_arterial hypertension_45.txt	medication	concept	1505	1515	Lisinopril
cardiovascular_arterial hypertension_45.txt	medication	concept	1853	1863	Amlodipine
cardiovascular_arterial hypertension_45.txt	disease	concept	2293	2305	hypertension
cardiovascular_arterial hypertension_45.txt	medication	concept	2695	2705	Lisinopril
cardiovascular_arterial hypertension_45.txt	medication	concept	2736	2746	Amlodipine
cardiovascular_arterial hypertension_45.txt	medication	concept	2976	2986	medication
cardiovascular_arterial hypertension_45.txt	medication	concept	3313	3324	medications
cardiovascular_arterial hypertension_45.txt	medication	concept	3571	3582	medications
cardiovascular_arterial hypertension_46.txt	symptom	concept	414	423	dizziness
cardiovascular_arterial hypertension_46.txt	disease	concept	554	578	type 2 diabetes mellitus
cardiovascular_arterial hypertension_46.txt	disease	concept	583	597	hyperlipidemia
cardiovascular_arterial hypertension_46.txt	symptom	concept	688	697	headaches
cardiovascular_arterial hypertension_46.txt	symptom	concept	702	711	dizziness
cardiovascular_arterial hypertension_46.txt	disease	concept	862	886	Type 2 Diabetes Mellitus
cardiovascular_arterial hypertension_46.txt	disease	concept	891	905	Hyperlipidemia
cardiovascular_arterial hypertension_46.txt	medication	concept	974	983	Metformin
cardiovascular_arterial hypertension_46.txt	medication	concept	995	1007	Atorvastatin
cardiovascular_arterial hypertension_46.txt	symptom	concept	1249	1265	body temperature
cardiovascular_arterial hypertension_46.txt	procedure	concept	1500	1510	Urinalysis
cardiovascular_arterial hypertension_46.txt	disease	concept	1687	1713	hypertensive heart disease
cardiovascular_arterial hypertension_46.txt	symptom	concept	1853	1872	cardiac enlargement
cardiovascular_arterial hypertension_46.txt	symptom	concept	1876	1891	pulmonary edema
cardiovascular_arterial hypertension_46.txt	disease	concept	1945	1966	arterial hypertension
cardiovascular_arterial hypertension_46.txt	medication	concept	2168	2178	Lisinopril
cardiovascular_arterial hypertension_46.txt	disease	concept	2241	2249	diabetes
cardiovascular_arterial hypertension_46.txt	disease	concept	2254	2268	hyperlipidemia
cardiovascular_arterial hypertension_46.txt	disease	concept	2317	2325	diabetes
cardiovascular_arterial hypertension_46.txt	disease	concept	2330	2344	hyperlipidemia
cardiovascular_arterial hypertension_46.txt	medication	concept	2480	2492	Atorvastatin
cardiovascular_arterial hypertension_46.txt	medication	concept	2827	2837	Lisinopril
cardiovascular_arterial hypertension_46.txt	medication	concept	2850	2859	Metformin
cardiovascular_arterial hypertension_46.txt	medication	concept	2874	2886	Atorvastatin
cardiovascular_arterial hypertension_46.txt	symptom	concept	3416	3426	chest pain
cardiovascular_arterial hypertension_46.txt	symptom	concept	3446	3466	difficulty breathing
cardiovascular_arterial hypertension_46.txt	symptom	concept	3471	3485	vision changes
cardiovascular_arterial hypertension_46.txt	disease	concept	3544	3565	arterial hypertension
cardiovascular_arterial hypertension_46.txt	medication	concept	3717	3740	lifestyle modifications
cardiovascular_arterial hypertension_47.txt	symptom	concept	359	368	headaches
cardiovascular_arterial hypertension_47.txt	symptom	concept	385	394	dizziness
cardiovascular_arterial hypertension_47.txt	symptom	concept	540	549	headaches
cardiovascular_arterial hypertension_47.txt	symptom	concept	554	563	dizziness
cardiovascular_arterial hypertension_47.txt	disease	concept	681	703	cardiovascular disease
cardiovascular_arterial hypertension_47.txt	medication	concept	726	733	tobacco
cardiovascular_arterial hypertension_47.txt	medication	concept	737	750	illicit drugs
cardiovascular_arterial hypertension_47.txt	procedure	concept	1490	1507	Electrocardiogram
cardiovascular_arterial hypertension_47.txt	disease	concept	1761	1782	arterial hypertension
cardiovascular_arterial hypertension_47.txt	symptom	concept	1830	1844	blood pressure
cardiovascular_arterial hypertension_47.txt	disease	concept	1963	1983	primary hypertension
cardiovascular_arterial hypertension_47.txt	medication	concept	2024	2034	Lisinopril
cardiovascular_arterial hypertension_47.txt	medication	concept	2083	2093	Amlodipine
cardiovascular_arterial hypertension_47.txt	medication	concept	2760	2770	Lisinopril
cardiovascular_arterial hypertension_47.txt	medication	concept	2792	2802	Amlodipine
cardiovascular_arterial hypertension_47.txt	symptom	concept	3250	3259	headaches
cardiovascular_arterial hypertension_47.txt	symptom	concept	3261	3271	chest pain
cardiovascular_arterial hypertension_47.txt	symptom	concept	3299	3305	vision
cardiovascular_arterial hypertension_47.txt	disease	concept	3376	3388	hypertension
cardiovascular_arterial hypertension_47.txt	medication	concept	3553	3563	Lisinopril
cardiovascular_arterial hypertension_47.txt	medication	concept	3616	3626	Amlodipine
cardiovascular_arterial hypertension_47.txt	symptom	concept	3722	3736	blood pressure
cardiovascular_arterial hypertension_48.txt	symptom	concept	358	367	headaches
cardiovascular_arterial hypertension_48.txt	symptom	concept	416	426	nosebleeds
cardiovascular_arterial hypertension_48.txt	disease	concept	731	755	Type 2 Diabetes Mellitus
cardiovascular_arterial hypertension_48.txt	medication	concept	793	802	metformin
cardiovascular_arterial hypertension_48.txt	procedure	concept	1267	1277	Urinalysis
cardiovascular_arterial hypertension_48.txt	symptom	concept	1675	1689	blood pressure
cardiovascular_arterial hypertension_48.txt	disease	concept	1824	1836	hypertension
cardiovascular_arterial hypertension_48.txt	medication	concept	2060	2070	Lisinopril
cardiovascular_arterial hypertension_48.txt	disease	concept	2113	2125	hypertension
cardiovascular_arterial hypertension_48.txt	medication	concept	2132	2151	Hydrochlorothiazide
cardiovascular_arterial hypertension_48.txt	symptom	concept	2207	2221	blood pressure
cardiovascular_arterial hypertension_48.txt	medication	concept	2236	2245	Metformin
cardiovascular_arterial hypertension_48.txt	disease	concept	2263	2271	diabetes
cardiovascular_arterial hypertension_48.txt	medication	concept	2361	2364	ARB
cardiovascular_arterial hypertension_48.txt	disease	concept	2912	2924	hypertension
cardiovascular_arterial hypertension_48.txt	symptom	concept	2968	2982	blood pressure
cardiovascular_arterial hypertension_48.txt	symptom	concept	3074	3097	medication side effects
cardiovascular_arterial hypertension_48.txt	symptom	concept	3242	3256	blood pressure
cardiovascular_arterial hypertension_48.txt	symptom	concept	3364	3378	blood pressure
cardiovascular_arterial hypertension_48.txt	medication	concept	3662	3673	medications
cardiovascular_arterial hypertension_49.txt	symptom	concept	344	353	headaches
cardiovascular_arterial hypertension_49.txt	symptom	concept	367	376	dizziness
cardiovascular_arterial hypertension_49.txt	disease	concept	463	475	hypertension
cardiovascular_arterial hypertension_49.txt	disease	concept	591	603	Hypertension
cardiovascular_arterial hypertension_49.txt	disease	concept	632	656	Type 2 Diabetes Mellitus
cardiovascular_arterial hypertension_49.txt	disease	concept	661	675	Hyperlipidemia
cardiovascular_arterial hypertension_49.txt	disease	concept	934	958	hypertensive retinopathy
cardiovascular_arterial hypertension_49.txt	procedure	concept	1784	1801	patient education
cardiovascular_arterial hypertension_49.txt	medication	concept	1837	1847	Lisinopril
cardiovascular_arterial hypertension_49.txt	medication	concept	1972	1982	Amlodipine
cardiovascular_arterial hypertension_49.txt	medication	concept	2107	2126	Hydrochlorothiazide
cardiovascular_arterial hypertension_49.txt	medication	concept	2238	2247	Metformin
cardiovascular_arterial hypertension_49.txt	disease	concept	2252	2276	Type 2 Diabetes Mellitus
cardiovascular_arterial hypertension_49.txt	medication	concept	2326	2338	Atorvastatin
cardiovascular_arterial hypertension_49.txt	disease	concept	2360	2374	hyperlipidemia
cardiovascular_arterial hypertension_49.txt	symptom	concept	3081	3110	hypertension-related symptoms
cardiovascular_arterial hypertension_49.txt	disease	concept	3140	3152	hypertension
cardiovascular_arterial hypertension_5.txt	symptom	concept	348	357	dizziness
cardiovascular_arterial hypertension_5.txt	disease	concept	530	554	type 2 diabetes mellitus
cardiovascular_arterial hypertension_5.txt	symptom	concept	661	670	dizziness
cardiovascular_arterial hypertension_5.txt	symptom	concept	863	870	syncope
cardiovascular_arterial hypertension_5.txt	disease	concept	898	922	Type 2 Diabetes Mellitus
cardiovascular_arterial hypertension_5.txt	medication	concept	955	964	Metformin
cardiovascular_arterial hypertension_5.txt	medication	concept	1092	1101	Metformin
cardiovascular_arterial hypertension_5.txt	medication	concept	1145	1173	antihypertensive medications
cardiovascular_arterial hypertension_5.txt	disease	concept	1439	1460	arterial hypertension
cardiovascular_arterial hypertension_5.txt	procedure	concept	1627	1637	urinalysis
cardiovascular_arterial hypertension_5.txt	procedure	concept	1683	1686	ECG
cardiovascular_arterial hypertension_5.txt	disease	concept	1757	1774	diabetes mellitus
cardiovascular_arterial hypertension_5.txt	medication	concept	1914	1924	Lisinopril
cardiovascular_arterial hypertension_5.txt	medication	concept	2010	2019	Metformin
cardiovascular_arterial hypertension_5.txt	medication	concept	2719	2729	Amlodipine
cardiovascular_arterial hypertension_5.txt	medication	concept	2761	2771	Lisinopril
cardiovascular_arterial hypertension_5.txt	medication	concept	2883	2893	Lisinopril
cardiovascular_arterial hypertension_5.txt	medication	concept	2922	2932	Amlodipine
cardiovascular_arterial hypertension_5.txt	medication	concept	2960	2969	Metformin
cardiovascular_arterial hypertension_5.txt	disease	concept	3521	3533	hypertension
cardiovascular_arterial hypertension_5.txt	medication	concept	4071	4098	antihypertensive medication
cardiovascular_arterial hypertension_5.txt	procedure	concept	4245	4262	lifestyle changes
cardiovascular_arterial hypertension_5.txt	disease	concept	4311	4323	hypertension
cardiovascular_arterial hypertension_6.txt	symptom	concept	370	379	dizziness
cardiovascular_arterial hypertension_6.txt	symptom	concept	385	399	blurred vision
cardiovascular_arterial hypertension_6.txt	disease	concept	454	477	cardiovascular diseases
cardiovascular_arterial hypertension_6.txt	disease	concept	549	570	arterial hypertension
cardiovascular_arterial hypertension_6.txt	procedure	concept	1083	1093	urinalysis
cardiovascular_arterial hypertension_6.txt	procedure	concept	1095	1106	lipid panel
cardiovascular_arterial hypertension_6.txt	disease	concept	1422	1443	arterial hypertension
cardiovascular_arterial hypertension_6.txt	medication	concept	1707	1720	ACE inhibitor
cardiovascular_arterial hypertension_6.txt	medication	concept	1722	1732	Lisinopril
cardiovascular_arterial hypertension_6.txt	disease	concept	1909	1921	hypertension
cardiovascular_arterial hypertension_6.txt	disease	concept	2056	2068	hypertension
cardiovascular_arterial hypertension_6.txt	medication	concept	2221	2231	Lisinopril
cardiovascular_arterial hypertension_6.txt	symptom	concept	2277	2291	blood pressure
cardiovascular_arterial hypertension_6.txt	symptom	concept	2407	2421	blood pressure
cardiovascular_arterial hypertension_6.txt	medication	concept	2502	2512	Lisinopril
cardiovascular_arterial hypertension_6.txt	medication	concept	2881	2891	Lisinopril
cardiovascular_arterial hypertension_6.txt	symptom	concept	3478	3488	chest pain
cardiovascular_arterial hypertension_6.txt	symptom	concept	3490	3509	shortness of breath
cardiovascular_arterial hypertension_6.txt	disease	concept	3569	3581	hypertension
cardiovascular_arterial hypertension_6.txt	medication	concept	3585	3595	medication
cardiovascular_arterial hypertension_6.txt	disease	concept	3754	3775	arterial hypertension
cardiovascular_arterial hypertension_7.txt	disease	concept	240	261	Arterial Hypertension
cardiovascular_arterial hypertension_7.txt	symptom	concept	409	418	headaches
cardiovascular_arterial hypertension_7.txt	symptom	concept	435	444	dizziness
cardiovascular_arterial hypertension_7.txt	procedure	concept	1027	1037	urinalysis
cardiovascular_arterial hypertension_7.txt	disease	concept	1309	1330	arterial hypertension
cardiovascular_arterial hypertension_7.txt	medication	concept	1386	1396	Lisinopril
cardiovascular_arterial hypertension_7.txt	medication	concept	1401	1414	ACE inhibitor
cardiovascular_arterial hypertension_7.txt	medication	concept	1453	1470	thiazide diuretic
cardiovascular_arterial hypertension_7.txt	medication	concept	1472	1491	Hydrochlorothiazide
cardiovascular_arterial hypertension_7.txt	medication	concept	2090	2100	Lisinopril
cardiovascular_arterial hypertension_7.txt	medication	concept	2123	2142	Hydrochlorothiazide
cardiovascular_arterial hypertension_7.txt	disease	concept	2288	2300	hypertension
cardiovascular_arterial hypertension_7.txt	symptom	concept	3101	3115	vision changes
cardiovascular_arterial hypertension_7.txt	symptom	concept	3117	3127	chest pain
cardiovascular_arterial hypertension_7.txt	symptom	concept	3132	3151	shortness of breath
cardiovascular_arterial hypertension_7.txt	procedure	concept	3254	3277	lifestyle modifications
cardiovascular_arterial hypertension_7.txt	medication	concept	3421	3447	non-prescribed medications
cardiovascular_arterial hypertension_7.txt	medication	concept	3460	3466	NSAIDs
cardiovascular_arterial hypertension_7.txt	disease	concept	3613	3625	hypertension
cardiovascular_arterial hypertension_7.txt	disease	concept	3689	3710	arterial hypertension
cardiovascular_arterial hypertension_7.txt	disease	concept	3921	3933	hypertension
cardiovascular_arterial hypertension_7.txt	procedure	concept	3990	3999	follow-up
cardiovascular_arterial hypertension_7.txt	procedure	concept	4004	4017	BP monitoring
cardiovascular_arterial hypertension_8.txt	disease	concept	326	347	Arterial Hypertension
cardiovascular_arterial hypertension_8.txt	symptom	concept	615	624	headaches
cardiovascular_arterial hypertension_8.txt	symptom	concept	637	646	dizziness
cardiovascular_arterial hypertension_8.txt	symptom	concept	672	681	nosebleed
cardiovascular_arterial hypertension_8.txt	disease	concept	929	950	arterial hypertension
cardiovascular_arterial hypertension_8.txt	medication	concept	1079	1090	medications
cardiovascular_arterial hypertension_8.txt	procedure	concept	1324	1334	urinalysis
cardiovascular_arterial hypertension_8.txt	medication	concept	1380	1402	fasting plasma glucose
cardiovascular_arterial hypertension_8.txt	disease	concept	1565	1586	arterial hypertension
cardiovascular_arterial hypertension_8.txt	disease	concept	1701	1724	white coat hypertension
cardiovascular_arterial hypertension_8.txt	procedure	concept	1954	1971	smoking cessation
cardiovascular_arterial hypertension_8.txt	medication	concept	2071	2081	Lisinopril
cardiovascular_arterial hypertension_8.txt	medication	concept	2138	2148	Amlodipine
cardiovascular_arterial hypertension_8.txt	symptom	concept	2432	2440	severity
cardiovascular_arterial hypertension_8.txt	procedure	concept	2535	2558	lifestyle modifications
cardiovascular_arterial hypertension_8.txt	medication	concept	2803	2813	Lisinopril
cardiovascular_arterial hypertension_8.txt	medication	concept	2842	2852	Amlodipine
cardiovascular_arterial hypertension_8.txt	symptom	concept	3384	3394	chest pain
cardiovascular_arterial hypertension_8.txt	symptom	concept	3396	3416	difficulty breathing
cardiovascular_arterial hypertension_9.txt	disease	concept	224	245	Arterial Hypertension
cardiovascular_arterial hypertension_9.txt	symptom	concept	459	468	headaches
cardiovascular_arterial hypertension_9.txt	symptom	concept	485	494	dizziness
cardiovascular_arterial hypertension_9.txt	disease	concept	828	849	arterial hypertension
cardiovascular_arterial hypertension_9.txt	procedure	concept	943	953	urinalysis
cardiovascular_arterial hypertension_9.txt	procedure	concept	955	966	lipid panel
cardiovascular_arterial hypertension_9.txt	disease	concept	1131	1142	hypokalemia
cardiovascular_arterial hypertension_9.txt	symptom	concept	1408	1419	weight loss
cardiovascular_arterial hypertension_9.txt	medication	concept	1545	1555	Lisinopril
cardiovascular_arterial hypertension_9.txt	medication	concept	1560	1573	ACE inhibitor
cardiovascular_arterial hypertension_9.txt	medication	concept	1776	1786	Amlodipine
cardiovascular_arterial hypertension_9.txt	medication	concept	2272	2282	Lisinopril
cardiovascular_arterial hypertension_9.txt	medication	concept	2311	2321	Amlodipine
cardiovascular_arterial hypertension_9.txt	symptom	concept	2607	2619	side effects
cardiovascular_arterial hypertension_9.txt	symptom	concept	3264	3286	adverse drug reactions
endocrinology_hypothyroidism_0.txt	disease	concept	290	312	Primary Hypothyroidism
endocrinology_hypothyroidism_0.txt	symptom	concept	457	464	fatigue
endocrinology_hypothyroidism_0.txt	symptom	concept	466	477	weight gain
endocrinology_hypothyroidism_0.txt	symptom	concept	479	495	cold intolerance
endocrinology_hypothyroidism_0.txt	symptom	concept	501	513	constipation
endocrinology_hypothyroidism_0.txt	symptom	concept	545	553	dry skin
endocrinology_hypothyroidism_0.txt	symptom	concept	555	566	bradycardia
endocrinology_hypothyroidism_0.txt	disease	concept	1083	1105	primary hypothyroidism
endocrinology_hypothyroidism_0.txt	disease	concept	1198	1228	normocytic-normochromic anemia
endocrinology_hypothyroidism_0.txt	disease	concept	1308	1330	primary hypothyroidism
endocrinology_hypothyroidism_0.txt	medication	concept	1364	1377	Levothyroxine
endocrinology_hypothyroidism_0.txt	disease	concept	1499	1512	heart disease
endocrinology_hypothyroidism_0.txt	medication	concept	1638	1649	medications
endocrinology_hypothyroidism_0.txt	symptom	concept	1735	1742	fatigue
endocrinology_hypothyroidism_0.txt	symptom	concept	1747	1763	cold intolerance
endocrinology_hypothyroidism_0.txt	medication	concept	1915	1928	levothyroxine
endocrinology_hypothyroidism_0.txt	medication	concept	1981	1994	levothyroxine
endocrinology_hypothyroidism_0.txt	disease	concept	2085	2099	hypothyroidism
endocrinology_hypothyroidism_0.txt	disease	concept	2104	2119	hyperthyroidism
endocrinology_hypothyroidism_0.txt	medication	concept	2246	2259	levothyroxine
endocrinology_hypothyroidism_0.txt	disease	concept	2774	2788	hypothyroidism
endocrinology_hypothyroidism_0.txt	symptom	concept	2796	2803	fatigue
endocrinology_hypothyroidism_0.txt	symptom	concept	2805	2816	weight gain
endocrinology_hypothyroidism_0.txt	disease	concept	2822	2837	hyperthyroidism
endocrinology_hypothyroidism_0.txt	symptom	concept	2845	2857	palpitations
endocrinology_hypothyroidism_0.txt	symptom	concept	2859	2870	weight loss
endocrinology_hypothyroidism_0.txt	symptom	concept	3055	3065	chest pain
endocrinology_hypothyroidism_0.txt	symptom	concept	3074	3093	shortness of breath
endocrinology_hypothyroidism_0.txt	symptom	concept	3098	3110	palpitations
endocrinology_hypothyroidism_0.txt	medication	concept	3312	3325	levothyroxine
endocrinology_hypothyroidism_0.txt	disease	concept	3412	3434	primary hypothyroidism
endocrinology_hypothyroidism_0.txt	medication	concept	3529	3542	levothyroxine
endocrinology_hypothyroidism_1.txt	symptom	concept	287	294	fatigue
endocrinology_hypothyroidism_1.txt	symptom	concept	296	307	weight gain
endocrinology_hypothyroidism_1.txt	symptom	concept	309	325	cold intolerance
endocrinology_hypothyroidism_1.txt	symptom	concept	331	343	constipation
endocrinology_hypothyroidism_1.txt	symptom	concept	487	494	fatigue
endocrinology_hypothyroidism_1.txt	symptom	concept	510	521	weight gain
endocrinology_hypothyroidism_1.txt	symptom	concept	572	576	cold
endocrinology_hypothyroidism_1.txt	symptom	concept	582	594	constipation
endocrinology_hypothyroidism_1.txt	disease	concept	756	768	Hypertension
endocrinology_hypothyroidism_1.txt	disease	concept	773	785	Dyslipidemia
endocrinology_hypothyroidism_1.txt	medication	concept	823	833	Lisinopril
endocrinology_hypothyroidism_1.txt	medication	concept	850	862	Atorvastatin
endocrinology_hypothyroidism_1.txt	symptom	concept	1012	1020	dry skin
endocrinology_hypothyroidism_1.txt	symptom	concept	1022	1033	bradycardia
endocrinology_hypothyroidism_1.txt	disease	concept	1403	1418	primary hypothy
endocrinology_hypothyroidism_1.txt	medication	concept	1489	1502	levothyroxine
endocrinology_hypothyroidism_1.txt	disease	concept	1595	1608	heart disease
endocrinology_hypothyroidism_1.txt	disease	concept	1664	1678	hypothyroidism
endocrinology_hypothyroidism_1.txt	symptom	concept	1887	1899	palpitations
endocrinology_hypothyroidism_1.txt	symptom	concept	1913	1920	anxiety
endocrinology_hypothyroidism_1.txt	medication	concept	2102	2115	levothyroxine
endocrinology_hypothyroidism_1.txt	disease	concept	2229	2243	hypothyroidism
endocrinology_hypothyroidism_1.txt	symptom	concept	2308	2320	side effects
endocrinology_hypothyroidism_1.txt	medication	concept	2565	2576	medications
endocrinology_hypothyroidism_1.txt	medication	concept	2634	2647	Levothyroxine
endocrinology_hypothyroidism_1.txt	medication	concept	2678	2688	Lisinopril
endocrinology_hypothyroidism_1.txt	medication	concept	2705	2717	Atorvastatin
endocrinology_hypothyroidism_1.txt	medication	concept	2884	2897	levothyroxine
endocrinology_hypothyroidism_1.txt	symptom	concept	3209	3221	palpitations
endocrinology_hypothyroidism_1.txt	symptom	concept	3223	3233	chest pain
endocrinology_hypothyroidism_1.txt	symptom	concept	3246	3253	fatigue
endocrinology_hypothyroidism_10.txt	symptom	concept	407	414	fatigue
endocrinology_hypothyroidism_10.txt	symptom	concept	416	427	weight gain
endocrinology_hypothyroidism_10.txt	symptom	concept	429	445	cold intolerance
endocrinology_hypothyroidism_10.txt	symptom	concept	451	463	constipation
endocrinology_hypothyroidism_10.txt	symptom	concept	530	541	bradycardia
endocrinology_hypothyroidism_10.txt	symptom	concept	574	589	tendon reflexes
endocrinology_hypothyroidism_10.txt	disease	concept	735	754	autoimmune diseases
endocrinology_hypothyroidism_10.txt	medication	concept	982	998	Triiodothyronine
endocrinology_hypothyroidism_10.txt	medication	concept	1344	1357	Levothyroxine
endocrinology_hypothyroidism_10.txt	disease	concept	1472	1485	heart disease
endocrinology_hypothyroidism_10.txt	disease	concept	1510	1532	primary hypothyroidism
endocrinology_hypothyroidism_10.txt	medication	concept	1589	1602	levothyroxine
endocrinology_hypothyroidism_10.txt	symptom	concept	1725	1732	fatigue
endocrinology_hypothyroidism_10.txt	symptom	concept	1737	1753	cold intolerance
endocrinology_hypothyroidism_10.txt	symptom	concept	1871	1883	constipation
endocrinology_hypothyroidism_10.txt	medication	concept	1958	1971	levothyroxine
endocrinology_hypothyroidism_10.txt	medication	concept	2161	2174	levothyroxine
endocrinology_hypothyroidism_10.txt	medication	concept	2208	2221	Levothyroxine
endocrinology_hypothyroidism_10.txt	disease	concept	2430	2442	hypertension
endocrinology_hypothyroidism_10.txt	disease	concept	2447	2467	hypercholesterolemia
endocrinology_hypothyroidism_10.txt	medication	concept	2706	2719	levothyroxine
endocrinology_hypothyroidism_10.txt	disease	concept	2801	2813	hypertension
endocrinology_hypothyroidism_10.txt	disease	concept	2818	2838	hypercholesterolemia
endocrinology_hypothyroidism_10.txt	medication	concept	2973	2986	levothyroxine
endocrinology_hypothyroidism_10.txt	symptom	concept	3068	3080	palpitations
endocrinology_hypothyroidism_10.txt	symptom	concept	3082	3092	chest pain
endocrinology_hypothyroidism_10.txt	symptom	concept	3109	3120	weight loss
endocrinology_hypothyroidism_10.txt	symptom	concept	3240	3252	constipation
endocrinology_hypothyroidism_10.txt	disease	concept	3386	3408	Primary Hypothyroidism
endocrinology_hypothyroidism_10.txt	medication	concept	3431	3444	levothyroxine
endocrinology_hypothyroidism_11.txt	symptom	concept	380	387	fatigue
endocrinology_hypothyroidism_11.txt	symptom	concept	389	400	weight gain
endocrinology_hypothyroidism_11.txt	symptom	concept	402	418	cold intolerance
endocrinology_hypothyroidism_11.txt	symptom	concept	424	436	constipation
endocrinology_hypothyroidism_11.txt	symptom	concept	736	743	fatigue
endocrinology_hypothyroidism_11.txt	symptom	concept	759	770	weight gain
endocrinology_hypothyroidism_11.txt	symptom	concept	830	842	constipation
endocrinology_hypothyroidism_11.txt	disease	concept	921	937	thyroid diseases
endocrinology_hypothyroidism_11.txt	disease	concept	1122	1152	normocytic-normochromic anemia
endocrinology_hypothyroidism_11.txt	disease	concept	1513	1535	primary hypothyroidism
endocrinology_hypothyroidism_11.txt	medication	concept	1697	1710	Levothyroxine
endocrinology_hypothyroidism_11.txt	medication	concept	2018	2031	Levothyroxine
endocrinology_hypothyroidism_11.txt	symptom	concept	2103	2110	fatigue
endocrinology_hypothyroidism_11.txt	symptom	concept	2115	2131	cold intolerance
endocrinology_hypothyroidism_11.txt	medication	concept	2376	2389	Levothyroxine
endocrinology_hypothyroidism_11.txt	disease	concept	2574	2586	hypertension
endocrinology_hypothyroidism_11.txt	medication	concept	2786	2799	Levothyroxine
endocrinology_hypothyroidism_11.txt	disease	concept	2834	2848	hypothyroidism
endocrinology_hypothyroidism_11.txt	medication	concept	2923	2936	Levothyroxine
endocrinology_hypothyroidism_11.txt	medication	concept	3376	3389	Levothyroxine
endocrinology_hypothyroidism_11.txt	symptom	concept	3438	3450	palpitations
endocrinology_hypothyroidism_11.txt	symptom	concept	3452	3459	anxiety
endocrinology_hypothyroidism_11.txt	symptom	concept	3464	3472	insomnia
endocrinology_hypothyroidism_11.txt	disease	concept	3601	3615	hypothyroidism
endocrinology_hypothyroidism_11.txt	medication	concept	3665	3678	Levothyroxine
endocrinology_hypothyroidism_12.txt	symptom	concept	559	566	fatigue
endocrinology_hypothyroidism_12.txt	symptom	concept	568	579	weight gain
endocrinology_hypothyroidism_12.txt	symptom	concept	585	601	cold intolerance
endocrinology_hypothyroidism_12.txt	symptom	concept	677	689	constipation
endocrinology_hypothyroidism_12.txt	symptom	concept	694	702	dry skin
endocrinology_hypothyroidism_12.txt	disease	concept	736	751	thyroid disease
endocrinology_hypothyroidism_12.txt	medication	concept	1389	1402	Levothyroxine
endocrinology_hypothyroidism_12.txt	disease	concept	1500	1513	heart disease
endocrinology_hypothyroidism_12.txt	symptom	concept	1727	1734	Fatigue
endocrinology_hypothyroidism_12.txt	symptom	concept	1739	1755	cold intolerance
endocrinology_hypothyroidism_12.txt	medication	concept	1933	1946	Levothyroxine
endocrinology_hypothyroidism_12.txt	medication	concept	1987	2000	Levothyroxine
endocrinology_hypothyroidism_12.txt	disease	concept	2127	2139	hypertension
endocrinology_hypothyroidism_12.txt	disease	concept	2144	2158	hyperlipidemia
endocrinology_hypothyroidism_12.txt	medication	concept	2375	2388	Levothyroxine
endocrinology_hypothyroidism_12.txt	disease	concept	2431	2445	hypothyroidism
endocrinology_hypothyroidism_12.txt	medication	concept	2761	2774	Levothyroxine
endocrinology_hypothyroidism_12.txt	medication	concept	2955	2968	Levothyroxine
endocrinology_hypothyroidism_12.txt	symptom	concept	2980	2992	palpitations
endocrinology_hypothyroidism_12.txt	symptom	concept	3004	3012	sweating
endocrinology_hypothyroidism_12.txt	symptom	concept	3018	3025	anxiety
endocrinology_hypothyroidism_12.txt	disease	concept	3265	3279	hypothyroidism
endocrinology_hypothyroidism_12.txt	procedure	concept	3330	3352	follow-up appointments
endocrinology_hypothyroidism_12.txt	medication	concept	3392	3405	Levothyroxine
endocrinology_hypothyroidism_13.txt	disease	concept	250	272	Primary Hypothyroidism
endocrinology_hypothyroidism_13.txt	symptom	concept	419	426	fatigue
endocrinology_hypothyroidism_13.txt	symptom	concept	428	439	weight gain
endocrinology_hypothyroidism_13.txt	symptom	concept	441	457	cold intolerance
endocrinology_hypothyroidism_13.txt	symptom	concept	463	475	constipation
endocrinology_hypothyroidism_13.txt	symptom	concept	587	595	dry skin
endocrinology_hypothyroidism_13.txt	symptom	concept	600	609	hair loss
endocrinology_hypothyroidism_13.txt	disease	concept	1321	1351	Normocytic-normochromic anemia
endocrinology_hypothyroidism_13.txt	disease	concept	1440	1462	primary hypothyroidism
endocrinology_hypothyroidism_13.txt	medication	concept	1530	1543	levothyroxine
endocrinology_hypothyroidism_13.txt	disease	concept	1638	1651	heart disease
endocrinology_hypothyroidism_13.txt	medication	concept	1866	1879	levothyroxine
endocrinology_hypothyroidism_13.txt	medication	concept	2234	2247	Levothyroxine
endocrinology_hypothyroidism_13.txt	medication	concept	2546	2559	levothyroxine
endocrinology_hypothyroidism_13.txt	medication	concept	2808	2821	levothyroxine
endocrinology_hypothyroidism_13.txt	symptom	concept	2884	2896	palpitations
endocrinology_hypothyroidism_13.txt	symptom	concept	2898	2908	chest pain
endocrinology_hypothyroidism_13.txt	symptom	concept	2910	2928	excessive sweating
endocrinology_hypothyroidism_13.txt	symptom	concept	2933	2944	weight loss
endocrinology_hypothyroidism_13.txt	medication	concept	3164	3177	levothyroxine
endocrinology_hypothyroidism_13.txt	symptom	concept	3299	3316	adverse reactions
endocrinology_hypothyroidism_14.txt	symptom	concept	338	354	cold intolerance
endocrinology_hypothyroidism_14.txt	disease	concept	761	776	thyroid disease
endocrinology_hypothyroidism_14.txt	symptom	concept	982	993	bradycardia
endocrinology_hypothyroidism_14.txt	disease	concept	1243	1273	normocytic-normochromic anemia
endocrinology_hypothyroidism_14.txt	disease	concept	1424	1446	primary hypothyroidism
endocrinology_hypothyroidism_14.txt	medication	concept	1543	1556	Levothyroxine
endocrinology_hypothyroidism_14.txt	disease	concept	1642	1655	heart disease
endocrinology_hypothyroidism_14.txt	medication	concept	2144	2157	Levothyroxine
endocrinology_hypothyroidism_14.txt	procedure	concept	2263	2283	dietary consultation
endocrinology_hypothyroidism_14.txt	symptom	concept	2385	2397	side effects
endocrinology_hypothyroidism_14.txt	medication	concept	2504	2517	Levothyroxine
endocrinology_hypothyroidism_14.txt	medication	concept	3011	3024	Levothyroxine
endocrinology_hypothyroidism_14.txt	symptom	concept	3100	3112	palpitations
endocrinology_hypothyroidism_14.txt	symptom	concept	3114	3125	nervousness
endocrinology_hypothyroidism_14.txt	symptom	concept	3127	3137	chest pain
endocrinology_hypothyroidism_14.txt	symptom	concept	3149	3157	sweating
endocrinology_hypothyroidism_14.txt	symptom	concept	3179	3186	fatigue
endocrinology_hypothyroidism_14.txt	symptom	concept	3188	3199	weight gain
endocrinology_hypothyroidism_14.txt	symptom	concept	3201	3213	constipation
endocrinology_hypothyroidism_14.txt	medication	concept	3425	3438	levothyroxine
endocrinology_hypothyroidism_14.txt	medication	concept	3522	3535	levothyroxine
endocrinology_hypothyroidism_14.txt	disease	concept	3627	3641	hypothyroidism
endocrinology_hypothyroidism_15.txt	disease	concept	221	245	Suspected Hypothyroidism
endocrinology_hypothyroidism_15.txt	disease	concept	269	291	Primary Hypothyroidism
endocrinology_hypothyroidism_15.txt	disease	concept	426	443	thyroid disorders
endocrinology_hypothyroidism_15.txt	symptom	concept	523	530	fatigue
endocrinology_hypothyroidism_15.txt	symptom	concept	532	543	weight gain
endocrinology_hypothyroidism_15.txt	symptom	concept	549	565	cold intolerance
endocrinology_hypothyroidism_15.txt	symptom	concept	682	693	bradycardia
endocrinology_hypothyroidism_15.txt	disease	concept	1000	1022	primary hypothyroidism
endocrinology_hypothyroidism_15.txt	medication	concept	1246	1259	levothyroxine
endocrinology_hypothyroidism_15.txt	disease	concept	1354	1367	heart disease
endocrinology_hypothyroidism_15.txt	medication	concept	1394	1407	levothyroxine
endocrinology_hypothyroidism_15.txt	disease	concept	1660	1674	hypothyroidism
endocrinology_hypothyroidism_15.txt	symptom	concept	1781	1791	heart rate
endocrinology_hypothyroidism_15.txt	medication	concept	1888	1901	levothyroxine
endocrinology_hypothyroidism_15.txt	medication	concept	1946	1959	Levothyroxine
endocrinology_hypothyroidism_15.txt	medication	concept	2035	2063	antihypertensive medications
endocrinology_hypothyroidism_15.txt	medication	concept	2294	2307	levothyroxine
endocrinology_hypothyroidism_15.txt	symptom	concept	2451	2463	palpitations
endocrinology_hypothyroidism_15.txt	symptom	concept	2475	2482	anxiety
endocrinology_hypothyroidism_15.txt	symptom	concept	2487	2495	insomnia
endocrinology_hypothyroidism_15.txt	medication	concept	2567	2580	levothyroxine
endocrinology_hypothyroidism_15.txt	medication	concept	2609	2616	calcium
endocrinology_hypothyroidism_15.txt	symptom	concept	3057	3078	cardiovascular health
endocrinology_hypothyroidism_15.txt	disease	concept	3146	3160	hypothyroidism
endocrinology_hypothyroidism_15.txt	medication	concept	3187	3200	levothyroxine
endocrinology_hypothyroidism_15.txt	medication	concept	3441	3454	levothyroxine
endocrinology_hypothyroidism_15.txt	disease	concept	3653	3667	hypothyroidism
endocrinology_hypothyroidism_15.txt	disease	concept	3671	3686	hyperthyroidism
endocrinology_hypothyroidism_15.txt	disease	concept	3985	4007	primary hypothyroidism
endocrinology_hypothyroidism_15.txt	procedure	concept	4048	4057	diagnosis
endocrinology_hypothyroidism_16.txt	disease	concept	301	331	Normocytic-Normochromic Anemia
endocrinology_hypothyroidism_16.txt	symptom	concept	448	455	fatigue
endocrinology_hypothyroidism_16.txt	symptom	concept	457	468	weight gain
endocrinology_hypothyroidism_16.txt	symptom	concept	470	486	cold intolerance
endocrinology_hypothyroidism_16.txt	symptom	concept	488	500	constipation
endocrinology_hypothyroidism_16.txt	symptom	concept	506	514	dry skin
endocrinology_hypothyroidism_16.txt	disease	concept	966	988	primary hypothyroidism
endocrinology_hypothyroidism_16.txt	medication	concept	1226	1239	Levothyroxine
endocrinology_hypothyroidism_16.txt	medication	concept	1485	1498	Levothyroxine
endocrinology_hypothyroidism_16.txt	disease	concept	1756	1774	hypochromic anemia
endocrinology_hypothyroidism_16.txt	medication	concept	2383	2396	Levothyroxine
endocrinology_hypothyroidism_16.txt	medication	concept	2475	2490	Ferrous sulfate
endocrinology_hypothyroidism_16.txt	disease	concept	2527	2549	iron deficiency anemia
endocrinology_hypothyroidism_16.txt	medication	concept	2805	2818	Levothyroxine
endocrinology_hypothyroidism_16.txt	medication	concept	2989	3002	Levothyroxine
endocrinology_hypothyroidism_16.txt	medication	concept	3082	3086	iron
endocrinology_hypothyroidism_16.txt	disease	concept	3230	3244	hypothyroidism
endocrinology_hypothyroidism_16.txt	symptom	concept	3273	3290	adverse reactions
endocrinology_hypothyroidism_16.txt	medication	concept	3306	3316	medication
endocrinology_hypothyroidism_16.txt	disease	concept	3456	3470	hypothyroidism
endocrinology_hypothyroidism_17.txt	symptom	concept	368	375	fatigue
endocrinology_hypothyroidism_17.txt	symptom	concept	377	388	weight gain
endocrinology_hypothyroidism_17.txt	symptom	concept	394	410	cold intolerance
endocrinology_hypothyroidism_17.txt	symptom	concept	458	470	hypertension
endocrinology_hypothyroidism_17.txt	symptom	concept	576	584	dry skin
endocrinology_hypothyroidism_17.txt	symptom	concept	586	597	bradycardia
endocrinology_hypothyroidism_17.txt	symptom	concept	630	645	tendon reflexes
endocrinology_hypothyroidism_17.txt	medication	concept	1148	1161	Levothyroxine
endocrinology_hypothyroidism_17.txt	medication	concept	1330	1343	levothyroxine
endocrinology_hypothyroidism_17.txt	symptom	concept	1451	1465	Blood pressure
endocrinology_hypothyroidism_17.txt	symptom	concept	1470	1480	heart rate
endocrinology_hypothyroidism_17.txt	medication	concept	1615	1628	levothyroxine
endocrinology_hypothyroidism_17.txt	symptom	concept	1711	1727	cold intolerance
endocrinology_hypothyroidism_17.txt	medication	concept	1982	1995	levothyroxine
endocrinology_hypothyroidism_17.txt	symptom	concept	2255	2267	palpitations
endocrinology_hypothyroidism_17.txt	symptom	concept	2269	2279	chest pain
endocrinology_hypothyroidism_17.txt	symptom	concept	2294	2301	anxiety
endocrinology_hypothyroidism_17.txt	medication	concept	2492	2505	Levothyroxine
endocrinology_hypothyroidism_17.txt	medication	concept	2700	2728	over-the-counter supplements
endocrinology_hypothyroidism_17.txt	medication	concept	2843	2856	levothyroxine
endocrinology_hypothyroidism_17.txt	disease	concept	2889	2903	hypothyroidism
endocrinology_hypothyroidism_17.txt	disease	concept	2908	2923	hyperthyroidism
endocrinology_hypothyroidism_17.txt	medication	concept	2944	2957	levothyroxine
endocrinology_hypothyroidism_17.txt	disease	concept	3065	3079	hypothyroidism
endocrinology_hypothyroidism_17.txt	medication	concept	3127	3140	levothyroxine
endocrinology_hypothyroidism_17.txt	procedure	concept	3248	3270	follow-up appointments
endocrinology_hypothyroidism_17.txt	disease	concept	3359	3373	hypothyroidism
endocrinology_hypothyroidism_18.txt	symptom	concept	399	406	fatigue
endocrinology_hypothyroidism_18.txt	symptom	concept	408	419	weight gain
endocrinology_hypothyroidism_18.txt	symptom	concept	421	437	cold intolerance
endocrinology_hypothyroidism_18.txt	symptom	concept	443	455	constipation
endocrinology_hypothyroidism_18.txt	disease	concept	980	1002	primary hypothyroidism
endocrinology_hypothyroidism_18.txt	disease	concept	1072	1094	primary hypothyroidism
endocrinology_hypothyroidism_18.txt	medication	concept	1147	1160	Levothyroxine
endocrinology_hypothyroidism_18.txt	medication	concept	1199	1212	Levothyroxine
endocrinology_hypothyroidism_18.txt	disease	concept	1249	1262	heart disease
endocrinology_hypothyroidism_18.txt	disease	concept	1331	1337	Anemia
endocrinology_hypothyroidism_18.txt	medication	concept	1611	1624	Levothyroxine
endocrinology_hypothyroidism_18.txt	medication	concept	1919	1932	Levothyroxine
endocrinology_hypothyroidism_18.txt	medication	concept	2342	2355	Levothyroxine
endocrinology_hypothyroidism_18.txt	medication	concept	2443	2456	Levothyroxine
endocrinology_hypothyroidism_18.txt	medication	concept	2694	2707	Levothyroxine
endocrinology_hypothyroidism_18.txt	disease	concept	2802	2815	myxedema coma
endocrinology_hypothyroidism_18.txt	medication	concept	3190	3201	medications
endocrinology_hypothyroidism_18.txt	symptom	concept	3313	3325	side effects
endocrinology_hypothyroidism_19.txt	disease	concept	219	241	Primary Hypothyroidism
endocrinology_hypothyroidism_19.txt	symptom	concept	382	389	fatigue
endocrinology_hypothyroidism_19.txt	symptom	concept	391	402	weight gain
endocrinology_hypothyroidism_19.txt	symptom	concept	408	424	cold intolerance
endocrinology_hypothyroidism_19.txt	medication	concept	574	581	tobacco
endocrinology_hypothyroidism_19.txt	medication	concept	583	590	alcohol
endocrinology_hypothyroidism_19.txt	medication	concept	595	608	illicit drugs
endocrinology_hypothyroidism_19.txt	disease	concept	638	652	hypothyroidism
endocrinology_hypothyroidism_19.txt	symptom	concept	734	745	bradycardia
endocrinology_hypothyroidism_19.txt	symptom	concept	805	813	dry skin
endocrinology_hypothyroidism_19.txt	symptom	concept	815	831	facial puffiness
endocrinology_hypothyroidism_19.txt	symptom	concept	1464	1471	nodules
endocrinology_hypothyroidism_19.txt	symptom	concept	1475	1486	enlargement
endocrinology_hypothyroidism_19.txt	medication	concept	1586	1599	Levothyroxine
endocrinology_hypothyroidism_19.txt	disease	concept	1630	1643	heart disease
endocrinology_hypothyroidism_19.txt	symptom	concept	1885	1892	fatigue
endocrinology_hypothyroidism_19.txt	symptom	concept	1897	1913	cold intolerance
endocrinology_hypothyroidism_19.txt	medication	concept	2085	2098	Levothyroxine
endocrinology_hypothyroidism_19.txt	symptom	concept	2112	2118	anemia
endocrinology_hypothyroidism_19.txt	disease	concept	2247	2261	hyperlipidemia
endocrinology_hypothyroidism_19.txt	medication	concept	2295	2308	Levothyroxine
endocrinology_hypothyroidism_19.txt	symptom	concept	2562	2576	blood pressure
endocrinology_hypothyroidism_19.txt	medication	concept	2680	2693	Levothyroxine
endocrinology_hypothyroidism_19.txt	medication	concept	2828	2841	Levothyroxine
endocrinology_hypothyroidism_19.txt	symptom	concept	3013	3025	palpitations
endocrinology_hypothyroidism_19.txt	symptom	concept	3037	3044	anxiety
endocrinology_hypothyroidism_19.txt	disease	concept	3124	3146	primary hypothyroidism
endocrinology_hypothyroidism_19.txt	disease	concept	3324	3339	hyperthyroidism
endocrinology_hypothyroidism_19.txt	disease	concept	3412	3434	primary hypothyroidism
endocrinology_hypothyroidism_19.txt	medication	concept	3522	3535	Levothyroxine
endocrinology_hypothyroidism_19.txt	medication	concept	3584	3594	medication
endocrinology_hypothyroidism_2.txt	symptom	concept	455	462	fatigue
endocrinology_hypothyroidism_2.txt	symptom	concept	464	475	weight gain
endocrinology_hypothyroidism_2.txt	symptom	concept	499	507	dry skin
endocrinology_hypothyroidism_2.txt	disease	concept	600	614	hyperlipidemia
endocrinology_hypothyroidism_2.txt	disease	concept	1024	1046	primary hypothyroidism
endocrinology_hypothyroidism_2.txt	medication	concept	1293	1306	Levothyroxine
endocrinology_hypothyroidism_2.txt	disease	concept	1614	1628	hypothyroidism
endocrinology_hypothyroidism_2.txt	medication	concept	1863	1876	Levothyroxine
endocrinology_hypothyroidism_2.txt	symptom	concept	2063	2070	fatigue
endocrinology_hypothyroidism_2.txt	symptom	concept	2072	2084	constipation
endocrinology_hypothyroidism_2.txt	symptom	concept	2130	2142	palpitations
endocrinology_hypothyroidism_2.txt	symptom	concept	2154	2162	sweating
endocrinology_hypothyroidism_2.txt	symptom	concept	2168	2179	weight loss
endocrinology_hypothyroidism_2.txt	medication	concept	2365	2378	Levothyroxine
endocrinology_hypothyroidism_2.txt	medication	concept	2548	2558	Lisinopril
endocrinology_hypothyroidism_2.txt	disease	concept	2589	2601	hypertension
endocrinology_hypothyroidism_2.txt	medication	concept	2607	2619	Atorvastatin
endocrinology_hypothyroidism_2.txt	disease	concept	2650	2664	hyperlipidemia
endocrinology_hypothyroidism_2.txt	disease	concept	2811	2825	hypothyroidism
endocrinology_hypothyroidism_2.txt	medication	concept	2850	2863	Levothyroxine
endocrinology_hypothyroidism_2.txt	procedure	concept	3033	3049	Laboratory Tests
endocrinology_hypothyroidism_2.txt	medication	concept	3270	3283	Levothyroxine
endocrinology_hypothyroidism_2.txt	disease	concept	3349	3364	hyperthyroidism
endocrinology_hypothyroidism_2.txt	symptom	concept	3778	3790	side effects
endocrinology_hypothyroidism_20.txt	disease	concept	295	309	Hypothyroidism
endocrinology_hypothyroidism_20.txt	symptom	concept	458	465	fatigue
endocrinology_hypothyroidism_20.txt	symptom	concept	467	478	weight gain
endocrinology_hypothyroidism_20.txt	symptom	concept	480	496	cold intolerance
endocrinology_hypothyroidism_20.txt	symptom	concept	502	514	constipation
endocrinology_hypothyroidism_20.txt	disease	concept	637	656	autoimmune diseases
endocrinology_hypothyroidism_20.txt	disease	concept	684	698	hypothyroidism
endocrinology_hypothyroidism_20.txt	disease	concept	733	746	heart disease
endocrinology_hypothyroidism_20.txt	disease	concept	1394	1400	goiter
endocrinology_hypothyroidism_20.txt	medication	concept	1594	1607	Levothyroxine
endocrinology_hypothyroidism_20.txt	disease	concept	1738	1751	heart disease
endocrinology_hypothyroidism_20.txt	symptom	concept	1816	1828	side effects
endocrinology_hypothyroidism_20.txt	medication	concept	2135	2148	levothyroxine
endocrinology_hypothyroidism_20.txt	medication	concept	2272	2285	levothyroxine
endocrinology_hypothyroidism_20.txt	medication	concept	2452	2465	Levothyroxine
endocrinology_hypothyroidism_20.txt	medication	concept	2792	2805	levothyroxine
endocrinology_hypothyroidism_20.txt	medication	concept	2880	2893	levothyroxine
endocrinology_hypothyroidism_20.txt	disease	concept	3034	3049	hyperthyroidism
endocrinology_hypothyroidism_20.txt	symptom	concept	3057	3069	palpitations
endocrinology_hypothyroidism_20.txt	symptom	concept	3081	3089	sweating
endocrinology_hypothyroidism_20.txt	symptom	concept	3091	3102	weight loss
endocrinology_hypothyroidism_20.txt	disease	concept	3117	3131	hypothyroidism
endocrinology_hypothyroidism_20.txt	disease	concept	3303	3317	hypothyroidism
endocrinology_hypothyroidism_20.txt	medication	concept	3347	3360	levothyroxine
endocrinology_hypothyroidism_21.txt	symptom	concept	392	399	fatigue
endocrinology_hypothyroidism_21.txt	symptom	concept	401	412	weight gain
endocrinology_hypothyroidism_21.txt	symptom	concept	418	434	cold intolerance
endocrinology_hypothyroidism_21.txt	symptom	concept	564	571	fatigue
endocrinology_hypothyroidism_21.txt	symptom	concept	585	596	weight gain
endocrinology_hypothyroidism_21.txt	symptom	concept	690	702	constipation
endocrinology_hypothyroidism_21.txt	symptom	concept	707	715	dry skin
endocrinology_hypothyroidism_21.txt	disease	concept	766	783	thyroid disorders
endocrinology_hypothyroidism_21.txt	symptom	concept	828	842	hypothyroidism
endocrinology_hypothyroidism_21.txt	medication	concept	1642	1655	Levothyroxine
endocrinology_hypothyroidism_21.txt	disease	concept	1671	1685	hypothyroidism
endocrinology_hypothyroidism_21.txt	disease	concept	1722	1735	heart disease
endocrinology_hypothyroidism_21.txt	symptom	concept	2055	2062	fatigue
endocrinology_hypothyroidism_21.txt	medication	concept	2170	2183	Levothyroxine
endocrinology_hypothyroidism_21.txt	medication	concept	2374	2387	Levothyroxine
endocrinology_hypothyroidism_21.txt	procedure	concept	2446	2467	follow-up appointment
endocrinology_hypothyroidism_21.txt	medication	concept	2560	2573	Levothyroxine
endocrinology_hypothyroidism_21.txt	symptom	concept	2834	2846	palpitations
endocrinology_hypothyroidism_21.txt	symptom	concept	2848	2866	excessive sweating
endocrinology_hypothyroidism_21.txt	symptom	concept	2872	2884	restlessness
endocrinology_hypothyroidism_21.txt	symptom	concept	2926	2931	fatig
endocrinology_hypothyroidism_21.txt	symptom	concept	2935	2946	weight gain
endocrinology_hypothyroidism_21.txt	symptom	concept	2952	2968	cold intolerance
endocrinology_hypothyroidism_21.txt	procedure	concept	3152	3172	physical examination
endocrinology_hypothyroidism_21.txt	procedure	concept	3185	3207	thyroid function tests
endocrinology_hypothyroidism_21.txt	disease	concept	3382	3396	hypothyroidism
endocrinology_hypothyroidism_21.txt	medication	concept	3425	3438	levothyroxine
endocrinology_hypothyroidism_22.txt	symptom	concept	354	361	fatigue
endocrinology_hypothyroidism_22.txt	symptom	concept	381	393	constipation
endocrinology_hypothyroidism_22.txt	symptom	concept	410	421	weight gain
endocrinology_hypothyroidism_22.txt	disease	concept	764	776	Hypertension
endocrinology_hypothyroidism_22.txt	medication	concept	912	922	Lisinopril
endocrinology_hypothyroidism_22.txt	disease	concept	938	950	hypertension
endocrinology_hypothyroidism_22.txt	symptom	concept	1077	1088	bradycardia
endocrinology_hypothyroidism_22.txt	symptom	concept	1500	1505	cysts
endocrinology_hypothyroidism_22.txt	disease	concept	1522	1544	Primary Hypothyroidism
endocrinology_hypothyroidism_22.txt	disease	concept	1587	1609	primary hypothyroidism
endocrinology_hypothyroidism_22.txt	medication	concept	1635	1648	Levothyroxine
endocrinology_hypothyroidism_22.txt	medication	concept	2101	2114	Levothyroxine
endocrinology_hypothyroidism_22.txt	medication	concept	2237	2250	Levothyroxine
endocrinology_hypothyroidism_22.txt	medication	concept	2359	2369	Lisinopril
endocrinology_hypothyroidism_22.txt	medication	concept	2552	2565	Levothyroxine
endocrinology_hypothyroidism_22.txt	symptom	concept	2694	2704	chest pain
endocrinology_hypothyroidism_22.txt	symptom	concept	2706	2718	palpitations
endocrinology_hypothyroidism_22.txt	symptom	concept	2746	2752	weight
endocrinology_hypothyroidism_22.txt	medication	concept	2942	2955	Levothyroxine
endocrinology_hypothyroidism_22.txt	symptom	concept	3142	3150	symptoms
endocrinology_hypothyroidism_23.txt	symptom	concept	347	354	fatigue
endocrinology_hypothyroidism_23.txt	symptom	concept	356	367	weight gain
endocrinology_hypothyroidism_23.txt	symptom	concept	369	385	cold intolerance
endocrinology_hypothyroidism_23.txt	symptom	concept	391	399	dry skin
endocrinology_hypothyroidism_23.txt	symptom	concept	575	586	weight gain
endocrinology_hypothyroidism_23.txt	symptom	concept	689	701	constipation
endocrinology_hypothyroidism_23.txt	disease	concept	896	908	Hypertension
endocrinology_hypothyroidism_23.txt	medication	concept	926	936	lisinopril
endocrinology_hypothyroidism_23.txt	disease	concept	1003	1018	thyroid disease
endocrinology_hypothyroidism_23.txt	disease	concept	1814	1836	primary hypothyroidism
endocrinology_hypothyroidism_23.txt	medication	concept	1875	1888	Levothyroxine
endocrinology_hypothyroidism_23.txt	medication	concept	2196	2209	levothyroxine
endocrinology_hypothyroidism_23.txt	symptom	concept	2410	2422	side effects
endocrinology_hypothyroidism_23.txt	medication	concept	2632	2642	lisinopril
endocrinology_hypothyroidism_23.txt	symptom	concept	2648	2662	blood pressure
endocrinology_hypothyroidism_23.txt	medication	concept	2734	2747	Levothyroxine
endocrinology_hypothyroidism_23.txt	medication	concept	2880	2897	ntinue lisinopril
endocrinology_hypothyroidism_23.txt	disease	concept	2914	2926	hypertension
endocrinology_hypothyroidism_23.txt	disease	concept	3019	3033	hypothyroidism
endocrinology_hypothyroidism_23.txt	disease	concept	3199	3213	hypothyroidism
endocrinology_hypothyroidism_23.txt	disease	concept	3218	3233	hyperthyroidism
endocrinology_hypothyroidism_23.txt	disease	concept	3518	3530	hypertension
endocrinology_hypothyroidism_23.txt	disease	concept	3665	3679	hypothyroidism
endocrinology_hypothyroidism_23.txt	medication	concept	3792	3805	levothyroxine
endocrinology_hypothyroidism_24.txt	disease	concept	400	430	Normocytic Normochromic Anemia
endocrinology_hypothyroidism_24.txt	disease	concept	432	452	Hypercholesterolemia
endocrinology_hypothyroidism_24.txt	disease	concept	617	632	thyroid disease
endocrinology_hypothyroidism_24.txt	symptom	concept	712	719	fatigue
endocrinology_hypothyroidism_24.txt	symptom	concept	721	732	weight gain
endocrinology_hypothyroidism_24.txt	symptom	concept	738	754	cold intolerance
endocrinology_hypothyroidism_24.txt	disease	concept	1144	1166	primary hypothyroidism
endocrinology_hypothyroidism_24.txt	disease	concept	1336	1349	heart disease
endocrinology_hypothyroidism_24.txt	medication	concept	1351	1364	levothyroxine
endocrinology_hypothyroidism_24.txt	disease	concept	1478	1492	hypothyroidism
endocrinology_hypothyroidism_24.txt	medication	concept	1609	1622	levothyroxine
endocrinology_hypothyroidism_24.txt	medication	concept	1719	1732	Levothyroxine
endocrinology_hypothyroidism_24.txt	medication	concept	1799	1818	Hydrochlorothiazide
endocrinology_hypothyroidism_24.txt	medication	concept	1865	1877	Atorvastatin
endocrinology_hypothyroidism_24.txt	disease	concept	1906	1926	hypercholesterolemia
endocrinology_hypothyroidism_24.txt	medication	concept	2112	2125	levothyroxine
endocrinology_hypothyroidism_24.txt	medication	concept	2168	2181	levothyroxine
endocrinology_hypothyroidism_24.txt	medication	concept	2448	2461	levothyroxine
endocrinology_hypothyroidism_24.txt	medication	concept	2558	2577	hydrochlorothiazide
endocrinology_hypothyroidism_24.txt	medication	concept	2582	2594	atorvastatin
endocrinology_hypothyroidism_24.txt	symptom	concept	2637	2647	chest pain
endocrinology_hypothyroidism_24.txt	symptom	concept	2649	2661	palpitations
endocrinology_hypothyroidism_24.txt	symptom	concept	2673	2681	sweating
endocrinology_hypothyroidism_24.txt	symptom	concept	2981	2993	side effects
endocrinology_hypothyroidism_24.txt	medication	concept	3008	3019	medications
endocrinology_hypothyroidism_24.txt	disease	concept	3099	3113	hypothyroidism
endocrinology_hypothyroidism_25.txt	disease	concept	352	382	Normocytic Normochromic Anemia
endocrinology_hypothyroidism_25.txt	symptom	concept	515	522	fatigue
endocrinology_hypothyroidism_25.txt	symptom	concept	524	535	weight gain
endocrinology_hypothyroidism_25.txt	symptom	concept	541	557	cold intolerance
endocrinology_hypothyroidism_25.txt	symptom	concept	625	636	bradycardia
endocrinology_hypothyroidism_25.txt	medication	concept	1002	1018	Triiodothyronine
endocrinology_hypothyroidism_25.txt	disease	concept	1315	1345	normocytic normochromic anemia
endocrinology_hypothyroidism_25.txt	medication	concept	1423	1436	Levothyroxine
endocrinology_hypothyroidism_25.txt	disease	concept	1498	1511	heart disease
endocrinology_hypothyroidism_25.txt	medication	concept	1620	1633	Levothyroxine
endocrinology_hypothyroidism_25.txt	symptom	concept	1951	1958	fatigue
endocrinology_hypothyroidism_25.txt	symptom	concept	1963	1979	cold intolerance
endocrinology_hypothyroidism_25.txt	medication	concept	2360	2373	Levothyroxine
endocrinology_hypothyroidism_25.txt	medication	concept	2705	2718	Levothyroxine
endocrinology_hypothyroidism_25.txt	disease	concept	3084	3098	hypothyroidism
endocrinology_hypothyroidism_25.txt	disease	concept	3102	3117	hyperthyroidism
endocrinology_hypothyroidism_25.txt	disease	concept	3351	3364	myxedema coma
endocrinology_hypothyroidism_25.txt	symptom	concept	3374	3389	extreme fatigue
endocrinology_hypothyroidism_25.txt	symptom	concept	3391	3407	cold intolerance
endocrinology_hypothyroidism_25.txt	symptom	concept	3412	3421	confusion
endocrinology_hypothyroidism_26.txt	disease	concept	296	326	Normocytic Normochromic Anemia
endocrinology_hypothyroidism_26.txt	disease	concept	328	348	Hypercholesterolemia
endocrinology_hypothyroidism_26.txt	symptom	concept	510	517	fatigue
endocrinology_hypothyroidism_26.txt	symptom	concept	519	530	weight gain
endocrinology_hypothyroidism_26.txt	symptom	concept	532	548	cold intolerance
endocrinology_hypothyroidism_26.txt	symptom	concept	554	566	constipation
endocrinology_hypothyroidism_26.txt	disease	concept	853	875	primary hypothyroidism
endocrinology_hypothyroidism_26.txt	disease	concept	968	998	normocytic normochromic anemia
endocrinology_hypothyroidism_26.txt	medication	concept	1109	1122	levothyroxine
endocrinology_hypothyroidism_26.txt	disease	concept	1216	1229	heart disease
endocrinology_hypothyroidism_26.txt	symptom	concept	1273	1290	adverse reactions
endocrinology_hypothyroidism_26.txt	symptom	concept	1414	1421	fatigue
endocrinology_hypothyroidism_26.txt	disease	concept	1479	1485	anemia
endocrinology_hypothyroidism_26.txt	disease	concept	1589	1604	atherosclerosis
endocrinology_hypothyroidism_26.txt	medication	concept	1876	1889	Levothyroxine
endocrinology_hypothyroidism_26.txt	medication	concept	2192	2205	levothyroxine
endocrinology_hypothyroidism_26.txt	disease	concept	2279	2294	hyperthyroidism
endocrinology_hypothyroidism_26.txt	disease	concept	2367	2373	anemia
endocrinology_hypothyroidism_26.txt	medication	concept	2463	2476	levothyroxine
endocrinology_hypothyroidism_26.txt	procedure	concept	2657	2668	blood tests
endocrinology_hypothyroidism_26.txt	symptom	concept	2979	2989	chest pain
endocrinology_hypothyroidism_26.txt	symptom	concept	2991	3003	palpitations
endocrinology_hypothyroidism_26.txt	symptom	concept	3005	3020	extreme fatigue
endocrinology_hypothyroidism_26.txt	medication	concept	3107	3120	levothyroxine
endocrinology_hypothyroidism_26.txt	medication	concept	3224	3237	levothyroxine
endocrinology_hypothyroidism_26.txt	medication	concept	3271	3282	supplements
endocrinology_hypothyroidism_26.txt	disease	concept	3573	3595	primary hypothyroidism
endocrinology_hypothyroidism_27.txt	disease	concept	333	347	hypothyroidism
endocrinology_hypothyroidism_27.txt	symptom	concept	359	366	fatigue
endocrinology_hypothyroidism_27.txt	symptom	concept	368	379	weight gain
endocrinology_hypothyroidism_27.txt	symptom	concept	381	397	cold intolerance
endocrinology_hypothyroidism_27.txt	symptom	concept	403	411	dry skin
endocrinology_hypothyroidism_27.txt	disease	concept	858	872	hypothyroidism
endocrinology_hypothyroidism_27.txt	medication	concept	1107	1120	Levothyroxine
endocrinology_hypothyroidism_27.txt	symptom	concept	1213	1230	adverse reactions
endocrinology_hypothyroidism_27.txt	symptom	concept	1251	1263	side effects
endocrinology_hypothyroidism_27.txt	disease	concept	1312	1326	hypothyroidism
endocrinology_hypothyroidism_27.txt	symptom	concept	1388	1400	side effects
endocrinology_hypothyroidism_27.txt	symptom	concept	1578	1595	clinical symptoms
endocrinology_hypothyroidism_27.txt	medication	concept	1628	1641	Levothyroxine
endocrinology_hypothyroidism_27.txt	medication	concept	1993	2006	Levothyroxine
endocrinology_hypothyroidism_27.txt	disease	concept	2084	2098	hypothyroidism
endocrinology_hypothyroidism_27.txt	disease	concept	2102	2117	hyperthyroidism
endocrinology_hypothyroidism_27.txt	symptom	concept	2129	2141	palpitations
endocrinology_hypothyroidism_27.txt	symptom	concept	2153	2160	anxiety
endocrinology_hypothyroidism_27.txt	symptom	concept	2162	2173	weight loss
endocrinology_hypothyroidism_27.txt	medication	concept	2313	2326	Levothyroxine
endocrinology_hypothyroidism_27.txt	medication	concept	2368	2379	medications
endocrinology_hypothyroidism_27.txt	medication	concept	2421	2434	Levothyroxine
endocrinology_hypothyroidism_27.txt	medication	concept	2504	2517	Levothyroxine
endocrinology_hypothyroidism_27.txt	medication	concept	2711	2724	Levothyroxine
endocrinology_hypothyroidism_27.txt	symptom	concept	2746	2753	fatigue
endocrinology_hypothyroidism_27.txt	symptom	concept	2758	2774	cold intolerance
endocrinology_hypothyroidism_27.txt	procedure	concept	2887	2907	outpatient follow-up
endocrinology_hypothyroidism_28.txt	disease	concept	286	308	Primary Hypothyroidism
endocrinology_hypothyroidism_28.txt	disease	concept	334	354	Hypercholesterolemia
endocrinology_hypothyroidism_28.txt	disease	concept	356	373	Normocytic Anemia
endocrinology_hypothyroidism_28.txt	symptom	concept	497	504	fatigue
endocrinology_hypothyroidism_28.txt	symptom	concept	506	517	weight gain
endocrinology_hypothyroidism_28.txt	symptom	concept	519	535	cold intolerance
endocrinology_hypothyroidism_28.txt	symptom	concept	541	553	constipation
endocrinology_hypothyroidism_28.txt	disease	concept	666	683	thyroid disorders
endocrinology_hypothyroidism_28.txt	disease	concept	1028	1050	primary hypothyroidism
endocrinology_hypothyroidism_28.txt	medication	concept	1363	1376	Levothyroxine
endocrinology_hypothyroidism_28.txt	disease	concept	1395	1417	primary hypothyroidism
endocrinology_hypothyroidism_28.txt	disease	concept	1515	1528	heart disease
endocrinology_hypothyroidism_28.txt	medication	concept	1542	1555	Levothyroxine
endocrinology_hypothyroidism_28.txt	medication	concept	1870	1883	Levothyroxine
endocrinology_hypothyroidism_28.txt	medication	concept	2121	2133	Atorvastatin
endocrinology_hypothyroidism_28.txt	medication	concept	2199	2214	Ferrous sulfate
endocrinology_hypothyroidism_28.txt	disease	concept	2276	2293	normocytic anemia
endocrinology_hypothyroidism_28.txt	medication	concept	2470	2483	Levothyroxine
endocrinology_hypothyroidism_28.txt	symptom	concept	2780	2792	palpitations
endocrinology_hypothyroidism_28.txt	symptom	concept	2794	2804	chest pain
endocrinology_hypothyroidism_28.txt	symptom	concept	2821	2832	weight loss
endocrinology_hypothyroidism_28.txt	medication	concept	3207	3220	Levothyroxine
endocrinology_hypothyroidism_28.txt	disease	concept	3416	3430	hypothyroidism
endocrinology_hypothyroidism_28.txt	disease	concept	3434	3449	hyperthyroidism
endocrinology_hypothyroidism_29.txt	disease	concept	313	343	Normocytic-Normochromic Anemia
endocrinology_hypothyroidism_29.txt	symptom	concept	483	490	fatigue
endocrinology_hypothyroidism_29.txt	symptom	concept	492	503	weight gain
endocrinology_hypothyroidism_29.txt	symptom	concept	509	525	cold intolerance
endocrinology_hypothyroidism_29.txt	medication	concept	627	637	medication
endocrinology_hypothyroidism_29.txt	disease	concept	1140	1162	primary hypothyroidism
endocrinology_hypothyroidism_29.txt	disease	concept	1183	1213	normocytic-normochromic anemia
endocrinology_hypothyroidism_29.txt	disease	concept	1337	1359	primary hypothyroidism
endocrinology_hypothyroidism_29.txt	disease	concept	1410	1423	heart disease
endocrinology_hypothyroidism_29.txt	medication	concept	1440	1453	levothyroxine
endocrinology_hypothyroidism_29.txt	medication	concept	1652	1665	levothyroxine
endocrinology_hypothyroidism_29.txt	medication	concept	2067	2080	levothyroxine
endocrinology_hypothyroidism_29.txt	medication	concept	2176	2189	Levothyroxine
endocrinology_hypothyroidism_29.txt	medication	concept	2444	2457	levothyroxine
endocrinology_hypothyroidism_29.txt	symptom	concept	2631	2645	blood pressure
endocrinology_hypothyroidism_29.txt	disease	concept	2750	2770	hypercholesterolemia
endocrinology_hypothyroidism_29.txt	medication	concept	2812	2825	levothyroxine
endocrinology_hypothyroidism_29.txt	medication	concept	2927	2940	levothyroxine
endocrinology_hypothyroidism_29.txt	symptom	concept	2949	2961	palpitations
endocrinology_hypothyroidism_29.txt	symptom	concept	2969	2980	weight loss
endocrinology_hypothyroidism_29.txt	symptom	concept	2982	2993	nervousness
endocrinology_hypothyroidism_29.txt	symptom	concept	2998	3006	insomnia
endocrinology_hypothyroidism_29.txt	medication	concept	3065	3088	nutritional supplements
endocrinology_hypothyroidism_29.txt	procedure	concept	3150	3172	follow-up appointments
endocrinology_hypothyroidism_29.txt	disease	concept	3339	3353	hypothyroidism
endocrinology_hypothyroidism_29.txt	medication	concept	3384	3397	levothyroxine
endocrinology_hypothyroidism_3.txt	disease	concept	272	294	Primary Hypothyroidism
endocrinology_hypothyroidism_3.txt	symptom	concept	427	434	fatigue
endocrinology_hypothyroidism_3.txt	symptom	concept	436	447	weight gain
endocrinology_hypothyroidism_3.txt	symptom	concept	449	465	cold intolerance
endocrinology_hypothyroidism_3.txt	disease	concept	592	615	Hashimoto's thyroiditis
endocrinology_hypothyroidism_3.txt	symptom	concept	758	766	dry skin
endocrinology_hypothyroidism_3.txt	symptom	concept	768	779	bradycardia
endocrinology_hypothyroidism_3.txt	symptom	concept	816	830	ankle reflexes
endocrinology_hypothyroidism_3.txt	disease	concept	1053	1075	primary hypothyroidism
endocrinology_hypothyroidism_3.txt	disease	concept	1161	1191	normocytic-normochromic anemia
endocrinology_hypothyroidism_3.txt	medication	concept	1299	1312	Levothyroxine
endocrinology_hypothyroidism_3.txt	disease	concept	1403	1416	heart disease
endocrinology_hypothyroidism_3.txt	medication	concept	1643	1656	levothyroxine
endocrinology_hypothyroidism_3.txt	symptom	concept	1778	1794	cold intolerance
endocrinology_hypothyroidism_3.txt	symptom	concept	1867	1878	arrhythmias
endocrinology_hypothyroidism_3.txt	disease	concept	1898	1911	heart disease
endocrinology_hypothyroidism_3.txt	medication	concept	1951	1964	levothyroxine
endocrinology_hypothyroidism_3.txt	medication	concept	2224	2237	Levothyroxine
endocrinology_hypothyroidism_3.txt	medication	concept	2610	2623	levothyroxine
endocrinology_hypothyroidism_3.txt	symptom	concept	2665	2673	symptoms
endocrinology_hypothyroidism_3.txt	medication	concept	2771	2784	levothyroxine
endocrinology_hypothyroidism_3.txt	disease	concept	3042	3056	hypothyroidism
endocrinology_hypothyroidism_3.txt	disease	concept	3097	3120	Hashimoto's thyroiditis
endocrinology_hypothyroidism_3.txt	medication	concept	3145	3158	levothyroxine
endocrinology_hypothyroidism_3.txt	disease	concept	3581	3595	hypothyroidism
endocrinology_hypothyroidism_30.txt	symptom	concept	435	442	fatigue
endocrinology_hypothyroidism_30.txt	symptom	concept	444	455	weight gain
endocrinology_hypothyroidism_30.txt	symptom	concept	461	477	cold intolerance
endocrinology_hypothyroidism_30.txt	symptom	concept	544	555	bradycardia
endocrinology_hypothyroidism_30.txt	disease	concept	1009	1039	Normocytic-normochromic anemia
endocrinology_hypothyroidism_30.txt	disease	concept	1186	1208	primary hypothyroidism
endocrinology_hypothyroidism_30.txt	medication	concept	1284	1297	Levothyroxine
endocrinology_hypothyroidism_30.txt	symptom	concept	1633	1640	fatigue
endocrinology_hypothyroidism_30.txt	symptom	concept	1645	1661	cold intolerance
endocrinology_hypothyroidism_30.txt	medication	concept	1713	1726	Levothyroxine
endocrinology_hypothyroidism_30.txt	medication	concept	1854	1867	Levothyroxine
endocrinology_hypothyroidism_30.txt	medication	concept	1972	1999	antihypertensive medication
endocrinology_hypothyroidism_30.txt	medication	concept	2245	2258	Levothyroxine
endocrinology_hypothyroidism_30.txt	medication	concept	2400	2413	Levothyroxine
endocrinology_hypothyroidism_30.txt	symptom	concept	2561	2573	palpitations
endocrinology_hypothyroidism_30.txt	symptom	concept	2597	2609	restlessness
endocrinology_hypothyroidism_30.txt	symptom	concept	2648	2659	weight gain
endocrinology_hypothyroidism_30.txt	symptom	concept	2661	2677	cold intolerance
endocrinology_hypothyroidism_30.txt	disease	concept	2871	2884	cardiovascula
endocrinology_hypothyroidism_30.txt	medication	concept	2988	3001	Levothyroxine
endocrinology_hypothyroidism_30.txt	disease	concept	3143	3165	primary hypothyroidism
endocrinology_hypothyroidism_30.txt	medication	concept	3192	3205	Levothyroxine
endocrinology_hypothyroidism_31.txt	symptom	concept	333	340	fatigue
endocrinology_hypothyroidism_31.txt	symptom	concept	342	353	weight gain
endocrinology_hypothyroidism_31.txt	symptom	concept	359	375	cold intolerance
endocrinology_hypothyroidism_31.txt	symptom	concept	575	586	weight gain
endocrinology_hypothyroidism_31.txt	symptom	concept	596	603	fatigue
endocrinology_hypothyroidism_31.txt	disease	concept	759	774	thyroid disease
endocrinology_hypothyroidism_31.txt	disease	concept	804	823	autoimmune diseases
endocrinology_hypothyroidism_31.txt	symptom	concept	999	1007	dry skin
endocrinology_hypothyroidism_31.txt	symptom	concept	1009	1025	facial puffiness
endocrinology_hypothyroidism_31.txt	disease	concept	1455	1473	ormochromic anemia
endocrinology_hypothyroidism_31.txt	disease	concept	1494	1520	autoimmune thyroid disease
endocrinology_hypothyroidism_31.txt	medication	concept	1702	1715	levothyroxine
endocrinology_hypothyroidism_31.txt	disease	concept	1739	1753	hypothyroidism
endocrinology_hypothyroidism_31.txt	disease	concept	1790	1803	heart disease
endocrinology_hypothyroidism_31.txt	symptom	concept	1924	1931	fatigue
endocrinology_hypothyroidism_31.txt	medication	concept	2180	2193	Levothyroxine
endocrinology_hypothyroidism_31.txt	medication	concept	2430	2443	levothyroxine
endocrinology_hypothyroidism_31.txt	medication	concept	2609	2622	levothyroxine
endocrinology_hypothyroidism_31.txt	disease	concept	2728	2742	hypothyroidism
endocrinology_hypothyroidism_31.txt	disease	concept	2746	2761	hyperthyroidism
endocrinology_hypothyroidism_31.txt	medication	concept	2766	2779	levothyroxine
endocrinology_hypothyroidism_31.txt	symptom	concept	2860	2870	chest pain
endocrinology_hypothyroidism_31.txt	symptom	concept	2872	2884	palpitations
endocrinology_hypothyroidism_31.txt	medication	concept	3132	3145	levothyroxine
endocrinology_hypothyroidism_31.txt	procedure	concept	3180	3202	thyroid function tests
endocrinology_hypothyroidism_31.txt	disease	concept	3222	3244	primary hypothyroidism
endocrinology_hypothyroidism_31.txt	medication	concept	3468	3481	levothyroxine
endocrinology_hypothyroidism_32.txt	disease	concept	272	294	Primary Hypothyroidism
endocrinology_hypothyroidism_32.txt	symptom	concept	424	431	fatigue
endocrinology_hypothyroidism_32.txt	symptom	concept	433	444	weight gain
endocrinology_hypothyroidism_32.txt	symptom	concept	446	462	cold intolerance
endocrinology_hypothyroidism_32.txt	symptom	concept	468	480	constipation
endocrinology_hypothyroidism_32.txt	symptom	concept	520	528	dry skin
endocrinology_hypothyroidism_32.txt	symptom	concept	530	541	bradycardia
endocrinology_hypothyroidism_32.txt	symptom	concept	580	595	tendon reflexes
endocrinology_hypothyroidism_32.txt	symptom	concept	643	655	hypertension
endocrinology_hypothyroidism_32.txt	disease	concept	660	684	type 2 diabetes mellitus
endocrinology_hypothyroidism_32.txt	medication	concept	959	975	triiodothyronine
endocrinology_hypothyroidism_32.txt	disease	concept	1006	1036	normocytic-normochromic anemia
endocrinology_hypothyroidism_32.txt	disease	concept	1220	1242	primary hypothyroidism
endocrinology_hypothyroidism_32.txt	disease	concept	1371	1393	primary hypothyroidism
endocrinology_hypothyroidism_32.txt	medication	concept	1423	1436	Levothyroxine
endocrinology_hypothyroidism_32.txt	disease	concept	1563	1576	heart disease
endocrinology_hypothyroidism_32.txt	medication	concept	1706	1719	levothyroxine
endocrinology_hypothyroidism_32.txt	medication	concept	2050	2063	levothyroxine
endocrinology_hypothyroidism_32.txt	medication	concept	2131	2144	Levothyroxine
endocrinology_hypothyroidism_32.txt	disease	concept	2384	2396	hypertension
endocrinology_hypothyroidism_32.txt	disease	concept	2401	2418	diabetes mellitus
endocrinology_hypothyroidism_32.txt	medication	concept	2605	2618	levothyroxine
endocrinology_hypothyroidism_32.txt	disease	concept	2695	2703	diabetes
endocrinology_hypothyroidism_32.txt	disease	concept	2708	2720	hypertension
endocrinology_hypothyroidism_32.txt	medication	concept	2922	2935	levothyroxine
endocrinology_hypothyroidism_32.txt	medication	concept	3039	3052	levothyroxine
endocrinology_hypothyroidism_32.txt	disease	concept	3120	3134	hypothyroidism
endocrinology_hypothyroidism_32.txt	medication	concept	3155	3168	levothyroxine
endocrinology_hypothyroidism_32.txt	disease	concept	3369	3381	hypertension
endocrinology_hypothyroidism_32.txt	disease	concept	3386	3403	diabetes mellitus
endocrinology_hypothyroidism_32.txt	disease	concept	3502	3516	hypothyroidism
endocrinology_hypothyroidism_32.txt	disease	concept	3521	3536	hyperthyroidism
endocrinology_hypothyroidism_32.txt	symptom	concept	3669	3679	chest pain
endocrinology_hypothyroidism_32.txt	symptom	concept	3681	3693	palpitations
endocrinology_hypothyroidism_32.txt	symptom	concept	3706	3714	swelling
endocrinology_hypothyroidism_33.txt	disease	concept	376	398	Primary Hypothyroidism
endocrinology_hypothyroidism_33.txt	symptom	concept	529	536	fatigue
endocrinology_hypothyroidism_33.txt	symptom	concept	538	549	weight gain
endocrinology_hypothyroidism_33.txt	symptom	concept	555	571	cold intolerance
endocrinology_hypothyroidism_33.txt	disease	concept	1196	1218	primary hypothyroidism
endocrinology_hypothyroidism_33.txt	medication	concept	1259	1272	Levothyroxine
endocrinology_hypothyroidism_33.txt	symptom	concept	1438	1455	adverse reactions
endocrinology_hypothyroidism_33.txt	medication	concept	1688	1701	Levothyroxine
endocrinology_hypothyroidism_33.txt	medication	concept	2037	2050	Levothyroxine
endocrinology_hypothyroidism_33.txt	symptom	concept	2160	2171	weight gain
endocrinology_hypothyroidism_33.txt	disease	concept	2188	2202	hypothyroidism
endocrinology_hypothyroidism_33.txt	symptom	concept	2599	2611	palpitations
endocrinology_hypothyroidism_33.txt	symptom	concept	2623	2630	anxiety
endocrinology_hypothyroidism_33.txt	symptom	concept	2671	2678	fatigue
endocrinology_hypothyroidism_33.txt	symptom	concept	2683	2694	weight gain
endocrinology_hypothyroidism_33.txt	medication	concept	2776	2789	Levothyroxine
endocrinology_hypothyroidism_33.txt	medication	concept	2999	3005	iodine
endocrinology_hypothyroidism_33.txt	symptom	concept	3130	3144	cardiac issues
endocrinology_hypothyroidism_33.txt	medication	concept	3218	3231	Levothyroxine
endocrinology_hypothyroidism_33.txt	disease	concept	3297	3319	primary hypothyroidism
endocrinology_hypothyroidism_33.txt	medication	concept	3339	3352	Levothyroxine
endocrinology_hypothyroidism_33.txt	symptom	concept	3512	3521	prognosis
endocrinology_hypothyroidism_34.txt	disease	concept	272	294	Primary Hypothyroidism
endocrinology_hypothyroidism_34.txt	symptom	concept	421	428	fatigue
endocrinology_hypothyroidism_34.txt	symptom	concept	430	441	weight gain
endocrinology_hypothyroidism_34.txt	symptom	concept	443	459	cold intolerance
endocrinology_hypothyroidism_34.txt	symptom	concept	465	477	constipation
endocrinology_hypothyroidism_34.txt	disease	concept	919	941	primary hypothyroidism
endocrinology_hypothyroidism_34.txt	disease	concept	1185	1207	primary hypothyroidism
endocrinology_hypothyroidism_34.txt	medication	concept	1250	1263	Levothyroxine
endocrinology_hypothyroidism_34.txt	disease	concept	1350	1363	heart disease
endocrinology_hypothyroidism_34.txt	medication	concept	1800	1813	Levothyroxine
endocrinology_hypothyroidism_34.txt	medication	concept	2091	2104	levothyroxine
endocrinology_hypothyroidism_34.txt	medication	concept	2212	2225	levothyroxine
endocrinology_hypothyroidism_34.txt	disease	concept	2273	2288	hyperthyroidism
endocrinology_hypothyroidism_34.txt	symptom	concept	2296	2308	palpitations
endocrinology_hypothyroidism_34.txt	symptom	concept	2310	2321	weight loss
endocrinology_hypothyroidism_34.txt	symptom	concept	2323	2330	tremors
endocrinology_hypothyroidism_34.txt	disease	concept	2345	2359	hypothyroidism
endocrinology_hypothyroidism_34.txt	disease	concept	2754	2768	hypothyroidism
endocrinology_hypothyroidism_34.txt	medication	concept	2805	2818	levothyroxine
endocrinology_hypothyroidism_34.txt	symptom	concept	2861	2870	prognosis
endocrinology_hypothyroidism_34.txt	symptom	concept	2912	2920	symptoms
endocrinology_hypothyroidism_35.txt	symptom	concept	419	430	weight gain
endocrinology_hypothyroidism_35.txt	symptom	concept	432	448	cold intolerance
endocrinology_hypothyroidism_35.txt	symptom	concept	454	462	dry skin
endocrinology_hypothyroidism_35.txt	disease	concept	550	564	hypothyroidism
endocrinology_hypothyroidism_35.txt	disease	concept	742	761	autoimmune diseases
endocrinology_hypothyroidism_35.txt	symptom	concept	791	799	dry skin
endocrinology_hypothyroidism_35.txt	symptom	concept	801	812	bradycardia
endocrinology_hypothyroidism_35.txt	symptom	concept	826	840	ankle reflexes
endocrinology_hypothyroidism_35.txt	symptom	concept	1342	1353	bradycardia
endocrinology_hypothyroidism_35.txt	disease	concept	1424	1441	primary hypothyro
endocrinology_hypothyroidism_35.txt	medication	concept	1492	1505	Levothyroxine
endocrinology_hypothyroidism_35.txt	disease	concept	1571	1584	heart disease
endocrinology_hypothyroidism_35.txt	medication	concept	1704	1717	Levothyroxine
endocrinology_hypothyroidism_35.txt	disease	concept	1924	1938	hypothyroidism
endocrinology_hypothyroidism_35.txt	medication	concept	2020	2033	Levothyroxine
endocrinology_hypothyroidism_35.txt	medication	concept	2218	2231	Levothyroxine
endocrinology_hypothyroidism_35.txt	medication	concept	2422	2435	Levothyroxine
endocrinology_hypothyroidism_35.txt	symptom	concept	2519	2531	palpitations
endocrinology_hypothyroidism_35.txt	symptom	concept	2533	2543	chest pain
endocrinology_hypothyroidism_35.txt	symptom	concept	2560	2571	weight loss
endocrinology_hypothyroidism_35.txt	medication	concept	2708	2714	iodine
endocrinology_hypothyroidism_35.txt	disease	concept	2759	2772	myxedema coma
endocrinology_hypothyroidism_35.txt	symptom	concept	2851	2858	fatigue
endocrinology_hypothyroidism_35.txt	symptom	concept	2869	2876	lerance
endocrinology_hypothyroidism_35.txt	symptom	concept	2881	2890	confusion
endocrinology_hypothyroidism_35.txt	medication	concept	3048	3061	Levothyroxine
endocrinology_hypothyroidism_36.txt	disease	concept	311	333	Primary Hypothyroidism
endocrinology_hypothyroidism_36.txt	symptom	concept	476	483	fatigue
endocrinology_hypothyroidism_36.txt	symptom	concept	485	496	weight gain
endocrinology_hypothyroidism_36.txt	symptom	concept	498	514	cold intolerance
endocrinology_hypothyroidism_36.txt	symptom	concept	520	532	constipation
endocrinology_hypothyroidism_36.txt	symptom	concept	678	686	dry skin
endocrinology_hypothyroidism_36.txt	symptom	concept	688	699	bradycardia
endocrinology_hypothyroidism_36.txt	disease	concept	1363	1385	primary hypothyroidism
endocrinology_hypothyroidism_36.txt	medication	concept	1506	1519	Levothyroxine
endocrinology_hypothyroidism_36.txt	disease	concept	1586	1599	heart disease
endocrinology_hypothyroidism_36.txt	symptom	concept	1704	1721	adverse reactions
endocrinology_hypothyroidism_36.txt	symptom	concept	1859	1867	symptoms
endocrinology_hypothyroidism_36.txt	medication	concept	1904	1917	Levothyroxine
endocrinology_hypothyroidism_36.txt	medication	concept	2102	2109	calcium
endocrinology_hypothyroidism_36.txt	medication	concept	2441	2454	Levothyroxine
endocrinology_hypothyroidism_36.txt	medication	concept	2703	2716	Levothyroxine
endocrinology_hypothyroidism_36.txt	disease	concept	2833	2847	hypothyroidism
endocrinology_hypothyroidism_36.txt	medication	concept	2988	2994	iodine
endocrinology_hypothyroidism_36.txt	disease	concept	3089	3103	hypothyroidism
endocrinology_hypothyroidism_36.txt	medication	concept	3126	3139	Levothyroxine
endocrinology_hypothyroidism_36.txt	procedure	concept	3204	3222	Discharge Planning
endocrinology_hypothyroidism_36.txt	symptom	concept	3347	3354	fatigue
endocrinology_hypothyroidism_36.txt	disease	concept	3576	3598	primary hypothyroidism
endocrinology_hypothyroidism_36.txt	medication	concept	3650	3663	Levothyroxine
endocrinology_hypothyroidism_37.txt	disease	concept	369	383	hypothyroidism
endocrinology_hypothyroidism_37.txt	symptom	concept	430	441	weight gain
endocrinology_hypothyroidism_37.txt	symptom	concept	443	459	cold intolerance
endocrinology_hypothyroidism_37.txt	symptom	concept	648	655	fatigue
endocrinology_hypothyroidism_37.txt	symptom	concept	668	679	weight gain
endocrinology_hypothyroidism_37.txt	procedure	concept	889	916	endocrinological assessment
endocrinology_hypothyroidism_37.txt	medication	concept	1187	1198	medications
endocrinology_hypothyroidism_37.txt	disease	concept	1801	1831	normocytic-normochromic anemia
endocrinology_hypothyroidism_37.txt	medication	concept	2136	2149	levothyroxine
endocrinology_hypothyroidism_37.txt	disease	concept	2397	2411	hypothyroidism
endocrinology_hypothyroidism_37.txt	symptom	concept	2480	2497	adverse reactions
endocrinology_hypothyroidism_37.txt	medication	concept	2531	2544	levothyroxine
endocrinology_hypothyroidism_37.txt	symptom	concept	2637	2653	cold intolerance
endocrinology_hypothyroidism_37.txt	symptom	concept	2655	2667	Constipation
endocrinology_hypothyroidism_37.txt	medication	concept	2759	2772	levothyroxine
endocrinology_hypothyroidism_37.txt	medication	concept	3095	3108	levothyroxine
endocrinology_hypothyroidism_37.txt	symptom	concept	3391	3403	palpitations
endocrinology_hypothyroidism_37.txt	symptom	concept	3415	3422	anxiety
endocrinology_hypothyroidism_37.txt	symptom	concept	3424	3432	insomnia
endocrinology_hypothyroidism_37.txt	symptom	concept	3492	3503	weight gain
endocrinology_hypothyroidism_37.txt	disease	concept	3611	3625	hypothyroidism
endocrinology_hypothyroidism_37.txt	medication	concept	3657	3670	levothyroxine
endocrinology_hypothyroidism_37.txt	medication	concept	3732	3745	levothyroxine
endocrinology_hypothyroidism_37.txt	procedure	concept	3765	3772	surgery
endocrinology_hypothyroidism_37.txt	disease	concept	3930	3944	hypothyroidism
endocrinology_hypothyroidism_37.txt	medication	concept	3978	3991	Levothyroxine
endocrinology_hypothyroidism_37.txt	disease	concept	4237	4251	hypothyroidism
endocrinology_hypothyroidism_38.txt	symptom	concept	429	436	fatigue
endocrinology_hypothyroidism_38.txt	symptom	concept	438	449	weight gain
endocrinology_hypothyroidism_38.txt	symptom	concept	451	467	cold intolerance
endocrinology_hypothyroidism_38.txt	symptom	concept	473	485	constipation
endocrinology_hypothyroidism_38.txt	symptom	concept	845	859	ankle reflexes
endocrinology_hypothyroidism_38.txt	disease	concept	1074	1088	hypothyroidism
endocrinology_hypothyroidism_38.txt	disease	concept	1332	1354	primary hypothyroidism
endocrinology_hypothyroidism_38.txt	medication	concept	1416	1429	Levothyroxine
endocrinology_hypothyroidism_38.txt	disease	concept	1521	1534	heart disease
endocrinology_hypothyroidism_38.txt	symptom	concept	1704	1716	constipation
endocrinology_hypothyroidism_38.txt	symptom	concept	1905	1919	blood pressure
endocrinology_hypothyroidism_38.txt	medication	concept	1987	2000	Levothyroxine
endocrinology_hypothyroidism_38.txt	symptom	concept	2010	2022	palpitations
endocrinology_hypothyroidism_38.txt	symptom	concept	2026	2044	excessive sweating
endocrinology_hypothyroidism_38.txt	medication	concept	2245	2258	Levothyroxine
endocrinology_hypothyroidism_38.txt	medication	concept	2418	2431	Levothyroxine
endocrinology_hypothyroidism_38.txt	medication	concept	2553	2566	Levothyroxine
endocrinology_hypothyroidism_38.txt	disease	concept	2763	2778	hyperthyroidism
endocrinology_hypothyroidism_38.txt	symptom	concept	2790	2802	palpitations
endocrinology_hypothyroidism_38.txt	symptom	concept	2814	2822	sweating
endocrinology_hypothyroidism_38.txt	symptom	concept	2828	2839	weight loss
endocrinology_hypothyroidism_38.txt	medication	concept	3008	3021	Levothyroxine
endocrinology_hypothyroidism_38.txt	medication	concept	3108	3121	Levothyroxine
endocrinology_hypothyroidism_38.txt	medication	concept	3254	3267	Levothyroxine
endocrinology_hypothyroidism_39.txt	symptom	concept	468	475	fatigue
endocrinology_hypothyroidism_39.txt	symptom	concept	477	488	weight gain
endocrinology_hypothyroidism_39.txt	symptom	concept	494	510	cold intolerance
endocrinology_hypothyroidism_39.txt	symptom	concept	575	583	dry skin
endocrinology_hypothyroidism_39.txt	symptom	concept	585	596	bradycardia
endocrinology_hypothyroidism_39.txt	symptom	concept	635	650	tendon reflexes
endocrinology_hypothyroidism_39.txt	disease	concept	962	984	primary hypothyroidism
endocrinology_hypothyroidism_39.txt	medication	concept	1201	1214	levothyroxine
endocrinology_hypothyroidism_39.txt	disease	concept	1257	1270	heart disease
endocrinology_hypothyroidism_39.txt	disease	concept	1659	1673	hypothyroidism
endocrinology_hypothyroidism_39.txt	disease	concept	1860	1874	hypothyroidism
endocrinology_hypothyroidism_39.txt	medication	concept	1994	2007	levothyroxine
endocrinology_hypothyroidism_39.txt	symptom	concept	2066	2082	cardiac symptoms
endocrinology_hypothyroidism_39.txt	medication	concept	2333	2346	Levothyroxine
endocrinology_hypothyroidism_39.txt	medication	concept	2773	2786	levothyroxine
endocrinology_hypothyroidism_39.txt	medication	concept	3158	3171	levothyroxine
endocrinology_hypothyroidism_39.txt	symptom	concept	3260	3272	palpitations
endocrinology_hypothyroidism_39.txt	symptom	concept	3274	3285	weight loss
endocrinology_hypothyroidism_39.txt	symptom	concept	3287	3294	tremors
endocrinology_hypothyroidism_39.txt	symptom	concept	3347	3354	fatigue
endocrinology_hypothyroidism_39.txt	symptom	concept	3356	3367	weight gain
endocrinology_hypothyroidism_4.txt	symptom	concept	428	435	fatigue
endocrinology_hypothyroidism_4.txt	symptom	concept	437	448	weight gain
endocrinology_hypothyroidism_4.txt	symptom	concept	454	470	cold intolerance
endocrinology_hypothyroidism_4.txt	disease	concept	611	628	thyroid disorders
endocrinology_hypothyroidism_4.txt	disease	concept	896	918	primary hypothyroidism
endocrinology_hypothyroidism_4.txt	disease	concept	1147	1169	primary hypothyroidism
endocrinology_hypothyroidism_4.txt	medication	concept	1217	1230	levothyroxine
endocrinology_hypothyroidism_4.txt	disease	concept	1318	1331	heart disease
endocrinology_hypothyroidism_4.txt	medication	concept	1485	1498	levothyroxine
endocrinology_hypothyroidism_4.txt	symptom	concept	1639	1646	fatigue
endocrinology_hypothyroidism_4.txt	symptom	concept	1651	1667	cold intolerance
endocrinology_hypothyroidism_4.txt	medication	concept	1714	1727	levothyroxine
endocrinology_hypothyroidism_4.txt	medication	concept	1962	1975	levothyroxine
endocrinology_hypothyroidism_4.txt	medication	concept	2138	2151	levothyroxine
endocrinology_hypothyroidism_4.txt	symptom	concept	2256	2264	insomnia
endocrinology_hypothyroidism_4.txt	symptom	concept	2266	2278	palpitations
endocrinology_hypothyroidism_4.txt	symptom	concept	2280	2291	weight loss
endocrinology_hypothyroidism_4.txt	symptom	concept	2316	2323	fatigue
endocrinology_hypothyroidism_4.txt	symptom	concept	2325	2336	weight gain
endocrinology_hypothyroidism_4.txt	symptom	concept	2338	2354	cold intolerance
endocrinology_hypothyroidism_4.txt	medication	concept	2600	2613	Levothyroxine
endocrinology_hypothyroidism_4.txt	medication	concept	3042	3055	levothyroxine
endocrinology_hypothyroidism_4.txt	medication	concept	3136	3149	levothyroxine
endocrinology_hypothyroidism_4.txt	disease	concept	3428	3441	myxedema coma
endocrinology_hypothyroidism_4.txt	symptom	concept	3451	3466	extreme fatigue
endocrinology_hypothyroidism_4.txt	symptom	concept	3468	3484	cold intolerance
endocrinology_hypothyroidism_4.txt	symptom	concept	3486	3495	confusion
endocrinology_hypothyroidism_4.txt	symptom	concept	3500	3515	unconsciousness
endocrinology_hypothyroidism_4.txt	disease	concept	3776	3798	primary hypothyroidism
endocrinology_hypothyroidism_40.txt	symptom	concept	378	385	fatigue
endocrinology_hypothyroidism_40.txt	symptom	concept	387	398	weight gain
endocrinology_hypothyroidism_40.txt	symptom	concept	422	434	constipation
endocrinology_hypothyroidism_40.txt	symptom	concept	556	563	fatigue
endocrinology_hypothyroidism_40.txt	symptom	concept	576	587	weight gain
endocrinology_hypothyroidism_40.txt	symptom	concept	676	688	constipation
endocrinology_hypothyroidism_40.txt	disease	concept	779	791	Hypertension
endocrinology_hypothyroidism_40.txt	disease	concept	794	818	Type 2 Diabetes Mellitus
endocrinology_hypothyroidism_40.txt	medication	concept	852	861	Metformin
endocrinology_hypothyroidism_40.txt	medication	concept	874	884	Lisinopril
endocrinology_hypothyroidism_40.txt	disease	concept	1545	1575	normocytic-normochromic anemia
endocrinology_hypothyroidism_40.txt	medication	concept	1711	1724	Levothyroxine
endocrinology_hypothyroidism_40.txt	symptom	concept	2007	2023	cold intolerance
endocrinology_hypothyroidism_40.txt	symptom	concept	2196	2208	side effects
endocrinology_hypothyroidism_40.txt	medication	concept	2303	2316	Levothyroxine
endocrinology_hypothyroidism_40.txt	medication	concept	2383	2392	Metformin
endocrinology_hypothyroidism_40.txt	medication	concept	2406	2416	Lisinopril
endocrinology_hypothyroidism_40.txt	medication	concept	2587	2600	levothyroxine
endocrinology_hypothyroidism_40.txt	medication	concept	2797	2810	levothyroxine
endocrinology_hypothyroidism_40.txt	symptom	concept	2920	2932	palpitations
endocrinology_hypothyroidism_40.txt	symptom	concept	2934	2945	nervousness
endocrinology_hypothyroidism_40.txt	symptom	concept	2961	2978	under-replacement
endocrinology_hypothyroidism_40.txt	symptom	concept	2986	2993	fatigue
endocrinology_hypothyroidism_40.txt	symptom	concept	2995	3006	weight gain
endocrinology_hypothyroidism_40.txt	medication	concept	3062	3075	levothyroxine
endocrinology_hypothyroidism_40.txt	symptom	concept	3120	3130	chest pain
endocrinology_hypothyroidism_40.txt	symptom	concept	3132	3144	palpitations
endocrinology_hypothyroidism_40.txt	symptom	concept	3149	3168	shortness of breath
endocrinology_hypothyroidism_40.txt	disease	concept	3238	3252	hypothyroidism
endocrinology_hypothyroidism_40.txt	medication	concept	3270	3283	levothyroxine
endocrinology_hypothyroidism_40.txt	symptom	concept	3313	3333	clinical improvement
endocrinology_hypothyroidism_40.txt	procedure	concept	3414	3435	medication management
endocrinology_hypothyroidism_40.txt	disease	concept	3527	3541	hypothyroidism
endocrinology_hypothyroidism_41.txt	symptom	concept	369	376	fatigue
endocrinology_hypothyroidism_41.txt	symptom	concept	378	389	weight gain
endocrinology_hypothyroidism_41.txt	symptom	concept	413	421	dry skin
endocrinology_hypothyroidism_41.txt	symptom	concept	662	669	fatigue
endocrinology_hypothyroidism_41.txt	symptom	concept	683	694	weight gain
endocrinology_hypothyroidism_41.txt	symptom	concept	696	708	constipation
endocrinology_hypothyroidism_41.txt	symptom	concept	714	730	cold intolerance
endocrinology_hypothyroidism_41.txt	symptom	concept	1225	1232	nodules
endocrinology_hypothyroidism_41.txt	disease	concept	1508	1538	normocytic-normochromic anemia
endocrinology_hypothyroidism_41.txt	medication	concept	1715	1728	levothyroxine
endocrinology_hypothyroidism_41.txt	disease	concept	1782	1795	heart disease
endocrinology_hypothyroidism_41.txt	symptom	concept	1888	1905	adverse reactions
endocrinology_hypothyroidism_41.txt	symptom	concept	2079	2086	fatigue
endocrinology_hypothyroidism_41.txt	symptom	concept	2091	2107	cold intolerance
endocrinology_hypothyroidism_41.txt	medication	concept	2170	2183	Levothyroxine
endocrinology_hypothyroidism_41.txt	medication	concept	2690	2703	levothyroxine
endocrinology_hypothyroidism_41.txt	disease	concept	2756	2770	hypothyroidism
endocrinology_hypothyroidism_41.txt	disease	concept	2775	2790	hyperthyroidism
endocrinology_hypothyroidism_41.txt	symptom	concept	2976	2988	palpitations
endocrinology_hypothyroidism_41.txt	symptom	concept	2990	3000	chest pain
endocrinology_hypothyroidism_41.txt	symptom	concept	3015	3022	anxiety
endocrinology_hypothyroidism_41.txt	medication	concept	3172	3185	levothyroxine
endocrinology_hypothyroidism_41.txt	medication	concept	3303	3316	levothyroxine
endocrinology_hypothyroidism_41.txt	disease	concept	3874	3888	hypothyroidism
endocrinology_hypothyroidism_42.txt	symptom	concept	397	404	fatigue
endocrinology_hypothyroidism_42.txt	symptom	concept	406	417	weight gain
endocrinology_hypothyroidism_42.txt	symptom	concept	419	435	cold intolerance
endocrinology_hypothyroidism_42.txt	symptom	concept	441	453	constipation
endocrinology_hypothyroidism_42.txt	symptom	concept	564	575	weight gain
endocrinology_hypothyroidism_42.txt	symptom	concept	643	655	constipation
endocrinology_hypothyroidism_42.txt	symptom	concept	660	668	dry skin
endocrinology_hypothyroidism_42.txt	medication	concept	1402	1415	levothyroxine
endocrinology_hypothyroidism_42.txt	disease	concept	1498	1511	heart disease
endocrinology_hypothyroidism_42.txt	symptom	concept	1668	1684	cold intolerance
endocrinology_hypothyroidism_42.txt	medication	concept	2030	2043	Levothyroxine
endocrinology_hypothyroidism_42.txt	medication	concept	2331	2344	levothyroxine
endocrinology_hypothyroidism_42.txt	symptom	concept	2598	2610	palpitations
endocrinology_hypothyroidism_42.txt	symptom	concept	2612	2622	chest pain
endocrinology_hypothyroidism_42.txt	symptom	concept	2627	2645	excessive sweating
endocrinology_hypothyroidism_42.txt	disease	concept	2890	2894	hypo
endocrinology_hypothyroidism_42.txt	disease	concept	2900	2915	hyperthyroidism
endocrinology_hypothyroidism_42.txt	disease	concept	3448	3461	myxedema coma
endocrinology_hypothyroidism_42.txt	disease	concept	3472	3487	hyperthyroidism
endocrinology_hypothyroidism_43.txt	disease	concept	379	409	Normocytic-Normochromic Anemia
endocrinology_hypothyroidism_43.txt	disease	concept	411	431	Hypercholesterolemia
endocrinology_hypothyroidism_43.txt	symptom	concept	594	601	fatigue
endocrinology_hypothyroidism_43.txt	symptom	concept	603	614	weight gain
endocrinology_hypothyroidism_43.txt	symptom	concept	620	636	cold intolerance
endocrinology_hypothyroidism_43.txt	symptom	concept	707	724	sleep requirement
endocrinology_hypothyroidism_43.txt	symptom	concept	729	741	constipation
endocrinology_hypothyroidism_43.txt	disease	concept	792	807	thyroid disease
endocrinology_hypothyroidism_43.txt	disease	concept	854	873	autoimmune diseases
endocrinology_hypothyroidism_43.txt	disease	concept	1167	1189	primary hypothyroidism
endocrinology_hypothyroidism_43.txt	disease	concept	1436	1458	primary hypothyroidism
endocrinology_hypothyroidism_43.txt	disease	concept	1475	1505	normocytic-normochromic anemia
endocrinology_hypothyroidism_43.txt	disease	concept	1510	1530	hypercholesterolemia
endocrinology_hypothyroidism_43.txt	medication	concept	1581	1594	Levothyroxine
endocrinology_hypothyroidism_43.txt	disease	concept	1667	1680	heart disease
endocrinology_hypothyroidism_43.txt	medication	concept	1906	1919	levothyroxine
endocrinology_hypothyroidism_43.txt	symptom	concept	2216	2223	fatigue
endocrinology_hypothyroidism_43.txt	symptom	concept	2228	2244	cold intolerance
endocrinology_hypothyroidism_43.txt	symptom	concept	2378	2390	palpitations
endocrinology_hypothyroidism_43.txt	symptom	concept	2404	2412	sweating
endocrinology_hypothyroidism_43.txt	medication	concept	2557	2570	Levothyroxine
endocrinology_hypothyroidism_43.txt	medication	concept	2714	2727	levothyroxine
endocrinology_hypothyroidism_43.txt	disease	concept	3027	3047	hypercholesterolemia
endocrinology_hypothyroidism_43.txt	disease	concept	3052	3058	anemia
endocrinology_hypothyroidism_43.txt	disease	concept	3301	3316	hyperthyroidism
endocrinology_hypothyroidism_43.txt	symptom	concept	3365	3375	heart rate
endocrinology_hypothyroidism_43.txt	medication	concept	3478	3491	levothyroxine
endocrinology_hypothyroidism_43.txt	medication	concept	3590	3603	levothyroxine
endocrinology_hypothyroidism_43.txt	disease	concept	3724	3738	hypothyroidism
endocrinology_hypothyroidism_44.txt	disease	concept	163	187	Suspected hypothyroidism
endocrinology_hypothyroidism_44.txt	disease	concept	211	233	Primary hypothyroidism
endocrinology_hypothyroidism_44.txt	symptom	concept	476	483	fatigue
endocrinology_hypothyroidism_44.txt	symptom	concept	485	496	weight gain
endocrinology_hypothyroidism_44.txt	symptom	concept	502	518	cold intolerance
endocrinology_hypothyroidism_44.txt	symptom	concept	663	671	dry skin
endocrinology_hypothyroidism_44.txt	symptom	concept	673	684	bradycardia
endocrinology_hypothyroidism_44.txt	symptom	concept	698	712	ankle reflexes
endocrinology_hypothyroidism_44.txt	disease	concept	1008	1030	primary hypothyroidism
endocrinology_hypothyroidism_44.txt	medication	concept	1249	1265	triiodothyronine
endocrinology_hypothyroidism_44.txt	disease	concept	1323	1345	primary hypothyroidism
endocrinology_hypothyroidism_44.txt	medication	concept	1374	1387	levothyroxine
endocrinology_hypothyroidism_44.txt	medication	concept	1427	1440	levothyroxine
endocrinology_hypothyroidism_44.txt	disease	concept	1536	1549	heart disease
endocrinology_hypothyroidism_44.txt	symptom	concept	1685	1692	fatigue
endocrinology_hypothyroidism_44.txt	symptom	concept	1697	1708	sensitivity
endocrinology_hypothyroidism_44.txt	symptom	concept	1712	1716	cold
endocrinology_hypothyroidism_44.txt	medication	concept	1742	1755	levothyroxine
endocrinology_hypothyroidism_44.txt	medication	concept	1842	1855	levothyroxine
endocrinology_hypothyroidism_44.txt	medication	concept	2043	2056	levothyroxine
endocrinology_hypothyroidism_44.txt	disease	concept	2204	2219	hyperthyroidism
endocrinology_hypothyroidism_44.txt	symptom	concept	2229	2241	palpitations
endocrinology_hypothyroidism_44.txt	symptom	concept	2243	2254	weight loss
endocrinology_hypothyroidism_44.txt	symptom	concept	2269	2276	anxiety
endocrinology_hypothyroidism_44.txt	medication	concept	2365	2378	Levothyroxine
endocrinology_hypothyroidism_44.txt	medication	concept	2547	2560	levothyroxine
endocrinology_hypothyroidism_44.txt	symptom	concept	2801	2816	adverse effects
endocrinology_hypothyroidism_44.txt	disease	concept	3465	3487	primary hypothyroidism
endocrinology_hypothyroidism_44.txt	medication	concept	3557	3570	levothyroxine
endocrinology_hypothyroidism_45.txt	disease	concept	289	311	Primary Hypothyroidism
endocrinology_hypothyroidism_45.txt	symptom	concept	442	453	weight gain
endocrinology_hypothyroidism_45.txt	symptom	concept	459	475	cold intolerance
endocrinology_hypothyroidism_45.txt	disease	concept	966	988	primary hypothyroidism
endocrinology_hypothyroidism_45.txt	disease	concept	1299	1314	cardiac disease
endocrinology_hypothyroidism_45.txt	medication	concept	1331	1344	Levothyroxine
endocrinology_hypothyroidism_45.txt	disease	concept	1609	1630	cardiac complications
endocrinology_hypothyroidism_45.txt	medication	concept	1843	1856	Levothyroxine
endocrinology_hypothyroidism_45.txt	medication	concept	1965	1978	Levothyroxine
endocrinology_hypothyroidism_45.txt	medication	concept	2131	2144	Levothyroxine
endocrinology_hypothyroidism_45.txt	disease	concept	2225	2239	hypothyroidism
endocrinology_hypothyroidism_45.txt	medication	concept	2298	2311	Levothyroxine
endocrinology_hypothyroidism_45.txt	medication	concept	2536	2549	Levothyroxine
endocrinology_hypothyroidism_45.txt	medication	concept	2758	2771	Levothyroxine
endocrinology_hypothyroidism_45.txt	medication	concept	2951	2964	Levothyroxine
endocrinology_hypothyroidism_45.txt	symptom	concept	3163	3175	palpitations
endocrinology_hypothyroidism_45.txt	symptom	concept	3177	3189	restlessness
endocrinology_hypothyroidism_45.txt	symptom	concept	3206	3217	weight loss
endocrinology_hypothyroidism_45.txt	symptom	concept	3371	3379	weakness
endocrinology_hypothyroidism_45.txt	symptom	concept	3383	3391	lethargy
endocrinology_hypothyroidism_45.txt	disease	concept	3420	3433	myxedema coma
endocrinology_hypothyroidism_45.txt	disease	concept	3469	3483	hypothyroidism
endocrinology_hypothyroidism_45.txt	medication	concept	3520	3533	Levothyroxine
endocrinology_hypothyroidism_45.txt	disease	concept	3920	3942	primary hypothyroidism
endocrinology_hypothyroidism_46.txt	symptom	concept	319	326	fatigue
endocrinology_hypothyroidism_46.txt	symptom	concept	328	339	weight gain
endocrinology_hypothyroidism_46.txt	symptom	concept	345	361	cold intolerance
endocrinology_hypothyroidism_46.txt	symptom	concept	555	571	cold intolerance
endocrinology_hypothyroidism_46.txt	symptom	concept	573	585	constipation
endocrinology_hypothyroidism_46.txt	symptom	concept	591	599	dry skin
endocrinology_hypothyroidism_46.txt	medication	concept	680	690	Lisinopril
endocrinology_hypothyroidism_46.txt	disease	concept	1348	1378	normocytic normochromic anemia
endocrinology_hypothyroidism_46.txt	disease	concept	1479	1501	autoimmune thyroiditis
endocrinology_hypothyroidism_46.txt	disease	concept	1572	1586	hypothyroidism
endocrinology_hypothyroidism_46.txt	disease	concept	1641	1653	hypertension
endocrinology_hypothyroidism_46.txt	symptom	concept	1670	1682	sinus rhythm
endocrinology_hypothyroidism_46.txt	symptom	concept	1700	1708	ischemia
endocrinology_hypothyroidism_46.txt	disease	concept	1770	1784	hypothyroidism
endocrinology_hypothyroidism_46.txt	medication	concept	1856	1869	levothyroxine
endocrinology_hypothyroidism_46.txt	disease	concept	2007	2020	heart disease
endocrinology_hypothyroidism_46.txt	symptom	concept	2052	2069	adverse reactions
endocrinology_hypothyroidism_46.txt	medication	concept	2073	2086	levothyroxine
endocrinology_hypothyroidism_46.txt	medication	concept	2241	2254	Levothyroxine
endocrinology_hypothyroidism_46.txt	medication	concept	2443	2453	Lisinopril
endocrinology_hypothyroidism_46.txt	disease	concept	2496	2508	hypertension
endocrinology_hypothyroidism_46.txt	medication	concept	2682	2695	levothyroxine
endocrinology_hypothyroidism_46.txt	disease	concept	2846	2860	hypothyroidism
endocrinology_hypothyroidism_46.txt	medication	concept	3124	3137	levothyroxine
endocrinology_hypothyroidism_46.txt	disease	concept	3360	3374	hypothyroidism
endocrinology_hypothyroidism_46.txt	disease	concept	3378	3393	hyperthyroidism
endocrinology_hypothyroidism_46.txt	symptom	concept	3415	3422	fatigue
endocrinology_hypothyroidism_46.txt	symptom	concept	3424	3438	weight changes
endocrinology_hypothyroidism_46.txt	symptom	concept	3440	3452	palpitations
endocrinology_hypothyroidism_46.txt	symptom	concept	3457	3467	chest pain
endocrinology_hypothyroidism_46.txt	symptom	concept	3547	3559	side effects
endocrinology_hypothyroidism_46.txt	disease	concept	3586	3599	myxedema coma
endocrinology_hypothyroidism_46.txt	symptom	concept	3617	3625	lethargy
endocrinology_hypothyroidism_46.txt	symptom	concept	3629	3640	hypothermia
endocrinology_hypothyroidism_47.txt	symptom	concept	364	371	fatigue
endocrinology_hypothyroidism_47.txt	symptom	concept	373	384	weight gain
endocrinology_hypothyroidism_47.txt	symptom	concept	390	406	cold intolerance
endocrinology_hypothyroidism_47.txt	symptom	concept	468	478	depression
endocrinology_hypothyroidism_47.txt	symptom	concept	483	495	constipation
endocrinology_hypothyroidism_47.txt	disease	concept	1209	1231	Primary hypothyroidism
endocrinology_hypothyroidism_47.txt	disease	concept	1456	1473	primary hypothyro
endocrinology_hypothyroidism_47.txt	medication	concept	1498	1511	Levothyroxine
endocrinology_hypothyroidism_47.txt	disease	concept	1546	1559	heart disease
endocrinology_hypothyroidism_47.txt	disease	concept	1705	1717	hypertension
endocrinology_hypothyroidism_47.txt	symptom	concept	1766	1780	blood pressure
endocrinology_hypothyroidism_47.txt	medication	concept	1852	1865	Levothyroxine
endocrinology_hypothyroidism_47.txt	medication	concept	1932	1942	Lisinopril
endocrinology_hypothyroidism_47.txt	medication	concept	2175	2188	levothyroxine
endocrinology_hypothyroidism_47.txt	symptom	concept	2264	2276	palpitations
endocrinology_hypothyroidism_47.txt	symptom	concept	2278	2288	chest pain
endocrinology_hypothyroidism_47.txt	medication	concept	2504	2517	levothyroxine
endocrinology_hypothyroidism_47.txt	disease	concept	2679	2693	hypothyroidism
endocrinology_hypothyroidism_47.txt	disease	concept	2866	2880	hypothyroidism
endocrinology_hypothyroidism_47.txt	symptom	concept	3038	3045	fatigue
endocrinology_hypothyroidism_47.txt	symptom	concept	3050	3066	cold intolerance
endocrinology_hypothyroidism_48.txt	disease	concept	306	328	Primary Hypothyroidism
endocrinology_hypothyroidism_48.txt	symptom	concept	480	487	fatigue
endocrinology_hypothyroidism_48.txt	symptom	concept	489	500	weight gain
endocrinology_hypothyroidism_48.txt	symptom	concept	502	518	cold intolerance
endocrinology_hypothyroidism_48.txt	symptom	concept	524	536	constipation
endocrinology_hypothyroidism_48.txt	disease	concept	682	697	thyroid disease
endocrinology_hypothyroidism_48.txt	medication	concept	708	719	medications
endocrinology_hypothyroidism_48.txt	symptom	concept	841	852	bradycardia
endocrinology_hypothyroidism_48.txt	symptom	concept	882	902	deep tendon reflexes
endocrinology_hypothyroidism_48.txt	disease	concept	1240	1262	primary hypothyroidism
endocrinology_hypothyroidism_48.txt	disease	concept	1341	1371	normocytic-normochromic anemia
endocrinology_hypothyroidism_48.txt	disease	concept	1377	1384	hemoglo
endocrinology_hypothyroidism_48.txt	disease	concept	1475	1489	hypothyroidism
endocrinology_hypothyroidism_48.txt	disease	concept	1636	1650	hypothyroidism
endocrinology_hypothyroidism_48.txt	medication	concept	1667	1680	levothyroxine
endocrinology_hypothyroidism_48.txt	disease	concept	1745	1758	heart disease
endocrinology_hypothyroidism_48.txt	symptom	concept	2037	2044	fatigue
endocrinology_hypothyroidism_48.txt	symptom	concept	2101	2116	adverse effects
endocrinology_hypothyroidism_48.txt	medication	concept	2378	2391	levothyroxine
endocrinology_hypothyroidism_48.txt	medication	concept	2518	2531	levothyroxine
endocrinology_hypothyroidism_48.txt	procedure	concept	2614	2636	thyroid function tests
endocrinology_hypothyroidism_48.txt	disease	concept	2722	2736	hypothyroidism
endocrinology_hypothyroidism_48.txt	medication	concept	2837	2850	levothyroxine
endocrinology_hypothyroidism_48.txt	disease	concept	3115	3130	hyperthyroidism
endocrinology_hypothyroidism_48.txt	symptom	concept	3138	3150	palpitations
endocrinology_hypothyroidism_48.txt	symptom	concept	3152	3160	sweating
endocrinology_hypothyroidism_48.txt	symptom	concept	3162	3173	weight loss
endocrinology_hypothyroidism_48.txt	symptom	concept	3200	3207	fatigue
endocrinology_hypothyroidism_48.txt	symptom	concept	3209	3220	weight gain
endocrinology_hypothyroidism_48.txt	symptom	concept	3222	3238	cold intolerance
endocrinology_hypothyroidism_48.txt	medication	concept	3398	3411	levothyroxine
endocrinology_hypothyroidism_48.txt	medication	concept	3591	3604	levothyroxine
endocrinology_hypothyroidism_49.txt	disease	concept	248	270	Primary Hypothyroidism
endocrinology_hypothyroidism_49.txt	symptom	concept	387	398	weight gain
endocrinology_hypothyroidism_49.txt	symptom	concept	404	420	cold intolerance
endocrinology_hypothyroidism_49.txt	symptom	concept	498	509	bradycardia
endocrinology_hypothyroidism_49.txt	disease	concept	796	815	autoimmune diseases
endocrinology_hypothyroidism_49.txt	disease	concept	1096	1118	primary hypothyroidism
endocrinology_hypothyroidism_49.txt	disease	concept	1182	1188	Anemia
endocrinology_hypothyroidism_49.txt	medication	concept	1478	1491	levothyroxine
endocrinology_hypothyroidism_49.txt	disease	concept	1589	1602	heart disease
endocrinology_hypothyroidism_49.txt	symptom	concept	1696	1706	heart rate
endocrinology_hypothyroidism_49.txt	symptom	concept	1910	1917	fatigue
endocrinology_hypothyroidism_49.txt	symptom	concept	1922	1938	cold intolerance
endocrinology_hypothyroidism_49.txt	medication	concept	1982	1995	levothyroxine
endocrinology_hypothyroidism_49.txt	medication	concept	2186	2199	levothyroxine
endocrinology_hypothyroidism_49.txt	symptom	concept	2349	2356	fatigue
endocrinology_hypothyroidism_49.txt	medication	concept	2466	2479	levothyroxine
endocrinology_hypothyroidism_49.txt	symptom	concept	2572	2579	fatigue
endocrinology_hypothyroidism_49.txt	symptom	concept	2581	2595	weight changes
endocrinology_hypothyroidism_49.txt	medication	concept	2725	2738	levothyroxine
endocrinology_hypothyroidism_49.txt	medication	concept	2962	2975	levothyroxine
endocrinology_hypothyroidism_49.txt	medication	concept	3285	3298	levothyroxine
endocrinology_hypothyroidism_49.txt	disease	concept	3467	3480	myxedema coma
endocrinology_hypothyroidism_49.txt	symptom	concept	3490	3505	extreme fatigue
endocrinology_hypothyroidism_49.txt	symptom	concept	3507	3518	hypothermia
endocrinology_hypothyroidism_49.txt	symptom	concept	3523	3539	unresponsiveness
endocrinology_hypothyroidism_49.txt	medication	concept	3661	3674	levothyroxine
endocrinology_hypothyroidism_5.txt	symptom	concept	366	377	weight gain
endocrinology_hypothyroidism_5.txt	symptom	concept	379	395	cold intolerance
endocrinology_hypothyroidism_5.txt	symptom	concept	401	413	constipation
endocrinology_hypothyroidism_5.txt	disease	concept	519	533	hypothyroidism
endocrinology_hypothyroidism_5.txt	disease	concept	638	662	Type 2 diabetes mellitus
endocrinology_hypothyroidism_5.txt	medication	concept	677	686	metformin
endocrinology_hypothyroidism_5.txt	disease	concept	710	722	Hypertension
endocrinology_hypothyroidism_5.txt	medication	concept	740	750	lisinopril
endocrinology_hypothyroidism_5.txt	medication	concept	1020	1036	triiodothyronine
endocrinology_hypothyroidism_5.txt	disease	concept	1446	1468	primary hypothyroidism
endocrinology_hypothyroidism_5.txt	medication	concept	1530	1543	Levothyroxine
endocrinology_hypothyroidism_5.txt	disease	concept	1634	1647	heart disease
endocrinology_hypothyroidism_5.txt	disease	concept	1708	1722	hypothyroidism
endocrinology_hypothyroidism_5.txt	medication	concept	1724	1733	Metformin
endocrinology_hypothyroidism_5.txt	medication	concept	1738	1748	lisinopril
endocrinology_hypothyroidism_5.txt	medication	concept	2007	2020	Levothyroxine
endocrinology_hypothyroidism_5.txt	medication	concept	2205	2218	Levothyroxine
endocrinology_hypothyroidism_5.txt	medication	concept	2330	2343	Levothyroxine
endocrinology_hypothyroidism_5.txt	medication	concept	2577	2586	metformin
endocrinology_hypothyroidism_5.txt	medication	concept	2591	2601	lisinopril
endocrinology_hypothyroidism_5.txt	symptom	concept	2715	2725	chest pain
endocrinology_hypothyroidism_5.txt	symptom	concept	2752	2764	palpitations
endocrinology_hypothyroidism_5.txt	disease	concept	2950	2964	hypothyroidism
endocrinology_hypothyroidism_5.txt	disease	concept	3032	3046	hypothyroidism
endocrinology_hypothyroidism_5.txt	medication	concept	3101	3114	Levothyroxine
endocrinology_hypothyroidism_6.txt	symptom	concept	363	370	fatigue
endocrinology_hypothyroidism_6.txt	symptom	concept	372	383	weight gain
endocrinology_hypothyroidism_6.txt	symptom	concept	385	397	constipation
endocrinology_hypothyroidism_6.txt	symptom	concept	403	419	cold intolerance
endocrinology_hypothyroidism_6.txt	symptom	concept	732	738	Anemia
endocrinology_hypothyroidism_6.txt	medication	concept	991	1004	Levothyroxine
endocrinology_hypothyroidism_6.txt	medication	concept	1549	1562	Levothyroxine
endocrinology_hypothyroidism_6.txt	symptom	concept	1771	1786	bowel movements
endocrinology_hypothyroidism_6.txt	medication	concept	1974	1987	Levothyroxine
endocrinology_hypothyroidism_6.txt	medication	concept	2177	2190	Levothyroxine
endocrinology_hypothyroidism_6.txt	medication	concept	2260	2273	Levothyroxine
endocrinology_hypothyroidism_6.txt	medication	concept	2731	2744	Levothyroxine
endocrinology_hypothyroidism_6.txt	disease	concept	3170	3184	hypothyroidism
endocrinology_hypothyroidism_6.txt	disease	concept	3189	3204	hyperthyroidism
endocrinology_hypothyroidism_6.txt	medication	concept	3272	3285	Levothyroxine
endocrinology_hypothyroidism_6.txt	symptom	concept	3354	3364	chest pain
endocrinology_hypothyroidism_6.txt	symptom	concept	3366	3378	palpitations
endocrinology_hypothyroidism_6.txt	symptom	concept	3383	3402	shortness of breath
endocrinology_hypothyroidism_6.txt	disease	concept	3484	3498	hypothyroidism
endocrinology_hypothyroidism_6.txt	symptom	concept	3537	3554	clinical symptoms
endocrinology_hypothyroidism_6.txt	medication	concept	3632	3645	Levothyroxine
endocrinology_hypothyroidism_7.txt	symptom	concept	382	397	chronic fatigue
endocrinology_hypothyroidism_7.txt	symptom	concept	399	410	weight gain
endocrinology_hypothyroidism_7.txt	symptom	concept	416	432	cold intolerance
endocrinology_hypothyroidism_7.txt	procedure	concept	508	523	metabolic panel
endocrinology_hypothyroidism_7.txt	procedure	concept	534	556	thyroid function tests
endocrinology_hypothyroidism_7.txt	disease	concept	1036	1058	primary hypothyroidism
endocrinology_hypothyroidism_7.txt	medication	concept	1199	1212	Levothyroxine
endocrinology_hypothyroidism_7.txt	medication	concept	1514	1527	levothyroxine
endocrinology_hypothyroidism_7.txt	medication	concept	1690	1703	levothyroxine
endocrinology_hypothyroidism_7.txt	symptom	concept	1903	1915	palpitations
endocrinology_hypothyroidism_7.txt	symptom	concept	1920	1930	chest pain
endocrinology_hypothyroidism_7.txt	medication	concept	1973	1986	levothyroxine
endocrinology_hypothyroidism_7.txt	medication	concept	2047	2060	levothyroxine
endocrinology_hypothyroidism_7.txt	disease	concept	2388	2402	hypothyroidism
endocrinology_hypothyroidism_7.txt	medication	concept	2628	2641	levothyroxine
endocrinology_hypothyroidism_7.txt	symptom	concept	2846	2858	palpitations
endocrinology_hypothyroidism_7.txt	symptom	concept	2860	2863	res
endocrinology_hypothyroidism_7.txt	symptom	concept	2889	2900	weight loss
endocrinology_hypothyroidism_7.txt	medication	concept	3019	3032	levothyroxine
endocrinology_hypothyroidism_7.txt	medication	concept	3069	3082	levothyroxine
endocrinology_hypothyroidism_7.txt	disease	concept	3124	3146	primary hypothyroidism
endocrinology_hypothyroidism_8.txt	disease	concept	332	362	Normocytic-Normochromic Anemia
endocrinology_hypothyroidism_8.txt	symptom	concept	501	508	fatigue
endocrinology_hypothyroidism_8.txt	symptom	concept	510	521	weight gain
endocrinology_hypothyroidism_8.txt	symptom	concept	545	557	constipation
endocrinology_hypothyroidism_8.txt	symptom	concept	789	800	bradycardia
endocrinology_hypothyroidism_8.txt	disease	concept	1198	1228	normocytic-normochromic anemia
endocrinology_hypothyroidism_8.txt	medication	concept	1343	1356	Levothyroxine
endocrinology_hypothyroidism_8.txt	medication	concept	1627	1640	levothyroxine
endocrinology_hypothyroidism_8.txt	disease	concept	1971	1985	hypothyroidism
endocrinology_hypothyroidism_8.txt	disease	concept	1990	2005	hyperthyroidism
endocrinology_hypothyroidism_8.txt	medication	concept	2059	2072	levothyroxine
endocrinology_hypothyroidism_8.txt	medication	concept	2114	2127	Levothyroxine
endocrinology_hypothyroidism_8.txt	medication	concept	2395	2408	levothyroxine
endocrinology_hypothyroidism_8.txt	symptom	concept	2498	2510	palpitations
endocrinology_hypothyroidism_8.txt	symptom	concept	2512	2522	chest pain
endocrinology_hypothyroidism_8.txt	symptom	concept	2537	2548	weight loss
endocrinology_hypothyroidism_8.txt	medication	concept	2636	2649	levothyroxine
endocrinology_hypothyroidism_8.txt	symptom	concept	2863	2874	weight gain
endocrinology_hypothyroidism_8.txt	symptom	concept	2876	2892	cold intolerance
endocrinology_hypothyroidism_8.txt	disease	concept	2897	2912	hyperthyroidism
endocrinology_hypothyroidism_8.txt	symptom	concept	2914	2926	palpitations
endocrinology_hypothyroidism_8.txt	medication	concept	3251	3264	levothyroxine
endocrinology_hypothyroidism_8.txt	disease	concept	3372	3386	hypothyroidism
endocrinology_hypothyroidism_8.txt	medication	concept	3431	3444	levothyroxine
endocrinology_hypothyroidism_8.txt	procedure	concept	3474	3496	thyroid function tests
endocrinology_hypothyroidism_9.txt	symptom	concept	331	338	fatigue
endocrinology_hypothyroidism_9.txt	symptom	concept	340	351	weight gain
endocrinology_hypothyroidism_9.txt	symptom	concept	357	373	cold intolerance
endocrinology_hypothyroidism_9.txt	symptom	concept	451	458	fatigue
endocrinology_hypothyroidism_9.txt	symptom	concept	471	482	weight gain
endocrinology_hypothyroidism_9.txt	symptom	concept	665	680	dietary changes
endocrinology_hypothyroidism_9.txt	disease	concept	850	865	thyroid disease
endocrinology_hypothyroidism_9.txt	disease	concept	1528	1550	primary hypothyroidism
endocrinology_hypothyroidism_9.txt	medication	concept	1572	1585	levothyroxine
endocrinology_hypothyroidism_9.txt	disease	concept	1626	1639	heart disease
endocrinology_hypothyroidism_9.txt	symptom	concept	1972	1984	side effects
endocrinology_hypothyroidism_9.txt	medication	concept	2137	2150	Levothyroxine
endocrinology_hypothyroidism_9.txt	medication	concept	2271	2282	supplements
endocrinology_hypothyroidism_9.txt	medication	concept	2311	2324	levothyroxine
endocrinology_hypothyroidism_9.txt	medication	concept	2533	2546	levothyroxine
endocrinology_hypothyroidism_9.txt	disease	concept	2705	2720	hyperthyroidism
endocrinology_hypothyroidism_9.txt	symptom	concept	3073	3087	blood pressure
endocrinology_hypothyroidism_9.txt	medication	concept	3141	3154	levothyroxine
endocrinology_hypothyroidism_9.txt	medication	concept	3366	3377	medications
endocrinology_hypothyroidism_9.txt	symptom	concept	3624	3634	chest pain
endocrinology_hypothyroidism_9.txt	symptom	concept	3636	3648	palpitations
endocrinology_hypothyroidism_9.txt	symptom	concept	3660	3667	anxiety
endocrinology_type 1 diabetes_0.txt	disease	concept	311	335	Type 1 Diabetes Mellitus
endocrinology_type 1 diabetes_0.txt	disease	concept	530	538	polyuria
endocrinology_type 1 diabetes_0.txt	disease	concept	846	870	Type 1 Diabetes Mellitus
endocrinology_type 1 diabetes_0.txt	medication	concept	1282	1297	Insulin detemir
endocrinology_type 1 diabetes_0.txt	medication	concept	1391	1405	Insulin lispro
endocrinology_type 1 diabetes_0.txt	disease	concept	1802	1814	hypoglycemia
endocrinology_type 1 diabetes_0.txt	disease	concept	1819	1832	hyperglycemia
endocrinology_type 1 diabetes_0.txt	disease	concept	1938	1946	diabetes
endocrinology_type 1 diabetes_0.txt	procedure	concept	2372	2388	foot examination
endocrinology_type 1 diabetes_0.txt	disease	concept	2415	2436	peripheral neuropathy
endocrinology_type 1 diabetes_0.txt	disease	concept	2542	2553	albuminuria
endocrinology_type 1 diabetes_0.txt	disease	concept	2763	2787	Streptococcus pneumoniae
endocrinology_type 1 diabetes_0.txt	disease	concept	2789	2804	influenza virus
endocrinology_type 1 diabetes_0.txt	disease	concept	2806	2817	hepatitis B
endocrinology_type 1 diabetes_0.txt	disease	concept	2819	2828	varicella
endocrinology_type 1 diabetes_0.txt	disease	concept	2834	2844	SARS-CoV-2
endocrinology_type 1 diabetes_0.txt	disease	concept	2885	2893	diabetes
endocrinology_type 1 diabetes_0.txt	medication	concept	2928	2943	Insulin detemir
endocrinology_type 1 diabetes_0.txt	medication	concept	2989	3003	Insulin lispro
endocrinology_type 1 diabetes_0.txt	medication	concept	3095	3107	Multivitamin
endocrinology_type 1 diabetes_0.txt	disease	concept	3274	3282	diabetes
endocrinology_type 1 diabetes_0.txt	disease	concept	3611	3619	diabetes
endocrinology_type 1 diabetes_0.txt	disease	concept	3803	3818	Type 1 Diabetes
endocrinology_type 1 diabetes_0.txt	procedure	concept	3830	3852	insulin administration
endocrinology_type 1 diabetes_0.txt	procedure	concept	3854	3872	dietary management
endocrinology_type 1 diabetes_0.txt	procedure	concept	3874	3882	exercise
endocrinology_type 1 diabetes_0.txt	disease	concept	4060	4072	hypoglycemia
endocrinology_type 1 diabetes_0.txt	disease	concept	4077	4090	hyperglycemia
endocrinology_type 1 diabetes_0.txt	disease	concept	4298	4306	diabetes
endocrinology_type 1 diabetes_0.txt	disease	concept	4637	4661	Type 1 Diabetes Mellitus
endocrinology_type 1 diabetes_1.txt	disease	concept	310	334	Type 1 Diabetes Mellitus
endocrinology_type 1 diabetes_1.txt	symptom	concept	542	550	polyuria
endocrinology_type 1 diabetes_1.txt	symptom	concept	693	700	fatigue
endocrinology_type 1 diabetes_1.txt	disease	concept	1045	1069	Type 1 Diabetes Mellitus
endocrinology_type 1 diabetes_1.txt	disease	concept	1297	1310	hyperglycemia
endocrinology_type 1 diabetes_1.txt	medication	concept	1637	1644	insulin
endocrinology_type 1 diabetes_1.txt	disease	concept	1755	1767	hypoglycemia
endocrinology_type 1 diabetes_1.txt	disease	concept	1772	1785	hyperglycemia
endocrinology_type 1 diabetes_1.txt	disease	concept	1791	1812	diabetic ketoacidosis
endocrinology_type 1 diabetes_1.txt	symptom	concept	2211	2233	circulatory impairment
endocrinology_type 1 diabetes_1.txt	medication	concept	2660	2681	Discharge Medications
endocrinology_type 1 diabetes_1.txt	medication	concept	2689	2705	Insulin Glargine
endocrinology_type 1 diabetes_1.txt	medication	concept	2745	2759	Insulin Lispro
endocrinology_type 1 diabetes_1.txt	medication	concept	2811	2822	ultivitamin
endocrinology_type 1 diabetes_1.txt	disease	concept	3099	3121	diabetic complications
endocrinology_type 1 diabetes_1.txt	disease	concept	3615	3624	influenza
endocrinology_type 1 diabetes_1.txt	disease	concept	3626	3638	pneumococcal
endocrinology_type 1 diabetes_1.txt	disease	concept	3640	3651	hepatitis B
endocrinology_type 1 diabetes_1.txt	disease	concept	3657	3667	SARS-CoV-2
endocrinology_type 1 diabetes_1.txt	disease	concept	3753	3777	Type 1 Diabetes Mellitus
endocrinology_type 1 diabetes_10.txt	symptom	concept	591	600	urination
endocrinology_type 1 diabetes_10.txt	symptom	concept	614	625	weight loss
endocrinology_type 1 diabetes_10.txt	disease	concept	699	716	diabetes mellitus
endocrinology_type 1 diabetes_10.txt	disease	concept	978	995	diabetes mellitus
endocrinology_type 1 diabetes_10.txt	disease	concept	1063	1087	Type 1 Diabetes Mellitus
endocrinology_type 1 diabetes_10.txt	disease	concept	1505	1509	T1DM
endocrinology_type 1 diabetes_10.txt	medication	concept	1702	1721	basal-bolus regimen
endocrinology_type 1 diabetes_10.txt	medication	concept	1759	1772	Basal Insulin
endocrinology_type 1 diabetes_10.txt	medication	concept	1812	1825	Bolus Insulin
endocrinology_type 1 diabetes_10.txt	disease	concept	2649	2669	diabetic retinopathy
endocrinology_type 1 diabetes_10.txt	disease	concept	2999	3008	influenza
endocrinology_type 1 diabetes_10.txt	disease	concept	3010	3022	pneumococcal
endocrinology_type 1 diabetes_10.txt	disease	concept	3024	3035	hepatitis B
endocrinology_type 1 diabetes_10.txt	disease	concept	3041	3051	SARS-CoV-2
endocrinology_type 1 diabetes_10.txt	disease	concept	3442	3446	T1DM
endocrinology_type 1 diabetes_10.txt	medication	concept	3480	3496	Insulin Glargine
endocrinology_type 1 diabetes_10.txt	medication	concept	3521	3535	Insulin Lispro
endocrinology_type 1 diabetes_10.txt	disease	concept	3647	3671	Type 1 Diabetes Mellitus
endocrinology_type 1 diabetes_10.txt	procedure	concept	3783	3792	education
endocrinology_type 1 diabetes_10.txt	disease	concept	3961	3969	diabetes
endocrinology_type 1 diabetes_10.txt	procedure	concept	4018	4027	foot care
endocrinology_type 1 diabetes_11.txt	disease	concept	395	405	polydipsia
endocrinology_type 1 diabetes_11.txt	symptom	concept	504	522	nocturnal enuresis
endocrinology_type 1 diabetes_11.txt	disease	concept	595	612	diabetes mellitus
endocrinology_type 1 diabetes_11.txt	disease	concept	974	982	diabetes
endocrinology_type 1 diabetes_11.txt	disease	concept	1388	1403	type 1 diabetes
endocrinology_type 1 diabetes_11.txt	medication	concept	1530	1539	IV fluids
endocrinology_type 1 diabetes_11.txt	medication	concept	1560	1570	IV insulin
endocrinology_type 1 diabetes_11.txt	medication	concept	1623	1643	subcutaneous insulin
endocrinology_type 1 diabetes_11.txt	medication	concept	1669	1685	Insulin Glargine
endocrinology_type 1 diabetes_11.txt	medication	concept	1742	1756	Insulin Lispro
endocrinology_type 1 diabetes_11.txt	disease	concept	2318	2330	hypoglycemia
endocrinology_type 1 diabetes_11.txt	disease	concept	2335	2348	hyperglycemia
endocrinology_type 1 diabetes_11.txt	disease	concept	2554	2576	diabetic complications
endocrinology_type 1 diabetes_11.txt	disease	concept	2693	2713	diabetic retinopathy
endocrinology_type 1 diabetes_11.txt	disease	concept	2807	2828	peripheral neuropathy
endocrinology_type 1 diabetes_11.txt	disease	concept	3130	3139	influenza
endocrinology_type 1 diabetes_11.txt	disease	concept	3141	3153	pneumococcal
endocrinology_type 1 diabetes_11.txt	disease	concept	3159	3170	hepatitis B
endocrinology_type 1 diabetes_11.txt	medication	concept	3457	3473	Insulin Glargine
endocrinology_type 1 diabetes_11.txt	medication	concept	3497	3511	Insulin Lispro
endocrinology_type 1 diabetes_11.txt	medication	concept	3731	3745	Insulin Lispro
endocrinology_type 1 diabetes_11.txt	disease	concept	3918	3930	hypoglycemia
endocrinology_type 1 diabetes_11.txt	disease	concept	3935	3948	hyperglycemia
endocrinology_type 1 diabetes_11.txt	disease	concept	4159	4176	diabetes mellitus
endocrinology_type 1 diabetes_11.txt	disease	concept	4200	4215	type 1 diabetes
endocrinology_type 1 diabetes_12.txt	disease	concept	253	277	Type 1 Diabetes Mellitus
endocrinology_type 1 diabetes_12.txt	symptom	concept	464	472	polyuria
endocrinology_type 1 diabetes_12.txt	disease	concept	602	617	type 1 diabetes
endocrinology_type 1 diabetes_12.txt	disease	concept	1140	1164	type 1 diabetes mellitus
endocrinology_type 1 diabetes_12.txt	disease	concept	1245	1258	hyperglycemia
endocrinology_type 1 diabetes_12.txt	medication	concept	1415	1429	Insulin Lispro
endocrinology_type 1 diabetes_12.txt	disease	concept	2004	2016	hypoglycemia
endocrinology_type 1 diabetes_12.txt	disease	concept	2021	2034	hyperglycemia
endocrinology_type 1 diabetes_12.txt	procedure	concept	2193	2210	foot examinations
endocrinology_type 1 diabetes_12.txt	disease	concept	2486	2510	Streptococcus pneumoniae
endocrinology_type 1 diabetes_12.txt	disease	concept	2542	2551	varicella
endocrinology_type 1 diabetes_12.txt	disease	concept	2557	2567	SARS-CoV-2
endocrinology_type 1 diabetes_12.txt	disease	concept	2889	2897	diabetes
endocrinology_type 1 diabetes_12.txt	medication	concept	2914	2921	insulin
endocrinology_type 1 diabetes_12.txt	medication	concept	3061	3077	Insulin Glargine
endocrinology_type 1 diabetes_12.txt	medication	concept	3138	3152	Insulin Lispro
endocrinology_type 1 diabetes_12.txt	medication	concept	3307	3314	insulin
endocrinology_type 1 diabetes_12.txt	medication	concept	3442	3449	insulin
endocrinology_type 1 diabetes_12.txt	disease	concept	3510	3522	hypoglycemia
endocrinology_type 1 diabetes_12.txt	disease	concept	3527	3540	hyperglycemia
endocrinology_type 1 diabetes_12.txt	disease	concept	3707	3715	diabetes
endocrinology_type 1 diabetes_12.txt	procedure	concept	3745	3763	diagnostic testing
endocrinology_type 1 diabetes_12.txt	medication	concept	3812	3819	insulin
endocrinology_type 1 diabetes_12.txt	disease	concept	3876	3884	diabetes
endocrinology_type 1 diabetes_13.txt	symptom	concept	310	318	polyuria
endocrinology_type 1 diabetes_13.txt	disease	concept	320	330	polydipsia
endocrinology_type 1 diabetes_13.txt	symptom	concept	344	355	weight loss
endocrinology_type 1 diabetes_13.txt	symptom	concept	580	586	thirst
endocrinology_type 1 diabetes_13.txt	symptom	concept	656	667	weight loss
endocrinology_type 1 diabetes_13.txt	symptom	concept	691	699	appetite
endocrinology_type 1 diabetes_13.txt	disease	concept	721	729	diabetes
endocrinology_type 1 diabetes_13.txt	symptom	concept	878	889	tachycardic
endocrinology_type 1 diabetes_13.txt	disease	concept	1392	1400	diabetes
endocrinology_type 1 diabetes_13.txt	disease	concept	1433	1456	type 1 diabetes mellitu
endocrinology_type 1 diabetes_13.txt	disease	concept	1559	1572	hyperglycemia
endocrinology_type 1 diabetes_13.txt	medication	concept	1728	1742	Insulin Lispro
endocrinology_type 1 diabetes_13.txt	disease	concept	2077	2085	diabetes
endocrinology_type 1 diabetes_13.txt	procedure	concept	2157	2165	exercise
endocrinology_type 1 diabetes_13.txt	disease	concept	2235	2243	diabetes
endocrinology_type 1 diabetes_13.txt	disease	concept	2435	2457	diabetic complications
endocrinology_type 1 diabetes_13.txt	procedure	concept	2491	2508	foot examinations
endocrinology_type 1 diabetes_13.txt	procedure	concept	2510	2534	funduscopic examinations
endocrinology_type 1 diabetes_13.txt	procedure	concept	2562	2575	urine testing
endocrinology_type 1 diabetes_13.txt	disease	concept	2580	2591	albuminuria
endocrinology_type 1 diabetes_13.txt	medication	concept	2666	2682	Insulin Glargine
endocrinology_type 1 diabetes_13.txt	medication	concept	2721	2735	Insulin Lispro
endocrinology_type 1 diabetes_13.txt	disease	concept	3082	3104	diabetic complications
endocrinology_type 1 diabetes_13.txt	disease	concept	3492	3501	varicella
endocrinology_type 1 diabetes_13.txt	disease	concept	3642	3657	type 1 diabetes
endocrinology_type 1 diabetes_13.txt	medication	concept	3722	3729	insulin
endocrinology_type 1 diabetes_13.txt	disease	concept	3863	3887	type 1 diabetes mellitus
endocrinology_type 1 diabetes_13.txt	procedure	concept	3964	3979	insulin therapy
endocrinology_type 1 diabetes_14.txt	symptom	concept	388	394	thirst
endocrinology_type 1 diabetes_14.txt	symptom	concept	405	414	urination
endocrinology_type 1 diabetes_14.txt	symptom	concept	438	449	weight loss
endocrinology_type 1 diabetes_14.txt	disease	concept	579	589	polyphagia
endocrinology_type 1 diabetes_14.txt	disease	concept	673	681	diabetes
endocrinology_type 1 diabetes_14.txt	disease	concept	911	917	PERRLA
endocrinology_type 1 diabetes_14.txt	disease	concept	1367	1382	type 1 diabetes
endocrinology_type 1 diabetes_14.txt	procedure	concept	1457	1467	Urinalysis
endocrinology_type 1 diabetes_14.txt	disease	concept	1469	1479	Glucosuria
endocrinology_type 1 diabetes_14.txt	disease	concept	1484	1492	ketonuri
endocrinology_type 1 diabetes_14.txt	disease	concept	1611	1626	type 1 diabetes
endocrinology_type 1 diabetes_14.txt	disease	concept	1694	1707	hyperglycemia
endocrinology_type 1 diabetes_14.txt	medication	concept	1723	1738	Insulin therapy
endocrinology_type 1 diabetes_14.txt	medication	concept	1794	1810	Insulin Glargine
endocrinology_type 1 diabetes_14.txt	medication	concept	1869	1883	Insulin Lispro
endocrinology_type 1 diabetes_14.txt	disease	concept	2001	2013	hypoglycemia
endocrinology_type 1 diabetes_14.txt	disease	concept	2183	2191	diabetes
endocrinology_type 1 diabetes_14.txt	disease	concept	2243	2258	type 1 diabetes
endocrinology_type 1 diabetes_14.txt	disease	concept	2473	2485	hypoglycemia
endocrinology_type 1 diabetes_14.txt	disease	concept	2490	2503	hyperglycemia
endocrinology_type 1 diabetes_14.txt	medication	concept	2940	2961	Discharge Medications
endocrinology_type 1 diabetes_14.txt	medication	concept	2967	2973	Insuli
endocrinology_type 1 diabetes_14.txt	medication	concept	3022	3036	Insulin Lispro
endocrinology_type 1 diabetes_14.txt	medication	concept	3240	3254	Insulin Lispro
endocrinology_type 1 diabetes_14.txt	disease	concept	3459	3467	diabetes
endocrinology_type 1 diabetes_14.txt	disease	concept	3766	3778	hypoglycemia
endocrinology_type 1 diabetes_14.txt	symptom	concept	3780	3789	shakiness
endocrinology_type 1 diabetes_14.txt	symptom	concept	3791	3799	sweating
endocrinology_type 1 diabetes_14.txt	symptom	concept	3801	3810	confusion
endocrinology_type 1 diabetes_14.txt	disease	concept	4182	4197	type 1 diabetes
endocrinology_type 1 diabetes_15.txt	disease	concept	247	271	Type 1 Diabetes Mellitus
endocrinology_type 1 diabetes_15.txt	symptom	concept	441	449	polyuria
endocrinology_type 1 diabetes_15.txt	disease	concept	451	461	polydipsia
endocrinology_type 1 diabetes_15.txt	symptom	concept	479	490	weight loss
endocrinology_type 1 diabetes_15.txt	disease	concept	671	695	Type 1 Diabetes Mellitus
endocrinology_type 1 diabetes_15.txt	medication	concept	1080	1088	Glargine
endocrinology_type 1 diabetes_15.txt	medication	concept	1134	1148	Lispro insulin
endocrinology_type 1 diabetes_15.txt	disease	concept	1340	1352	hypoglycemia
endocrinology_type 1 diabetes_15.txt	disease	concept	1447	1459	hypoglycemia
endocrinology_type 1 diabetes_15.txt	medication	concept	1559	1566	insulin
endocrinology_type 1 diabetes_15.txt	disease	concept	1993	2005	hypoglycemia
endocrinology_type 1 diabetes_15.txt	disease	concept	2022	2044	diabetic complications
endocrinology_type 1 diabetes_15.txt	disease	concept	2188	2199	albuminuria
endocrinology_type 1 diabetes_15.txt	medication	concept	2378	2394	Insulin Glargine
endocrinology_type 1 diabetes_15.txt	medication	concept	2444	2458	Insulin Lispro
endocrinology_type 1 diabetes_15.txt	medication	concept	2595	2610	glucose tablets
endocrinology_type 1 diabetes_15.txt	disease	concept	2642	2654	hypoglycemia
endocrinology_type 1 diabetes_15.txt	disease	concept	2903	2924	peripheral neuropathy
endocrinology_type 1 diabetes_15.txt	disease	concept	2996	3016	diabetic retinopathy
endocrinology_type 1 diabetes_15.txt	disease	concept	3180	3204	Streptococcus pneumoniae
endocrinology_type 1 diabetes_15.txt	disease	concept	3206	3215	influenza
endocrinology_type 1 diabetes_15.txt	disease	concept	3217	3228	hepatitis B
endocrinology_type 1 diabetes_15.txt	disease	concept	3230	3239	varicella
endocrinology_type 1 diabetes_15.txt	disease	concept	3245	3255	SARS-CoV-2
endocrinology_type 1 diabetes_15.txt	disease	concept	3388	3412	Type 1 Diabetes Mellitus
endocrinology_type 1 diabetes_15.txt	disease	concept	3500	3512	hypoglycemia
endocrinology_type 1 diabetes_15.txt	disease	concept	3517	3530	hyperglycemia
endocrinology_type 1 diabetes_15.txt	medication	concept	3975	3982	insulin
endocrinology_type 1 diabetes_15.txt	disease	concept	4208	4220	hypoglycemia
endocrinology_type 1 diabetes_15.txt	disease	concept	4224	4236	ketoacidosis
endocrinology_type 1 diabetes_16.txt	disease	concept	256	280	Type 1 Diabetes Mellitus
endocrinology_type 1 diabetes_16.txt	symptom	concept	444	452	polyuria
endocrinology_type 1 diabetes_16.txt	disease	concept	680	704	Type 1 Diabetes Mellitus
endocrinology_type 1 diabetes_16.txt	medication	concept	904	931	basal-bolus insulin therapy
endocrinology_type 1 diabetes_16.txt	disease	concept	942	955	hyperglycemia
endocrinology_type 1 diabetes_16.txt	medication	concept	1019	1035	Insulin Glargine
endocrinology_type 1 diabetes_16.txt	medication	concept	1122	1136	Insulin Lispro
endocrinology_type 1 diabetes_16.txt	medication	concept	1289	1301	Multivitamin
endocrinology_type 1 diabetes_16.txt	medication	concept	1536	1552	Insulin Glargine
endocrinology_type 1 diabetes_16.txt	medication	concept	1587	1601	Insulin Lispro
endocrinology_type 1 diabetes_16.txt	procedure	concept	1989	2005	Foot Examination
endocrinology_type 1 diabetes_16.txt	disease	concept	2351	2366	Type 1 Diabetes
endocrinology_type 1 diabetes_16.txt	disease	concept	2920	2928	diabetes
endocrinology_type 1 diabetes_16.txt	disease	concept	3251	3260	influenza
endocrinology_type 1 diabetes_16.txt	disease	concept	3262	3274	pneumococcal
endocrinology_type 1 diabetes_16.txt	disease	concept	3280	3291	hepatitis B
endocrinology_type 1 diabetes_16.txt	disease	concept	3334	3342	diabetes
endocrinology_type 1 diabetes_16.txt	disease	concept	3726	3730	hypo
endocrinology_type 1 diabetes_16.txt	disease	concept	3735	3748	hyperglycemia
endocrinology_type 1 diabetes_16.txt	medication	concept	3835	3851	Insulin Glargine
endocrinology_type 1 diabetes_16.txt	medication	concept	3887	3901	Insulin Lispro
endocrinology_type 1 diabetes_16.txt	medication	concept	3903	3910	Humalog
endocrinology_type 1 diabetes_16.txt	medication	concept	3938	3950	Multivitamin
endocrinology_type 1 diabetes_17.txt	disease	concept	230	254	Type 1 Diabetes Mellitus
endocrinology_type 1 diabetes_17.txt	symptom	concept	502	511	urination
endocrinology_type 1 diabetes_17.txt	symptom	concept	525	536	weight loss
endocrinology_type 1 diabetes_17.txt	disease	concept	828	852	type 1 diabetes mellitus
endocrinology_type 1 diabetes_17.txt	disease	concept	1620	1640	diabetic retinopathy
endocrinology_type 1 diabetes_17.txt	disease	concept	1707	1723	microalbuminuria
endocrinology_type 1 diabetes_17.txt	medication	concept	1762	1775	ACE inhibitor
endocrinology_type 1 diabetes_17.txt	medication	concept	1981	1997	Insulin Glargine
endocrinology_type 1 diabetes_17.txt	medication	concept	2043	2057	Insulin Lispro
endocrinology_type 1 diabetes_17.txt	medication	concept	2109	2119	Lisinopril
endocrinology_type 1 diabetes_17.txt	disease	concept	2191	2207	microalbuminuria
endocrinology_type 1 diabetes_17.txt	disease	concept	2469	2480	albuminuria
endocrinology_type 1 diabetes_17.txt	disease	concept	2575	2583	diabetes
endocrinology_type 1 diabetes_17.txt	disease	concept	2769	2777	diabetes
endocrinology_type 1 diabetes_17.txt	disease	concept	3094	3118	Streptococcus pneumoniae
endocrinology_type 1 diabetes_17.txt	disease	concept	3120	3135	influenza virus
endocrinology_type 1 diabetes_17.txt	disease	concept	3150	3159	varicella
endocrinology_type 1 diabetes_17.txt	disease	concept	3165	3175	SARS-CoV-2
endocrinology_type 1 diabetes_17.txt	disease	concept	3239	3247	diabetes
endocrinology_type 1 diabetes_17.txt	disease	concept	3363	3371	diabetes
endocrinology_type 1 diabetes_18.txt	disease	concept	265	289	Type 1 Diabetes Mellitus
endocrinology_type 1 diabetes_18.txt	symptom	concept	467	475	polyuria
endocrinology_type 1 diabetes_18.txt	disease	concept	477	487	polydipsia
endocrinology_type 1 diabetes_18.txt	symptom	concept	501	512	weight loss
endocrinology_type 1 diabetes_18.txt	disease	concept	592	625	viral upper respiratory infection
endocrinology_type 1 diabetes_18.txt	disease	concept	967	982	type 1 diabetes
endocrinology_type 1 diabetes_18.txt	disease	concept	1025	1049	type 1 diabetes mellitus
endocrinology_type 1 diabetes_18.txt	medication	concept	1405	1419	Insulin Lispro
endocrinology_type 1 diabetes_18.txt	disease	concept	1559	1572	hyperglycemia
endocrinology_type 1 diabetes_18.txt	disease	concept	1601	1609	diabetes
endocrinology_type 1 diabetes_18.txt	disease	concept	1715	1728	hyperglycemia
endocrinology_type 1 diabetes_18.txt	disease	concept	1734	1742	diabetes
endocrinology_type 1 diabetes_18.txt	disease	concept	2058	2073	type 1 diabetes
endocrinology_type 1 diabetes_18.txt	procedure	concept	2113	2129	Foot examination
endocrinology_type 1 diabetes_18.txt	disease	concept	2268	2279	albuminuria
endocrinology_type 1 diabetes_18.txt	disease	concept	2509	2518	influenza
endocrinology_type 1 diabetes_18.txt	disease	concept	2520	2542	pneumococcal pneumonia
endocrinology_type 1 diabetes_18.txt	disease	concept	2544	2555	hepatitis B
endocrinology_type 1 diabetes_18.txt	disease	concept	2573	2580	tetanus
endocrinology_type 1 diabetes_18.txt	disease	concept	2585	2593	COVID-19
endocrinology_type 1 diabetes_18.txt	medication	concept	2638	2654	Insulin Glargine
endocrinology_type 1 diabetes_18.txt	medication	concept	2693	2707	Insulin Lispro
endocrinology_type 1 diabetes_18.txt	medication	concept	2756	2768	Atorvastatin
endocrinology_type 1 diabetes_18.txt	disease	concept	3062	3070	diabetes
endocrinology_type 1 diabetes_18.txt	procedure	concept	3317	3341	blood glucose monitoring
endocrinology_type 1 diabetes_18.txt	procedure	concept	3378	3382	diet
endocrinology_type 1 diabetes_18.txt	procedure	concept	3384	3392	exercise
endocrinology_type 1 diabetes_18.txt	disease	concept	3542	3550	diabetes
endocrinology_type 1 diabetes_18.txt	medication	concept	3672	3686	insulin Lispro
endocrinology_type 1 diabetes_18.txt	procedure	concept	3852	3864	dietary plan
endocrinology_type 1 diabetes_18.txt	procedure	concept	3890	3907	physical activity
endocrinology_type 1 diabetes_18.txt	procedure	concept	3933	3942	foot care
endocrinology_type 1 diabetes_18.txt	procedure	concept	3973	3988	podiatric exams
endocrinology_type 1 diabetes_18.txt	disease	concept	4000	4008	diabetes
endocrinology_type 1 diabetes_18.txt	disease	concept	4113	4128	type 1 diabetes
endocrinology_type 1 diabetes_18.txt	symptom	concept	4299	4315	stable condition
endocrinology_type 1 diabetes_19.txt	symptom	concept	407	413	thirst
endocrinology_type 1 diabetes_19.txt	symptom	concept	424	433	urination
endocrinology_type 1 diabetes_19.txt	symptom	concept	465	476	weight loss
endocrinology_type 1 diabetes_19.txt	disease	concept	597	607	polydipsia
endocrinology_type 1 diabetes_19.txt	disease	concept	609	617	polyuria
endocrinology_type 1 diabetes_19.txt	symptom	concept	625	636	weight loss
endocrinology_type 1 diabetes_19.txt	symptom	concept	741	748	fatigue
endocrinology_type 1 diabetes_19.txt	symptom	concept	753	767	blurred vision
endocrinology_type 1 diabetes_19.txt	disease	concept	844	850	Asthma
endocrinology_type 1 diabetes_19.txt	medication	concept	873	896	inhaled corticosteroids
endocrinology_type 1 diabetes_19.txt	procedure	concept	1126	1141	Ophthalmic Exam
endocrinology_type 1 diabetes_19.txt	disease	concept	1155	1175	diabetic retinopathy
endocrinology_type 1 diabetes_19.txt	procedure	concept	1185	1201	Foot Examination
endocrinology_type 1 diabetes_19.txt	disease	concept	1590	1614	Type 1 Diabetes Mellitus
endocrinology_type 1 diabetes_19.txt	disease	concept	1673	1697	Type 1 Diabetes Mellitus
endocrinology_type 1 diabetes_19.txt	medication	concept	1759	1766	insulin
endocrinology_type 1 diabetes_19.txt	medication	concept	1821	1828	insulin
endocrinology_type 1 diabetes_19.txt	medication	concept	1852	1868	Insulin Glargine
endocrinology_type 1 diabetes_19.txt	medication	concept	1926	1940	Insulin Lispro
endocrinology_type 1 diabetes_19.txt	medication	concept	2448	2455	insulin
endocrinology_type 1 diabetes_19.txt	disease	concept	2513	2525	hypoglycemia
endocrinology_type 1 diabetes_19.txt	medication	concept	2590	2597	insulin
endocrinology_type 1 diabetes_19.txt	procedure	concept	2813	2829	foot examination
endocrinology_type 1 diabetes_19.txt	disease	concept	2966	2988	diabetic complications
endocrinology_type 1 diabetes_19.txt	disease	concept	3108	3117	influenza
endocrinology_type 1 diabetes_19.txt	disease	concept	3119	3131	pneumococcal
endocrinology_type 1 diabetes_19.txt	disease	concept	3133	3144	hepatitis B
endocrinology_type 1 diabetes_19.txt	disease	concept	4162	4186	Type 1 Diabetes Mellitus
endocrinology_type 1 diabetes_2.txt	disease	concept	251	275	Type 1 Diabetes Mellitus
endocrinology_type 1 diabetes_2.txt	disease	concept	404	412	polyuria
endocrinology_type 1 diabetes_2.txt	disease	concept	815	839	Type 1 Diabetes Mellitus
endocrinology_type 1 diabetes_2.txt	medication	concept	873	888	insulin therapy
endocrinology_type 1 diabetes_2.txt	medication	concept	954	970	Insulin Glargine
endocrinology_type 1 diabetes_2.txt	medication	concept	1029	1043	Insulin Lispro
endocrinology_type 1 diabetes_2.txt	disease	concept	1516	1538	diabetic complications
endocrinology_type 1 diabetes_2.txt	procedure	concept	1572	1588	foot examination
endocrinology_type 1 diabetes_2.txt	disease	concept	1895	1903	diabetes
endocrinology_type 1 diabetes_2.txt	disease	concept	1983	1998	Type 1 Diabetes
endocrinology_type 1 diabetes_2.txt	disease	concept	2031	2043	hypoglycemia
endocrinology_type 1 diabetes_2.txt	disease	concept	2338	2346	diabetes
endocrinology_type 1 diabetes_2.txt	medication	concept	2424	2441	Influenza vaccine
endocrinology_type 1 diabetes_2.txt	medication	concept	2444	2464	Pneumococcal vaccine
endocrinology_type 1 diabetes_2.txt	medication	concept	2467	2486	Hepatitis B vaccine
endocrinology_type 1 diabetes_2.txt	disease	concept	2792	2800	diabetes
endocrinology_type 1 diabetes_2.txt	disease	concept	2848	2870	diabetic complications
endocrinology_type 1 diabetes_2.txt	disease	concept	3147	3159	hypoglycemia
endocrinology_type 1 diabetes_2.txt	disease	concept	3565	3573	diabetes
endocrinology_type 1 diabetes_20.txt	disease	concept	274	298	Type 1 Diabetes Mellitus
endocrinology_type 1 diabetes_20.txt	symptom	concept	508	517	urination
endocrinology_type 1 diabetes_20.txt	disease	concept	787	804	diabetes mellitus
endocrinology_type 1 diabetes_20.txt	disease	concept	1326	1350	Type 1 Diabetes Mellitus
endocrinology_type 1 diabetes_20.txt	medication	concept	1422	1441	intravenous insulin
endocrinology_type 1 diabetes_20.txt	procedure	concept	1556	1571	insulin therapy
endocrinology_type 1 diabetes_20.txt	procedure	concept	1573	1577	diet
endocrinology_type 1 diabetes_20.txt	procedure	concept	1579	1587	exercise
endocrinology_type 1 diabetes_20.txt	medication	concept	1685	1701	Insulin Glargine
endocrinology_type 1 diabetes_20.txt	medication	concept	1758	1772	Insulin Lispro
endocrinology_type 1 diabetes_20.txt	disease	concept	2437	2466	exercise-induced hypoglycemia
endocrinology_type 1 diabetes_20.txt	procedure	concept	2472	2482	Monitoring
endocrinology_type 1 diabetes_20.txt	procedure	concept	2672	2689	foot examinations
endocrinology_type 1 diabetes_20.txt	procedure	concept	2691	2715	funduscopic examinations
endocrinology_type 1 diabetes_20.txt	disease	concept	2739	2750	albuminuria
endocrinology_type 1 diabetes_20.txt	disease	concept	2832	2841	influenza
endocrinology_type 1 diabetes_20.txt	disease	concept	2843	2855	pneumococcal
endocrinology_type 1 diabetes_20.txt	disease	concept	2870	2879	varicella
endocrinology_type 1 diabetes_20.txt	disease	concept	2885	2895	SARS-CoV-2
endocrinology_type 1 diabetes_20.txt	disease	concept	2945	2953	diabetes
endocrinology_type 1 diabetes_20.txt	disease	concept	2995	3003	diabetes
endocrinology_type 1 diabetes_20.txt	disease	concept	3037	3045	diabetes
endocrinology_type 1 diabetes_20.txt	procedure	concept	3161	3175	podiatric care
endocrinology_type 1 diabetes_20.txt	disease	concept	3204	3225	peripheral neuropathy
endocrinology_type 1 diabetes_20.txt	medication	concept	3552	3568	Insulin Glargine
endocrinology_type 1 diabetes_20.txt	medication	concept	3621	3635	Insulin Lispro
endocrinology_type 1 diabetes_20.txt	disease	concept	3874	3898	Type 1 Diabetes Mellitus
endocrinology_type 1 diabetes_21.txt	disease	concept	221	238	Diabetes Mellitus
endocrinology_type 1 diabetes_21.txt	disease	concept	258	282	Type 1 Diabetes Mellitus
endocrinology_type 1 diabetes_21.txt	disease	concept	493	501	polyuria
endocrinology_type 1 diabetes_21.txt	disease	concept	503	513	polydipsia
endocrinology_type 1 diabetes_21.txt	disease	concept	1430	1454	Type 1 Diabetes Mellitus
endocrinology_type 1 diabetes_21.txt	medication	concept	1528	1543	insulin therapy
endocrinology_type 1 diabetes_21.txt	medication	concept	1654	1667	Basal Insulin
endocrinology_type 1 diabetes_21.txt	medication	concept	1671	1687	Insulin Glargine
endocrinology_type 1 diabetes_21.txt	medication	concept	1729	1742	Bolus Insulin
endocrinology_type 1 diabetes_21.txt	medication	concept	1746	1760	Insulin Lispro
endocrinology_type 1 diabetes_21.txt	disease	concept	2106	2118	hypoglycemia
endocrinology_type 1 diabetes_21.txt	procedure	concept	2295	2311	Foot Examination
endocrinology_type 1 diabetes_21.txt	procedure	concept	2391	2414	Funduscopic Examination
endocrinology_type 1 diabetes_21.txt	symptom	concept	2480	2494	retinal damage
endocrinology_type 1 diabetes_21.txt	disease	concept	2507	2527	diabetic retinopathy
endocrinology_type 1 diabetes_21.txt	symptom	concept	2613	2627	renal function
endocrinology_type 1 diabetes_21.txt	disease	concept	3005	3014	influenza
endocrinology_type 1 diabetes_21.txt	disease	concept	3016	3028	pneumococcal
endocrinology_type 1 diabetes_21.txt	disease	concept	3030	3041	hepatitis B
endocrinology_type 1 diabetes_21.txt	disease	concept	3047	3057	SARS-CoV-2
endocrinology_type 1 diabetes_21.txt	medication	concept	3132	3148	Insulin Glargine
endocrinology_type 1 diabetes_21.txt	medication	concept	3187	3201	Insulin Lispro
endocrinology_type 1 diabetes_21.txt	disease	concept	3635	3657	diabetic complications
endocrinology_type 1 diabetes_21.txt	disease	concept	3669	3679	neuropathy
endocrinology_type 1 diabetes_21.txt	disease	concept	3681	3692	retinopathy
endocrinology_type 1 diabetes_21.txt	disease	concept	3698	3709	nephropathy
endocrinology_type 1 diabetes_21.txt	disease	concept	3779	3803	Type 1 Diabetes Mellitus
endocrinology_type 1 diabetes_21.txt	medication	concept	4344	4351	insulin
endocrinology_type 1 diabetes_21.txt	procedure	concept	4629	4651	follow-up appointments
endocrinology_type 1 diabetes_21.txt	procedure	concept	4656	4666	screenings
endocrinology_type 1 diabetes_22.txt	symptom	concept	472	478	thirst
endocrinology_type 1 diabetes_22.txt	symptom	concept	489	498	urination
endocrinology_type 1 diabetes_22.txt	symptom	concept	523	534	weight loss
endocrinology_type 1 diabetes_22.txt	medication	concept	603	625	fasting plasma glucose
endocrinology_type 1 diabetes_22.txt	disease	concept	918	942	type 1 diabetes mellitus
endocrinology_type 1 diabetes_22.txt	medication	concept	1460	1467	insulin
endocrinology_type 1 diabetes_22.txt	medication	concept	1491	1498	insulin
endocrinology_type 1 diabetes_22.txt	medication	concept	1539	1555	Insulin glargine
endocrinology_type 1 diabetes_22.txt	medication	concept	1613	1627	Insulin lispro
endocrinology_type 1 diabetes_22.txt	medication	concept	1778	1785	insulin
endocrinology_type 1 diabetes_22.txt	disease	concept	1844	1856	hypoglycemia
endocrinology_type 1 diabetes_22.txt	disease	concept	1861	1874	hyperglycemia
endocrinology_type 1 diabetes_22.txt	disease	concept	2250	2262	hypoglycemia
endocrinology_type 1 diabetes_22.txt	disease	concept	2356	2368	hypoglycemia
endocrinology_type 1 diabetes_22.txt	disease	concept	2501	2513	hypoglycemia
endocrinology_type 1 diabetes_22.txt	disease	concept	2553	2575	diabetic complications
endocrinology_type 1 diabetes_22.txt	procedure	concept	2608	2624	foot examination
endocrinology_type 1 diabetes_22.txt	procedure	concept	2626	2649	funduscopic examination
endocrinology_type 1 diabetes_22.txt	medication	concept	2818	2834	Insulin glargine
endocrinology_type 1 diabetes_22.txt	medication	concept	2873	2887	Insulin lispro
endocrinology_type 1 diabetes_22.txt	disease	concept	3362	3370	diabetes
endocrinology_type 1 diabetes_22.txt	disease	concept	3662	3677	type 1 diabetes
endocrinology_type 1 diabetes_22.txt	disease	concept	3824	3832	diabetes
endocrinology_type 1 diabetes_22.txt	disease	concept	3903	3927	Streptococcus pneumoniae
endocrinology_type 1 diabetes_22.txt	disease	concept	3929	3944	influenza virus
endocrinology_type 1 diabetes_22.txt	disease	concept	3959	3968	varicella
endocrinology_type 1 diabetes_22.txt	disease	concept	4101	4125	type 1 diabetes mellitus
endocrinology_type 1 diabetes_22.txt	medication	concept	4272	4279	insulin
endocrinology_type 1 diabetes_22.txt	disease	concept	4360	4368	diabetes
endocrinology_type 1 diabetes_22.txt	procedure	concept	4453	4475	follow-up appointments
endocrinology_type 1 diabetes_22.txt	disease	concept	4477	4485	diabetes
endocrinology_type 1 diabetes_22.txt	disease	concept	4818	4833	type 1 diabetes
endocrinology_type 1 diabetes_23.txt	disease	concept	316	340	Type 1 Diabetes Mellitus
endocrinology_type 1 diabetes_23.txt	symptom	concept	476	484	polyuria
endocrinology_type 1 diabetes_23.txt	symptom	concept	486	496	polydipsia
endocrinology_type 1 diabetes_23.txt	symptom	concept	513	524	weight loss
endocrinology_type 1 diabetes_23.txt	disease	concept	723	747	Type 1 Diabetes Mellitus
endocrinology_type 1 diabetes_23.txt	disease	concept	1012	1027	Type 1 Diabetes
endocrinology_type 1 diabetes_23.txt	medication	concept	1144	1160	Insulin Glargine
endocrinology_type 1 diabetes_23.txt	medication	concept	1218	1232	Insulin Lispro
endocrinology_type 1 diabetes_23.txt	disease	concept	1514	1524	euglycemia
endocrinology_type 1 diabetes_23.txt	disease	concept	1631	1643	hypoglycemia
endocrinology_type 1 diabetes_23.txt	medication	concept	1907	1914	insulin
endocrinology_type 1 diabetes_23.txt	procedure	concept	1971	1988	physical activity
endocrinology_type 1 diabetes_23.txt	medication	concept	2053	2060	insulin
endocrinology_type 1 diabetes_23.txt	disease	concept	2112	2124	hypoglycemia
endocrinology_type 1 diabetes_23.txt	disease	concept	2245	2266	peripheral neuropathy
endocrinology_type 1 diabetes_23.txt	procedure	concept	2297	2323	ophthalmologic examination
endocrinology_type 1 diabetes_23.txt	procedure	concept	2354	2369	spot urine test
endocrinology_type 1 diabetes_23.txt	disease	concept	2457	2480	diabetic kidney disease
endocrinology_type 1 diabetes_23.txt	disease	concept	2664	2688	Streptococcus pneumoniae
endocrinology_type 1 diabetes_23.txt	disease	concept	2690	2705	influenza virus
endocrinology_type 1 diabetes_23.txt	disease	concept	2720	2729	varicella
endocrinology_type 1 diabetes_23.txt	medication	concept	3114	3130	Insulin Glargine
endocrinology_type 1 diabetes_23.txt	medication	concept	3169	3183	Insulin Lispro
endocrinology_type 1 diabetes_23.txt	disease	concept	3299	3314	Type 1 Diabetes
endocrinology_type 1 diabetes_23.txt	procedure	concept	3381	3403	insulin administration
endocrinology_type 1 diabetes_23.txt	procedure	concept	3405	3409	diet
endocrinology_type 1 diabetes_23.txt	procedure	concept	3411	3419	exercise
endocrinology_type 1 diabetes_23.txt	disease	concept	3652	3676	Type 1 Diabetes Mellitus
endocrinology_type 1 diabetes_23.txt	symptom	concept	3802	3815	complications
endocrinology_type 1 diabetes_24.txt	symptom	concept	382	393	weight loss
endocrinology_type 1 diabetes_24.txt	disease	concept	597	607	polydipsia
endocrinology_type 1 diabetes_24.txt	disease	concept	609	617	polyuria
endocrinology_type 1 diabetes_24.txt	disease	concept	761	769	diabetes
endocrinology_type 1 diabetes_24.txt	disease	concept	1351	1359	diabetes
endocrinology_type 1 diabetes_24.txt	disease	concept	1403	1427	Type 1 Diabetes Mellitus
endocrinology_type 1 diabetes_24.txt	medication	concept	1506	1544	insulin therapy. A basal-bolus insulin
endocrinology_type 1 diabetes_24.txt	medication	concept	1607	1623	Insulin Glargine
endocrinology_type 1 diabetes_24.txt	medication	concept	1667	1681	Insulin Lispro
endocrinology_type 1 diabetes_24.txt	procedure	concept	1878	1896	dietary counseling
endocrinology_type 1 diabetes_24.txt	disease	concept	1973	1985	hypoglycemia
endocrinology_type 1 diabetes_24.txt	disease	concept	1990	2003	hyperglycemia
endocrinology_type 1 diabetes_24.txt	medication	concept	2128	2135	insulin
endocrinology_type 1 diabetes_24.txt	procedure	concept	2225	2247	follow-up appointments
endocrinology_type 1 diabetes_24.txt	medication	concept	2342	2358	Insulin Glargine
endocrinology_type 1 diabetes_24.txt	medication	concept	2403	2417	Insulin Lispro
endocrinology_type 1 diabetes_24.txt	medication	concept	2549	2561	Multivitamin
endocrinology_type 1 diabetes_24.txt	disease	concept	3030	3050	diabetic nephropathy
endocrinology_type 1 diabetes_24.txt	disease	concept	3055	3066	retinopathy
endocrinology_type 1 diabetes_24.txt	disease	concept	3126	3135	influenza
endocrinology_type 1 diabetes_24.txt	disease	concept	3137	3149	pneumococcal
endocrinology_type 1 diabetes_24.txt	disease	concept	3155	3166	hepatitis B
endocrinology_type 1 diabetes_24.txt	disease	concept	3545	3569	Type 1 Diabetes Mellitus
endocrinology_type 1 diabetes_24.txt	procedure	concept	3649	3664	insulin therapy
endocrinology_type 1 diabetes_25.txt	disease	concept	379	387	polyuria
endocrinology_type 1 diabetes_25.txt	symptom	concept	413	424	weight loss
endocrinology_type 1 diabetes_25.txt	symptom	concept	438	445	fatigue
endocrinology_type 1 diabetes_25.txt	disease	concept	1095	1119	type 1 diabetes mellitus
endocrinology_type 1 diabetes_25.txt	disease	concept	1284	1297	hyperglycemia
endocrinology_type 1 diabetes_25.txt	disease	concept	1363	1378	type 1 diabetes
endocrinology_type 1 diabetes_25.txt	medication	concept	1509	1525	Insulin Glargine
endocrinology_type 1 diabetes_25.txt	medication	concept	1579	1593	Insulin Lispro
endocrinology_type 1 diabetes_25.txt	disease	concept	2294	2309	type 1 diabetes
endocrinology_type 1 diabetes_25.txt	disease	concept	2481	2501	diabetic retinopathy
endocrinology_type 1 diabetes_25.txt	medication	concept	2669	2685	Insulin Glargine
endocrinology_type 1 diabetes_25.txt	medication	concept	2724	2738	Insulin Lispro
endocrinology_type 1 diabetes_25.txt	disease	concept	3010	3025	type 1 diabetes
endocrinology_type 1 diabetes_25.txt	medication	concept	3162	3169	insulin
endocrinology_type 1 diabetes_25.txt	procedure	concept	3593	3610	Podiatry referral
endocrinology_type 1 diabetes_25.txt	disease	concept	3713	3722	influenza
endocrinology_type 1 diabetes_25.txt	disease	concept	3724	3736	pneumococcal
endocrinology_type 1 diabetes_25.txt	disease	concept	3738	3749	hepatitis B
endocrinology_type 1 diabetes_25.txt	disease	concept	3755	3765	SARS-CoV-2
endocrinology_type 1 diabetes_25.txt	disease	concept	3876	3900	type 1 diabetes mellitus
endocrinology_type 1 diabetes_25.txt	medication	concept	3931	3946	insulin regimen
endocrinology_type 1 diabetes_25.txt	disease	concept	4354	4369	type 1 diabetes
endocrinology_type 1 diabetes_26.txt	disease	concept	462	486	Type 1 Diabetes Mellitus
endocrinology_type 1 diabetes_26.txt	disease	concept	872	896	Type 1 Diabetes Mellitus
endocrinology_type 1 diabetes_26.txt	disease	concept	1692	1704	hypoglycemia
endocrinology_type 1 diabetes_26.txt	disease	concept	1709	1722	hyperglycemia
endocrinology_type 1 diabetes_26.txt	procedure	concept	1728	1744	foot examination
endocrinology_type 1 diabetes_26.txt	disease	concept	1766	1787	peripheral neuropathy
endocrinology_type 1 diabetes_26.txt	disease	concept	2138	2150	hypoglycemia
endocrinology_type 1 diabetes_26.txt	medication	concept	2287	2303	Insulin glargine
endocrinology_type 1 diabetes_26.txt	medication	concept	2343	2357	Insulin lispro
endocrinology_type 1 diabetes_26.txt	medication	concept	2403	2415	Multivitamin
endocrinology_type 1 diabetes_26.txt	medication	concept	2669	2683	insulin lispro
endocrinology_type 1 diabetes_26.txt	disease	concept	3038	3050	hypoglycemia
endocrinology_type 1 diabetes_26.txt	disease	concept	3055	3068	hyperglycemia
endocrinology_type 1 diabetes_26.txt	disease	concept	3173	3195	diabetic complications
endocrinology_type 1 diabetes_26.txt	disease	concept	3251	3260	influenza
endocrinology_type 1 diabetes_26.txt	disease	concept	3265	3275	SARS-CoV-2
endocrinology_type 1 diabetes_27.txt	disease	concept	319	343	Type 1 Diabetes Mellitus
endocrinology_type 1 diabetes_27.txt	disease	concept	512	522	polydipsia
endocrinology_type 1 diabetes_27.txt	symptom	concept	571	578	fatigue
endocrinology_type 1 diabetes_27.txt	disease	concept	640	648	diabetes
endocrinology_type 1 diabetes_27.txt	disease	concept	1255	1270	type 1 diabetes
endocrinology_type 1 diabetes_27.txt	disease	concept	1379	1392	hyperglycemia
endocrinology_type 1 diabetes_27.txt	medication	concept	1457	1473	Insulin Glargine
endocrinology_type 1 diabetes_27.txt	medication	concept	1531	1545	Insulin Lispro
endocrinology_type 1 diabetes_27.txt	medication	concept	1692	1699	insulin
endocrinology_type 1 diabetes_27.txt	disease	concept	1826	1838	hypoglycemia
endocrinology_type 1 diabetes_27.txt	disease	concept	1843	1856	hyperglycemia
endocrinology_type 1 diabetes_27.txt	medication	concept	1884	1891	insulin
endocrinology_type 1 diabetes_27.txt	medication	concept	2188	2195	insulin
endocrinology_type 1 diabetes_27.txt	disease	concept	2339	2361	diabetic complications
endocrinology_type 1 diabetes_27.txt	disease	concept	2443	2464	peripheral neuropathy
endocrinology_type 1 diabetes_27.txt	disease	concept	2543	2563	diabetic retinopathy
endocrinology_type 1 diabetes_27.txt	procedure	concept	2569	2584	spot urine test
endocrinology_type 1 diabetes_27.txt	disease	concept	2868	2877	influenza
endocrinology_type 1 diabetes_27.txt	disease	concept	2879	2890	hepatitis B
endocrinology_type 1 diabetes_27.txt	disease	concept	2896	2906	SARS-CoV-2
endocrinology_type 1 diabetes_27.txt	disease	concept	3234	3246	hypoglycemia
endocrinology_type 1 diabetes_27.txt	symptom	concept	3256	3265	dizziness
endocrinology_type 1 diabetes_27.txt	symptom	concept	3267	3275	sweating
endocrinology_type 1 diabetes_27.txt	symptom	concept	3277	3286	confusion
endocrinology_type 1 diabetes_27.txt	symptom	concept	3292	3305	hyperglycemia
endocrinology_type 1 diabetes_27.txt	symptom	concept	3317	3323	thirst
endocrinology_type 1 diabetes_27.txt	symptom	concept	3334	3343	urination
endocrinology_type 1 diabetes_27.txt	symptom	concept	3345	3352	fatigue
endocrinology_type 1 diabetes_27.txt	disease	concept	3470	3485	type 1 diabetes
endocrinology_type 1 diabetes_28.txt	disease	concept	277	301	Type 1 Diabetes Mellitus
endocrinology_type 1 diabetes_28.txt	disease	concept	466	474	polyuria
endocrinology_type 1 diabetes_28.txt	symptom	concept	585	592	fatigue
endocrinology_type 1 diabetes_28.txt	symptom	concept	597	611	blurred vision
endocrinology_type 1 diabetes_28.txt	disease	concept	1169	1193	Type 1 Diabetes Mellitus
endocrinology_type 1 diabetes_28.txt	medication	concept	1523	1542	Insulin Glargine 20
endocrinology_type 1 diabetes_28.txt	medication	concept	1579	1593	Insulin Lispro
endocrinology_type 1 diabetes_28.txt	disease	concept	2168	2180	hypoglycemia
endocrinology_type 1 diabetes_28.txt	disease	concept	2184	2205	diabetic ketoacidosis
endocrinology_type 1 diabetes_28.txt	procedure	concept	2282	2298	foot examination
endocrinology_type 1 diabetes_28.txt	disease	concept	2439	2459	diabetic retinopathy
endocrinology_type 1 diabetes_28.txt	disease	concept	2793	2805	hypoglycemia
endocrinology_type 1 diabetes_28.txt	disease	concept	2810	2823	hyperglycemia
endocrinology_type 1 diabetes_28.txt	disease	concept	3109	3131	diabetic complications
endocrinology_type 1 diabetes_28.txt	disease	concept	3239	3263	Type 1 Diabetes Mellitus
endocrinology_type 1 diabetes_28.txt	disease	concept	3483	3507	Streptococcus pneumoniae
endocrinology_type 1 diabetes_28.txt	disease	concept	3509	3524	influenza virus
endocrinology_type 1 diabetes_28.txt	disease	concept	3526	3537	hepatitis B
endocrinology_type 1 diabetes_28.txt	disease	concept	3539	3548	varicella
endocrinology_type 1 diabetes_28.txt	disease	concept	3554	3564	SARS-CoV-2
endocrinology_type 1 diabetes_28.txt	disease	concept	3636	3660	Type 1 Diabetes Mellitus
endocrinology_type 1 diabetes_28.txt	medication	concept	3691	3706	insulin regimen
endocrinology_type 1 diabetes_28.txt	disease	concept	4064	4072	diabetes
endocrinology_type 1 diabetes_29.txt	disease	concept	347	371	Type 1 Diabetes Mellitus
endocrinology_type 1 diabetes_29.txt	symptom	concept	707	718	weight loss
endocrinology_type 1 diabetes_29.txt	symptom	concept	750	764	blurred vision
endocrinology_type 1 diabetes_29.txt	symptom	concept	1031	1042	skin turgor
endocrinology_type 1 diabetes_29.txt	procedure	concept	1293	1303	Urinalysis
endocrinology_type 1 diabetes_29.txt	disease	concept	1396	1420	Type 1 Diabetes Mellitus
endocrinology_type 1 diabetes_29.txt	symptom	concept	1437	1449	ketoacidosis
endocrinology_type 1 diabetes_29.txt	medication	concept	1763	1779	Insulin Glargine
endocrinology_type 1 diabetes_29.txt	medication	concept	1807	1821	Insulin Lispro
endocrinology_type 1 diabetes_29.txt	procedure	concept	1996	2014	dietary counseling
endocrinology_type 1 diabetes_29.txt	disease	concept	2173	2188	influenza virus
endocrinology_type 1 diabetes_29.txt	disease	concept	2190	2201	hepatitis B
endocrinology_type 1 diabetes_29.txt	disease	concept	2203	2212	varicella
endocrinology_type 1 diabetes_29.txt	disease	concept	2218	2228	SARS-CoV-2
endocrinology_type 1 diabetes_29.txt	procedure	concept	2414	2437	funduscopic examination
endocrinology_type 1 diabetes_29.txt	medication	concept	2743	2759	Insulin Glargine
endocrinology_type 1 diabetes_29.txt	medication	concept	2802	2816	Insulin Lispro
endocrinology_type 1 diabetes_29.txt	medication	concept	2860	2872	Multivitamin
endocrinology_type 1 diabetes_29.txt	disease	concept	2980	2988	diabetes
endocrinology_type 1 diabetes_29.txt	disease	concept	3202	3226	Type 1 Diabetes Mellitus
endocrinology_type 1 diabetes_29.txt	medication	concept	3277	3284	insulin
endocrinology_type 1 diabetes_29.txt	medication	concept	3585	3592	insulin
endocrinology_type 1 diabetes_29.txt	medication	concept	3661	3668	insulin
endocrinology_type 1 diabetes_3.txt	disease	concept	345	369	Type 1 Diabetes Mellitus
endocrinology_type 1 diabetes_3.txt	symptom	concept	538	546	polyuria
endocrinology_type 1 diabetes_3.txt	symptom	concept	548	558	polydipsia
endocrinology_type 1 diabetes_3.txt	disease	concept	786	810	Type 1 Diabetes Mellitus
endocrinology_type 1 diabetes_3.txt	medication	concept	1211	1227	Insulin Glargine
endocrinology_type 1 diabetes_3.txt	medication	concept	1299	1313	Insulin Lispro
endocrinology_type 1 diabetes_3.txt	disease	concept	1831	1846	Type 1 Diabetes
endocrinology_type 1 diabetes_3.txt	disease	concept	1969	1982	hyperglycemia
endocrinology_type 1 diabetes_3.txt	disease	concept	2363	2385	diabetic complications
endocrinology_type 1 diabetes_3.txt	disease	concept	2536	2557	peripheral neuropathy
endocrinology_type 1 diabetes_3.txt	procedure	concept	2563	2578	spot urine test
endocrinology_type 1 diabetes_3.txt	disease	concept	2837	2861	Streptococcus pneumoniae
endocrinology_type 1 diabetes_3.txt	disease	concept	2863	2878	influenza virus
endocrinology_type 1 diabetes_3.txt	disease	concept	2880	2891	hepatitis B
endocrinology_type 1 diabetes_3.txt	disease	concept	2893	2902	varicella
endocrinology_type 1 diabetes_3.txt	disease	concept	2967	2975	diabetes
endocrinology_type 1 diabetes_3.txt	medication	concept	3081	3097	Insulin Glargine
endocrinology_type 1 diabetes_3.txt	medication	concept	3102	3116	Insulin Lispro
endocrinology_type 1 diabetes_3.txt	medication	concept	3458	3474	Insulin Glargine
endocrinology_type 1 diabetes_3.txt	medication	concept	3524	3538	Insulin Lispro
endocrinology_type 1 diabetes_3.txt	medication	concept	3862	3869	insulin
endocrinology_type 1 diabetes_3.txt	medication	concept	4027	4034	insulin
endocrinology_type 1 diabetes_3.txt	disease	concept	4207	4220	hyperglycemia
endocrinology_type 1 diabetes_30.txt	disease	concept	279	303	Type 1 Diabetes Mellitus
endocrinology_type 1 diabetes_30.txt	disease	concept	559	567	polyuria
endocrinology_type 1 diabetes_30.txt	disease	concept	756	764	diabetes
endocrinology_type 1 diabetes_30.txt	disease	concept	1067	1075	diabetes
endocrinology_type 1 diabetes_30.txt	procedure	concept	1220	1234	C-Peptide Test
endocrinology_type 1 diabetes_30.txt	disease	concept	1342	1359	Diabetes Mellitus
endocrinology_type 1 diabetes_30.txt	procedure	concept	1366	1384	Autoantibody Tests
endocrinology_type 1 diabetes_30.txt	disease	concept	1443	1449	Type 1
endocrinology_type 1 diabetes_30.txt	disease	concept	1450	1467	Diabetes Mellitus
endocrinology_type 1 diabetes_30.txt	procedure	concept	1489	1509	Renal function tests
endocrinology_type 1 diabetes_30.txt	disease	concept	1688	1712	Type 1 Diabetes Mellitus
endocrinology_type 1 diabetes_30.txt	medication	concept	1902	1918	Insulin Glargine
endocrinology_type 1 diabetes_30.txt	medication	concept	1963	1977	Insulin Lispro
endocrinology_type 1 diabetes_30.txt	disease	concept	2534	2546	hypoglycemia
endocrinology_type 1 diabetes_30.txt	disease	concept	2601	2622	diabetic ketoacidosis
endocrinology_type 1 diabetes_30.txt	disease	concept	3302	3314	hypoglycemia
endocrinology_type 1 diabetes_30.txt	procedure	concept	3321	3330	Follow-up
endocrinology_type 1 diabetes_30.txt	disease	concept	3474	3496	diabetic complications
endocrinology_type 1 diabetes_30.txt	procedure	concept	3508	3525	foot examinations
endocrinology_type 1 diabetes_30.txt	procedure	concept	3527	3554	ophthalmologist evaluations
endocrinology_type 1 diabetes_30.txt	disease	concept	3559	3570	retinopathy
endocrinology_type 1 diabetes_30.txt	procedure	concept	3576	3587	urine tests
endocrinology_type 1 diabetes_30.txt	disease	concept	3592	3603	albuminuria
endocrinology_type 1 diabetes_30.txt	disease	concept	3680	3704	Streptococcus pneumoniae
endocrinology_type 1 diabetes_30.txt	disease	concept	3706	3715	influenza
endocrinology_type 1 diabetes_30.txt	disease	concept	3730	3739	varicella
endocrinology_type 1 diabetes_30.txt	disease	concept	3803	3811	diabetes
endocrinology_type 1 diabetes_31.txt	symptom	concept	429	439	polydipsia
endocrinology_type 1 diabetes_31.txt	symptom	concept	453	464	weight loss
endocrinology_type 1 diabetes_31.txt	procedure	concept	555	575	physical examination
endocrinology_type 1 diabetes_31.txt	procedure	concept	580	596	laboratory tests
endocrinology_type 1 diabetes_31.txt	disease	concept	831	855	Type 1 Diabetes Mellitus
endocrinology_type 1 diabetes_31.txt	medication	concept	1178	1194	Insulin Glargine
endocrinology_type 1 diabetes_31.txt	disease	concept	2015	2027	hypoglycemia
endocrinology_type 1 diabetes_31.txt	procedure	concept	2280	2296	Foot Examination
endocrinology_type 1 diabetes_31.txt	procedure	concept	2353	2376	Funduscopic Examination
endocrinology_type 1 diabetes_31.txt	disease	concept	2443	2463	diabetic retinopathy
endocrinology_type 1 diabetes_31.txt	disease	concept	2757	2766	influenza
endocrinology_type 1 diabetes_31.txt	disease	concept	2768	2780	pneumococcal
endocrinology_type 1 diabetes_31.txt	disease	concept	2782	2793	hepatitis B
endocrinology_type 1 diabetes_31.txt	disease	concept	2799	2809	SARS-CoV-2
endocrinology_type 1 diabetes_31.txt	disease	concept	2853	2861	diabetes
endocrinology_type 1 diabetes_31.txt	disease	concept	3339	3351	hypoglycemia
endocrinology_type 1 diabetes_31.txt	disease	concept	3355	3367	ketoacidosis
endocrinology_type 1 diabetes_31.txt	disease	concept	3480	3488	diabetes
endocrinology_type 1 diabetes_31.txt	medication	concept	3672	3688	Insulin Glargine
endocrinology_type 1 diabetes_31.txt	medication	concept	3727	3741	Insulin Lispro
endocrinology_type 1 diabetes_31.txt	disease	concept	3873	3897	Type 1 Diabetes Mellitus
endocrinology_type 1 diabetes_32.txt	disease	concept	311	335	Type 1 Diabetes Mellitus
endocrinology_type 1 diabetes_32.txt	disease	concept	517	525	polyuria
endocrinology_type 1 diabetes_32.txt	disease	concept	527	537	polydipsia
endocrinology_type 1 diabetes_32.txt	disease	concept	662	675	hyperglycemia
endocrinology_type 1 diabetes_32.txt	disease	concept	1206	1219	hyperglycemia
endocrinology_type 1 diabetes_32.txt	medication	concept	1404	1420	Insulin Glargine
endocrinology_type 1 diabetes_32.txt	medication	concept	1479	1493	Insulin Lispro
endocrinology_type 1 diabetes_32.txt	disease	concept	1769	1784	type 1 diabetes
endocrinology_type 1 diabetes_32.txt	disease	concept	1899	1912	hyperglycemia
endocrinology_type 1 diabetes_32.txt	disease	concept	2335	2347	hypoglycemia
endocrinology_type 1 diabetes_32.txt	procedure	concept	2469	2492	Funduscopic examination
endocrinology_type 1 diabetes_32.txt	disease	concept	2584	2595	albuminuria
endocrinology_type 1 diabetes_32.txt	disease	concept	2659	2670	nephropathy
endocrinology_type 1 diabetes_32.txt	medication	concept	2753	2759	statin
endocrinology_type 1 diabetes_32.txt	disease	concept	2828	2836	diabetes
endocrinology_type 1 diabetes_32.txt	disease	concept	2946	2958	pneumococcal
endocrinology_type 1 diabetes_32.txt	disease	concept	2960	2971	hepatitis B
endocrinology_type 1 diabetes_32.txt	medication	concept	3054	3070	Insulin Glargine
endocrinology_type 1 diabetes_32.txt	medication	concept	3109	3123	Insulin Lispro
endocrinology_type 1 diabetes_32.txt	medication	concept	3197	3209	Atorvastatin
endocrinology_type 1 diabetes_32.txt	disease	concept	3485	3493	diabetes
endocrinology_type 1 diabetes_32.txt	disease	concept	3698	3706	diabetes
endocrinology_type 1 diabetes_32.txt	disease	concept	4051	4063	hypoglycemia
endocrinology_type 1 diabetes_32.txt	symptom	concept	4065	4074	shakiness
endocrinology_type 1 diabetes_32.txt	symptom	concept	4076	4084	sweating
endocrinology_type 1 diabetes_32.txt	symptom	concept	4125	4131	thirst
endocrinology_type 1 diabetes_32.txt	procedure	concept	4243	4259	laboratory tests
endocrinology_type 1 diabetes_33.txt	disease	concept	276	300	Type 1 Diabetes Mellitus
endocrinology_type 1 diabetes_33.txt	symptom	concept	428	436	polyuria
endocrinology_type 1 diabetes_33.txt	disease	concept	438	448	polydipsia
endocrinology_type 1 diabetes_33.txt	disease	concept	664	688	Type 1 Diabetes Mellitus
endocrinology_type 1 diabetes_33.txt	medication	concept	994	1010	Insulin Glargine
endocrinology_type 1 diabetes_33.txt	medication	concept	1068	1082	Insulin Lispro
endocrinology_type 1 diabetes_33.txt	disease	concept	1663	1674	retinopathy
endocrinology_type 1 diabetes_33.txt	disease	concept	1781	1801	diabetic nephropathy
endocrinology_type 1 diabetes_33.txt	disease	concept	1967	1975	diabetes
endocrinology_type 1 diabetes_33.txt	disease	concept	2023	2038	Type 1 Diabetes
endocrinology_type 1 diabetes_33.txt	disease	concept	2468	2480	hypoglycemia
endocrinology_type 1 diabetes_33.txt	disease	concept	2557	2581	Streptococcus pneumoniae
endocrinology_type 1 diabetes_33.txt	disease	concept	2600	2611	hepatitis B
endocrinology_type 1 diabetes_33.txt	disease	concept	2613	2622	varicella
endocrinology_type 1 diabetes_33.txt	disease	concept	2628	2638	SARS-CoV-2
endocrinology_type 1 diabetes_33.txt	disease	concept	2804	2812	diabetes
endocrinology_type 1 diabetes_33.txt	symptom	concept	2956	2968	sensory loss
endocrinology_type 1 diabetes_33.txt	medication	concept	3031	3047	Insulin Glargine
endocrinology_type 1 diabetes_33.txt	medication	concept	3086	3100	Insulin Lispro
endocrinology_type 1 diabetes_34.txt	symptom	concept	430	436	thirst
endocrinology_type 1 diabetes_34.txt	symptom	concept	447	456	urination
endocrinology_type 1 diabetes_34.txt	disease	concept	650	667	diabetes mellitus
endocrinology_type 1 diabetes_34.txt	disease	concept	1162	1177	type 1 diabetes
endocrinology_type 1 diabetes_34.txt	procedure	concept	1324	1345	intravenous hydration
endocrinology_type 1 diabetes_34.txt	procedure	concept	1350	1365	insulin therapy
endocrinology_type 1 diabetes_34.txt	disease	concept	1414	1422	diabetes
endocrinology_type 1 diabetes_34.txt	medication	concept	1499	1506	insulin
endocrinology_type 1 diabetes_34.txt	medication	concept	1668	1681	Basal insulin
endocrinology_type 1 diabetes_34.txt	medication	concept	1742	1755	Bolus insulin
endocrinology_type 1 diabetes_34.txt	medication	concept	1757	1763	Lispro
endocrinology_type 1 diabetes_34.txt	disease	concept	1958	1973	type 1 diabetes
endocrinology_type 1 diabetes_34.txt	procedure	concept	2003	2027	blood glucose monitoring
endocrinology_type 1 diabetes_34.txt	procedure	concept	2029	2057	insulin injection techniques
endocrinology_type 1 diabetes_34.txt	disease	concept	2074	2086	hypoglycemia
endocrinology_type 1 diabetes_34.txt	procedure	concept	2255	2275	Dietary Consultation
endocrinology_type 1 diabetes_34.txt	disease	concept	2665	2677	hypoglycemia
endocrinology_type 1 diabetes_34.txt	medication	concept	2910	2926	Insulin Glargine
endocrinology_type 1 diabetes_34.txt	medication	concept	2949	2963	Insulin Lispro
endocrinology_type 1 diabetes_34.txt	medication	concept	3035	3047	Multivitamin
endocrinology_type 1 diabetes_34.txt	disease	concept	3907	3919	hypoglycemia
endocrinology_type 1 diabetes_34.txt	disease	concept	4054	4066	hypoglycemia
endocrinology_type 1 diabetes_34.txt	disease	concept	4273	4283	neuropathy
endocrinology_type 1 diabetes_34.txt	disease	concept	4285	4296	nephropathy
endocrinology_type 1 diabetes_34.txt	disease	concept	4302	4313	retinopathy
endocrinology_type 1 diabetes_34.txt	disease	concept	4342	4366	Streptococcus pneumoniae
endocrinology_type 1 diabetes_34.txt	disease	concept	4368	4383	influenza virus
endocrinology_type 1 diabetes_34.txt	disease	concept	4385	4396	hepatitis B
endocrinology_type 1 diabetes_34.txt	disease	concept	4398	4407	varicella
endocrinology_type 1 diabetes_34.txt	disease	concept	4413	4423	SARS-CoV-2
endocrinology_type 1 diabetes_35.txt	symptom	concept	329	335	thirst
endocrinology_type 1 diabetes_35.txt	symptom	concept	346	355	urination
endocrinology_type 1 diabetes_35.txt	symptom	concept	900	911	skin turgor
endocrinology_type 1 diabetes_35.txt	symptom	concept	1254	1263	ketonuria
endocrinology_type 1 diabetes_35.txt	disease	concept	1306	1330	Type 1 Diabetes Mellitus
endocrinology_type 1 diabetes_35.txt	procedure	concept	1445	1463	diabetes education
endocrinology_type 1 diabetes_35.txt	medication	concept	1527	1543	Insulin Glargine
endocrinology_type 1 diabetes_35.txt	medication	concept	1601	1615	Insulin Lispro
endocrinology_type 1 diabetes_35.txt	disease	concept	2050	2070	diabetic retinopathy
endocrinology_type 1 diabetes_35.txt	procedure	concept	2155	2170	spot urine test
endocrinology_type 1 diabetes_35.txt	disease	concept	2175	2186	albuminuria
endocrinology_type 1 diabetes_35.txt	procedure	concept	2278	2294	foot examination
endocrinology_type 1 diabetes_35.txt	medication	concept	2395	2411	Insulin Glargine
endocrinology_type 1 diabetes_35.txt	medication	concept	2450	2464	Insulin Lispro
endocrinology_type 1 diabetes_35.txt	disease	concept	2717	2737	diabetic retinopathy
endocrinology_type 1 diabetes_35.txt	disease	concept	2739	2750	nephropathy
endocrinology_type 1 diabetes_35.txt	disease	concept	2756	2766	neuropathy
endocrinology_type 1 diabetes_35.txt	disease	concept	2929	2941	hypoglycemia
endocrinology_type 1 diabetes_35.txt	disease	concept	2946	2959	hyperglycemia
endocrinology_type 1 diabetes_35.txt	disease	concept	3323	3332	influenza
endocrinology_type 1 diabetes_35.txt	disease	concept	3334	3346	pneumococcal
endocrinology_type 1 diabetes_35.txt	disease	concept	3348	3359	hepatitis B
endocrinology_type 1 diabetes_35.txt	disease	concept	3720	3732	hypoglycemia
endocrinology_type 1 diabetes_35.txt	disease	concept	3734	3746	ketoacidosis
endocrinology_type 1 diabetes_35.txt	disease	concept	3839	3863	Type 1 Diabetes Mellitus
endocrinology_type 1 diabetes_36.txt	disease	concept	333	357	Type 1 Diabetes Mellitus
endocrinology_type 1 diabetes_36.txt	disease	concept	531	539	polyuria
endocrinology_type 1 diabetes_36.txt	disease	concept	1164	1188	Type 1 Diabetes Mellitus
endocrinology_type 1 diabetes_36.txt	medication	concept	1308	1315	insulin
endocrinology_type 1 diabetes_36.txt	medication	concept	1480	1496	Insulin Glargine
endocrinology_type 1 diabetes_36.txt	medication	concept	1568	1582	Insulin Lispro
endocrinology_type 1 diabetes_36.txt	medication	concept	1584	1591	Humalog
endocrinology_type 1 diabetes_36.txt	disease	concept	1750	1758	diabetes
endocrinology_type 1 diabetes_36.txt	disease	concept	1948	1960	hypoglycemia
endocrinology_type 1 diabetes_36.txt	disease	concept	1965	1978	hyperglycemia
endocrinology_type 1 diabetes_36.txt	disease	concept	2208	2230	diabetic complications
endocrinology_type 1 diabetes_36.txt	procedure	concept	2278	2295	foot examinations
endocrinology_type 1 diabetes_36.txt	procedure	concept	2297	2321	funduscopic examinations
endocrinology_type 1 diabetes_36.txt	medication	concept	2570	2586	Insulin Glargine
endocrinology_type 1 diabetes_36.txt	medication	concept	2639	2653	Insulin Lispro
endocrinology_type 1 diabetes_36.txt	medication	concept	2655	2662	Humalog
endocrinology_type 1 diabetes_36.txt	medication	concept	2764	2770	itamin
endocrinology_type 1 diabetes_36.txt	medication	concept	3005	3020	insulin regimen
endocrinology_type 1 diabetes_36.txt	procedure	concept	3069	3095	Ophthalmology consultation
endocrinology_type 1 diabetes_36.txt	procedure	concept	3172	3193	Podiatry consultation
endocrinology_type 1 diabetes_36.txt	medication	concept	3491	3505	Insulin Lispro
endocrinology_type 1 diabetes_36.txt	disease	concept	3614	3626	hypoglycemia
endocrinology_type 1 diabetes_36.txt	disease	concept	3631	3644	hyperglycemia
endocrinology_type 1 diabetes_36.txt	disease	concept	3759	3768	Influenza
endocrinology_type 1 diabetes_36.txt	disease	concept	3770	3781	Hepatitis B
endocrinology_type 1 diabetes_36.txt	disease	concept	3787	3797	SARS-CoV-2
endocrinology_type 1 diabetes_36.txt	disease	concept	3904	3928	Type 1 Diabetes Mellitus
endocrinology_type 1 diabetes_36.txt	disease	concept	4265	4273	diabetes
endocrinology_type 1 diabetes_37.txt	symptom	concept	408	416	polyuria
endocrinology_type 1 diabetes_37.txt	symptom	concept	418	428	polydipsia
endocrinology_type 1 diabetes_37.txt	symptom	concept	446	457	weight loss
endocrinology_type 1 diabetes_37.txt	disease	concept	575	592	diabetes mellitus
endocrinology_type 1 diabetes_37.txt	disease	concept	938	962	Type 1 Diabetes Mellitus
endocrinology_type 1 diabetes_37.txt	disease	concept	1624	1632	diabetes
endocrinology_type 1 diabetes_37.txt	disease	concept	1662	1670	diabetes
endocrinology_type 1 diabetes_37.txt	disease	concept	1812	1824	hypoglycemia
endocrinology_type 1 diabetes_37.txt	disease	concept	1829	1842	hyperglycemia
endocrinology_type 1 diabetes_37.txt	procedure	concept	1980	1996	foot examination
endocrinology_type 1 diabetes_37.txt	procedure	concept	1998	2021	funduscopic examination
endocrinology_type 1 diabetes_37.txt	disease	concept	2162	2170	diabetes
endocrinology_type 1 diabetes_37.txt	medication	concept	2207	2223	Insulin glargine
endocrinology_type 1 diabetes_37.txt	medication	concept	2248	2262	Insulin lispro
endocrinology_type 1 diabetes_37.txt	medication	concept	2359	2371	Multivitamin
endocrinology_type 1 diabetes_37.txt	medication	concept	2504	2511	insulin
endocrinology_type 1 diabetes_37.txt	medication	concept	2848	2855	insulin
endocrinology_type 1 diabetes_37.txt	symptom	concept	2925	2937	sensory loss
endocrinology_type 1 diabetes_37.txt	disease	concept	3057	3081	Streptococcus pneumoniae
endocrinology_type 1 diabetes_37.txt	disease	concept	3086	3101	Influenza virus
endocrinology_type 1 diabetes_37.txt	disease	concept	3106	3117	Hepatitis B
endocrinology_type 1 diabetes_37.txt	disease	concept	3122	3131	Varicella
endocrinology_type 1 diabetes_37.txt	disease	concept	3239	3263	Type 1 Diabetes Mellitus
endocrinology_type 1 diabetes_37.txt	medication	concept	3320	3327	insulin
endocrinology_type 1 diabetes_38.txt	disease	concept	228	245	Diabetes Mellitus
endocrinology_type 1 diabetes_38.txt	disease	concept	265	289	Type 1 Diabetes Mellitus
endocrinology_type 1 diabetes_38.txt	symptom	concept	491	499	polyuria
endocrinology_type 1 diabetes_38.txt	disease	concept	821	829	diabetes
endocrinology_type 1 diabetes_38.txt	disease	concept	951	968	diabetes mellitus
endocrinology_type 1 diabetes_38.txt	procedure	concept	974	1004	Oral Glucose Tolerance Testing
endocrinology_type 1 diabetes_38.txt	disease	concept	1329	1346	diabetes mellitus
endocrinology_type 1 diabetes_38.txt	procedure	concept	1436	1451	insulin therapy
endocrinology_type 1 diabetes_38.txt	disease	concept	1462	1475	hyperglycemia
endocrinology_type 1 diabetes_38.txt	disease	concept	1502	1523	diabetic ketoacidosis
endocrinology_type 1 diabetes_38.txt	medication	concept	1529	1536	insulin
endocrinology_type 1 diabetes_38.txt	medication	concept	1634	1647	Bolus Insulin
endocrinology_type 1 diabetes_38.txt	medication	concept	1651	1665	Insulin lispro
endocrinology_type 1 diabetes_38.txt	medication	concept	1831	1838	insulin
endocrinology_type 1 diabetes_38.txt	disease	concept	2060	2072	hypoglycemia
endocrinology_type 1 diabetes_38.txt	disease	concept	2208	2223	type 1 diabetes
endocrinology_type 1 diabetes_38.txt	procedure	concept	2389	2397	exercise
endocrinology_type 1 diabetes_38.txt	disease	concept	2639	2663	Streptococcus pneumoniae
endocrinology_type 1 diabetes_38.txt	disease	concept	2665	2680	influenza virus
endocrinology_type 1 diabetes_38.txt	disease	concept	2682	2693	hepatitis B
endocrinology_type 1 diabetes_38.txt	disease	concept	2695	2704	varicella
endocrinology_type 1 diabetes_38.txt	disease	concept	2710	2720	SARS-CoV-2
endocrinology_type 1 diabetes_38.txt	medication	concept	2754	2770	Insulin glargine
endocrinology_type 1 diabetes_38.txt	medication	concept	2795	2809	Insulin lispro
endocrinology_type 1 diabetes_38.txt	procedure	concept	3142	3158	foot examination
endocrinology_type 1 diabetes_38.txt	procedure	concept	3208	3231	funduscopic examination
endocrinology_type 1 diabetes_38.txt	disease	concept	3520	3535	type 1 diabetes
endocrinology_type 1 diabetes_39.txt	disease	concept	315	325	polydipsia
endocrinology_type 1 diabetes_39.txt	symptom	concept	339	350	weight loss
endocrinology_type 1 diabetes_39.txt	symptom	concept	364	371	fatigue
endocrinology_type 1 diabetes_39.txt	disease	concept	553	570	diabetes mellitus
endocrinology_type 1 diabetes_39.txt	symptom	concept	617	623	thirst
endocrinology_type 1 diabetes_39.txt	symptom	concept	670	681	weight loss
endocrinology_type 1 diabetes_39.txt	symptom	concept	739	747	appetite
endocrinology_type 1 diabetes_39.txt	disease	concept	851	865	hypothyroidism
endocrinology_type 1 diabetes_39.txt	medication	concept	886	899	levothyroxine
endocrinology_type 1 diabetes_39.txt	procedure	concept	1438	1448	Urinalysis
endocrinology_type 1 diabetes_39.txt	disease	concept	1456	1466	glycosuria
endocrinology_type 1 diabetes_39.txt	disease	concept	1471	1480	ketonuria
endocrinology_type 1 diabetes_39.txt	disease	concept	1607	1631	Type 1 Diabetes Mellitus
endocrinology_type 1 diabetes_39.txt	disease	concept	1753	1777	Type 1 Diabetes Mellitus
endocrinology_type 1 diabetes_39.txt	medication	concept	1890	1897	insulin
endocrinology_type 1 diabetes_39.txt	disease	concept	1916	1929	hyperglycemia
endocrinology_type 1 diabetes_39.txt	medication	concept	2005	2021	Insulin glargine
endocrinology_type 1 diabetes_39.txt	medication	concept	2064	2078	Insulin lispro
endocrinology_type 1 diabetes_39.txt	disease	concept	2414	2426	hypoglycemia
endocrinology_type 1 diabetes_39.txt	disease	concept	2431	2444	hyperglycemia
endocrinology_type 1 diabetes_39.txt	medication	concept	2481	2497	Insulin glargine
endocrinology_type 1 diabetes_39.txt	medication	concept	2536	2550	Insulin lispro
endocrinology_type 1 diabetes_39.txt	medication	concept	2628	2641	Levothyroxine
endocrinology_type 1 diabetes_39.txt	disease	concept	2899	2919	diabetic retinopathy
endocrinology_type 1 diabetes_39.txt	disease	concept	2932	2942	neuropathy
endocrinology_type 1 diabetes_39.txt	disease	concept	2948	2959	nephropathy
endocrinology_type 1 diabetes_39.txt	disease	concept	3263	3272	varicella
endocrinology_type 1 diabetes_39.txt	procedure	concept	3489	3512	lifestyle modifications
endocrinology_type 1 diabetes_39.txt	disease	concept	3523	3547	Type 1 Diabetes Mellitus
endocrinology_type 1 diabetes_39.txt	disease	concept	3799	3823	Type 1 Diabetes Mellitus
endocrinology_type 1 diabetes_39.txt	procedure	concept	4022	4032	follow-ups
endocrinology_type 1 diabetes_4.txt	disease	concept	281	305	Type 1 Diabetes Mellitus
endocrinology_type 1 diabetes_4.txt	disease	concept	513	523	polydipsia
endocrinology_type 1 diabetes_4.txt	disease	concept	525	533	polyuria
endocrinology_type 1 diabetes_4.txt	symptom	concept	634	648	blurred vision
endocrinology_type 1 diabetes_4.txt	symptom	concept	653	660	fatigue
endocrinology_type 1 diabetes_4.txt	medication	concept	868	890	Fasting Plasma Glucose
endocrinology_type 1 diabetes_4.txt	disease	concept	1343	1367	Type 1 Diabetes Mellitus
endocrinology_type 1 diabetes_4.txt	procedure	concept	1373	1396	Funduscopic Examination
endocrinology_type 1 diabetes_4.txt	procedure	concept	1438	1454	Foot Examination
endocrinology_type 1 diabetes_4.txt	disease	concept	1478	1499	peripheral neuropathy
endocrinology_type 1 diabetes_4.txt	medication	concept	1505	1518	Urine Albumin
endocrinology_type 1 diabetes_4.txt	medication	concept	1523	1539	Serum Creatinine
endocrinology_type 1 diabetes_4.txt	medication	concept	1770	1786	Insulin Glargine
endocrinology_type 1 diabetes_4.txt	medication	concept	1830	1844	Insulin Lispro
endocrinology_type 1 diabetes_4.txt	disease	concept	2176	2188	hypoglycemia
endocrinology_type 1 diabetes_4.txt	disease	concept	2193	2206	hyperglycemia
endocrinology_type 1 diabetes_4.txt	disease	concept	2462	2474	hypoglycemia
endocrinology_type 1 diabetes_4.txt	medication	concept	2510	2522	Atorvastatin
endocrinology_type 1 diabetes_4.txt	disease	concept	2612	2621	influenza
endocrinology_type 1 diabetes_4.txt	medication	concept	2626	2647	pneumococcal vaccines
endocrinology_type 1 diabetes_4.txt	medication	concept	3201	3216	insulin regimen
endocrinology_type 1 diabetes_4.txt	medication	concept	3637	3653	Insulin Glargine
endocrinology_type 1 diabetes_4.txt	medication	concept	3678	3692	Insulin Lispro
endocrinology_type 1 diabetes_4.txt	medication	concept	3722	3734	Atorvastatin
endocrinology_type 1 diabetes_40.txt	disease	concept	213	237	Type 1 Diabetes Mellitus
endocrinology_type 1 diabetes_40.txt	symptom	concept	357	365	polyuria
endocrinology_type 1 diabetes_40.txt	symptom	concept	394	405	weight loss
endocrinology_type 1 diabetes_40.txt	disease	concept	780	804	Type 1 Diabetes Mellitus
endocrinology_type 1 diabetes_40.txt	medication	concept	838	845	insulin
endocrinology_type 1 diabetes_40.txt	medication	concept	917	930	Basal Insulin
endocrinology_type 1 diabetes_40.txt	medication	concept	969	982	Bolus Insulin
endocrinology_type 1 diabetes_40.txt	disease	concept	1143	1155	hypoglycemia
endocrinology_type 1 diabetes_40.txt	disease	concept	1670	1682	hypoglycemia
endocrinology_type 1 diabetes_40.txt	procedure	concept	1718	1734	Foot Examination
endocrinology_type 1 diabetes_40.txt	procedure	concept	1777	1800	Funduscopic Examination
endocrinology_type 1 diabetes_40.txt	disease	concept	2054	2063	influenza
endocrinology_type 1 diabetes_40.txt	disease	concept	2068	2078	SARS-CoV-2
endocrinology_type 1 diabetes_40.txt	medication	concept	2149	2165	Insulin Glargine
endocrinology_type 1 diabetes_40.txt	medication	concept	2194	2208	Insulin Aspart
endocrinology_type 1 diabetes_40.txt	medication	concept	2260	2272	Multivitamin
endocrinology_type 1 diabetes_40.txt	procedure	concept	2308	2331	Endocrinology Follow-Up
endocrinology_type 1 diabetes_40.txt	disease	concept	2710	2725	type 1 diabetes
endocrinology_type 1 diabetes_40.txt	procedure	concept	2818	2836	dietary management
endocrinology_type 1 diabetes_40.txt	disease	concept	3360	3381	diabetic ketoacidosis
endocrinology_type 1 diabetes_40.txt	disease	concept	3710	3718	diabetes
endocrinology_type 1 diabetes_40.txt	disease	concept	3853	3868	type 1 diabetes
endocrinology_type 1 diabetes_41.txt	symptom	concept	381	387	thirst
endocrinology_type 1 diabetes_41.txt	symptom	concept	398	407	urination
endocrinology_type 1 diabetes_41.txt	symptom	concept	439	450	weight loss
endocrinology_type 1 diabetes_41.txt	disease	concept	610	618	polyuria
endocrinology_type 1 diabetes_41.txt	disease	concept	620	630	polydipsia
endocrinology_type 1 diabetes_41.txt	disease	concept	730	749	autoimmune diseases
endocrinology_type 1 diabetes_41.txt	disease	concept	786	807	diabetic ketoacidosis
endocrinology_type 1 diabetes_41.txt	symptom	concept	858	872	blurred vision
endocrinology_type 1 diabetes_41.txt	disease	concept	923	931	diabetes
endocrinology_type 1 diabetes_41.txt	symptom	concept	1442	1450	cyanosis
endocrinology_type 1 diabetes_41.txt	symptom	concept	1452	1460	clubbing
endocrinology_type 1 diabetes_41.txt	procedure	concept	1622	1632	Urinalysis
endocrinology_type 1 diabetes_41.txt	disease	concept	1723	1738	type 1 diabetes
endocrinology_type 1 diabetes_41.txt	disease	concept	2053	2077	type 1 diabetes mellitus
endocrinology_type 1 diabetes_41.txt	medication	concept	2304	2320	Insulin Glargine
endocrinology_type 1 diabetes_41.txt	medication	concept	2378	2392	Insulin Lispro
endocrinology_type 1 diabetes_41.txt	disease	concept	2708	2721	hyperglycemia
endocrinology_type 1 diabetes_41.txt	medication	concept	2727	2734	insulin
endocrinology_type 1 diabetes_41.txt	procedure	concept	3210	3229	podiatric check-ups
endocrinology_type 1 diabetes_41.txt	medication	concept	3261	3277	Insulin Glargine
endocrinology_type 1 diabetes_41.txt	medication	concept	3316	3330	Insulin Lispro
endocrinology_type 1 diabetes_41.txt	disease	concept	3720	3742	diabetic complications
endocrinology_type 1 diabetes_41.txt	procedure	concept	3754	3785	comprehensive foot examinations
endocrinology_type 1 diabetes_41.txt	procedure	concept	3787	3811	funduscopic examinations
endocrinology_type 1 diabetes_41.txt	procedure	concept	3817	3830	urine testing
endocrinology_type 1 diabetes_41.txt	disease	concept	3835	3846	albuminuria
endocrinology_type 1 diabetes_41.txt	procedure	concept	4150	4162	Vaccinations
endocrinology_type 1 diabetes_41.txt	disease	concept	4196	4204	diabetes
endocrinology_type 1 diabetes_41.txt	disease	concept	4269	4284	type 1 diabetes
endocrinology_type 1 diabetes_41.txt	medication	concept	4469	4476	insulin
endocrinology_type 1 diabetes_41.txt	procedure	concept	4605	4627	follow-up appointments
endocrinology_type 1 diabetes_41.txt	medication	concept	4654	4661	insulin
endocrinology_type 1 diabetes_42.txt	symptom	concept	408	416	polyuria
endocrinology_type 1 diabetes_42.txt	symptom	concept	418	428	polydipsia
endocrinology_type 1 diabetes_42.txt	symptom	concept	442	453	weight loss
endocrinology_type 1 diabetes_42.txt	symptom	concept	467	474	fatigue
endocrinology_type 1 diabetes_42.txt	disease	concept	546	568	autoimmune thyroiditis
endocrinology_type 1 diabetes_42.txt	disease	concept	628	645	diabetes mellitus
endocrinology_type 1 diabetes_42.txt	disease	concept	1257	1281	type 1 diabetes mellitus
endocrinology_type 1 diabetes_42.txt	medication	concept	1477	1490	Bolus Insulin
endocrinology_type 1 diabetes_42.txt	medication	concept	1494	1508	Insulin Lispro
endocrinology_type 1 diabetes_42.txt	disease	concept	1752	1762	euglycemia
endocrinology_type 1 diabetes_42.txt	disease	concept	1971	1986	type 1 diabetes
endocrinology_type 1 diabetes_42.txt	procedure	concept	2329	2345	Foot Examination
endocrinology_type 1 diabetes_42.txt	symptom	concept	2361	2382	peripheral neuropathy
endocrinology_type 1 diabetes_42.txt	procedure	concept	2409	2432	Funduscopic Examination
endocrinology_type 1 diabetes_42.txt	disease	concept	2487	2507	diabetic retinopathy
endocrinology_type 1 diabetes_42.txt	medication	concept	2634	2650	Insulin Glargine
endocrinology_type 1 diabetes_42.txt	medication	concept	2690	2704	Insulin Lispro
endocrinology_type 1 diabetes_42.txt	medication	concept	2911	2918	insulin
endocrinology_type 1 diabetes_42.txt	medication	concept	3604	3611	insulin
endocrinology_type 1 diabetes_42.txt	disease	concept	3678	3690	hypoglycemia
endocrinology_type 1 diabetes_42.txt	disease	concept	3806	3830	Streptococcus pneumoniae
endocrinology_type 1 diabetes_42.txt	disease	concept	3832	3847	influenza virus
endocrinology_type 1 diabetes_42.txt	disease	concept	3849	3860	hepatitis B
endocrinology_type 1 diabetes_42.txt	disease	concept	3862	3871	varicella
endocrinology_type 1 diabetes_42.txt	disease	concept	3877	3887	SARS-CoV-2
endocrinology_type 1 diabetes_42.txt	disease	concept	3928	3936	diabetes
endocrinology_type 1 diabetes_42.txt	disease	concept	4013	4028	type 1 diabetes
endocrinology_type 1 diabetes_42.txt	disease	concept	4256	4271	type 1 diabetes
endocrinology_type 1 diabetes_42.txt	disease	concept	4789	4813	type 1 diabetes mellitus
endocrinology_type 1 diabetes_42.txt	procedure	concept	4920	4940	outpatient follow-up
endocrinology_type 1 diabetes_43.txt	disease	concept	268	292	Type 1 Diabetes Mellitus
endocrinology_type 1 diabetes_43.txt	symptom	concept	476	484	polyuria
endocrinology_type 1 diabetes_43.txt	symptom	concept	486	496	polydipsia
endocrinology_type 1 diabetes_43.txt	symptom	concept	690	701	tachycardia
endocrinology_type 1 diabetes_43.txt	disease	concept	770	787	diabetes mellitus
endocrinology_type 1 diabetes_43.txt	disease	concept	1239	1249	glycosuria
endocrinology_type 1 diabetes_43.txt	disease	concept	1279	1291	ketoacidosis
endocrinology_type 1 diabetes_43.txt	disease	concept	1464	1479	type 1 diabetes
endocrinology_type 1 diabetes_43.txt	disease	concept	1503	1515	ketoacidosis
endocrinology_type 1 diabetes_43.txt	disease	concept	1692	1704	ketoacidosis
endocrinology_type 1 diabetes_43.txt	medication	concept	1938	1952	Insulin Lispro
endocrinology_type 1 diabetes_43.txt	disease	concept	2078	2086	diabetes
endocrinology_type 1 diabetes_43.txt	disease	concept	2498	2510	hypoglycemia
endocrinology_type 1 diabetes_43.txt	disease	concept	2515	2528	hyperglycemia
endocrinology_type 1 diabetes_43.txt	procedure	concept	2601	2628	ophthalmologist evaluations
endocrinology_type 1 diabetes_43.txt	procedure	concept	2630	2647	foot examinations
endocrinology_type 1 diabetes_43.txt	medication	concept	2816	2823	insulin
endocrinology_type 1 diabetes_43.txt	medication	concept	2952	2966	Insulin Lispro
endocrinology_type 1 diabetes_43.txt	disease	concept	3106	3115	Influenza
endocrinology_type 1 diabetes_43.txt	disease	concept	3117	3128	Hepatitis B
endocrinology_type 1 diabetes_43.txt	disease	concept	3134	3144	SARS-CoV-2
endocrinology_type 1 diabetes_43.txt	disease	concept	3436	3458	diabetic complications
endocrinology_type 1 diabetes_43.txt	procedure	concept	3522	3544	Discharge Instructions
endocrinology_type 1 diabetes_43.txt	procedure	concept	3684	3692	exercise
endocrinology_type 1 diabetes_43.txt	disease	concept	3751	3763	hypoglycemia
endocrinology_type 1 diabetes_43.txt	disease	concept	3768	3781	hyperglycemia
endocrinology_type 1 diabetes_44.txt	disease	concept	401	409	polyuria
endocrinology_type 1 diabetes_44.txt	disease	concept	411	421	polydipsia
endocrinology_type 1 diabetes_44.txt	symptom	concept	437	448	weight loss
endocrinology_type 1 diabetes_44.txt	disease	concept	838	846	diabetes
endocrinology_type 1 diabetes_44.txt	medication	concept	914	927	levothyroxine
endocrinology_type 1 diabetes_44.txt	disease	concept	1806	1830	Type 1 Diabetes Mellitus
endocrinology_type 1 diabetes_44.txt	disease	concept	2167	2182	Type 1 Diabetes
endocrinology_type 1 diabetes_44.txt	medication	concept	2491	2505	Insulin Lispro
endocrinology_type 1 diabetes_44.txt	medication	concept	2644	2657	Levothyroxine
endocrinology_type 1 diabetes_44.txt	medication	concept	3182	3189	insulin
endocrinology_type 1 diabetes_44.txt	disease	concept	3487	3502	Type 1 Diabetes
endocrinology_type 1 diabetes_44.txt	medication	concept	3598	3605	insulin
endocrinology_type 1 diabetes_44.txt	disease	concept	3721	3734	hyperglycemia
endocrinology_type 1 diabetes_44.txt	medication	concept	4002	4009	insulin
endocrinology_type 1 diabetes_44.txt	medication	concept	4077	4084	insulin
endocrinology_type 1 diabetes_44.txt	disease	concept	4324	4343	severe hypoglycemia
endocrinology_type 1 diabetes_44.txt	disease	concept	4347	4368	diabetic ketoacidosis
endocrinology_type 1 diabetes_45.txt	disease	concept	265	289	Type 1 Diabetes Mellitus
endocrinology_type 1 diabetes_45.txt	symptom	concept	463	469	thirst
endocrinology_type 1 diabetes_45.txt	symptom	concept	480	489	urination
endocrinology_type 1 diabetes_45.txt	symptom	concept	498	509	weight loss
endocrinology_type 1 diabetes_45.txt	symptom	concept	523	530	fatigue
endocrinology_type 1 diabetes_45.txt	disease	concept	637	654	diabetes mellitus
endocrinology_type 1 diabetes_45.txt	disease	concept	832	847	type 1 diabetes
endocrinology_type 1 diabetes_45.txt	disease	concept	954	978	type 1 diabetes mellitus
endocrinology_type 1 diabetes_45.txt	medication	concept	1202	1218	Insulin Glargine
endocrinology_type 1 diabetes_45.txt	medication	concept	1261	1275	Insulin Lispro
endocrinology_type 1 diabetes_45.txt	disease	concept	1621	1629	diabetes
endocrinology_type 1 diabetes_45.txt	disease	concept	1678	1693	type 1 diabetes
endocrinology_type 1 diabetes_45.txt	disease	concept	1750	1762	hypoglycemia
endocrinology_type 1 diabetes_45.txt	disease	concept	1767	1780	hyperglycemia
endocrinology_type 1 diabetes_45.txt	medication	concept	2215	2231	Insulin Glargine
endocrinology_type 1 diabetes_45.txt	medication	concept	2259	2273	Insulin Lispro
endocrinology_type 1 diabetes_45.txt	procedure	concept	2524	2554	comprehensive foot examination
endocrinology_type 1 diabetes_45.txt	procedure	concept	2556	2579	funduscopic examination
endocrinology_type 1 diabetes_45.txt	disease	concept	2597	2608	albuminuria
endocrinology_type 1 diabetes_45.txt	disease	concept	2789	2801	hypoglycemia
endocrinology_type 1 diabetes_45.txt	disease	concept	2805	2818	hyperglycemia
endocrinology_type 1 diabetes_45.txt	disease	concept	2976	2984	diabetes
endocrinology_type 1 diabetes_45.txt	disease	concept	2996	3005	influenza
endocrinology_type 1 diabetes_45.txt	disease	concept	3010	3020	SARS-CoV-2
endocrinology_type 1 diabetes_45.txt	disease	concept	3150	3158	diabetes
endocrinology_type 1 diabetes_45.txt	disease	concept	3254	3262	diabetes
endocrinology_type 1 diabetes_45.txt	medication	concept	3500	3507	insulin
endocrinology_type 1 diabetes_46.txt	symptom	concept	484	493	urination
endocrinology_type 1 diabetes_46.txt	symptom	concept	502	509	fatigue
endocrinology_type 1 diabetes_46.txt	disease	concept	931	939	diabetes
endocrinology_type 1 diabetes_46.txt	disease	concept	1047	1071	Type 1 Diabetes Mellitus
endocrinology_type 1 diabetes_46.txt	medication	concept	1524	1537	Bolus Insulin
endocrinology_type 1 diabetes_46.txt	medication	concept	1541	1555	Insulin Lispro
endocrinology_type 1 diabetes_46.txt	disease	concept	1868	1880	hypoglycemia
endocrinology_type 1 diabetes_46.txt	disease	concept	1885	1898	hyperglycemia
endocrinology_type 1 diabetes_46.txt	disease	concept	2197	2207	euglycemia
endocrinology_type 1 diabetes_46.txt	medication	concept	2397	2413	Insulin Glargine
endocrinology_type 1 diabetes_46.txt	medication	concept	2444	2458	Insulin Lispro
endocrinology_type 1 diabetes_46.txt	medication	concept	2831	2845	Insulin Lispro
endocrinology_type 1 diabetes_46.txt	procedure	concept	2948	2965	foot examinations
endocrinology_type 1 diabetes_46.txt	disease	concept	3549	3573	Streptococcus pneumoniae
endocrinology_type 1 diabetes_46.txt	disease	concept	3575	3584	influenza
endocrinology_type 1 diabetes_46.txt	disease	concept	3586	3597	hepatitis B
endocrinology_type 1 diabetes_46.txt	disease	concept	3599	3608	varicella
endocrinology_type 1 diabetes_46.txt	disease	concept	3614	3624	SARS-CoV-2
endocrinology_type 1 diabetes_46.txt	disease	concept	3684	3708	Type 1 Diabetes Mellitus
endocrinology_type 1 diabetes_46.txt	procedure	concept	3941	3956	insulin therapy
endocrinology_type 1 diabetes_46.txt	procedure	concept	3958	3981	lifestyle modifications
endocrinology_type 1 diabetes_47.txt	symptom	concept	394	405	weight loss
endocrinology_type 1 diabetes_47.txt	disease	concept	580	597	diabetes mellitus
endocrinology_type 1 diabetes_47.txt	disease	concept	906	930	type 1 diabetes mellitus
endocrinology_type 1 diabetes_47.txt	disease	concept	985	1009	type 1 diabetes mellitus
endocrinology_type 1 diabetes_47.txt	disease	concept	1587	1600	hyperglycemia
endocrinology_type 1 diabetes_47.txt	disease	concept	1968	1990	diabetic complications
endocrinology_type 1 diabetes_47.txt	procedure	concept	2018	2034	foot examination
endocrinology_type 1 diabetes_47.txt	procedure	concept	2054	2077	funduscopic examination
endocrinology_type 1 diabetes_47.txt	medication	concept	2129	2145	Insulin glargine
endocrinology_type 1 diabetes_47.txt	medication	concept	2190	2204	Insulin lispro
endocrinology_type 1 diabetes_47.txt	procedure	concept	2285	2299	Follow-Up Care
endocrinology_type 1 diabetes_47.txt	procedure	concept	2309	2332	Endocrinology Follow-Up
endocrinology_type 1 diabetes_47.txt	medication	concept	2407	2414	insulin
endocrinology_type 1 diabetes_47.txt	procedure	concept	2438	2464	Ophthalmology Consultation
endocrinology_type 1 diabetes_47.txt	procedure	concept	2517	2540	funduscopic examination
endocrinology_type 1 diabetes_47.txt	procedure	concept	2546	2563	Dietary Follow-Up
endocrinology_type 1 diabetes_47.txt	disease	concept	2989	3001	hypoglycemia
endocrinology_type 1 diabetes_47.txt	disease	concept	3163	3172	influenza
endocrinology_type 1 diabetes_47.txt	disease	concept	3174	3186	pneumococcal
endocrinology_type 1 diabetes_47.txt	disease	concept	3292	3302	SARS-CoV-2
endocrinology_type 1 diabetes_47.txt	disease	concept	3713	3721	diabetes
endocrinology_type 1 diabetes_48.txt	disease	concept	240	264	Type 1 Diabetes Mellitus
endocrinology_type 1 diabetes_48.txt	symptom	concept	382	390	polyuria
endocrinology_type 1 diabetes_48.txt	disease	concept	630	647	diabetes mellitus
endocrinology_type 1 diabetes_48.txt	disease	concept	721	736	type 1 diabetes
endocrinology_type 1 diabetes_48.txt	disease	concept	890	905	type 1 diabetes
endocrinology_type 1 diabetes_48.txt	medication	concept	1285	1297	oral glucose
endocrinology_type 1 diabetes_48.txt	disease	concept	1882	1904	diabetic complications
endocrinology_type 1 diabetes_48.txt	procedure	concept	1925	1941	foot examination
endocrinology_type 1 diabetes_48.txt	disease	concept	2072	2092	diabetic retinopathy
endocrinology_type 1 diabetes_48.txt	disease	concept	2112	2123	albuminuria
endocrinology_type 1 diabetes_48.txt	disease	concept	2330	2352	diabetic complications
endocrinology_type 1 diabetes_48.txt	disease	concept	2371	2395	Streptococcus pneumoniae
endocrinology_type 1 diabetes_48.txt	disease	concept	2397	2412	influenza virus
endocrinology_type 1 diabetes_48.txt	disease	concept	2427	2436	varicella
endocrinology_type 1 diabetes_48.txt	disease	concept	2442	2452	SARS-CoV-2
endocrinology_type 1 diabetes_48.txt	medication	concept	2540	2556	Insulin Glargine
endocrinology_type 1 diabetes_48.txt	medication	concept	2597	2611	Insulin Lispro
endocrinology_type 1 diabetes_48.txt	medication	concept	2725	2737	Multivitamin
endocrinology_type 1 diabetes_48.txt	medication	concept	2913	2928	insulin regimen
endocrinology_type 1 diabetes_48.txt	disease	concept	3063	3071	diabetes
endocrinology_type 1 diabetes_48.txt	disease	concept	3126	3134	diabetes
endocrinology_type 1 diabetes_48.txt	disease	concept	3428	3440	hypoglycemia
endocrinology_type 1 diabetes_48.txt	symptom	concept	3442	3451	shakiness
endocrinology_type 1 diabetes_48.txt	symptom	concept	3453	3461	sweating
endocrinology_type 1 diabetes_48.txt	symptom	concept	3463	3472	confusion
endocrinology_type 1 diabetes_48.txt	symptom	concept	3478	3491	hyperglycemia
endocrinology_type 1 diabetes_48.txt	symptom	concept	3502	3511	urination
endocrinology_type 1 diabetes_48.txt	symptom	concept	3523	3529	thirst
endocrinology_type 1 diabetes_48.txt	medication	concept	3745	3760	insulin regimen
endocrinology_type 1 diabetes_49.txt	symptom	concept	392	400	polyuria
endocrinology_type 1 diabetes_49.txt	disease	concept	402	412	polydipsia
endocrinology_type 1 diabetes_49.txt	symptom	concept	426	437	weight loss
endocrinology_type 1 diabetes_49.txt	disease	concept	689	713	type 1 diabetes mellitus
endocrinology_type 1 diabetes_49.txt	disease	concept	1063	1072	ketonuria
endocrinology_type 1 diabetes_49.txt	disease	concept	1076	1088	ketoacidosis
endocrinology_type 1 diabetes_49.txt	symptom	concept	1352	1363	retinopathy
endocrinology_type 1 diabetes_49.txt	disease	concept	1387	1398	albuminuria
endocrinology_type 1 diabetes_49.txt	disease	concept	1693	1706	hyperglycemia
endocrinology_type 1 diabetes_49.txt	medication	concept	1761	1777	Insulin Glargine
endocrinology_type 1 diabetes_49.txt	medication	concept	1820	1833	Bolus Insulin
endocrinology_type 1 diabetes_49.txt	medication	concept	1837	1851	Insulin Lispro
endocrinology_type 1 diabetes_49.txt	procedure	concept	2083	2108	medication administration
endocrinology_type 1 diabetes_49.txt	disease	concept	2181	2194	hyperglycemia
endocrinology_type 1 diabetes_49.txt	disease	concept	2529	2541	hypoglycemia
endocrinology_type 1 diabetes_49.txt	disease	concept	2902	2915	hyperglycemia
endocrinology_type 1 diabetes_49.txt	medication	concept	2988	2995	insulin
endocrinology_type 1 diabetes_49.txt	medication	concept	2999	3011	carbohydrate
endocrinology_type 1 diabetes_49.txt	procedure	concept	3167	3183	foot examination
endocrinology_type 1 diabetes_49.txt	procedure	concept	3188	3211	funduscopic examination
endocrinology_type 1 diabetes_49.txt	disease	concept	3290	3312	diabetic complications
endocrinology_type 1 diabetes_49.txt	disease	concept	3440	3448	diabetes
endocrinology_type 1 diabetes_49.txt	disease	concept	3460	3469	influenza
endocrinology_type 1 diabetes_49.txt	medication	concept	3474	3495	pneumococcal vaccines
endocrinology_type 1 diabetes_49.txt	medication	concept	3532	3539	Insulin
endocrinology_type 1 diabetes_49.txt	medication	concept	3587	3601	Insulin Lispro
endocrinology_type 1 diabetes_49.txt	medication	concept	3787	3794	insulin
endocrinology_type 1 diabetes_49.txt	disease	concept	3826	3841	type 1 diabetes
endocrinology_type 1 diabetes_49.txt	disease	concept	3942	3950	diabetes
endocrinology_type 1 diabetes_49.txt	disease	concept	4393	4408	type 1 diabetes
endocrinology_type 1 diabetes_5.txt	disease	concept	344	352	polyuria
endocrinology_type 1 diabetes_5.txt	symptom	concept	567	573	thirst
endocrinology_type 1 diabetes_5.txt	symptom	concept	584	593	urination
endocrinology_type 1 diabetes_5.txt	disease	concept	754	762	diabetes
endocrinology_type 1 diabetes_5.txt	disease	concept	1068	1085	diabetes mellitus
endocrinology_type 1 diabetes_5.txt	disease	concept	1134	1149	type 1 diabetes
endocrinology_type 1 diabetes_5.txt	disease	concept	1369	1384	type 1 diabetes
endocrinology_type 1 diabetes_5.txt	procedure	concept	1506	1526	renal function tests
endocrinology_type 1 diabetes_5.txt	disease	concept	1679	1696	diabetes mellitus
endocrinology_type 1 diabetes_5.txt	medication	concept	1780	1796	insulin glargine
endocrinology_type 1 diabetes_5.txt	procedure	concept	2168	2176	exercise
endocrinology_type 1 diabetes_5.txt	disease	concept	2287	2299	hypoglycemia
endocrinology_type 1 diabetes_5.txt	disease	concept	2304	2317	hyperglycemia
endocrinology_type 1 diabetes_5.txt	disease	concept	2488	2509	diabetic ketoacidosis
endocrinology_type 1 diabetes_5.txt	disease	concept	2526	2538	hypoglycemia
endocrinology_type 1 diabetes_5.txt	medication	concept	2668	2682	Insulin lispro
endocrinology_type 1 diabetes_5.txt	medication	concept	2772	2784	Multivitamin
endocrinology_type 1 diabetes_5.txt	symptom	concept	3142	3153	albuminuria
endocrinology_type 1 diabetes_5.txt	disease	concept	3634	3658	Streptococcus pneumoniae
endocrinology_type 1 diabetes_5.txt	disease	concept	3660	3669	influenza
endocrinology_type 1 diabetes_5.txt	disease	concept	3671	3682	hepatitis B
endocrinology_type 1 diabetes_5.txt	disease	concept	3688	3698	SARS-CoV-2
endocrinology_type 1 diabetes_5.txt	disease	concept	3758	3782	type 1 diabetes mellitus
endocrinology_type 1 diabetes_5.txt	procedure	concept	3882	3900	diabetes education
endocrinology_type 1 diabetes_6.txt	disease	concept	339	363	Type 1 Diabetes Mellitus
endocrinology_type 1 diabetes_6.txt	disease	concept	833	850	diabetes mellitus
endocrinology_type 1 diabetes_6.txt	disease	concept	931	946	type 1 diabetes
endocrinology_type 1 diabetes_6.txt	medication	concept	1380	1396	insulin glargine
endocrinology_type 1 diabetes_6.txt	medication	concept	1440	1454	insulin lispro
endocrinology_type 1 diabetes_6.txt	medication	concept	1623	1630	insulin
endocrinology_type 1 diabetes_6.txt	disease	concept	1797	1810	hyperglycemia
endocrinology_type 1 diabetes_6.txt	disease	concept	1826	1834	diabetes
endocrinology_type 1 diabetes_6.txt	procedure	concept	1902	1912	monitoring
endocrinology_type 1 diabetes_6.txt	disease	concept	1963	1975	hypoglycemia
endocrinology_type 1 diabetes_6.txt	disease	concept	1980	1993	hyperglycemia
endocrinology_type 1 diabetes_6.txt	disease	concept	1995	2017	diabetic complications
endocrinology_type 1 diabetes_6.txt	disease	concept	2303	2325	diabetic complications
endocrinology_type 1 diabetes_6.txt	symptom	concept	2420	2431	retinopathy
endocrinology_type 1 diabetes_6.txt	procedure	concept	2435	2451	foot examination
endocrinology_type 1 diabetes_6.txt	medication	concept	2637	2653	Insulin Glargine
endocrinology_type 1 diabetes_6.txt	medication	concept	2694	2708	Insulin Lispro
endocrinology_type 1 diabetes_6.txt	medication	concept	2770	2782	Multivitamin
endocrinology_type 1 diabetes_6.txt	disease	concept	3006	3026	diabetic retinopathy
endocrinology_type 1 diabetes_6.txt	medication	concept	3235	3242	insulin
endocrinology_type 1 diabetes_6.txt	disease	concept	3300	3312	hypoglycemia
endocrinology_type 1 diabetes_6.txt	disease	concept	3317	3330	hyperglycemia
endocrinology_type 1 diabetes_7.txt	disease	concept	296	320	Type 1 Diabetes Mellitus
endocrinology_type 1 diabetes_7.txt	disease	concept	507	515	polyuria
endocrinology_type 1 diabetes_7.txt	disease	concept	517	527	polydipsia
endocrinology_type 1 diabetes_7.txt	disease	concept	773	797	type 1 diabetes mellitus
endocrinology_type 1 diabetes_7.txt	medication	concept	863	870	insulin
endocrinology_type 1 diabetes_7.txt	medication	concept	942	955	basal insulin
endocrinology_type 1 diabetes_7.txt	medication	concept	957	965	glargine
endocrinology_type 1 diabetes_7.txt	medication	concept	1013	1029	prandial insulin
endocrinology_type 1 diabetes_7.txt	medication	concept	1031	1037	lispro
endocrinology_type 1 diabetes_7.txt	disease	concept	1539	1551	hypoglycemia
endocrinology_type 1 diabetes_7.txt	disease	concept	1556	1569	hyperglycemia
endocrinology_type 1 diabetes_7.txt	disease	concept	1615	1637	diabetic complications
endocrinology_type 1 diabetes_7.txt	procedure	concept	1670	1686	foot examination
endocrinology_type 1 diabetes_7.txt	medication	concept	1886	1902	Insulin Glargine
endocrinology_type 1 diabetes_7.txt	medication	concept	1942	1956	Insulin Lispro
endocrinology_type 1 diabetes_7.txt	medication	concept	1997	2009	Multivitamin
endocrinology_type 1 diabetes_7.txt	disease	concept	2541	2553	hypoglycemia
endocrinology_type 1 diabetes_7.txt	disease	concept	3012	3031	diabetic neuropathy
endocrinology_type 1 diabetes_7.txt	disease	concept	3033	3044	retinopathy
endocrinology_type 1 diabetes_7.txt	disease	concept	3050	3061	nephropathy
endocrinology_type 1 diabetes_7.txt	disease	concept	3125	3149	Streptococcus pneumoniae
endocrinology_type 1 diabetes_7.txt	disease	concept	3151	3160	influenza
endocrinology_type 1 diabetes_7.txt	disease	concept	3162	3173	hepatitis B
endocrinology_type 1 diabetes_7.txt	disease	concept	3175	3184	varicella
endocrinology_type 1 diabetes_7.txt	disease	concept	3190	3200	SARS-CoV-2
endocrinology_type 1 diabetes_8.txt	disease	concept	318	342	Type 1 Diabetes Mellitus
endocrinology_type 1 diabetes_8.txt	symptom	concept	504	512	polyuria
endocrinology_type 1 diabetes_8.txt	symptom	concept	514	524	polydipsia
endocrinology_type 1 diabetes_8.txt	disease	concept	813	837	Type 1 Diabetes Mellitus
endocrinology_type 1 diabetes_8.txt	medication	concept	903	910	insulin
endocrinology_type 1 diabetes_8.txt	medication	concept	938	957	basal-bolus insulin
endocrinology_type 1 diabetes_8.txt	medication	concept	983	991	Glargine
endocrinology_type 1 diabetes_8.txt	medication	concept	1037	1051	Lispro insulin
endocrinology_type 1 diabetes_8.txt	procedure	concept	1390	1408	dietary counseling
endocrinology_type 1 diabetes_8.txt	medication	concept	1449	1456	insulin
endocrinology_type 1 diabetes_8.txt	disease	concept	1760	1782	diabetic complications
endocrinology_type 1 diabetes_8.txt	symptom	concept	2094	2115	peripheral neuropathy
endocrinology_type 1 diabetes_8.txt	symptom	concept	2119	2141	circulatory impairment
endocrinology_type 1 diabetes_8.txt	medication	concept	2273	2289	Insulin Glargine
endocrinology_type 1 diabetes_8.txt	medication	concept	2331	2345	Insulin Lispro
endocrinology_type 1 diabetes_8.txt	medication	concept	2408	2420	Multivitamin
endocrinology_type 1 diabetes_8.txt	procedure	concept	2473	2496	Endocrinology Follow-Up
endocrinology_type 1 diabetes_8.txt	procedure	concept	2613	2638	Ophthalmology Appointment
endocrinology_type 1 diabetes_8.txt	disease	concept	2663	2674	retinopathy
endocrinology_type 1 diabetes_8.txt	disease	concept	3041	3053	hypoglycemia
endocrinology_type 1 diabetes_8.txt	procedure	concept	3188	3200	Vaccinations
endocrinology_type 1 diabetes_8.txt	disease	concept	3249	3258	influenza
endocrinology_type 1 diabetes_8.txt	disease	concept	3260	3272	pneumococcal
endocrinology_type 1 diabetes_8.txt	disease	concept	3274	3285	hepatitis B
endocrinology_type 1 diabetes_8.txt	disease	concept	3287	3296	varicella
endocrinology_type 1 diabetes_8.txt	disease	concept	3302	3312	SARS-CoV-2
endocrinology_type 1 diabetes_8.txt	disease	concept	3420	3432	hypoglycemia
endocrinology_type 1 diabetes_8.txt	disease	concept	3541	3549	diabetes
endocrinology_type 1 diabetes_8.txt	disease	concept	3609	3617	diabetes
endocrinology_type 1 diabetes_8.txt	disease	concept	3922	3934	hypoglycemia
endocrinology_type 1 diabetes_8.txt	disease	concept	3939	3952	hyperglycemia
endocrinology_type 1 diabetes_9.txt	disease	concept	360	384	Type 1 Diabetes Mellitus
endocrinology_type 1 diabetes_9.txt	disease	concept	725	733	polyuria
endocrinology_type 1 diabetes_9.txt	disease	concept	1014	1029	type 2 diabetes
endocrinology_type 1 diabetes_9.txt	disease	concept	1058	1073	type 1 diabetes
endocrinology_type 1 diabetes_9.txt	medication	concept	1088	1095	insulin
endocrinology_type 1 diabetes_9.txt	medication	concept	1223	1239	Insulin glargine
endocrinology_type 1 diabetes_9.txt	medication	concept	1298	1312	Insulin lispro
endocrinology_type 1 diabetes_9.txt	disease	concept	1580	1588	diabetes
endocrinology_type 1 diabetes_9.txt	disease	concept	1692	1704	hypoglycemia
endocrinology_type 1 diabetes_9.txt	disease	concept	2002	2024	diabetic complications
endocrinology_type 1 diabetes_9.txt	procedure	concept	2078	2095	Foot examinations
endocrinology_type 1 diabetes_9.txt	disease	concept	2436	2460	Streptococcus pneumoniae
endocrinology_type 1 diabetes_9.txt	disease	concept	2462	2477	influenza virus
endocrinology_type 1 diabetes_9.txt	disease	concept	2492	2501	varicella
endocrinology_type 1 diabetes_9.txt	disease	concept	2507	2517	SARS-CoV-2
endocrinology_type 1 diabetes_9.txt	disease	concept	2552	2560	diabetes
endocrinology_type 1 diabetes_9.txt	medication	concept	2597	2613	Insulin glargine
endocrinology_type 1 diabetes_9.txt	medication	concept	2657	2671	Insulin lispro
endocrinology_type 1 diabetes_9.txt	procedure	concept	2952	2972	Dietary Consultation
endocrinology_type 1 diabetes_9.txt	disease	concept	3054	3062	diabetes
endocrinology_type 1 diabetes_9.txt	procedure	concept	3079	3111	Exercise Physiology Consultation
endocrinology_type 1 diabetes_9.txt	procedure	concept	3412	3433	lifestyle adjustments
endocrinology_type 2 diabetes_0.txt	disease	concept	428	435	obesity
endocrinology_type 2 diabetes_0.txt	disease	concept	515	523	polyuria
endocrinology_type 2 diabetes_0.txt	symptom	concept	553	564	weight loss
endocrinology_type 2 diabetes_0.txt	symptom	concept	617	631	blurred vision
endocrinology_type 2 diabetes_0.txt	symptom	concept	657	676	nocturnal urination
endocrinology_type 2 diabetes_0.txt	disease	concept	709	717	diabetes
endocrinology_type 2 diabetes_0.txt	disease	concept	1036	1044	diabetes
endocrinology_type 2 diabetes_0.txt	disease	concept	1176	1200	type 2 diabetes mellitus
endocrinology_type 2 diabetes_0.txt	medication	concept	1390	1399	Metformin
endocrinology_type 2 diabetes_0.txt	disease	concept	1627	1639	hypoglycemia
endocrinology_type 2 diabetes_0.txt	symptom	concept	1743	1754	weight loss
endocrinology_type 2 diabetes_0.txt	medication	concept	1758	1780	GLP-1 receptor agonist
endocrinology_type 2 diabetes_0.txt	medication	concept	1782	1793	semaglutide
endocrinology_type 2 diabetes_0.txt	medication	concept	2472	2479	insulin
endocrinology_type 2 diabetes_0.txt	disease	concept	2528	2540	hypoglycemia
endocrinology_type 2 diabetes_0.txt	medication	concept	2564	2571	insulin
endocrinology_type 2 diabetes_0.txt	procedure	concept	2688	2712	funduscopic examinations
endocrinology_type 2 diabetes_0.txt	procedure	concept	2714	2727	urine testing
endocrinology_type 2 diabetes_0.txt	disease	concept	2935	2959	Streptococcus pneumoniae
endocrinology_type 2 diabetes_0.txt	disease	concept	2961	2976	influenza virus
endocrinology_type 2 diabetes_0.txt	disease	concept	2978	2989	hepatitis B
endocrinology_type 2 diabetes_0.txt	disease	concept	2991	3000	varicella
endocrinology_type 2 diabetes_0.txt	disease	concept	3006	3016	SARS-CoV-2
endocrinology_type 2 diabetes_0.txt	medication	concept	3075	3084	Metformin
endocrinology_type 2 diabetes_0.txt	medication	concept	3116	3127	Semaglutide
endocrinology_type 2 diabetes_0.txt	medication	concept	3475	3491	SGLT2 inhibitors
endocrinology_type 2 diabetes_0.txt	disease	concept	4050	4074	type 2 diabetes mellitus
endocrinology_type 2 diabetes_0.txt	medication	concept	4264	4274	medication
endocrinology_type 2 diabetes_0.txt	disease	concept	4366	4388	diabetic complications
endocrinology_type 2 diabetes_0.txt	procedure	concept	4398	4414	follow-up visits
endocrinology_type 2 diabetes_0.txt	disease	concept	4610	4622	hypoglycemia
endocrinology_type 2 diabetes_0.txt	symptom	concept	4641	4654	foot injuries
endocrinology_type 2 diabetes_1.txt	symptom	concept	352	358	thirst
endocrinology_type 2 diabetes_1.txt	symptom	concept	369	378	urination
endocrinology_type 2 diabetes_1.txt	symptom	concept	403	414	weight loss
endocrinology_type 2 diabetes_1.txt	disease	concept	623	631	diabetes
endocrinology_type 2 diabetes_1.txt	disease	concept	1094	1105	Albuminuria
endocrinology_type 2 diabetes_1.txt	disease	concept	1281	1305	Type 2 Diabetes Mellitus
endocrinology_type 2 diabetes_1.txt	medication	concept	1351	1360	Metformin
endocrinology_type 2 diabetes_1.txt	procedure	concept	1748	1764	aerobic exercise
endocrinology_type 2 diabetes_1.txt	disease	concept	1907	1915	diabetes
endocrinology_type 2 diabetes_1.txt	disease	concept	1939	1951	hypoglycemia
endocrinology_type 2 diabetes_1.txt	disease	concept	1956	1969	hyperglycemia
endocrinology_type 2 diabetes_1.txt	disease	concept	1985	2007	diabetic complications
endocrinology_type 2 diabetes_1.txt	medication	concept	2261	2270	Metformin
endocrinology_type 2 diabetes_1.txt	medication	concept	2340	2363	GLP-1 receptor agonists
endocrinology_type 2 diabetes_1.txt	procedure	concept	2498	2508	Monitoring
endocrinology_type 2 diabetes_1.txt	disease	concept	2534	2539	HbA1C
endocrinology_type 2 diabetes_1.txt	procedure	concept	2605	2617	Vaccinations
endocrinology_type 2 diabetes_1.txt	disease	concept	2672	2681	influenza
endocrinology_type 2 diabetes_1.txt	disease	concept	2769	2780	hepatitis B
endocrinology_type 2 diabetes_1.txt	disease	concept	2782	2791	varicella
endocrinology_type 2 diabetes_1.txt	disease	concept	2797	2807	SARS-CoV-2
endocrinology_type 2 diabetes_1.txt	procedure	concept	2813	2827	Podiatric Care
endocrinology_type 2 diabetes_1.txt	disease	concept	2869	2877	diabetes
endocrinology_type 2 diabetes_1.txt	procedure	concept	2958	2975	Weight Management
endocrinology_type 2 diabetes_1.txt	medication	concept	3125	3148	GLP-1 receptor agonists
endocrinology_type 2 diabetes_1.txt	symptom	concept	3153	3164	weight loss
endocrinology_type 2 diabetes_1.txt	medication	concept	3351	3358	insulin
endocrinology_type 2 diabetes_1.txt	medication	concept	3362	3374	carbohydrate
endocrinology_type 2 diabetes_1.txt	disease	concept	3429	3441	hypoglycemia
endocrinology_type 2 diabetes_1.txt	disease	concept	3522	3534	hypoglycemia
endocrinology_type 2 diabetes_1.txt	disease	concept	3539	3552	hyperglycemia
endocrinology_type 2 diabetes_1.txt	disease	concept	3673	3697	Type 2 Diabetes Mellitus
endocrinology_type 2 diabetes_1.txt	medication	concept	3731	3740	Metformin
endocrinology_type 2 diabetes_1.txt	medication	concept	3742	3763	dietary modifications
endocrinology_type 2 diabetes_1.txt	disease	concept	3914	3922	diabetes
endocrinology_type 2 diabetes_1.txt	symptom	concept	3948	3961	complications
endocrinology_type 2 diabetes_10.txt	disease	concept	398	406	polyuria
endocrinology_type 2 diabetes_10.txt	disease	concept	408	418	polydipsia
endocrinology_type 2 diabetes_10.txt	symptom	concept	436	447	weight loss
endocrinology_type 2 diabetes_10.txt	disease	concept	540	548	diabetes
endocrinology_type 2 diabetes_10.txt	disease	concept	568	585	diabetes mellitus
endocrinology_type 2 diabetes_10.txt	procedure	concept	1429	1445	foot examination
endocrinology_type 2 diabetes_10.txt	symptom	concept	1510	1520	ulceration
endocrinology_type 2 diabetes_10.txt	disease	concept	1538	1562	Type 2 Diabetes Mellitus
endocrinology_type 2 diabetes_10.txt	medication	concept	1887	1896	Metformin
endocrinology_type 2 diabetes_10.txt	medication	concept	2112	2134	GLP-1 receptor agonist
endocrinology_type 2 diabetes_10.txt	medication	concept	2136	2147	Semaglutide
endocrinology_type 2 diabetes_10.txt	disease	concept	2445	2458	hyperglycemia
endocrinology_type 2 diabetes_10.txt	disease	concept	2463	2475	hypoglycemia
endocrinology_type 2 diabetes_10.txt	medication	concept	2769	2778	Metformin
endocrinology_type 2 diabetes_10.txt	medication	concept	2800	2811	Semaglutide
endocrinology_type 2 diabetes_10.txt	medication	concept	2889	2899	Lisinopril
endocrinology_type 2 diabetes_10.txt	medication	concept	2930	2942	Atorvastatin
endocrinology_type 2 diabetes_10.txt	disease	concept	3128	3136	diabetes
endocrinology_type 2 diabetes_10.txt	medication	concept	3283	3294	medications
endocrinology_type 2 diabetes_10.txt	disease	concept	3394	3402	diabetes
endocrinology_type 2 diabetes_10.txt	medication	concept	3486	3493	insulin
endocrinology_type 2 diabetes_10.txt	disease	concept	3599	3607	diabetes
endocrinology_type 2 diabetes_10.txt	procedure	concept	3674	3683	foot care
endocrinology_type 2 diabetes_10.txt	medication	concept	3780	3787	insulin
endocrinology_type 2 diabetes_10.txt	medication	concept	3856	3863	insulin
endocrinology_type 2 diabetes_10.txt	disease	concept	3912	3936	Streptococcus pneumoniae
endocrinology_type 2 diabetes_10.txt	disease	concept	3938	3947	influenza
endocrinology_type 2 diabetes_10.txt	disease	concept	3949	3960	hepatitis B
endocrinology_type 2 diabetes_10.txt	disease	concept	3962	3971	varicella
endocrinology_type 2 diabetes_10.txt	disease	concept	3977	3987	SARS-CoV-2
endocrinology_type 2 diabetes_11.txt	disease	concept	325	349	type 2 diabetes mellitus
endocrinology_type 2 diabetes_11.txt	disease	concept	369	393	Type 2 diabetes mellitus
endocrinology_type 2 diabetes_11.txt	symptom	concept	532	538	thirst
endocrinology_type 2 diabetes_11.txt	symptom	concept	549	558	urination
endocrinology_type 2 diabetes_11.txt	symptom	concept	572	583	weight loss
endocrinology_type 2 diabetes_11.txt	disease	concept	1063	1087	type 2 diabetes mellitus
endocrinology_type 2 diabetes_11.txt	medication	concept	1657	1666	Metformin
endocrinology_type 2 diabetes_11.txt	symptom	concept	1763	1770	obesity
endocrinology_type 2 diabetes_11.txt	medication	concept	1807	1818	semaglutide
endocrinology_type 2 diabetes_11.txt	medication	concept	2209	2218	Metformin
endocrinology_type 2 diabetes_11.txt	medication	concept	2250	2261	Semaglutide
endocrinology_type 2 diabetes_11.txt	disease	concept	2927	2939	hypoglycemia
endocrinology_type 2 diabetes_11.txt	disease	concept	2944	2957	hyperglycemia
endocrinology_type 2 diabetes_11.txt	disease	concept	3143	3152	influenza
endocrinology_type 2 diabetes_11.txt	medication	concept	3157	3178	pneumococcal vaccines
endocrinology_type 2 diabetes_11.txt	disease	concept	3226	3248	diabetic complications
endocrinology_type 2 diabetes_11.txt	procedure	concept	3290	3306	foot examination
endocrinology_type 2 diabetes_11.txt	procedure	concept	3308	3331	funduscopic examination
endocrinology_type 2 diabetes_11.txt	symptom	concept	3389	3400	albuminuria
endocrinology_type 2 diabetes_11.txt	disease	concept	3702	3717	type 2 diabetes
endocrinology_type 2 diabetes_11.txt	disease	concept	4149	4162	hyperglycemia
endocrinology_type 2 diabetes_11.txt	disease	concept	4164	4176	hypoglycemia
endocrinology_type 2 diabetes_11.txt	disease	concept	4432	4456	type 2 diabetes mellitus
endocrinology_type 2 diabetes_11.txt	medication	concept	4503	4510	insulin
endocrinology_type 2 diabetes_11.txt	medication	concept	4512	4521	metformin
endocrinology_type 2 diabetes_11.txt	medication	concept	4527	4538	semaglutide
endocrinology_type 2 diabetes_12.txt	disease	concept	369	377	polyuria
endocrinology_type 2 diabetes_12.txt	symptom	concept	395	406	weight loss
endocrinology_type 2 diabetes_12.txt	disease	concept	530	544	hyperlipidemia
endocrinology_type 2 diabetes_12.txt	disease	concept	637	650	hyperglycemia
endocrinology_type 2 diabetes_12.txt	symptom	concept	676	683	fatigue
endocrinology_type 2 diabetes_12.txt	symptom	concept	695	701	thirst
endocrinology_type 2 diabetes_12.txt	symptom	concept	712	721	urination
endocrinology_type 2 diabetes_12.txt	symptom	concept	729	740	weight loss
endocrinology_type 2 diabetes_12.txt	disease	concept	817	825	diabetes
endocrinology_type 2 diabetes_12.txt	symptom	concept	960	974	blood pressure
endocrinology_type 2 diabetes_12.txt	symptom	concept	1082	1088	ulcers
endocrinology_type 2 diabetes_12.txt	symptom	concept	1092	1108	sensory deficits
endocrinology_type 2 diabetes_12.txt	disease	concept	1606	1621	type 2 diabetes
endocrinology_type 2 diabetes_12.txt	disease	concept	1824	1832	diabetes
endocrinology_type 2 diabetes_12.txt	disease	concept	1930	1943	hyperglycemia
endocrinology_type 2 diabetes_12.txt	medication	concept	2241	2250	Metformin
endocrinology_type 2 diabetes_12.txt	medication	concept	2354	2376	GLP-1 Receptor Agonist
endocrinology_type 2 diabetes_12.txt	medication	concept	2380	2391	Semaglutide
endocrinology_type 2 diabetes_12.txt	procedure	concept	2528	2545	weight management
endocrinology_type 2 diabetes_12.txt	disease	concept	2989	3013	Streptococcus pneumoniae
endocrinology_type 2 diabetes_12.txt	disease	concept	3015	3024	influenza
endocrinology_type 2 diabetes_12.txt	disease	concept	3026	3037	hepatitis B
endocrinology_type 2 diabetes_12.txt	disease	concept	3039	3048	varicella
endocrinology_type 2 diabetes_12.txt	disease	concept	3054	3064	SARS-CoV-2
endocrinology_type 2 diabetes_12.txt	disease	concept	3180	3187	obesity
endocrinology_type 2 diabetes_12.txt	disease	concept	3352	3360	diabetes
endocrinology_type 2 diabetes_12.txt	medication	concept	3388	3399	medications
endocrinology_type 2 diabetes_12.txt	procedure	concept	3574	3590	eye examinations
endocrinology_type 2 diabetes_12.txt	disease	concept	3667	3675	diabetes
endocrinology_type 2 diabetes_12.txt	disease	concept	3721	3736	type 2 diabetes
endocrinology_type 2 diabetes_12.txt	disease	concept	3999	4007	diabetes
endocrinology_type 2 diabetes_12.txt	disease	concept	4125	4148	secondary complications
endocrinology_type 2 diabetes_13.txt	symptom	concept	395	401	thirst
endocrinology_type 2 diabetes_13.txt	symptom	concept	439	450	weight loss
endocrinology_type 2 diabetes_13.txt	disease	concept	625	638	hyperglycemia
endocrinology_type 2 diabetes_13.txt	disease	concept	675	683	diabetes
endocrinology_type 2 diabetes_13.txt	disease	concept	1112	1123	Albuminuria
endocrinology_type 2 diabetes_13.txt	disease	concept	1309	1324	type 2 diabetes
endocrinology_type 2 diabetes_13.txt	disease	concept	1384	1404	diabetic nephropathy
endocrinology_type 2 diabetes_13.txt	medication	concept	1548	1559	Semaglutide
endocrinology_type 2 diabetes_13.txt	disease	concept	2494	2506	hypoglycemia
endocrinology_type 2 diabetes_13.txt	medication	concept	2550	2567	Influenza Vaccine
endocrinology_type 2 diabetes_13.txt	medication	concept	2614	2634	Pneumococcal Vaccine
endocrinology_type 2 diabetes_13.txt	procedure	concept	2695	2731	Outpatient Endocrinology Appointment
endocrinology_type 2 diabetes_13.txt	procedure	concept	2849	2872	Nephrology Consultation
endocrinology_type 2 diabetes_13.txt	disease	concept	2911	2922	albuminuria
endocrinology_type 2 diabetes_13.txt	symptom	concept	3164	3179	adverse effects
endocrinology_type 2 diabetes_13.txt	disease	concept	3631	3661	diabetes-related complications
endocrinology_type 2 diabetes_14.txt	symptom	concept	546	557	weight loss
endocrinology_type 2 diabetes_14.txt	disease	concept	652	669	diabetes mellitus
endocrinology_type 2 diabetes_14.txt	disease	concept	866	883	diabetes mellitus
endocrinology_type 2 diabetes_14.txt	procedure	concept	889	919	Oral Glucose Tolerance Testing
endocrinology_type 2 diabetes_14.txt	disease	concept	1124	1139	type 2 diabetes
endocrinology_type 2 diabetes_14.txt	procedure	concept	1241	1264	Funduscopic Examination
endocrinology_type 2 diabetes_14.txt	procedure	concept	1283	1299	Foot Examination
endocrinology_type 2 diabetes_14.txt	disease	concept	1333	1344	Albuminuria
endocrinology_type 2 diabetes_14.txt	medication	concept	1459	1468	Metformin
endocrinology_type 2 diabetes_14.txt	medication	concept	1581	1603	GLP-1 Receptor Agonist
endocrinology_type 2 diabetes_14.txt	medication	concept	1607	1618	Semaglutide
endocrinology_type 2 diabetes_14.txt	disease	concept	1832	1847	type 2 diabetes
endocrinology_type 2 diabetes_14.txt	procedure	concept	2217	2231	podiatric care
endocrinology_type 2 diabetes_14.txt	disease	concept	2279	2287	diabetes
endocrinology_type 2 diabetes_14.txt	procedure	concept	2715	2734	resistance training
endocrinology_type 2 diabetes_14.txt	medication	concept	2829	2836	insulin
endocrinology_type 2 diabetes_14.txt	disease	concept	2871	2879	hypoglyc
endocrinology_type 2 diabetes_14.txt	disease	concept	2879	2883	emia
endocrinology_type 2 diabetes_14.txt	procedure	concept	2925	2948	Endocrinology Follow-Up
endocrinology_type 2 diabetes_14.txt	disease	concept	3364	3388	Streptococcus pneumoniae
endocrinology_type 2 diabetes_14.txt	disease	concept	3390	3405	influenza virus
endocrinology_type 2 diabetes_14.txt	disease	concept	3411	3422	hepatitis B
endocrinology_type 2 diabetes_14.txt	disease	concept	3459	3468	varicella
endocrinology_type 2 diabetes_14.txt	disease	concept	3473	3483	SARS-CoV-2
endocrinology_type 2 diabetes_14.txt	medication	concept	3545	3554	Metformin
endocrinology_type 2 diabetes_14.txt	medication	concept	3577	3588	Semaglutide
endocrinology_type 2 diabetes_14.txt	disease	concept	3936	3948	hypoglycemia
endocrinology_type 2 diabetes_14.txt	disease	concept	3950	3971	diabetic ketoacidosis
endocrinology_type 2 diabetes_15.txt	disease	concept	340	348	polyuria
endocrinology_type 2 diabetes_15.txt	disease	concept	350	360	polydipsia
endocrinology_type 2 diabetes_15.txt	symptom	concept	378	389	weight loss
endocrinology_type 2 diabetes_15.txt	disease	concept	653	661	polyuria
endocrinology_type 2 diabetes_15.txt	symptom	concept	700	711	weight loss
endocrinology_type 2 diabetes_15.txt	symptom	concept	1147	1157	neuropathy
endocrinology_type 2 diabetes_15.txt	disease	concept	1604	1628	Type 2 Diabetes Mellitus
endocrinology_type 2 diabetes_15.txt	symptom	concept	1729	1741	hypertension
endocrinology_type 2 diabetes_15.txt	medication	concept	1782	1791	Metformin
endocrinology_type 2 diabetes_15.txt	medication	concept	1876	1898	GLP-1 receptor agonist
endocrinology_type 2 diabetes_15.txt	medication	concept	1900	1911	Semaglutide
endocrinology_type 2 diabetes_15.txt	medication	concept	2059	2069	Lisinopril
endocrinology_type 2 diabetes_15.txt	symptom	concept	2221	2240	comorbid conditions
endocrinology_type 2 diabetes_15.txt	procedure	concept	2345	2365	resistance exercises
endocrinology_type 2 diabetes_15.txt	medication	concept	2593	2600	insulin
endocrinology_type 2 diabetes_15.txt	disease	concept	2738	2762	Streptococcus pneumoniae
endocrinology_type 2 diabetes_15.txt	disease	concept	2764	2779	influenza virus
endocrinology_type 2 diabetes_15.txt	disease	concept	2781	2792	hepatitis B
endocrinology_type 2 diabetes_15.txt	disease	concept	2798	2808	SARS-CoV-2
endocrinology_type 2 diabetes_15.txt	medication	concept	2845	2854	Metformin
endocrinology_type 2 diabetes_15.txt	medication	concept	2886	2897	Semaglutide
endocrinology_type 2 diabetes_15.txt	medication	concept	3002	3012	Lisinopril
endocrinology_type 2 diabetes_15.txt	disease	concept	3041	3053	hypertension
endocrinology_type 2 diabetes_15.txt	medication	concept	3059	3071	Atorvastatin
endocrinology_type 2 diabetes_15.txt	disease	concept	3100	3112	dyslipidemia
endocrinology_type 2 diabetes_15.txt	disease	concept	3655	3667	hypoglycemia
endocrinology_type 2 diabetes_15.txt	disease	concept	3963	3978	type 2 diabetes
endocrinology_type 2 diabetes_15.txt	disease	concept	4026	4038	hypoglycemia
endocrinology_type 2 diabetes_15.txt	disease	concept	4043	4056	hyperglycemia
endocrinology_type 2 diabetes_16.txt	disease	concept	330	354	Type 2 Diabetes Mellitus
endocrinology_type 2 diabetes_16.txt	symptom	concept	566	574	polyuria
endocrinology_type 2 diabetes_16.txt	disease	concept	576	586	polydipsia
endocrinology_type 2 diabetes_16.txt	symptom	concept	604	615	weight loss
endocrinology_type 2 diabetes_16.txt	disease	concept	742	759	diabetes mellitus
endocrinology_type 2 diabetes_16.txt	disease	concept	946	970	type 2 diabetes mellitus
endocrinology_type 2 diabetes_16.txt	procedure	concept	1137	1153	foot examination
endocrinology_type 2 diabetes_16.txt	procedure	concept	1155	1178	funduscopic examination
endocrinology_type 2 diabetes_16.txt	disease	concept	1198	1209	albuminuria
endocrinology_type 2 diabetes_16.txt	disease	concept	1331	1345	croalbuminuria
endocrinology_type 2 diabetes_16.txt	medication	concept	1711	1720	metformin
endocrinology_type 2 diabetes_16.txt	symptom	concept	1810	1819	tolerance
endocrinology_type 2 diabetes_16.txt	medication	concept	1883	1905	GLP-1 receptor agonist
endocrinology_type 2 diabetes_16.txt	medication	concept	1920	1931	semaglutide
endocrinology_type 2 diabetes_16.txt	symptom	concept	2046	2057	weight loss
endocrinology_type 2 diabetes_16.txt	disease	concept	2293	2305	hypoglycemia
endocrinology_type 2 diabetes_16.txt	disease	concept	2310	2323	hyperglycemia
endocrinology_type 2 diabetes_16.txt	medication	concept	2546	2555	Metformin
endocrinology_type 2 diabetes_16.txt	medication	concept	2587	2598	Semaglutide
endocrinology_type 2 diabetes_16.txt	medication	concept	2894	2905	medications
endocrinology_type 2 diabetes_16.txt	procedure	concept	2998	3012	podiatric care
endocrinology_type 2 diabetes_16.txt	disease	concept	3037	3061	Streptococcus pneumoniae
endocrinology_type 2 diabetes_16.txt	disease	concept	3063	3078	influenza virus
endocrinology_type 2 diabetes_16.txt	disease	concept	3080	3091	hepatitis B
endocrinology_type 2 diabetes_16.txt	disease	concept	3093	3102	varicella
endocrinology_type 2 diabetes_16.txt	disease	concept	3108	3118	SARS-CoV-2
endocrinology_type 2 diabetes_16.txt	medication	concept	3175	3186	medications
endocrinology_type 2 diabetes_16.txt	disease	concept	3406	3418	hypoglycemia
endocrinology_type 2 diabetes_16.txt	disease	concept	3422	3435	hyperglycemia
endocrinology_type 2 diabetes_16.txt	disease	concept	3680	3704	type 2 diabetes mellitus
endocrinology_type 2 diabetes_17.txt	disease	concept	322	346	Type 2 Diabetes Mellitus
endocrinology_type 2 diabetes_17.txt	disease	concept	685	709	type 2 diabetes mellitus
endocrinology_type 2 diabetes_17.txt	disease	concept	868	890	diabetic complications
endocrinology_type 2 diabetes_17.txt	disease	concept	996	1012	microalbuminuria
endocrinology_type 2 diabetes_17.txt	medication	concept	1158	1167	Metformin
endocrinology_type 2 diabetes_17.txt	disease	concept	1364	1379	type 2 diabetes
endocrinology_type 2 diabetes_17.txt	disease	concept	1493	1501	diabetes
endocrinology_type 2 diabetes_17.txt	disease	concept	1747	1755	diabetes
endocrinology_type 2 diabetes_17.txt	disease	concept	1818	1826	diabetes
endocrinology_type 2 diabetes_17.txt	disease	concept	1850	1862	hypoglycemia
endocrinology_type 2 diabetes_17.txt	disease	concept	1867	1880	hyperglycemia
endocrinology_type 2 diabetes_17.txt	disease	concept	1896	1918	diabetic complications
endocrinology_type 2 diabetes_17.txt	disease	concept	2203	2218	influenza virus
endocrinology_type 2 diabetes_17.txt	disease	concept	2220	2231	hepatitis B
endocrinology_type 2 diabetes_17.txt	disease	concept	2233	2242	varicella
endocrinology_type 2 diabetes_17.txt	disease	concept	2248	2258	SARS-CoV-2
endocrinology_type 2 diabetes_17.txt	medication	concept	2583	2592	metformin
endocrinology_type 2 diabetes_17.txt	medication	concept	2676	2685	metformin
endocrinology_type 2 diabetes_17.txt	medication	concept	2932	2955	GLP-1 receptor agonists
endocrinology_type 2 diabetes_17.txt	medication	concept	2959	2975	SGLT2 inhibitors
endocrinology_type 2 diabetes_17.txt	symptom	concept	3028	3040	side effects
endocrinology_type 2 diabetes_17.txt	procedure	concept	3086	3095	foot care
endocrinology_type 2 diabetes_17.txt	symptom	concept	3129	3140	foot injury
endocrinology_type 2 diabetes_17.txt	medication	concept	3275	3284	Metformin
endocrinology_type 2 diabetes_18.txt	disease	concept	253	277	Type 2 Diabetes Mellitus
endocrinology_type 2 diabetes_18.txt	symptom	concept	520	534	blurred vision
endocrinology_type 2 diabetes_18.txt	symptom	concept	539	546	fatigue
endocrinology_type 2 diabetes_18.txt	symptom	concept	605	617	hypertension
endocrinology_type 2 diabetes_18.txt	disease	concept	663	678	type 2 diabetes
endocrinology_type 2 diabetes_18.txt	disease	concept	1019	1034	type 2 diabetes
endocrinology_type 2 diabetes_18.txt	medication	concept	1395	1404	Metformin
endocrinology_type 2 diabetes_18.txt	disease	concept	1471	1486	type 2 diabetes
endocrinology_type 2 diabetes_18.txt	medication	concept	1518	1540	GLP-1 receptor agonist
endocrinology_type 2 diabetes_18.txt	medication	concept	1542	1553	semaglutide
endocrinology_type 2 diabetes_18.txt	disease	concept	2355	2367	hypoglycemia
endocrinology_type 2 diabetes_18.txt	medication	concept	2448	2457	Metformin
endocrinology_type 2 diabetes_18.txt	medication	concept	2503	2514	Semaglutide
endocrinology_type 2 diabetes_18.txt	medication	concept	2848	2859	semaglutide
endocrinology_type 2 diabetes_18.txt	medication	concept	2884	2893	Metformin
endocrinology_type 2 diabetes_18.txt	procedure	concept	3076	3083	fasting
endocrinology_type 2 diabetes_18.txt	procedure	concept	3088	3109	postprandial readings
endocrinology_type 2 diabetes_18.txt	disease	concept	3232	3240	diabetes
endocrinology_type 2 diabetes_18.txt	procedure	concept	3327	3344	physical activity
endocrinology_type 2 diabetes_18.txt	procedure	concept	3350	3359	foot care
endocrinology_type 2 diabetes_18.txt	medication	concept	3395	3402	insulin
endocrinology_type 2 diabetes_18.txt	medication	concept	3484	3491	insulin
endocrinology_type 2 diabetes_18.txt	disease	concept	3587	3596	influenza
endocrinology_type 2 diabetes_18.txt	disease	concept	3598	3610	pneumococcal
endocrinology_type 2 diabetes_18.txt	disease	concept	3616	3627	hepatitis B
endocrinology_type 2 diabetes_18.txt	disease	concept	3662	3670	diabetes
endocrinology_type 2 diabetes_18.txt	medication	concept	3703	3719	COVID-19 vaccine
endocrinology_type 2 diabetes_18.txt	disease	concept	3783	3807	type 2 diabetes mellitus
endocrinology_type 2 diabetes_18.txt	medication	concept	3887	3896	Metformin
endocrinology_type 2 diabetes_18.txt	medication	concept	3901	3912	semaglutide
endocrinology_type 2 diabetes_18.txt	disease	concept	4105	4113	diabetes
endocrinology_type 2 diabetes_19.txt	disease	concept	235	259	Type 2 Diabetes Mellitus
endocrinology_type 2 diabetes_19.txt	disease	concept	664	688	type 2 diabetes mellitus
endocrinology_type 2 diabetes_19.txt	symptom	concept	760	767	obesity
endocrinology_type 2 diabetes_19.txt	procedure	concept	861	882	dietary modifications
endocrinology_type 2 diabetes_19.txt	procedure	concept	887	903	exercise regimen
endocrinology_type 2 diabetes_19.txt	procedure	concept	967	997	oral glucose tolerance testing
endocrinology_type 2 diabetes_19.txt	medication	concept	1112	1121	Metformin
endocrinology_type 2 diabetes_19.txt	medication	concept	1248	1259	Semaglutide
endocrinology_type 2 diabetes_19.txt	medication	concept	1407	1417	Lisinopril
endocrinology_type 2 diabetes_19.txt	disease	concept	1882	1897	type 2 diabetes
endocrinology_type 2 diabetes_19.txt	disease	concept	2146	2158	hypoglycemia
endocrinology_type 2 diabetes_19.txt	disease	concept	2229	2238	influenza
endocrinology_type 2 diabetes_19.txt	medication	concept	2243	2264	pneumococcal vaccines
endocrinology_type 2 diabetes_19.txt	disease	concept	2698	2706	diabetes
endocrinology_type 2 diabetes_19.txt	disease	concept	2785	2807	diabetic complications
endocrinology_type 2 diabetes_19.txt	procedure	concept	2872	2885	urine testing
endocrinology_type 2 diabetes_19.txt	disease	concept	2890	2901	albuminuria
endocrinology_type 2 diabetes_19.txt	medication	concept	2984	2993	Metformin
endocrinology_type 2 diabetes_19.txt	medication	concept	3023	3034	Semaglutide
endocrinology_type 2 diabetes_19.txt	medication	concept	3158	3168	Lisinopril
endocrinology_type 2 diabetes_19.txt	disease	concept	3508	3516	diabetes
endocrinology_type 2 diabetes_19.txt	disease	concept	3642	3666	type 2 diabetes mellitus
endocrinology_type 2 diabetes_19.txt	procedure	concept	3741	3757	exercise regimen
endocrinology_type 2 diabetes_19.txt	disease	concept	3780	3788	diabetes
endocrinology_type 2 diabetes_19.txt	disease	concept	3807	3820	complications
endocrinology_type 2 diabetes_2.txt	disease	concept	291	315	Type 2 Diabetes Mellitus
endocrinology_type 2 diabetes_2.txt	symptom	concept	345	357	Hypertension
endocrinology_type 2 diabetes_2.txt	disease	concept	475	483	polyuria
endocrinology_type 2 diabetes_2.txt	disease	concept	485	495	polydipsia
endocrinology_type 2 diabetes_2.txt	symptom	concept	513	524	weight loss
endocrinology_type 2 diabetes_2.txt	symptom	concept	730	737	obesity
endocrinology_type 2 diabetes_2.txt	disease	concept	1039	1054	type 2 diabetes
endocrinology_type 2 diabetes_2.txt	medication	concept	1126	1135	Metformin
endocrinology_type 2 diabetes_2.txt	medication	concept	1277	1292	SGLT2 Inhibitor
endocrinology_type 2 diabetes_2.txt	medication	concept	1295	1308	Dapagliflozin
endocrinology_type 2 diabetes_2.txt	medication	concept	1438	1448	Lisinopril
endocrinology_type 2 diabetes_2.txt	disease	concept	1473	1485	hypertension
endocrinology_type 2 diabetes_2.txt	disease	concept	1874	1886	hypoglycemia
endocrinology_type 2 diabetes_2.txt	disease	concept	1981	1996	type 2 diabetes
endocrinology_type 2 diabetes_2.txt	disease	concept	2664	2672	diabetes
endocrinology_type 2 diabetes_2.txt	disease	concept	2762	2786	Streptococcus pneumoniae
endocrinology_type 2 diabetes_2.txt	disease	concept	2788	2797	influenza
endocrinology_type 2 diabetes_2.txt	disease	concept	2799	2810	hepatitis B
endocrinology_type 2 diabetes_2.txt	disease	concept	2816	2826	SARS-CoV-2
endocrinology_type 2 diabetes_2.txt	disease	concept	2951	2966	type 2 diabetes
endocrinology_type 2 diabetes_2.txt	medication	concept	3039	3048	metformin
endocrinology_type 2 diabetes_2.txt	medication	concept	3050	3063	dapagliflozin
endocrinology_type 2 diabetes_2.txt	medication	concept	3069	3079	lisinopril
endocrinology_type 2 diabetes_2.txt	disease	concept	3084	3092	diabetes
endocrinology_type 2 diabetes_2.txt	disease	concept	3097	3109	hypertension
endocrinology_type 2 diabetes_2.txt	procedure	concept	3166	3174	exercise
endocrinology_type 2 diabetes_2.txt	procedure	concept	3345	3359	treatment plan
endocrinology_type 2 diabetes_2.txt	disease	concept	3472	3480	diabetes
endocrinology_type 2 diabetes_2.txt	medication	concept	3563	3572	Metformin
endocrinology_type 2 diabetes_2.txt	medication	concept	3597	3610	Dapagliflozin
endocrinology_type 2 diabetes_2.txt	medication	concept	3632	3642	Lisinopril
endocrinology_type 2 diabetes_20.txt	disease	concept	366	390	Type 2 Diabetes Mellitus
endocrinology_type 2 diabetes_20.txt	disease	concept	414	426	Hypertension
endocrinology_type 2 diabetes_20.txt	disease	concept	428	440	Dyslipidemia
endocrinology_type 2 diabetes_20.txt	symptom	concept	628	639	weight loss
endocrinology_type 2 diabetes_20.txt	disease	concept	833	857	type 2 diabetes mellitus
endocrinology_type 2 diabetes_20.txt	procedure	concept	1173	1188	dietary changes
endocrinology_type 2 diabetes_20.txt	medication	concept	1265	1274	Metformin
endocrinology_type 2 diabetes_20.txt	medication	concept	1438	1449	Semaglutide
endocrinology_type 2 diabetes_20.txt	medication	concept	1451	1473	GLP-1 receptor agonist
endocrinology_type 2 diabetes_20.txt	symptom	concept	1623	1634	weight loss
endocrinology_type 2 diabetes_20.txt	medication	concept	1641	1651	Lisinopril
endocrinology_type 2 diabetes_20.txt	symptom	concept	1705	1719	blood pressure
endocrinology_type 2 diabetes_20.txt	medication	concept	1726	1738	Atorvastatin
endocrinology_type 2 diabetes_20.txt	disease	concept	1744	1756	dyslipidemia
endocrinology_type 2 diabetes_20.txt	disease	concept	1908	1923	type 2 diabetes
endocrinology_type 2 diabetes_20.txt	disease	concept	2014	2026	hypoglycemia
endocrinology_type 2 diabetes_20.txt	disease	concept	2031	2044	hyperglycemia
endocrinology_type 2 diabetes_20.txt	disease	concept	2095	2103	diabetes
endocrinology_type 2 diabetes_20.txt	procedure	concept	2282	2298	aerobic exercise
endocrinology_type 2 diabetes_20.txt	medication	concept	2403	2414	Semaglutide
endocrinology_type 2 diabetes_20.txt	procedure	concept	2793	2815	Dietitian Consultation
endocrinology_type 2 diabetes_20.txt	disease	concept	2904	2912	Diabetes
endocrinology_type 2 diabetes_20.txt	disease	concept	3103	3111	diabetes
endocrinology_type 2 diabetes_20.txt	disease	concept	3226	3241	influenza virus
endocrinology_type 2 diabetes_20.txt	disease	concept	3256	3265	varicella
endocrinology_type 2 diabetes_20.txt	disease	concept	3271	3281	SARS-CoV-2
endocrinology_type 2 diabetes_20.txt	disease	concept	3322	3330	diabetes
endocrinology_type 2 diabetes_20.txt	disease	concept	3712	3724	hypoglycemia
endocrinology_type 2 diabetes_21.txt	disease	concept	269	293	Type 2 Diabetes Mellitus
endocrinology_type 2 diabetes_21.txt	disease	concept	317	329	Hypertension
endocrinology_type 2 diabetes_21.txt	disease	concept	331	343	Dyslipidemia
endocrinology_type 2 diabetes_21.txt	disease	concept	483	491	polyuria
endocrinology_type 2 diabetes_21.txt	symptom	concept	521	532	weight loss
endocrinology_type 2 diabetes_21.txt	disease	concept	665	677	hypertension
endocrinology_type 2 diabetes_21.txt	medication	concept	694	704	lisinopril
endocrinology_type 2 diabetes_21.txt	disease	concept	721	733	dyslipidemia
endocrinology_type 2 diabetes_21.txt	medication	concept	747	759	atorvastatin
endocrinology_type 2 diabetes_21.txt	disease	concept	817	841	type 2 diabetes mellitus
endocrinology_type 2 diabetes_21.txt	disease	concept	1073	1097	type 2 diabetes mellitus
endocrinology_type 2 diabetes_21.txt	disease	concept	1307	1318	albuminuria
endocrinology_type 2 diabetes_21.txt	disease	concept	1381	1397	microalbuminuria
endocrinology_type 2 diabetes_21.txt	medication	concept	1474	1483	metformin
endocrinology_type 2 diabetes_21.txt	medication	concept	1696	1718	GLP-1 receptor agonist
endocrinology_type 2 diabetes_21.txt	medication	concept	1720	1731	semaglutide
endocrinology_type 2 diabetes_21.txt	disease	concept	2124	2136	hypoglycemia
endocrinology_type 2 diabetes_21.txt	disease	concept	2138	2151	hyperglycemia
endocrinology_type 2 diabetes_21.txt	procedure	concept	2281	2297	foot examination
endocrinology_type 2 diabetes_21.txt	procedure	concept	2374	2397	funduscopic examination
endocrinology_type 2 diabetes_21.txt	procedure	concept	2540	2563	annual eye examinations
endocrinology_type 2 diabetes_21.txt	medication	concept	2600	2609	Metformin
endocrinology_type 2 diabetes_21.txt	medication	concept	2641	2652	Semaglutide
endocrinology_type 2 diabetes_21.txt	medication	concept	2689	2699	Lisinopril
endocrinology_type 2 diabetes_21.txt	disease	concept	2728	2740	hypertension
endocrinology_type 2 diabetes_21.txt	medication	concept	2745	2757	Atorvastatin
endocrinology_type 2 diabetes_21.txt	medication	concept	2957	2968	medications
endocrinology_type 2 diabetes_21.txt	disease	concept	3217	3225	diabetes
endocrinology_type 2 diabetes_21.txt	disease	concept	3348	3360	hypoglycemia
endocrinology_type 2 diabetes_21.txt	disease	concept	3365	3378	hyperglycemia
endocrinology_type 2 diabetes_21.txt	disease	concept	3644	3653	influenza
endocrinology_type 2 diabetes_21.txt	disease	concept	3655	3677	pneumococcal pneumonia
endocrinology_type 2 diabetes_21.txt	disease	concept	3683	3694	hepatitis B
endocrinology_type 2 diabetes_21.txt	disease	concept	3754	3762	diabetes
endocrinology_type 2 diabetes_21.txt	disease	concept	4269	4281	hypoglycemia
endocrinology_type 2 diabetes_21.txt	disease	concept	4285	4298	hyperglycemia
endocrinology_type 2 diabetes_21.txt	procedure	concept	4592	4607	pharmacotherapy
endocrinology_type 2 diabetes_21.txt	procedure	concept	4609	4632	lifestyle modifications
endocrinology_type 2 diabetes_21.txt	procedure	concept	4762	4770	exercise
endocrinology_type 2 diabetes_21.txt	disease	concept	4973	4995	diabetic complications
endocrinology_type 2 diabetes_21.txt	disease	concept	5043	5067	type 2 diabetes mellitus
endocrinology_type 2 diabetes_22.txt	disease	concept	292	316	Type 2 Diabetes Mellitus
endocrinology_type 2 diabetes_22.txt	disease	concept	334	346	Hypertension
endocrinology_type 2 diabetes_22.txt	disease	concept	348	360	Dyslipidemia
endocrinology_type 2 diabetes_22.txt	disease	concept	733	757	type 2 diabetes mellitus
endocrinology_type 2 diabetes_22.txt	disease	concept	880	888	diabetes
endocrinology_type 2 diabetes_22.txt	disease	concept	1104	1112	diabetes
endocrinology_type 2 diabetes_22.txt	disease	concept	1156	1168	hypoglycemia
endocrinology_type 2 diabetes_22.txt	disease	concept	1173	1186	hyperglycemia
endocrinology_type 2 diabetes_22.txt	disease	concept	1596	1612	microalbuminuria
endocrinology_type 2 diabetes_22.txt	symptom	concept	1665	1677	dyslipidemia
endocrinology_type 2 diabetes_22.txt	disease	concept	1703	1718	type 2 diabetes
endocrinology_type 2 diabetes_22.txt	medication	concept	1769	1778	Metformin
endocrinology_type 2 diabetes_22.txt	disease	concept	1898	1913	type 2 diabetes
endocrinology_type 2 diabetes_22.txt	medication	concept	1920	1931	Semaglutide
endocrinology_type 2 diabetes_22.txt	medication	concept	2094	2104	Lisinopril
endocrinology_type 2 diabetes_22.txt	disease	concept	2136	2148	hypertension
endocrinology_type 2 diabetes_22.txt	disease	concept	2193	2209	microalbuminuria
endocrinology_type 2 diabetes_22.txt	medication	concept	2216	2228	Atorvastatin
endocrinology_type 2 diabetes_22.txt	disease	concept	2263	2275	dyslipidemia
endocrinology_type 2 diabetes_22.txt	medication	concept	2331	2342	semaglutide
endocrinology_type 2 diabetes_22.txt	medication	concept	2527	2534	insulin
endocrinology_type 2 diabetes_22.txt	disease	concept	2605	2617	hypoglycemia
endocrinology_type 2 diabetes_22.txt	disease	concept	2952	2972	diabetic retinopathy
endocrinology_type 2 diabetes_22.txt	procedure	concept	2977	2990	ophthalmology
endocrinology_type 2 diabetes_22.txt	procedure	concept	3049	3072	Nephrology Consultation
endocrinology_type 2 diabetes_22.txt	disease	concept	3091	3107	microalbuminuria
endocrinology_type 2 diabetes_22.txt	procedure	concept	3163	3183	Dietary Consultation
endocrinology_type 2 diabetes_22.txt	procedure	concept	3360	3387	Physical Therapy Evaluation
endocrinology_type 2 diabetes_22.txt	disease	concept	3521	3533	hypoglycemia
endocrinology_type 2 diabetes_22.txt	disease	concept	3608	3617	influenza
endocrinology_type 2 diabetes_22.txt	disease	concept	3619	3631	pneumococcal
endocrinology_type 2 diabetes_22.txt	disease	concept	3633	3644	hepatitis B
endocrinology_type 2 diabetes_22.txt	disease	concept	3650	3660	SARS-CoV-2
endocrinology_type 2 diabetes_22.txt	procedure	concept	4176	4197	lifestyle adjustments
endocrinology_type 2 diabetes_22.txt	procedure	concept	4464	4473	discharge
endocrinology_type 2 diabetes_23.txt	disease	concept	347	371	Type 2 Diabetes Mellitus
endocrinology_type 2 diabetes_23.txt	disease	concept	494	502	polyuria
endocrinology_type 2 diabetes_23.txt	symptom	concept	532	543	weight loss
endocrinology_type 2 diabetes_23.txt	disease	concept	712	736	type 2 diabetes mellitus
endocrinology_type 2 diabetes_23.txt	symptom	concept	1010	1021	circulation
endocrinology_type 2 diabetes_23.txt	disease	concept	1072	1092	diabetic retinopathy
endocrinology_type 2 diabetes_23.txt	medication	concept	1312	1321	Metformin
endocrinology_type 2 diabetes_23.txt	medication	concept	1463	1474	Semaglutide
endocrinology_type 2 diabetes_23.txt	symptom	concept	1550	1561	weight loss
endocrinology_type 2 diabetes_23.txt	medication	concept	1731	1743	Atorvastatin
endocrinology_type 2 diabetes_23.txt	disease	concept	1882	1897	type 2 diabetes
endocrinology_type 2 diabetes_23.txt	disease	concept	1931	1944	hyperglycemia
endocrinology_type 2 diabetes_23.txt	disease	concept	1960	1982	diabetic complications
endocrinology_type 2 diabetes_23.txt	disease	concept	2448	2460	hypoglycemia
endocrinology_type 2 diabetes_23.txt	disease	concept	2952	2976	Streptococcus pneumoniae
endocrinology_type 2 diabetes_23.txt	disease	concept	2995	3006	hepatitis B
endocrinology_type 2 diabetes_23.txt	disease	concept	3008	3017	varicella
endocrinology_type 2 diabetes_23.txt	disease	concept	3023	3033	SARS-CoV-2
endocrinology_type 2 diabetes_24.txt	disease	concept	302	310	polyuria
endocrinology_type 2 diabetes_24.txt	disease	concept	312	322	polydipsia
endocrinology_type 2 diabetes_24.txt	disease	concept	463	475	hypertension
endocrinology_type 2 diabetes_24.txt	symptom	concept	586	595	urination
endocrinology_type 2 diabetes_24.txt	symptom	concept	605	611	thirst
endocrinology_type 2 diabetes_24.txt	disease	concept	682	690	diabetes
endocrinology_type 2 diabetes_24.txt	procedure	concept	1401	1417	foot examination
endocrinology_type 2 diabetes_24.txt	symptom	concept	1435	1447	sensory loss
endocrinology_type 2 diabetes_24.txt	symptom	concept	1451	1473	circulatory impairment
endocrinology_type 2 diabetes_24.txt	symptom	concept	1481	1497	dilated fundusco
endocrinology_type 2 diabetes_24.txt	disease	concept	1724	1739	type 2 diabetes
endocrinology_type 2 diabetes_24.txt	medication	concept	1825	1834	Metformin
endocrinology_type 2 diabetes_24.txt	medication	concept	1947	1969	GLP-1 receptor agonist
endocrinology_type 2 diabetes_24.txt	medication	concept	1984	1995	semaglutide
endocrinology_type 2 diabetes_24.txt	procedure	concept	2368	2387	resistance training
endocrinology_type 2 diabetes_24.txt	disease	concept	2530	2542	hypoglycemia
endocrinology_type 2 diabetes_24.txt	medication	concept	2577	2586	Metformin
endocrinology_type 2 diabetes_24.txt	medication	concept	2617	2628	Semaglutide
endocrinology_type 2 diabetes_24.txt	medication	concept	2731	2741	Lisinopril
endocrinology_type 2 diabetes_24.txt	medication	concept	2787	2799	Atorvastatin
endocrinology_type 2 diabetes_24.txt	disease	concept	2919	2934	type 2 diabetes
endocrinology_type 2 diabetes_24.txt	symptom	concept	2970	2979	hypo/hype
endocrinology_type 2 diabetes_24.txt	disease	concept	2980	2988	glycemia
endocrinology_type 2 diabetes_24.txt	medication	concept	3079	3090	semaglutide
endocrinology_type 2 diabetes_24.txt	disease	concept	3286	3310	Streptococcus pneumoniae
endocrinology_type 2 diabetes_24.txt	disease	concept	3312	3327	influenza virus
endocrinology_type 2 diabetes_24.txt	disease	concept	3329	3340	hepatitis B
endocrinology_type 2 diabetes_24.txt	disease	concept	3342	3351	varicella
endocrinology_type 2 diabetes_24.txt	disease	concept	3357	3367	SARS-CoV-2
endocrinology_type 2 diabetes_24.txt	medication	concept	3539	3550	medications
endocrinology_type 2 diabetes_24.txt	disease	concept	4055	4073	hypo/hyperglycemia
endocrinology_type 2 diabetes_24.txt	disease	concept	4410	4425	type 2 diabetes
endocrinology_type 2 diabetes_25.txt	symptom	concept	404	410	thirst
endocrinology_type 2 diabetes_25.txt	disease	concept	555	572	diabetes mellitus
endocrinology_type 2 diabetes_25.txt	disease	concept	957	981	type 2 diabetes mellitus
endocrinology_type 2 diabetes_25.txt	medication	concept	1171	1180	Metformin
endocrinology_type 2 diabetes_25.txt	symptom	concept	1357	1364	obesity
endocrinology_type 2 diabetes_25.txt	medication	concept	1366	1377	semaglutide
endocrinology_type 2 diabetes_25.txt	disease	concept	1720	1727	obesity
endocrinology_type 2 diabetes_25.txt	disease	concept	1739	1747	diabetes
endocrinology_type 2 diabetes_25.txt	medication	concept	1987	1994	insulin
endocrinology_type 2 diabetes_25.txt	disease	concept	2125	2133	diabetes
endocrinology_type 2 diabetes_25.txt	disease	concept	2239	2247	diabetes
endocrinology_type 2 diabetes_25.txt	medication	concept	2279	2286	insulin
endocrinology_type 2 diabetes_25.txt	procedure	concept	2452	2468	foot examination
endocrinology_type 2 diabetes_25.txt	procedure	concept	2535	2558	Funduscopic examination
endocrinology_type 2 diabetes_25.txt	procedure	concept	2592	2605	Urine testing
endocrinology_type 2 diabetes_25.txt	disease	concept	2610	2621	albuminuria
endocrinology_type 2 diabetes_25.txt	medication	concept	2789	2798	Metformin
endocrinology_type 2 diabetes_25.txt	medication	concept	2947	2958	semaglutide
endocrinology_type 2 diabetes_25.txt	disease	concept	3740	3755	influenza virus
endocrinology_type 2 diabetes_25.txt	disease	concept	3757	3768	hepatitis B
endocrinology_type 2 diabetes_25.txt	disease	concept	3770	3779	varicella
endocrinology_type 2 diabetes_25.txt	disease	concept	3785	3795	SARS-CoV-2
endocrinology_type 2 diabetes_25.txt	disease	concept	3983	3998	type 2 diabetes
endocrinology_type 2 diabetes_25.txt	disease	concept	4066	4081	type 2 diabetes
endocrinology_type 2 diabetes_26.txt	disease	concept	324	348	Type 2 Diabetes Mellitus
endocrinology_type 2 diabetes_26.txt	symptom	concept	557	563	thirst
endocrinology_type 2 diabetes_26.txt	symptom	concept	574	583	urination
endocrinology_type 2 diabetes_26.txt	symptom	concept	597	608	weight loss
endocrinology_type 2 diabetes_26.txt	symptom	concept	614	628	blurred vision
endocrinology_type 2 diabetes_26.txt	disease	concept	689	701	hypertension
endocrinology_type 2 diabetes_26.txt	medication	concept	754	764	medication
endocrinology_type 2 diabetes_26.txt	disease	concept	802	817	type 2 diabetes
endocrinology_type 2 diabetes_26.txt	disease	concept	1480	1497	diabetes mellitus
endocrinology_type 2 diabetes_26.txt	medication	concept	1534	1543	Metformin
endocrinology_type 2 diabetes_26.txt	medication	concept	1703	1713	Lisinopril
endocrinology_type 2 diabetes_26.txt	disease	concept	1733	1745	hypertension
endocrinology_type 2 diabetes_26.txt	medication	concept	1785	1796	Simvastatin
endocrinology_type 2 diabetes_26.txt	disease	concept	1821	1833	dyslipidemia
endocrinology_type 2 diabetes_26.txt	medication	concept	1839	1850	Semaglutide
endocrinology_type 2 diabetes_26.txt	procedure	concept	2109	2130	medical stabilization
endocrinology_type 2 diabetes_26.txt	disease	concept	2313	2321	diabetes
endocrinology_type 2 diabetes_26.txt	disease	concept	2838	2862	Streptococcus pneumoniae
endocrinology_type 2 diabetes_26.txt	disease	concept	2864	2879	influenza virus
endocrinology_type 2 diabetes_26.txt	disease	concept	2881	2892	hepatitis B
endocrinology_type 2 diabetes_26.txt	disease	concept	2898	2908	SARS-CoV-2
endocrinology_type 2 diabetes_26.txt	medication	concept	3014	3025	medications
endocrinology_type 2 diabetes_26.txt	procedure	concept	3440	3460	resistance exercises
endocrinology_type 2 diabetes_26.txt	disease	concept	3495	3503	diabetes
endocrinology_type 2 diabetes_26.txt	disease	concept	3546	3554	diabetes
endocrinology_type 2 diabetes_26.txt	symptom	concept	3861	3870	shakiness
endocrinology_type 2 diabetes_26.txt	symptom	concept	3872	3880	sweating
endocrinology_type 2 diabetes_26.txt	symptom	concept	3882	3891	confusion
endocrinology_type 2 diabetes_26.txt	symptom	concept	3921	3927	thirst
endocrinology_type 2 diabetes_26.txt	symptom	concept	3938	3947	urination
endocrinology_type 2 diabetes_26.txt	procedure	concept	4085	4107	Dietetics Consultation
endocrinology_type 2 diabetes_26.txt	disease	concept	4271	4286	type 2 diabetes
endocrinology_type 2 diabetes_26.txt	medication	concept	4494	4505	medications
endocrinology_type 2 diabetes_26.txt	procedure	concept	4544	4560	follow-up visits
endocrinology_type 2 diabetes_26.txt	symptom	concept	4587	4600	complications
endocrinology_type 2 diabetes_26.txt	disease	concept	4616	4631	type 2 diabetes
endocrinology_type 2 diabetes_27.txt	symptom	concept	301	307	thirst
endocrinology_type 2 diabetes_27.txt	symptom	concept	318	327	urination
endocrinology_type 2 diabetes_27.txt	disease	concept	447	459	hypertension
endocrinology_type 2 diabetes_27.txt	disease	concept	511	526	type 2 diabetes
endocrinology_type 2 diabetes_27.txt	procedure	concept	1094	1110	foot examination
endocrinology_type 2 diabetes_27.txt	symptom	concept	1125	1137	sensory loss
endocrinology_type 2 diabetes_27.txt	procedure	concept	1146	1169	funduscopic examination
endocrinology_type 2 diabetes_27.txt	symptom	concept	1235	1246	albuminuria
endocrinology_type 2 diabetes_27.txt	disease	concept	1425	1449	type 2 diabetes mellitus
endocrinology_type 2 diabetes_27.txt	medication	concept	1515	1524	Metformin
endocrinology_type 2 diabetes_27.txt	medication	concept	1625	1636	Simvastatin
endocrinology_type 2 diabetes_27.txt	medication	concept	1701	1724	GLP-1 Receptor Agonists
endocrinology_type 2 diabetes_27.txt	medication	concept	1729	1745	SGLT2 Inhibitors
endocrinology_type 2 diabetes_27.txt	disease	concept	1965	1973	diabetes
endocrinology_type 2 diabetes_27.txt	disease	concept	2052	2074	diabetic complications
endocrinology_type 2 diabetes_27.txt	medication	concept	2415	2422	insulin
endocrinology_type 2 diabetes_27.txt	disease	concept	2471	2483	hypoglycemia
endocrinology_type 2 diabetes_27.txt	disease	concept	2513	2522	influenza
endocrinology_type 2 diabetes_27.txt	disease	concept	2524	2536	pneumococcal
endocrinology_type 2 diabetes_27.txt	medication	concept	2968	2978	medication
endocrinology_type 2 diabetes_27.txt	medication	concept	3033	3056	GLP-1 receptor agonists
endocrinology_type 2 diabetes_27.txt	medication	concept	3060	3076	SGLT2 inhibitors
endocrinology_type 2 diabetes_27.txt	medication	concept	3542	3551	metformin
endocrinology_type 2 diabetes_27.txt	disease	concept	3665	3680	type 2 diabetes
endocrinology_type 2 diabetes_27.txt	disease	concept	3906	3918	hypoglycemia
endocrinology_type 2 diabetes_27.txt	disease	concept	3922	3935	hyperglycemia
endocrinology_type 2 diabetes_28.txt	disease	concept	241	265	Type 2 Diabetes Mellitus
endocrinology_type 2 diabetes_28.txt	disease	concept	461	468	obesity
endocrinology_type 2 diabetes_28.txt	symptom	concept	552	558	thirst
endocrinology_type 2 diabetes_28.txt	disease	concept	676	684	diabetes
endocrinology_type 2 diabetes_28.txt	disease	concept	1139	1163	type 2 diabetes mellitus
endocrinology_type 2 diabetes_28.txt	medication	concept	1791	1800	Metformin
endocrinology_type 2 diabetes_28.txt	medication	concept	1993	2015	GLP-1 receptor agonist
endocrinology_type 2 diabetes_28.txt	medication	concept	2017	2028	Semaglutide
endocrinology_type 2 diabetes_28.txt	disease	concept	2219	2227	diabetes
endocrinology_type 2 diabetes_28.txt	disease	concept	2438	2450	hypoglycemia
endocrinology_type 2 diabetes_28.txt	medication	concept	2512	2521	Metformin
endocrinology_type 2 diabetes_28.txt	medication	concept	2545	2556	Semaglutide
endocrinology_type 2 diabetes_28.txt	medication	concept	2582	2593	Semaglutide
endocrinology_type 2 diabetes_28.txt	disease	concept	3399	3423	Streptococcus pneumoniae
endocrinology_type 2 diabetes_28.txt	disease	concept	3425	3440	influenza virus
endocrinology_type 2 diabetes_28.txt	disease	concept	3442	3453	hepatitis B
endocrinology_type 2 diabetes_28.txt	disease	concept	3455	3464	varicella
endocrinology_type 2 diabetes_28.txt	disease	concept	3675	3699	type 2 diabetes mellitus
endocrinology_type 2 diabetes_28.txt	medication	concept	3746	3755	Metformin
endocrinology_type 2 diabetes_28.txt	medication	concept	3760	3771	Semaglutide
endocrinology_type 2 diabetes_28.txt	disease	concept	4069	4077	diabetes
endocrinology_type 2 diabetes_29.txt	disease	concept	409	417	polyuria
endocrinology_type 2 diabetes_29.txt	symptom	concept	419	429	polydipsia
endocrinology_type 2 diabetes_29.txt	symptom	concept	447	458	weight loss
endocrinology_type 2 diabetes_29.txt	symptom	concept	514	526	hypertension
endocrinology_type 2 diabetes_29.txt	disease	concept	531	545	hyperlipidemia
endocrinology_type 2 diabetes_29.txt	disease	concept	601	609	diabetes
endocrinology_type 2 diabetes_29.txt	disease	concept	623	638	type 2 diabetes
endocrinology_type 2 diabetes_29.txt	disease	concept	703	718	type 2 diabetes
endocrinology_type 2 diabetes_29.txt	symptom	concept	1111	1122	albuminuria
endocrinology_type 2 diabetes_29.txt	symptom	concept	1233	1245	dyslipidemia
endocrinology_type 2 diabetes_29.txt	disease	concept	1308	1316	diabetes
endocrinology_type 2 diabetes_29.txt	disease	concept	1451	1459	diabetes
endocrinology_type 2 diabetes_29.txt	medication	concept	1604	1613	Metformin
endocrinology_type 2 diabetes_29.txt	medication	concept	1764	1775	Semaglutide
endocrinology_type 2 diabetes_29.txt	medication	concept	1944	1970	lipid-lowering medications
endocrinology_type 2 diabetes_29.txt	disease	concept	2531	2539	diabetes
endocrinology_type 2 diabetes_29.txt	disease	concept	2968	2987	comorbid conditions
endocrinology_type 2 diabetes_29.txt	disease	concept	3141	3165	Streptococcus pneumoniae
endocrinology_type 2 diabetes_29.txt	disease	concept	3167	3182	influenza virus
endocrinology_type 2 diabetes_29.txt	disease	concept	3184	3195	hepatitis B
endocrinology_type 2 diabetes_29.txt	disease	concept	3197	3206	varicella
endocrinology_type 2 diabetes_29.txt	disease	concept	3212	3222	SARS-CoV-2
endocrinology_type 2 diabetes_29.txt	procedure	concept	3301	3324	funduscopic examination
endocrinology_type 2 diabetes_29.txt	disease	concept	3454	3469	type 2 diabetes
endocrinology_type 2 diabetes_29.txt	medication	concept	3567	3576	Metformin
endocrinology_type 2 diabetes_29.txt	medication	concept	3605	3616	Semaglutide
endocrinology_type 2 diabetes_29.txt	medication	concept	3686	3696	Lisinopril
endocrinology_type 2 diabetes_29.txt	disease	concept	3725	3737	hypertension
endocrinology_type 2 diabetes_29.txt	medication	concept	3740	3752	Atorvastatin
endocrinology_type 2 diabetes_29.txt	disease	concept	4227	4231	emia
endocrinology_type 2 diabetes_29.txt	disease	concept	4426	4450	type 2 diabetes mellitus
endocrinology_type 2 diabetes_3.txt	disease	concept	283	291	polyuria
endocrinology_type 2 diabetes_3.txt	disease	concept	293	303	polydipsia
endocrinology_type 2 diabetes_3.txt	symptom	concept	321	332	weight loss
endocrinology_type 2 diabetes_3.txt	disease	concept	445	457	hypertension
endocrinology_type 2 diabetes_3.txt	symptom	concept	548	557	urination
endocrinology_type 2 diabetes_3.txt	symptom	concept	569	575	thirst
endocrinology_type 2 diabetes_3.txt	symptom	concept	595	606	weight loss
endocrinology_type 2 diabetes_3.txt	disease	concept	680	704	type 2 diabetes mellitus
endocrinology_type 2 diabetes_3.txt	disease	concept	1016	1040	type 2 diabetes mellitus
endocrinology_type 2 diabetes_3.txt	disease	concept	1169	1184	type 2 diabetes
endocrinology_type 2 diabetes_3.txt	medication	concept	1204	1213	Metformin
endocrinology_type 2 diabetes_3.txt	medication	concept	1412	1434	GLP-1 receptor agonist
endocrinology_type 2 diabetes_3.txt	medication	concept	1436	1447	Semaglutide
endocrinology_type 2 diabetes_3.txt	disease	concept	1628	1636	diabetes
endocrinology_type 2 diabetes_3.txt	disease	concept	1795	1817	diabetic complications
endocrinology_type 2 diabetes_3.txt	medication	concept	2045	2055	Lisinopril
endocrinology_type 2 diabetes_3.txt	medication	concept	2110	2122	Atorvastatin
endocrinology_type 2 diabetes_3.txt	symptom	concept	2212	2222	neuropathy
endocrinology_type 2 diabetes_3.txt	symptom	concept	2226	2248	circulatory impairment
endocrinology_type 2 diabetes_3.txt	disease	concept	2333	2357	Streptococcus pneumoniae
endocrinology_type 2 diabetes_3.txt	disease	concept	2359	2368	influenza
endocrinology_type 2 diabetes_3.txt	disease	concept	2370	2381	hepatitis B
endocrinology_type 2 diabetes_3.txt	disease	concept	2383	2392	varicella
endocrinology_type 2 diabetes_3.txt	disease	concept	2398	2408	SARS-CoV-2
endocrinology_type 2 diabetes_3.txt	disease	concept	2462	2470	diabetes
endocrinology_type 2 diabetes_3.txt	medication	concept	2502	2511	Metformin
endocrinology_type 2 diabetes_3.txt	medication	concept	2534	2545	Semaglutide
endocrinology_type 2 diabetes_3.txt	medication	concept	2606	2616	Lisinopril
endocrinology_type 2 diabetes_3.txt	medication	concept	2636	2642	Atorva
endocrinology_type 2 diabetes_3.txt	medication	concept	2642	2648	statin
endocrinology_type 2 diabetes_3.txt	disease	concept	3187	3202	type 2 diabetes
endocrinology_type 2 diabetes_3.txt	medication	concept	3290	3301	medications
endocrinology_type 2 diabetes_3.txt	medication	concept	3792	3803	medications
endocrinology_type 2 diabetes_30.txt	symptom	concept	427	435	polyuria
endocrinology_type 2 diabetes_30.txt	symptom	concept	437	447	polydipsia
endocrinology_type 2 diabetes_30.txt	symptom	concept	465	476	weight loss
endocrinology_type 2 diabetes_30.txt	disease	concept	651	675	type 2 diabetes mellitus
endocrinology_type 2 diabetes_30.txt	disease	concept	677	681	T2DM
endocrinology_type 2 diabetes_30.txt	procedure	concept	781	797	foot examination
endocrinology_type 2 diabetes_30.txt	procedure	concept	799	822	funduscopic examination
endocrinology_type 2 diabetes_30.txt	procedure	concept	824	837	urine testing
endocrinology_type 2 diabetes_30.txt	medication	concept	1122	1131	metformin
endocrinology_type 2 diabetes_30.txt	medication	concept	1312	1334	GLP-1 receptor agonist
endocrinology_type 2 diabetes_30.txt	medication	concept	1336	1347	semaglutide
endocrinology_type 2 diabetes_30.txt	procedure	concept	1799	1818	resistance training
endocrinology_type 2 diabetes_30.txt	disease	concept	1887	1895	diabetes
endocrinology_type 2 diabetes_30.txt	disease	concept	1927	1939	hypoglycemia
endocrinology_type 2 diabetes_30.txt	disease	concept	1944	1957	hyperglycemia
endocrinology_type 2 diabetes_30.txt	medication	concept	2063	2070	insulin
endocrinology_type 2 diabetes_30.txt	medication	concept	2227	2236	Metformin
endocrinology_type 2 diabetes_30.txt	medication	concept	2267	2278	Semaglutide
endocrinology_type 2 diabetes_30.txt	medication	concept	2353	2365	Atorvastatin
endocrinology_type 2 diabetes_30.txt	disease	concept	2394	2406	dyslipidemia
endocrinology_type 2 diabetes_30.txt	medication	concept	2594	2605	semaglutide
endocrinology_type 2 diabetes_30.txt	procedure	concept	2802	2814	vaccinations
endocrinology_type 2 diabetes_30.txt	disease	concept	2826	2850	Streptococcus pneumoniae
endocrinology_type 2 diabetes_30.txt	disease	concept	2852	2867	influenza virus
endocrinology_type 2 diabetes_30.txt	disease	concept	2869	2876	hepatit
endocrinology_type 2 diabetes_30.txt	disease	concept	2882	2891	varicella
endocrinology_type 2 diabetes_30.txt	disease	concept	2897	2907	SARS-CoV-2
endocrinology_type 2 diabetes_30.txt	disease	concept	2975	2987	hypoglycemia
endocrinology_type 2 diabetes_30.txt	disease	concept	2992	3005	hyperglycemia
endocrinology_type 2 diabetes_30.txt	disease	concept	3191	3206	type 2 diabetes
endocrinology_type 2 diabetes_31.txt	disease	concept	407	415	polyuria
endocrinology_type 2 diabetes_31.txt	symptom	concept	433	458	unintentional weight loss
endocrinology_type 2 diabetes_31.txt	disease	concept	518	535	diabetes mellitus
endocrinology_type 2 diabetes_31.txt	disease	concept	763	787	type 2 diabetes mellitus
endocrinology_type 2 diabetes_31.txt	disease	concept	932	948	microalbuminuria
endocrinology_type 2 diabetes_31.txt	medication	concept	1184	1193	Metformin
endocrinology_type 2 diabetes_31.txt	medication	concept	1335	1344	metformin
endocrinology_type 2 diabetes_31.txt	medication	concept	1429	1444	SGLT2 inhibitor
endocrinology_type 2 diabetes_31.txt	medication	concept	1446	1459	empagliflozin
endocrinology_type 2 diabetes_31.txt	disease	concept	1604	1619	type 2 diabetes
endocrinology_type 2 diabetes_31.txt	procedure	concept	1746	1754	exercise
endocrinology_type 2 diabetes_31.txt	disease	concept	1767	1775	diabetes
endocrinology_type 2 diabetes_31.txt	disease	concept	1973	1985	hypoglycemia
endocrinology_type 2 diabetes_31.txt	disease	concept	2280	2295	influenza virus
endocrinology_type 2 diabetes_31.txt	disease	concept	2310	2319	varicella
endocrinology_type 2 diabetes_31.txt	disease	concept	2325	2335	SARS-CoV-2
endocrinology_type 2 diabetes_31.txt	medication	concept	2394	2403	Metformin
endocrinology_type 2 diabetes_31.txt	medication	concept	2435	2448	Empagliflozin
endocrinology_type 2 diabetes_31.txt	disease	concept	2775	2783	diabetes
endocrinology_type 2 diabetes_31.txt	procedure	concept	3194	3209	podiatric exams
endocrinology_type 2 diabetes_31.txt	disease	concept	3245	3272	diabetic foot complications
endocrinology_type 2 diabetes_31.txt	disease	concept	3377	3401	type 2 diabetes mellitus
endocrinology_type 2 diabetes_31.txt	procedure	concept	3456	3477	medication initiation
endocrinology_type 2 diabetes_31.txt	disease	concept	3679	3696	diabetes mellitus
endocrinology_type 2 diabetes_32.txt	disease	concept	207	231	Type 2 Diabetes Mellitus
endocrinology_type 2 diabetes_32.txt	disease	concept	273	280	Obesity
endocrinology_type 2 diabetes_32.txt	disease	concept	503	513	polydipsia
endocrinology_type 2 diabetes_32.txt	symptom	concept	531	542	weight loss
endocrinology_type 2 diabetes_32.txt	disease	concept	581	589	diabetes
endocrinology_type 2 diabetes_32.txt	symptom	concept	652	659	fatigue
endocrinology_type 2 diabetes_32.txt	symptom	concept	664	678	blurred vision
endocrinology_type 2 diabetes_32.txt	disease	concept	935	959	type 2 diabetes mellitus
endocrinology_type 2 diabetes_32.txt	symptom	concept	1238	1260	circulatory impairment
endocrinology_type 2 diabetes_32.txt	medication	concept	1374	1383	Metformin
endocrinology_type 2 diabetes_32.txt	medication	concept	1486	1508	GLP-1 receptor agonist
endocrinology_type 2 diabetes_32.txt	medication	concept	1510	1521	Semaglutide
endocrinology_type 2 diabetes_32.txt	disease	concept	1941	1953	hypoglycemia
endocrinology_type 2 diabetes_32.txt	disease	concept	1958	1971	hyperglycemia
endocrinology_type 2 diabetes_32.txt	procedure	concept	2403	2411	exercise
endocrinology_type 2 diabetes_32.txt	medication	concept	2546	2555	Metformin
endocrinology_type 2 diabetes_32.txt	medication	concept	2600	2611	Semaglutide
endocrinology_type 2 diabetes_32.txt	disease	concept	3141	3163	diabetic complications
endocrinology_type 2 diabetes_32.txt	disease	concept	3175	3186	retinopathy
endocrinology_type 2 diabetes_32.txt	disease	concept	3188	3199	nephropathy
endocrinology_type 2 diabetes_32.txt	disease	concept	3205	3215	neuropathy
endocrinology_type 2 diabetes_32.txt	disease	concept	3319	3343	Streptococcus pneumoniae
endocrinology_type 2 diabetes_32.txt	disease	concept	3345	3360	influenza virus
endocrinology_type 2 diabetes_32.txt	disease	concept	3362	3373	hepatitis B
endocrinology_type 2 diabetes_32.txt	disease	concept	3375	3384	varicella
endocrinology_type 2 diabetes_32.txt	disease	concept	3390	3400	SARS-CoV-2
endocrinology_type 2 diabetes_32.txt	disease	concept	3541	3549	diabetes
endocrinology_type 2 diabetes_32.txt	disease	concept	3690	3698	diabetes
endocrinology_type 2 diabetes_33.txt	disease	concept	240	264	Type 2 Diabetes Mellitus
endocrinology_type 2 diabetes_33.txt	symptom	concept	474	480	thirst
endocrinology_type 2 diabetes_33.txt	symptom	concept	514	525	weight loss
endocrinology_type 2 diabetes_33.txt	symptom	concept	531	545	blurred vision
endocrinology_type 2 diabetes_33.txt	disease	concept	599	611	hypertension
endocrinology_type 2 diabetes_33.txt	disease	concept	679	694	type 2 diabetes
endocrinology_type 2 diabetes_33.txt	procedure	concept	1185	1208	Funduscopic Examination
endocrinology_type 2 diabetes_33.txt	procedure	concept	1310	1326	Foot Examination
endocrinology_type 2 diabetes_33.txt	disease	concept	1487	1504	diabetes mellitus
endocrinology_type 2 diabetes_33.txt	medication	concept	1576	1585	Metformin
endocrinology_type 2 diabetes_33.txt	medication	concept	1738	1749	Semaglutide
endocrinology_type 2 diabetes_33.txt	medication	concept	1905	1915	Lisinopril
endocrinology_type 2 diabetes_33.txt	disease	concept	1939	1951	hypertension
endocrinology_type 2 diabetes_33.txt	medication	concept	1991	2003	Atorvastatin
endocrinology_type 2 diabetes_33.txt	disease	concept	2027	2039	dyslipidemia
endocrinology_type 2 diabetes_33.txt	procedure	concept	2517	2531	podiatric care
endocrinology_type 2 diabetes_33.txt	disease	concept	2935	2944	influenza
endocrinology_type 2 diabetes_33.txt	disease	concept	2946	2958	pneumococcal
endocrinology_type 2 diabetes_33.txt	disease	concept	2964	2975	hepatitis B
endocrinology_type 2 diabetes_33.txt	medication	concept	3487	3496	Metformin
endocrinology_type 2 diabetes_33.txt	medication	concept	3521	3532	Semaglutide
endocrinology_type 2 diabetes_33.txt	medication	concept	3556	3566	Lisinopril
endocrinology_type 2 diabetes_33.txt	medication	concept	3588	3600	Atorvastatin
endocrinology_type 2 diabetes_33.txt	disease	concept	3675	3699	type 2 diabetes mellitus
endocrinology_type 2 diabetes_33.txt	medication	concept	3745	3754	metformin
endocrinology_type 2 diabetes_33.txt	medication	concept	3756	3767	semaglutide
endocrinology_type 2 diabetes_33.txt	disease	concept	4371	4384	hyperglycemia
endocrinology_type 2 diabetes_34.txt	symptom	concept	370	376	thirst
endocrinology_type 2 diabetes_34.txt	symptom	concept	387	396	urination
endocrinology_type 2 diabetes_34.txt	symptom	concept	414	425	weight loss
endocrinology_type 2 diabetes_34.txt	disease	concept	553	568	type 2 diabetes
endocrinology_type 2 diabetes_34.txt	disease	concept	672	689	diabetes mellitus
endocrinology_type 2 diabetes_34.txt	symptom	concept	724	731	fatigue
endocrinology_type 2 diabetes_34.txt	symptom	concept	733	747	blurred vision
endocrinology_type 2 diabetes_34.txt	disease	concept	814	826	Hypertension
endocrinology_type 2 diabetes_34.txt	disease	concept	859	873	Hyperlipidemia
endocrinology_type 2 diabetes_34.txt	disease	concept	898	906	diabetes
endocrinology_type 2 diabetes_34.txt	medication	concept	967	977	Lisinopril
endocrinology_type 2 diabetes_34.txt	medication	concept	994	1006	Atorvastatin
endocrinology_type 2 diabetes_34.txt	symptom	concept	1165	1179	blood pressure
endocrinology_type 2 diabetes_34.txt	disease	concept	1665	1689	type 2 diabetes mellitus
endocrinology_type 2 diabetes_34.txt	medication	concept	1744	1753	Metformin
endocrinology_type 2 diabetes_34.txt	disease	concept	1798	1811	hyperglycemia
endocrinology_type 2 diabetes_34.txt	medication	concept	2232	2254	GLP-1 receptor agonist
endocrinology_type 2 diabetes_34.txt	medication	concept	2256	2267	Semaglutide
endocrinology_type 2 diabetes_34.txt	medication	concept	2856	2865	Metformin
endocrinology_type 2 diabetes_34.txt	medication	concept	2896	2907	Semaglutide
endocrinology_type 2 diabetes_34.txt	medication	concept	2995	3005	Lisinopril
endocrinology_type 2 diabetes_34.txt	medication	concept	3022	3034	Atorvastatin
endocrinology_type 2 diabetes_34.txt	disease	concept	3470	3479	influenza
endocrinology_type 2 diabetes_34.txt	disease	concept	3481	3493	pneumococcal
endocrinology_type 2 diabetes_34.txt	disease	concept	3495	3506	hepatitis B
endocrinology_type 2 diabetes_34.txt	disease	concept	3512	3522	SARS-CoV-2
endocrinology_type 2 diabetes_34.txt	disease	concept	3695	3722	diabetic foot complications
endocrinology_type 2 diabetes_35.txt	disease	concept	249	273	Type 2 Diabetes Mellitus
endocrinology_type 2 diabetes_35.txt	symptom	concept	387	395	polyuria
endocrinology_type 2 diabetes_35.txt	disease	concept	626	650	type 2 diabetes mellitus
endocrinology_type 2 diabetes_35.txt	disease	concept	793	806	hyperglycemia
endocrinology_type 2 diabetes_35.txt	medication	concept	953	962	Metformin
endocrinology_type 2 diabetes_35.txt	procedure	concept	1303	1322	resistance training
endocrinology_type 2 diabetes_35.txt	disease	concept	1370	1382	hypoglycemia
endocrinology_type 2 diabetes_35.txt	disease	concept	1387	1400	hyperglycemia
endocrinology_type 2 diabetes_35.txt	procedure	concept	1522	1546	funduscopic examinations
endocrinology_type 2 diabetes_35.txt	disease	concept	1728	1748	diabetic nephropathy
endocrinology_type 2 diabetes_35.txt	disease	concept	2007	2022	type 2 diabetes
endocrinology_type 2 diabetes_35.txt	disease	concept	2065	2073	diabetes
endocrinology_type 2 diabetes_35.txt	medication	concept	2146	2153	insulin
endocrinology_type 2 diabetes_35.txt	medication	concept	2224	2231	insulin
endocrinology_type 2 diabetes_35.txt	disease	concept	2519	2543	Streptococcus pneumoniae
endocrinology_type 2 diabetes_35.txt	disease	concept	2545	2560	influenza virus
endocrinology_type 2 diabetes_35.txt	disease	concept	2575	2584	varicella
endocrinology_type 2 diabetes_35.txt	medication	concept	3033	3043	medication
endocrinology_type 2 diabetes_35.txt	procedure	concept	3055	3071	exercise regimen
endocrinology_type 2 diabetes_35.txt	medication	concept	3209	3218	Metformin
endocrinology_type 2 diabetes_35.txt	medication	concept	3248	3254	Statin
endocrinology_type 2 diabetes_35.txt	disease	concept	3525	3540	type 2 diabetes
endocrinology_type 2 diabetes_35.txt	symptom	concept	3640	3653	complications
endocrinology_type 2 diabetes_36.txt	disease	concept	332	340	polyuria
endocrinology_type 2 diabetes_36.txt	disease	concept	342	352	polydipsia
endocrinology_type 2 diabetes_36.txt	symptom	concept	370	381	weight loss
endocrinology_type 2 diabetes_36.txt	symptom	concept	486	492	thirst
endocrinology_type 2 diabetes_36.txt	symptom	concept	503	512	urination
endocrinology_type 2 diabetes_36.txt	symptom	concept	530	541	weight loss
endocrinology_type 2 diabetes_36.txt	disease	concept	675	687	Hypertension
endocrinology_type 2 diabetes_36.txt	medication	concept	730	740	lisinopril
endocrinology_type 2 diabetes_36.txt	disease	concept	756	770	Hyperlipidemia
endocrinology_type 2 diabetes_36.txt	medication	concept	779	790	simvastatin
endocrinology_type 2 diabetes_36.txt	disease	concept	831	839	diabetes
endocrinology_type 2 diabetes_36.txt	medication	concept	888	898	Lisinopril
endocrinology_type 2 diabetes_36.txt	disease	concept	915	927	hypertension
endocrinology_type 2 diabetes_36.txt	medication	concept	931	942	Simvastatin
endocrinology_type 2 diabetes_36.txt	disease	concept	959	973	hyperlipidemia
endocrinology_type 2 diabetes_36.txt	disease	concept	1430	1441	albuminuria
endocrinology_type 2 diabetes_36.txt	disease	concept	1551	1575	Type 2 diabetes mellitus
endocrinology_type 2 diabetes_36.txt	disease	concept	1849	1864	type 2 diabetes
endocrinology_type 2 diabetes_36.txt	medication	concept	1990	1999	Metformin
endocrinology_type 2 diabetes_36.txt	medication	concept	2309	2331	GLP-1 receptor agonist
endocrinology_type 2 diabetes_36.txt	medication	concept	2333	2344	Semaglutide
endocrinology_type 2 diabetes_36.txt	medication	concept	2743	2752	Metformin
endocrinology_type 2 diabetes_36.txt	medication	concept	2776	2787	Semaglutide
endocrinology_type 2 diabetes_36.txt	medication	concept	2825	2835	Lisinopril
endocrinology_type 2 diabetes_36.txt	medication	concept	2851	2862	Simvastatin
endocrinology_type 2 diabetes_36.txt	disease	concept	3279	3287	diabetes
endocrinology_type 2 diabetes_36.txt	disease	concept	3333	3341	diabetes
endocrinology_type 2 diabetes_36.txt	disease	concept	3469	3478	influenza
endocrinology_type 2 diabetes_36.txt	disease	concept	3480	3492	pneumococcal
endocrinology_type 2 diabetes_36.txt	disease	concept	3494	3505	hepatitis B
endocrinology_type 2 diabetes_36.txt	procedure	concept	3542	3556	podiatric care
endocrinology_type 2 diabetes_36.txt	procedure	concept	3561	3577	foot examination
endocrinology_type 2 diabetes_36.txt	disease	concept	3621	3629	diabetes
endocrinology_type 2 diabetes_36.txt	disease	concept	3848	3856	diabetes
endocrinology_type 2 diabetes_36.txt	procedure	concept	3921	3944	funduscopic examination
endocrinology_type 2 diabetes_36.txt	disease	concept	3973	3993	diabetic retinopathy
endocrinology_type 2 diabetes_36.txt	disease	concept	4073	4088	type 2 diabetes
endocrinology_type 2 diabetes_36.txt	procedure	concept	4188	4198	monitoring
endocrinology_type 2 diabetes_36.txt	procedure	concept	4274	4283	foot care
endocrinology_type 2 diabetes_37.txt	disease	concept	414	422	polyuria
endocrinology_type 2 diabetes_37.txt	symptom	concept	567	581	blood pressure
endocrinology_type 2 diabetes_37.txt	disease	concept	1064	1075	Albuminuria
endocrinology_type 2 diabetes_37.txt	disease	concept	1206	1221	type 2 diabetes
endocrinology_type 2 diabetes_37.txt	disease	concept	1276	1284	diabetes
endocrinology_type 2 diabetes_37.txt	disease	concept	1363	1383	diabetic nephropathy
endocrinology_type 2 diabetes_37.txt	medication	concept	1440	1449	Metformin
endocrinology_type 2 diabetes_37.txt	medication	concept	1600	1615	SGLT2 Inhibitor
endocrinology_type 2 diabetes_37.txt	medication	concept	1617	1630	Empagliflozin
endocrinology_type 2 diabetes_37.txt	medication	concept	1677	1687	Lisinopril
endocrinology_type 2 diabetes_37.txt	disease	concept	1712	1724	hypertension
endocrinology_type 2 diabetes_37.txt	disease	concept	1729	1745	nephroprotection
endocrinology_type 2 diabetes_37.txt	disease	concept	2135	2143	diabetes
endocrinology_type 2 diabetes_37.txt	disease	concept	2227	2240	hyperglycemia
endocrinology_type 2 diabetes_37.txt	medication	concept	2688	2697	metformin
endocrinology_type 2 diabetes_37.txt	medication	concept	2749	2762	Empagliflozin
endocrinology_type 2 diabetes_37.txt	disease	concept	2799	2823	urinary tract infections
endocrinology_type 2 diabetes_37.txt	medication	concept	2893	2903	lisinopril
endocrinology_type 2 diabetes_37.txt	medication	concept	3128	3137	Metformin
endocrinology_type 2 diabetes_37.txt	medication	concept	3216	3229	Empagliflozin
endocrinology_type 2 diabetes_37.txt	medication	concept	3254	3264	Lisinopril
endocrinology_type 2 diabetes_37.txt	disease	concept	3514	3526	hypoglycemia
endocrinology_type 2 diabetes_37.txt	disease	concept	3537	3561	urinary tract infections
endocrinology_type 2 diabetes_37.txt	symptom	concept	3566	3577	dehydration
endocrinology_type 2 diabetes_37.txt	disease	concept	3614	3623	Influenza
endocrinology_type 2 diabetes_37.txt	disease	concept	3628	3640	Pneumococcal
endocrinology_type 2 diabetes_37.txt	disease	concept	3645	3656	Hepatitis B
endocrinology_type 2 diabetes_37.txt	disease	concept	3661	3671	SARS-CoV-2
endocrinology_type 2 diabetes_37.txt	disease	concept	3738	3753	type 2 diabetes
endocrinology_type 2 diabetes_37.txt	medication	concept	3787	3796	metformin
endocrinology_type 2 diabetes_37.txt	medication	concept	3798	3811	empagliflozin
endocrinology_type 2 diabetes_37.txt	medication	concept	3817	3827	lisinopril
endocrinology_type 2 diabetes_37.txt	disease	concept	4021	4029	diabetes
endocrinology_type 2 diabetes_38.txt	symptom	concept	402	408	thirst
endocrinology_type 2 diabetes_38.txt	symptom	concept	419	428	urination
endocrinology_type 2 diabetes_38.txt	symptom	concept	446	457	weight loss
endocrinology_type 2 diabetes_38.txt	disease	concept	583	598	type 2 diabetes
endocrinology_type 2 diabetes_38.txt	disease	concept	1350	1374	type 2 diabetes mellitus
endocrinology_type 2 diabetes_38.txt	medication	concept	1491	1500	Metformin
endocrinology_type 2 diabetes_38.txt	disease	concept	1623	1636	hyperglycemia
endocrinology_type 2 diabetes_38.txt	disease	concept	1833	1841	diabetes
endocrinology_type 2 diabetes_38.txt	procedure	concept	1938	1953	dietary control
endocrinology_type 2 diabetes_38.txt	disease	concept	2140	2152	hypertension
endocrinology_type 2 diabetes_38.txt	disease	concept	2157	2171	hyperlipidemia
endocrinology_type 2 diabetes_38.txt	procedure	concept	2189	2219	cardiovascular risk assessment
endocrinology_type 2 diabetes_38.txt	medication	concept	2268	2274	statin
endocrinology_type 2 diabetes_38.txt	medication	concept	2297	2310	ACE inhibitor
endocrinology_type 2 diabetes_38.txt	medication	concept	2392	2401	metformin
endocrinology_type 2 diabetes_38.txt	medication	concept	2405	2427	GLP-1 receptor agonist
endocrinology_type 2 diabetes_38.txt	medication	concept	2429	2440	semaglutide
endocrinology_type 2 diabetes_38.txt	symptom	concept	2585	2596	weight loss
endocrinology_type 2 diabetes_38.txt	medication	concept	2660	2669	Metformin
endocrinology_type 2 diabetes_38.txt	medication	concept	2694	2705	Semaglutide
endocrinology_type 2 diabetes_38.txt	medication	concept	2759	2769	Lisinopril
endocrinology_type 2 diabetes_38.txt	medication	concept	2786	2796	Atorvastat
endocrinology_type 2 diabetes_38.txt	medication	concept	2984	2995	medications
endocrinology_type 2 diabetes_38.txt	procedure	concept	3113	3133	renal function tests
endocrinology_type 2 diabetes_38.txt	disease	concept	3287	3311	Streptococcus pneumoniae
endocrinology_type 2 diabetes_38.txt	disease	concept	3313	3328	influenza virus
endocrinology_type 2 diabetes_38.txt	disease	concept	3330	3341	hepatitis B
endocrinology_type 2 diabetes_38.txt	disease	concept	3343	3352	varicella
endocrinology_type 2 diabetes_38.txt	disease	concept	3358	3368	SARS-CoV-2
endocrinology_type 2 diabetes_38.txt	procedure	concept	3466	3480	podiatric care
endocrinology_type 2 diabetes_38.txt	medication	concept	3598	3605	insulin
endocrinology_type 2 diabetes_38.txt	disease	concept	3654	3666	hypoglycemia
endocrinology_type 2 diabetes_38.txt	medication	concept	3745	3756	semaglutide
endocrinology_type 2 diabetes_38.txt	symptom	concept	3794	3802	appetite
endocrinology_type 2 diabetes_38.txt	symptom	concept	3818	3847	gastrointestinal side effects
endocrinology_type 2 diabetes_38.txt	disease	concept	4166	4181	type 2 diabetes
endocrinology_type 2 diabetes_38.txt	disease	concept	4207	4220	complications
endocrinology_type 2 diabetes_39.txt	disease	concept	279	303	Type 2 Diabetes Mellitus
endocrinology_type 2 diabetes_39.txt	symptom	concept	432	438	thirst
endocrinology_type 2 diabetes_39.txt	symptom	concept	449	458	urination
endocrinology_type 2 diabetes_39.txt	symptom	concept	483	494	weight loss
endocrinology_type 2 diabetes_39.txt	disease	concept	655	679	Type 2 Diabetes Mellitus
endocrinology_type 2 diabetes_39.txt	medication	concept	847	856	Metformin
endocrinology_type 2 diabetes_39.txt	disease	concept	917	932	Type 2 Diabetes
endocrinology_type 2 diabetes_39.txt	disease	concept	1200	1222	diabetic complications
endocrinology_type 2 diabetes_39.txt	procedure	concept	1250	1266	foot examination
endocrinology_type 2 diabetes_39.txt	symptom	concept	1293	1303	neuropathy
endocrinology_type 2 diabetes_39.txt	disease	concept	1307	1334	peripheral vascular disease
endocrinology_type 2 diabetes_39.txt	procedure	concept	1342	1365	funduscopic examination
endocrinology_type 2 diabetes_39.txt	disease	concept	1412	1423	albuminuria
endocrinology_type 2 diabetes_39.txt	medication	concept	1515	1527	Atorvastatin
endocrinology_type 2 diabetes_39.txt	disease	concept	1610	1618	diabetes
endocrinology_type 2 diabetes_39.txt	disease	concept	1897	1909	hypoglycemia
endocrinology_type 2 diabetes_39.txt	disease	concept	1972	1977	HbA1C
endocrinology_type 2 diabetes_39.txt	medication	concept	2021	2043	GLP-1 receptor agonist
endocrinology_type 2 diabetes_39.txt	medication	concept	2045	2056	Semaglutide
endocrinology_type 2 diabetes_39.txt	disease	concept	2249	2257	diabetes
endocrinology_type 2 diabetes_39.txt	medication	concept	2541	2550	Metformin
endocrinology_type 2 diabetes_39.txt	medication	concept	2555	2566	Semaglutide
endocrinology_type 2 diabetes_39.txt	disease	concept	2658	2682	Streptococcus pneumoniae
endocrinology_type 2 diabetes_39.txt	disease	concept	2684	2699	influenza virus
endocrinology_type 2 diabetes_39.txt	disease	concept	2701	2712	hepatitis B
endocrinology_type 2 diabetes_39.txt	disease	concept	2714	2723	varicella
endocrinology_type 2 diabetes_39.txt	disease	concept	2729	2739	SARS-CoV-2
endocrinology_type 2 diabetes_39.txt	medication	concept	2830	2839	Metformin
endocrinology_type 2 diabetes_39.txt	medication	concept	2863	2874	Semaglutide
endocrinology_type 2 diabetes_39.txt	procedure	concept	3078	3097	resistance training
endocrinology_type 2 diabetes_39.txt	procedure	concept	3317	3344	glycemic control assessment
endocrinology_type 2 diabetes_39.txt	disease	concept	3368	3380	hypoglycemia
endocrinology_type 2 diabetes_39.txt	disease	concept	3384	3397	hyperglycemia
endocrinology_type 2 diabetes_39.txt	disease	concept	3967	3991	Type 2 Diabetes Mellitus
endocrinology_type 2 diabetes_39.txt	medication	concept	4081	4090	Metformin
endocrinology_type 2 diabetes_39.txt	medication	concept	4092	4103	Semaglutide
endocrinology_type 2 diabetes_39.txt	medication	concept	4109	4121	Atorvastatin
endocrinology_type 2 diabetes_39.txt	disease	concept	4282	4290	diabetes
endocrinology_type 2 diabetes_4.txt	disease	concept	215	239	Type 2 Diabetes Mellitus
endocrinology_type 2 diabetes_4.txt	disease	concept	338	353	type 2 diabetes
endocrinology_type 2 diabetes_4.txt	symptom	concept	434	444	polydipsia
endocrinology_type 2 diabetes_4.txt	symptom	concept	462	473	weight loss
endocrinology_type 2 diabetes_4.txt	disease	concept	852	867	type 2 diabetes
endocrinology_type 2 diabetes_4.txt	disease	concept	1136	1147	retinopathy
endocrinology_type 2 diabetes_4.txt	medication	concept	1397	1406	Metformin
endocrinology_type 2 diabetes_4.txt	medication	concept	1577	1599	GLP-1 Receptor Agonist
endocrinology_type 2 diabetes_4.txt	medication	concept	1603	1614	Semaglutide
endocrinology_type 2 diabetes_4.txt	disease	concept	1812	1820	diabetes
endocrinology_type 2 diabetes_4.txt	disease	concept	1837	1849	hypoglycemia
endocrinology_type 2 diabetes_4.txt	disease	concept	1854	1867	hyperglycemia
endocrinology_type 2 diabetes_4.txt	procedure	concept	2031	2047	exercise regimen
endocrinology_type 2 diabetes_4.txt	medication	concept	2203	2212	metformin
endocrinology_type 2 diabetes_4.txt	medication	concept	2236	2247	semaglutide
endocrinology_type 2 diabetes_4.txt	procedure	concept	2780	2794	podiatric care
endocrinology_type 2 diabetes_4.txt	procedure	concept	2799	2811	vaccinations
endocrinology_type 2 diabetes_4.txt	medication	concept	2837	2858	pneumococcal vaccines
endocrinology_type 2 diabetes_4.txt	procedure	concept	2894	2917	funduscopic examination
endocrinology_type 2 diabetes_4.txt	disease	concept	2932	2952	diabetic retinopathy
endocrinology_type 2 diabetes_4.txt	symptom	concept	3350	3362	hypoglycemia
endocrinology_type 2 diabetes_4.txt	disease	concept	3456	3480	type 2 diabetes mellitus
endocrinology_type 2 diabetes_4.txt	medication	concept	3524	3533	metformin
endocrinology_type 2 diabetes_4.txt	medication	concept	3538	3549	semaglutide
endocrinology_type 2 diabetes_4.txt	disease	concept	3711	3724	complications
endocrinology_type 2 diabetes_4.txt	procedure	concept	3869	3877	exercise
endocrinology_type 2 diabetes_40.txt	disease	concept	431	439	polyuria
endocrinology_type 2 diabetes_40.txt	disease	concept	441	451	polydipsia
endocrinology_type 2 diabetes_40.txt	symptom	concept	465	476	weight loss
endocrinology_type 2 diabetes_40.txt	symptom	concept	490	497	fatigue
endocrinology_type 2 diabetes_40.txt	disease	concept	564	581	diabetes mellitus
endocrinology_type 2 diabetes_40.txt	disease	concept	822	846	type 2 diabetes mellitus
endocrinology_type 2 diabetes_40.txt	medication	concept	1285	1294	Metformin
endocrinology_type 2 diabetes_40.txt	medication	concept	1484	1506	GLP-1 receptor agonist
endocrinology_type 2 diabetes_40.txt	medication	concept	1521	1532	semaglutide
endocrinology_type 2 diabetes_40.txt	disease	concept	1717	1729	hypoglycemia
endocrinology_type 2 diabetes_40.txt	disease	concept	1734	1747	hyperglycemia
endocrinology_type 2 diabetes_40.txt	medication	concept	1825	1832	insulin
endocrinology_type 2 diabetes_40.txt	medication	concept	1901	1908	insulin
endocrinology_type 2 diabetes_40.txt	disease	concept	1956	1978	diabetic complications
endocrinology_type 2 diabetes_40.txt	medication	concept	2220	2232	Atorvastatin
endocrinology_type 2 diabetes_40.txt	disease	concept	2276	2300	Streptococcus pneumoniae
endocrinology_type 2 diabetes_40.txt	disease	concept	2302	2317	influenza virus
endocrinology_type 2 diabetes_40.txt	disease	concept	2319	2330	hepatitis B
endocrinology_type 2 diabetes_40.txt	disease	concept	2332	2341	varicella
endocrinology_type 2 diabetes_40.txt	disease	concept	2347	2357	SARS-CoV-2
endocrinology_type 2 diabetes_40.txt	disease	concept	2424	2432	diabetes
endocrinology_type 2 diabetes_40.txt	medication	concept	2468	2477	Metformin
endocrinology_type 2 diabetes_40.txt	medication	concept	2596	2607	Semaglutide
endocrinology_type 2 diabetes_40.txt	medication	concept	2913	2925	Atorvastatin
endocrinology_type 2 diabetes_40.txt	disease	concept	3369	3393	type 2 diabetes mellitus
endocrinology_type 2 diabetes_40.txt	medication	concept	3476	3485	Metformin
endocrinology_type 2 diabetes_40.txt	medication	concept	3487	3498	Semaglutide
endocrinology_type 2 diabetes_40.txt	medication	concept	3500	3523	lifestyle modifications
endocrinology_type 2 diabetes_41.txt	disease	concept	322	330	polyuria
endocrinology_type 2 diabetes_41.txt	disease	concept	332	342	polydipsia
endocrinology_type 2 diabetes_41.txt	symptom	concept	636	647	weight loss
endocrinology_type 2 diabetes_41.txt	symptom	concept	686	705	visual disturbances
endocrinology_type 2 diabetes_41.txt	disease	concept	962	986	type 2 diabetes mellitus
endocrinology_type 2 diabetes_41.txt	procedure	concept	1140	1156	foot examination
endocrinology_type 2 diabetes_41.txt	medication	concept	1632	1641	Metformin
endocrinology_type 2 diabetes_41.txt	symptom	concept	1710	1719	tolerance
endocrinology_type 2 diabetes_41.txt	disease	concept	1774	1796	cardiovascular disease
endocrinology_type 2 diabetes_41.txt	medication	concept	1800	1822	GLP-1 receptor agonist
endocrinology_type 2 diabetes_41.txt	medication	concept	1837	1848	semaglutide
endocrinology_type 2 diabetes_41.txt	symptom	concept	1964	1975	weight loss
endocrinology_type 2 diabetes_41.txt	disease	concept	2013	2021	diabetes
endocrinology_type 2 diabetes_41.txt	disease	concept	2057	2065	diabetes
endocrinology_type 2 diabetes_41.txt	disease	concept	2082	2094	hypoglycemia
endocrinology_type 2 diabetes_41.txt	disease	concept	2099	2112	hyperglycemia
endocrinology_type 2 diabetes_41.txt	medication	concept	2451	2460	Metformin
endocrinology_type 2 diabetes_41.txt	medication	concept	2492	2503	Semaglutide
endocrinology_type 2 diabetes_41.txt	medication	concept	2580	2590	Lisinopril
endocrinology_type 2 diabetes_41.txt	medication	concept	2639	2651	Atorvastatin
endocrinology_type 2 diabetes_41.txt	disease	concept	2682	2694	dyslipidemia
endocrinology_type 2 diabetes_41.txt	disease	concept	2837	2845	diabetes
endocrinology_type 2 diabetes_41.txt	procedure	concept	3087	3104	Podiatry referral
endocrinology_type 2 diabetes_41.txt	disease	concept	3156	3164	diabetes
endocrinology_type 2 diabetes_41.txt	disease	concept	3239	3247	diabetes
endocrinology_type 2 diabetes_41.txt	disease	concept	3321	3329	COVID-19
endocrinology_type 2 diabetes_41.txt	disease	concept	3448	3456	diabetes
endocrinology_type 2 diabetes_42.txt	disease	concept	309	333	Type 2 Diabetes Mellitus
endocrinology_type 2 diabetes_42.txt	disease	concept	361	373	Hypertension
endocrinology_type 2 diabetes_42.txt	disease	concept	375	382	Obesity
endocrinology_type 2 diabetes_42.txt	disease	concept	476	488	hypertension
endocrinology_type 2 diabetes_42.txt	disease	concept	596	604	polyuria
endocrinology_type 2 diabetes_42.txt	disease	concept	606	616	polydipsia
endocrinology_type 2 diabetes_42.txt	disease	concept	716	731	type 2 diabetes
endocrinology_type 2 diabetes_42.txt	disease	concept	941	948	obesity
endocrinology_type 2 diabetes_42.txt	disease	concept	1107	1122	type 2 diabetes
endocrinology_type 2 diabetes_42.txt	disease	concept	1260	1271	albuminuria
endocrinology_type 2 diabetes_42.txt	medication	concept	1535	1544	Metformin
endocrinology_type 2 diabetes_42.txt	disease	concept	1633	1648	type 2 diabetes
endocrinology_type 2 diabetes_42.txt	disease	concept	1776	1784	diabetes
endocrinology_type 2 diabetes_42.txt	disease	concept	1801	1813	hypoglycemia
endocrinology_type 2 diabetes_42.txt	disease	concept	1818	1831	hyperglycemia
endocrinology_type 2 diabetes_42.txt	medication	concept	1968	1990	GLP-1 receptor agonist
endocrinology_type 2 diabetes_42.txt	medication	concept	1992	2003	semaglutide
endocrinology_type 2 diabetes_42.txt	disease	concept	2347	2359	hypertension
endocrinology_type 2 diabetes_42.txt	medication	concept	2510	2517	insulin
endocrinology_type 2 diabetes_42.txt	disease	concept	2563	2575	hypoglycemia
endocrinology_type 2 diabetes_42.txt	disease	concept	2953	2975	diabetic complications
endocrinology_type 2 diabetes_42.txt	disease	concept	3133	3157	Streptococcus pneumoniae
endocrinology_type 2 diabetes_42.txt	disease	concept	3159	3168	influenza
endocrinology_type 2 diabetes_42.txt	disease	concept	3170	3181	hepatitis B
endocrinology_type 2 diabetes_42.txt	disease	concept	3183	3192	varicella
endocrinology_type 2 diabetes_42.txt	disease	concept	3198	3208	SARS-CoV-2
endocrinology_type 2 diabetes_42.txt	disease	concept	3658	3680	diabetic complications
endocrinology_type 2 diabetes_42.txt	disease	concept	3830	3845	type 2 diabetes
endocrinology_type 2 diabetes_42.txt	medication	concept	3879	3888	metformin
endocrinology_type 2 diabetes_42.txt	medication	concept	3893	3904	semaglutide
endocrinology_type 2 diabetes_43.txt	disease	concept	276	300	Type 2 Diabetes Mellitus
endocrinology_type 2 diabetes_43.txt	disease	concept	435	442	obesity
endocrinology_type 2 diabetes_43.txt	disease	concept	607	622	type 2 diabetes
endocrinology_type 2 diabetes_43.txt	medication	concept	670	677	tobacco
endocrinology_type 2 diabetes_43.txt	medication	concept	679	686	alcohol
endocrinology_type 2 diabetes_43.txt	medication	concept	691	704	illicit drugs
endocrinology_type 2 diabetes_43.txt	disease	concept	1006	1017	albuminuria
endocrinology_type 2 diabetes_43.txt	disease	concept	1034	1050	microalbuminuria
endocrinology_type 2 diabetes_43.txt	disease	concept	1200	1215	type 2 diabetes
endocrinology_type 2 diabetes_43.txt	symptom	concept	1266	1278	dyslipidemia
endocrinology_type 2 diabetes_43.txt	disease	concept	1317	1333	microalbuminuria
endocrinology_type 2 diabetes_43.txt	disease	concept	1474	1479	HbA1C
endocrinology_type 2 diabetes_43.txt	medication	concept	1545	1554	Metformin
endocrinology_type 2 diabetes_43.txt	disease	concept	1772	1784	hypoglycemia
endocrinology_type 2 diabetes_43.txt	medication	concept	1998	2020	GLP-1 receptor agonist
endocrinology_type 2 diabetes_43.txt	medication	concept	2037	2048	semaglutide
endocrinology_type 2 diabetes_43.txt	disease	concept	2272	2284	hypoglycemia
endocrinology_type 2 diabetes_43.txt	disease	concept	2378	2398	diabetic nephropathy
endocrinology_type 2 diabetes_43.txt	medication	concept	2466	2475	Metformin
endocrinology_type 2 diabetes_43.txt	medication	concept	2509	2520	Semaglutide
endocrinology_type 2 diabetes_43.txt	disease	concept	2746	2751	HbA1C
endocrinology_type 2 diabetes_43.txt	procedure	concept	2796	2816	Dietary Consultation
endocrinology_type 2 diabetes_43.txt	procedure	concept	3170	3191	Podiatry Consultation
endocrinology_type 2 diabetes_43.txt	disease	concept	3225	3232	obesity
endocrinology_type 2 diabetes_43.txt	disease	concept	3237	3245	diabetes
endocrinology_type 2 diabetes_43.txt	disease	concept	3320	3329	influenza
endocrinology_type 2 diabetes_43.txt	disease	concept	3331	3343	pneumococcal
endocrinology_type 2 diabetes_43.txt	disease	concept	3345	3356	hepatitis B
endocrinology_type 2 diabetes_43.txt	disease	concept	3362	3372	SARS-CoV-2
endocrinology_type 2 diabetes_43.txt	disease	concept	3483	3491	diabetes
endocrinology_type 2 diabetes_43.txt	procedure	concept	3537	3560	lifestyle modifications
endocrinology_type 2 diabetes_43.txt	disease	concept	3650	3663	hyperglycemia
endocrinology_type 2 diabetes_43.txt	disease	concept	3668	3680	hypoglycemia
endocrinology_type 2 diabetes_43.txt	disease	concept	3746	3754	diabetes
endocrinology_type 2 diabetes_43.txt	disease	concept	3856	3871	type 2 diabetes
endocrinology_type 2 diabetes_43.txt	medication	concept	3905	3914	metformin
endocrinology_type 2 diabetes_43.txt	medication	concept	3919	3930	semaglutide
endocrinology_type 2 diabetes_43.txt	disease	concept	4204	4212	diabetes
endocrinology_type 2 diabetes_44.txt	disease	concept	324	348	Type 2 Diabetes Mellitus
endocrinology_type 2 diabetes_44.txt	disease	concept	390	397	Obesity
endocrinology_type 2 diabetes_44.txt	disease	concept	620	628	polyuria
endocrinology_type 2 diabetes_44.txt	symptom	concept	658	669	weight loss
endocrinology_type 2 diabetes_44.txt	disease	concept	900	924	type 2 diabetes mellitus
endocrinology_type 2 diabetes_44.txt	disease	concept	1041	1052	albuminuria
endocrinology_type 2 diabetes_44.txt	disease	concept	1174	1185	retinopathy
endocrinology_type 2 diabetes_44.txt	medication	concept	1257	1266	Metformin
endocrinology_type 2 diabetes_44.txt	medication	concept	1567	1578	semaglutide
endocrinology_type 2 diabetes_44.txt	symptom	concept	1691	1708	glycemic response
endocrinology_type 2 diabetes_44.txt	disease	concept	1833	1841	diabetes
endocrinology_type 2 diabetes_44.txt	disease	concept	1858	1870	hypoglycemia
endocrinology_type 2 diabetes_44.txt	disease	concept	1875	1888	hyperglycemia
endocrinology_type 2 diabetes_44.txt	disease	concept	1904	1926	diabetic complications
endocrinology_type 2 diabetes_44.txt	procedure	concept	2172	2192	resistance exercises
endocrinology_type 2 diabetes_44.txt	disease	concept	2272	2284	hypoglycemia
endocrinology_type 2 diabetes_44.txt	procedure	concept	2370	2378	podiatry
endocrinology_type 2 diabetes_44.txt	disease	concept	2428	2452	Streptococcus pneumoniae
endocrinology_type 2 diabetes_44.txt	disease	concept	2454	2463	influenza
endocrinology_type 2 diabetes_44.txt	disease	concept	2465	2476	hepatitis B
endocrinology_type 2 diabetes_44.txt	disease	concept	2478	2487	varicella
endocrinology_type 2 diabetes_44.txt	disease	concept	2493	2503	SARS-CoV-2
endocrinology_type 2 diabetes_44.txt	medication	concept	2582	2591	Metformin
endocrinology_type 2 diabetes_44.txt	medication	concept	2615	2626	semaglutide
endocrinology_type 2 diabetes_44.txt	disease	concept	3392	3404	hypoglycemia
endocrinology_type 2 diabetes_44.txt	disease	concept	3409	3422	hyperglycemia
endocrinology_type 2 diabetes_44.txt	disease	concept	3762	3777	type 2 diabetes
endocrinology_type 2 diabetes_44.txt	symptom	concept	3889	3902	complications
endocrinology_type 2 diabetes_45.txt	disease	concept	294	318	Type 2 Diabetes Mellitus
endocrinology_type 2 diabetes_45.txt	disease	concept	647	662	type 2 diabetes
endocrinology_type 2 diabetes_45.txt	disease	concept	977	992	type 2 diabetes
endocrinology_type 2 diabetes_45.txt	disease	concept	1402	1415	yperlipidemia
endocrinology_type 2 diabetes_45.txt	disease	concept	1554	1567	hyperglycemia
endocrinology_type 2 diabetes_45.txt	disease	concept	1597	1619	diabetic complications
endocrinology_type 2 diabetes_45.txt	disease	concept	1889	1901	hypoglycemia
endocrinology_type 2 diabetes_45.txt	medication	concept	1935	1944	Metformin
endocrinology_type 2 diabetes_45.txt	medication	concept	2078	2093	SGLT2 Inhibitor
endocrinology_type 2 diabetes_45.txt	medication	concept	2095	2108	Empagliflozin
endocrinology_type 2 diabetes_45.txt	medication	concept	2250	2272	GLP-1 Receptor Agonist
endocrinology_type 2 diabetes_45.txt	medication	concept	2274	2285	Semaglutide
endocrinology_type 2 diabetes_45.txt	symptom	concept	2316	2323	obesity
endocrinology_type 2 diabetes_45.txt	symptom	concept	2341	2352	weight loss
endocrinology_type 2 diabetes_45.txt	disease	concept	2841	2865	Streptococcus pneumoniae
endocrinology_type 2 diabetes_45.txt	disease	concept	2867	2876	influenza
endocrinology_type 2 diabetes_45.txt	disease	concept	2878	2889	hepatitis B
endocrinology_type 2 diabetes_45.txt	disease	concept	2891	2900	varicella
endocrinology_type 2 diabetes_45.txt	disease	concept	2906	2916	SARS-CoV-2
endocrinology_type 2 diabetes_45.txt	procedure	concept	3017	3039	follow-up appointments
endocrinology_type 2 diabetes_45.txt	disease	concept	3056	3064	diabetes
endocrinology_type 2 diabetes_45.txt	procedure	concept	3350	3373	nephrology consultation
endocrinology_type 2 diabetes_45.txt	disease	concept	3396	3407	nephropathy
endocrinology_type 2 diabetes_45.txt	disease	concept	3436	3444	diabetes
endocrinology_type 2 diabetes_45.txt	medication	concept	3531	3540	Metformin
endocrinology_type 2 diabetes_45.txt	medication	concept	3569	3582	Empagliflozin
endocrinology_type 2 diabetes_45.txt	medication	concept	3609	3620	Semaglutide
endocrinology_type 2 diabetes_45.txt	disease	concept	3998	4010	hypoglycemia
endocrinology_type 2 diabetes_45.txt	symptom	concept	4014	4027	hyperglycemia
endocrinology_type 2 diabetes_46.txt	disease	concept	275	299	Type 2 Diabetes Mellitus
endocrinology_type 2 diabetes_46.txt	disease	concept	638	662	Type 2 Diabetes Mellitus
endocrinology_type 2 diabetes_46.txt	medication	concept	892	913	dietary modifications
endocrinology_type 2 diabetes_46.txt	medication	concept	963	972	Metformin
endocrinology_type 2 diabetes_46.txt	medication	concept	1146	1157	Semaglutide
endocrinology_type 2 diabetes_46.txt	disease	concept	1448	1456	Diabetes
endocrinology_type 2 diabetes_46.txt	disease	concept	1517	1525	diabetes
endocrinology_type 2 diabetes_46.txt	disease	concept	1563	1575	hypoglycemia
endocrinology_type 2 diabetes_46.txt	disease	concept	1580	1593	hyperglycemia
endocrinology_type 2 diabetes_46.txt	disease	concept	1914	1926	hypoglycemia
endocrinology_type 2 diabetes_46.txt	procedure	concept	2298	2314	Foot examination
endocrinology_type 2 diabetes_46.txt	symptom	concept	2328	2340	sensory loss
endocrinology_type 2 diabetes_46.txt	symptom	concept	2344	2366	circulatory impairment
endocrinology_type 2 diabetes_46.txt	disease	concept	2422	2442	diabetic retinopathy
endocrinology_type 2 diabetes_46.txt	disease	concept	2464	2475	albuminuria
endocrinology_type 2 diabetes_46.txt	disease	concept	2778	2787	influenza
endocrinology_type 2 diabetes_46.txt	disease	concept	2789	2811	pneumococcal pneumonia
endocrinology_type 2 diabetes_46.txt	disease	concept	2817	2828	Hepatitis B
endocrinology_type 2 diabetes_46.txt	disease	concept	2900	2910	SARS-CoV-2
endocrinology_type 2 diabetes_46.txt	medication	concept	3009	3018	Metformin
endocrinology_type 2 diabetes_46.txt	medication	concept	3043	3054	Semaglutide
endocrinology_type 2 diabetes_46.txt	procedure	concept	3524	3533	Foot Care
endocrinology_type 2 diabetes_46.txt	symptom	concept	3570	3578	blisters
endocrinology_type 2 diabetes_46.txt	disease	concept	3921	3933	hypoglycemia
endocrinology_type 2 diabetes_46.txt	symptom	concept	3935	3944	confusion
endocrinology_type 2 diabetes_46.txt	symptom	concept	3946	3954	seizures
endocrinology_type 2 diabetes_46.txt	symptom	concept	3956	3977	loss of consciousness
endocrinology_type 2 diabetes_47.txt	symptom	concept	307	313	thirst
endocrinology_type 2 diabetes_47.txt	symptom	concept	324	333	urination
endocrinology_type 2 diabetes_47.txt	symptom	concept	351	362	weight loss
endocrinology_type 2 diabetes_47.txt	disease	concept	411	423	Hypertension
endocrinology_type 2 diabetes_47.txt	disease	concept	496	504	diabetes
endocrinology_type 2 diabetes_47.txt	disease	concept	540	555	type 2 diabetes
endocrinology_type 2 diabetes_47.txt	disease	concept	570	582	hypertension
endocrinology_type 2 diabetes_47.txt	disease	concept	1182	1206	type 2 diabetes mellitus
endocrinology_type 2 diabetes_47.txt	medication	concept	1251	1260	Metformin
endocrinology_type 2 diabetes_47.txt	medication	concept	1381	1392	Semaglutide
endocrinology_type 2 diabetes_47.txt	symptom	concept	1519	1528	tolerance
endocrinology_type 2 diabetes_47.txt	disease	concept	1826	1834	diabetes
endocrinology_type 2 diabetes_47.txt	symptom	concept	1880	1888	symptoms
endocrinology_type 2 diabetes_47.txt	disease	concept	1928	1940	hypoglycemia
endocrinology_type 2 diabetes_47.txt	disease	concept	2117	2126	influenza
endocrinology_type 2 diabetes_47.txt	disease	concept	2410	2418	diabetes
endocrinology_type 2 diabetes_47.txt	symptom	concept	2538	2549	albuminuria
endocrinology_type 2 diabetes_47.txt	symptom	concept	2678	2690	sensory loss
endocrinology_type 2 diabetes_47.txt	symptom	concept	2694	2716	circulatory impairment
endocrinology_type 2 diabetes_47.txt	medication	concept	2721	2742	Discharge Medications
endocrinology_type 2 diabetes_47.txt	medication	concept	2748	2754	Metfor
endocrinology_type 2 diabetes_47.txt	medication	concept	2781	2792	Semaglutide
endocrinology_type 2 diabetes_47.txt	symptom	concept	2815	2829	Blood pressure
endocrinology_type 2 diabetes_47.txt	medication	concept	2834	2860	lipid-lowering medications
endocrinology_type 2 diabetes_47.txt	disease	concept	3241	3253	hypoglycemia
endocrinology_type 2 diabetes_47.txt	disease	concept	3255	3268	hyperglycemia
endocrinology_type 2 diabetes_48.txt	disease	concept	272	296	Type 2 Diabetes Mellitus
endocrinology_type 2 diabetes_48.txt	disease	concept	320	332	Hypertension
endocrinology_type 2 diabetes_48.txt	disease	concept	479	487	polyuria
endocrinology_type 2 diabetes_48.txt	disease	concept	489	499	polydipsia
endocrinology_type 2 diabetes_48.txt	disease	concept	589	604	type 2 diabetes
endocrinology_type 2 diabetes_48.txt	disease	concept	609	621	hypertension
endocrinology_type 2 diabetes_48.txt	symptom	concept	756	772	sensory deficits
endocrinology_type 2 diabetes_48.txt	disease	concept	1020	1031	albuminuria
endocrinology_type 2 diabetes_48.txt	disease	concept	1285	1309	type 2 diabetes mellitus
endocrinology_type 2 diabetes_48.txt	medication	concept	1338	1347	Metformin
endocrinology_type 2 diabetes_48.txt	symptom	concept	1592	1599	obesity
endocrinology_type 2 diabetes_48.txt	medication	concept	1617	1628	Semaglutide
endocrinology_type 2 diabetes_48.txt	symptom	concept	1713	1722	tolerance
endocrinology_type 2 diabetes_48.txt	disease	concept	2328	2340	hypoglycemia
endocrinology_type 2 diabetes_48.txt	medication	concept	2459	2468	Metformin
endocrinology_type 2 diabetes_48.txt	medication	concept	2498	2509	Semaglutide
endocrinology_type 2 diabetes_48.txt	disease	concept	2951	2959	diabetes
endocrinology_type 2 diabetes_48.txt	disease	concept	3062	3086	Streptococcus pneumoniae
endocrinology_type 2 diabetes_48.txt	disease	concept	3088	3103	influenza virus
endocrinology_type 2 diabetes_48.txt	disease	concept	3105	3116	hepatitis B
endocrinology_type 2 diabetes_48.txt	disease	concept	3118	3127	varicella
endocrinology_type 2 diabetes_48.txt	disease	concept	3133	3143	SARS-CoV-2
endocrinology_type 2 diabetes_48.txt	disease	concept	3193	3201	diabetes
endocrinology_type 2 diabetes_48.txt	procedure	concept	3242	3264	podiatric examinations
endocrinology_type 2 diabetes_48.txt	symptom	concept	3294	3306	sensory loss
endocrinology_type 2 diabetes_48.txt	symptom	concept	3432	3444	side effects
endocrinology_type 2 diabetes_48.txt	disease	concept	3689	3702	hyperglycemia
endocrinology_type 2 diabetes_49.txt	disease	concept	291	315	Type 2 Diabetes Mellitus
endocrinology_type 2 diabetes_49.txt	symptom	concept	533	543	polydipsia
endocrinology_type 2 diabetes_49.txt	disease	concept	545	553	polyuria
endocrinology_type 2 diabetes_49.txt	symptom	concept	571	582	weight loss
endocrinology_type 2 diabetes_49.txt	disease	concept	764	788	type 2 diabetes mellitus
endocrinology_type 2 diabetes_49.txt	medication	concept	925	934	Metformin
endocrinology_type 2 diabetes_49.txt	medication	concept	1537	1559	GLP-1 receptor agonist
endocrinology_type 2 diabetes_49.txt	medication	concept	1561	1572	Semaglutide
endocrinology_type 2 diabetes_49.txt	medication	concept	1707	1730	GLP-1 receptor agonists
endocrinology_type 2 diabetes_49.txt	symptom	concept	1889	1899	neuropathy
endocrinology_type 2 diabetes_49.txt	disease	concept	1903	1930	peripheral vascular disease
endocrinology_type 2 diabetes_49.txt	disease	concept	1997	2017	diabetic retinopathy
endocrinology_type 2 diabetes_49.txt	medication	concept	2220	2226	statin
endocrinology_type 2 diabetes_49.txt	disease	concept	2388	2396	diabetes
endocrinology_type 2 diabetes_49.txt	medication	concept	2549	2558	Metformin
endocrinology_type 2 diabetes_49.txt	medication	concept	2589	2600	Semaglutide
endocrinology_type 2 diabetes_49.txt	medication	concept	2639	2651	Atorvastatin
endocrinology_type 2 diabetes_49.txt	disease	concept	3157	3165	diabetes
endocrinology_type 2 diabetes_49.txt	disease	concept	3314	3338	Streptococcus pneumoniae
endocrinology_type 2 diabetes_49.txt	disease	concept	3340	3355	influenza virus
endocrinology_type 2 diabetes_49.txt	disease	concept	3370	3379	varicella
endocrinology_type 2 diabetes_49.txt	disease	concept	3385	3395	SARS-CoV-2
endocrinology_type 2 diabetes_49.txt	disease	concept	3632	3640	diabetes
endocrinology_type 2 diabetes_49.txt	disease	concept	3947	3971	type 2 diabetes mellitus
endocrinology_type 2 diabetes_5.txt	disease	concept	184	208	Type 2 Diabetes Mellitus
endocrinology_type 2 diabetes_5.txt	disease	concept	338	346	polyuria
endocrinology_type 2 diabetes_5.txt	disease	concept	348	358	polydipsia
endocrinology_type 2 diabetes_5.txt	symptom	concept	376	387	weight loss
endocrinology_type 2 diabetes_5.txt	disease	concept	558	582	type 2 diabetes mellitus
endocrinology_type 2 diabetes_5.txt	procedure	concept	678	708	oral glucose tolerance testing
endocrinology_type 2 diabetes_5.txt	symptom	concept	745	763	insulin resistance
endocrinology_type 2 diabetes_5.txt	procedure	concept	776	792	foot examination
endocrinology_type 2 diabetes_5.txt	disease	concept	911	922	albuminuria
endocrinology_type 2 diabetes_5.txt	disease	concept	1102	1117	type 2 diabetes
endocrinology_type 2 diabetes_5.txt	medication	concept	1238	1247	Metformin
endocrinology_type 2 diabetes_5.txt	disease	concept	1819	1831	hypoglycemia
endocrinology_type 2 diabetes_5.txt	disease	concept	1836	1849	hyperglycemia
endocrinology_type 2 diabetes_5.txt	disease	concept	1872	1896	Streptococcus pneumoniae
endocrinology_type 2 diabetes_5.txt	disease	concept	1943	1953	SARS-CoV-2
endocrinology_type 2 diabetes_5.txt	disease	concept	2036	2044	diabetes
endocrinology_type 2 diabetes_5.txt	medication	concept	2079	2088	Metformin
endocrinology_type 2 diabetes_5.txt	disease	concept	2399	2404	HbA1c
endocrinology_type 2 diabetes_5.txt	disease	concept	2682	2694	hypoglycemia
endocrinology_type 2 diabetes_5.txt	disease	concept	2930	2940	neuropathy
endocrinology_type 2 diabetes_5.txt	disease	concept	2959	2970	nephropathy
endocrinology_type 2 diabetes_5.txt	disease	concept	3360	3368	diabetes
endocrinology_type 2 diabetes_5.txt	disease	concept	3445	3469	type 2 diabetes mellitus
endocrinology_type 2 diabetes_5.txt	disease	concept	3522	3527	HbA1c
endocrinology_type 2 diabetes_5.txt	medication	concept	3549	3558	metformin
endocrinology_type 2 diabetes_6.txt	disease	concept	197	221	Type 2 Diabetes Mellitus
endocrinology_type 2 diabetes_6.txt	symptom	concept	513	527	blurred vision
endocrinology_type 2 diabetes_6.txt	disease	concept	603	618	type 2 diabetes
endocrinology_type 2 diabetes_6.txt	medication	concept	1292	1301	Metformin
endocrinology_type 2 diabetes_6.txt	medication	concept	1453	1475	GLP-1 receptor agonist
endocrinology_type 2 diabetes_6.txt	medication	concept	1477	1488	Semaglutide
endocrinology_type 2 diabetes_6.txt	disease	concept	1801	1813	hypoglycemia
endocrinology_type 2 diabetes_6.txt	disease	concept	1818	1831	hyperglycemia
endocrinology_type 2 diabetes_6.txt	medication	concept	1847	1854	insulin
endocrinology_type 2 diabetes_6.txt	medication	concept	1900	1907	insulin
endocrinology_type 2 diabetes_6.txt	disease	concept	2116	2128	hypoglycemia
endocrinology_type 2 diabetes_6.txt	disease	concept	2266	2274	diabetes
endocrinology_type 2 diabetes_6.txt	procedure	concept	2434	2453	podiatric check-ups
endocrinology_type 2 diabetes_6.txt	disease	concept	2554	2562	diabetes
endocrinology_type 2 diabetes_6.txt	disease	concept	2574	2598	Streptococcus pneumoniae
endocrinology_type 2 diabetes_6.txt	disease	concept	2600	2609	influenza
endocrinology_type 2 diabetes_6.txt	disease	concept	2611	2622	hepatitis B
endocrinology_type 2 diabetes_6.txt	disease	concept	2624	2633	varicella
endocrinology_type 2 diabetes_6.txt	disease	concept	2639	2649	SARS-CoV-2
endocrinology_type 2 diabetes_6.txt	medication	concept	2681	2690	Metformin
endocrinology_type 2 diabetes_6.txt	medication	concept	2712	2723	Semaglutide
endocrinology_type 2 diabetes_6.txt	medication	concept	2982	2993	medications
endocrinology_type 2 diabetes_6.txt	disease	concept	3301	3325	type 2 diabetes mellitus
endocrinology_type 2 diabetes_6.txt	symptom	concept	3475	3484	prognosis
endocrinology_type 2 diabetes_7.txt	disease	concept	264	288	Type 2 Diabetes Mellitus
endocrinology_type 2 diabetes_7.txt	disease	concept	318	330	Hypertension
endocrinology_type 2 diabetes_7.txt	disease	concept	332	344	Dyslipidemia
endocrinology_type 2 diabetes_7.txt	disease	concept	448	460	hypertension
endocrinology_type 2 diabetes_7.txt	disease	concept	465	477	dyslipidemia
endocrinology_type 2 diabetes_7.txt	disease	concept	551	559	polyuria
endocrinology_type 2 diabetes_7.txt	disease	concept	561	571	polydipsia
endocrinology_type 2 diabetes_7.txt	symptom	concept	589	600	weight loss
endocrinology_type 2 diabetes_7.txt	disease	concept	694	711	diabetes mellitus
endocrinology_type 2 diabetes_7.txt	disease	concept	1094	1110	microalbuminuria
endocrinology_type 2 diabetes_7.txt	disease	concept	1175	1199	type 2 diabetes mellitus
endocrinology_type 2 diabetes_7.txt	medication	concept	1443	1452	Metformin
endocrinology_type 2 diabetes_7.txt	medication	concept	1595	1617	GLP-1 Receptor Agonist
endocrinology_type 2 diabetes_7.txt	medication	concept	1621	1632	Semaglutide
endocrinology_type 2 diabetes_7.txt	medication	concept	1789	1799	Lisinopril
endocrinology_type 2 diabetes_7.txt	medication	concept	1899	1911	Atorvastatin
endocrinology_type 2 diabetes_7.txt	disease	concept	1949	1961	dyslipidemia
endocrinology_type 2 diabetes_7.txt	disease	concept	2307	2315	diabetes
endocrinology_type 2 diabetes_7.txt	disease	concept	2734	2743	influenza
endocrinology_type 2 diabetes_7.txt	symptom	concept	2865	2877	side effects
endocrinology_type 2 diabetes_7.txt	disease	concept	3328	3340	hypoglycemia
endocrinology_type 2 diabetes_7.txt	disease	concept	3344	3365	diabetic ketoacidosis
endocrinology_type 2 diabetes_7.txt	symptom	concept	3568	3579	foot health
endocrinology_type 2 diabetes_7.txt	disease	concept	3685	3697	hypertension
endocrinology_type 2 diabetes_7.txt	disease	concept	3702	3714	dyslipidemia
endocrinology_type 2 diabetes_8.txt	disease	concept	213	237	Type 2 Diabetes Mellitus
endocrinology_type 2 diabetes_8.txt	symptom	concept	553	564	weight loss
endocrinology_type 2 diabetes_8.txt	symptom	concept	618	632	blurred vision
endocrinology_type 2 diabetes_8.txt	symptom	concept	637	644	fatigue
endocrinology_type 2 diabetes_8.txt	disease	concept	682	706	type 2 diabetes mellitus
endocrinology_type 2 diabetes_8.txt	disease	concept	1462	1473	Albuminuria
endocrinology_type 2 diabetes_8.txt	medication	concept	1498	1506	eatinine
endocrinology_type 2 diabetes_8.txt	disease	concept	1577	1592	type 2 diabetes
endocrinology_type 2 diabetes_8.txt	medication	concept	1708	1717	Metformin
endocrinology_type 2 diabetes_8.txt	medication	concept	1824	1846	GLP-1 Receptor Agonist
endocrinology_type 2 diabetes_8.txt	medication	concept	1850	1861	Semaglutide
endocrinology_type 2 diabetes_8.txt	symptom	concept	1938	1949	weight loss
endocrinology_type 2 diabetes_8.txt	disease	concept	2296	2308	hypoglycemia
endocrinology_type 2 diabetes_8.txt	disease	concept	2398	2413	type 2 diabetes
endocrinology_type 2 diabetes_8.txt	disease	concept	2837	2846	influenza
endocrinology_type 2 diabetes_8.txt	disease	concept	2851	2861	SARS-CoV-2
endocrinology_type 2 diabetes_8.txt	medication	concept	2912	2921	Metformin
endocrinology_type 2 diabetes_8.txt	medication	concept	2945	2956	Semaglutide
endocrinology_type 2 diabetes_8.txt	disease	concept	3343	3355	hypoglycemia
endocrinology_type 2 diabetes_8.txt	disease	concept	3359	3372	hyperglycemia
endocrinology_type 2 diabetes_8.txt	disease	concept	3593	3608	type 2 diabetes
endocrinology_type 2 diabetes_9.txt	disease	concept	308	332	Type 2 Diabetes Mellitus
endocrinology_type 2 diabetes_9.txt	disease	concept	465	473	polyuria
endocrinology_type 2 diabetes_9.txt	disease	concept	475	485	polydipsia
endocrinology_type 2 diabetes_9.txt	disease	concept	700	724	type 2 diabetes mellitus
endocrinology_type 2 diabetes_9.txt	disease	concept	964	975	Albuminuria
endocrinology_type 2 diabetes_9.txt	medication	concept	1379	1388	Metformin
endocrinology_type 2 diabetes_9.txt	medication	concept	1500	1522	GLP-1 Receptor Agonist
endocrinology_type 2 diabetes_9.txt	medication	concept	1524	1535	Semaglutide
endocrinology_type 2 diabetes_9.txt	symptom	concept	1631	1642	weight loss
endocrinology_type 2 diabetes_9.txt	disease	concept	1760	1775	type 2 diabetes
endocrinology_type 2 diabetes_9.txt	disease	concept	1872	1884	hypoglycemia
endocrinology_type 2 diabetes_9.txt	disease	concept	1889	1902	hyperglycemia
endocrinology_type 2 diabetes_9.txt	disease	concept	1939	1947	diabetes
endocrinology_type 2 diabetes_9.txt	disease	concept	2190	2199	influenza
endocrinology_type 2 diabetes_9.txt	disease	concept	2807	2819	hypoglycemia
endocrinology_type 2 diabetes_9.txt	medication	concept	2886	2895	Metformin
endocrinology_type 2 diabetes_9.txt	medication	concept	2926	2937	Semaglutide
endocrinology_type 2 diabetes_9.txt	disease	concept	3079	3103	type 2 diabetes mellitus
endocrinology_type 2 diabetes_9.txt	medication	concept	3172	3181	metformin
endocrinology_type 2 diabetes_9.txt	medication	concept	3186	3197	semaglutide
endocrinology_type 2 diabetes_9.txt	procedure	concept	3376	3386	monitoring
infectious diseases_influenza_0.txt	symptom	concept	362	367	fever
infectious diseases_influenza_0.txt	symptom	concept	376	388	muscle aches
infectious diseases_influenza_0.txt	symptom	concept	390	395	cough
infectious diseases_influenza_0.txt	symptom	concept	408	415	fatigue
infectious diseases_influenza_0.txt	disease	concept	627	636	influenza
infectious diseases_influenza_0.txt	symptom	concept	653	658	fever
infectious diseases_influenza_0.txt	symptom	concept	690	695	cough
infectious diseases_influenza_0.txt	symptom	concept	709	717	myalgias
infectious diseases_influenza_0.txt	symptom	concept	723	730	fatigue
infectious diseases_influenza_0.txt	disease	concept	821	830	influenza
infectious diseases_influenza_0.txt	disease	concept	982	993	Influenza A
infectious diseases_influenza_0.txt	procedure	concept	1158	1172	pulse oximetry
infectious diseases_influenza_0.txt	disease	concept	1443	1462	influenza infection
infectious diseases_influenza_0.txt	medication	concept	1561	1572	Oseltamivir
infectious diseases_influenza_0.txt	disease	concept	1680	1688	myalgias
infectious diseases_influenza_0.txt	medication	concept	1698	1711	acetaminophen
infectious diseases_influenza_0.txt	medication	concept	1744	1751	Aspirin
infectious diseases_influenza_0.txt	disease	concept	2010	2039	secondary bacterial pneumonia
infectious diseases_influenza_0.txt	disease	concept	2044	2079	acute respiratory distress syndrome
infectious diseases_influenza_0.txt	disease	concept	2195	2200	fever
infectious diseases_influenza_0.txt	medication	concept	2349	2360	Oseltamivir
infectious diseases_influenza_0.txt	symptom	concept	2455	2469	residual cough
infectious diseases_influenza_0.txt	symptom	concept	2473	2480	myalgia
infectious diseases_influenza_0.txt	medication	concept	2501	2514	acetaminophen
infectious diseases_influenza_0.txt	symptom	concept	2885	2905	difficulty breathing
infectious diseases_influenza_0.txt	symptom	concept	2907	2917	chest pain
infectious diseases_influenza_0.txt	symptom	concept	2922	2931	confusion
infectious diseases_influenza_0.txt	disease	concept	3032	3041	influenza
infectious diseases_influenza_0.txt	disease	concept	3162	3171	influenza
infectious diseases_influenza_0.txt	medication	concept	3326	3337	Oseltamivir
infectious diseases_influenza_1.txt	symptom	concept	340	345	fever
infectious diseases_influenza_1.txt	symptom	concept	347	352	cough
infectious diseases_influenza_1.txt	symptom	concept	354	364	body aches
infectious diseases_influenza_1.txt	medication	concept	689	706	albuterol inhaler
infectious diseases_influenza_1.txt	symptom	concept	952	978	bilateral diffuse wheezing
infectious diseases_influenza_1.txt	disease	concept	1115	1124	influenza
infectious diseases_influenza_1.txt	disease	concept	1218	1229	Influenza A
infectious diseases_influenza_1.txt	disease	concept	1319	1330	Influenza A
infectious diseases_influenza_1.txt	disease	concept	1451	1460	pneumonia
infectious diseases_influenza_1.txt	symptom	concept	1537	1546	hypoxemia
infectious diseases_influenza_1.txt	medication	concept	1601	1612	Oseltamivir
infectious diseases_influenza_1.txt	disease	concept	1768	1774	asthma
infectious diseases_influenza_1.txt	medication	concept	1943	1952	hydration
infectious diseases_influenza_1.txt	medication	concept	1954	1967	acetaminophen
infectious diseases_influenza_1.txt	symptom	concept	1982	1992	body aches
infectious diseases_influenza_1.txt	medication	concept	2010	2019	albuterol
infectious diseases_influenza_1.txt	medication	concept	2054	2061	Aspirin
infectious diseases_influenza_1.txt	disease	concept	2115	2130	Reye's syndrome
infectious diseases_influenza_1.txt	disease	concept	2173	2202	secondary bacterial pneumonia
infectious diseases_influenza_1.txt	disease	concept	2309	2314	fever
infectious diseases_influenza_1.txt	symptom	concept	2466	2474	appetite
infectious diseases_influenza_1.txt	medication	concept	2597	2608	Oseltamivir
infectious diseases_influenza_1.txt	medication	concept	2836	2847	Oseltamivir
infectious diseases_influenza_1.txt	medication	concept	3032	3044	antipyretics
infectious diseases_influenza_1.txt	disease	concept	3070	3079	influenza
infectious diseases_influenza_10.txt	disease	concept	452	461	influenza
infectious diseases_influenza_10.txt	symptom	concept	473	483	high fever
infectious diseases_influenza_10.txt	symptom	concept	485	490	cough
infectious diseases_influenza_10.txt	symptom	concept	492	503	sore throat
infectious diseases_influenza_10.txt	symptom	concept	509	519	body aches
infectious diseases_influenza_10.txt	disease	concept	605	614	influenza
infectious diseases_influenza_10.txt	symptom	concept	987	1003	nasal congestion
infectious diseases_influenza_10.txt	symptom	concept	1008	1024	diffuse wheezing
infectious diseases_influenza_10.txt	procedure	concept	1060	1074	pulse oximetry
infectious diseases_influenza_10.txt	procedure	concept	1079	1090	chest x-ray
infectious diseases_influenza_10.txt	disease	concept	1219	1228	influenza
infectious diseases_influenza_10.txt	disease	concept	1350	1361	influenza A
infectious diseases_influenza_10.txt	disease	concept	1417	1428	influenza A
infectious diseases_influenza_10.txt	disease	concept	1772	1783	influenza A
infectious diseases_influenza_10.txt	medication	concept	1842	1853	Oseltamivir
infectious diseases_influenza_10.txt	medication	concept	1916	1927	Oseltamivir
infectious diseases_influenza_10.txt	medication	concept	2119	2132	Acetaminophen
infectious diseases_influenza_10.txt	medication	concept	2220	2227	aspirin
infectious diseases_influenza_10.txt	disease	concept	2247	2262	Reye's syndrome
infectious diseases_influenza_10.txt	medication	concept	2659	2670	Oseltamivir
infectious diseases_influenza_10.txt	symptom	concept	2819	2827	afebrile
infectious diseases_influenza_10.txt	medication	concept	2959	2972	Acetaminophen
infectious diseases_influenza_10.txt	symptom	concept	3326	3336	chest pain
infectious diseases_influenza_10.txt	disease	concept	3425	3434	influenza
infectious diseases_influenza_10.txt	disease	concept	3545	3554	influenza
infectious diseases_influenza_10.txt	procedure	concept	3680	3688	bed rest
infectious diseases_influenza_10.txt	medication	concept	3868	3894	fever-reducing medications
infectious diseases_influenza_10.txt	disease	concept	3939	3950	influenza A
infectious diseases_influenza_11.txt	symptom	concept	409	414	cough
infectious diseases_influenza_11.txt	symptom	concept	416	427	sore throat
infectious diseases_influenza_11.txt	symptom	concept	429	439	body aches
infectious diseases_influenza_11.txt	symptom	concept	445	452	fatigue
infectious diseases_influenza_11.txt	disease	concept	580	589	influenza
infectious diseases_influenza_11.txt	symptom	concept	606	611	fever
infectious diseases_influenza_11.txt	symptom	concept	634	643	dry cough
infectious diseases_influenza_11.txt	symptom	concept	652	659	myalgia
infectious diseases_influenza_11.txt	symptom	concept	672	679	fatigue
infectious diseases_influenza_11.txt	medication	concept	839	852	acetaminophen
infectious diseases_influenza_11.txt	symptom	concept	926	946	respiratory symptoms
infectious diseases_influenza_11.txt	symptom	concept	951	971	difficulty breathing
infectious diseases_influenza_11.txt	symptom	concept	1011	1025	drug allergies
infectious diseases_influenza_11.txt	disease	concept	1103	1112	influenza
infectious diseases_influenza_11.txt	disease	concept	1189	1198	influenza
infectious diseases_influenza_11.txt	disease	concept	1244	1255	Influenza A
infectious diseases_influenza_11.txt	medication	concept	1773	1784	Oseltamivir
infectious diseases_influenza_11.txt	medication	concept	2129	2140	Oseltamivir
infectious diseases_influenza_11.txt	medication	concept	2448	2459	Oseltamivir
infectious diseases_influenza_11.txt	medication	concept	2558	2571	Acetaminophen
infectious diseases_influenza_11.txt	procedure	concept	2960	2972	hand hygiene
infectious diseases_influenza_11.txt	disease	concept	2998	3017	respiratory illness
infectious diseases_influenza_11.txt	medication	concept	3264	3290	fever-reducing medications
infectious diseases_influenza_11.txt	symptom	concept	3333	3352	shortness of breath
infectious diseases_influenza_11.txt	symptom	concept	3354	3364	chest pain
infectious diseases_influenza_11.txt	disease	concept	3458	3485	primary influenza pneumonia
infectious diseases_influenza_12.txt	symptom	concept	325	330	cough
infectious diseases_influenza_12.txt	symptom	concept	352	362	body aches
infectious diseases_influenza_12.txt	symptom	concept	368	375	fatigue
infectious diseases_influenza_12.txt	disease	concept	469	496	upper respiratory infection
infectious diseases_influenza_12.txt	symptom	concept	668	682	drug allergies
infectious diseases_influenza_12.txt	disease	concept	688	694	Asthma
infectious diseases_influenza_12.txt	symptom	concept	1169	1185	diffuse wheezing
infectious diseases_influenza_12.txt	disease	concept	1311	1320	influenza
infectious diseases_influenza_12.txt	disease	concept	1367	1376	influenza
infectious diseases_influenza_12.txt	disease	concept	1603	1614	influenza A
infectious diseases_influenza_12.txt	medication	concept	1754	1765	Oseltamivir
infectious diseases_influenza_12.txt	medication	concept	1889	1902	Acetaminophen
infectious diseases_influenza_12.txt	disease	concept	2224	2233	pneumonia
infectious diseases_influenza_12.txt	medication	concept	2448	2459	Oseltamivir
infectious diseases_influenza_12.txt	disease	concept	2779	2788	influenza
infectious diseases_influenza_12.txt	symptom	concept	2867	2875	wheezing
infectious diseases_influenza_12.txt	procedure	concept	2973	2982	follow-up
infectious diseases_influenza_13.txt	disease	concept	252	261	Influenza
infectious diseases_influenza_13.txt	symptom	concept	488	493	cough
infectious diseases_influenza_13.txt	symptom	concept	495	502	myalgia
infectious diseases_influenza_13.txt	symptom	concept	508	515	malaise
infectious diseases_influenza_13.txt	disease	concept	565	574	influenza
infectious diseases_influenza_13.txt	disease	concept	602	611	influenza
infectious diseases_influenza_13.txt	disease	concept	679	688	influenza
infectious diseases_influenza_13.txt	symptom	concept	940	951	dehydration
infectious diseases_influenza_13.txt	medication	concept	1084	1097	acetaminophen
infectious diseases_influenza_13.txt	medication	concept	1165	1172	Aspirin
infectious diseases_influenza_13.txt	disease	concept	1237	1252	Reye's syndrome
infectious diseases_influenza_13.txt	procedure	concept	1324	1343	nasopharyngeal swab
infectious diseases_influenza_13.txt	procedure	concept	1362	1376	RT-PCR testing
infectious diseases_influenza_13.txt	disease	concept	1381	1390	influenza
infectious diseases_influenza_13.txt	disease	concept	1434	1445	Influenza A
infectious diseases_influenza_13.txt	medication	concept	1590	1601	Oseltamivir
infectious diseases_influenza_13.txt	medication	concept	1661	1670	antiviral
infectious diseases_influenza_13.txt	medication	concept	1754	1778	neuraminidase inhibitors
infectious diseases_influenza_13.txt	procedure	concept	1889	1900	chest x-ray
infectious diseases_influenza_13.txt	procedure	concept	1905	1919	pulse oximetry
infectious diseases_influenza_13.txt	symptom	concept	1994	1999	fever
infectious diseases_influenza_13.txt	symptom	concept	2004	2009	cough
infectious diseases_influenza_13.txt	symptom	concept	2270	2279	hypoxemia
infectious diseases_influenza_13.txt	symptom	concept	2421	2441	respiratory symptoms
infectious diseases_influenza_13.txt	medication	concept	2443	2454	Oseltamivir
infectious diseases_influenza_13.txt	symptom	concept	2494	2506	side effects
infectious diseases_influenza_13.txt	medication	concept	2810	2821	Oseltamivir
infectious diseases_influenza_13.txt	disease	concept	3045	3050	fever
infectious diseases_influenza_13.txt	medication	concept	3083	3109	fever-reducing medications
infectious diseases_influenza_13.txt	disease	concept	3139	3144	virus
infectious diseases_influenza_13.txt	symptom	concept	3219	3229	chest pain
infectious diseases_influenza_13.txt	symptom	concept	3231	3240	confusion
infectious diseases_influenza_13.txt	medication	concept	3309	3320	Oseltamivir
infectious diseases_influenza_13.txt	medication	concept	3362	3375	Acetaminophen
infectious diseases_influenza_13.txt	procedure	concept	3602	3611	home care
infectious diseases_influenza_13.txt	symptom	concept	3675	3683	symptoms
infectious diseases_influenza_14.txt	disease	concept	241	250	Influenza
infectious diseases_influenza_14.txt	disease	concept	274	285	Influenza A
infectious diseases_influenza_14.txt	symptom	concept	522	527	cough
infectious diseases_influenza_14.txt	symptom	concept	529	540	sore throat
infectious diseases_influenza_14.txt	symptom	concept	542	552	body aches
infectious diseases_influenza_14.txt	symptom	concept	558	565	fatigue
infectious diseases_influenza_14.txt	disease	concept	711	720	influenza
infectious diseases_influenza_14.txt	disease	concept	748	757	influenza
infectious diseases_influenza_14.txt	symptom	concept	906	917	dehydration
infectious diseases_influenza_14.txt	symptom	concept	930	938	myalgias
infectious diseases_influenza_14.txt	disease	concept	972	981	influenza
infectious diseases_influenza_14.txt	disease	concept	1173	1184	Influenza A
infectious diseases_influenza_14.txt	medication	concept	1214	1225	Oseltamivir
infectious diseases_influenza_14.txt	medication	concept	1312	1323	Oseltamivir
infectious diseases_influenza_14.txt	medication	concept	1514	1523	hydration
infectious diseases_influenza_14.txt	medication	concept	1528	1540	antipyretics
infectious diseases_influenza_14.txt	medication	concept	1552	1559	aspirin
infectious diseases_influenza_14.txt	disease	concept	1585	1600	Reye's syndrome
infectious diseases_influenza_14.txt	medication	concept	1626	1633	Aspirin
infectious diseases_influenza_14.txt	medication	concept	1660	1673	acetaminophen
infectious diseases_influenza_14.txt	disease	concept	1697	1705	myalgias
infectious diseases_influenza_14.txt	symptom	concept	1753	1762	hypoxemia
infectious diseases_influenza_14.txt	disease	concept	1919	1928	pneumonia
infectious diseases_influenza_14.txt	disease	concept	1932	1961	secondary bacterial pneumonia
infectious diseases_influenza_14.txt	symptom	concept	1991	2008	clinical symptoms
infectious diseases_influenza_14.txt	medication	concept	2106	2117	Oseltamivir
infectious diseases_influenza_14.txt	medication	concept	2254	2267	Acetaminophen
infectious diseases_influenza_14.txt	procedure	concept	2510	2519	hydration
infectious diseases_influenza_14.txt	disease	concept	2696	2701	fever
infectious diseases_influenza_14.txt	medication	concept	2734	2760	fever-reducing medications
infectious diseases_influenza_14.txt	medication	concept	2825	2830	masks
infectious diseases_influenza_14.txt	disease	concept	2943	2952	influenza
infectious diseases_influenza_14.txt	disease	concept	3143	3152	influenza
infectious diseases_influenza_14.txt	disease	concept	3187	3198	Influenza A
infectious diseases_influenza_14.txt	medication	concept	3229	3240	Oseltamivir
infectious diseases_influenza_14.txt	procedure	concept	3389	3406	antiviral therapy
infectious diseases_influenza_15.txt	symptom	concept	460	465	fever
infectious diseases_influenza_15.txt	symptom	concept	474	486	muscle aches
infectious diseases_influenza_15.txt	symptom	concept	488	493	cough
infectious diseases_influenza_15.txt	disease	concept	643	652	influenza
infectious diseases_influenza_15.txt	symptom	concept	970	981	dehydration
infectious diseases_influenza_15.txt	disease	concept	1151	1160	influenza
infectious diseases_influenza_15.txt	disease	concept	1247	1256	influenza
infectious diseases_influenza_15.txt	disease	concept	1286	1297	Influenza A
infectious diseases_influenza_15.txt	procedure	concept	1315	1329	pulse oximetry
infectious diseases_influenza_15.txt	disease	concept	1446	1462	luenza pneumonia
infectious diseases_influenza_15.txt	disease	concept	1479	1508	secondary bacterial pneumonia
infectious diseases_influenza_15.txt	medication	concept	1577	1588	Oseltamivir
infectious diseases_influenza_15.txt	medication	concept	1829	1841	antipyretics
infectious diseases_influenza_15.txt	medication	concept	1853	1860	aspirin
infectious diseases_influenza_15.txt	symptom	concept	1935	1955	respiratory distress
infectious diseases_influenza_15.txt	disease	concept	1960	1989	secondary bacterial infection
infectious diseases_influenza_15.txt	symptom	concept	2432	2444	Muscle aches
infectious diseases_influenza_15.txt	symptom	concept	2449	2456	fatigue
infectious diseases_influenza_15.txt	procedure	concept	2861	2873	hand hygiene
infectious diseases_influenza_15.txt	symptom	concept	2988	3008	difficulty breathing
infectious diseases_influenza_15.txt	symptom	concept	3010	3020	chest pain
infectious diseases_influenza_15.txt	symptom	concept	3036	3046	high fever
infectious diseases_influenza_15.txt	medication	concept	3146	3167	antiviral medications
infectious diseases_influenza_15.txt	medication	concept	3218	3229	Oseltamivir
infectious diseases_influenza_15.txt	medication	concept	3282	3293	Paracetamol
infectious diseases_influenza_15.txt	symptom	concept	3329	3334	fever
infectious diseases_influenza_15.txt	disease	concept	3499	3510	influenza A
infectious diseases_influenza_15.txt	medication	concept	3555	3566	Oseltamivir
infectious diseases_influenza_15.txt	procedure	concept	3715	3724	follow-up
infectious diseases_influenza_16.txt	disease	concept	264	273	Influenza
infectious diseases_influenza_16.txt	symptom	concept	466	471	fever
infectious diseases_influenza_16.txt	symptom	concept	473	478	cough
infectious diseases_influenza_16.txt	symptom	concept	480	490	body aches
infectious diseases_influenza_16.txt	symptom	concept	496	503	fatigue
infectious diseases_influenza_16.txt	disease	concept	529	538	influenza
infectious diseases_influenza_16.txt	disease	concept	605	614	influenza
infectious diseases_influenza_16.txt	disease	concept	767	776	influenza
infectious diseases_influenza_16.txt	disease	concept	815	826	Influenza A
infectious diseases_influenza_16.txt	disease	concept	968	977	influenza
infectious diseases_influenza_16.txt	symptom	concept	1144	1153	pneumonia
infectious diseases_influenza_16.txt	disease	concept	1174	1183	influenza
infectious diseases_influenza_16.txt	medication	concept	1309	1320	Oseltamivir
infectious diseases_influenza_16.txt	medication	concept	1564	1577	acetaminophen
infectious diseases_influenza_16.txt	disease	concept	1603	1608	fever
infectious diseases_influenza_16.txt	medication	concept	1664	1671	Aspirin
infectious diseases_influenza_16.txt	disease	concept	1703	1718	Reye's syndrome
infectious diseases_influenza_16.txt	disease	concept	1830	1835	fever
infectious diseases_influenza_16.txt	medication	concept	2463	2474	Oseltamivir
infectious diseases_influenza_16.txt	medication	concept	2531	2544	Acetaminophen
infectious diseases_influenza_16.txt	disease	concept	3246	3255	influenza
infectious diseases_influenza_17.txt	disease	concept	211	220	Influenza
infectious diseases_influenza_17.txt	disease	concept	244	255	Influenza A
infectious diseases_influenza_17.txt	symptom	concept	490	506	high-grade fever
infectious diseases_influenza_17.txt	symptom	concept	508	513	cough
infectious diseases_influenza_17.txt	symptom	concept	515	526	sore throat
infectious diseases_influenza_17.txt	symptom	concept	532	542	body aches
infectious diseases_influenza_17.txt	disease	concept	577	586	influenza
infectious diseases_influenza_17.txt	disease	concept	618	627	influenza
infectious diseases_influenza_17.txt	disease	concept	748	757	influenza
infectious diseases_influenza_17.txt	disease	concept	787	798	Influenza A
infectious diseases_influenza_17.txt	disease	concept	937	948	Influenza A
infectious diseases_influenza_17.txt	disease	concept	1152	1167	viral infection
infectious diseases_influenza_17.txt	medication	concept	1497	1508	Oseltamivir
infectious diseases_influenza_17.txt	medication	concept	1683	1692	hydration
infectious diseases_influenza_17.txt	medication	concept	1704	1717	acetaminophen
infectious diseases_influenza_17.txt	symptom	concept	1732	1742	body aches
infectious diseases_influenza_17.txt	medication	concept	1762	1769	aspirin
infectious diseases_influenza_17.txt	disease	concept	1789	1804	Reye's syndrome
infectious diseases_influenza_17.txt	disease	concept	1880	1885	fever
infectious diseases_influenza_17.txt	symptom	concept	2137	2142	cough
infectious diseases_influenza_17.txt	medication	concept	2264	2275	Oseltamivir
infectious diseases_influenza_17.txt	medication	concept	2322	2335	acetaminophen
infectious diseases_influenza_17.txt	symptom	concept	2359	2363	pain
infectious diseases_influenza_17.txt	medication	concept	2861	2878	influenza vaccine
infectious diseases_influenza_17.txt	disease	concept	2975	2986	Influenza A
infectious diseases_influenza_17.txt	disease	concept	3339	3344	virus
infectious diseases_influenza_18.txt	disease	concept	295	304	Influenza
infectious diseases_influenza_18.txt	symptom	concept	450	455	cough
infectious diseases_influenza_18.txt	disease	concept	504	513	influenza
infectious diseases_influenza_18.txt	disease	concept	560	569	influenza
infectious diseases_influenza_18.txt	medication	concept	657	669	antipyretics
infectious diseases_influenza_18.txt	medication	concept	684	697	acetaminophen
infectious diseases_influenza_18.txt	disease	concept	773	782	influenza
infectious diseases_influenza_18.txt	disease	concept	844	855	Influenza A
infectious diseases_influenza_18.txt	disease	concept	1057	1068	Influenza A
infectious diseases_influenza_18.txt	medication	concept	1179	1190	Oseltamivir
infectious diseases_influenza_18.txt	disease	concept	1643	1672	secondary bacterial pneumonia
infectious diseases_influenza_18.txt	procedure	concept	1674	1688	Pulse oximetry
infectious diseases_influenza_18.txt	procedure	concept	1769	1780	chest x-ray
infectious diseases_influenza_18.txt	disease	concept	1879	1894	viral infection
infectious diseases_influenza_18.txt	symptom	concept	2082	2087	cough
infectious diseases_influenza_18.txt	symptom	concept	2092	2099	fatigue
infectious diseases_influenza_18.txt	medication	concept	2360	2371	Oseltamivir
infectious diseases_influenza_18.txt	symptom	concept	2505	2525	difficulty breathing
infectious diseases_influenza_18.txt	medication	concept	2910	2923	Acetaminophen
infectious diseases_influenza_18.txt	medication	concept	3009	3016	aspirin
infectious diseases_influenza_18.txt	disease	concept	3036	3051	Reye's syndrome
infectious diseases_influenza_19.txt	disease	concept	239	250	Influenza A
infectious diseases_influenza_19.txt	symptom	concept	450	455	cough
infectious diseases_influenza_19.txt	symptom	concept	457	468	sore throat
infectious diseases_influenza_19.txt	symptom	concept	474	481	malaise
infectious diseases_influenza_19.txt	disease	concept	683	689	asthma
infectious diseases_influenza_19.txt	disease	concept	780	789	influenza
infectious diseases_influenza_19.txt	disease	concept	830	839	influenza
infectious diseases_influenza_19.txt	symptom	concept	1172	1188	mild dehydration
infectious diseases_influenza_19.txt	symptom	concept	1193	1209	diffuse wheezing
infectious diseases_influenza_19.txt	procedure	concept	1334	1349	supportive care
infectious diseases_influenza_19.txt	procedure	concept	1362	1383	diagnostic evaluation
infectious diseases_influenza_19.txt	disease	concept	1525	1536	Influenza A
infectious diseases_influenza_19.txt	disease	concept	1794	1803	pneumonia
infectious diseases_influenza_19.txt	disease	concept	1982	1993	Influenza A
infectious diseases_influenza_19.txt	medication	concept	2077	2088	Oseltamivir
infectious diseases_influenza_19.txt	medication	concept	2258	2267	hydration
infectious diseases_influenza_19.txt	medication	concept	2272	2285	acetaminophen
infectious diseases_influenza_19.txt	medication	concept	2316	2323	aspirin
infectious diseases_influenza_19.txt	disease	concept	2376	2391	Reye's syndrome
infectious diseases_influenza_19.txt	symptom	concept	2568	2588	respiratory symptoms
infectious diseases_influenza_19.txt	medication	concept	3012	3023	Oseltamivir
infectious diseases_influenza_19.txt	disease	concept	3300	3306	asthma
infectious diseases_influenza_19.txt	medication	concept	3340	3351	Oseltamivir
infectious diseases_influenza_19.txt	medication	concept	3398	3411	Acetaminophen
infectious diseases_influenza_19.txt	disease	concept	3703	3712	influenza
infectious diseases_influenza_19.txt	disease	concept	3783	3794	Influenza A
infectious diseases_influenza_19.txt	procedure	concept	3838	3855	antiviral therapy
infectious diseases_influenza_19.txt	disease	concept	4077	4083	asthma
infectious diseases_influenza_2.txt	symptom	concept	515	523	headache
infectious diseases_influenza_2.txt	symptom	concept	525	537	muscle aches
infectious diseases_influenza_2.txt	symptom	concept	543	551	coughing
infectious diseases_influenza_2.txt	disease	concept	869	875	asthma
infectious diseases_influenza_2.txt	disease	concept	1373	1385	Influenza A.
infectious diseases_influenza_2.txt	disease	concept	1573	1582	pneumonia
infectious diseases_influenza_2.txt	procedure	concept	1588	1602	Pulse Oximetry
infectious diseases_influenza_2.txt	disease	concept	1782	1788	asthma
infectious diseases_influenza_2.txt	disease	concept	1805	1818	complications
infectious diseases_influenza_2.txt	medication	concept	1867	1878	Oseltamivir
infectious diseases_influenza_2.txt	disease	concept	1973	1979	asthma
infectious diseases_influenza_2.txt	medication	concept	1981	1990	Zanamivir
infectious diseases_influenza_2.txt	disease	concept	2024	2036	bronchospasm
infectious diseases_influenza_2.txt	medication	concept	2118	2131	acetaminophen
infectious diseases_influenza_2.txt	disease	concept	2136	2141	fever
infectious diseases_influenza_2.txt	disease	concept	2170	2176	asthma
infectious diseases_influenza_2.txt	medication	concept	2234	2248	corticosteroid
infectious diseases_influenza_2.txt	disease	concept	2336	2341	Fever
infectious diseases_influenza_2.txt	symptom	concept	2378	2398	respiratory symptoms
infectious diseases_influenza_2.txt	medication	concept	2562	2573	Oseltamivir
infectious diseases_influenza_2.txt	medication	concept	2713	2724	Oseltamivir
infectious diseases_influenza_2.txt	disease	concept	2886	2892	asthma
infectious diseases_influenza_2.txt	disease	concept	3247	3253	asthma
infectious diseases_influenza_2.txt	symptom	concept	3334	3347	complications
infectious diseases_influenza_2.txt	symptom	concept	3359	3378	shortness of breath
infectious diseases_influenza_2.txt	symptom	concept	3380	3390	chest pain
infectious diseases_influenza_2.txt	symptom	concept	3408	3416	symptoms
infectious diseases_influenza_2.txt	disease	concept	3546	3555	influenza
infectious diseases_influenza_2.txt	disease	concept	3686	3697	Influenza A
infectious diseases_influenza_2.txt	medication	concept	3739	3750	Oseltamivir
infectious diseases_influenza_2.txt	procedure	concept	3943	3959	antiviral course
infectious diseases_influenza_2.txt	disease	concept	3974	3980	asthma
infectious diseases_influenza_2.txt	disease	concept	4085	4094	influenza
infectious diseases_influenza_20.txt	disease	concept	406	415	influenza
infectious diseases_influenza_20.txt	symptom	concept	432	437	fever
infectious diseases_influenza_20.txt	symptom	concept	446	458	muscle aches
infectious diseases_influenza_20.txt	symptom	concept	460	465	cough
infectious diseases_influenza_20.txt	symptom	concept	471	482	sore throat
infectious diseases_influenza_20.txt	disease	concept	508	517	influenza
infectious diseases_influenza_20.txt	disease	concept	603	612	influenza
infectious diseases_influenza_20.txt	disease	concept	749	758	influenza
infectious diseases_influenza_20.txt	disease	concept	853	864	Influenza A
infectious diseases_influenza_20.txt	medication	concept	1231	1242	Oseltamivir
infectious diseases_influenza_20.txt	disease	concept	1332	1343	Influenza A
infectious diseases_influenza_20.txt	medication	concept	1511	1524	acetaminophen
infectious diseases_influenza_20.txt	symptom	concept	1570	1580	body aches
infectious diseases_influenza_20.txt	medication	concept	1644	1651	Aspirin
infectious diseases_influenza_20.txt	disease	concept	1694	1709	Reye's syndrome
infectious diseases_influenza_20.txt	disease	concept	1713	1729	viral infections
infectious diseases_influenza_20.txt	symptom	concept	2019	2039	respiratory symptoms
infectious diseases_influenza_20.txt	medication	concept	2335	2346	Oseltamivir
infectious diseases_influenza_20.txt	medication	concept	2645	2657	antipyretics
infectious diseases_influenza_20.txt	disease	concept	2684	2693	influenza
infectious diseases_influenza_20.txt	medication	concept	2822	2833	Oseltamivir
infectious diseases_influenza_20.txt	medication	concept	2892	2905	Acetaminophen
infectious diseases_influenza_20.txt	symptom	concept	2941	2946	fever
infectious diseases_influenza_20.txt	symptom	concept	2950	2960	discomfort
infectious diseases_influenza_20.txt	disease	concept	2965	2974	Allergies
infectious diseases_influenza_20.txt	disease	concept	3310	3319	influenza
infectious diseases_influenza_21.txt	disease	concept	324	333	Influenza
infectious diseases_influenza_21.txt	symptom	concept	543	554	sore throat
infectious diseases_influenza_21.txt	disease	concept	603	612	influenza
infectious diseases_influenza_21.txt	disease	concept	686	695	influenza
infectious diseases_influenza_21.txt	disease	concept	789	800	Influenza A
infectious diseases_influenza_21.txt	procedure	concept	1189	1200	chest x-ray
infectious diseases_influenza_21.txt	disease	concept	1292	1301	influenza
infectious diseases_influenza_21.txt	disease	concept	1454	1465	Influenza A
infectious diseases_influenza_21.txt	medication	concept	1542	1553	Oseltamivir
infectious diseases_influenza_21.txt	medication	concept	1716	1729	acetaminophen
infectious diseases_influenza_21.txt	disease	concept	1827	1832	fever
infectious diseases_influenza_21.txt	medication	concept	2166	2175	Zanamivir
infectious diseases_influenza_21.txt	disease	concept	2217	2229	bronchospasm
infectious diseases_influenza_21.txt	medication	concept	2298	2309	Oseltamivir
infectious diseases_influenza_21.txt	medication	concept	2401	2414	Acetaminophen
infectious diseases_influenza_21.txt	medication	concept	2545	2556	Oseltamivir
infectious diseases_influenza_21.txt	disease	concept	2744	2753	influenza
infectious diseases_influenza_21.txt	symptom	concept	2796	2816	difficulty breathing
infectious diseases_influenza_21.txt	disease	concept	3270	3281	Influenza A
infectious diseases_influenza_21.txt	medication	concept	3339	3350	Oseltamivir
infectious diseases_influenza_21.txt	symptom	concept	3438	3446	afebrile
infectious diseases_influenza_21.txt	medication	concept	3525	3536	Oseltamivir
infectious diseases_influenza_21.txt	disease	concept	3659	3668	influenza
infectious diseases_influenza_21.txt	disease	concept	3945	3954	influenza
infectious diseases_influenza_22.txt	disease	concept	235	244	Influenza
infectious diseases_influenza_22.txt	symptom	concept	381	387	chills
infectious diseases_influenza_22.txt	symptom	concept	410	415	cough
infectious diseases_influenza_22.txt	symptom	concept	421	432	sore throat
infectious diseases_influenza_22.txt	disease	concept	473	482	influenza
infectious diseases_influenza_22.txt	disease	concept	524	533	influenza
infectious diseases_influenza_22.txt	procedure	concept	640	658	rapid antigen test
infectious diseases_influenza_22.txt	procedure	concept	663	669	RT-PCR
infectious diseases_influenza_22.txt	disease	concept	674	683	influenza
infectious diseases_influenza_22.txt	disease	concept	920	931	Influenza A
infectious diseases_influenza_22.txt	procedure	concept	969	983	pulse oximetry
infectious diseases_influenza_22.txt	disease	concept	1116	1125	influenza
infectious diseases_influenza_22.txt	medication	concept	1328	1339	Oseltamivir
infectious diseases_influenza_22.txt	medication	concept	1460	1473	acetaminophen
infectious diseases_influenza_22.txt	disease	concept	1691	1696	fever
infectious diseases_influenza_22.txt	medication	concept	1864	1875	Oseltamivir
infectious diseases_influenza_22.txt	medication	concept	2009	2022	Acetaminophen
infectious diseases_influenza_22.txt	disease	concept	2065	2070	fever
infectious diseases_influenza_22.txt	disease	concept	2271	2276	fever
infectious diseases_influenza_22.txt	medication	concept	2305	2317	antipyretics
infectious diseases_influenza_22.txt	disease	concept	2343	2352	influenza
infectious diseases_influenza_22.txt	disease	concept	2593	2602	influenza
infectious diseases_influenza_22.txt	procedure	concept	2619	2631	hand hygiene
infectious diseases_influenza_22.txt	symptom	concept	3023	3043	difficulty breathing
infectious diseases_influenza_22.txt	symptom	concept	3045	3055	chest pain
infectious diseases_influenza_22.txt	symptom	concept	3057	3066	confusion
infectious diseases_influenza_22.txt	disease	concept	3134	3149	Reye's syndrome
infectious diseases_influenza_22.txt	medication	concept	3166	3173	aspirin
infectious diseases_influenza_22.txt	disease	concept	3185	3194	influenza
infectious diseases_influenza_22.txt	medication	concept	3296	3307	Oseltamivir
infectious diseases_influenza_22.txt	medication	concept	3346	3359	Acetaminophen
infectious diseases_influenza_22.txt	disease	concept	3613	3622	influenza
infectious diseases_influenza_23.txt	symptom	concept	439	451	muscle aches
infectious diseases_influenza_23.txt	symptom	concept	453	458	cough
infectious diseases_influenza_23.txt	symptom	concept	464	484	difficulty breathing
infectious diseases_influenza_23.txt	symptom	concept	677	688	sore throat
infectious diseases_influenza_23.txt	disease	concept	887	896	influenza
infectious diseases_influenza_23.txt	procedure	concept	1346	1357	Chest X-ray
infectious diseases_influenza_23.txt	procedure	concept	1426	1440	Pulse oximetry
infectious diseases_influenza_23.txt	medication	concept	1626	1637	Oseltamivir
infectious diseases_influenza_23.txt	medication	concept	1793	1804	Paracetamol
infectious diseases_influenza_23.txt	disease	concept	1847	1855	myalgias
infectious diseases_influenza_23.txt	disease	concept	2027	2036	influenza
infectious diseases_influenza_23.txt	symptom	concept	2238	2258	respiratory symptoms
infectious diseases_influenza_23.txt	disease	concept	2365	2382	Influenza A virus
infectious diseases_influenza_23.txt	medication	concept	2568	2579	Oseltamivir
infectious diseases_influenza_23.txt	medication	concept	2637	2648	Paracetamol
infectious diseases_influenza_23.txt	symptom	concept	2679	2689	discomfort
infectious diseases_influenza_23.txt	disease	concept	3419	3428	influenza
infectious diseases_influenza_23.txt	disease	concept	3462	3471	influenza
infectious diseases_influenza_24.txt	symptom	concept	449	454	cough
infectious diseases_influenza_24.txt	symptom	concept	456	467	sore throat
infectious diseases_influenza_24.txt	symptom	concept	473	483	body aches
infectious diseases_influenza_24.txt	disease	concept	485	494	Influenza
infectious diseases_influenza_24.txt	disease	concept	695	706	Influenza A
infectious diseases_influenza_24.txt	disease	concept	898	909	Influenza A
infectious diseases_influenza_24.txt	disease	concept	1101	1120	influenza pneumonia
infectious diseases_influenza_24.txt	medication	concept	1391	1402	Oseltamivir
infectious diseases_influenza_24.txt	medication	concept	1561	1573	Antipyretics
infectious diseases_influenza_24.txt	medication	concept	1575	1588	Acetaminophen
infectious diseases_influenza_24.txt	medication	concept	1628	1635	Aspirin
infectious diseases_influenza_24.txt	disease	concept	1667	1682	Reye's syndrome
infectious diseases_influenza_24.txt	disease	concept	1874	1879	Fever
infectious diseases_influenza_24.txt	medication	concept	2156	2167	Oseltamivir
infectious diseases_influenza_24.txt	medication	concept	2234	2247	Acetaminophen
infectious diseases_influenza_24.txt	medication	concept	2828	2845	influenza vaccine
infectious diseases_influenza_24.txt	symptom	concept	2952	2972	difficulty breathing
infectious diseases_influenza_24.txt	symptom	concept	2974	2984	chest pain
infectious diseases_influenza_24.txt	symptom	concept	2986	3002	persistent fever
infectious diseases_influenza_24.txt	disease	concept	3310	3319	influenza
infectious diseases_influenza_25.txt	disease	concept	292	301	Influenza
infectious diseases_influenza_25.txt	symptom	concept	514	526	muscle aches
infectious diseases_influenza_25.txt	disease	concept	658	667	influenza
infectious diseases_influenza_25.txt	disease	concept	724	733	influenza
infectious diseases_influenza_25.txt	disease	concept	867	878	Influenza A
infectious diseases_influenza_25.txt	disease	concept	985	1009	Influenza A subtype H3N2
infectious diseases_influenza_25.txt	disease	concept	1173	1182	influenza
infectious diseases_influenza_25.txt	medication	concept	1375	1386	Oseltamivir
infectious diseases_influenza_25.txt	medication	concept	1509	1520	Oseltamivir
infectious diseases_influenza_25.txt	medication	concept	1625	1638	acetaminophen
infectious diseases_influenza_25.txt	medication	concept	1746	1753	Aspirin
infectious diseases_influenza_25.txt	disease	concept	1818	1833	Reye's syndrome
infectious diseases_influenza_25.txt	medication	concept	2491	2504	acetaminophen
infectious diseases_influenza_25.txt	symptom	concept	3030	3050	difficulty breathing
infectious diseases_influenza_25.txt	symptom	concept	3052	3062	chest pain
infectious diseases_influenza_25.txt	symptom	concept	3064	3073	confusion
infectious diseases_influenza_25.txt	symptom	concept	3094	3099	fever
infectious diseases_influenza_25.txt	medication	concept	3246	3272	fever-reducing medications
infectious diseases_influenza_25.txt	disease	concept	3299	3308	influenza
infectious diseases_influenza_25.txt	disease	concept	3412	3423	Influenza A
infectious diseases_influenza_25.txt	medication	concept	3454	3465	Oseltamivir
infectious diseases_influenza_26.txt	symptom	concept	408	416	headache
infectious diseases_influenza_26.txt	symptom	concept	418	430	muscle aches
infectious diseases_influenza_26.txt	symptom	concept	438	447	dry cough
infectious diseases_influenza_26.txt	symptom	concept	627	633	throat
infectious diseases_influenza_26.txt	symptom	concept	638	648	rhinorrhea
infectious diseases_influenza_26.txt	disease	concept	869	875	Asthma
infectious diseases_influenza_26.txt	medication	concept	913	922	albuterol
infectious diseases_influenza_26.txt	symptom	concept	1229	1237	wheezing
infectious diseases_influenza_26.txt	disease	concept	1359	1368	influenza
infectious diseases_influenza_26.txt	disease	concept	1417	1428	Influenza A
infectious diseases_influenza_26.txt	disease	concept	1499	1508	pneumonia
infectious diseases_influenza_26.txt	disease	concept	1672	1678	asthma
infectious diseases_influenza_26.txt	disease	concept	1744	1755	influenza A
infectious diseases_influenza_26.txt	disease	concept	1788	1794	asthma
infectious diseases_influenza_26.txt	medication	concept	1866	1877	Oseltamivir
infectious diseases_influenza_26.txt	medication	concept	2119	2132	Acetaminophen
infectious diseases_influenza_26.txt	medication	concept	2200	2209	Albuterol
infectious diseases_influenza_26.txt	symptom	concept	2242	2250	wheezing
infectious diseases_influenza_26.txt	disease	concept	2380	2385	Fever
infectious diseases_influenza_26.txt	symptom	concept	2420	2440	respiratory symptoms
infectious diseases_influenza_26.txt	medication	concept	2690	2701	Oseltamivir
infectious diseases_influenza_26.txt	medication	concept	2707	2720	acetaminophen
infectious diseases_influenza_26.txt	medication	concept	2787	2796	albuterol
infectious diseases_influenza_26.txt	disease	concept	2821	2827	asthma
infectious diseases_influenza_26.txt	symptom	concept	3481	3491	chest pain
infectious diseases_influenza_26.txt	symptom	concept	3493	3502	confusion
infectious diseases_influenza_26.txt	disease	concept	3586	3597	Influenza A
infectious diseases_influenza_26.txt	medication	concept	3624	3635	Oseltamivir
infectious diseases_influenza_27.txt	symptom	concept	401	406	cough
infectious diseases_influenza_27.txt	symptom	concept	408	418	body aches
infectious diseases_influenza_27.txt	disease	concept	481	490	influenza
infectious diseases_influenza_27.txt	disease	concept	518	527	influenza
infectious diseases_influenza_27.txt	disease	concept	851	861	leukopenia
infectious diseases_influenza_27.txt	disease	concept	888	897	influenza
infectious diseases_influenza_27.txt	disease	concept	1048	1057	influenza
infectious diseases_influenza_27.txt	disease	concept	1146	1162	Influenza A H3N2
infectious diseases_influenza_27.txt	disease	concept	1341	1350	influenza
infectious diseases_influenza_27.txt	medication	concept	1447	1459	antipyretics
infectious diseases_influenza_27.txt	medication	concept	1471	1478	aspirin
infectious diseases_influenza_27.txt	medication	concept	1533	1544	Oseltamivir
infectious diseases_influenza_27.txt	medication	concept	1761	1774	Acetaminophen
infectious diseases_influenza_27.txt	disease	concept	1820	1825	fever
infectious diseases_influenza_27.txt	disease	concept	1830	1837	myalgia
infectious diseases_influenza_27.txt	disease	concept	2043	2048	Fever
infectious diseases_influenza_27.txt	medication	concept	2423	2434	Oseltamivir
infectious diseases_influenza_27.txt	medication	concept	2452	2465	Acetaminophen
infectious diseases_influenza_27.txt	disease	concept	2493	2500	myalgia
infectious diseases_influenza_27.txt	disease	concept	2514	2520	fevers
infectious diseases_influenza_27.txt	symptom	concept	2957	2977	difficulty breathing
infectious diseases_influenza_27.txt	symptom	concept	2979	2989	chest pain
infectious diseases_influenza_27.txt	symptom	concept	3012	3021	confusion
infectious diseases_influenza_27.txt	procedure	concept	3079	3090	handwashing
infectious diseases_influenza_27.txt	symptom	concept	3115	3122	sneezes
infectious diseases_influenza_27.txt	disease	concept	3149	3158	influenza
infectious diseases_influenza_27.txt	disease	concept	3219	3230	Influenza A
infectious diseases_influenza_28.txt	disease	concept	307	316	Influenza
infectious diseases_influenza_28.txt	symptom	concept	492	502	high fever
infectious diseases_influenza_28.txt	symptom	concept	504	509	cough
infectious diseases_influenza_28.txt	symptom	concept	511	522	sore throat
infectious diseases_influenza_28.txt	symptom	concept	528	538	body aches
infectious diseases_influenza_28.txt	disease	concept	590	599	influenza
infectious diseases_influenza_28.txt	disease	concept	632	641	influenza
infectious diseases_influenza_28.txt	disease	concept	794	803	influenza
infectious diseases_influenza_28.txt	disease	concept	915	926	influenza A
infectious diseases_influenza_28.txt	procedure	concept	987	1001	pulse oximetry
infectious diseases_influenza_28.txt	symptom	concept	1030	1039	hypoxemia
infectious diseases_influenza_28.txt	symptom	concept	1048	1065	oxygen saturation
infectious diseases_influenza_28.txt	disease	concept	1173	1192	influenza pneumonia
infectious diseases_influenza_28.txt	medication	concept	1348	1359	Oseltamivir
infectious diseases_influenza_28.txt	medication	concept	1506	1518	antipyretics
infectious diseases_influenza_28.txt	disease	concept	1523	1528	fever
infectious diseases_influenza_28.txt	medication	concept	1541	1548	Aspirin
infectious diseases_influenza_28.txt	disease	concept	1580	1595	Reye's syndrome
infectious diseases_influenza_28.txt	medication	concept	1601	1614	acetaminophen
infectious diseases_influenza_28.txt	symptom	concept	1969	1989	respiratory symptoms
infectious diseases_influenza_28.txt	symptom	concept	2052	2060	afebrile
infectious diseases_influenza_28.txt	symptom	concept	2083	2088	cough
infectious diseases_influenza_28.txt	medication	concept	2380	2391	Oseltamivir
infectious diseases_influenza_28.txt	medication	concept	2399	2412	acetaminophen
infectious diseases_influenza_28.txt	medication	concept	2538	2564	fever-reducing medications
infectious diseases_influenza_28.txt	medication	concept	2957	2968	Oseltamivir
infectious diseases_influenza_28.txt	medication	concept	3013	3026	Acetaminophen
infectious diseases_influenza_28.txt	symptom	concept	3071	3076	fever
infectious diseases_influenza_28.txt	disease	concept	3170	3179	influenza
infectious diseases_influenza_28.txt	disease	concept	3315	3324	influenza
infectious diseases_influenza_28.txt	procedure	concept	3422	3437	supportive care
infectious diseases_influenza_28.txt	procedure	concept	3495	3509	follow-up care
infectious diseases_influenza_28.txt	procedure	concept	3514	3535	preventative measures
infectious diseases_influenza_29.txt	disease	concept	271	280	Influenza
infectious diseases_influenza_29.txt	symptom	concept	453	458	cough
infectious diseases_influenza_29.txt	symptom	concept	460	470	body aches
infectious diseases_influenza_29.txt	disease	concept	533	542	influenza
infectious diseases_influenza_29.txt	disease	concept	570	579	influenza
infectious diseases_influenza_29.txt	medication	concept	867	880	acetaminophen
infectious diseases_influenza_29.txt	disease	concept	1162	1171	influenza
infectious diseases_influenza_29.txt	disease	concept	1201	1212	Influenza A
infectious diseases_influenza_29.txt	disease	concept	1271	1280	influenza
infectious diseases_influenza_29.txt	medication	concept	1372	1383	Oseltamivir
infectious diseases_influenza_29.txt	disease	concept	1712	1721	pneumonia
infectious diseases_influenza_29.txt	symptom	concept	1829	1834	fever
infectious diseases_influenza_29.txt	disease	concept	1853	1864	tachycardia
infectious diseases_influenza_29.txt	medication	concept	2170	2181	Oseltamivir
infectious diseases_influenza_29.txt	medication	concept	2302	2315	Acetaminophen
infectious diseases_influenza_29.txt	symptom	concept	2358	2363	fever
infectious diseases_influenza_29.txt	symptom	concept	2367	2377	body aches
infectious diseases_influenza_29.txt	disease	concept	2835	2844	influenza
infectious diseases_influenza_29.txt	disease	concept	2986	2995	Influenza
infectious diseases_influenza_29.txt	medication	concept	3070	3087	influenza vaccine
infectious diseases_influenza_29.txt	disease	concept	3133	3142	influenza
infectious diseases_influenza_29.txt	disease	concept	3286	3297	Influenza A
infectious diseases_influenza_29.txt	medication	concept	3321	3332	Oseltamivir
infectious diseases_influenza_3.txt	disease	concept	412	421	influenza
infectious diseases_influenza_3.txt	symptom	concept	438	443	fever
infectious diseases_influenza_3.txt	symptom	concept	452	464	muscle aches
infectious diseases_influenza_3.txt	symptom	concept	466	471	cough
infectious diseases_influenza_3.txt	symptom	concept	477	488	sore throat
infectious diseases_influenza_3.txt	disease	concept	722	731	influenza
infectious diseases_influenza_3.txt	symptom	concept	750	755	cough
infectious diseases_influenza_3.txt	symptom	concept	761	768	malaise
infectious diseases_influenza_3.txt	procedure	concept	999	1019	Physical Examination
infectious diseases_influenza_3.txt	disease	concept	1395	1404	influenza
infectious diseases_influenza_3.txt	disease	concept	1419	1428	influenza
infectious diseases_influenza_3.txt	procedure	concept	1434	1445	RT-PCR test
infectious diseases_influenza_3.txt	medication	concept	1853	1865	antipyretics
infectious diseases_influenza_3.txt	medication	concept	1867	1880	acetaminophen
infectious diseases_influenza_3.txt	medication	concept	1980	1991	Oseltamivir
infectious diseases_influenza_3.txt	symptom	concept	2195	2215	respiratory symptoms
infectious diseases_influenza_3.txt	medication	concept	2420	2431	Oseltamivir
infectious diseases_influenza_3.txt	medication	concept	2513	2526	Acetaminophen
infectious diseases_influenza_3.txt	medication	concept	3191	3195	soap
infectious diseases_influenza_3.txt	medication	concept	3216	3244	alcohol-based hand sanitizer
infectious diseases_influenza_3.txt	symptom	concept	3298	3306	coughing
infectious diseases_influenza_3.txt	symptom	concept	3310	3318	sneezing
infectious diseases_influenza_3.txt	symptom	concept	3446	3456	chest pain
infectious diseases_influenza_3.txt	symptom	concept	3458	3479	persistent high fever
infectious diseases_influenza_3.txt	disease	concept	3578	3589	influenza A
infectious diseases_influenza_3.txt	procedure	concept	3655	3676	symptomatic treatment
infectious diseases_influenza_3.txt	procedure	concept	3754	3763	follow-up
infectious diseases_influenza_3.txt	procedure	concept	3768	3777	self-care
infectious diseases_influenza_30.txt	symptom	concept	324	329	fever
infectious diseases_influenza_30.txt	symptom	concept	331	337	chills
infectious diseases_influenza_30.txt	symptom	concept	346	358	muscle aches
infectious diseases_influenza_30.txt	symptom	concept	360	365	cough
infectious diseases_influenza_30.txt	disease	concept	849	861	Hypertension
infectious diseases_influenza_30.txt	medication	concept	951	961	Lisinopril
infectious diseases_influenza_30.txt	disease	concept	1048	1057	influenza
infectious diseases_influenza_30.txt	disease	concept	1193	1204	Influenza A
infectious diseases_influenza_30.txt	disease	concept	1498	1507	pneumonia
infectious diseases_influenza_30.txt	symptom	concept	1637	1646	hypoxemia
infectious diseases_influenza_30.txt	disease	concept	1691	1700	influenza
infectious diseases_influenza_30.txt	disease	concept	1709	1728	bacterial pneumonia
infectious diseases_influenza_30.txt	medication	concept	1795	1806	Oseltamivir
infectious diseases_influenza_30.txt	medication	concept	2034	2045	Paracetamol
infectious diseases_influenza_30.txt	disease	concept	2093	2098	fever
infectious diseases_influenza_30.txt	medication	concept	2146	2153	aspirin
infectious diseases_influenza_30.txt	disease	concept	2173	2188	Reye's syndrome
infectious diseases_influenza_30.txt	symptom	concept	2351	2356	fever
infectious diseases_influenza_30.txt	symptom	concept	2375	2380	cough
infectious diseases_influenza_30.txt	symptom	concept	2385	2392	myalgia
infectious diseases_influenza_30.txt	disease	concept	2513	2522	influenza
infectious diseases_influenza_30.txt	disease	concept	3022	3031	infection
infectious diseases_influenza_30.txt	medication	concept	3215	3225	Lisinopril
infectious diseases_influenza_30.txt	symptom	concept	3395	3406	dehydration
infectious diseases_influenza_30.txt	disease	concept	3613	3622	influenza
infectious diseases_influenza_31.txt	disease	concept	304	313	Influenza
infectious diseases_influenza_31.txt	symptom	concept	461	466	cough
infectious diseases_influenza_31.txt	symptom	concept	468	479	sore throat
infectious diseases_influenza_31.txt	disease	concept	504	513	influenza
infectious diseases_influenza_31.txt	disease	concept	568	577	influenza
infectious diseases_influenza_31.txt	disease	concept	716	727	Influenza A
infectious diseases_influenza_31.txt	disease	concept	1115	1124	influenza
infectious diseases_influenza_31.txt	disease	concept	1244	1253	influenza
infectious diseases_influenza_31.txt	medication	concept	1292	1303	Oseltamivir
infectious diseases_influenza_31.txt	medication	concept	1561	1573	antipyretics
infectious diseases_influenza_31.txt	medication	concept	1575	1588	acetaminophen
infectious diseases_influenza_31.txt	symptom	concept	1600	1605	fever
infectious diseases_influenza_31.txt	symptom	concept	1610	1614	pain
infectious diseases_influenza_31.txt	medication	concept	1616	1623	Aspirin
infectious diseases_influenza_31.txt	disease	concept	1655	1670	Reye's syndrome
infectious diseases_influenza_31.txt	disease	concept	1760	1765	fever
infectious diseases_influenza_31.txt	disease	concept	1923	1952	secondary bacterial infection
infectious diseases_influenza_31.txt	medication	concept	2153	2164	Oseltamivir
infectious diseases_influenza_31.txt	procedure	concept	2346	2355	Hydration
infectious diseases_influenza_31.txt	disease	concept	2577	2582	fever
infectious diseases_influenza_31.txt	medication	concept	2602	2614	antipyretics
infectious diseases_influenza_31.txt	symptom	concept	2810	2830	difficulty breathing
infectious diseases_influenza_31.txt	symptom	concept	2832	2842	chest pain
infectious diseases_influenza_31.txt	symptom	concept	2844	2853	confusion
infectious diseases_influenza_31.txt	symptom	concept	2858	2872	persistent hig
infectious diseases_influenza_31.txt	disease	concept	3000	3011	Influenza A
infectious diseases_influenza_32.txt	symptom	concept	356	361	fever
infectious diseases_influenza_32.txt	symptom	concept	363	369	chills
infectious diseases_influenza_32.txt	symptom	concept	392	397	cough
infectious diseases_influenza_32.txt	symptom	concept	1307	1324	bilateral rhonchi
infectious diseases_influenza_32.txt	symptom	concept	1328	1345	lung auscultation
infectious diseases_influenza_32.txt	disease	concept	1446	1455	influenza
infectious diseases_influenza_32.txt	disease	concept	1567	1578	Influenza A
infectious diseases_influenza_32.txt	symptom	concept	1690	1699	pneumonia
infectious diseases_influenza_32.txt	disease	concept	1785	1796	Influenza A
infectious diseases_influenza_32.txt	medication	concept	1975	1986	Oseltamivir
infectious diseases_influenza_32.txt	medication	concept	2063	2076	acetaminophen
infectious diseases_influenza_32.txt	medication	concept	2173	2180	Aspirin
infectious diseases_influenza_32.txt	disease	concept	2212	2227	Reye's syndrome
infectious diseases_influenza_32.txt	medication	concept	2397	2408	Oseltamivir
infectious diseases_influenza_32.txt	symptom	concept	2436	2451	adverse effects
infectious diseases_influenza_32.txt	disease	concept	2486	2495	influenza
infectious diseases_influenza_32.txt	medication	concept	2662	2673	Oseltamivir
infectious diseases_influenza_32.txt	medication	concept	2776	2802	fever-reducing medications
infectious diseases_influenza_32.txt	symptom	concept	2856	2876	difficulty breathing
infectious diseases_influenza_32.txt	disease	concept	3062	3073	Influenza A
infectious diseases_influenza_32.txt	medication	concept	3091	3102	Oseltamivir
infectious diseases_influenza_32.txt	symptom	concept	3262	3275	complications
infectious diseases_influenza_33.txt	symptom	concept	367	372	fever
infectious diseases_influenza_33.txt	symptom	concept	374	379	cough
infectious diseases_influenza_33.txt	symptom	concept	381	393	muscle aches
infectious diseases_influenza_33.txt	symptom	concept	406	413	fatigue
infectious diseases_influenza_33.txt	disease	concept	450	459	influenza
infectious diseases_influenza_33.txt	disease	concept	490	499	influenza
infectious diseases_influenza_33.txt	disease	concept	656	689	upper respiratory tract infection
infectious diseases_influenza_33.txt	symptom	concept	703	714	sore throat
infectious diseases_influenza_33.txt	symptom	concept	742	749	malaise
infectious diseases_influenza_33.txt	symptom	concept	784	789	fever
infectious diseases_influenza_33.txt	symptom	concept	810	822	muscle aches
infectious diseases_influenza_33.txt	symptom	concept	840	847	fatigue
infectious diseases_influenza_33.txt	disease	concept	954	963	influenza
infectious diseases_influenza_33.txt	disease	concept	1149	1158	influenza
infectious diseases_influenza_33.txt	disease	concept	1306	1315	influenza
infectious diseases_influenza_33.txt	disease	concept	1470	1480	nfluenza A
infectious diseases_influenza_33.txt	disease	concept	1614	1641	primary influenza pneumonia
infectious diseases_influenza_33.txt	medication	concept	1830	1841	Oseltamivir
infectious diseases_influenza_33.txt	medication	concept	1956	1967	Oseltamivir
infectious diseases_influenza_33.txt	medication	concept	2102	2115	acetaminophen
infectious diseases_influenza_33.txt	symptom	concept	2163	2175	muscle aches
infectious diseases_influenza_33.txt	symptom	concept	2365	2370	fever
infectious diseases_influenza_33.txt	symptom	concept	2484	2492	afebrile
infectious diseases_influenza_33.txt	symptom	concept	2525	2530	cough
infectious diseases_influenza_33.txt	symptom	concept	2535	2542	fatigue
infectious diseases_influenza_33.txt	medication	concept	2864	2875	Oseltamivir
infectious diseases_influenza_33.txt	symptom	concept	3002	3022	difficulty breathing
infectious diseases_influenza_33.txt	procedure	concept	3265	3286	influenza vaccination
infectious diseases_influenza_34.txt	symptom	concept	332	337	fever
infectious diseases_influenza_34.txt	symptom	concept	355	360	cough
infectious diseases_influenza_34.txt	symptom	concept	366	377	sore throat
infectious diseases_influenza_34.txt	symptom	concept	748	754	chills
infectious diseases_influenza_34.txt	symptom	concept	763	773	body aches
infectious diseases_influenza_34.txt	disease	concept	885	894	influenza
infectious diseases_influenza_34.txt	disease	concept	983	992	influenza
infectious diseases_influenza_34.txt	disease	concept	1039	1050	Influenza A
infectious diseases_influenza_34.txt	disease	concept	1286	1295	pneumonia
infectious diseases_influenza_34.txt	medication	concept	1510	1521	Oseltamivir
infectious diseases_influenza_34.txt	disease	concept	1692	1697	fever
infectious diseases_influenza_34.txt	disease	concept	1702	1709	myalgia
infectious diseases_influenza_34.txt	medication	concept	1719	1732	acetaminophen
infectious diseases_influenza_34.txt	medication	concept	1853	1862	IV fluids
infectious diseases_influenza_34.txt	disease	concept	2045	2050	fever
infectious diseases_influenza_34.txt	symptom	concept	2105	2125	respiratory symptoms
infectious diseases_influenza_34.txt	medication	concept	2468	2479	Oseltamivir
infectious diseases_influenza_34.txt	medication	concept	2699	2710	Oseltamivir
infectious diseases_influenza_34.txt	disease	concept	2790	2795	fever
infectious diseases_influenza_34.txt	medication	concept	2815	2841	fever-reducing medications
infectious diseases_influenza_34.txt	symptom	concept	2962	2982	difficulty breathing
infectious diseases_influenza_34.txt	symptom	concept	2984	2994	chest pain
infectious diseases_influenza_34.txt	symptom	concept	2996	3005	confusion
infectious diseases_influenza_34.txt	medication	concept	3394	3405	Oseltamivir
infectious diseases_influenza_34.txt	medication	concept	3462	3475	Acetaminophen
infectious diseases_influenza_34.txt	disease	concept	3681	3692	Influenza A
infectious diseases_influenza_34.txt	medication	concept	3801	3818	antiviral therapy
infectious diseases_influenza_35.txt	disease	concept	433	442	influenza
infectious diseases_influenza_35.txt	symptom	concept	459	464	fever
infectious diseases_influenza_35.txt	symptom	concept	473	485	muscle aches
infectious diseases_influenza_35.txt	symptom	concept	487	494	fatigue
infectious diseases_influenza_35.txt	symptom	concept	500	509	dry cough
infectious diseases_influenza_35.txt	disease	concept	609	618	influenza
infectious diseases_influenza_35.txt	disease	concept	673	682	influenza
infectious diseases_influenza_35.txt	symptom	concept	957	968	dehydration
infectious diseases_influenza_35.txt	symptom	concept	973	989	diffuse wheezing
infectious diseases_influenza_35.txt	disease	concept	1053	1059	asthma
infectious diseases_influenza_35.txt	disease	concept	1213	1222	influenza
infectious diseases_influenza_35.txt	disease	concept	1283	1294	influenza A
infectious diseases_influenza_35.txt	symptom	concept	1403	1405	ev
infectious diseases_influenza_35.txt	disease	concept	1415	1424	pneumonia
infectious diseases_influenza_35.txt	procedure	concept	1430	1444	Pulse Oximetry
infectious diseases_influenza_35.txt	medication	concept	1592	1603	Oseltamivir
infectious diseases_influenza_35.txt	medication	concept	1824	1837	acetaminophen
infectious diseases_influenza_35.txt	medication	concept	1895	1902	Aspirin
infectious diseases_influenza_35.txt	disease	concept	1967	1982	Reye's syndrome
infectious diseases_influenza_35.txt	disease	concept	1988	1994	Asthma
infectious diseases_influenza_35.txt	medication	concept	2049	2072	inhaled corticosteroids
infectious diseases_influenza_35.txt	medication	concept	2093	2119	short-acting beta-agonists
infectious diseases_influenza_35.txt	symptom	concept	2144	2152	wheezing
infectious diseases_influenza_35.txt	medication	concept	2244	2253	antiviral
infectious diseases_influenza_35.txt	symptom	concept	2317	2337	respiratory symptoms
infectious diseases_influenza_35.txt	symptom	concept	2602	2622	respiratory symptoms
infectious diseases_influenza_35.txt	medication	concept	2716	2727	Oseltamivir
infectious diseases_influenza_35.txt	medication	concept	2803	2829	short-acting beta-agonists
infectious diseases_influenza_35.txt	disease	concept	2844	2850	asthma
infectious diseases_influenza_35.txt	symptom	concept	3246	3266	difficulty breathing
infectious diseases_influenza_35.txt	symptom	concept	3279	3284	fever
infectious diseases_influenza_35.txt	symptom	concept	3289	3310	worsening of symptoms
infectious diseases_influenza_35.txt	procedure	concept	3356	3377	influenza vaccination
infectious diseases_influenza_35.txt	disease	concept	3439	3459	influenza infections
infectious diseases_influenza_35.txt	disease	concept	3520	3531	influenza A
infectious diseases_influenza_35.txt	procedure	concept	3714	3723	follow-up
infectious diseases_influenza_36.txt	symptom	concept	384	389	fever
infectious diseases_influenza_36.txt	symptom	concept	391	396	cough
infectious diseases_influenza_36.txt	symptom	concept	398	408	body aches
infectious diseases_influenza_36.txt	disease	concept	582	615	upper respiratory tract infection
infectious diseases_influenza_36.txt	disease	concept	762	771	influenza
infectious diseases_influenza_36.txt	disease	concept	823	832	influenza
infectious diseases_influenza_36.txt	disease	concept	964	973	influenza
infectious diseases_influenza_36.txt	disease	concept	1043	1052	influenza
infectious diseases_influenza_36.txt	disease	concept	1113	1124	Influenza A
infectious diseases_influenza_36.txt	symptom	concept	1258	1267	hypoxemia
infectious diseases_influenza_36.txt	disease	concept	1416	1427	influenza A
infectious diseases_influenza_36.txt	medication	concept	1578	1589	Oseltamivir
infectious diseases_influenza_36.txt	disease	concept	1691	1696	fever
infectious diseases_influenza_36.txt	disease	concept	1701	1709	myalgias
infectious diseases_influenza_36.txt	medication	concept	1721	1734	Acetaminophen
infectious diseases_influenza_36.txt	disease	concept	1779	1784	fever
infectious diseases_influenza_36.txt	symptom	concept	1801	1805	pain
infectious diseases_influenza_36.txt	disease	concept	1886	1891	fever
infectious diseases_influenza_36.txt	symptom	concept	1937	1949	muscle aches
infectious diseases_influenza_36.txt	symptom	concept	1954	1959	cough
infectious diseases_influenza_36.txt	disease	concept	2016	2045	secondary bacterial infection
infectious diseases_influenza_36.txt	medication	concept	2228	2239	Oseltamivir
infectious diseases_influenza_36.txt	medication	concept	2326	2339	Acetaminophen
infectious diseases_influenza_36.txt	disease	concept	2385	2390	fever
infectious diseases_influenza_36.txt	disease	concept	2716	2721	fever
infectious diseases_influenza_36.txt	medication	concept	2741	2753	antipyretics
infectious diseases_influenza_36.txt	disease	concept	3023	3032	influenza
infectious diseases_influenza_36.txt	disease	concept	3055	3066	Influenza A
infectious diseases_influenza_36.txt	medication	concept	3125	3136	Oseltamivir
infectious diseases_influenza_37.txt	disease	concept	256	265	Influenza
infectious diseases_influenza_37.txt	symptom	concept	422	427	cough
infectious diseases_influenza_37.txt	symptom	concept	429	440	sore throat
infectious diseases_influenza_37.txt	disease	concept	520	529	influenza
infectious diseases_influenza_37.txt	disease	concept	611	620	influenza
infectious diseases_influenza_37.txt	disease	concept	896	920	Influenza A subtype H3N2
infectious diseases_influenza_37.txt	medication	concept	1070	1081	Oseltamivir
infectious diseases_influenza_37.txt	procedure	concept	1159	1170	chest x-ray
infectious diseases_influenza_37.txt	procedure	concept	1175	1189	pulse oximetry
infectious diseases_influenza_37.txt	disease	concept	1231	1240	hypoxemia
infectious diseases_influenza_37.txt	medication	concept	1436	1449	acetaminophen
infectious diseases_influenza_37.txt	medication	concept	1518	1525	Aspirin
infectious diseases_influenza_37.txt	disease	concept	1557	1572	Reye's syndrome
infectious diseases_influenza_37.txt	symptom	concept	1670	1675	fever
infectious diseases_influenza_37.txt	symptom	concept	1720	1731	sore throat
infectious diseases_influenza_37.txt	medication	concept	1814	1825	Oseltamivir
infectious diseases_influenza_37.txt	medication	concept	1928	1941	Acetaminophen
infectious diseases_influenza_37.txt	disease	concept	1984	1989	fever
infectious diseases_influenza_37.txt	medication	concept	2165	2176	Oseltamivir
infectious diseases_influenza_37.txt	disease	concept	2585	2594	influenza
infectious diseases_influenza_37.txt	symptom	concept	2706	2716	chest pain
infectious diseases_influenza_37.txt	disease	concept	2837	2848	Influenza A
infectious diseases_influenza_37.txt	medication	concept	2907	2918	Oseltamivir
infectious diseases_influenza_38.txt	symptom	concept	347	352	cough
infectious diseases_influenza_38.txt	symptom	concept	354	365	sore throat
infectious diseases_influenza_38.txt	symptom	concept	371	381	body aches
infectious diseases_influenza_38.txt	disease	concept	437	443	Asthma
infectious diseases_influenza_38.txt	medication	concept	520	530	penicillin
infectious diseases_influenza_38.txt	disease	concept	773	782	influenza
infectious diseases_influenza_38.txt	disease	concept	942	951	influenza
infectious diseases_influenza_38.txt	disease	concept	1008	1017	influenza
infectious diseases_influenza_38.txt	disease	concept	1056	1065	influenza
infectious diseases_influenza_38.txt	medication	concept	1316	1327	Oseltamivir
infectious diseases_influenza_38.txt	medication	concept	1634	1647	Acetaminophen
infectious diseases_influenza_38.txt	disease	concept	1680	1685	fever
infectious diseases_influenza_38.txt	symptom	concept	1690	1700	body aches
infectious diseases_influenza_38.txt	medication	concept	1806	1816	Salbutamol
infectious diseases_influenza_38.txt	disease	concept	1848	1854	asthma
infectious diseases_influenza_38.txt	symptom	concept	2343	2360	clinical symptoms
infectious diseases_influenza_38.txt	procedure	concept	2423	2432	discharge
infectious diseases_influenza_38.txt	symptom	concept	2522	2542	respiratory symptoms
infectious diseases_influenza_38.txt	medication	concept	2651	2662	Oseltamivir
infectious diseases_influenza_38.txt	disease	concept	2701	2707	asthma
infectious diseases_influenza_38.txt	disease	concept	3248	3257	influenza
infectious diseases_influenza_38.txt	symptom	concept	3446	3455	dizziness
infectious diseases_influenza_38.txt	symptom	concept	3506	3514	vomiting
infectious diseases_influenza_38.txt	disease	concept	3789	3800	Influenza A
infectious diseases_influenza_38.txt	medication	concept	3827	3838	Oseltamivir
infectious diseases_influenza_38.txt	disease	concept	3917	3926	influenza
infectious diseases_influenza_38.txt	disease	concept	4194	4203	influenza
infectious diseases_influenza_39.txt	disease	concept	280	289	Influenza
infectious diseases_influenza_39.txt	disease	concept	539	548	influenza
infectious diseases_influenza_39.txt	symptom	concept	565	570	fever
infectious diseases_influenza_39.txt	symptom	concept	579	591	muscle aches
infectious diseases_influenza_39.txt	symptom	concept	593	598	cough
infectious diseases_influenza_39.txt	symptom	concept	604	611	fatigue
infectious diseases_influenza_39.txt	disease	concept	637	646	influenza
infectious diseases_influenza_39.txt	disease	concept	727	736	influenza
infectious diseases_influenza_39.txt	disease	concept	830	839	influenza
infectious diseases_influenza_39.txt	disease	concept	883	892	Influenza
infectious diseases_influenza_39.txt	symptom	concept	984	993	hypoxemia
infectious diseases_influenza_39.txt	disease	concept	1097	1106	pneumonia
infectious diseases_influenza_39.txt	disease	concept	1183	1192	influenza
infectious diseases_influenza_39.txt	disease	concept	1193	1202	pneumonia
infectious diseases_influenza_39.txt	medication	concept	1363	1374	Oseltamivir
infectious diseases_influenza_39.txt	disease	concept	1483	1488	fever
infectious diseases_influenza_39.txt	disease	concept	1493	1505	muscle aches
infectious diseases_influenza_39.txt	medication	concept	1515	1528	acetaminophen
infectious diseases_influenza_39.txt	disease	concept	1793	1822	secondary bacterial infection
infectious diseases_influenza_39.txt	symptom	concept	1824	1835	dehydration
infectious diseases_influenza_39.txt	disease	concept	1956	1961	fever
infectious diseases_influenza_39.txt	symptom	concept	2002	2022	respiratory symptoms
infectious diseases_influenza_39.txt	medication	concept	2234	2245	Oseltamivir
infectious diseases_influenza_39.txt	medication	concept	2284	2297	acetaminophen
infectious diseases_influenza_39.txt	disease	concept	2312	2317	fever
infectious diseases_influenza_39.txt	disease	concept	2806	2815	influenza
infectious diseases_influenza_39.txt	disease	concept	2836	2845	influenza
infectious diseases_influenza_39.txt	disease	concept	2987	3016	secondary bacterial infection
infectious diseases_influenza_39.txt	symptom	concept	3066	3086	difficulty breathing
infectious diseases_influenza_39.txt	medication	concept	3164	3171	aspirin
infectious diseases_influenza_39.txt	medication	concept	3175	3202	aspirin-containing products
infectious diseases_influenza_39.txt	disease	concept	3225	3240	Reye's syndrome
infectious diseases_influenza_39.txt	disease	concept	3305	3321	Influenza Type A
infectious diseases_influenza_39.txt	medication	concept	3339	3350	Oseltamivir
infectious diseases_influenza_39.txt	procedure	concept	3510	3524	follow-up care
infectious diseases_influenza_4.txt	symptom	concept	364	369	fever
infectious diseases_influenza_4.txt	symptom	concept	378	390	muscle aches
infectious diseases_influenza_4.txt	symptom	concept	392	397	cough
infectious diseases_influenza_4.txt	symptom	concept	410	417	fatigue
infectious diseases_influenza_4.txt	medication	concept	713	726	acetaminophen
infectious diseases_influenza_4.txt	symptom	concept	752	757	fever
infectious diseases_influenza_4.txt	symptom	concept	762	766	pain
infectious diseases_influenza_4.txt	disease	concept	920	929	influenza
infectious diseases_influenza_4.txt	disease	concept	1024	1035	Influenza A
infectious diseases_influenza_4.txt	symptom	concept	1081	1086	cough
infectious diseases_influenza_4.txt	symptom	concept	1110	1119	pneumonia
infectious diseases_influenza_4.txt	medication	concept	1392	1403	Oseltamivir
infectious diseases_influenza_4.txt	symptom	concept	1544	1549	cough
infectious diseases_influenza_4.txt	symptom	concept	1554	1563	hydration
infectious diseases_influenza_4.txt	symptom	concept	1724	1729	cough
infectious diseases_influenza_4.txt	disease	concept	1975	1984	influenza
infectious diseases_influenza_4.txt	medication	concept	2082	2093	Oseltamivir
infectious diseases_influenza_4.txt	disease	concept	2406	2411	fever
infectious diseases_influenza_4.txt	medication	concept	2431	2443	antipyretics
infectious diseases_influenza_4.txt	symptom	concept	2793	2813	difficulty breathing
infectious diseases_influenza_4.txt	symptom	concept	2815	2825	chest pain
infectious diseases_influenza_4.txt	symptom	concept	2827	2836	dizziness
infectious diseases_influenza_4.txt	symptom	concept	2838	2853	severe weakness
infectious diseases_influenza_4.txt	medication	concept	2931	2942	Oseltamivir
infectious diseases_influenza_4.txt	medication	concept	3009	3022	Acetaminophen
infectious diseases_influenza_4.txt	symptom	concept	3058	3063	fever
infectious diseases_influenza_4.txt	symptom	concept	3067	3071	pain
infectious diseases_influenza_4.txt	procedure	concept	3217	3234	antiviral therapy
infectious diseases_influenza_40.txt	symptom	concept	400	411	sore throat
infectious diseases_influenza_40.txt	disease	concept	690	717	upper respiratory infection
infectious diseases_influenza_40.txt	symptom	concept	775	780	cough
infectious diseases_influenza_40.txt	symptom	concept	1212	1231	pharyngeal erythema
infectious diseases_influenza_40.txt	disease	concept	1478	1490	Influenza A.
infectious diseases_influenza_40.txt	disease	concept	1819	1830	Influenza A
infectious diseases_influenza_40.txt	medication	concept	1959	1970	Oseltamivir
infectious diseases_influenza_40.txt	medication	concept	2067	2080	acetaminophen
infectious diseases_influenza_40.txt	symptom	concept	2429	2437	coughing
infectious diseases_influenza_40.txt	disease	concept	2458	2467	Influenza
infectious diseases_influenza_40.txt	medication	concept	2564	2575	Oseltamivir
infectious diseases_influenza_40.txt	medication	concept	2665	2678	Acetaminophen
infectious diseases_influenza_40.txt	symptom	concept	2729	2734	fever
infectious diseases_influenza_40.txt	disease	concept	3149	3158	influenza
infectious diseases_influenza_40.txt	symptom	concept	3261	3281	difficulty breathing
infectious diseases_influenza_40.txt	symptom	concept	3283	3293	chest pain
infectious diseases_influenza_40.txt	symptom	concept	3295	3311	persistent fever
infectious diseases_influenza_40.txt	disease	concept	3325	3344	secondary infection
infectious diseases_influenza_40.txt	disease	concept	3454	3463	influenza
infectious diseases_influenza_41.txt	symptom	concept	424	432	headache
infectious diseases_influenza_41.txt	disease	concept	494	503	influenza
infectious diseases_influenza_41.txt	disease	concept	552	561	influenza
infectious diseases_influenza_41.txt	disease	concept	689	700	Influenza A
infectious diseases_influenza_41.txt	medication	concept	755	774	antibacterial drugs
infectious diseases_influenza_41.txt	disease	concept	822	833	Influenza A
infectious diseases_influenza_41.txt	disease	concept	1077	1086	influenza
infectious diseases_influenza_41.txt	medication	concept	1184	1195	Oseltamivir
infectious diseases_influenza_41.txt	medication	concept	1425	1438	acetaminophen
infectious diseases_influenza_41.txt	medication	concept	1496	1503	aspirin
infectious diseases_influenza_41.txt	disease	concept	1523	1538	Reye's syndrome
infectious diseases_influenza_41.txt	disease	concept	1702	1707	fever
infectious diseases_influenza_41.txt	symptom	concept	1773	1778	cough
infectious diseases_influenza_41.txt	medication	concept	1811	1822	Oseltamivir
infectious diseases_influenza_41.txt	medication	concept	1992	2011	antibacterial drugs
infectious diseases_influenza_41.txt	medication	concept	2216	2227	Oseltamivir
infectious diseases_influenza_41.txt	symptom	concept	2349	2369	difficulty breathing
infectious diseases_influenza_41.txt	symptom	concept	2371	2381	chest pain
infectious diseases_influenza_41.txt	symptom	concept	2386	2395	confusion
infectious diseases_influenza_41.txt	disease	concept	2772	2783	Influenza A
infectious diseases_influenza_41.txt	medication	concept	2818	2829	Oseltamivir
infectious diseases_influenza_41.txt	disease	concept	2940	2969	secondary bacterial pneumonia
infectious diseases_influenza_41.txt	procedure	concept	3086	3097	vaccination
infectious diseases_influenza_41.txt	disease	concept	3124	3133	influenza
infectious diseases_influenza_42.txt	disease	concept	386	395	influenza
infectious diseases_influenza_42.txt	symptom	concept	419	424	cough
infectious diseases_influenza_42.txt	symptom	concept	426	437	sore throat
infectious diseases_influenza_42.txt	symptom	concept	439	449	body aches
infectious diseases_influenza_42.txt	symptom	concept	455	462	fatigue
infectious diseases_influenza_42.txt	disease	concept	464	473	Influenza
infectious diseases_influenza_42.txt	disease	concept	543	552	influenza
infectious diseases_influenza_42.txt	symptom	concept	737	746	tachypnea
infectious diseases_influenza_42.txt	symptom	concept	757	766	hypoxemia
infectious diseases_influenza_42.txt	disease	concept	1058	1067	influenza
infectious diseases_influenza_42.txt	disease	concept	1216	1227	Influenza A
infectious diseases_influenza_42.txt	medication	concept	1428	1439	Oseltamivir
infectious diseases_influenza_42.txt	symptom	concept	1653	1658	fever
infectious diseases_influenza_42.txt	symptom	concept	1663	1683	respiratory distress
infectious diseases_influenza_42.txt	medication	concept	1742	1755	acetaminophen
infectious diseases_influenza_42.txt	symptom	concept	1770	1780	body aches
infectious diseases_influenza_42.txt	medication	concept	1821	1828	Aspirin
infectious diseases_influenza_42.txt	disease	concept	1893	1908	Reye's syndrome
infectious diseases_influenza_42.txt	symptom	concept	2120	2129	hypoxemia
infectious diseases_influenza_42.txt	symptom	concept	2330	2350	respiratory symptoms
infectious diseases_influenza_42.txt	medication	concept	2404	2415	Oseltamivir
infectious diseases_influenza_42.txt	medication	concept	2688	2709	Discharge Medications
infectious diseases_influenza_42.txt	medication	concept	2715	2726	Oseltamivir
infectious diseases_influenza_42.txt	medication	concept	2806	2819	Acetaminophen
infectious diseases_influenza_42.txt	symptom	concept	2855	2859	pain
infectious diseases_influenza_42.txt	symptom	concept	2863	2868	fever
infectious diseases_influenza_42.txt	symptom	concept	2970	2990	difficulty breathing
infectious diseases_influenza_42.txt	symptom	concept	3003	3008	fever
infectious diseases_influenza_42.txt	disease	concept	3248	3257	influenza
infectious diseases_influenza_42.txt	procedure	concept	3494	3511	antiviral therapy
infectious diseases_influenza_42.txt	disease	concept	3587	3596	influenza
infectious diseases_influenza_43.txt	disease	concept	342	351	influenza
infectious diseases_influenza_43.txt	symptom	concept	363	373	high fever
infectious diseases_influenza_43.txt	symptom	concept	375	380	cough
infectious diseases_influenza_43.txt	symptom	concept	382	393	sore throat
infectious diseases_influenza_43.txt	symptom	concept	395	405	body aches
infectious diseases_influenza_43.txt	symptom	concept	411	418	fatigue
infectious diseases_influenza_43.txt	disease	concept	444	453	influenza
infectious diseases_influenza_43.txt	disease	concept	521	530	influenza
infectious diseases_influenza_43.txt	disease	concept	654	665	Influenza A
infectious diseases_influenza_43.txt	disease	concept	784	795	Influenza A
infectious diseases_influenza_43.txt	procedure	concept	848	862	pulse oximetry
infectious diseases_influenza_43.txt	procedure	concept	908	919	chest x-ray
infectious diseases_influenza_43.txt	disease	concept	1007	1016	influenza
infectious diseases_influenza_43.txt	disease	concept	1130	1139	influenza
infectious diseases_influenza_43.txt	medication	concept	1248	1259	Oseltamivir
infectious diseases_influenza_43.txt	disease	concept	1380	1385	fever
infectious diseases_influenza_43.txt	medication	concept	1412	1419	aspirin
infectious diseases_influenza_43.txt	medication	concept	1464	1477	acetaminophen
infectious diseases_influenza_43.txt	disease	concept	1520	1525	fever
infectious diseases_influenza_43.txt	procedure	concept	1843	1857	pulse oximetry
infectious diseases_influenza_43.txt	disease	concept	2219	2228	influenza
infectious diseases_influenza_43.txt	disease	concept	2307	2312	virus
infectious diseases_influenza_43.txt	disease	concept	2558	2563	fever
infectious diseases_influenza_43.txt	medication	concept	2583	2609	fever-reducing medications
infectious diseases_influenza_43.txt	disease	concept	2825	2832	illness
infectious diseases_influenza_43.txt	medication	concept	2869	2880	Oseltamivir
infectious diseases_influenza_43.txt	medication	concept	2939	2952	Acetaminophen
infectious diseases_influenza_43.txt	symptom	concept	3004	3014	discomfort
infectious diseases_influenza_43.txt	disease	concept	3150	3159	influenza
infectious diseases_influenza_43.txt	symptom	concept	3259	3279	difficulty breathing
infectious diseases_influenza_43.txt	symptom	concept	3281	3291	chest pain
infectious diseases_influenza_43.txt	symptom	concept	3304	3309	fever
infectious diseases_influenza_43.txt	symptom	concept	3323	3334	dehydration
infectious diseases_influenza_43.txt	disease	concept	3404	3413	influenza
infectious diseases_influenza_43.txt	medication	concept	3493	3504	Oseltamivir
infectious diseases_influenza_43.txt	symptom	concept	3551	3560	hypoxemia
infectious diseases_influenza_43.txt	procedure	concept	3630	3639	follow-up
infectious diseases_influenza_44.txt	disease	concept	243	252	Influenza
infectious diseases_influenza_44.txt	symptom	concept	436	441	cough
infectious diseases_influenza_44.txt	symptom	concept	443	454	sore throat
infectious diseases_influenza_44.txt	disease	concept	532	541	influenza
infectious diseases_influenza_44.txt	disease	concept	762	771	influenza
infectious diseases_influenza_44.txt	disease	concept	968	979	influenza A
infectious diseases_influenza_44.txt	procedure	concept	993	1004	chest X-ray
infectious diseases_influenza_44.txt	procedure	concept	1009	1023	pulse oximetry
infectious diseases_influenza_44.txt	disease	concept	1152	1171	influenza pneumonia
infectious diseases_influenza_44.txt	medication	concept	1483	1494	Oseltamivir
infectious diseases_influenza_44.txt	medication	concept	1640	1653	Acetaminophen
infectious diseases_influenza_44.txt	disease	concept	1691	1696	fever
infectious diseases_influenza_44.txt	medication	concept	1784	1793	IV fluids
infectious diseases_influenza_44.txt	medication	concept	1795	1808	Normal Saline
infectious diseases_influenza_44.txt	medication	concept	2199	2210	Oseltamivir
infectious diseases_influenza_44.txt	symptom	concept	2329	2334	cough
infectious diseases_influenza_44.txt	symptom	concept	2339	2349	body aches
infectious diseases_influenza_44.txt	symptom	concept	2715	2735	difficulty breathing
infectious diseases_influenza_44.txt	procedure	concept	3044	3056	hand hygiene
infectious diseases_influenza_44.txt	disease	concept	3249	3258	influenza
infectious diseases_influenza_44.txt	medication	concept	3311	3328	influenza vaccine
infectious diseases_influenza_44.txt	disease	concept	3657	3668	influenza A
infectious diseases_influenza_44.txt	medication	concept	3726	3737	Oseltamivir
infectious diseases_influenza_45.txt	disease	concept	304	313	Influenza
infectious diseases_influenza_45.txt	symptom	concept	450	455	cough
infectious diseases_influenza_45.txt	symptom	concept	457	468	sore throat
infectious diseases_influenza_45.txt	symptom	concept	470	480	body aches
infectious diseases_influenza_45.txt	symptom	concept	486	493	malaise
infectious diseases_influenza_45.txt	disease	concept	519	528	influenza
infectious diseases_influenza_45.txt	disease	concept	588	597	influenza
infectious diseases_influenza_45.txt	disease	concept	692	703	Influenza A
infectious diseases_influenza_45.txt	procedure	concept	993	1004	chest x-ray
infectious diseases_influenza_45.txt	procedure	concept	1060	1074	pulse oximetry
infectious diseases_influenza_45.txt	symptom	concept	1100	1109	hypoxemia
infectious diseases_influenza_45.txt	disease	concept	1149	1158	influenza
infectious diseases_influenza_45.txt	disease	concept	1185	1196	Influenza A
infectious diseases_influenza_45.txt	medication	concept	1281	1292	Oseltamivir
infectious diseases_influenza_45.txt	medication	concept	1456	1469	acetaminophen
infectious diseases_influenza_45.txt	symptom	concept	1505	1515	body aches
infectious diseases_influenza_45.txt	medication	concept	1556	1563	Aspirin
infectious diseases_influenza_45.txt	disease	concept	1628	1643	Reye's syndrome
infectious diseases_influenza_45.txt	medication	concept	1795	1810	bronchodilators
infectious diseases_influenza_45.txt	disease	concept	1832	1855	reactive airway disease
infectious diseases_influenza_45.txt	disease	concept	1961	1966	fever
infectious diseases_influenza_45.txt	symptom	concept	1986	1991	cough
infectious diseases_influenza_45.txt	medication	concept	2050	2061	Oseltamivir
infectious diseases_influenza_45.txt	medication	concept	2139	2152	Acetaminophen
infectious diseases_influenza_45.txt	medication	concept	2340	2351	Oseltamivir
infectious diseases_influenza_45.txt	disease	concept	2819	2826	fluenza
infectious diseases_influenza_45.txt	disease	concept	2965	2974	influenza
infectious diseases_influenza_45.txt	disease	concept	3197	3208	Influenza A
infectious diseases_influenza_45.txt	medication	concept	3264	3275	Oseltamivir
infectious diseases_influenza_45.txt	procedure	concept	3412	3428	antiviral course
infectious diseases_influenza_45.txt	disease	concept	3510	3519	influenza
infectious diseases_influenza_46.txt	symptom	concept	388	400	muscle aches
infectious diseases_influenza_46.txt	symptom	concept	402	407	cough
infectious diseases_influenza_46.txt	disease	concept	652	661	influenza
infectious diseases_influenza_46.txt	disease	concept	1065	1076	Influenza A
infectious diseases_influenza_46.txt	disease	concept	1131	1135	H3N2
infectious diseases_influenza_46.txt	disease	concept	1353	1364	influenza A
infectious diseases_influenza_46.txt	procedure	concept	1440	1457	antiviral therapy
infectious diseases_influenza_46.txt	medication	concept	1512	1523	Oseltamivir
infectious diseases_influenza_46.txt	medication	concept	1750	1763	Acetaminophen
infectious diseases_influenza_46.txt	disease	concept	1796	1801	fever
infectious diseases_influenza_46.txt	symptom	concept	1806	1814	myalgias
infectious diseases_influenza_46.txt	medication	concept	1825	1832	aspirin
infectious diseases_influenza_46.txt	disease	concept	1852	1867	Reye's syndrome
infectious diseases_influenza_46.txt	disease	concept	1963	1992	secondary bacterial infection
infectious diseases_influenza_46.txt	disease	concept	2018	2027	pneumonia
infectious diseases_influenza_46.txt	disease	concept	2190	2195	fever
infectious diseases_influenza_46.txt	symptom	concept	2243	2248	cough
infectious diseases_influenza_46.txt	symptom	concept	2253	2265	muscle aches
infectious diseases_influenza_46.txt	medication	concept	2429	2440	Oseltamivir
infectious diseases_influenza_46.txt	disease	concept	2673	2682	influenza
infectious diseases_influenza_46.txt	disease	concept	2750	2759	influenza
infectious diseases_influenza_46.txt	disease	concept	3068	3079	influenza A
infectious diseases_influenza_46.txt	medication	concept	3108	3119	Oseltamivir
infectious diseases_influenza_47.txt	disease	concept	293	302	Influenza
infectious diseases_influenza_47.txt	symptom	concept	436	441	fever
infectious diseases_influenza_47.txt	symptom	concept	443	448	cough
infectious diseases_influenza_47.txt	symptom	concept	450	461	sore throat
infectious diseases_influenza_47.txt	symptom	concept	463	473	body aches
infectious diseases_influenza_47.txt	disease	concept	591	600	influenza
infectious diseases_influenza_47.txt	disease	concept	649	658	influenza
infectious diseases_influenza_47.txt	disease	concept	852	863	influenza A
infectious diseases_influenza_47.txt	disease	concept	986	995	influenza
infectious diseases_influenza_47.txt	symptom	concept	1038	1047	hypoxemia
infectious diseases_influenza_47.txt	symptom	concept	1135	1144	pneumonia
infectious diseases_influenza_47.txt	medication	concept	1318	1329	Oseltamivir
infectious diseases_influenza_47.txt	medication	concept	1434	1447	acetaminophen
infectious diseases_influenza_47.txt	disease	concept	1924	1939	influenza virus
infectious diseases_influenza_47.txt	medication	concept	2048	2059	Oseltamivir
infectious diseases_influenza_47.txt	medication	concept	2215	2226	Oseltamivir
infectious diseases_influenza_47.txt	symptom	concept	2618	2628	chest pain
infectious diseases_influenza_47.txt	symptom	concept	2630	2639	confusion
infectious diseases_influenza_47.txt	medication	concept	2697	2708	Oseltamivir
infectious diseases_influenza_47.txt	medication	concept	2767	2780	Acetaminophen
infectious diseases_influenza_47.txt	disease	concept	3064	3083	influenza infection
infectious diseases_influenza_48.txt	symptom	concept	421	426	fever
infectious diseases_influenza_48.txt	symptom	concept	428	433	cough
infectious diseases_influenza_48.txt	symptom	concept	447	454	fatigue
infectious diseases_influenza_48.txt	symptom	concept	460	470	body aches
infectious diseases_influenza_48.txt	disease	concept	523	532	influenza
infectious diseases_influenza_48.txt	disease	concept	578	587	influenza
infectious diseases_influenza_48.txt	disease	concept	758	767	influenza
infectious diseases_influenza_48.txt	symptom	concept	913	918	fever
infectious diseases_influenza_48.txt	disease	concept	1049	1058	influenza
infectious diseases_influenza_48.txt	disease	concept	1193	1204	Influenza A
infectious diseases_influenza_48.txt	procedure	concept	1255	1269	pulse oximetry
infectious diseases_influenza_48.txt	procedure	concept	1312	1323	chest x-ray
infectious diseases_influenza_48.txt	medication	concept	1486	1497	Oseltamivir
infectious diseases_influenza_48.txt	medication	concept	1655	1668	acetaminophen
infectious diseases_influenza_48.txt	symptom	concept	1683	1693	body aches
infectious diseases_influenza_48.txt	medication	concept	1714	1721	aspirin
infectious diseases_influenza_48.txt	disease	concept	1752	1767	Reye's syndrome
infectious diseases_influenza_48.txt	symptom	concept	1950	1955	fever
infectious diseases_influenza_48.txt	medication	concept	2416	2427	Oseltamivir
infectious diseases_influenza_48.txt	medication	concept	2566	2579	acetaminophen
infectious diseases_influenza_48.txt	procedure	concept	2767	2788	follow-up appointment
infectious diseases_influenza_48.txt	medication	concept	2891	2902	Oseltamivir
infectious diseases_influenza_48.txt	medication	concept	2982	2995	Acetaminophen
infectious diseases_influenza_48.txt	symptom	concept	3286	3305	shortness of breath
infectious diseases_influenza_48.txt	symptom	concept	3307	3317	chest pain
infectious diseases_influenza_49.txt	symptom	concept	388	393	cough
infectious diseases_influenza_49.txt	symptom	concept	395	407	muscle aches
infectious diseases_influenza_49.txt	disease	concept	429	438	Influenza
infectious diseases_influenza_49.txt	disease	concept	944	953	influenza
infectious diseases_influenza_49.txt	disease	concept	1000	1011	Influenza A
infectious diseases_influenza_49.txt	disease	concept	1129	1140	Influenza A
infectious diseases_influenza_49.txt	disease	concept	1193	1202	pneumonia
infectious diseases_influenza_49.txt	symptom	concept	1338	1352	mild hypoxemia
infectious diseases_influenza_49.txt	medication	concept	1437	1448	Oseltamivir
infectious diseases_influenza_49.txt	symptom	concept	1570	1579	hypoxemia
infectious diseases_influenza_49.txt	medication	concept	1768	1781	acetaminophen
infectious diseases_influenza_49.txt	symptom	concept	1786	1791	fever
infectious diseases_influenza_49.txt	symptom	concept	1796	1808	muscle aches
infectious diseases_influenza_49.txt	medication	concept	1849	1856	Aspirin
infectious diseases_influenza_49.txt	disease	concept	1921	1936	Reye's syndrome
infectious diseases_influenza_49.txt	symptom	concept	2198	2203	cough
infectious diseases_influenza_49.txt	symptom	concept	2208	2215	fatigue
infectious diseases_influenza_49.txt	medication	concept	2616	2627	Oseltamivir
infectious diseases_influenza_49.txt	symptom	concept	2826	2846	difficulty breathing
infectious diseases_influenza_49.txt	medication	concept	2892	2903	Oseltamivir
infectious diseases_influenza_49.txt	medication	concept	2962	2975	Acetaminophen
infectious diseases_influenza_49.txt	symptom	concept	3027	3031	pain
infectious diseases_influenza_49.txt	disease	concept	3207	3216	influenza
infectious diseases_influenza_49.txt	disease	concept	3268	3277	influenza
infectious diseases_influenza_5.txt	symptom	concept	486	491	fever
infectious diseases_influenza_5.txt	symptom	concept	493	498	cough
infectious diseases_influenza_5.txt	symptom	concept	507	514	myalgia
infectious diseases_influenza_5.txt	symptom	concept	520	527	fatigue
infectious diseases_influenza_5.txt	disease	concept	576	585	influenza
infectious diseases_influenza_5.txt	disease	concept	607	616	influenza
infectious diseases_influenza_5.txt	medication	concept	747	756	albuterol
infectious diseases_influenza_5.txt	disease	concept	792	801	influenza
infectious diseases_influenza_5.txt	disease	concept	1076	1085	influenza
infectious diseases_influenza_5.txt	disease	concept	1142	1153	Influenza A
infectious diseases_influenza_5.txt	disease	concept	1273	1284	Influenza A
infectious diseases_influenza_5.txt	disease	concept	1442	1451	pneumonia
infectious diseases_influenza_5.txt	medication	concept	1598	1609	Oseltamivir
infectious diseases_influenza_5.txt	disease	concept	1750	1756	asthma
infectious diseases_influenza_5.txt	medication	concept	1758	1767	Zanamivir
infectious diseases_influenza_5.txt	disease	concept	1808	1820	bronchospasm
infectious diseases_influenza_5.txt	medication	concept	1855	1868	acetaminophen
infectious diseases_influenza_5.txt	disease	concept	1894	1899	fever
infectious diseases_influenza_5.txt	disease	concept	1904	1912	myalgias
infectious diseases_influenza_5.txt	disease	concept	2160	2165	Fever
infectious diseases_influenza_5.txt	symptom	concept	2434	2445	vital signs
infectious diseases_influenza_5.txt	medication	concept	2599	2610	Oseltamivir
infectious diseases_influenza_5.txt	symptom	concept	2639	2651	side effects
infectious diseases_influenza_5.txt	medication	concept	2771	2782	Oseltamivir
infectious diseases_influenza_5.txt	disease	concept	2835	2840	fever
infectious diseases_influenza_5.txt	disease	concept	3035	3044	influenza
infectious diseases_influenza_5.txt	medication	concept	3057	3077	pneumococcal vaccine
infectious diseases_influenza_5.txt	disease	concept	3116	3125	influenza
infectious diseases_influenza_5.txt	disease	concept	3130	3151	pneumococcal diseases
infectious diseases_influenza_5.txt	medication	concept	3190	3201	Oseltamivir
infectious diseases_influenza_5.txt	medication	concept	3246	3259	Acetaminophen
infectious diseases_influenza_5.txt	symptom	concept	3281	3286	fever
infectious diseases_influenza_5.txt	symptom	concept	3290	3294	pain
infectious diseases_influenza_5.txt	disease	concept	3490	3496	asthma
infectious diseases_influenza_5.txt	disease	concept	3542	3551	influenza
infectious diseases_influenza_5.txt	medication	concept	3556	3577	pneumococcal vaccines
infectious diseases_influenza_5.txt	disease	concept	3840	3851	Influenza A
infectious diseases_influenza_5.txt	symptom	concept	4044	4064	respiratory symptoms
infectious diseases_influenza_6.txt	symptom	concept	416	421	cough
infectious diseases_influenza_6.txt	symptom	concept	423	434	sore throat
infectious diseases_influenza_6.txt	symptom	concept	436	446	body aches
infectious diseases_influenza_6.txt	disease	concept	650	659	influenza
infectious diseases_influenza_6.txt	symptom	concept	1119	1135	nasal congestion
infectious diseases_influenza_6.txt	disease	concept	1315	1324	influenza
infectious diseases_influenza_6.txt	disease	concept	1339	1351	Influenza A.
infectious diseases_influenza_6.txt	disease	concept	1549	1560	Influenza A
infectious diseases_influenza_6.txt	disease	concept	1659	1668	influenza
infectious diseases_influenza_6.txt	symptom	concept	1712	1723	dehydration
infectious diseases_influenza_6.txt	symptom	concept	1733	1738	fever
infectious diseases_influenza_6.txt	medication	concept	1819	1828	IV fluids
infectious diseases_influenza_6.txt	medication	concept	1849	1862	acetaminophen
infectious diseases_influenza_6.txt	symptom	concept	1877	1887	body aches
infectious diseases_influenza_6.txt	medication	concept	2009	2020	Oseltamivir
infectious diseases_influenza_6.txt	symptom	concept	2273	2278	cough
infectious diseases_influenza_6.txt	symptom	concept	2283	2290	fatigue
infectious diseases_influenza_6.txt	medication	concept	2685	2696	Oseltamivir
infectious diseases_influenza_6.txt	symptom	concept	2991	3011	difficulty breathing
infectious diseases_influenza_6.txt	symptom	concept	3013	3023	chest pain
infectious diseases_influenza_6.txt	disease	concept	3460	3471	Influenza A
infectious diseases_influenza_6.txt	procedure	concept	3571	3575	rest
infectious diseases_influenza_6.txt	procedure	concept	3577	3586	hydration
infectious diseases_influenza_6.txt	procedure	concept	3594	3609	follow-up visit
infectious diseases_influenza_7.txt	disease	concept	262	271	Influenza
infectious diseases_influenza_7.txt	symptom	concept	427	432	cough
infectious diseases_influenza_7.txt	symptom	concept	457	464	fatigue
infectious diseases_influenza_7.txt	disease	concept	586	595	influenza
infectious diseases_influenza_7.txt	disease	concept	652	661	influenza
infectious diseases_influenza_7.txt	disease	concept	741	750	influenza
infectious diseases_influenza_7.txt	disease	concept	780	791	Influenza A
infectious diseases_influenza_7.txt	disease	concept	941	950	Influenza
infectious diseases_influenza_7.txt	disease	concept	1122	1131	influenza
infectious diseases_influenza_7.txt	disease	concept	1146	1157	Influenza A
infectious diseases_influenza_7.txt	disease	concept	1178	1187	influenza
infectious diseases_influenza_7.txt	symptom	concept	1289	1298	pneumonia
infectious diseases_influenza_7.txt	disease	concept	1328	1343	viral infection
infectious diseases_influenza_7.txt	disease	concept	1426	1437	Influenza A
infectious diseases_influenza_7.txt	medication	concept	1485	1496	Oseltamivir
infectious diseases_influenza_7.txt	medication	concept	1698	1710	antipyretics
infectious diseases_influenza_7.txt	medication	concept	1725	1738	Acetaminophen
infectious diseases_influenza_7.txt	symptom	concept	1753	1758	fever
infectious diseases_influenza_7.txt	symptom	concept	1763	1773	body aches
infectious diseases_influenza_7.txt	medication	concept	1784	1791	aspirin
infectious diseases_influenza_7.txt	disease	concept	1811	1826	Reye's syndrome
infectious diseases_influenza_7.txt	disease	concept	1950	1955	Fever
infectious diseases_influenza_7.txt	symptom	concept	2020	2025	cough
infectious diseases_influenza_7.txt	symptom	concept	2030	2040	body aches
infectious diseases_influenza_7.txt	symptom	concept	2127	2143	residual fatigue
infectious diseases_influenza_7.txt	medication	concept	2272	2283	Oseltamivir
infectious diseases_influenza_7.txt	disease	concept	2798	2803	fever
infectious diseases_influenza_7.txt	medication	concept	2823	2835	antipyretics
infectious diseases_influenza_7.txt	disease	concept	2993	3004	Influenza A
infectious diseases_influenza_7.txt	procedure	concept	3186	3195	home care
infectious diseases_influenza_8.txt	symptom	concept	405	417	muscle aches
infectious diseases_influenza_8.txt	symptom	concept	419	424	cough
infectious diseases_influenza_8.txt	disease	concept	667	676	influenza
infectious diseases_influenza_8.txt	symptom	concept	700	705	cough
infectious diseases_influenza_8.txt	symptom	concept	711	718	myalgia
infectious diseases_influenza_8.txt	disease	concept	778	787	influenza
infectious diseases_influenza_8.txt	disease	concept	999	1010	influenza A
infectious diseases_influenza_8.txt	disease	concept	1354	1363	influenza
infectious diseases_influenza_8.txt	disease	concept	1378	1407	secondary bacterial infection
infectious diseases_influenza_8.txt	medication	concept	1556	1567	Oseltamivir
infectious diseases_influenza_8.txt	medication	concept	1788	1801	acetaminophen
infectious diseases_influenza_8.txt	symptom	concept	1827	1832	fever
infectious diseases_influenza_8.txt	symptom	concept	1837	1847	body aches
infectious diseases_influenza_8.txt	medication	concept	1888	1895	Aspirin
infectious diseases_influenza_8.txt	disease	concept	1959	1974	Reye's syndrome
infectious diseases_influenza_8.txt	symptom	concept	2353	2358	fever
infectious diseases_influenza_8.txt	symptom	concept	2381	2386	cough
infectious diseases_influenza_8.txt	symptom	concept	2391	2398	myalgia
infectious diseases_influenza_8.txt	medication	concept	2447	2458	Oseltamivir
infectious diseases_influenza_8.txt	symptom	concept	2716	2734	respiratory status
infectious diseases_influenza_8.txt	medication	concept	2876	2889	acetaminophen
infectious diseases_influenza_8.txt	disease	concept	3592	3603	influenza A
infectious diseases_influenza_8.txt	medication	concept	3656	3667	Oseltamivir
infectious diseases_influenza_8.txt	medication	concept	3669	3688	supplemental oxygen
infectious diseases_influenza_9.txt	symptom	concept	357	362	fever
infectious diseases_influenza_9.txt	symptom	concept	371	379	headache
infectious diseases_influenza_9.txt	symptom	concept	381	393	muscle aches
infectious diseases_influenza_9.txt	symptom	concept	395	400	cough
infectious diseases_influenza_9.txt	symptom	concept	406	417	sore throat
infectious diseases_influenza_9.txt	disease	concept	562	584	influenza-like illness
infectious diseases_influenza_9.txt	disease	concept	769	778	influenza
infectious diseases_influenza_9.txt	disease	concept	795	804	influenza
infectious diseases_influenza_9.txt	procedure	concept	1038	1058	Physical Examination
infectious diseases_influenza_9.txt	symptom	concept	1162	1182	respiratory distress
infectious diseases_influenza_9.txt	symptom	concept	1214	1230	diffuse wheezing
infectious diseases_influenza_9.txt	symptom	concept	1232	1247	bilateral rales
infectious diseases_influenza_9.txt	symptom	concept	1302	1310	cyanosis
infectious diseases_influenza_9.txt	symptom	concept	1314	1330	peripheral edema
infectious diseases_influenza_9.txt	procedure	concept	1349	1366	Diagnostic Workup
infectious diseases_influenza_9.txt	procedure	concept	1377	1395	Rapid Antigen Test
infectious diseases_influenza_9.txt	disease	concept	1452	1466	"Influenza A.
2"
infectious diseases_influenza_9.txt	disease	concept	1671	1690	influenza pneumonia
infectious diseases_influenza_9.txt	medication	concept	1818	1829	Oseltamivir
infectious diseases_influenza_9.txt	medication	concept	2020	2029	IV fluids
infectious diseases_influenza_9.txt	medication	concept	2045	2058	acetaminophen
infectious diseases_influenza_9.txt	procedure	concept	2156	2170	pulse oximetry
infectious diseases_influenza_9.txt	procedure	concept	2200	2222	respiratory assessment
infectious diseases_influenza_9.txt	symptom	concept	2350	2361	dehydration
infectious diseases_influenza_9.txt	medication	concept	2995	3008	acetaminophen
infectious diseases_influenza_9.txt	disease	concept	3027	3033	fevers
infectious diseases_influenza_9.txt	disease	concept	3037	3045	myalgias
infectious diseases_influenza_9.txt	medication	concept	3242	3268	fever-reducing medications
infectious diseases_influenza_9.txt	disease	concept	3461	3470	influenza
infectious diseases_influenza_9.txt	disease	concept	3519	3528	influenza
infectious diseases_influenza_9.txt	disease	concept	3682	3691	influenza
infectious diseases_influenza_9.txt	disease	concept	3842	3853	Influenza A
infectious diseases_influenza_9.txt	medication	concept	3930	3941	Oseltamivir
neurology_intracerebral hemorrhage_0.txt	symptom	concept	490	503	consciousness
neurology_intracerebral hemorrhage_0.txt	medication	concept	578	588	Lisinopril
neurology_intracerebral hemorrhage_0.txt	medication	concept	627	640	anticoagulant
neurology_intracerebral hemorrhage_0.txt	medication	concept	644	667	antiplatelet medication
neurology_intracerebral hemorrhage_0.txt	disease	concept	952	981	left intracerebral hemorrhage
neurology_intracerebral hemorrhage_0.txt	medication	concept	1199	1213	anticoagulants
neurology_intracerebral hemorrhage_0.txt	medication	concept	1218	1242	antiplatelet medications
neurology_intracerebral hemorrhage_0.txt	medication	concept	1322	1336	IV nicardipine
neurology_intracerebral hemorrhage_0.txt	disease	concept	1744	1767	deep cerebral hematomas
neurology_intracerebral hemorrhage_0.txt	disease	concept	1780	1795	lobar hematomas
neurology_intracerebral hemorrhage_0.txt	symptom	concept	1891	1904	hydrocephalus
neurology_intracerebral hemorrhage_0.txt	symptom	concept	2009	2020	hypotension
neurology_intracerebral hemorrhage_0.txt	medication	concept	2133	2144	nicardipine
neurology_intracerebral hemorrhage_0.txt	symptom	concept	2175	2182	seizure
neurology_intracerebral hemorrhage_0.txt	symptom	concept	2428	2448	right-sided weakness
neurology_intracerebral hemorrhage_0.txt	symptom	concept	2524	2538	motor strength
neurology_intracerebral hemorrhage_0.txt	medication	concept	2642	2652	Lisinopril
neurology_intracerebral hemorrhage_0.txt	disease	concept	2683	2695	hypertension
neurology_intracerebral hemorrhage_0.txt	symptom	concept	2789	2803	blood pressure
neurology_intracerebral hemorrhage_0.txt	symptom	concept	2903	2911	seizures
neurology_intracerebral hemorrhage_0.txt	symptom	concept	3672	3680	headache
neurology_intracerebral hemorrhage_0.txt	symptom	concept	3682	3690	weakness
neurology_intracerebral hemorrhage_0.txt	disease	concept	3835	3847	hypertension
neurology_intracerebral hemorrhage_0.txt	symptom	concept	4125	4139	blood pressure
neurology_intracerebral hemorrhage_0.txt	disease	concept	4282	4306	intracerebral hemorrhage
neurology_intracerebral hemorrhage_0.txt	disease	concept	4540	4553	complications
neurology_intracerebral hemorrhage_1.txt	disease	concept	253	277	Intracerebral Hemorrhage
neurology_intracerebral hemorrhage_1.txt	disease	concept	305	317	Hypertension
neurology_intracerebral hemorrhage_1.txt	disease	concept	319	333	Hyperlipidemia
neurology_intracerebral hemorrhage_1.txt	symptom	concept	463	471	headache
neurology_intracerebral hemorrhage_1.txt	symptom	concept	473	493	right-sided weakness
neurology_intracerebral hemorrhage_1.txt	disease	concept	603	615	hypertension
neurology_intracerebral hemorrhage_1.txt	medication	concept	780	793	illicit drugs
neurology_intracerebral hemorrhage_1.txt	medication	concept	1444	1455	nicardipine
neurology_intracerebral hemorrhage_1.txt	medication	concept	1681	1692	nicardipine
neurology_intracerebral hemorrhage_1.txt	medication	concept	1721	1738	antihypertensives
neurology_intracerebral hemorrhage_1.txt	medication	concept	1740	1750	lisinopril
neurology_intracerebral hemorrhage_1.txt	medication	concept	1810	1839	anticoagulant reversal agents
neurology_intracerebral hemorrhage_1.txt	procedure	concept	1926	1944	Seizure Management
neurology_intracerebral hemorrhage_1.txt	symptom	concept	1974	1981	seizure
neurology_intracerebral hemorrhage_1.txt	medication	concept	2010	2023	levetiracetam
neurology_intracerebral hemorrhage_1.txt	medication	concept	2269	2282	levetiracetam
neurology_intracerebral hemorrhage_1.txt	symptom	concept	2573	2586	hydrocephalus
neurology_intracerebral hemorrhage_1.txt	medication	concept	2697	2707	lisinopril
neurology_intracerebral hemorrhage_1.txt	medication	concept	2746	2759	levetiracetam
neurology_intracerebral hemorrhage_1.txt	procedure	concept	3018	3021	MRI
neurology_intracerebral hemorrhage_1.txt	procedure	concept	3623	3637	rehabilitation
neurology_intracerebral hemorrhage_10.txt	medication	concept	455	482	antihypertensive medication
neurology_intracerebral hemorrhage_10.txt	medication	concept	1083	1096	anticoagulant
neurology_intracerebral hemorrhage_10.txt	medication	concept	1101	1125	antiplatelet medications
neurology_intracerebral hemorrhage_10.txt	medication	concept	1179	1193	anticoagulants
neurology_intracerebral hemorrhage_10.txt	medication	concept	1198	1213	reversal agents
neurology_intracerebral hemorrhage_10.txt	medication	concept	1271	1294	intravenous nicardipine
neurology_intracerebral hemorrhage_10.txt	symptom	concept	1666	1679	hydrocephalus
neurology_intracerebral hemorrhage_10.txt	symptom	concept	1695	1708	midline shift
neurology_intracerebral hemorrhage_10.txt	symptom	concept	1820	1846	neurological deterioration
neurology_intracerebral hemorrhage_10.txt	disease	concept	1850	1863	complications
neurology_intracerebral hemorrhage_10.txt	symptom	concept	1980	1988	seizures
neurology_intracerebral hemorrhage_10.txt	symptom	concept	2152	2160	mobility
neurology_intracerebral hemorrhage_10.txt	medication	concept	2197	2207	Amlodipine
neurology_intracerebral hemorrhage_10.txt	medication	concept	2253	2264	Nicardipine
neurology_intracerebral hemorrhage_10.txt	medication	concept	2343	2355	Pantoprazole
neurology_intracerebral hemorrhage_10.txt	disease	concept	2691	2703	hypertension
neurology_intracerebral hemorrhage_10.txt	symptom	concept	2749	2763	blood pressure
neurology_intracerebral hemorrhage_10.txt	disease	concept	3056	3068	hypertension
neurology_intracerebral hemorrhage_11.txt	symptom	concept	495	503	headache
neurology_intracerebral hemorrhage_11.txt	symptom	concept	505	525	right-sided weakness
neurology_intracerebral hemorrhage_11.txt	medication	concept	591	599	Apixaban
neurology_intracerebral hemorrhage_11.txt	disease	concept	605	624	atrial fibrillation
neurology_intracerebral hemorrhage_11.txt	disease	concept	689	713	intracerebral hemorrhage
neurology_intracerebral hemorrhage_11.txt	disease	concept	842	854	hypoglycemia
neurology_intracerebral hemorrhage_11.txt	symptom	concept	1220	1242	contrast extravasation
neurology_intracerebral hemorrhage_11.txt	medication	concept	1307	1321	andexanet alfa
neurology_intracerebral hemorrhage_11.txt	medication	concept	1365	1373	Apixaban
neurology_intracerebral hemorrhage_11.txt	medication	concept	1427	1441	Andexanet alfa
neurology_intracerebral hemorrhage_11.txt	medication	concept	1501	1509	Apixaban
neurology_intracerebral hemorrhage_11.txt	procedure	concept	1516	1541	Blood Pressure Management
neurology_intracerebral hemorrhage_11.txt	medication	concept	1633	1644	nicardipine
neurology_intracerebral hemorrhage_11.txt	procedure	concept	1882	1906	Neurological Observation
neurology_intracerebral hemorrhage_11.txt	procedure	concept	1992	2016	neurological observation
neurology_intracerebral hemorrhage_11.txt	procedure	concept	2120	2141	Surgical Intervention
neurology_intracerebral hemorrhage_11.txt	procedure	concept	2232	2251	surgical evacuation
neurology_intracerebral hemorrhage_11.txt	procedure	concept	2369	2390	surgical intervention
neurology_intracerebral hemorrhage_11.txt	medication	concept	2450	2460	Amlodipine
neurology_intracerebral hemorrhage_11.txt	medication	concept	2508	2520	Atorvastatin
neurology_intracerebral hemorrhage_11.txt	disease	concept	2551	2565	hyperlipidemia
neurology_intracerebral hemorrhage_11.txt	medication	concept	2593	2606	Levetiracetam
neurology_intracerebral hemorrhage_11.txt	disease	concept	2899	2923	intracerebral hemorrhage
neurology_intracerebral hemorrhage_11.txt	disease	concept	3121	3140	atrial fibrillation
neurology_intracerebral hemorrhage_11.txt	symptom	concept	3769	3777	headache
neurology_intracerebral hemorrhage_11.txt	symptom	concept	3789	3797	weakness
neurology_intracerebral hemorrhage_12.txt	disease	concept	228	252	Intracerebral Hemorrhage
neurology_intracerebral hemorrhage_12.txt	disease	concept	280	292	Hypertension
neurology_intracerebral hemorrhage_12.txt	disease	concept	393	405	hypertension
neurology_intracerebral hemorrhage_12.txt	disease	concept	1211	1235	intracerebral hemorrhage
neurology_intracerebral hemorrhage_12.txt	disease	concept	1285	1309	intracerebral hemorrhage
neurology_intracerebral hemorrhage_12.txt	medication	concept	1315	1328	anticoagulant
neurology_intracerebral hemorrhage_12.txt	medication	concept	1400	1414	anticoagulants
neurology_intracerebral hemorrhage_12.txt	medication	concept	1546	1560	IV nicardipine
neurology_intracerebral hemorrhage_12.txt	medication	concept	1761	1772	nicardipine
neurology_intracerebral hemorrhage_12.txt	procedure	concept	1808	1829	Surgical Intervention
neurology_intracerebral hemorrhage_12.txt	disease	concept	1863	1871	hematoma
neurology_intracerebral hemorrhage_12.txt	symptom	concept	1928	1938	herniation
neurology_intracerebral hemorrhage_12.txt	disease	concept	1962	1975	hydrocephalus
neurology_intracerebral hemorrhage_12.txt	procedure	concept	1977	1996	surgical evacuation
neurology_intracerebral hemorrhage_12.txt	symptom	concept	2077	2096	neurological status
neurology_intracerebral hemorrhage_12.txt	medication	concept	2269	2280	ceftriaxone
neurology_intracerebral hemorrhage_12.txt	medication	concept	2375	2386	Nicardipine
neurology_intracerebral hemorrhage_12.txt	medication	concept	2440	2450	Amlodipine
neurology_intracerebral hemorrhage_12.txt	medication	concept	2526	2538	Pantoprazole
neurology_intracerebral hemorrhage_12.txt	medication	concept	2844	2867	Antiseizure medications
neurology_intracerebral hemorrhage_12.txt	procedure	concept	3034	3050	salt restriction
neurology_intracerebral hemorrhage_12.txt	procedure	concept	3074	3091	smoking cessation
neurology_intracerebral hemorrhage_12.txt	disease	concept	3106	3118	hypertension
neurology_intracerebral hemorrhage_12.txt	disease	concept	3149	3173	intracerebral hemorrhage
neurology_intracerebral hemorrhage_12.txt	disease	concept	3237	3261	intracerebral hemorrhage
neurology_intracerebral hemorrhage_12.txt	procedure	concept	3371	3392	surgical intervention
neurology_intracerebral hemorrhage_12.txt	procedure	concept	3458	3479	outpatient monitoring
neurology_intracerebral hemorrhage_12.txt	procedure	concept	3484	3507	lifestyle modifications
neurology_intracerebral hemorrhage_12.txt	symptom	concept	3624	3638	blood pressure
neurology_intracerebral hemorrhage_12.txt	procedure	concept	3817	3840	lifestyle modifications
neurology_intracerebral hemorrhage_13.txt	symptom	concept	297	317	right-sided weakness
neurology_intracerebral hemorrhage_13.txt	disease	concept	452	464	hypertension
neurology_intracerebral hemorrhage_13.txt	disease	concept	469	493	type 2 diabetes mellitus
neurology_intracerebral hemorrhage_13.txt	symptom	concept	595	603	headache
neurology_intracerebral hemorrhage_13.txt	procedure	concept	1389	1411	contrast extravasation
neurology_intracerebral hemorrhage_13.txt	disease	concept	1469	1493	intracerebral hemorrhage
neurology_intracerebral hemorrhage_13.txt	medication	concept	1645	1656	Nicardipine
neurology_intracerebral hemorrhage_13.txt	procedure	concept	2134	2155	surgical intervention
neurology_intracerebral hemorrhage_13.txt	symptom	concept	2362	2375	hydrocephalus
neurology_intracerebral hemorrhage_13.txt	symptom	concept	2503	2511	seizures
neurology_intracerebral hemorrhage_13.txt	medication	concept	2577	2588	Nicardipine
neurology_intracerebral hemorrhage_13.txt	medication	concept	2666	2678	Atorvastatin
neurology_intracerebral hemorrhage_13.txt	medication	concept	2770	2779	Metformin
neurology_intracerebral hemorrhage_13.txt	medication	concept	2832	2839	Aspirin
neurology_intracerebral hemorrhage_13.txt	disease	concept	2885	2904	intracerebral hemor
neurology_intracerebral hemorrhage_13.txt	procedure	concept	2986	3011	Blood Pressure Monitoring
neurology_intracerebral hemorrhage_13.txt	disease	concept	3399	3411	hypertension
neurology_intracerebral hemorrhage_13.txt	disease	concept	3416	3424	diabetes
neurology_intracerebral hemorrhage_13.txt	symptom	concept	3743	3751	headache
neurology_intracerebral hemorrhage_13.txt	symptom	concept	3822	3831	confusion
neurology_intracerebral hemorrhage_13.txt	procedure	concept	4152	4177	outpatient rehabilitation
neurology_intracerebral hemorrhage_14.txt	disease	concept	505	529	cerebrovascular diseases
neurology_intracerebral hemorrhage_14.txt	disease	concept	871	883	hypoglycemia
neurology_intracerebral hemorrhage_14.txt	disease	concept	1195	1218	subarachnoid hemorrhage
neurology_intracerebral hemorrhage_14.txt	medication	concept	1242	1266	anticoagulant medication
neurology_intracerebral hemorrhage_14.txt	medication	concept	1381	1395	IV nicardipine
neurology_intracerebral hemorrhage_14.txt	disease	concept	1490	1502	hypertension
neurology_intracerebral hemorrhage_14.txt	medication	concept	1631	1645	IV nicardipine
neurology_intracerebral hemorrhage_14.txt	procedure	concept	1667	1688	Surgical intervention
neurology_intracerebral hemorrhage_14.txt	disease	concept	1776	1784	hematoma
neurology_intracerebral hemorrhage_14.txt	symptom	concept	2083	2096	hydrocephalus
neurology_intracerebral hemorrhage_14.txt	medication	concept	2210	2237	antihypertensive medication
neurology_intracerebral hemorrhage_14.txt	symptom	concept	2315	2323	seizures
neurology_intracerebral hemorrhage_14.txt	medication	concept	2361	2384	antiseizure medications
neurology_intracerebral hemorrhage_14.txt	medication	concept	2574	2585	Nicardipine
neurology_intracerebral hemorrhage_14.txt	medication	concept	2650	2660	Amlodipine
neurology_intracerebral hemorrhage_14.txt	medication	concept	2736	2759	antiseizure medications
neurology_intracerebral hemorrhage_14.txt	symptom	concept	2798	2806	seizures
neurology_intracerebral hemorrhage_14.txt	procedure	concept	2872	2879	CT scan
neurology_intracerebral hemorrhage_14.txt	symptom	concept	2937	2951	Blood pressure
neurology_intracerebral hemorrhage_14.txt	symptom	concept	3253	3261	headache
neurology_intracerebral hemorrhage_14.txt	symptom	concept	3263	3272	confusion
neurology_intracerebral hemorrhage_14.txt	symptom	concept	3274	3281	seizure
neurology_intracerebral hemorrhage_14.txt	symptom	concept	3296	3304	weakness
neurology_intracerebral hemorrhage_14.txt	symptom	concept	3506	3514	mobility
neurology_intracerebral hemorrhage_14.txt	symptom	concept	3766	3779	complications
neurology_intracerebral hemorrhage_15.txt	symptom	concept	284	304	right-sided weakness
neurology_intracerebral hemorrhage_15.txt	disease	concept	370	382	Hypertension
neurology_intracerebral hemorrhage_15.txt	medication	concept	477	487	Amlodipine
neurology_intracerebral hemorrhage_15.txt	disease	concept	504	516	hypertension
neurology_intracerebral hemorrhage_15.txt	symptom	concept	692	700	headache
neurology_intracerebral hemorrhage_15.txt	symptom	concept	728	742	slurred speech
neurology_intracerebral hemorrhage_15.txt	disease	concept	911	923	hypoglycemia
neurology_intracerebral hemorrhage_15.txt	disease	concept	1393	1405	hypertension
neurology_intracerebral hemorrhage_15.txt	medication	concept	1472	1486	Nicardipine IV
neurology_intracerebral hemorrhage_15.txt	disease	concept	1867	1891	intracerebral hemorrhage
neurology_intracerebral hemorrhage_15.txt	medication	concept	1893	1903	Amlodipine
neurology_intracerebral hemorrhage_15.txt	medication	concept	1952	1966	anticoagulants
neurology_intracerebral hemorrhage_15.txt	medication	concept	1970	1994	antiplatelet medications
neurology_intracerebral hemorrhage_15.txt	disease	concept	2029	2053	intracerebral hemorrhage
neurology_intracerebral hemorrhage_15.txt	symptom	concept	2259	2278	neurological status
neurology_intracerebral hemorrhage_15.txt	medication	concept	2547	2570	antiseizure medications
neurology_intracerebral hemorrhage_15.txt	medication	concept	2955	2966	Nicardipine
neurology_intracerebral hemorrhage_15.txt	disease	concept	3003	3015	hypertension
neurology_intracerebral hemorrhage_15.txt	symptom	concept	3308	3322	blood pressure
neurology_intracerebral hemorrhage_15.txt	symptom	concept	3491	3505	blood pressure
neurology_intracerebral hemorrhage_15.txt	symptom	concept	3803	3811	weakness
neurology_intracerebral hemorrhage_15.txt	symptom	concept	3826	3834	seizures
neurology_intracerebral hemorrhage_15.txt	symptom	concept	3868	3881	consciousness
neurology_intracerebral hemorrhage_16.txt	medication	concept	517	525	apixaban
neurology_intracerebral hemorrhage_16.txt	disease	concept	531	550	atrial fibrillation
neurology_intracerebral hemorrhage_16.txt	disease	concept	552	576	intracerebral hemorrhage
neurology_intracerebral hemorrhage_16.txt	disease	concept	717	729	hypoglycemia
neurology_intracerebral hemorrhage_16.txt	disease	concept	786	798	hypertension
neurology_intracerebral hemorrhage_16.txt	medication	concept	1452	1460	apixaban
neurology_intracerebral hemorrhage_16.txt	medication	concept	1462	1476	andexanet alfa
neurology_intracerebral hemorrhage_16.txt	disease	concept	1579	1587	hematoma
neurology_intracerebral hemorrhage_16.txt	medication	concept	1611	1622	nicardipine
neurology_intracerebral hemorrhage_16.txt	symptom	concept	2102	2128	neurological deterioration
neurology_intracerebral hemorrhage_16.txt	symptom	concept	2132	2145	midline shift
neurology_intracerebral hemorrhage_16.txt	symptom	concept	2241	2249	seizures
neurology_intracerebral hemorrhage_16.txt	medication	concept	2567	2577	Amlodipine
neurology_intracerebral hemorrhage_16.txt	medication	concept	2625	2637	Pantoprazole
neurology_intracerebral hemorrhage_16.txt	medication	concept	2801	2809	apixaban
neurology_intracerebral hemorrhage_16.txt	symptom	concept	3612	3620	headache
neurology_intracerebral hemorrhage_16.txt	symptom	concept	3632	3640	weakness
neurology_intracerebral hemorrhage_16.txt	symptom	concept	3685	3693	seizures
neurology_intracerebral hemorrhage_17.txt	symptom	concept	433	441	headache
neurology_intracerebral hemorrhage_17.txt	disease	concept	519	531	hypertension
neurology_intracerebral hemorrhage_17.txt	disease	concept	536	560	type 2 diabetes mellitus
neurology_intracerebral hemorrhage_17.txt	medication	concept	577	584	aspirin
neurology_intracerebral hemorrhage_17.txt	medication	concept	601	610	metformin
neurology_intracerebral hemorrhage_17.txt	disease	concept	806	818	hypoglycemia
neurology_intracerebral hemorrhage_17.txt	symptom	concept	937	949	coagulopathy
neurology_intracerebral hemorrhage_17.txt	medication	concept	1353	1367	IV nicardipine
neurology_intracerebral hemorrhage_17.txt	medication	concept	1683	1693	lisinopril
neurology_intracerebral hemorrhage_17.txt	medication	concept	1710	1720	amlodipine
neurology_intracerebral hemorrhage_17.txt	medication	concept	1810	1825	reversal agents
neurology_intracerebral hemorrhage_17.txt	medication	concept	1845	1852	aspirin
neurology_intracerebral hemorrhage_17.txt	disease	concept	2104	2112	hematoma
neurology_intracerebral hemorrhage_17.txt	medication	concept	2609	2622	levetiracetam
neurology_intracerebral hemorrhage_17.txt	procedure	concept	2979	2992	physiotherapy
neurology_intracerebral hemorrhage_17.txt	medication	concept	3076	3086	Lisinopril
neurology_intracerebral hemorrhage_17.txt	medication	concept	3115	3125	Amlodipine
neurology_intracerebral hemorrhage_17.txt	medication	concept	3153	3166	Levetiracetam
neurology_intracerebral hemorrhage_17.txt	medication	concept	3197	3206	Metformin
neurology_intracerebral hemorrhage_17.txt	symptom	concept	3629	3643	blood pressure
neurology_intracerebral hemorrhage_17.txt	procedure	concept	3743	3756	physiotherapy
neurology_intracerebral hemorrhage_17.txt	procedure	concept	3761	3781	occupational therapy
neurology_intracerebral hemorrhage_18.txt	disease	concept	246	270	Intracerebral Hemorrhage
neurology_intracerebral hemorrhage_18.txt	symptom	concept	442	454	hypertension
neurology_intracerebral hemorrhage_18.txt	disease	concept	459	478	atrial fibrillation
neurology_intracerebral hemorrhage_18.txt	medication	concept	500	510	dabigatran
neurology_intracerebral hemorrhage_18.txt	symptom	concept	591	599	headache
neurology_intracerebral hemorrhage_18.txt	disease	concept	1063	1092	left basal ganglia hemorrhage
neurology_intracerebral hemorrhage_18.txt	medication	concept	1338	1348	dabigatran
neurology_intracerebral hemorrhage_18.txt	medication	concept	1354	1372	Idarucizumab 5g IV
neurology_intracerebral hemorrhage_18.txt	medication	concept	1464	1475	nicardipine
neurology_intracerebral hemorrhage_18.txt	medication	concept	2278	2314	prophylactic antiseizure medications
neurology_intracerebral hemorrhage_18.txt	medication	concept	2526	2537	nicardipine
neurology_intracerebral hemorrhage_18.txt	medication	concept	2546	2556	amlodipine
neurology_intracerebral hemorrhage_18.txt	medication	concept	2573	2583	lisinopril
neurology_intracerebral hemorrhage_18.txt	medication	concept	2601	2611	dabigatran
neurology_intracerebral hemorrhage_18.txt	medication	concept	2718	2726	apixaban
neurology_intracerebral hemorrhage_18.txt	medication	concept	2858	2868	Amlodipine
neurology_intracerebral hemorrhage_18.txt	medication	concept	2885	2895	Lisinopril
neurology_intracerebral hemorrhage_18.txt	medication	concept	2912	2920	Apixaban
neurology_intracerebral hemorrhage_18.txt	medication	concept	2975	2986	Paracetamol
neurology_intracerebral hemorrhage_18.txt	symptom	concept	3022	3030	headache
neurology_intracerebral hemorrhage_18.txt	disease	concept	3188	3207	atrial fibrillation
neurology_intracerebral hemorrhage_18.txt	procedure	concept	3223	3249	anticoagulation monitoring
neurology_intracerebral hemorrhage_18.txt	symptom	concept	3292	3306	blood pressure
neurology_intracerebral hemorrhage_18.txt	symptom	concept	3381	3395	blood pressure
neurology_intracerebral hemorrhage_19.txt	symptom	concept	335	343	headache
neurology_intracerebral hemorrhage_19.txt	symptom	concept	411	423	hypertension
neurology_intracerebral hemorrhage_19.txt	medication	concept	475	482	aspirin
neurology_intracerebral hemorrhage_19.txt	medication	concept	499	509	lisinopril
neurology_intracerebral hemorrhage_19.txt	disease	concept	594	600	stroke
neurology_intracerebral hemorrhage_19.txt	disease	concept	752	764	hypoglycemia
neurology_intracerebral hemorrhage_19.txt	medication	concept	1466	1477	nicardipine
neurology_intracerebral hemorrhage_19.txt	symptom	concept	1603	1617	Blood pressure
neurology_intracerebral hemorrhage_19.txt	symptom	concept	1706	1717	hypotension
neurology_intracerebral hemorrhage_19.txt	medication	concept	1747	1754	aspirin
neurology_intracerebral hemorrhage_19.txt	symptom	concept	1926	1936	rebleeding
neurology_intracerebral hemorrhage_19.txt	symptom	concept	2047	2068	intracranial pressure
neurology_intracerebral hemorrhage_19.txt	symptom	concept	2073	2086	hydrocephalus
neurology_intracerebral hemorrhage_19.txt	procedure	concept	2326	2342	physical therapy
neurology_intracerebral hemorrhage_19.txt	medication	concept	2441	2451	Lisinopril
neurology_intracerebral hemorrhage_19.txt	medication	concept	2495	2506	Nicardipine
neurology_intracerebral hemorrhage_19.txt	medication	concept	2624	2631	Aspirin
neurology_intracerebral hemorrhage_19.txt	symptom	concept	2709	2719	rebleeding
neurology_intracerebral hemorrhage_19.txt	medication	concept	2744	2756	atorvastatin
neurology_intracerebral hemorrhage_19.txt	disease	concept	3102	3126	intracerebral hemorrhage
neurology_intracerebral hemorrhage_19.txt	procedure	concept	3149	3163	speech therapy
neurology_intracerebral hemorrhage_19.txt	symptom	concept	3417	3431	blood pressure
neurology_intracerebral hemorrhage_19.txt	medication	concept	3464	3470	NSAIDs
neurology_intracerebral hemorrhage_19.txt	medication	concept	3481	3492	medications
neurology_intracerebral hemorrhage_19.txt	symptom	concept	3617	3625	headache
neurology_intracerebral hemorrhage_19.txt	symptom	concept	3627	3635	weakness
neurology_intracerebral hemorrhage_19.txt	symptom	concept	3637	3646	confusion
neurology_intracerebral hemorrhage_19.txt	symptom	concept	3651	3670	speech difficulties
neurology_intracerebral hemorrhage_2.txt	disease	concept	305	329	Intracerebral Hemorrhage
neurology_intracerebral hemorrhage_2.txt	symptom	concept	462	470	headache
neurology_intracerebral hemorrhage_2.txt	disease	concept	707	719	hypoglycemia
neurology_intracerebral hemorrhage_2.txt	disease	concept	1123	1147	intracerebral hemorrhage
neurology_intracerebral hemorrhage_2.txt	medication	concept	1153	1166	anticoagulant
neurology_intracerebral hemorrhage_2.txt	medication	concept	1238	1252	IV nicardipine
neurology_intracerebral hemorrhage_2.txt	disease	concept	1727	1737	hemorrhage
neurology_intracerebral hemorrhage_2.txt	symptom	concept	1895	1900	fever
neurology_intracerebral hemorrhage_2.txt	disease	concept	1914	1923	pneumonia
neurology_intracerebral hemorrhage_2.txt	procedure	concept	1937	1948	chest X-ray
neurology_intracerebral hemorrhage_2.txt	medication	concept	2019	2030	Ceftriaxone
neurology_intracerebral hemorrhage_2.txt	medication	concept	2053	2065	Azithromycin
neurology_intracerebral hemorrhage_2.txt	medication	concept	2156	2167	antibiotics
neurology_intracerebral hemorrhage_2.txt	medication	concept	2461	2471	Amlodipine
neurology_intracerebral hemorrhage_2.txt	medication	concept	2517	2528	Nicardipine
neurology_intracerebral hemorrhage_2.txt	medication	concept	2621	2633	Pantoprazole
neurology_intracerebral hemorrhage_2.txt	medication	concept	2685	2697	Levofloxacin
neurology_intracerebral hemorrhage_2.txt	disease	concept	2768	2777	pneumonia
neurology_intracerebral hemorrhage_2.txt	symptom	concept	3158	3179	neurological symptoms
neurology_intracerebral hemorrhage_2.txt	procedure	concept	3245	3269	rehabilitation exercises
neurology_intracerebral hemorrhage_2.txt	symptom	concept	3476	3481	fever
neurology_intracerebral hemorrhage_2.txt	symptom	concept	3483	3488	cough
neurology_intracerebral hemorrhage_2.txt	disease	concept	3577	3601	intracerebral hemorrhage
neurology_intracerebral hemorrhage_20.txt	symptom	concept	450	458	headache
neurology_intracerebral hemorrhage_20.txt	symptom	concept	460	479	left-sided weakness
neurology_intracerebral hemorrhage_20.txt	medication	concept	1169	1192	intravenous nicardipine
neurology_intracerebral hemorrhage_20.txt	medication	concept	1448	1462	Nicardipine IV
neurology_intracerebral hemorrhage_20.txt	symptom	concept	1538	1552	Blood pressure
neurology_intracerebral hemorrhage_20.txt	disease	concept	1658	1666	hematoma
neurology_intracerebral hemorrhage_20.txt	procedure	concept	1743	1762	surgical evacuation
neurology_intracerebral hemorrhage_20.txt	disease	concept	1855	1876	neurological deficits
neurology_intracerebral hemorrhage_20.txt	medication	concept	1990	2013	antiseizure medications
neurology_intracerebral hemorrhage_20.txt	procedure	concept	2038	2052	Rehabilitation
neurology_intracerebral hemorrhage_20.txt	symptom	concept	2330	2340	hemorrhage
neurology_intracerebral hemorrhage_20.txt	symptom	concept	2592	2605	hydrocephalus
neurology_intracerebral hemorrhage_20.txt	medication	concept	2681	2691	Amlodipine
neurology_intracerebral hemorrhage_20.txt	medication	concept	2739	2752	Acetaminophen
neurology_intracerebral hemorrhage_20.txt	symptom	concept	3228	3242	blood pressure
neurology_intracerebral hemorrhage_20.txt	disease	concept	3310	3334	intracerebral hemorrhage
neurology_intracerebral hemorrhage_20.txt	procedure	concept	3690	3704	rehabilitation
neurology_intracerebral hemorrhage_20.txt	disease	concept	3815	3839	intracerebral hemorrhage
neurology_intracerebral hemorrhage_21.txt	disease	concept	209	233	Intracerebral Hemorrhage
neurology_intracerebral hemorrhage_21.txt	disease	concept	261	285	Intracerebral Hemorrhage
neurology_intracerebral hemorrhage_21.txt	disease	concept	287	299	Hypertension
neurology_intracerebral hemorrhage_21.txt	disease	concept	498	510	hypertension
neurology_intracerebral hemorrhage_21.txt	symptom	concept	594	602	headache
neurology_intracerebral hemorrhage_21.txt	symptom	concept	604	623	left-sided weakness
neurology_intracerebral hemorrhage_21.txt	symptom	concept	629	638	confusion
neurology_intracerebral hemorrhage_21.txt	symptom	concept	783	797	blood pressure
neurology_intracerebral hemorrhage_21.txt	medication	concept	1682	1696	Anticoagulants
neurology_intracerebral hemorrhage_21.txt	medication	concept	1701	1725	antiplatelet medications
neurology_intracerebral hemorrhage_21.txt	medication	concept	1810	1824	IV nicardipine
neurology_intracerebral hemorrhage_21.txt	procedure	concept	2206	2230	neurological assessments
neurology_intracerebral hemorrhage_21.txt	procedure	concept	2398	2419	surgical intervention
neurology_intracerebral hemorrhage_21.txt	medication	concept	2702	2735	oral antihypertensive medications
neurology_intracerebral hemorrhage_21.txt	medication	concept	2737	2747	Lisinopril
neurology_intracerebral hemorrhage_21.txt	medication	concept	2764	2774	Amlodipine
neurology_intracerebral hemorrhage_21.txt	medication	concept	2823	2833	Lisinopril
neurology_intracerebral hemorrhage_21.txt	medication	concept	2862	2872	Amlodipine
neurology_intracerebral hemorrhage_21.txt	medication	concept	2900	2913	Acetaminophen
neurology_intracerebral hemorrhage_21.txt	medication	concept	2969	2981	Atorvastatin
neurology_intracerebral hemorrhage_21.txt	medication	concept	3335	3348	anticoagulant
neurology_intracerebral hemorrhage_21.txt	medication	concept	3353	3377	antiplatelet medications
neurology_intracerebral hemorrhage_21.txt	symptom	concept	3498	3517	left-sided weakness
neurology_intracerebral hemorrhage_21.txt	symptom	concept	3699	3719	potential rebleeding
neurology_intracerebral hemorrhage_21.txt	symptom	concept	3898	3906	headache
neurology_intracerebral hemorrhage_21.txt	symptom	concept	3942	3955	consciousness
neurology_intracerebral hemorrhage_22.txt	disease	concept	332	356	Intracerebral Hemorrhage
neurology_intracerebral hemorrhage_22.txt	disease	concept	384	396	Hypertension
neurology_intracerebral hemorrhage_22.txt	disease	concept	398	417	Atrial Fibrillation
neurology_intracerebral hemorrhage_22.txt	disease	concept	547	566	atrial fibrillation
neurology_intracerebral hemorrhage_22.txt	disease	concept	1195	1225	right basal ganglia hemorrhage
neurology_intracerebral hemorrhage_22.txt	disease	concept	1378	1397	atrial fibrillation
neurology_intracerebral hemorrhage_22.txt	medication	concept	1653	1664	nicardipine
neurology_intracerebral hemorrhage_22.txt	medication	concept	2507	2518	Nicardipine
neurology_intracerebral hemorrhage_22.txt	medication	concept	2542	2552	Lisinopril
neurology_intracerebral hemorrhage_22.txt	medication	concept	2598	2610	Atorvastatin
neurology_intracerebral hemorrhage_22.txt	disease	concept	2641	2653	dyslipidemia
neurology_intracerebral hemorrhage_22.txt	medication	concept	2661	2669	Apixaban
neurology_intracerebral hemorrhage_22.txt	disease	concept	2764	2783	atrial fibrillation
neurology_intracerebral hemorrhage_22.txt	disease	concept	2962	2981	atrial fibrillation
neurology_intracerebral hemorrhage_22.txt	symptom	concept	3362	3372	chest pain
neurology_intracerebral hemorrhage_22.txt	symptom	concept	3374	3393	shortness of breath
neurology_intracerebral hemorrhage_22.txt	disease	concept	3467	3491	intracerebral hemorrhage
neurology_intracerebral hemorrhage_22.txt	procedure	concept	3639	3660	surgical intervention
neurology_intracerebral hemorrhage_23.txt	disease	concept	232	256	Intracerebral Hemorrhage
neurology_intracerebral hemorrhage_23.txt	symptom	concept	396	404	headache
neurology_intracerebral hemorrhage_23.txt	symptom	concept	432	453	altered consciousness
neurology_intracerebral hemorrhage_23.txt	disease	concept	492	504	hypertension
neurology_intracerebral hemorrhage_23.txt	medication	concept	538	548	amlodipine
neurology_intracerebral hemorrhage_23.txt	disease	concept	583	607	intracerebral hemorrhage
neurology_intracerebral hemorrhage_23.txt	disease	concept	786	798	hypoglycemia
neurology_intracerebral hemorrhage_23.txt	disease	concept	1024	1048	intracerebral hemorrhage
neurology_intracerebral hemorrhage_23.txt	disease	concept	1188	1212	intracerebral hemorrhage
neurology_intracerebral hemorrhage_23.txt	medication	concept	1214	1228	anticoagulants
neurology_intracerebral hemorrhage_23.txt	medication	concept	1233	1257	antiplatelet medications
neurology_intracerebral hemorrhage_23.txt	medication	concept	1324	1335	nicardipine
neurology_intracerebral hemorrhage_23.txt	symptom	concept	2106	2114	seizures
neurology_intracerebral hemorrhage_23.txt	symptom	concept	2256	2276	right-sided weakness
neurology_intracerebral hemorrhage_23.txt	medication	concept	2326	2336	Amlodipine
neurology_intracerebral hemorrhage_23.txt	medication	concept	2383	2394	Nicardipine
neurology_intracerebral hemorrhage_23.txt	medication	concept	2461	2472	Paracetamol
neurology_intracerebral hemorrhage_23.txt	symptom	concept	2515	2523	headache
neurology_intracerebral hemorrhage_23.txt	symptom	concept	3104	3124	right-sided weakness
neurology_intracerebral hemorrhage_23.txt	symptom	concept	3137	3145	mobility
neurology_intracerebral hemorrhage_23.txt	disease	concept	3314	3338	intracerebral hemorrhage
neurology_intracerebral hemorrhage_23.txt	symptom	concept	3350	3362	hypertension
neurology_intracerebral hemorrhage_23.txt	symptom	concept	3589	3604	sudden headache
neurology_intracerebral hemorrhage_23.txt	symptom	concept	3619	3638	neurologic symptoms
neurology_intracerebral hemorrhage_23.txt	symptom	concept	3654	3667	consciousness
neurology_intracerebral hemorrhage_24.txt	symptom	concept	300	308	headache
neurology_intracerebral hemorrhage_24.txt	symptom	concept	502	508	nausea
neurology_intracerebral hemorrhage_24.txt	symptom	concept	510	518	vomiting
neurology_intracerebral hemorrhage_24.txt	medication	concept	716	726	Lisinopril
neurology_intracerebral hemorrhage_24.txt	disease	concept	744	759	type 2 diabetes
neurology_intracerebral hemorrhage_24.txt	medication	concept	773	782	Metformin
neurology_intracerebral hemorrhage_24.txt	symptom	concept	1050	1059	confusion
neurology_intracerebral hemorrhage_24.txt	disease	concept	1324	1368	right basal ganglia intracerebral hemorrhage
neurology_intracerebral hemorrhage_24.txt	procedure	concept	1457	1471	CT angiography
neurology_intracerebral hemorrhage_24.txt	disease	concept	1594	1618	intracerebral hemorrhage
neurology_intracerebral hemorrhage_24.txt	medication	concept	1886	1900	IV Nicardipine
neurology_intracerebral hemorrhage_24.txt	medication	concept	2252	2266	Anticoagulants
neurology_intracerebral hemorrhage_24.txt	medication	concept	2271	2295	antiplatelet medications
neurology_intracerebral hemorrhage_24.txt	disease	concept	2321	2339	hemorrhagic stroke
neurology_intracerebral hemorrhage_24.txt	medication	concept	2412	2419	insulin
neurology_intracerebral hemorrhage_24.txt	procedure	concept	2757	2777	occupational therapy
neurology_intracerebral hemorrhage_24.txt	symptom	concept	2828	2851	functional independence
neurology_intracerebral hemorrhage_24.txt	medication	concept	2891	2914	antiseizure medications
neurology_intracerebral hemorrhage_24.txt	medication	concept	2970	2980	Lisinopril
neurology_intracerebral hemorrhage_24.txt	medication	concept	3026	3035	Metformin
neurology_intracerebral hemorrhage_24.txt	disease	concept	3066	3081	type 2 diabetes
neurology_intracerebral hemorrhage_24.txt	medication	concept	3154	3165	Nicardipine
neurology_intracerebral hemorrhage_24.txt	medication	concept	3184	3194	amlodipine
neurology_intracerebral hemorrhage_24.txt	disease	concept	3927	3939	hypertension
neurology_intracerebral hemorrhage_24.txt	symptom	concept	4070	4084	blood pressure
neurology_intracerebral hemorrhage_24.txt	symptom	concept	4161	4174	complications
neurology_intracerebral hemorrhage_24.txt	procedure	concept	4231	4242	rehabilitat
neurology_intracerebral hemorrhage_24.txt	procedure	concept	4381	4404	lifestyle modifications
neurology_intracerebral hemorrhage_24.txt	disease	concept	4468	4483	vascular events
neurology_intracerebral hemorrhage_25.txt	disease	concept	311	335	Intracerebral Hemorrhage
neurology_intracerebral hemorrhage_25.txt	disease	concept	1100	1112	hypoglycemia
neurology_intracerebral hemorrhage_25.txt	medication	concept	1604	1615	nicardipine
neurology_intracerebral hemorrhage_25.txt	procedure	concept	1709	1735	Neurosurgical consultation
neurology_intracerebral hemorrhage_25.txt	disease	concept	1783	1791	hematoma
neurology_intracerebral hemorrhage_25.txt	symptom	concept	2087	2095	seizures
neurology_intracerebral hemorrhage_25.txt	medication	concept	2128	2151	antiseizure medications
neurology_intracerebral hemorrhage_25.txt	symptom	concept	2435	2442	aphasia
neurology_intracerebral hemorrhage_25.txt	medication	concept	2476	2487	Nicardipine
neurology_intracerebral hemorrhage_25.txt	medication	concept	2536	2548	Atorvastatin
neurology_intracerebral hemorrhage_25.txt	disease	concept	2596	2602	stroke
neurology_intracerebral hemorrhage_25.txt	procedure	concept	2629	2652	rehabilitation referral
neurology_intracerebral hemorrhage_25.txt	disease	concept	2882	2890	hematoma
neurology_intracerebral hemorrhage_25.txt	procedure	concept	3004	3020	physical therapy
neurology_intracerebral hemorrhage_25.txt	procedure	concept	3025	3039	rehabilitation
neurology_intracerebral hemorrhage_25.txt	symptom	concept	3128	3142	blood pressure
neurology_intracerebral hemorrhage_25.txt	symptom	concept	3367	3375	headache
neurology_intracerebral hemorrhage_25.txt	symptom	concept	3377	3385	vomiting
neurology_intracerebral hemorrhage_25.txt	symptom	concept	3401	3414	consciousness
neurology_intracerebral hemorrhage_25.txt	disease	concept	3647	3671	intracerebral hemorrhage
neurology_intracerebral hemorrhage_25.txt	disease	concept	3705	3717	hypertension
neurology_intracerebral hemorrhage_25.txt	symptom	concept	3780	3804	neurological improvement
neurology_intracerebral hemorrhage_25.txt	disease	concept	4012	4024	hypertension
neurology_intracerebral hemorrhage_26.txt	disease	concept	307	331	Intracerebral Hemorrhage
neurology_intracerebral hemorrhage_26.txt	symptom	concept	467	475	headache
neurology_intracerebral hemorrhage_26.txt	symptom	concept	512	525	consciousness
neurology_intracerebral hemorrhage_26.txt	disease	concept	578	602	type 2 diabetes mellitus
neurology_intracerebral hemorrhage_26.txt	disease	concept	891	903	hypoglycemia
neurology_intracerebral hemorrhage_26.txt	disease	concept	1293	1322	left basal ganglia hemorrhage
neurology_intracerebral hemorrhage_26.txt	disease	concept	1343	1366	subarachnoid hemorrhage
neurology_intracerebral hemorrhage_26.txt	disease	concept	1493	1517	intracerebral hemorrhage
neurology_intracerebral hemorrhage_26.txt	medication	concept	1617	1640	intravenous nicardipine
neurology_intracerebral hemorrhage_26.txt	medication	concept	1963	1974	rivaroxaban
neurology_intracerebral hemorrhage_26.txt	medication	concept	2016	2030	andexanet alfa
neurology_intracerebral hemorrhage_26.txt	medication	concept	2110	2124	anticoagulants
neurology_intracerebral hemorrhage_26.txt	medication	concept	2128	2152	antiplatelet medications
neurology_intracerebral hemorrhage_26.txt	procedure	concept	2184	2205	Surgical Intervention
neurology_intracerebral hemorrhage_26.txt	symptom	concept	2341	2362	neurological deficits
neurology_intracerebral hemorrhage_26.txt	disease	concept	2397	2420	deep cerebral hematomas
neurology_intracerebral hemorrhage_26.txt	procedure	concept	2557	2569	neuroimaging
neurology_intracerebral hemorrhage_26.txt	symptom	concept	2602	2610	seizures
neurology_intracerebral hemorrhage_26.txt	medication	concept	2648	2671	antiseizure medications
neurology_intracerebral hemorrhage_26.txt	symptom	concept	3006	3020	blood pressure
neurology_intracerebral hemorrhage_26.txt	medication	concept	3044	3066	oral antihypertensives
neurology_intracerebral hemorrhage_26.txt	medication	concept	3141	3152	Nicardipine
neurology_intracerebral hemorrhage_26.txt	medication	concept	3182	3192	Lisinopril
neurology_intracerebral hemorrhage_26.txt	medication	concept	3210	3219	Metformin
neurology_intracerebral hemorrhage_26.txt	disease	concept	3244	3252	diabetes
neurology_intracerebral hemorrhage_26.txt	medication	concept	3257	3269	Atorvastatin
neurology_intracerebral hemorrhage_26.txt	symptom	concept	3599	3613	Blood pressure
neurology_intracerebral hemorrhage_26.txt	disease	concept	3618	3626	diabetes
neurology_intracerebral hemorrhage_26.txt	disease	concept	3756	3780	intracerebral hemorrhage
neurology_intracerebral hemorrhage_26.txt	disease	concept	3994	4012	chronic conditions
neurology_intracerebral hemorrhage_26.txt	symptom	concept	4068	4082	blood pressure
neurology_intracerebral hemorrhage_26.txt	procedure	concept	4243	4252	exercises
neurology_intracerebral hemorrhage_26.txt	symptom	concept	4369	4377	headache
neurology_intracerebral hemorrhage_26.txt	symptom	concept	4379	4387	vomiting
neurology_intracerebral hemorrhage_26.txt	symptom	concept	4389	4398	confusion
neurology_intracerebral hemorrhage_26.txt	symptom	concept	4413	4421	weakness
neurology_intracerebral hemorrhage_27.txt	disease	concept	274	298	Intracerebral Hemorrhage
neurology_intracerebral hemorrhage_27.txt	symptom	concept	432	440	headache
neurology_intracerebral hemorrhage_27.txt	symptom	concept	442	462	right-sided weakness
neurology_intracerebral hemorrhage_27.txt	medication	concept	592	602	Lisinopril
neurology_intracerebral hemorrhage_27.txt	medication	concept	641	654	anticoagulant
neurology_intracerebral hemorrhage_27.txt	medication	concept	658	681	antiplatelet medication
neurology_intracerebral hemorrhage_27.txt	disease	concept	1049	1078	left basal ganglia hemorrhage
neurology_intracerebral hemorrhage_27.txt	disease	concept	1099	1122	subarachnoid hemorrhage
neurology_intracerebral hemorrhage_27.txt	procedure	concept	1124	1138	CT angiography
neurology_intracerebral hemorrhage_27.txt	disease	concept	1392	1404	Hypertension
neurology_intracerebral hemorrhage_27.txt	medication	concept	1435	1446	nicardipine
neurology_intracerebral hemorrhage_27.txt	procedure	concept	1799	1820	surgical intervention
neurology_intracerebral hemorrhage_27.txt	disease	concept	2010	2023	hydrocephalus
neurology_intracerebral hemorrhage_27.txt	procedure	concept	2082	2103	surgical intervention
neurology_intracerebral hemorrhage_27.txt	symptom	concept	2187	2195	seizures
neurology_intracerebral hemorrhage_27.txt	medication	concept	2235	2258	antiseizure medications
neurology_intracerebral hemorrhage_27.txt	procedure	concept	2450	2470	occupational therapy
neurology_intracerebral hemorrhage_27.txt	procedure	concept	2476	2490	speech therapy
neurology_intracerebral hemorrhage_27.txt	medication	concept	2552	2562	Lisinopril
neurology_intracerebral hemorrhage_27.txt	medication	concept	2653	2664	Nicardipine
neurology_intracerebral hemorrhage_27.txt	medication	concept	2700	2711	Paracetamol
neurology_intracerebral hemorrhage_27.txt	symptom	concept	2754	2762	headache
neurology_intracerebral hemorrhage_27.txt	symptom	concept	2766	2770	pain
neurology_intracerebral hemorrhage_28.txt	disease	concept	445	457	hypertension
neurology_intracerebral hemorrhage_28.txt	disease	concept	520	532	Hypertension
neurology_intracerebral hemorrhage_28.txt	disease	concept	537	561	Type 2 Diabetes Mellitus
neurology_intracerebral hemorrhage_28.txt	medication	concept	619	627	Losartan
neurology_intracerebral hemorrhage_28.txt	medication	concept	644	653	Metformin
neurology_intracerebral hemorrhage_28.txt	disease	concept	825	837	hypoglycemia
neurology_intracerebral hemorrhage_28.txt	disease	concept	1042	1066	intracerebral hemorrhage
neurology_intracerebral hemorrhage_28.txt	symptom	concept	1202	1217	lumbar puncture
neurology_intracerebral hemorrhage_28.txt	medication	concept	1374	1387	anticoagulant
neurology_intracerebral hemorrhage_28.txt	medication	concept	1392	1404	antiplatelet
neurology_intracerebral hemorrhage_28.txt	disease	concept	1491	1503	hypertension
neurology_intracerebral hemorrhage_28.txt	medication	concept	1534	1545	nicardipine
neurology_intracerebral hemorrhage_28.txt	symptom	concept	1680	1691	hypotension
neurology_intracerebral hemorrhage_28.txt	medication	concept	1906	1917	nicardipine
neurology_intracerebral hemorrhage_28.txt	medication	concept	2106	2129	antiseizure medications
neurology_intracerebral hemorrhage_28.txt	disease	concept	2185	2193	hematoma
neurology_intracerebral hemorrhage_28.txt	symptom	concept	2259	2269	rebleeding
neurology_intracerebral hemorrhage_28.txt	disease	concept	2521	2534	hydrocephalus
neurology_intracerebral hemorrhage_28.txt	medication	concept	3007	3015	Losartan
neurology_intracerebral hemorrhage_28.txt	medication	concept	3043	3052	Metformin
neurology_intracerebral hemorrhage_28.txt	medication	concept	3087	3098	Nicardipine
neurology_intracerebral hemorrhage_28.txt	symptom	concept	3482	3496	blood pressure
neurology_intracerebral hemorrhage_29.txt	symptom	concept	266	274	headache
neurology_intracerebral hemorrhage_29.txt	symptom	concept	276	296	right-sided weakness
neurology_intracerebral hemorrhage_29.txt	symptom	concept	302	311	confusion
neurology_intracerebral hemorrhage_29.txt	symptom	concept	458	466	headache
neurology_intracerebral hemorrhage_29.txt	medication	concept	578	588	Lisinopril
neurology_intracerebral hemorrhage_29.txt	medication	concept	628	641	anticoagulant
neurology_intracerebral hemorrhage_29.txt	medication	concept	645	668	antiplatelet medication
neurology_intracerebral hemorrhage_29.txt	disease	concept	840	852	hypoglycemia
neurology_intracerebral hemorrhage_29.txt	symptom	concept	1060	1084	intracerebral hemorrhage
neurology_intracerebral hemorrhage_29.txt	disease	concept	1131	1154	subarachnoid hemorrhage
neurology_intracerebral hemorrhage_29.txt	symptom	concept	1204	1219	lumbar puncture
neurology_intracerebral hemorrhage_29.txt	symptom	concept	1502	1516	blood pressure
neurology_intracerebral hemorrhage_29.txt	medication	concept	1574	1588	Nicardipine IV
neurology_intracerebral hemorrhage_29.txt	medication	concept	1864	1878	anticoagulants
neurology_intracerebral hemorrhage_29.txt	medication	concept	1882	1906	antiplatelet medications
neurology_intracerebral hemorrhage_29.txt	disease	concept	1959	1983	intracerebral hemorrhage
neurology_intracerebral hemorrhage_29.txt	symptom	concept	1999	2011	hypertension
neurology_intracerebral hemorrhage_29.txt	medication	concept	2043	2057	nicardipine IV
neurology_intracerebral hemorrhage_29.txt	procedure	concept	2189	2210	surgical intervention
neurology_intracerebral hemorrhage_29.txt	procedure	concept	2264	2283	surgical evacuation
neurology_intracerebral hemorrhage_29.txt	symptom	concept	2436	2444	seizures
neurology_intracerebral hemorrhage_29.txt	medication	concept	2485	2508	antiseizure medications
neurology_intracerebral hemorrhage_29.txt	procedure	concept	2660	2680	occupational therapy
neurology_intracerebral hemorrhage_29.txt	symptom	concept	2813	2833	right-sided weakness
neurology_intracerebral hemorrhage_29.txt	medication	concept	2932	2942	Lisinopril
neurology_intracerebral hemorrhage_29.txt	disease	concept	2971	2983	hypertension
neurology_intracerebral hemorrhage_29.txt	medication	concept	2988	2999	Nicardipine
neurology_intracerebral hemorrhage_29.txt	symptom	concept	3427	3441	blood pressure
neurology_intracerebral hemorrhage_29.txt	symptom	concept	3581	3595	blood pressure
neurology_intracerebral hemorrhage_29.txt	symptom	concept	3687	3695	injuries
neurology_intracerebral hemorrhage_29.txt	symptom	concept	3837	3845	headache
neurology_intracerebral hemorrhage_29.txt	symptom	concept	3847	3859	new weakness
neurology_intracerebral hemorrhage_29.txt	disease	concept	3968	3992	intracerebral hemorrhage
neurology_intracerebral hemorrhage_29.txt	procedure	concept	4311	4325	rehabilitation
neurology_intracerebral hemorrhage_29.txt	procedure	concept	4398	4420	follow-up appointments
neurology_intracerebral hemorrhage_3.txt	disease	concept	265	289	Intracerebral Hemorrhage
neurology_intracerebral hemorrhage_3.txt	symptom	concept	509	517	headache
neurology_intracerebral hemorrhage_3.txt	symptom	concept	519	539	right-sided weakness
neurology_intracerebral hemorrhage_3.txt	disease	concept	840	852	hypoglycemia
neurology_intracerebral hemorrhage_3.txt	disease	concept	1135	1158	subarachnoid hemorrhage
neurology_intracerebral hemorrhage_3.txt	disease	concept	1208	1232	intracerebral hemorrhage
neurology_intracerebral hemorrhage_3.txt	symptom	concept	1336	1344	bleeding
neurology_intracerebral hemorrhage_3.txt	medication	concept	1507	1521	IV nicardipine
neurology_intracerebral hemorrhage_3.txt	medication	concept	1745	1756	nicardipine
neurology_intracerebral hemorrhage_3.txt	disease	concept	2005	2013	hematoma
neurology_intracerebral hemorrhage_3.txt	symptom	concept	2282	2301	speech difficulties
neurology_intracerebral hemorrhage_3.txt	medication	concept	2303	2326	Antiseizure medications
neurology_intracerebral hemorrhage_3.txt	medication	concept	2666	2676	lisinopril
neurology_intracerebral hemorrhage_3.txt	medication	concept	2698	2708	amlodipine
neurology_intracerebral hemorrhage_3.txt	medication	concept	2978	3006	antihypertensive medications
neurology_intracerebral hemorrhage_3.txt	symptom	concept	3420	3435	sudden headache
neurology_intracerebral hemorrhage_3.txt	symptom	concept	3437	3445	weakness
neurology_intracerebral hemorrhage_3.txt	medication	concept	3504	3514	Lisinopril
neurology_intracerebral hemorrhage_3.txt	medication	concept	3545	3555	Amlodipine
neurology_intracerebral hemorrhage_3.txt	procedure	concept	3769	3794	outpatient rehabilitation
neurology_intracerebral hemorrhage_3.txt	symptom	concept	3899	3912	complications
neurology_intracerebral hemorrhage_3.txt	symptom	concept	4246	4258	hypertension
neurology_intracerebral hemorrhage_3.txt	disease	concept	4375	4399	intracerebral hemorrhage
neurology_intracerebral hemorrhage_30.txt	disease	concept	373	397	Intracerebral Hemorrhage
neurology_intracerebral hemorrhage_30.txt	disease	concept	529	553	type 2 diabetes mellitus
neurology_intracerebral hemorrhage_30.txt	symptom	concept	658	666	headache
neurology_intracerebral hemorrhage_30.txt	medication	concept	1151	1158	aspirin
neurology_intracerebral hemorrhage_30.txt	disease	concept	1459	1482	subarachnoid hemorrhage
neurology_intracerebral hemorrhage_30.txt	medication	concept	1619	1642	intravenous nicardipine
neurology_intracerebral hemorrhage_30.txt	medication	concept	1946	1953	aspirin
neurology_intracerebral hemorrhage_30.txt	medication	concept	2022	2031	vitamin K
neurology_intracerebral hemorrhage_30.txt	disease	concept	2092	2100	diabetes
neurology_intracerebral hemorrhage_30.txt	symptom	concept	2376	2385	morbidity
neurology_intracerebral hemorrhage_30.txt	symptom	concept	2390	2399	mortality
neurology_intracerebral hemorrhage_30.txt	symptom	concept	2630	2638	seizures
neurology_intracerebral hemorrhage_30.txt	medication	concept	2676	2699	antiseizure medications
neurology_intracerebral hemorrhage_30.txt	symptom	concept	2805	2818	hydrocephalus
neurology_intracerebral hemorrhage_30.txt	symptom	concept	2846	2867	intracranial pressure
neurology_intracerebral hemorrhage_30.txt	medication	concept	2930	2941	Nicardipine
neurology_intracerebral hemorrhage_30.txt	medication	concept	3003	3017	Insulin Aspart
neurology_intracerebral hemorrhage_30.txt	medication	concept	3071	3083	Atorvastatin
neurology_intracerebral hemorrhage_30.txt	medication	concept	3141	3153	Pantoprazole
neurology_intracerebral hemorrhage_30.txt	symptom	concept	3398	3412	Blood pressure
neurology_intracerebral hemorrhage_30.txt	symptom	concept	3760	3768	headache
neurology_intracerebral hemorrhage_30.txt	symptom	concept	3780	3788	weakness
neurology_intracerebral hemorrhage_30.txt	symptom	concept	3804	3817	consciousness
neurology_intracerebral hemorrhage_30.txt	symptom	concept	4418	4423	falls
neurology_intracerebral hemorrhage_31.txt	medication	concept	405	415	lisinopril
neurology_intracerebral hemorrhage_31.txt	disease	concept	432	447	Type 2 diabetes
neurology_intracerebral hemorrhage_31.txt	medication	concept	465	474	metformin
neurology_intracerebral hemorrhage_31.txt	disease	concept	688	700	hypoglycemia
neurology_intracerebral hemorrhage_31.txt	disease	concept	1024	1067	left basal ganglia intracerebral hemorrhage
neurology_intracerebral hemorrhage_31.txt	disease	concept	1330	1348	hemorrhagic stroke
neurology_intracerebral hemorrhage_31.txt	medication	concept	1395	1405	lisinopril
neurology_intracerebral hemorrhage_31.txt	medication	concept	1424	1438	IV nicardipine
neurology_intracerebral hemorrhage_31.txt	medication	concept	1733	1743	amlodipine
neurology_intracerebral hemorrhage_31.txt	symptom	concept	2003	2026	ventricular enlargement
neurology_intracerebral hemorrhage_31.txt	symptom	concept	2114	2122	seizures
neurology_intracerebral hemorrhage_31.txt	symptom	concept	2307	2327	right-sided weakness
neurology_intracerebral hemorrhage_31.txt	symptom	concept	2332	2351	speech difficulties
neurology_intracerebral hemorrhage_31.txt	medication	concept	2445	2455	Amlodipine
neurology_intracerebral hemorrhage_31.txt	medication	concept	2502	2511	Metformin
neurology_intracerebral hemorrhage_31.txt	disease	concept	2543	2551	diabetes
neurology_intracerebral hemorrhage_31.txt	disease	concept	2791	2799	diabetes
neurology_intracerebral hemorrhage_31.txt	symptom	concept	3058	3072	blood pressure
neurology_intracerebral hemorrhage_31.txt	symptom	concept	3258	3271	complications
neurology_intracerebral hemorrhage_31.txt	symptom	concept	3293	3301	headache
neurology_intracerebral hemorrhage_31.txt	symptom	concept	3313	3321	weakness
neurology_intracerebral hemorrhage_31.txt	symptom	concept	3337	3350	consciousness
neurology_intracerebral hemorrhage_31.txt	procedure	concept	3424	3448	rehabilitation exercises
neurology_intracerebral hemorrhage_31.txt	disease	concept	3605	3629	intracerebral hemorrhage
neurology_intracerebral hemorrhage_31.txt	symptom	concept	3863	3872	prognosis
neurology_intracerebral hemorrhage_32.txt	symptom	concept	307	315	headache
neurology_intracerebral hemorrhage_32.txt	medication	concept	461	471	lisinopril
neurology_intracerebral hemorrhage_32.txt	disease	concept	487	511	Type 2 Diabetes Mellitus
neurology_intracerebral hemorrhage_32.txt	medication	concept	526	535	metformin
neurology_intracerebral hemorrhage_32.txt	symptom	concept	733	741	headache
neurology_intracerebral hemorrhage_32.txt	symptom	concept	743	763	right-sided weakness
neurology_intracerebral hemorrhage_32.txt	disease	concept	913	925	hypoglycemia
neurology_intracerebral hemorrhage_32.txt	medication	concept	1435	1446	nicardipine
neurology_intracerebral hemorrhage_32.txt	medication	concept	1688	1698	lisinopril
neurology_intracerebral hemorrhage_32.txt	symptom	concept	1885	1911	neurological deterioration
neurology_intracerebral hemorrhage_32.txt	medication	concept	1933	1946	Levetiracetam
neurology_intracerebral hemorrhage_32.txt	disease	concept	2416	2440	intracerebral hemorrhage
neurology_intracerebral hemorrhage_32.txt	disease	concept	2452	2464	coagulopathy
neurology_intracerebral hemorrhage_32.txt	disease	concept	2469	2479	vasculitis
neurology_intracerebral hemorrhage_32.txt	medication	concept	2533	2543	Lisinopril
neurology_intracerebral hemorrhage_32.txt	medication	concept	2571	2580	Metformin
neurology_intracerebral hemorrhage_32.txt	medication	concept	2610	2623	Levetiracetam
neurology_intracerebral hemorrhage_32.txt	medication	concept	2653	2664	Nicardipine
neurology_intracerebral hemorrhage_32.txt	medication	concept	2717	2739	oral antihypertensives
neurology_intracerebral hemorrhage_32.txt	medication	concept	2745	2751	statin
neurology_intracerebral hemorrhage_32.txt	medication	concept	2799	2811	atorvastatin
neurology_intracerebral hemorrhage_32.txt	symptom	concept	2960	2974	Blood pressure
neurology_intracerebral hemorrhage_32.txt	symptom	concept	2979	2996	neurologic status
neurology_intracerebral hemorrhage_32.txt	procedure	concept	3097	3124	outpatient physical therapy
neurology_intracerebral hemorrhage_32.txt	procedure	concept	3129	3143	speech therapy
neurology_intracerebral hemorrhage_32.txt	symptom	concept	3155	3169	blood pressure
neurology_intracerebral hemorrhage_32.txt	symptom	concept	3271	3286	blood pressures
neurology_intracerebral hemorrhage_32.txt	symptom	concept	3431	3452	intracranial pressure
neurology_intracerebral hemorrhage_32.txt	symptom	concept	3458	3474	seizure activity
neurology_intracerebral hemorrhage_32.txt	disease	concept	3631	3641	hemorrhage
neurology_intracerebral hemorrhage_32.txt	symptom	concept	3756	3762	speech
neurology_intracerebral hemorrhage_33.txt	disease	concept	262	274	hypertension
neurology_intracerebral hemorrhage_33.txt	disease	concept	279	303	type 2 diabetes mellitus
neurology_intracerebral hemorrhage_33.txt	symptom	concept	393	401	headache
neurology_intracerebral hemorrhage_33.txt	disease	concept	778	790	hypoglycemia
neurology_intracerebral hemorrhage_33.txt	procedure	concept	852	871	coagulation studies
neurology_intracerebral hemorrhage_33.txt	disease	concept	1013	1042	left intracerebral hemorrhage
neurology_intracerebral hemorrhage_33.txt	medication	concept	1345	1356	nicardipine
neurology_intracerebral hemorrhage_33.txt	medication	concept	1666	1680	Anticoagulants
neurology_intracerebral hemorrhage_33.txt	medication	concept	1685	1709	antiplatelet medications
neurology_intracerebral hemorrhage_33.txt	disease	concept	1735	1759	intracerebral hemorrhage
neurology_intracerebral hemorrhage_33.txt	medication	concept	1834	1859	anticoagulant medications
neurology_intracerebral hemorrhage_33.txt	medication	concept	1905	1920	reversal agents
neurology_intracerebral hemorrhage_33.txt	disease	concept	1958	1966	hematoma
neurology_intracerebral hemorrhage_33.txt	procedure	concept	1968	1989	surgical intervention
neurology_intracerebral hemorrhage_33.txt	procedure	concept	2058	2070	neurosurgery
neurology_intracerebral hemorrhage_33.txt	symptom	concept	2144	2170	neurological deterioration
neurology_intracerebral hemorrhage_33.txt	procedure	concept	2194	2213	surgical evacuation
neurology_intracerebral hemorrhage_33.txt	disease	concept	2306	2316	hemorrhage
neurology_intracerebral hemorrhage_33.txt	symptom	concept	2477	2485	headache
neurology_intracerebral hemorrhage_33.txt	symptom	concept	3131	3145	blood pressure
neurology_intracerebral hemorrhage_33.txt	medication	concept	3230	3240	amlodipine
neurology_intracerebral hemorrhage_33.txt	symptom	concept	3396	3410	blood pressure
neurology_intracerebral hemorrhage_33.txt	medication	concept	3644	3654	Amlodipine
neurology_intracerebral hemorrhage_33.txt	disease	concept	3683	3695	hypertension
neurology_intracerebral hemorrhage_34.txt	disease	concept	284	308	Intracerebral Hemorrhage
neurology_intracerebral hemorrhage_34.txt	symptom	concept	437	445	headache
neurology_intracerebral hemorrhage_34.txt	symptom	concept	447	467	right-sided weakness
neurology_intracerebral hemorrhage_34.txt	disease	concept	722	734	hypoglycemia
neurology_intracerebral hemorrhage_34.txt	medication	concept	1286	1299	Anticoagulant
neurology_intracerebral hemorrhage_34.txt	medication	concept	1304	1328	antiplatelet medications
neurology_intracerebral hemorrhage_34.txt	medication	concept	1411	1422	Nicardipine
neurology_intracerebral hemorrhage_34.txt	medication	concept	1678	1691	anticoagulant
neurology_intracerebral hemorrhage_34.txt	medication	concept	1716	1731	reversal agents
neurology_intracerebral hemorrhage_34.txt	procedure	concept	1753	1774	Surgical intervention
neurology_intracerebral hemorrhage_34.txt	medication	concept	1985	2007	Antiseizure medication
neurology_intracerebral hemorrhage_34.txt	procedure	concept	2326	2342	physical therapy
neurology_intracerebral hemorrhage_34.txt	procedure	concept	2347	2367	occupational therapy
neurology_intracerebral hemorrhage_34.txt	medication	concept	2539	2550	Nicardipine
neurology_intracerebral hemorrhage_34.txt	medication	concept	2610	2620	Lisinopril
neurology_intracerebral hemorrhage_34.txt	medication	concept	2658	2670	Atorvastatin
neurology_intracerebral hemorrhage_34.txt	disease	concept	3258	3270	hypertension
neurology_intracerebral hemorrhage_34.txt	medication	concept	3292	3305	anticoagulant
neurology_intracerebral hemorrhage_34.txt	medication	concept	3310	3334	antiplatelet medications
neurology_intracerebral hemorrhage_34.txt	disease	concept	3483	3507	intracerebral hemorrhage
neurology_intracerebral hemorrhage_34.txt	procedure	concept	3581	3595	rehabilitation
neurology_intracerebral hemorrhage_35.txt	disease	concept	978	1002	Type 2 Diabetes Mellitus
neurology_intracerebral hemorrhage_35.txt	medication	concept	1075	1084	Metformin
neurology_intracerebral hemorrhage_35.txt	medication	concept	1107	1117	Lisinopril
neurology_intracerebral hemorrhage_35.txt	medication	concept	1138	1145	Aspirin
neurology_intracerebral hemorrhage_35.txt	medication	concept	2077	2091	IV nicardipine
neurology_intracerebral hemorrhage_35.txt	medication	concept	2445	2455	Lisinopril
neurology_intracerebral hemorrhage_35.txt	medication	concept	2507	2521	IV nicardipine
neurology_intracerebral hemorrhage_35.txt	medication	concept	2599	2609	amlodipine
neurology_intracerebral hemorrhage_35.txt	disease	concept	3164	3170	stroke
neurology_intracerebral hemorrhage_35.txt	medication	concept	3300	3310	Amlodipine
neurology_intracerebral hemorrhage_35.txt	medication	concept	3339	3348	Metformin
neurology_intracerebral hemorrhage_35.txt	medication	concept	3371	3383	Atorvastatin
neurology_intracerebral hemorrhage_35.txt	disease	concept	3404	3410	stroke
neurology_intracerebral hemorrhage_35.txt	symptom	concept	3937	3945	headache
neurology_intracerebral hemorrhage_35.txt	symptom	concept	3957	3965	weakness
neurology_intracerebral hemorrhage_35.txt	disease	concept	4256	4266	hemorrhage
neurology_intracerebral hemorrhage_35.txt	procedure	concept	4393	4407	rehabilitation
neurology_intracerebral hemorrhage_35.txt	procedure	concept	4547	4561	rehabilitation
neurology_intracerebral hemorrhage_36.txt	disease	concept	262	286	Intracerebral Hemorrhage
neurology_intracerebral hemorrhage_36.txt	disease	concept	419	443	type 2 diabetes mellitus
neurology_intracerebral hemorrhage_36.txt	symptom	concept	554	562	headache
neurology_intracerebral hemorrhage_36.txt	symptom	concept	564	573	confusion
neurology_intracerebral hemorrhage_36.txt	disease	concept	848	860	hypoglycemia
neurology_intracerebral hemorrhage_36.txt	medication	concept	1205	1218	anticoagulant
neurology_intracerebral hemorrhage_36.txt	medication	concept	1222	1246	antiplatelet medications
neurology_intracerebral hemorrhage_36.txt	procedure	concept	1304	1326	blood pressure control
neurology_intracerebral hemorrhage_36.txt	medication	concept	1332	1346	IV nicardipine
neurology_intracerebral hemorrhage_36.txt	procedure	concept	1698	1722	neurological assessments
neurology_intracerebral hemorrhage_36.txt	symptom	concept	2033	2041	seizures
neurology_intracerebral hemorrhage_36.txt	disease	concept	2058	2082	intracerebral hemorrhage
neurology_intracerebral hemorrhage_36.txt	symptom	concept	2143	2151	seizures
neurology_intracerebral hemorrhage_36.txt	medication	concept	2207	2230	antiseizure medications
neurology_intracerebral hemorrhage_36.txt	procedure	concept	2407	2423	glycemic control
neurology_intracerebral hemorrhage_36.txt	medication	concept	2538	2555	Nicardipine taper
neurology_intracerebral hemorrhage_36.txt	procedure	concept	3170	3195	blood pressure management
neurology_intracerebral hemorrhage_36.txt	symptom	concept	3389	3404	motor functions
neurology_intracerebral hemorrhage_36.txt	medication	concept	3423	3436	anticoagulant
neurology_intracerebral hemorrhage_36.txt	medication	concept	3441	3465	antiplatelet medications
neurology_intracerebral hemorrhage_36.txt	disease	concept	3848	3858	hemorrhage
neurology_intracerebral hemorrhage_36.txt	procedure	concept	3870	3887	smoking cessation
neurology_intracerebral hemorrhage_37.txt	symptom	concept	502	514	hypertension
neurology_intracerebral hemorrhage_37.txt	disease	concept	565	589	intracerebral hemorrhage
neurology_intracerebral hemorrhage_37.txt	disease	concept	735	747	hypoglycemia
neurology_intracerebral hemorrhage_37.txt	symptom	concept	987	995	aneurysm
neurology_intracerebral hemorrhage_37.txt	symptom	concept	1115	1123	bleeding
neurology_intracerebral hemorrhage_37.txt	medication	concept	1229	1243	anticoagulants
neurology_intracerebral hemorrhage_37.txt	medication	concept	1248	1272	antiplatelet medications
neurology_intracerebral hemorrhage_37.txt	medication	concept	1423	1446	intravenous nicardipine
neurology_intracerebral hemorrhage_37.txt	symptom	concept	1617	1631	blood pressure
neurology_intracerebral hemorrhage_37.txt	procedure	concept	1661	1682	Surgical Intervention
neurology_intracerebral hemorrhage_37.txt	symptom	concept	1853	1863	herniation
neurology_intracerebral hemorrhage_37.txt	procedure	concept	2084	2103	surgical evacuation
neurology_intracerebral hemorrhage_37.txt	medication	concept	2289	2312	antiseizure medications
neurology_intracerebral hemorrhage_37.txt	symptom	concept	2501	2514	hydrocephalus
neurology_intracerebral hemorrhage_37.txt	medication	concept	2648	2664	oral medications
neurology_intracerebral hemorrhage_37.txt	medication	concept	2725	2735	lisinopril
neurology_intracerebral hemorrhage_37.txt	medication	concept	2757	2767	amlodipine
neurology_intracerebral hemorrhage_37.txt	disease	concept	3299	3315	recurrent stroke
neurology_intracerebral hemorrhage_37.txt	symptom	concept	3340	3354	blood pressure
neurology_intracerebral hemorrhage_37.txt	medication	concept	3410	3420	Lisinopril
neurology_intracerebral hemorrhage_37.txt	medication	concept	3450	3460	Amlodipine
neurology_intracerebral hemorrhage_37.txt	medication	concept	3489	3500	Nicardipine
neurology_intracerebral hemorrhage_37.txt	disease	concept	3769	3793	intracerebral hemorrhage
neurology_intracerebral hemorrhage_37.txt	procedure	concept	4046	4068	surgical interventions
neurology_intracerebral hemorrhage_37.txt	symptom	concept	4093	4102	morbidity
neurology_intracerebral hemorrhage_37.txt	procedure	concept	4504	4513	treatment
neurology_intracerebral hemorrhage_38.txt	symptom	concept	356	376	right-sided weakness
neurology_intracerebral hemorrhage_38.txt	medication	concept	459	469	lisinopril
neurology_intracerebral hemorrhage_38.txt	disease	concept	487	511	Type 2 diabetes mellitus
neurology_intracerebral hemorrhage_38.txt	medication	concept	529	538	metformin
neurology_intracerebral hemorrhage_38.txt	disease	concept	587	593	stroke
neurology_intracerebral hemorrhage_38.txt	disease	concept	597	619	neurological disorders
neurology_intracerebral hemorrhage_38.txt	disease	concept	780	792	hypoglycemia
neurology_intracerebral hemorrhage_38.txt	disease	concept	1026	1050	intracerebral hemorrhage
neurology_intracerebral hemorrhage_38.txt	medication	concept	1320	1333	anticoagulant
neurology_intracerebral hemorrhage_38.txt	medication	concept	1338	1362	antiplatelet medications
neurology_intracerebral hemorrhage_38.txt	medication	concept	1512	1523	nicardipine
neurology_intracerebral hemorrhage_38.txt	procedure	concept	1741	1762	surgical intervention
neurology_intracerebral hemorrhage_38.txt	symptom	concept	2316	2324	seizures
neurology_intracerebral hemorrhage_38.txt	medication	concept	2362	2385	antiseizure medications
neurology_intracerebral hemorrhage_38.txt	medication	concept	2648	2658	Lisinopril
neurology_intracerebral hemorrhage_38.txt	medication	concept	2706	2715	Metformin
neurology_intracerebral hemorrhage_38.txt	disease	concept	2748	2765	diabetes mellitus
neurology_intracerebral hemorrhage_38.txt	medication	concept	2771	2782	Nicardipine
neurology_intracerebral hemorrhage_38.txt	medication	concept	2805	2815	amlodipine
neurology_intracerebral hemorrhage_38.txt	medication	concept	3438	3451	anticoagulant
neurology_intracerebral hemorrhage_38.txt	medication	concept	3455	3479	antiplatelet medications
neurology_intracerebral hemorrhage_38.txt	symptom	concept	3597	3618	intracranial pressure
neurology_intracerebral hemorrhage_38.txt	symptom	concept	3620	3627	seizure
neurology_intracerebral hemorrhage_38.txt	symptom	concept	3652	3671	neurological status
neurology_intracerebral hemorrhage_38.txt	procedure	concept	3795	3809	rehabilitation
neurology_intracerebral hemorrhage_39.txt	disease	concept	439	454	type 2 diabetes
neurology_intracerebral hemorrhage_39.txt	symptom	concept	544	552	headache
neurology_intracerebral hemorrhage_39.txt	disease	concept	1336	1360	intracerebral hemorrhage
neurology_intracerebral hemorrhage_39.txt	medication	concept	1607	1618	nicardipine
neurology_intracerebral hemorrhage_39.txt	symptom	concept	1711	1725	Blood pressure
neurology_intracerebral hemorrhage_39.txt	medication	concept	1817	1828	Nicardipine
neurology_intracerebral hemorrhage_39.txt	medication	concept	1880	1890	Lisinopril
neurology_intracerebral hemorrhage_39.txt	medication	concept	1935	1947	Atorvastatin
neurology_intracerebral hemorrhage_39.txt	medication	concept	2002	2011	Metformin
neurology_intracerebral hemorrhage_39.txt	disease	concept	2042	2050	diabetes
neurology_intracerebral hemorrhage_39.txt	symptom	concept	2079	2087	seizures
neurology_intracerebral hemorrhage_39.txt	medication	concept	2125	2148	antiseizure medications
neurology_intracerebral hemorrhage_39.txt	symptom	concept	2298	2307	morbidity
neurology_intracerebral hemorrhage_39.txt	disease	concept	2361	2384	deep cerebral hematomas
neurology_intracerebral hemorrhage_39.txt	symptom	concept	2459	2479	right-sided weakness
neurology_intracerebral hemorrhage_39.txt	medication	concept	2921	2932	medications
neurology_intracerebral hemorrhage_39.txt	disease	concept	3029	3053	intracerebral hemorrhage
neurology_intracerebral hemorrhage_39.txt	disease	concept	3143	3155	hypertension
neurology_intracerebral hemorrhage_39.txt	symptom	concept	3229	3237	mobility
neurology_intracerebral hemorrhage_39.txt	symptom	concept	3242	3250	strength
neurology_intracerebral hemorrhage_4.txt	disease	concept	334	358	Intracerebral Hemorrhage
neurology_intracerebral hemorrhage_4.txt	disease	concept	483	507	type 2 diabetes mellitus
neurology_intracerebral hemorrhage_4.txt	symptom	concept	597	605	headache
neurology_intracerebral hemorrhage_4.txt	medication	concept	823	851	antihypertensive medications
neurology_intracerebral hemorrhage_4.txt	medication	concept	868	875	aspirin
neurology_intracerebral hemorrhage_4.txt	symptom	concept	1090	1102	facial droop
neurology_intracerebral hemorrhage_4.txt	disease	concept	1493	1522	left intracerebral hemorrhage
neurology_intracerebral hemorrhage_4.txt	symptom	concept	1602	1607	edema
neurology_intracerebral hemorrhage_4.txt	symptom	concept	1722	1730	bleeding
neurology_intracerebral hemorrhage_4.txt	medication	concept	1829	1836	aspirin
neurology_intracerebral hemorrhage_4.txt	medication	concept	2051	2065	nicardipine IV
neurology_intracerebral hemorrhage_4.txt	medication	concept	2342	2349	aspirin
neurology_intracerebral hemorrhage_4.txt	medication	concept	2429	2443	anticoagulants
neurology_intracerebral hemorrhage_4.txt	medication	concept	2534	2541	aspirin
neurology_intracerebral hemorrhage_4.txt	procedure	concept	2572	2593	Surgical Consultation
neurology_intracerebral hemorrhage_4.txt	symptom	concept	2762	2775	hydrocephalus
neurology_intracerebral hemorrhage_4.txt	symptom	concept	2791	2804	midline shift
neurology_intracerebral hemorrhage_4.txt	symptom	concept	2987	2995	seizures
neurology_intracerebral hemorrhage_4.txt	medication	concept	3033	3056	antiseizure medications
neurology_intracerebral hemorrhage_4.txt	symptom	concept	3285	3304	neurological status
neurology_intracerebral hemorrhage_4.txt	symptom	concept	3427	3435	bleeding
neurology_intracerebral hemorrhage_4.txt	medication	concept	3506	3516	Lisinopril
neurology_intracerebral hemorrhage_4.txt	medication	concept	3533	3543	Amlodipine
neurology_intracerebral hemorrhage_4.txt	medication	concept	3590	3600	Lisinopril
neurology_intracerebral hemorrhage_4.txt	medication	concept	3621	3631	Amlodipine
neurology_intracerebral hemorrhage_4.txt	medication	concept	3651	3662	Paracetamol
neurology_intracerebral hemorrhage_4.txt	symptom	concept	3701	3709	headache
neurology_intracerebral hemorrhage_4.txt	medication	concept	3913	3919	NSAIDs
neurology_intracerebral hemorrhage_4.txt	medication	concept	3928	3953	anticoagulant medications
neurology_intracerebral hemorrhage_4.txt	symptom	concept	4087	4106	neurological status
neurology_intracerebral hemorrhage_4.txt	symptom	concept	4284	4299	sudden headache
neurology_intracerebral hemorrhage_4.txt	symptom	concept	4311	4319	weakness
neurology_intracerebral hemorrhage_4.txt	symptom	concept	4321	4340	difficulty speaking
neurology_intracerebral hemorrhage_4.txt	symptom	concept	4359	4374	ogical symptoms
neurology_intracerebral hemorrhage_40.txt	disease	concept	302	326	Intracerebral Hemorrhage
neurology_intracerebral hemorrhage_40.txt	disease	concept	424	436	hypertension
neurology_intracerebral hemorrhage_40.txt	disease	concept	441	456	type 2 diabetes
neurology_intracerebral hemorrhage_40.txt	symptom	concept	540	548	headache
neurology_intracerebral hemorrhage_40.txt	medication	concept	793	809	antihypertensive
neurology_intracerebral hemorrhage_40.txt	medication	concept	814	838	antidiabetic medications
neurology_intracerebral hemorrhage_40.txt	medication	concept	878	903	anticoagulant medications
neurology_intracerebral hemorrhage_40.txt	disease	concept	1052	1064	hypoglycemia
neurology_intracerebral hemorrhage_40.txt	disease	concept	1256	1280	intracerebral hemorrhage
neurology_intracerebral hemorrhage_40.txt	medication	concept	1686	1697	nicardipine
neurology_intracerebral hemorrhage_40.txt	procedure	concept	2124	2145	surgical intervention
neurology_intracerebral hemorrhage_40.txt	procedure	concept	2367	2374	surgery
neurology_intracerebral hemorrhage_40.txt	symptom	concept	2423	2449	neurological deterioration
neurology_intracerebral hemorrhage_40.txt	disease	concept	2620	2628	diabetes
neurology_intracerebral hemorrhage_40.txt	medication	concept	2803	2814	Nicardipine
neurology_intracerebral hemorrhage_40.txt	medication	concept	2875	2890	Insulin regimen
neurology_intracerebral hemorrhage_40.txt	medication	concept	2939	2950	Paracetamol
neurology_intracerebral hemorrhage_40.txt	symptom	concept	2993	3001	headache
neurology_intracerebral hemorrhage_40.txt	symptom	concept	3005	3009	pain
neurology_intracerebral hemorrhage_40.txt	symptom	concept	3369	3382	complications
neurology_intracerebral hemorrhage_40.txt	symptom	concept	3450	3458	headache
neurology_intracerebral hemorrhage_40.txt	symptom	concept	3470	3478	weakness
neurology_intracerebral hemorrhage_40.txt	symptom	concept	3571	3585	blood pressure
neurology_intracerebral hemorrhage_40.txt	medication	concept	3718	3724	NSAIDs
neurology_intracerebral hemorrhage_40.txt	medication	concept	3733	3744	medications
neurology_intracerebral hemorrhage_41.txt	symptom	concept	464	472	headache
neurology_intracerebral hemorrhage_41.txt	symptom	concept	474	494	right-sided weakness
neurology_intracerebral hemorrhage_41.txt	medication	concept	641	651	Lisinopril
neurology_intracerebral hemorrhage_41.txt	disease	concept	711	735	type 2 diabetes mellitus
neurology_intracerebral hemorrhage_41.txt	medication	concept	750	759	Metformin
neurology_intracerebral hemorrhage_41.txt	disease	concept	917	929	hypoglycemia
neurology_intracerebral hemorrhage_41.txt	medication	concept	1166	1180	anticoagulants
neurology_intracerebral hemorrhage_41.txt	medication	concept	1184	1208	antiplatelet medications
neurology_intracerebral hemorrhage_41.txt	medication	concept	1491	1502	nicardipine
neurology_intracerebral hemorrhage_41.txt	symptom	concept	1685	1699	blood pressure
neurology_intracerebral hemorrhage_41.txt	disease	concept	1783	1793	hemorrhage
neurology_intracerebral hemorrhage_41.txt	procedure	concept	1844	1856	neurosurgery
neurology_intracerebral hemorrhage_41.txt	disease	concept	2018	2045	postoperative complications
neurology_intracerebral hemorrhage_41.txt	medication	concept	2374	2384	Lisinopril
neurology_intracerebral hemorrhage_41.txt	disease	concept	2413	2425	hypertension
neurology_intracerebral hemorrhage_41.txt	medication	concept	2430	2439	Metformin
neurology_intracerebral hemorrhage_41.txt	disease	concept	2470	2485	type 2 diabetes
neurology_intracerebral hemorrhage_41.txt	medication	concept	2490	2501	Nicardipine
neurology_intracerebral hemorrhage_41.txt	medication	concept	2552	2562	amlodipine
neurology_intracerebral hemorrhage_41.txt	medication	concept	2634	2657	antiseizure medications
neurology_intracerebral hemorrhage_41.txt	symptom	concept	2708	2716	seizures
neurology_intracerebral hemorrhage_41.txt	procedure	concept	3062	3089	outpatient physical therapy
neurology_intracerebral hemorrhage_41.txt	symptom	concept	3230	3245	sudden headache
neurology_intracerebral hemorrhage_41.txt	symptom	concept	3257	3265	weakness
neurology_intracerebral hemorrhage_41.txt	symptom	concept	3281	3294	consciousness
neurology_intracerebral hemorrhage_41.txt	disease	concept	3491	3515	intracerebral hemorrhage
neurology_intracerebral hemorrhage_41.txt	procedure	concept	3689	3703	rehabilitation
neurology_intracerebral hemorrhage_41.txt	disease	concept	3757	3779	cerebrovascular events
neurology_intracerebral hemorrhage_42.txt	disease	concept	256	280	Intracerebral Hemorrhage
neurology_intracerebral hemorrhage_42.txt	disease	concept	302	314	Hypertension
neurology_intracerebral hemorrhage_42.txt	symptom	concept	499	507	headache
neurology_intracerebral hemorrhage_42.txt	symptom	concept	509	529	right-sided weakness
neurology_intracerebral hemorrhage_42.txt	symptom	concept	544	557	consciousness
neurology_intracerebral hemorrhage_42.txt	disease	concept	587	599	hypertension
neurology_intracerebral hemorrhage_42.txt	disease	concept	604	623	atrial fibrillation
neurology_intracerebral hemorrhage_42.txt	disease	concept	743	755	hypoglycemia
neurology_intracerebral hemorrhage_42.txt	disease	concept	964	983	atrial fibrillation
neurology_intracerebral hemorrhage_42.txt	medication	concept	1013	1021	apixaban
neurology_intracerebral hemorrhage_42.txt	symptom	concept	1263	1272	spot sign
neurology_intracerebral hemorrhage_42.txt	medication	concept	1376	1384	apixaban
neurology_intracerebral hemorrhage_42.txt	medication	concept	1386	1400	andexanet alfa
neurology_intracerebral hemorrhage_42.txt	medication	concept	1640	1651	nicardipine
neurology_intracerebral hemorrhage_42.txt	procedure	concept	2264	2283	surgical evacuation
neurology_intracerebral hemorrhage_42.txt	symptom	concept	2393	2401	seizures
neurology_intracerebral hemorrhage_42.txt	medication	concept	3156	3164	apixaban
neurology_intracerebral hemorrhage_42.txt	symptom	concept	3297	3318	neurological deficits
neurology_intracerebral hemorrhage_42.txt	symptom	concept	3322	3338	seizure activity
neurology_intracerebral hemorrhage_42.txt	medication	concept	3375	3385	Amlodipine
neurology_intracerebral hemorrhage_42.txt	medication	concept	3430	3440	Lisinopril
neurology_intracerebral hemorrhage_42.txt	disease	concept	3469	3481	hypertension
neurology_intracerebral hemorrhage_42.txt	medication	concept	3485	3497	Pantoprazole
neurology_intracerebral hemorrhage_43.txt	disease	concept	638	650	Hypertension
neurology_intracerebral hemorrhage_43.txt	medication	concept	665	675	lisinopril
neurology_intracerebral hemorrhage_43.txt	disease	concept	693	708	Type 2 diabetes
neurology_intracerebral hemorrhage_43.txt	medication	concept	723	732	metformin
neurology_intracerebral hemorrhage_43.txt	disease	concept	780	786	stroke
neurology_intracerebral hemorrhage_43.txt	procedure	concept	1145	1159	CT Angiography
neurology_intracerebral hemorrhage_43.txt	medication	concept	1305	1315	lisinopril
neurology_intracerebral hemorrhage_43.txt	medication	concept	1334	1348	nicardipine IV
neurology_intracerebral hemorrhage_43.txt	symptom	concept	1575	1588	midline shift
neurology_intracerebral hemorrhage_43.txt	symptom	concept	1592	1602	herniation
neurology_intracerebral hemorrhage_43.txt	procedure	concept	1604	1625	surgical intervention
neurology_intracerebral hemorrhage_43.txt	symptom	concept	1692	1718	neurological deterioration
neurology_intracerebral hemorrhage_43.txt	medication	concept	1745	1776	coagulation factor concentrates
neurology_intracerebral hemorrhage_43.txt	medication	concept	1826	1840	anticoagulants
neurology_intracerebral hemorrhage_43.txt	medication	concept	2011	2033	Antiseizure medication
neurology_intracerebral hemorrhage_43.txt	medication	concept	2400	2411	nicardipine
neurology_intracerebral hemorrhage_43.txt	symptom	concept	2624	2632	mobility
neurology_intracerebral hemorrhage_43.txt	medication	concept	2637	2658	Discharge Medications
neurology_intracerebral hemorrhage_43.txt	medication	concept	2666	2677	Nicardipine
neurology_intracerebral hemorrhage_43.txt	medication	concept	2841	2850	Metformin
neurology_intracerebral hemorrhage_43.txt	medication	concept	2885	2895	Lisinopril
neurology_intracerebral hemorrhage_43.txt	medication	concept	3005	3020	Insulin therapy
neurology_intracerebral hemorrhage_43.txt	symptom	concept	3461	3469	headache
neurology_intracerebral hemorrhage_43.txt	symptom	concept	3471	3479	weakness
neurology_intracerebral hemorrhage_43.txt	symptom	concept	3481	3490	confusion
neurology_intracerebral hemorrhage_43.txt	symptom	concept	3495	3514	speech difficulties
neurology_intracerebral hemorrhage_44.txt	disease	concept	319	343	Intracerebral Hemorrhage
neurology_intracerebral hemorrhage_44.txt	symptom	concept	486	494	headache
neurology_intracerebral hemorrhage_44.txt	symptom	concept	496	516	right-sided weakness
neurology_intracerebral hemorrhage_44.txt	symptom	concept	1337	1352	active bleeding
neurology_intracerebral hemorrhage_44.txt	medication	concept	1431	1444	anticoagulant
neurology_intracerebral hemorrhage_44.txt	medication	concept	1449	1473	antiplatelet medications
neurology_intracerebral hemorrhage_44.txt	medication	concept	1576	1591	reversal agents
neurology_intracerebral hemorrhage_44.txt	medication	concept	1641	1655	IV nicardipine
neurology_intracerebral hemorrhage_44.txt	medication	concept	2184	2207	antiseizure medications
neurology_intracerebral hemorrhage_44.txt	medication	concept	2333	2343	lisinopril
neurology_intracerebral hemorrhage_44.txt	medication	concept	2360	2370	amlodipine
neurology_intracerebral hemorrhage_44.txt	medication	concept	2714	2724	Lisinopril
neurology_intracerebral hemorrhage_44.txt	medication	concept	2754	2764	Amlodipine
neurology_intracerebral hemorrhage_44.txt	medication	concept	2794	2805	Paracetamol
neurology_intracerebral hemorrhage_44.txt	disease	concept	3086	3096	hemorrhage
neurology_intracerebral hemorrhage_44.txt	procedure	concept	3129	3154	blood pressure monitoring
neurology_intracerebral hemorrhage_44.txt	symptom	concept	3470	3479	headaches
neurology_intracerebral hemorrhage_44.txt	symptom	concept	3491	3499	weakness
neurology_intracerebral hemorrhage_44.txt	symptom	concept	3515	3528	consciousness
neurology_intracerebral hemorrhage_45.txt	disease	concept	290	314	Intracerebral Hemorrhage
neurology_intracerebral hemorrhage_45.txt	symptom	concept	493	501	headache
neurology_intracerebral hemorrhage_45.txt	disease	concept	596	608	hypertension
neurology_intracerebral hemorrhage_45.txt	medication	concept	632	642	lisinopril
neurology_intracerebral hemorrhage_45.txt	medication	concept	681	694	anticoagulant
neurology_intracerebral hemorrhage_45.txt	disease	concept	763	775	hypoglycemia
neurology_intracerebral hemorrhage_45.txt	disease	concept	950	973	subarachnoid hemorrhage
neurology_intracerebral hemorrhage_45.txt	procedure	concept	1135	1149	CT Angiography
neurology_intracerebral hemorrhage_45.txt	medication	concept	1346	1360	nicardipine IV
neurology_intracerebral hemorrhage_45.txt	procedure	concept	1555	1578	Neurological Monitoring
neurology_intracerebral hemorrhage_45.txt	symptom	concept	1639	1660	intracranial pressure
neurology_intracerebral hemorrhage_45.txt	symptom	concept	1665	1691	neurological deterioration
neurology_intracerebral hemorrhage_45.txt	symptom	concept	2008	2021	hydrocephalus
neurology_intracerebral hemorrhage_45.txt	symptom	concept	2037	2050	midline shift
neurology_intracerebral hemorrhage_45.txt	medication	concept	2056	2078	Antiseizure Medication
neurology_intracerebral hemorrhage_45.txt	symptom	concept	2543	2562	functional recovery
neurology_intracerebral hemorrhage_45.txt	procedure	concept	2661	2675	rehabilitation
neurology_intracerebral hemorrhage_45.txt	medication	concept	2714	2724	Lisinopril
neurology_intracerebral hemorrhage_45.txt	medication	concept	2788	2802	Nicardipine IV
neurology_intracerebral hemorrhage_45.txt	symptom	concept	3031	3050	neurological status
neurology_intracerebral hemorrhage_45.txt	procedure	concept	3086	3102	Physical Therapy
neurology_intracerebral hemorrhage_45.txt	procedure	concept	3184	3209	Blood Pressure Monitoring
neurology_intracerebral hemorrhage_45.txt	medication	concept	3327	3353	blood-thinning medications
neurology_intracerebral hemorrhage_45.txt	procedure	concept	3760	3789	physical therapy appointments
neurology_intracerebral hemorrhage_45.txt	disease	concept	3933	3945	hypertension
neurology_intracerebral hemorrhage_45.txt	disease	concept	3976	4000	intracerebral hemorrhage
neurology_intracerebral hemorrhage_46.txt	symptom	concept	426	434	headache
neurology_intracerebral hemorrhage_46.txt	symptom	concept	436	456	right-sided weakness
neurology_intracerebral hemorrhage_46.txt	medication	concept	530	540	lisinopril
neurology_intracerebral hemorrhage_46.txt	disease	concept	803	815	hypoglycemia
neurology_intracerebral hemorrhage_46.txt	procedure	concept	1361	1373	neuroimaging
neurology_intracerebral hemorrhage_46.txt	medication	concept	1511	1525	nicardipine IV
neurology_intracerebral hemorrhage_46.txt	medication	concept	1799	1812	anticoagulant
neurology_intracerebral hemorrhage_46.txt	medication	concept	1816	1840	antiplatelet medications
neurology_intracerebral hemorrhage_46.txt	procedure	concept	1878	1899	Surgical Intervention
neurology_intracerebral hemorrhage_46.txt	procedure	concept	2025	2044	surgical evacuation
neurology_intracerebral hemorrhage_46.txt	procedure	concept	2110	2128	Seizure Management
neurology_intracerebral hemorrhage_46.txt	medication	concept	2204	2227	antiseizure medications
neurology_intracerebral hemorrhage_46.txt	medication	concept	2290	2300	lisinopril
neurology_intracerebral hemorrhage_46.txt	medication	concept	2317	2327	amlodipine
neurology_intracerebral hemorrhage_46.txt	medication	concept	2642	2652	Amlodipine
neurology_intracerebral hemorrhage_46.txt	symptom	concept	2915	2929	blood pressure
neurology_intracerebral hemorrhage_46.txt	symptom	concept	3264	3273	headaches
neurology_intracerebral hemorrhage_46.txt	symptom	concept	3285	3293	weakness
neurology_intracerebral hemorrhage_46.txt	symptom	concept	3295	3304	confusion
neurology_intracerebral hemorrhage_46.txt	symptom	concept	3317	3338	neurological symptoms
neurology_intracerebral hemorrhage_46.txt	symptom	concept	3485	3499	blood pressure
neurology_intracerebral hemorrhage_47.txt	symptom	concept	355	363	headache
neurology_intracerebral hemorrhage_47.txt	symptom	concept	484	492	headache
neurology_intracerebral hemorrhage_47.txt	symptom	concept	677	689	hypertension
neurology_intracerebral hemorrhage_47.txt	medication	concept	750	763	anticoagulant
neurology_intracerebral hemorrhage_47.txt	procedure	concept	1212	1234	contrast extravasation
neurology_intracerebral hemorrhage_47.txt	medication	concept	1300	1311	nicardipine
neurology_intracerebral hemorrhage_47.txt	medication	concept	1505	1516	Nicardipine
neurology_intracerebral hemorrhage_47.txt	medication	concept	1654	1666	Pantoprazole
neurology_intracerebral hemorrhage_47.txt	medication	concept	1706	1721	Mannitol 20% IV
neurology_intracerebral hemorrhage_47.txt	symptom	concept	1814	1830	serum osmolality
neurology_intracerebral hemorrhage_47.txt	medication	concept	2539	2549	Lisinopril
neurology_intracerebral hemorrhage_47.txt	medication	concept	2789	2799	Lisinopril
neurology_intracerebral hemorrhage_47.txt	disease	concept	2828	2840	hypertension
neurology_intracerebral hemorrhage_47.txt	medication	concept	2844	2856	Pantoprazole
neurology_intracerebral hemorrhage_47.txt	medication	concept	2896	2909	Levetiracetam
neurology_intracerebral hemorrhage_47.txt	medication	concept	3318	3335	antihypertensives
neurology_intracerebral hemorrhage_47.txt	symptom	concept	3408	3429	intracranial pressure
neurology_intracerebral hemorrhage_47.txt	medication	concept	3528	3543	low-sodium diet
neurology_intracerebral hemorrhage_47.txt	disease	concept	3595	3607	hypertension
neurology_intracerebral hemorrhage_47.txt	procedure	concept	3888	3910	follow-up appointments
neurology_intracerebral hemorrhage_48.txt	disease	concept	246	270	Intracerebral Hemorrhage
neurology_intracerebral hemorrhage_48.txt	symptom	concept	421	429	headache
neurology_intracerebral hemorrhage_48.txt	disease	concept	561	580	atrial fibrillation
neurology_intracerebral hemorrhage_48.txt	medication	concept	615	623	apixaban
neurology_intracerebral hemorrhage_48.txt	medication	concept	1041	1049	apixaban
neurology_intracerebral hemorrhage_48.txt	medication	concept	1219	1227	apixaban
neurology_intracerebral hemorrhage_48.txt	medication	concept	1229	1243	andexanet alfa
neurology_intracerebral hemorrhage_48.txt	medication	concept	1370	1381	nicardipine
neurology_intracerebral hemorrhage_48.txt	disease	concept	1663	1683	hypotensive episodes
neurology_intracerebral hemorrhage_48.txt	disease	concept	1687	1706	acute kidney injury
neurology_intracerebral hemorrhage_48.txt	disease	concept	1960	1990	cerebellar hemisphere hematoma
neurology_intracerebral hemorrhage_48.txt	medication	concept	2316	2339	antiseizure medications
neurology_intracerebral hemorrhage_48.txt	medication	concept	2583	2591	Apixaban
neurology_intracerebral hemorrhage_48.txt	disease	concept	2687	2706	atrial fibrillation
neurology_intracerebral hemorrhage_48.txt	disease	concept	2723	2742	cerebral hemorrhage
neurology_intracerebral hemorrhage_48.txt	medication	concept	2749	2759	Amlodipine
neurology_intracerebral hemorrhage_48.txt	disease	concept	2788	2800	hypertension
neurology_intracerebral hemorrhage_48.txt	medication	concept	2807	2819	Pantoprazole
neurology_intracerebral hemorrhage_48.txt	medication	concept	2965	2978	Acetaminophen
neurology_intracerebral hemorrhage_48.txt	symptom	concept	3021	3029	headache
neurology_intracerebral hemorrhage_48.txt	disease	concept	3331	3343	hypertension
neurology_intracerebral hemorrhage_48.txt	procedure	concept	3429	3443	speech therapy
neurology_intracerebral hemorrhage_49.txt	symptom	concept	632	640	headache
neurology_intracerebral hemorrhage_49.txt	disease	concept	1137	1149	hypoglycemia
neurology_intracerebral hemorrhage_49.txt	disease	concept	1594	1618	intracerebral hemorrhage
neurology_intracerebral hemorrhage_49.txt	medication	concept	1620	1634	anticoagulants
neurology_intracerebral hemorrhage_49.txt	medication	concept	1639	1663	antiplatelet medications
neurology_intracerebral hemorrhage_49.txt	medication	concept	1738	1749	nicardipine
neurology_intracerebral hemorrhage_49.txt	medication	concept	2065	2078	anticoagulant
neurology_intracerebral hemorrhage_49.txt	medication	concept	2095	2110	reversal agents
neurology_intracerebral hemorrhage_49.txt	symptom	concept	2242	2255	hydrocephalus
neurology_intracerebral hemorrhage_49.txt	symptom	concept	2271	2284	midline shift
neurology_intracerebral hemorrhage_49.txt	medication	concept	2517	2528	nicardipine
neurology_intracerebral hemorrhage_49.txt	procedure	concept	2731	2759	smoking cessation counseling
neurology_intracerebral hemorrhage_49.txt	symptom	concept	2793	2801	seizures
neurology_intracerebral hemorrhage_49.txt	medication	concept	2839	2862	antiseizure medications
neurology_intracerebral hemorrhage_49.txt	medication	concept	3355	3366	Nicardipine
neurology_intracerebral hemorrhage_49.txt	medication	concept	3434	3444	Lisinopril
neurology_intracerebral hemorrhage_49.txt	disease	concept	3473	3485	hypertension
neurology_intracerebral hemorrhage_49.txt	medication	concept	3489	3501	Atorvastatin
neurology_intracerebral hemorrhage_49.txt	disease	concept	3530	3544	hyperlipidemia
neurology_intracerebral hemorrhage_49.txt	disease	concept	3549	3555	stroke
neurology_intracerebral hemorrhage_49.txt	medication	concept	3570	3577	Aspirin
neurology_intracerebral hemorrhage_49.txt	disease	concept	3629	3635	stroke
neurology_intracerebral hemorrhage_49.txt	disease	concept	4132	4142	hemorrhage
neurology_intracerebral hemorrhage_49.txt	symptom	concept	4537	4545	headache
neurology_intracerebral hemorrhage_49.txt	symptom	concept	4547	4555	weakness
neurology_intracerebral hemorrhage_49.txt	symptom	concept	4557	4571	vision changes
neurology_intracerebral hemorrhage_49.txt	symptom	concept	4573	4582	confusion
neurology_intracerebral hemorrhage_49.txt	symptom	concept	4587	4606	difficulty speaking
neurology_intracerebral hemorrhage_5.txt	symptom	concept	327	335	headache
neurology_intracerebral hemorrhage_5.txt	symptom	concept	558	578	right-sided weakness
neurology_intracerebral hemorrhage_5.txt	disease	concept	763	787	Type 2 Diabetes Mellitus
neurology_intracerebral hemorrhage_5.txt	medication	concept	876	886	Lisinopril
neurology_intracerebral hemorrhage_5.txt	medication	concept	903	912	Metformin
neurology_intracerebral hemorrhage_5.txt	medication	concept	936	943	Aspirin
neurology_intracerebral hemorrhage_5.txt	disease	concept	1453	1476	subarachnoid hemorrhage
neurology_intracerebral hemorrhage_5.txt	medication	concept	1749	1763	nicardipine IV
neurology_intracerebral hemorrhage_5.txt	medication	concept	2228	2238	Lisinopril
neurology_intracerebral hemorrhage_5.txt	medication	concept	2286	2297	nicardipine
neurology_intracerebral hemorrhage_5.txt	medication	concept	2343	2350	Aspirin
neurology_intracerebral hemorrhage_5.txt	procedure	concept	2642	2656	speech therapy
neurology_intracerebral hemorrhage_5.txt	symptom	concept	2698	2718	right-sided weakness
neurology_intracerebral hemorrhage_5.txt	symptom	concept	2807	2815	seizures
neurology_intracerebral hemorrhage_5.txt	medication	concept	2842	2865	antiseizure medications
neurology_intracerebral hemorrhage_5.txt	disease	concept	2920	2933	hydrocephalus
neurology_intracerebral hemorrhage_5.txt	medication	concept	3063	3074	Nicardipine
neurology_intracerebral hemorrhage_5.txt	medication	concept	3157	3166	Metformin
neurology_intracerebral hemorrhage_5.txt	medication	concept	3263	3273	Lisinopril
neurology_intracerebral hemorrhage_5.txt	medication	concept	3278	3285	aspirin
neurology_intracerebral hemorrhage_5.txt	medication	concept	3879	3892	low-salt diet
neurology_intracerebral hemorrhage_5.txt	symptom	concept	4008	4027	speech difficulties
neurology_intracerebral hemorrhage_5.txt	symptom	concept	4118	4127	headaches
neurology_intracerebral hemorrhage_6.txt	disease	concept	625	649	type 2 diabetes mellitus
neurology_intracerebral hemorrhage_6.txt	medication	concept	689	714	anticoagulant medications
neurology_intracerebral hemorrhage_6.txt	medication	concept	1298	1309	nicardipine
neurology_intracerebral hemorrhage_6.txt	medication	concept	1735	1748	acetaminophen
neurology_intracerebral hemorrhage_6.txt	medication	concept	1992	2003	nicardipine
neurology_intracerebral hemorrhage_6.txt	medication	concept	2054	2064	Lisinopril
neurology_intracerebral hemorrhage_6.txt	medication	concept	2222	2235	levetiracetam
neurology_intracerebral hemorrhage_6.txt	medication	concept	2591	2601	Lisinopril
neurology_intracerebral hemorrhage_6.txt	medication	concept	2615	2628	levetiracetam
neurology_intracerebral hemorrhage_6.txt	medication	concept	2653	2665	atorvastatin
neurology_intracerebral hemorrhage_6.txt	symptom	concept	3008	3013	falls
neurology_intracerebral hemorrhage_6.txt	symptom	concept	3017	3025	injuries
neurology_intracerebral hemorrhage_6.txt	disease	concept	3062	3074	hypertension
neurology_intracerebral hemorrhage_6.txt	symptom	concept	3197	3205	headache
neurology_intracerebral hemorrhage_6.txt	symptom	concept	3217	3225	weakness
neurology_intracerebral hemorrhage_6.txt	disease	concept	3309	3333	intracerebral hemorrhage
neurology_intracerebral hemorrhage_6.txt	disease	concept	3368	3380	hypertension
neurology_intracerebral hemorrhage_6.txt	procedure	concept	3593	3613	outpatient follow-up
neurology_intracerebral hemorrhage_7.txt	disease	concept	296	320	Intracerebral Hemorrhage
neurology_intracerebral hemorrhage_7.txt	symptom	concept	566	574	headache
neurology_intracerebral hemorrhage_7.txt	symptom	concept	576	596	right-sided weakness
neurology_intracerebral hemorrhage_7.txt	symptom	concept	602	611	confusion
neurology_intracerebral hemorrhage_7.txt	medication	concept	755	763	Apixaban
neurology_intracerebral hemorrhage_7.txt	symptom	concept	1350	1359	spot sign
neurology_intracerebral hemorrhage_7.txt	disease	concept	1400	1408	hematoma
neurology_intracerebral hemorrhage_7.txt	medication	concept	1600	1614	Andexanet Alfa
neurology_intracerebral hemorrhage_7.txt	medication	concept	1639	1647	Apixaban
neurology_intracerebral hemorrhage_7.txt	medication	concept	1772	1786	Nicardipine IV
neurology_intracerebral hemorrhage_7.txt	disease	concept	1995	2015	hypotensive episodes
neurology_intracerebral hemorrhage_7.txt	procedure	concept	2021	2042	Surgical Consultation
neurology_intracerebral hemorrhage_7.txt	procedure	concept	2210	2231	surgical intervention
neurology_intracerebral hemorrhage_7.txt	procedure	concept	2237	2255	Seizure Management
neurology_intracerebral hemorrhage_7.txt	medication	concept	2359	2372	Levetiracetam
neurology_intracerebral hemorrhage_7.txt	disease	concept	2731	2743	hypertension
neurology_intracerebral hemorrhage_7.txt	medication	concept	3210	3223	Levetiracetam
neurology_intracerebral hemorrhage_7.txt	medication	concept	3255	3266	Nicardipine
neurology_intracerebral hemorrhage_7.txt	medication	concept	3310	3320	Amlodipine
neurology_intracerebral hemorrhage_7.txt	medication	concept	3338	3350	Pantoprazole
neurology_intracerebral hemorrhage_7.txt	medication	concept	3430	3444	anticoagulants
neurology_intracerebral hemorrhage_7.txt	disease	concept	3483	3502	atrial fibrillation
neurology_intracerebral hemorrhage_7.txt	symptom	concept	3591	3610	neurological status
neurology_intracerebral hemorrhage_7.txt	symptom	concept	3691	3705	blood pressure
neurology_intracerebral hemorrhage_7.txt	disease	concept	3837	3856	atrial fibrillation
neurology_intracerebral hemorrhage_7.txt	disease	concept	3868	3892	intracerebral hemorrhage
neurology_intracerebral hemorrhage_7.txt	symptom	concept	4122	4130	weakness
neurology_intracerebral hemorrhage_7.txt	symptom	concept	4135	4143	seizures
neurology_intracerebral hemorrhage_8.txt	symptom	concept	391	399	headache
neurology_intracerebral hemorrhage_8.txt	disease	concept	492	516	Type 2 Diabetes Mellitus
neurology_intracerebral hemorrhage_8.txt	medication	concept	597	606	Metformin
neurology_intracerebral hemorrhage_8.txt	medication	concept	630	640	Lisinopril
neurology_intracerebral hemorrhage_8.txt	medication	concept	657	669	Atorvastatin
neurology_intracerebral hemorrhage_8.txt	medication	concept	1484	1495	Nicardipine
neurology_intracerebral hemorrhage_8.txt	medication	concept	1765	1779	Anticoagulants
neurology_intracerebral hemorrhage_8.txt	medication	concept	1784	1808	antiplatelet medications
neurology_intracerebral hemorrhage_8.txt	disease	concept	2017	2041	intracerebral hemorrhage
neurology_intracerebral hemorrhage_8.txt	procedure	concept	2169	2188	surgical evacuation
neurology_intracerebral hemorrhage_8.txt	symptom	concept	2290	2303	hydrocephalus
neurology_intracerebral hemorrhage_8.txt	symptom	concept	2658	2677	left-sided weakness
neurology_intracerebral hemorrhage_8.txt	medication	concept	2776	2785	Metformin
neurology_intracerebral hemorrhage_8.txt	medication	concept	2809	2819	Lisinopril
neurology_intracerebral hemorrhage_8.txt	medication	concept	2880	2892	Atorvastatin
neurology_intracerebral hemorrhage_8.txt	medication	concept	2959	2970	Nicardipine
neurology_intracerebral hemorrhage_8.txt	medication	concept	3090	3104	anticoagulants
neurology_intracerebral hemorrhage_8.txt	medication	concept	3108	3132	antiplatelet medications
neurology_intracerebral hemorrhage_8.txt	symptom	concept	3485	3499	blood pressure
neurology_intracerebral hemorrhage_8.txt	symptom	concept	3708	3723	severe headache
neurology_intracerebral hemorrhage_8.txt	symptom	concept	3735	3743	weakness
neurology_intracerebral hemorrhage_8.txt	symptom	concept	3780	3786	vision
neurology_intracerebral hemorrhage_9.txt	symptom	concept	376	384	headache
neurology_intracerebral hemorrhage_9.txt	medication	concept	484	494	Lisinopril
neurology_intracerebral hemorrhage_9.txt	disease	concept	640	652	hypoglycemia
neurology_intracerebral hemorrhage_9.txt	disease	concept	1078	1102	intracerebral hemorrhage
neurology_intracerebral hemorrhage_9.txt	medication	concept	1165	1179	Nicardipine IV
neurology_intracerebral hemorrhage_9.txt	medication	concept	1458	1471	Anticoagulant
neurology_intracerebral hemorrhage_9.txt	medication	concept	1476	1500	antiplatelet medications
neurology_intracerebral hemorrhage_9.txt	medication	concept	1567	1575	apixaban
neurology_intracerebral hemorrhage_9.txt	medication	concept	1601	1615	andexanet alfa
neurology_intracerebral hemorrhage_9.txt	medication	concept	2360	2370	Lisinopril
neurology_intracerebral hemorrhage_9.txt	medication	concept	2429	2440	Nicardipine
neurology_intracerebral hemorrhage_9.txt	medication	concept	2536	2544	Apixaban
neurology_intracerebral hemorrhage_9.txt	medication	concept	2678	2690	Pantoprazole
neurology_intracerebral hemorrhage_9.txt	medication	concept	3035	3063	antihypertensive medications
neurology_intracerebral hemorrhage_9.txt	symptom	concept	3241	3249	mobility
neurology_intracerebral hemorrhage_9.txt	medication	concept	3281	3287	NSAIDs
neurology_intracerebral hemorrhage_9.txt	medication	concept	3296	3309	anticoagulant
neurology_intracerebral hemorrhage_9.txt	medication	concept	3313	3332	antiplatelet agents
neurology_intracerebral hemorrhage_9.txt	symptom	concept	3519	3527	weakness
neurology_intracerebral hemorrhage_9.txt	symptom	concept	3529	3548	difficulty speaking
neurology_intracerebral hemorrhage_9.txt	symptom	concept	3561	3567	vision
neurology_intracerebral hemorrhage_9.txt	symptom	concept	3572	3587	severe headache
neurology_intracerebral hemorrhage_9.txt	symptom	concept	3930	3954	intracerebral hemorrhage
neurology_intracerebral hemorrhage_9.txt	procedure	concept	4288	4302	rehabilitation
neurology_ischemic stroke_0.txt	disease	concept	469	493	Type 2 Diabetes Mellitus
neurology_ischemic stroke_0.txt	disease	concept	1699	1707	diabetes
neurology_ischemic stroke_0.txt	disease	concept	1712	1726	hyperlipidemia
neurology_ischemic stroke_0.txt	medication	concept	2258	2265	Aspirin
neurology_ischemic stroke_0.txt	medication	concept	2439	2446	aspirin
neurology_ischemic stroke_0.txt	medication	concept	2464	2475	clopidogrel
neurology_ischemic stroke_0.txt	medication	concept	2587	2599	atorvastatin
neurology_ischemic stroke_0.txt	disease	concept	2623	2637	hyperlipidemia
neurology_ischemic stroke_0.txt	medication	concept	2687	2697	lisinopril
neurology_ischemic stroke_0.txt	medication	concept	2714	2724	amlodipine
neurology_ischemic stroke_0.txt	disease	concept	2773	2781	Diabetes
neurology_ischemic stroke_0.txt	medication	concept	2828	2837	metformin
neurology_ischemic stroke_0.txt	symptom	concept	3023	3043	right-sided weakness
neurology_ischemic stroke_0.txt	symptom	concept	3342	3356	blood pressure
neurology_ischemic stroke_0.txt	disease	concept	3358	3366	diabetes
neurology_ischemic stroke_0.txt	medication	concept	3687	3694	Aspirin
neurology_ischemic stroke_0.txt	medication	concept	3709	3720	Clopidogrel
neurology_ischemic stroke_0.txt	medication	concept	3761	3773	Atorvastatin
neurology_ischemic stroke_0.txt	medication	concept	3788	3798	Lisinopril
neurology_ischemic stroke_0.txt	medication	concept	3813	3823	Amlodipine
neurology_ischemic stroke_0.txt	medication	concept	3838	3847	Metformin
neurology_ischemic stroke_1.txt	disease	concept	394	409	type 2 diabetes
neurology_ischemic stroke_1.txt	disease	concept	537	544	aphasia
neurology_ischemic stroke_1.txt	procedure	concept	2010	2035	Blood Pressure Management
neurology_ischemic stroke_1.txt	medication	concept	2201	2208	aspirin
neurology_ischemic stroke_1.txt	medication	concept	2240	2251	clopidogrel
neurology_ischemic stroke_1.txt	medication	concept	2357	2369	atorvastatin
neurology_ischemic stroke_1.txt	medication	concept	2417	2426	metformin
neurology_ischemic stroke_1.txt	procedure	concept	2516	2530	Rehabilitation
neurology_ischemic stroke_1.txt	medication	concept	2850	2857	aspirin
neurology_ischemic stroke_1.txt	medication	concept	2871	2882	clopidogrel
neurology_ischemic stroke_1.txt	medication	concept	2908	2920	atorvastatin
neurology_ischemic stroke_1.txt	medication	concept	2934	2943	metformin
neurology_ischemic stroke_1.txt	medication	concept	2968	2978	lisinopril
neurology_ischemic stroke_1.txt	disease	concept	2995	3007	hypertension
neurology_ischemic stroke_1.txt	symptom	concept	3148	3162	blood pressure
neurology_ischemic stroke_1.txt	procedure	concept	3275	3289	rehabilitation
neurology_ischemic stroke_1.txt	symptom	concept	3378	3393	sudden weakness
neurology_ischemic stroke_1.txt	symptom	concept	3395	3414	difficulty speaking
neurology_ischemic stroke_1.txt	symptom	concept	3419	3429	chest pain
neurology_ischemic stroke_1.txt	procedure	concept	4046	4060	rehabilitation
neurology_ischemic stroke_10.txt	disease	concept	308	329	Acute Ischemic Stroke
neurology_ischemic stroke_10.txt	disease	concept	357	369	Hypertension
neurology_ischemic stroke_10.txt	disease	concept	371	390	Atrial Fibrillation
neurology_ischemic stroke_10.txt	symptom	concept	1003	1010	aphasia
neurology_ischemic stroke_10.txt	procedure	concept	1373	1403	Carotid Duplex Ultrasonography
neurology_ischemic stroke_10.txt	procedure	concept	1473	1489	Echocardiography
neurology_ischemic stroke_10.txt	disease	concept	1985	2001	brain hemorrhage
neurology_ischemic stroke_10.txt	procedure	concept	2135	2158	mechanical thrombectomy
neurology_ischemic stroke_10.txt	medication	concept	2263	2270	aspirin
neurology_ischemic stroke_10.txt	disease	concept	2303	2309	stroke
neurology_ischemic stroke_10.txt	medication	concept	2362	2373	clopidogrel
neurology_ischemic stroke_10.txt	medication	concept	2635	2647	atorvastatin
neurology_ischemic stroke_10.txt	procedure	concept	2722	2736	Rehabilitation
neurology_ischemic stroke_10.txt	medication	concept	2921	2928	Aspirin
neurology_ischemic stroke_10.txt	medication	concept	2946	2957	Clopidogrel
neurology_ischemic stroke_10.txt	medication	concept	3005	3017	Atorvastatin
neurology_ischemic stroke_10.txt	medication	concept	3040	3050	Lisinopril
neurology_ischemic stroke_10.txt	disease	concept	3067	3079	hypertension
neurology_ischemic stroke_10.txt	medication	concept	3085	3093	Apixaban
neurology_ischemic stroke_10.txt	disease	concept	3115	3134	atrial fibrillation
neurology_ischemic stroke_10.txt	disease	concept	3303	3322	atrial fibrillation
neurology_ischemic stroke_10.txt	disease	concept	3590	3611	acute ischemic stroke
neurology_ischemic stroke_10.txt	procedure	concept	3685	3708	mechanical thrombectomy
neurology_ischemic stroke_11.txt	disease	concept	381	393	Hypertension
neurology_ischemic stroke_11.txt	disease	concept	395	420	Type II Diabetes Mellitus
neurology_ischemic stroke_11.txt	procedure	concept	460	476	Echocardiography
neurology_ischemic stroke_11.txt	medication	concept	538	545	Aspirin
neurology_ischemic stroke_11.txt	medication	concept	565	576	Clopidogrel
neurology_ischemic stroke_11.txt	medication	concept	608	620	Atorvastatin
neurology_ischemic stroke_11.txt	medication	concept	642	651	Metformin
neurology_ischemic stroke_11.txt	medication	concept	678	688	Lisinopril
neurology_ischemic stroke_11.txt	symptom	concept	946	953	aphasia
neurology_ischemic stroke_11.txt	medication	concept	2221	2261	recombinant tissue plasminogen activator
neurology_ischemic stroke_11.txt	procedure	concept	2554	2577	mechanical thrombectomy
neurology_ischemic stroke_11.txt	medication	concept	2703	2710	aspirin
neurology_ischemic stroke_11.txt	medication	concept	2721	2732	clopidogrel
neurology_ischemic stroke_11.txt	medication	concept	2855	2867	Atorvastatin
neurology_ischemic stroke_11.txt	medication	concept	2926	2942	antihypertensive
neurology_ischemic stroke_11.txt	disease	concept	3495	3514	atrial fibrillation
neurology_ischemic stroke_11.txt	symptom	concept	3736	3750	blood pressure
neurology_ischemic stroke_11.txt	symptom	concept	3915	3923	bleeding
neurology_ischemic stroke_12.txt	disease	concept	318	333	Ischemic Stroke
neurology_ischemic stroke_12.txt	disease	concept	478	495	diabetes mellitus
neurology_ischemic stroke_12.txt	symptom	concept	1104	1114	hemorrhage
neurology_ischemic stroke_12.txt	procedure	concept	1415	1424	telemetry
neurology_ischemic stroke_12.txt	procedure	concept	1453	1469	echocardiography
neurology_ischemic stroke_12.txt	medication	concept	2173	2180	Aspirin
neurology_ischemic stroke_12.txt	medication	concept	2284	2295	clopidogrel
neurology_ischemic stroke_12.txt	disease	concept	2415	2418	TIA
neurology_ischemic stroke_12.txt	medication	concept	2583	2591	apixaban
neurology_ischemic stroke_12.txt	medication	concept	2775	2784	metformin
neurology_ischemic stroke_12.txt	procedure	concept	2894	2910	physical therapy
neurology_ischemic stroke_12.txt	medication	concept	3097	3105	Apixaban
neurology_ischemic stroke_12.txt	medication	concept	3133	3140	Aspirin
neurology_ischemic stroke_12.txt	medication	concept	3155	3166	Clopidogrel
neurology_ischemic stroke_12.txt	medication	concept	3211	3221	Lisinopril
neurology_ischemic stroke_12.txt	medication	concept	3253	3262	Metformin
neurology_ischemic stroke_12.txt	disease	concept	3286	3294	diabetes
neurology_ischemic stroke_12.txt	medication	concept	3297	3309	Atorvastatin
neurology_ischemic stroke_12.txt	disease	concept	3326	3338	dyslipidemia
neurology_ischemic stroke_12.txt	disease	concept	3528	3534	stroke
neurology_ischemic stroke_12.txt	disease	concept	3643	3649	stroke
neurology_ischemic stroke_12.txt	disease	concept	3738	3753	ischemic stroke
neurology_ischemic stroke_12.txt	procedure	concept	3806	3820	rehabilitation
neurology_ischemic stroke_12.txt	disease	concept	3876	3882	stroke
neurology_ischemic stroke_13.txt	symptom	concept	624	632	headache
neurology_ischemic stroke_13.txt	disease	concept	749	761	Hypertension
neurology_ischemic stroke_13.txt	disease	concept	766	790	Type 2 Diabetes Mellitus
neurology_ischemic stroke_13.txt	disease	concept	795	809	Hyperlipidemia
neurology_ischemic stroke_13.txt	medication	concept	847	857	Lisinopril
neurology_ischemic stroke_13.txt	medication	concept	873	882	Metformin
neurology_ischemic stroke_13.txt	medication	concept	905	917	Atorvastatin
neurology_ischemic stroke_13.txt	symptom	concept	1135	1142	aphasia
neurology_ischemic stroke_13.txt	disease	concept	1393	1401	ischemia
neurology_ischemic stroke_13.txt	disease	concept	1598	1617	atrial fibrillation
neurology_ischemic stroke_13.txt	medication	concept	1988	2031	IV recombinant tissue plasminogen activator
neurology_ischemic stroke_13.txt	medication	concept	2396	2403	Aspirin
neurology_ischemic stroke_13.txt	medication	concept	2530	2541	clopidogrel
neurology_ischemic stroke_13.txt	medication	concept	2581	2588	aspirin
neurology_ischemic stroke_13.txt	disease	concept	2666	2685	atrial fibrillation
neurology_ischemic stroke_13.txt	medication	concept	2770	2778	apixaban
neurology_ischemic stroke_13.txt	disease	concept	2800	2831	nonvalvular atrial fibrillation
neurology_ischemic stroke_13.txt	symptom	concept	2863	2876	bleeding risk
neurology_ischemic stroke_13.txt	procedure	concept	2935	2955	occupational therapy
neurology_ischemic stroke_13.txt	medication	concept	3072	3080	Apixaban
neurology_ischemic stroke_13.txt	medication	concept	3102	3109	Aspirin
neurology_ischemic stroke_13.txt	medication	concept	3126	3136	Lisinopril
neurology_ischemic stroke_13.txt	medication	concept	3153	3162	Metformin
neurology_ischemic stroke_13.txt	medication	concept	3186	3198	Atorvastatin
neurology_ischemic stroke_13.txt	medication	concept	3215	3226	Clopidogrel
neurology_ischemic stroke_13.txt	disease	concept	3378	3384	stroke
neurology_ischemic stroke_13.txt	disease	concept	3478	3497	atrial fibrillation
neurology_ischemic stroke_13.txt	symptom	concept	3609	3623	blood pressure
neurology_ischemic stroke_13.txt	medication	concept	3665	3681	antihypertensive
neurology_ischemic stroke_13.txt	medication	concept	3686	3706	diabetic medications
neurology_ischemic stroke_13.txt	disease	concept	3880	3901	acute ischemic stroke
neurology_ischemic stroke_13.txt	procedure	concept	3991	4003	thrombolysis
neurology_ischemic stroke_13.txt	disease	concept	4071	4090	atrial fibrillation
neurology_ischemic stroke_13.txt	procedure	concept	4191	4216	outpatient rehabilitation
neurology_ischemic stroke_13.txt	symptom	concept	4239	4260	vascular risk factors
neurology_ischemic stroke_14.txt	disease	concept	439	451	hypertension
neurology_ischemic stroke_14.txt	disease	concept	456	480	type 2 diabetes mellitus
neurology_ischemic stroke_14.txt	disease	concept	888	900	Hypertension
neurology_ischemic stroke_14.txt	disease	concept	905	929	Type 2 diabetes mellitus
neurology_ischemic stroke_14.txt	disease	concept	934	948	Hyperlipidemia
neurology_ischemic stroke_14.txt	medication	concept	986	996	Lisinopril
neurology_ischemic stroke_14.txt	medication	concept	1012	1021	Metformin
neurology_ischemic stroke_14.txt	medication	concept	1045	1057	Atorvastatin
neurology_ischemic stroke_14.txt	symptom	concept	1353	1370	left facial droop
neurology_ischemic stroke_14.txt	symptom	concept	1403	1410	aphasia
neurology_ischemic stroke_14.txt	symptom	concept	1533	1543	hemorrhage
neurology_ischemic stroke_14.txt	symptom	concept	2608	2616	bleeding
neurology_ischemic stroke_14.txt	symptom	concept	2621	2645	neurological improvement
neurology_ischemic stroke_14.txt	medication	concept	2768	2775	Aspirin
neurology_ischemic stroke_14.txt	disease	concept	2877	2896	atrial fibrillation
neurology_ischemic stroke_14.txt	medication	concept	3079	3086	aspirin
neurology_ischemic stroke_14.txt	medication	concept	3103	3114	clopidogrel
neurology_ischemic stroke_14.txt	medication	concept	3191	3198	aspirin
neurology_ischemic stroke_14.txt	medication	concept	3409	3425	antihypertensive
neurology_ischemic stroke_14.txt	medication	concept	3640	3647	Aspirin
neurology_ischemic stroke_14.txt	medication	concept	3664	3675	Clopidogrel
neurology_ischemic stroke_14.txt	medication	concept	3715	3725	Lisinopril
neurology_ischemic stroke_14.txt	medication	concept	3792	3801	Metformin
neurology_ischemic stroke_14.txt	medication	concept	3825	3837	Atorvastatin
neurology_ischemic stroke_14.txt	medication	concept	3863	3876	Empagliflozin
neurology_ischemic stroke_14.txt	disease	concept	3892	3900	diabetes
neurology_ischemic stroke_14.txt	symptom	concept	4295	4299	stro
neurology_ischemic stroke_14.txt	procedure	concept	4419	4441	follow-up appointments
neurology_ischemic stroke_14.txt	symptom	concept	4587	4601	blood pressure
neurology_ischemic stroke_15.txt	procedure	concept	562	582	bedside glucose test
neurology_ischemic stroke_15.txt	disease	concept	633	648	ischemic stroke
neurology_ischemic stroke_15.txt	symptom	concept	973	981	ischemia
neurology_ischemic stroke_15.txt	symptom	concept	1280	1288	stenosis
neurology_ischemic stroke_15.txt	medication	concept	1592	1632	recombinant tissue plasminogen activator
neurology_ischemic stroke_15.txt	procedure	concept	1913	1938	Blood Pressure Management
neurology_ischemic stroke_15.txt	medication	concept	2077	2084	Aspirin
neurology_ischemic stroke_15.txt	medication	concept	2273	2280	aspirin
neurology_ischemic stroke_15.txt	medication	concept	2298	2309	clopidogrel
neurology_ischemic stroke_15.txt	medication	concept	2408	2420	atorvastatin
neurology_ischemic stroke_15.txt	procedure	concept	2561	2581	occupational therapy
neurology_ischemic stroke_15.txt	symptom	concept	2638	2652	motor function
neurology_ischemic stroke_15.txt	medication	concept	2697	2704	Aspirin
neurology_ischemic stroke_15.txt	medication	concept	2721	2732	Clopidogrel
neurology_ischemic stroke_15.txt	medication	concept	2779	2791	Atorvastatin
neurology_ischemic stroke_15.txt	disease	concept	2980	2996	carotid stenosis
neurology_ischemic stroke_15.txt	procedure	concept	3478	3500	carotid endarterectomy
neurology_ischemic stroke_15.txt	procedure	concept	3504	3512	stenting
neurology_ischemic stroke_15.txt	disease	concept	3595	3616	acute ischemic stroke
neurology_ischemic stroke_15.txt	medication	concept	3667	3673	IV tPA
neurology_ischemic stroke_15.txt	medication	concept	3730	3737	statins
neurology_ischemic stroke_16.txt	disease	concept	332	347	Ischemic stroke
neurology_ischemic stroke_16.txt	disease	concept	375	387	Hypertension
neurology_ischemic stroke_16.txt	disease	concept	389	403	Hyperlipidemia
neurology_ischemic stroke_16.txt	disease	concept	506	518	hypertension
neurology_ischemic stroke_16.txt	disease	concept	523	537	hyperlipidemia
neurology_ischemic stroke_16.txt	symptom	concept	1111	1121	hemorrhage
neurology_ischemic stroke_16.txt	symptom	concept	1455	1463	thrombus
neurology_ischemic stroke_16.txt	symptom	concept	1479	1480	v
neurology_ischemic stroke_16.txt	disease	concept	1481	1495	lvular disease
neurology_ischemic stroke_16.txt	disease	concept	1844	1865	acute ischemic stroke
neurology_ischemic stroke_16.txt	medication	concept	1953	1996	IV recombinant tissue plasminogen activator
neurology_ischemic stroke_16.txt	medication	concept	2378	2387	labetalol
neurology_ischemic stroke_16.txt	medication	concept	2452	2459	Aspirin
neurology_ischemic stroke_16.txt	medication	concept	2565	2572	aspirin
neurology_ischemic stroke_16.txt	medication	concept	2578	2589	clopidogrel
neurology_ischemic stroke_16.txt	medication	concept	2706	2713	aspirin
neurology_ischemic stroke_16.txt	medication	concept	2724	2735	clopidogrel
neurology_ischemic stroke_16.txt	procedure	concept	2865	2885	occupational therapy
neurology_ischemic stroke_16.txt	procedure	concept	2891	2905	speech therapy
neurology_ischemic stroke_16.txt	medication	concept	3169	3176	Aspirin
neurology_ischemic stroke_16.txt	medication	concept	3198	3209	Clopidogrel
neurology_ischemic stroke_16.txt	medication	concept	3261	3273	Atorvastatin
neurology_ischemic stroke_16.txt	medication	concept	3297	3307	Lisinopril
neurology_ischemic stroke_16.txt	medication	concept	3329	3349	Metoprolol succinate
neurology_ischemic stroke_16.txt	disease	concept	3683	3699	carotid stenosis
neurology_ischemic stroke_17.txt	disease	concept	431	438	aphasia
neurology_ischemic stroke_17.txt	disease	concept	540	552	hypertension
neurology_ischemic stroke_17.txt	disease	concept	554	568	hyperlipidemia
neurology_ischemic stroke_17.txt	symptom	concept	910	920	hemorrhage
neurology_ischemic stroke_17.txt	disease	concept	979	987	ischemia
neurology_ischemic stroke_17.txt	disease	concept	1437	1458	acute ischemic stroke
neurology_ischemic stroke_17.txt	medication	concept	1515	1555	Recombinant Tissue Plasminogen Activator
neurology_ischemic stroke_17.txt	medication	concept	1931	1938	Aspirin
neurology_ischemic stroke_17.txt	medication	concept	2073	2084	clopidogrel
neurology_ischemic stroke_17.txt	medication	concept	2112	2119	aspirin
neurology_ischemic stroke_17.txt	medication	concept	2220	2232	atorvastatin
neurology_ischemic stroke_17.txt	medication	concept	2279	2289	Lisinopril
neurology_ischemic stroke_17.txt	disease	concept	2321	2333	hypertension
neurology_ischemic stroke_17.txt	disease	concept	2523	2532	pneumonia
neurology_ischemic stroke_17.txt	medication	concept	2569	2580	antibiotics
neurology_ischemic stroke_17.txt	medication	concept	2715	2722	Aspirin
neurology_ischemic stroke_17.txt	medication	concept	2739	2750	Clopidogrel
neurology_ischemic stroke_17.txt	medication	concept	2789	2801	Atorvastatin
neurology_ischemic stroke_17.txt	medication	concept	2818	2828	Lisinopril
neurology_ischemic stroke_17.txt	medication	concept	2845	2856	Amoxicillin
neurology_ischemic stroke_17.txt	disease	concept	2914	2920	pneumo
neurology_ischemic stroke_17.txt	disease	concept	3547	3568	acute ischemic stroke
neurology_ischemic stroke_18.txt	disease	concept	563	575	Hypertension
neurology_ischemic stroke_18.txt	disease	concept	580	604	Type 2 Diabetes Mellitus
neurology_ischemic stroke_18.txt	disease	concept	618	624	Stroke
neurology_ischemic stroke_18.txt	medication	concept	698	708	Lisinopril
neurology_ischemic stroke_18.txt	medication	concept	725	734	Metformin
neurology_ischemic stroke_18.txt	medication	concept	758	765	Aspirin
neurology_ischemic stroke_18.txt	disease	concept	1241	1260	atrial fibrillation
neurology_ischemic stroke_18.txt	disease	concept	1566	1581	ischemic stroke
neurology_ischemic stroke_18.txt	medication	concept	1971	1978	Aspirin
neurology_ischemic stroke_18.txt	disease	concept	2022	2028	stroke
neurology_ischemic stroke_18.txt	medication	concept	2068	2079	clopidogrel
neurology_ischemic stroke_18.txt	procedure	concept	2186	2198	mobilization
neurology_ischemic stroke_18.txt	procedure	concept	2203	2217	speech therapy
neurology_ischemic stroke_18.txt	medication	concept	2329	2337	apixaban
neurology_ischemic stroke_18.txt	symptom	concept	2403	2413	hemorrhage
neurology_ischemic stroke_18.txt	medication	concept	2467	2475	Apixaban
neurology_ischemic stroke_18.txt	medication	concept	2497	2504	Aspirin
neurology_ischemic stroke_18.txt	medication	concept	2521	2532	Clopidogrel
neurology_ischemic stroke_18.txt	medication	concept	2584	2594	Lisinopril
neurology_ischemic stroke_18.txt	medication	concept	2611	2620	Metformin
neurology_ischemic stroke_18.txt	medication	concept	2644	2656	Atorvastatin
neurology_ischemic stroke_18.txt	disease	concept	2673	2679	stroke
neurology_ischemic stroke_18.txt	disease	concept	2719	2731	dyslipidemia
neurology_ischemic stroke_18.txt	symptom	concept	2877	2890	complications
neurology_ischemic stroke_18.txt	symptom	concept	2894	2906	side effects
neurology_ischemic stroke_18.txt	disease	concept	2989	3008	atrial fibrillation
neurology_ischemic stroke_18.txt	disease	concept	3013	3025	hypertension
neurology_ischemic stroke_18.txt	disease	concept	3123	3142	left-sided weakness
neurology_ischemic stroke_18.txt	disease	concept	3147	3154	aphasia
neurology_ischemic stroke_18.txt	procedure	concept	3234	3251	smoking cessation
neurology_ischemic stroke_18.txt	disease	concept	3344	3350	stroke
neurology_ischemic stroke_18.txt	disease	concept	3483	3495	hypertension
neurology_ischemic stroke_18.txt	disease	concept	3497	3505	diabetes
neurology_ischemic stroke_18.txt	disease	concept	3520	3526	stroke
neurology_ischemic stroke_18.txt	disease	concept	3614	3620	stroke
neurology_ischemic stroke_18.txt	medication	concept	3651	3654	tPA
neurology_ischemic stroke_18.txt	disease	concept	3748	3767	atrial fibrillation
neurology_ischemic stroke_18.txt	disease	concept	3948	3954	stroke
neurology_ischemic stroke_19.txt	disease	concept	320	341	Acute Ischemic Stroke
neurology_ischemic stroke_19.txt	disease	concept	383	402	Atrial Fibrillation
neurology_ischemic stroke_19.txt	disease	concept	536	555	atrial fibrillation
neurology_ischemic stroke_19.txt	symptom	concept	642	662	right-sided weakness
neurology_ischemic stroke_19.txt	symptom	concept	667	686	difficulty speaking
neurology_ischemic stroke_19.txt	symptom	concept	979	987	afebrile
neurology_ischemic stroke_19.txt	symptom	concept	1268	1278	hemorrhage
neurology_ischemic stroke_19.txt	disease	concept	1542	1561	atrial fibrillation
neurology_ischemic stroke_19.txt	medication	concept	2148	2188	recombinant tissue plasminogen activator
neurology_ischemic stroke_19.txt	medication	concept	2565	2572	aspirin
neurology_ischemic stroke_19.txt	disease	concept	2674	2690	recurrent stroke
neurology_ischemic stroke_19.txt	medication	concept	2713	2721	apixaban
neurology_ischemic stroke_19.txt	medication	concept	3179	3186	Aspirin
neurology_ischemic stroke_19.txt	medication	concept	3204	3212	Apixaban
neurology_ischemic stroke_19.txt	medication	concept	3234	3244	Lisinopril
neurology_ischemic stroke_19.txt	disease	concept	3261	3273	hypertension
neurology_ischemic stroke_19.txt	medication	concept	3278	3290	Atorvastatin
neurology_ischemic stroke_19.txt	symptom	concept	3784	3792	bleeding
neurology_ischemic stroke_19.txt	procedure	concept	4046	4060	rehabilitation
neurology_ischemic stroke_2.txt	disease	concept	272	287	Ischemic Stroke
neurology_ischemic stroke_2.txt	symptom	concept	456	476	right-sided weakness
neurology_ischemic stroke_2.txt	disease	concept	590	602	hypertension
neurology_ischemic stroke_2.txt	disease	concept	607	631	type 2 diabetes mellitus
neurology_ischemic stroke_2.txt	disease	concept	683	708	transient ischemic attack
neurology_ischemic stroke_2.txt	symptom	concept	962	969	aphasia
neurology_ischemic stroke_2.txt	symptom	concept	971	989	right facial droop
neurology_ischemic stroke_2.txt	symptom	concept	1149	1159	hemorrhage
neurology_ischemic stroke_2.txt	disease	concept	1260	1275	ischemic stroke
neurology_ischemic stroke_2.txt	symptom	concept	1325	1337	sinus rhythm
neurology_ischemic stroke_2.txt	symptom	concept	1422	1433	arrhythmias
neurology_ischemic stroke_2.txt	symptom	concept	1650	1658	stenosis
neurology_ischemic stroke_2.txt	disease	concept	1926	1934	diabetes
neurology_ischemic stroke_2.txt	medication	concept	2028	2034	IV tPA
neurology_ischemic stroke_2.txt	disease	concept	2184	2199	ischemic stroke
neurology_ischemic stroke_2.txt	medication	concept	2495	2502	aspirin
neurology_ischemic stroke_2.txt	medication	concept	2644	2655	clopidogrel
neurology_ischemic stroke_2.txt	disease	concept	2837	2845	diabetes
neurology_ischemic stroke_2.txt	medication	concept	2855	2865	Lisinopril
neurology_ischemic stroke_2.txt	medication	concept	2882	2891	metformin
neurology_ischemic stroke_2.txt	disease	concept	2929	2941	hypertension
neurology_ischemic stroke_2.txt	disease	concept	2946	2954	diabetes
neurology_ischemic stroke_2.txt	medication	concept	2972	2978	statin
neurology_ischemic stroke_2.txt	medication	concept	2980	2992	atorvastatin
neurology_ischemic stroke_2.txt	disease	concept	3024	3036	dyslipidemia
neurology_ischemic stroke_2.txt	medication	concept	3373	3380	Aspirin
neurology_ischemic stroke_2.txt	medication	concept	3399	3410	Clopidogrel
neurology_ischemic stroke_2.txt	medication	concept	3451	3461	Lisinopril
neurology_ischemic stroke_2.txt	medication	concept	3479	3488	Metformin
neurology_ischemic stroke_2.txt	medication	concept	3513	3525	Atorvastatin
neurology_ischemic stroke_2.txt	procedure	concept	3653	3674	Cardiology evaluation
neurology_ischemic stroke_2.txt	disease	concept	3692	3700	Diabetes
neurology_ischemic stroke_2.txt	procedure	concept	4318	4332	rehabilitation
neurology_ischemic stroke_2.txt	procedure	concept	4361	4379	outpatient therapy
neurology_ischemic stroke_20.txt	disease	concept	223	238	Ischemic Stroke
neurology_ischemic stroke_20.txt	symptom	concept	407	426	difficulty speaking
neurology_ischemic stroke_20.txt	symptom	concept	841	851	hemorrhage
neurology_ischemic stroke_20.txt	disease	concept	889	904	ischemic stroke
neurology_ischemic stroke_20.txt	disease	concept	1142	1156	embolic stroke
neurology_ischemic stroke_20.txt	symptom	concept	1329	1337	stenosis
neurology_ischemic stroke_20.txt	medication	concept	1680	1723	IV recombinant tissue plasminogen activator
neurology_ischemic stroke_20.txt	medication	concept	2100	2117	Antihypertensives
neurology_ischemic stroke_20.txt	medication	concept	2144	2154	Lisinopril
neurology_ischemic stroke_20.txt	medication	concept	2266	2273	Aspirin
neurology_ischemic stroke_20.txt	disease	concept	2430	2449	atrial fibrillation
neurology_ischemic stroke_20.txt	medication	concept	2451	2459	apixaban
neurology_ischemic stroke_20.txt	disease	concept	2495	2501	stroke
neurology_ischemic stroke_20.txt	medication	concept	2538	2550	Atorvastatin
neurology_ischemic stroke_20.txt	medication	concept	2907	2917	Lisinopril
neurology_ischemic stroke_20.txt	medication	concept	2919	2926	aspirin
neurology_ischemic stroke_20.txt	medication	concept	2928	2936	apixaban
neurology_ischemic stroke_20.txt	medication	concept	2942	2954	atorvastatin
neurology_ischemic stroke_20.txt	procedure	concept	3069	3094	outpatient rehabilitation
neurology_ischemic stroke_20.txt	symptom	concept	3513	3534	neurological symptoms
neurology_ischemic stroke_20.txt	disease	concept	3639	3654	ischemic stroke
neurology_ischemic stroke_20.txt	disease	concept	3662	3681	atrial fibrillation
neurology_ischemic stroke_20.txt	procedure	concept	3928	3954	anticoagulation management
neurology_ischemic stroke_21.txt	symptom	concept	678	686	headache
neurology_ischemic stroke_21.txt	symptom	concept	688	695	seizure
neurology_ischemic stroke_21.txt	disease	concept	793	807	hyperlipidemia
neurology_ischemic stroke_21.txt	procedure	concept	1460	1476	Echocardiography
neurology_ischemic stroke_21.txt	procedure	concept	1510	1526	Vascular imaging
neurology_ischemic stroke_21.txt	medication	concept	1980	1992	IV labetalol
neurology_ischemic stroke_21.txt	medication	concept	2031	2038	Aspirin
neurology_ischemic stroke_21.txt	medication	concept	2176	2183	aspirin
neurology_ischemic stroke_21.txt	medication	concept	2200	2211	clopidogrel
neurology_ischemic stroke_21.txt	medication	concept	2272	2280	apixaban
neurology_ischemic stroke_21.txt	medication	concept	2398	2410	atorvastatin
neurology_ischemic stroke_21.txt	medication	concept	2461	2471	lisinopril
neurology_ischemic stroke_21.txt	medication	concept	2488	2498	amlodipine
neurology_ischemic stroke_21.txt	medication	concept	2545	2554	metformin
neurology_ischemic stroke_21.txt	procedure	concept	2926	2931	erapy
neurology_ischemic stroke_21.txt	disease	concept	3119	3125	stroke
neurology_ischemic stroke_21.txt	medication	concept	3271	3278	Aspirin
neurology_ischemic stroke_21.txt	medication	concept	3293	3304	Clopidogrel
neurology_ischemic stroke_21.txt	medication	concept	3357	3365	Apixaban
neurology_ischemic stroke_21.txt	medication	concept	3385	3397	Atorvastatin
neurology_ischemic stroke_21.txt	medication	concept	3412	3422	Lisinopril
neurology_ischemic stroke_21.txt	medication	concept	3437	3447	Amlodipine
neurology_ischemic stroke_21.txt	medication	concept	3461	3470	Metformin
neurology_ischemic stroke_21.txt	disease	concept	3653	3669	carotid stenosis
neurology_ischemic stroke_21.txt	disease	concept	3699	3711	hypertension
neurology_ischemic stroke_21.txt	disease	concept	3713	3721	diabetes
neurology_ischemic stroke_21.txt	disease	concept	3727	3741	hyperlipidemia
neurology_ischemic stroke_21.txt	disease	concept	3829	3835	stroke
neurology_ischemic stroke_21.txt	medication	concept	3849	3869	antiplatelet therapy
neurology_ischemic stroke_21.txt	medication	concept	3871	3886	anticoagulation
neurology_ischemic stroke_22.txt	disease	concept	513	527	hyperlipidemia
neurology_ischemic stroke_22.txt	symptom	concept	752	760	headache
neurology_ischemic stroke_22.txt	symptom	concept	762	769	seizure
neurology_ischemic stroke_22.txt	symptom	concept	774	795	loss of consciousness
neurology_ischemic stroke_22.txt	symptom	concept	1163	1175	facial droop
neurology_ischemic stroke_22.txt	symptom	concept	1181	1188	aphasia
neurology_ischemic stroke_22.txt	symptom	concept	1569	1581	sinus rhythm
neurology_ischemic stroke_22.txt	medication	concept	2085	2088	tPA
neurology_ischemic stroke_22.txt	medication	concept	2238	2241	tPA
neurology_ischemic stroke_22.txt	medication	concept	2478	2485	Aspirin
neurology_ischemic stroke_22.txt	medication	concept	2640	2651	clopidogrel
neurology_ischemic stroke_22.txt	procedure	concept	2734	2757	mechanical thrombectomy
neurology_ischemic stroke_22.txt	medication	concept	3046	3053	Aspirin
neurology_ischemic stroke_22.txt	medication	concept	3070	3081	Clopidogrel
neurology_ischemic stroke_22.txt	medication	concept	3110	3122	Atorvastatin
neurology_ischemic stroke_22.txt	medication	concept	3144	3154	Lisinopril
neurology_ischemic stroke_22.txt	medication	concept	3171	3181	Metoprolol
neurology_ischemic stroke_22.txt	disease	concept	3544	3567	carotid artery stenosis
neurology_ischemic stroke_22.txt	medication	concept	3609	3619	low-sodium
neurology_ischemic stroke_22.txt	procedure	concept	3913	3936	mechanical thrombectomy
neurology_ischemic stroke_22.txt	symptom	concept	4016	4045	moderate right-sided weakness
neurology_ischemic stroke_22.txt	symptom	concept	4050	4057	aphasia
neurology_ischemic stroke_23.txt	symptom	concept	336	356	right-sided weakness
neurology_ischemic stroke_23.txt	symptom	concept	361	368	aphasia
neurology_ischemic stroke_23.txt	disease	concept	447	462	ischemic stroke
neurology_ischemic stroke_23.txt	disease	concept	531	543	Hypertension
neurology_ischemic stroke_23.txt	disease	concept	548	572	Type 2 diabetes mellitus
neurology_ischemic stroke_23.txt	medication	concept	667	677	Lisinopril
neurology_ischemic stroke_23.txt	medication	concept	694	703	Metformin
neurology_ischemic stroke_23.txt	medication	concept	1373	1416	IV recombinant tissue plasminogen activator
neurology_ischemic stroke_23.txt	disease	concept	1889	1906	arterial stenosis
neurology_ischemic stroke_23.txt	disease	concept	1994	2002	diabetes
neurology_ischemic stroke_23.txt	disease	concept	2040	2054	hyperlipidemia
neurology_ischemic stroke_23.txt	medication	concept	2125	2132	Aspirin
neurology_ischemic stroke_23.txt	medication	concept	2222	2232	Lisinopril
neurology_ischemic stroke_23.txt	medication	concept	2268	2278	Amlodipine
neurology_ischemic stroke_23.txt	medication	concept	2379	2391	Atorvastatin
neurology_ischemic stroke_23.txt	medication	concept	2463	2479	Insulin Glargine
neurology_ischemic stroke_23.txt	disease	concept	2969	2988	atrial fibrillation
neurology_ischemic stroke_23.txt	medication	concept	3058	3066	Apixaban
neurology_ischemic stroke_23.txt	medication	concept	3089	3097	Warfarin
neurology_ischemic stroke_23.txt	medication	concept	3187	3197	Lisinopril
neurology_ischemic stroke_23.txt	medication	concept	3214	3224	Amlodipine
neurology_ischemic stroke_23.txt	medication	concept	3240	3247	Aspirin
neurology_ischemic stroke_23.txt	medication	concept	3304	3315	Clopidogrel
neurology_ischemic stroke_23.txt	medication	concept	3361	3368	Aspirin
neurology_ischemic stroke_23.txt	medication	concept	3403	3415	Atorvastatin
neurology_ischemic stroke_23.txt	medication	concept	3467	3483	Insulin Glargine
neurology_ischemic stroke_23.txt	disease	concept	3788	3807	atrial fibrillation
neurology_ischemic stroke_23.txt	disease	concept	3843	3851	diabetes
neurology_ischemic stroke_23.txt	disease	concept	4049	4064	ischemic stroke
neurology_ischemic stroke_23.txt	disease	concept	4100	4119	atrial fibrillation
neurology_ischemic stroke_23.txt	disease	concept	4142	4150	diabetes
neurology_ischemic stroke_23.txt	procedure	concept	4491	4505	rehabilitation
neurology_ischemic stroke_23.txt	disease	concept	4561	4568	strokes
neurology_ischemic stroke_23.txt	procedure	concept	4741	4763	follow-up appointments
neurology_ischemic stroke_23.txt	medication	concept	4894	4904	medication
neurology_ischemic stroke_24.txt	disease	concept	293	308	Ischemic Stroke
neurology_ischemic stroke_24.txt	disease	concept	590	602	hypertension
neurology_ischemic stroke_24.txt	disease	concept	604	628	type 2 diabetes mellitus
neurology_ischemic stroke_24.txt	disease	concept	634	648	hyperlipidemia
neurology_ischemic stroke_24.txt	symptom	concept	977	987	hemorrhage
neurology_ischemic stroke_24.txt	medication	concept	1291	1334	IV recombinant tissue plasminogen activator
neurology_ischemic stroke_24.txt	procedure	concept	1665	1668	ECG
neurology_ischemic stroke_24.txt	procedure	concept	1670	1679	telemetry
neurology_ischemic stroke_24.txt	medication	concept	1681	1695	serum troponin
neurology_ischemic stroke_24.txt	disease	concept	1747	1767	cardioembolic stroke
neurology_ischemic stroke_24.txt	medication	concept	1933	1940	aspirin
neurology_ischemic stroke_24.txt	procedure	concept	2414	2428	speech therapy
neurology_ischemic stroke_24.txt	medication	concept	2585	2592	Aspirin
neurology_ischemic stroke_24.txt	medication	concept	2607	2618	Clopidogrel
neurology_ischemic stroke_24.txt	medication	concept	2645	2657	Atorvastatin
neurology_ischemic stroke_24.txt	medication	concept	2672	2682	Lisinopril
neurology_ischemic stroke_24.txt	medication	concept	2697	2706	Metformin
neurology_ischemic stroke_24.txt	disease	concept	2938	2946	diabetes
neurology_ischemic stroke_24.txt	disease	concept	3149	3155	stroke
neurology_ischemic stroke_24.txt	disease	concept	3408	3414	stroke
neurology_ischemic stroke_25.txt	medication	concept	547	557	Lisinopril
neurology_ischemic stroke_25.txt	disease	concept	572	596	Type 2 Diabetes Mellitus
neurology_ischemic stroke_25.txt	medication	concept	611	620	Metformin
neurology_ischemic stroke_25.txt	symptom	concept	1065	1075	hemorrhage
neurology_ischemic stroke_25.txt	disease	concept	1105	1120	ischemic stroke
neurology_ischemic stroke_25.txt	symptom	concept	1446	1465	atrial fibrillation
neurology_ischemic stroke_25.txt	medication	concept	2037	2049	IV labetalol
neurology_ischemic stroke_25.txt	medication	concept	2118	2125	Aspirin
neurology_ischemic stroke_25.txt	medication	concept	2320	2327	aspirin
neurology_ischemic stroke_25.txt	medication	concept	2344	2355	clopidogrel
neurology_ischemic stroke_25.txt	medication	concept	2456	2468	Atorvastatin
neurology_ischemic stroke_25.txt	medication	concept	2560	2569	Metformin
neurology_ischemic stroke_25.txt	medication	concept	2609	2618	Glipizide
neurology_ischemic stroke_25.txt	symptom	concept	2980	2994	Blood pressure
neurology_ischemic stroke_25.txt	medication	concept	3147	3154	aspirin
neurology_ischemic stroke_25.txt	medication	concept	3192	3204	Atorvastatin
neurology_ischemic stroke_25.txt	medication	concept	3250	3270	diabetic medications
neurology_ischemic stroke_26.txt	symptom	concept	471	478	aphasia
neurology_ischemic stroke_26.txt	symptom	concept	623	629	trauma
neurology_ischemic stroke_26.txt	symptom	concept	631	639	headache
neurology_ischemic stroke_26.txt	disease	concept	700	712	hypertension
neurology_ischemic stroke_26.txt	disease	concept	717	731	hyperlipidemia
neurology_ischemic stroke_26.txt	disease	concept	762	774	Hypertension
neurology_ischemic stroke_26.txt	disease	concept	777	791	Hyperlipidemia
neurology_ischemic stroke_26.txt	medication	concept	825	835	Lisinopril
neurology_ischemic stroke_26.txt	medication	concept	850	862	Atorvastatin
neurology_ischemic stroke_26.txt	medication	concept	2449	2456	aspirin
neurology_ischemic stroke_26.txt	medication	concept	2649	2661	atorvastatin
neurology_ischemic stroke_26.txt	procedure	concept	2780	2800	occupational therapy
neurology_ischemic stroke_26.txt	symptom	concept	2826	2846	right-sided weakness
neurology_ischemic stroke_26.txt	medication	concept	2937	2944	Aspirin
neurology_ischemic stroke_26.txt	medication	concept	2963	2969	nopril
neurology_ischemic stroke_26.txt	medication	concept	2984	2996	Atorvastatin
neurology_ischemic stroke_26.txt	medication	concept	3013	3024	Clopidogrel
neurology_ischemic stroke_26.txt	symptom	concept	3362	3376	blood pressure
neurology_ischemic stroke_27.txt	symptom	concept	567	575	afebrile
neurology_ischemic stroke_27.txt	disease	concept	665	689	type 2 diabetes mellitus
neurology_ischemic stroke_27.txt	symptom	concept	931	941	hemorrhage
neurology_ischemic stroke_27.txt	medication	concept	1716	1728	IV Labetalol
neurology_ischemic stroke_27.txt	procedure	concept	2050	2073	Mechanical Thrombectomy
neurology_ischemic stroke_27.txt	procedure	concept	2194	2217	mechanical thrombectomy
neurology_ischemic stroke_27.txt	medication	concept	2351	2358	Aspirin
neurology_ischemic stroke_27.txt	medication	concept	2537	2548	Clopidogrel
neurology_ischemic stroke_27.txt	disease	concept	2684	2692	diabetes
neurology_ischemic stroke_27.txt	medication	concept	2739	2749	Lisinopril
neurology_ischemic stroke_27.txt	medication	concept	2766	2775	Metformin
neurology_ischemic stroke_27.txt	medication	concept	2822	2834	Atorvastatin
neurology_ischemic stroke_27.txt	symptom	concept	3067	3075	mobility
neurology_ischemic stroke_27.txt	disease	concept	3217	3223	stroke
neurology_ischemic stroke_27.txt	medication	concept	3314	3321	Aspirin
neurology_ischemic stroke_27.txt	medication	concept	3338	3349	Clopidogrel
neurology_ischemic stroke_27.txt	medication	concept	3378	3388	Lisinopril
neurology_ischemic stroke_27.txt	medication	concept	3405	3414	Metformin
neurology_ischemic stroke_27.txt	medication	concept	3438	3450	Atorvastatin
neurology_ischemic stroke_27.txt	disease	concept	3652	3668	carotid stenosis
neurology_ischemic stroke_27.txt	symptom	concept	3805	3819	blood pressure
neurology_ischemic stroke_27.txt	symptom	concept	4064	4074	chest pain
neurology_ischemic stroke_27.txt	disease	concept	4206	4221	ischemic stroke
neurology_ischemic stroke_28.txt	symptom	concept	488	502	slurred speech
neurology_ischemic stroke_28.txt	disease	concept	862	886	type 2 diabetes mellitus
neurology_ischemic stroke_28.txt	symptom	concept	1240	1253	hyperglycemia
neurology_ischemic stroke_28.txt	symptom	concept	1383	1393	hemorrhage
neurology_ischemic stroke_28.txt	disease	concept	1615	1634	atrial fibrillation
neurology_ischemic stroke_28.txt	disease	concept	1755	1777	valvular heart disease
neurology_ischemic stroke_28.txt	disease	concept	2040	2059	stroke risk factors
neurology_ischemic stroke_28.txt	symptom	concept	2352	2362	hemorrhage
neurology_ischemic stroke_28.txt	symptom	concept	2376	2390	blood pressure
neurology_ischemic stroke_28.txt	medication	concept	2424	2431	Aspirin
neurology_ischemic stroke_28.txt	disease	concept	2472	2478	stroke
neurology_ischemic stroke_28.txt	procedure	concept	2490	2513	Mechanical Thrombectomy
neurology_ischemic stroke_28.txt	procedure	concept	2629	2641	thrombectomy
neurology_ischemic stroke_28.txt	medication	concept	2770	2777	aspirin
neurology_ischemic stroke_28.txt	medication	concept	2794	2805	clopidogrel
neurology_ischemic stroke_28.txt	medication	concept	2897	2909	atorvastatin
neurology_ischemic stroke_28.txt	medication	concept	2956	2966	lisinopril
neurology_ischemic stroke_28.txt	medication	concept	2983	2993	amlodipine
neurology_ischemic stroke_28.txt	medication	concept	3075	3083	apixaban
neurology_ischemic stroke_28.txt	disease	concept	3105	3136	nonvalvular atrial fibrillation
neurology_ischemic stroke_28.txt	medication	concept	3371	3378	aspirin
neurology_ischemic stroke_28.txt	medication	concept	3392	3403	clopidogrel
neurology_ischemic stroke_28.txt	medication	concept	3479	3489	lisinopril
neurology_ischemic stroke_28.txt	medication	concept	3503	3513	amlodipine
neurology_ischemic stroke_28.txt	medication	concept	3531	3539	apixaban
neurology_ischemic stroke_28.txt	procedure	concept	3679	3693	echocardiogram
neurology_ischemic stroke_28.txt	procedure	concept	3698	3728	carotid duplex ultrasonography
neurology_ischemic stroke_28.txt	procedure	concept	4054	4069	anticoagulation
neurology_ischemic stroke_28.txt	disease	concept	4204	4223	atrial fibrillation
neurology_ischemic stroke_28.txt	procedure	concept	4295	4317	multidisciplinary care
neurology_ischemic stroke_28.txt	procedure	concept	4415	4429	rehabilitation
neurology_ischemic stroke_28.txt	disease	concept	4469	4485	recurrent stroke
neurology_ischemic stroke_29.txt	disease	concept	234	249	Ischemic Stroke
neurology_ischemic stroke_29.txt	disease	concept	380	395	type 2 diabetes
neurology_ischemic stroke_29.txt	disease	concept	1765	1773	diabetes
neurology_ischemic stroke_29.txt	medication	concept	1891	1934	IV recombinant tissue plasminogen activator
neurology_ischemic stroke_29.txt	medication	concept	2465	2472	Aspirin
neurology_ischemic stroke_29.txt	medication	concept	2583	2590	aspirin
neurology_ischemic stroke_29.txt	medication	concept	2596	2607	clopidogrel
neurology_ischemic stroke_29.txt	disease	concept	2671	2674	TIA
neurology_ischemic stroke_29.txt	disease	concept	2679	2691	minor stroke
neurology_ischemic stroke_29.txt	procedure	concept	2829	2843	speech therapy
neurology_ischemic stroke_29.txt	medication	concept	3021	3031	lisinopril
neurology_ischemic stroke_29.txt	medication	concept	3067	3079	atorvastatin
neurology_ischemic stroke_29.txt	medication	concept	3122	3131	metformin
neurology_ischemic stroke_29.txt	disease	concept	3174	3193	atrial fibrillation
neurology_ischemic stroke_29.txt	disease	concept	3753	3759	stroke
neurology_ischemic stroke_29.txt	procedure	concept	4057	4073	echocardiography
neurology_ischemic stroke_3.txt	disease	concept	193	208	Ischemic Stroke
neurology_ischemic stroke_3.txt	disease	concept	579	603	type 2 diabetes mellitus
neurology_ischemic stroke_3.txt	disease	concept	609	623	hyperlipidemia
neurology_ischemic stroke_3.txt	symptom	concept	828	838	hemorrhage
neurology_ischemic stroke_3.txt	procedure	concept	1719	1733	echocardiogram
neurology_ischemic stroke_3.txt	medication	concept	1978	1985	aspirin
neurology_ischemic stroke_3.txt	disease	concept	2012	2018	stroke
neurology_ischemic stroke_3.txt	disease	concept	2057	2065	diabetes
neurology_ischemic stroke_3.txt	medication	concept	2117	2124	aspirin
neurology_ischemic stroke_3.txt	medication	concept	2142	2153	clopidogrel
neurology_ischemic stroke_3.txt	disease	concept	2245	2251	stroke
neurology_ischemic stroke_3.txt	disease	concept	2762	2770	diabetes
neurology_ischemic stroke_3.txt	disease	concept	2775	2789	hyperlipidemia
neurology_ischemic stroke_3.txt	medication	concept	2834	2841	Aspirin
neurology_ischemic stroke_3.txt	medication	concept	2872	2883	Clopidogrel
neurology_ischemic stroke_3.txt	medication	concept	2927	2939	Atorvastatin
neurology_ischemic stroke_3.txt	medication	concept	2970	2979	Metformin
neurology_ischemic stroke_3.txt	medication	concept	3012	3022	Lisinopril
neurology_ischemic stroke_3.txt	disease	concept	3349	3355	stroke
neurology_ischemic stroke_3.txt	disease	concept	3611	3617	stroke
neurology_ischemic stroke_3.txt	procedure	concept	3884	3909	outpatient rehabilitation
neurology_ischemic stroke_3.txt	procedure	concept	4339	4356	medical attention
neurology_ischemic stroke_3.txt	disease	concept	4387	4393	stroke
neurology_ischemic stroke_30.txt	symptom	concept	418	437	speech difficulties
neurology_ischemic stroke_30.txt	disease	concept	506	530	type 2 diabetes mellitus
neurology_ischemic stroke_30.txt	procedure	concept	1188	1204	echocardiography
neurology_ischemic stroke_30.txt	disease	concept	1697	1705	diabetes
neurology_ischemic stroke_30.txt	disease	concept	1710	1724	hyperlipidemia
neurology_ischemic stroke_30.txt	procedure	concept	2010	2033	Mechanical thrombectomy
neurology_ischemic stroke_30.txt	medication	concept	2283	2290	Aspirin
neurology_ischemic stroke_30.txt	medication	concept	2391	2398	aspirin
neurology_ischemic stroke_30.txt	medication	concept	2409	2420	clopidogrel
neurology_ischemic stroke_30.txt	disease	concept	2523	2539	recurrent stroke
neurology_ischemic stroke_30.txt	procedure	concept	2590	2605	anticoagulation
neurology_ischemic stroke_30.txt	medication	concept	2611	2619	apixaban
neurology_ischemic stroke_30.txt	disease	concept	2624	2655	nonvalvular atrial fibrillation
neurology_ischemic stroke_30.txt	disease	concept	2756	2768	hypertension
neurology_ischemic stroke_30.txt	disease	concept	2773	2787	hyperlipidemia
neurology_ischemic stroke_30.txt	medication	concept	2812	2824	atorvastatin
neurology_ischemic stroke_30.txt	medication	concept	2864	2873	metformin
neurology_ischemic stroke_30.txt	disease	concept	2912	2920	diabetes
neurology_ischemic stroke_30.txt	procedure	concept	3062	3078	physical therapy
neurology_ischemic stroke_30.txt	procedure	concept	3080	3100	occupational therapy
neurology_ischemic stroke_30.txt	symptom	concept	4157	4165	weakness
neurology_ischemic stroke_30.txt	symptom	concept	4228	4237	confusion
neurology_ischemic stroke_30.txt	symptom	concept	4337	4341	dizz
neurology_ischemic stroke_30.txt	symptom	concept	4370	4382	coordination
neurology_ischemic stroke_30.txt	disease	concept	4487	4508	acute ischemic stroke
neurology_ischemic stroke_31.txt	symptom	concept	379	396	speech difficulty
neurology_ischemic stroke_31.txt	disease	concept	522	546	type 2 diabetes mellitus
neurology_ischemic stroke_31.txt	disease	concept	552	566	hyperlipidemia
neurology_ischemic stroke_31.txt	symptom	concept	829	839	hemorrhage
neurology_ischemic stroke_31.txt	symptom	concept	1294	1302	stenosis
neurology_ischemic stroke_31.txt	disease	concept	1518	1526	diabetes
neurology_ischemic stroke_31.txt	disease	concept	1531	1545	hyperlipidemia
neurology_ischemic stroke_31.txt	medication	concept	1850	1870	IV antihypertensives
neurology_ischemic stroke_31.txt	medication	concept	1912	1919	Aspirin
neurology_ischemic stroke_31.txt	procedure	concept	2071	2094	mechanical thrombectomy
neurology_ischemic stroke_31.txt	medication	concept	2250	2257	aspirin
neurology_ischemic stroke_31.txt	medication	concept	2274	2285	clopidogrel
neurology_ischemic stroke_31.txt	procedure	concept	2454	2470	physical therapy
neurology_ischemic stroke_31.txt	procedure	concept	2472	2492	occupational therapy
neurology_ischemic stroke_31.txt	procedure	concept	2498	2512	speech therapy
neurology_ischemic stroke_31.txt	medication	concept	2679	2686	Aspirin
neurology_ischemic stroke_31.txt	medication	concept	2703	2714	Clopidogrel
neurology_ischemic stroke_31.txt	medication	concept	2761	2773	Atorvastatin
neurology_ischemic stroke_31.txt	medication	concept	2790	2799	Metformin
neurology_ischemic stroke_31.txt	medication	concept	2824	2834	Lisinopril
neurology_ischemic stroke_31.txt	procedure	concept	3085	3104	outpatient physical
neurology_ischemic stroke_31.txt	procedure	concept	3258	3279	repeat echocardiogram
neurology_ischemic stroke_31.txt	disease	concept	3435	3452	stroke recurrence
neurology_ischemic stroke_31.txt	symptom	concept	3464	3479	facial drooping
neurology_ischemic stroke_31.txt	symptom	concept	3481	3493	arm weakness
neurology_ischemic stroke_31.txt	symptom	concept	3495	3514	speech difficulties
neurology_ischemic stroke_31.txt	disease	concept	3640	3657	stroke recurrence
neurology_ischemic stroke_31.txt	procedure	concept	3967	3990	mechanical thrombectomy
neurology_ischemic stroke_31.txt	procedure	concept	3996	4020	inpatient rehabilitation
neurology_ischemic stroke_32.txt	symptom	concept	591	603	facial droop
neurology_ischemic stroke_32.txt	symptom	concept	656	664	headache
neurology_ischemic stroke_32.txt	disease	concept	837	861	Type 2 Diabetes Mellitus
neurology_ischemic stroke_32.txt	disease	concept	866	880	Hyperlipidemia
neurology_ischemic stroke_32.txt	symptom	concept	1055	1067	facial droop
neurology_ischemic stroke_32.txt	symptom	concept	1073	1080	aphasia
neurology_ischemic stroke_32.txt	symptom	concept	1208	1218	hemorrhage
neurology_ischemic stroke_32.txt	symptom	concept	1374	1386	sinus rhythm
neurology_ischemic stroke_32.txt	symptom	concept	1417	1428	arrhythmias
neurology_ischemic stroke_32.txt	procedure	concept	1471	1487	Echocardiography
neurology_ischemic stroke_32.txt	disease	concept	1898	1913	ischemic stroke
neurology_ischemic stroke_32.txt	medication	concept	1947	1953	IV tPA
neurology_ischemic stroke_32.txt	medication	concept	2188	2200	IV labetalol
neurology_ischemic stroke_32.txt	procedure	concept	2273	2296	Mechanical Thrombectomy
neurology_ischemic stroke_32.txt	procedure	concept	2401	2424	mechanical thrombectomy
neurology_ischemic stroke_32.txt	medication	concept	2667	2674	Aspirin
neurology_ischemic stroke_32.txt	medication	concept	2731	2743	Atorvastatin
neurology_ischemic stroke_32.txt	medication	concept	2885	2895	lisinopril
neurology_ischemic stroke_32.txt	medication	concept	2912	2917	amlod
neurology_ischemic stroke_32.txt	procedure	concept	2939	2953	Rehabilitation
neurology_ischemic stroke_32.txt	medication	concept	3171	3178	Aspirin
neurology_ischemic stroke_32.txt	medication	concept	3195	3207	Atorvastatin
neurology_ischemic stroke_32.txt	medication	concept	3224	3234	Lisinopril
neurology_ischemic stroke_32.txt	medication	concept	3251	3261	Amlodipine
neurology_ischemic stroke_32.txt	medication	concept	3278	3287	Metformin
neurology_ischemic stroke_32.txt	disease	concept	3313	3328	Type 2 Diabetes
neurology_ischemic stroke_32.txt	symptom	concept	3713	3727	blood pressure
neurology_ischemic stroke_32.txt	disease	concept	3729	3737	diabetes
neurology_ischemic stroke_32.txt	procedure	concept	3771	3785	Rehabilitation
neurology_ischemic stroke_32.txt	symptom	concept	3932	3946	blood pressure
neurology_ischemic stroke_32.txt	procedure	concept	4029	4037	exercise
neurology_ischemic stroke_32.txt	procedure	concept	4204	4210	IV tPA
neurology_ischemic stroke_32.txt	procedure	concept	4215	4238	mechanical thrombectomy
neurology_ischemic stroke_33.txt	disease	concept	285	300	Ischemic Stroke
neurology_ischemic stroke_33.txt	disease	concept	424	436	hypertension
neurology_ischemic stroke_33.txt	disease	concept	441	465	type 2 diabetes mellitus
neurology_ischemic stroke_33.txt	symptom	concept	570	577	aphasia
neurology_ischemic stroke_33.txt	symptom	concept	1410	1418	stenosis
neurology_ischemic stroke_33.txt	medication	concept	1781	1833	intravenous recombinant tissue plasminogen activator
neurology_ischemic stroke_33.txt	medication	concept	2383	2398	Aspirin therapy
neurology_ischemic stroke_33.txt	disease	concept	2535	2559	type 2 diabetes mellitus
neurology_ischemic stroke_33.txt	medication	concept	2678	2690	atorvastatin
neurology_ischemic stroke_33.txt	medication	concept	2724	2740	antihypertensive
neurology_ischemic stroke_33.txt	procedure	concept	2790	2813	mechanical thrombectomy
neurology_ischemic stroke_33.txt	medication	concept	3379	3386	Aspirin
neurology_ischemic stroke_33.txt	medication	concept	3428	3439	Clopidogrel
neurology_ischemic stroke_33.txt	medication	concept	3499	3511	Atorvastatin
neurology_ischemic stroke_33.txt	medication	concept	3528	3538	Lisinopril
neurology_ischemic stroke_33.txt	medication	concept	3572	3581	Metformin
neurology_ischemic stroke_33.txt	disease	concept	3605	3629	type 2 diabetes mellitus
neurology_ischemic stroke_33.txt	procedure	concept	4439	4462	rehabilitation sessions
neurology_ischemic stroke_33.txt	symptom	concept	4478	4498	stroke warning signs
neurology_ischemic stroke_34.txt	disease	concept	340	355	type 2 diabetes
neurology_ischemic stroke_34.txt	medication	concept	655	662	aspirin
neurology_ischemic stroke_34.txt	symptom	concept	809	817	afebrile
neurology_ischemic stroke_34.txt	symptom	concept	1023	1033	hemorrhage
neurology_ischemic stroke_34.txt	disease	concept	1622	1630	diabetes
neurology_ischemic stroke_34.txt	disease	concept	1686	1707	acute ischemic stroke
neurology_ischemic stroke_34.txt	medication	concept	1746	1789	IV recombinant tissue plasminogen activator
neurology_ischemic stroke_34.txt	disease	concept	1997	2020	intracranial hemorrhage
neurology_ischemic stroke_34.txt	medication	concept	2432	2439	aspirin
neurology_ischemic stroke_34.txt	medication	concept	2456	2467	clopidogrel
neurology_ischemic stroke_34.txt	disease	concept	2562	2585	carotid artery stenosis
neurology_ischemic stroke_34.txt	procedure	concept	2617	2631	endarterectomy
neurology_ischemic stroke_34.txt	disease	concept	2900	2908	diabetes
neurology_ischemic stroke_34.txt	disease	concept	2913	2925	hypertension
neurology_ischemic stroke_34.txt	medication	concept	3048	3055	Aspirin
neurology_ischemic stroke_34.txt	medication	concept	3083	3144	"Clopidogrel 75 mg orally, once daily for 21 days
- Lisinopril"
neurology_ischemic stroke_34.txt	disease	concept	3174	3186	hypertension
neurology_ischemic stroke_34.txt	medication	concept	3189	3198	Metformin
neurology_ischemic stroke_34.txt	disease	concept	3231	3239	diabetes
neurology_ischemic stroke_34.txt	medication	concept	3242	3254	Atorvastatin
neurology_ischemic stroke_34.txt	disease	concept	3284	3296	dyslipidemia
neurology_ischemic stroke_34.txt	symptom	concept	3485	3499	blood pressure
neurology_ischemic stroke_34.txt	disease	concept	3995	4007	hypertension
neurology_ischemic stroke_34.txt	disease	concept	4009	4017	diabetes
neurology_ischemic stroke_34.txt	disease	concept	4023	4037	hyperlipidemia
neurology_ischemic stroke_34.txt	disease	concept	4097	4118	acute ischemic stroke
neurology_ischemic stroke_35.txt	disease	concept	567	582	type 2 diabetes
neurology_ischemic stroke_35.txt	symptom	concept	729	737	headache
neurology_ischemic stroke_35.txt	symptom	concept	1707	1718	arrhythmias
neurology_ischemic stroke_35.txt	symptom	concept	1847	1872	wall motion abnormalities
neurology_ischemic stroke_35.txt	symptom	concept	1959	1968	occlusion
neurology_ischemic stroke_35.txt	disease	concept	2467	2483	brain hemorrhage
neurology_ischemic stroke_35.txt	procedure	concept	2579	2602	Mechanical Thrombectomy
neurology_ischemic stroke_35.txt	procedure	concept	2694	2717	mechanical thrombectomy
neurology_ischemic stroke_35.txt	medication	concept	2827	2834	Aspirin
neurology_ischemic stroke_35.txt	disease	concept	2873	2879	stroke
neurology_ischemic stroke_35.txt	medication	concept	2922	2933	clopidogrel
neurology_ischemic stroke_35.txt	medication	concept	3046	3056	lisinopril
neurology_ischemic stroke_35.txt	medication	concept	3073	3083	amlodipine
neurology_ischemic stroke_35.txt	medication	concept	3152	3161	Metformin
neurology_ischemic stroke_35.txt	symptom	concept	3559	3573	motor function
neurology_ischemic stroke_35.txt	medication	concept	3680	3687	Aspirin
neurology_ischemic stroke_35.txt	medication	concept	3704	3715	Clopidogrel
neurology_ischemic stroke_35.txt	medication	concept	3744	3754	Lisinopril
neurology_ischemic stroke_35.txt	medication	concept	3771	3781	Amlodipine
neurology_ischemic stroke_35.txt	medication	concept	3797	3806	Metformin
neurology_ischemic stroke_35.txt	disease	concept	4421	4427	stroke
neurology_ischemic stroke_35.txt	symptom	concept	4429	4439	chest pain
neurology_ischemic stroke_35.txt	symptom	concept	4441	4461	difficulty breathing
neurology_ischemic stroke_35.txt	symptom	concept	4489	4503	blood pressure
neurology_ischemic stroke_35.txt	disease	concept	4594	4600	stroke
neurology_ischemic stroke_35.txt	procedure	concept	4646	4669	mechanical thrombectomy
neurology_ischemic stroke_35.txt	disease	concept	4820	4826	stroke
neurology_ischemic stroke_36.txt	disease	concept	248	269	Acute Ischemic Stroke
neurology_ischemic stroke_36.txt	disease	concept	390	414	type 2 diabetes mellitus
neurology_ischemic stroke_36.txt	symptom	concept	807	817	hemorrhage
neurology_ischemic stroke_36.txt	disease	concept	1264	1287	intracranial hemorrhage
neurology_ischemic stroke_36.txt	disease	concept	1628	1640	acute stroke
neurology_ischemic stroke_36.txt	procedure	concept	1662	1671	telemetry
neurology_ischemic stroke_36.txt	medication	concept	1824	1833	labetalol
neurology_ischemic stroke_36.txt	medication	concept	1856	1878	oral antihypertensives
neurology_ischemic stroke_36.txt	procedure	concept	1946	1962	echocardiography
neurology_ischemic stroke_36.txt	symptom	concept	2397	2416	speech difficulties
neurology_ischemic stroke_36.txt	medication	concept	2467	2474	aspirin
neurology_ischemic stroke_36.txt	disease	concept	2507	2513	stroke
neurology_ischemic stroke_36.txt	disease	concept	2565	2568	TIA
neurology_ischemic stroke_36.txt	medication	concept	2615	2626	clopidogrel
neurology_ischemic stroke_36.txt	medication	concept	2666	2673	aspirin
neurology_ischemic stroke_36.txt	procedure	concept	2848	2865	strength training
neurology_ischemic stroke_36.txt	medication	concept	3010	3017	Aspirin
neurology_ischemic stroke_36.txt	medication	concept	3042	3053	Clopidogrel
neurology_ischemic stroke_36.txt	medication	concept	3112	3122	Lisinopril
neurology_ischemic stroke_36.txt	medication	concept	3164	3173	Metformin
neurology_ischemic stroke_36.txt	disease	concept	3205	3213	diabetes
neurology_ischemic stroke_36.txt	medication	concept	3218	3230	Atorvastatin
neurology_ischemic stroke_36.txt	disease	concept	3255	3269	hyperlipidemia
neurology_ischemic stroke_36.txt	disease	concept	3373	3379	stroke
neurology_ischemic stroke_36.txt	disease	concept	3505	3517	hypertension
neurology_ischemic stroke_36.txt	disease	concept	3519	3527	diabetes
neurology_ischemic stroke_36.txt	disease	concept	4006	4014	diabetes
neurology_ischemic stroke_36.txt	medication	concept	4051	4061	medication
neurology_ischemic stroke_36.txt	medication	concept	4073	4096	lifestyle modifications
neurology_ischemic stroke_36.txt	procedure	concept	4130	4152	follow-up appointments
neurology_ischemic stroke_36.txt	procedure	concept	4157	4173	therapy sessions
neurology_ischemic stroke_36.txt	medication	concept	4436	4446	medication
neurology_ischemic stroke_36.txt	disease	concept	4545	4561	secondary stroke
neurology_ischemic stroke_37.txt	disease	concept	375	399	type 2 diabetes mellitus
neurology_ischemic stroke_37.txt	symptom	concept	685	693	afebrile
neurology_ischemic stroke_37.txt	symptom	concept	1017	1027	hemorrhage
neurology_ischemic stroke_37.txt	symptom	concept	1467	1475	stenosis
neurology_ischemic stroke_37.txt	procedure	concept	2210	2233	mechanical thrombectomy
neurology_ischemic stroke_37.txt	medication	concept	2444	2451	aspirin
neurology_ischemic stroke_37.txt	medication	concept	2613	2620	aspirin
neurology_ischemic stroke_37.txt	medication	concept	2636	2647	clopidogrel
neurology_ischemic stroke_37.txt	medication	concept	2740	2747	aspirin
neurology_ischemic stroke_37.txt	medication	concept	2793	2805	atorvastatin
neurology_ischemic stroke_37.txt	disease	concept	2971	2979	diabetes
neurology_ischemic stroke_37.txt	medication	concept	3380	3387	Aspirin
neurology_ischemic stroke_37.txt	medication	concept	3407	3418	Clopidogrel
neurology_ischemic stroke_37.txt	medication	concept	3470	3482	Atorvastatin
neurology_ischemic stroke_37.txt	medication	concept	3507	3517	Lisinopril
neurology_ischemic stroke_37.txt	medication	concept	3554	3563	Metformin
neurology_ischemic stroke_37.txt	disease	concept	3591	3599	diabetes
neurology_ischemic stroke_37.txt	disease	concept	3660	3668	diabetes
neurology_ischemic stroke_37.txt	disease	concept	3818	3826	diabetes
neurology_ischemic stroke_37.txt	procedure	concept	4001	4019	carotid ultrasound
neurology_ischemic stroke_37.txt	disease	concept	4155	4176	acute ischemic stroke
neurology_ischemic stroke_37.txt	procedure	concept	4225	4246	IV tPA administration
neurology_ischemic stroke_37.txt	procedure	concept	4248	4271	mechanical thrombectomy
neurology_ischemic stroke_37.txt	disease	concept	4384	4392	diabetes
neurology_ischemic stroke_37.txt	disease	concept	4433	4449	recurrent stroke
neurology_ischemic stroke_37.txt	procedure	concept	4459	4473	rehabilitation
neurology_ischemic stroke_37.txt	procedure	concept	4547	4557	monitoring
neurology_ischemic stroke_38.txt	disease	concept	297	318	Acute Ischemic Stroke
neurology_ischemic stroke_38.txt	disease	concept	433	445	hypertension
neurology_ischemic stroke_38.txt	disease	concept	450	474	type 2 diabetes mellitus
neurology_ischemic stroke_38.txt	symptom	concept	1123	1135	facial droop
neurology_ischemic stroke_38.txt	symptom	concept	1141	1151	dysarthria
neurology_ischemic stroke_38.txt	symptom	concept	1477	1489	sinus rhythm
neurology_ischemic stroke_38.txt	procedure	concept	1564	1594	transthoracic echocardiography
neurology_ischemic stroke_38.txt	medication	concept	2377	2397	IV antihypertensives
neurology_ischemic stroke_38.txt	medication	concept	2528	2535	Aspirin
neurology_ischemic stroke_38.txt	medication	concept	2796	2803	aspirin
neurology_ischemic stroke_38.txt	medication	concept	2814	2825	clopidogrel
neurology_ischemic stroke_38.txt	medication	concept	2872	2879	aspirin
neurology_ischemic stroke_38.txt	procedure	concept	3303	3328	carotid revascularization
neurology_ischemic stroke_38.txt	medication	concept	3429	3436	Aspirin
neurology_ischemic stroke_38.txt	medication	concept	3465	3476	Clopidogrel
neurology_ischemic stroke_38.txt	medication	concept	3517	3529	Atorvastatin
neurology_ischemic stroke_38.txt	medication	concept	3569	3579	Lisinopril
neurology_ischemic stroke_38.txt	medication	concept	3625	3634	Metformin
neurology_ischemic stroke_38.txt	disease	concept	3667	3675	diabetes
neurology_ischemic stroke_39.txt	disease	concept	325	349	type 2 diabetes mellitus
neurology_ischemic stroke_39.txt	disease	concept	454	461	aphasia
neurology_ischemic stroke_39.txt	medication	concept	1724	1730	IV tPA
neurology_ischemic stroke_39.txt	medication	concept	2018	2025	Aspirin
neurology_ischemic stroke_39.txt	symptom	concept	2149	2168	atrial fibrillation
neurology_ischemic stroke_39.txt	medication	concept	2232	2243	clopidogrel
neurology_ischemic stroke_39.txt	medication	concept	2271	2278	aspirin
neurology_ischemic stroke_39.txt	medication	concept	2383	2390	aspirin
neurology_ischemic stroke_39.txt	medication	concept	2710	2717	Aspirin
neurology_ischemic stroke_39.txt	medication	concept	2780	2791	Clopidogrel
neurology_ischemic stroke_39.txt	medication	concept	2874	2886	Atorvastatin
neurology_ischemic stroke_39.txt	medication	concept	2948	2958	Lisinopril
neurology_ischemic stroke_39.txt	symptom	concept	2988	3000	hypertension
neurology_ischemic stroke_39.txt	medication	concept	3006	3015	Metformin
neurology_ischemic stroke_39.txt	disease	concept	3047	3071	type 2 diabetes mellitus
neurology_ischemic stroke_39.txt	disease	concept	3324	3332	diabetes
neurology_ischemic stroke_39.txt	disease	concept	3409	3425	carotid stenosis
neurology_ischemic stroke_39.txt	disease	concept	3603	3624	acute ischemic stroke
neurology_ischemic stroke_39.txt	disease	concept	3940	3956	secondary stroke
neurology_ischemic stroke_4.txt	disease	concept	320	335	Ischemic Stroke
neurology_ischemic stroke_4.txt	symptom	concept	893	910	right hemiparesis
neurology_ischemic stroke_4.txt	symptom	concept	912	924	facial droop
neurology_ischemic stroke_4.txt	symptom	concept	930	948	expressive aphasia
neurology_ischemic stroke_4.txt	procedure	concept	1382	1398	Echocardiography
neurology_ischemic stroke_4.txt	medication	concept	2005	2012	Aspirin
neurology_ischemic stroke_4.txt	medication	concept	2139	2151	Atorvastatin
neurology_ischemic stroke_4.txt	medication	concept	2299	2309	Lisinopril
neurology_ischemic stroke_4.txt	symptom	concept	2357	2371	blood pressure
neurology_ischemic stroke_4.txt	medication	concept	2848	2855	Aspirin
neurology_ischemic stroke_4.txt	medication	concept	2872	2884	Atorvastatin
neurology_ischemic stroke_4.txt	medication	concept	2901	2911	Lisinopril
neurology_ischemic stroke_4.txt	procedure	concept	3113	3140	Physical and Speech Therapy
neurology_ischemic stroke_4.txt	disease	concept	3540	3556	recurrent stroke
neurology_ischemic stroke_4.txt	procedure	concept	3869	3883	rehabilitation
neurology_ischemic stroke_4.txt	disease	concept	3959	3973	future strokes
neurology_ischemic stroke_40.txt	disease	concept	308	323	Ischemic Stroke
neurology_ischemic stroke_40.txt	symptom	concept	868	878	hemorrhage
neurology_ischemic stroke_40.txt	medication	concept	1542	1556	serum troponin
neurology_ischemic stroke_40.txt	procedure	concept	1598	1612	echocardiogram
neurology_ischemic stroke_40.txt	medication	concept	1986	1993	aspirin
neurology_ischemic stroke_40.txt	medication	concept	2370	2381	clopidogrel
neurology_ischemic stroke_40.txt	medication	concept	2409	2416	aspirin
neurology_ischemic stroke_40.txt	medication	concept	2666	2678	atorvastatin
neurology_ischemic stroke_40.txt	medication	concept	2724	2731	Aspirin
neurology_ischemic stroke_40.txt	medication	concept	2790	2801	Clopidogrel
neurology_ischemic stroke_40.txt	medication	concept	2830	2842	Atorvastatin
neurology_ischemic stroke_40.txt	medication	concept	2870	2880	Lisinopril
neurology_ischemic stroke_40.txt	medication	concept	2914	2923	Metformin
neurology_ischemic stroke_40.txt	disease	concept	2947	2962	type 2 diabetes
neurology_ischemic stroke_40.txt	disease	concept	3054	3060	stroke
neurology_ischemic stroke_40.txt	disease	concept	3401	3407	stroke
neurology_ischemic stroke_40.txt	disease	concept	3615	3621	stroke
neurology_ischemic stroke_40.txt	disease	concept	3754	3764	depression
neurology_ischemic stroke_40.txt	disease	concept	3774	3799	post-stroke complications
neurology_ischemic stroke_40.txt	symptom	concept	3854	3867	Face drooping
neurology_ischemic stroke_40.txt	symptom	concept	3869	3881	Arm weakness
neurology_ischemic stroke_40.txt	symptom	concept	3883	3902	Speech difficulties
neurology_ischemic stroke_40.txt	disease	concept	3931	3937	stroke
neurology_ischemic stroke_40.txt	procedure	concept	4314	4331	smoking cessation
neurology_ischemic stroke_40.txt	procedure	concept	4745	4765	medical consultation
neurology_ischemic stroke_40.txt	procedure	concept	4770	4779	treatment
neurology_ischemic stroke_41.txt	disease	concept	243	258	Ischemic Stroke
neurology_ischemic stroke_41.txt	symptom	concept	399	419	right-sided weakness
neurology_ischemic stroke_41.txt	medication	concept	1048	1100	intravenous recombinant tissue plasminogen activator
neurology_ischemic stroke_41.txt	symptom	concept	1339	1358	neurological status
neurology_ischemic stroke_41.txt	symptom	concept	1801	1824	atherosclerotic changes
neurology_ischemic stroke_41.txt	symptom	concept	1844	1852	stenosis
neurology_ischemic stroke_41.txt	medication	concept	2070	2077	aspirin
neurology_ischemic stroke_41.txt	medication	concept	2099	2110	clopidogrel
neurology_ischemic stroke_41.txt	medication	concept	2205	2212	aspirin
neurology_ischemic stroke_41.txt	medication	concept	2286	2298	atorvastatin
neurology_ischemic stroke_41.txt	medication	concept	2684	2691	Aspirin
neurology_ischemic stroke_41.txt	medication	concept	2721	2732	Clopidogrel
neurology_ischemic stroke_41.txt	medication	concept	2792	2804	Atorvastatin
neurology_ischemic stroke_41.txt	medication	concept	2834	2844	Lisinopril
neurology_ischemic stroke_41.txt	medication	concept	3249	3260	medications
neurology_ischemic stroke_41.txt	medication	concept	3855	3866	medications
neurology_ischemic stroke_41.txt	medication	concept	3871	3894	lifestyle modifications
neurology_ischemic stroke_42.txt	symptom	concept	497	516	difficulty speaking
neurology_ischemic stroke_42.txt	disease	concept	604	616	hypertension
neurology_ischemic stroke_42.txt	disease	concept	621	645	type 2 diabetes mellitus
neurology_ischemic stroke_42.txt	disease	concept	795	808	normoglycemia
neurology_ischemic stroke_42.txt	symptom	concept	894	904	hemorrhage
neurology_ischemic stroke_42.txt	disease	concept	1058	1073	ischemic stroke
neurology_ischemic stroke_42.txt	symptom	concept	1131	1141	hemorrhage
neurology_ischemic stroke_42.txt	symptom	concept	1158	1166	ischemia
neurology_ischemic stroke_42.txt	symptom	concept	1333	1345	sinus rhythm
neurology_ischemic stroke_42.txt	procedure	concept	1445	1461	Echocardiography
neurology_ischemic stroke_42.txt	procedure	concept	1677	1693	Laboratory Tests
neurology_ischemic stroke_42.txt	disease	concept	1852	1860	diabetes
neurology_ischemic stroke_42.txt	medication	concept	2055	2061	IV tPA
neurology_ischemic stroke_42.txt	procedure	concept	2624	2647	mechanical thrombectomy
neurology_ischemic stroke_42.txt	medication	concept	2826	2833	Aspirin
neurology_ischemic stroke_42.txt	disease	concept	2912	2928	secondary stroke
neurology_ischemic stroke_42.txt	medication	concept	2947	2958	Clopidogrel
neurology_ischemic stroke_42.txt	medication	concept	3037	3044	aspirin
neurology_ischemic stroke_42.txt	medication	concept	3064	3074	Lisinopril
neurology_ischemic stroke_42.txt	disease	concept	3094	3106	hypertension
neurology_ischemic stroke_42.txt	medication	concept	3162	3171	Metformin
neurology_ischemic stroke_42.txt	disease	concept	3198	3206	diabetes
neurology_ischemic stroke_42.txt	disease	concept	3810	3818	diabetes
neurology_ischemic stroke_42.txt	symptom	concept	4037	4051	blood pressure
neurology_ischemic stroke_42.txt	disease	concept	4138	4144	stroke
neurology_ischemic stroke_42.txt	symptom	concept	4338	4347	prognosis
neurology_ischemic stroke_42.txt	disease	concept	4502	4518	recurrent stroke
neurology_ischemic stroke_43.txt	disease	concept	277	289	Hypertension
neurology_ischemic stroke_43.txt	disease	concept	291	315	Type 2 Diabetes Mellitus
neurology_ischemic stroke_43.txt	disease	concept	420	432	hypertension
neurology_ischemic stroke_43.txt	disease	concept	437	461	type 2 diabetes mellitus
neurology_ischemic stroke_43.txt	disease	concept	1475	1483	diabetes
neurology_ischemic stroke_43.txt	symptom	concept	2055	2075	right-sided weakness
neurology_ischemic stroke_43.txt	disease	concept	2305	2324	atrial fibrillation
neurology_ischemic stroke_43.txt	medication	concept	2347	2355	apixaban
neurology_ischemic stroke_43.txt	symptom	concept	2469	2495	hemorrhagic transformation
neurology_ischemic stroke_43.txt	procedure	concept	2629	2645	physical therapy
neurology_ischemic stroke_43.txt	procedure	concept	2647	2667	occupational therapy
neurology_ischemic stroke_43.txt	procedure	concept	2673	2687	speech therapy
neurology_ischemic stroke_43.txt	symptom	concept	2693	2713	right-sided weakness
neurology_ischemic stroke_43.txt	disease	concept	2753	2761	diabetes
neurology_ischemic stroke_43.txt	medication	concept	2836	2842	statin
neurology_ischemic stroke_43.txt	medication	concept	2844	2856	atorvastatin
neurology_ischemic stroke_43.txt	disease	concept	2888	2900	dyslipidemia
neurology_ischemic stroke_43.txt	medication	concept	2934	2942	Apixaban
neurology_ischemic stroke_43.txt	medication	concept	2964	2971	Aspirin
neurology_ischemic stroke_43.txt	medication	concept	3033	3043	Lisinopril
neurology_ischemic stroke_43.txt	disease	concept	3060	3072	hypertension
neurology_ischemic stroke_43.txt	medication	concept	3077	3086	Metformin
neurology_ischemic stroke_43.txt	disease	concept	3111	3126	type 2 diabetes
neurology_ischemic stroke_43.txt	medication	concept	3131	3143	Atorvastatin
neurology_ischemic stroke_43.txt	disease	concept	3160	3172	dyslipidemia
neurology_ischemic stroke_43.txt	disease	concept	3435	3447	hypertension
neurology_ischemic stroke_43.txt	disease	concept	3449	3457	diabetes
neurology_ischemic stroke_43.txt	disease	concept	3463	3475	dyslipidemia
neurology_ischemic stroke_43.txt	procedure	concept	3486	3500	echocardiogram
neurology_ischemic stroke_43.txt	procedure	concept	3505	3535	carotid duplex ultrasonography
neurology_ischemic stroke_43.txt	procedure	concept	3736	3742	IV tPA
neurology_ischemic stroke_43.txt	disease	concept	3910	3929	atrial fibrillation
neurology_ischemic stroke_43.txt	procedure	concept	4074	4089	anticoagulation
neurology_ischemic stroke_43.txt	disease	concept	4195	4211	recurrent stroke
neurology_ischemic stroke_44.txt	disease	concept	561	573	hypertension
neurology_ischemic stroke_44.txt	disease	concept	578	592	hyperlipidemia
neurology_ischemic stroke_44.txt	symptom	concept	738	744	trauma
neurology_ischemic stroke_44.txt	symptom	concept	746	754	headache
neurology_ischemic stroke_44.txt	symptom	concept	1068	1080	facial droop
neurology_ischemic stroke_44.txt	procedure	concept	1274	1291	Diagnostic Workup
neurology_ischemic stroke_44.txt	symptom	concept	1371	1381	hemorrhage
neurology_ischemic stroke_44.txt	medication	concept	1999	2002	tPA
neurology_ischemic stroke_44.txt	medication	concept	2394	2401	Aspirin
neurology_ischemic stroke_44.txt	disease	concept	2512	2526	hyperlipidemia
neurology_ischemic stroke_44.txt	disease	concept	2729	2736	aphasia
neurology_ischemic stroke_44.txt	medication	concept	2843	2854	antibiotics
neurology_ischemic stroke_44.txt	medication	concept	3079	3086	Aspirin
neurology_ischemic stroke_44.txt	medication	concept	3133	3145	Atorvastatin
neurology_ischemic stroke_44.txt	medication	concept	3194	3204	Lisinopril
neurology_ischemic stroke_44.txt	disease	concept	3223	3235	hypertension
neurology_ischemic stroke_45.txt	disease	concept	632	644	Hypertension
neurology_ischemic stroke_45.txt	disease	concept	646	670	Type 2 Diabetes Mellitus
neurology_ischemic stroke_45.txt	disease	concept	672	686	Hyperlipidemia
neurology_ischemic stroke_45.txt	symptom	concept	734	748	Blood Pressure
neurology_ischemic stroke_45.txt	symptom	concept	865	877	facial droop
neurology_ischemic stroke_45.txt	symptom	concept	917	932	bleeding issues
neurology_ischemic stroke_45.txt	symptom	concept	1010	1020	hemorrhage
neurology_ischemic stroke_45.txt	symptom	concept	1263	1275	sinus rhythm
neurology_ischemic stroke_45.txt	symptom	concept	1447	1455	stenosis
neurology_ischemic stroke_45.txt	disease	concept	1640	1648	diabetes
neurology_ischemic stroke_45.txt	disease	concept	1653	1667	hyperlipidemia
neurology_ischemic stroke_45.txt	medication	concept	2234	2241	Aspirin
neurology_ischemic stroke_45.txt	medication	concept	2287	2298	Clopidogrel
neurology_ischemic stroke_45.txt	medication	concept	2410	2422	Atorvastatin
neurology_ischemic stroke_45.txt	disease	concept	2641	2649	Diabetes
neurology_ischemic stroke_45.txt	medication	concept	2676	2685	Metformin
neurology_ischemic stroke_45.txt	disease	concept	3097	3113	carotid stenosis
neurology_ischemic stroke_45.txt	medication	concept	3191	3198	Aspirin
neurology_ischemic stroke_45.txt	medication	concept	3263	3274	Clopidogrel
neurology_ischemic stroke_45.txt	medication	concept	3317	3329	Atorvastatin
neurology_ischemic stroke_45.txt	medication	concept	3354	3382	Antihypertensive medications
neurology_ischemic stroke_45.txt	medication	concept	3467	3476	Metformin
neurology_ischemic stroke_45.txt	procedure	concept	3535	3552	smoking cessation
neurology_ischemic stroke_45.txt	disease	concept	3727	3733	stroke
neurology_ischemic stroke_46.txt	disease	concept	493	505	hypertension
neurology_ischemic stroke_46.txt	disease	concept	510	534	type 2 diabetes mellitus
neurology_ischemic stroke_46.txt	symptom	concept	634	641	aphasia
neurology_ischemic stroke_46.txt	symptom	concept	966	973	aphasia
neurology_ischemic stroke_46.txt	symptom	concept	999	1016	right hemiparesis
neurology_ischemic stroke_46.txt	symptom	concept	1274	1284	hemorrhage
neurology_ischemic stroke_46.txt	symptom	concept	1448	1460	sinus rhythm
neurology_ischemic stroke_46.txt	symptom	concept	1568	1589	intracardiac thrombus
neurology_ischemic stroke_46.txt	disease	concept	1605	1621	valvular disease
neurology_ischemic stroke_46.txt	disease	concept	1992	2000	diabetes
neurology_ischemic stroke_46.txt	medication	concept	2067	2073	IV tPA
neurology_ischemic stroke_46.txt	procedure	concept	2527	2550	mechanical thrombectomy
neurology_ischemic stroke_46.txt	medication	concept	2649	2656	Aspirin
neurology_ischemic stroke_46.txt	disease	concept	2790	2793	TIA
neurology_ischemic stroke_46.txt	medication	concept	2826	2837	clopidogrel
neurology_ischemic stroke_46.txt	disease	concept	3010	3018	diabetes
neurology_ischemic stroke_46.txt	medication	concept	3092	3099	aspirin
neurology_ischemic stroke_46.txt	medication	concept	3116	3138	lipid-lowering therapy
neurology_ischemic stroke_46.txt	medication	concept	3144	3156	atorvastatin
neurology_ischemic stroke_46.txt	disease	concept	3183	3189	stroke
neurology_ischemic stroke_46.txt	symptom	concept	3359	3379	right-sided weakness
neurology_ischemic stroke_46.txt	symptom	concept	3384	3390	speech
neurology_ischemic stroke_46.txt	medication	concept	3541	3548	Aspirin
neurology_ischemic stroke_46.txt	medication	concept	3563	3574	Clopidogrel
neurology_ischemic stroke_46.txt	medication	concept	3619	3631	Atorvastatin
neurology_ischemic stroke_46.txt	medication	concept	3648	3658	Lisinopril
neurology_ischemic stroke_46.txt	medication	concept	3673	3682	Metformin
neurology_ischemic stroke_46.txt	symptom	concept	4024	4041	stroke recurrence
neurology_ischemic stroke_46.txt	symptom	concept	4065	4079	blood pressure
neurology_ischemic stroke_47.txt	disease	concept	246	261	Ischemic Stroke
neurology_ischemic stroke_47.txt	disease	concept	289	301	Hypertension
neurology_ischemic stroke_47.txt	disease	concept	303	327	Type 2 Diabetes Mellitus
neurology_ischemic stroke_47.txt	disease	concept	415	427	hypertension
neurology_ischemic stroke_47.txt	disease	concept	432	447	type 2 diabetes
neurology_ischemic stroke_47.txt	symptom	concept	557	576	difficulty speaking
neurology_ischemic stroke_47.txt	disease	concept	784	797	hyperglycemia
neurology_ischemic stroke_47.txt	symptom	concept	1059	1069	hemorrhage
neurology_ischemic stroke_47.txt	symptom	concept	1235	1254	atrial fibrillation
neurology_ischemic stroke_47.txt	medication	concept	1619	1634	fasting glucose
neurology_ischemic stroke_47.txt	disease	concept	1770	1776	stroke
neurology_ischemic stroke_47.txt	medication	concept	1887	1930	IV recombinant tissue plasminogen activator
neurology_ischemic stroke_47.txt	medication	concept	2184	2196	IV labetalol
neurology_ischemic stroke_47.txt	symptom	concept	2310	2334	neurological improvement
neurology_ischemic stroke_47.txt	medication	concept	2433	2440	Aspirin
neurology_ischemic stroke_47.txt	medication	concept	2702	2710	apixaban
neurology_ischemic stroke_47.txt	disease	concept	2820	2837	systemic embolism
neurology_ischemic stroke_47.txt	disease	concept	2843	2857	Blood Pressure
neurology_ischemic stroke_47.txt	disease	concept	2862	2870	Diabetes
neurology_ischemic stroke_47.txt	disease	concept	2904	2912	diabetes
neurology_ischemic stroke_47.txt	medication	concept	2959	2969	lisinopril
neurology_ischemic stroke_47.txt	medication	concept	2986	2995	metformin
neurology_ischemic stroke_47.txt	procedure	concept	3148	3168	occupational therapy
neurology_ischemic stroke_47.txt	medication	concept	3237	3258	Discharge Medications
neurology_ischemic stroke_47.txt	medication	concept	3266	3274	Apixaban
neurology_ischemic stroke_47.txt	medication	concept	3304	3311	Aspirin
neurology_ischemic stroke_47.txt	medication	concept	3341	3351	Lisinopril
neurology_ischemic stroke_47.txt	medication	concept	3381	3390	Metformin
neurology_ischemic stroke_47.txt	medication	concept	3423	3435	Atorvastatin
neurology_ischemic stroke_47.txt	disease	concept	3499	3507	diabetes
neurology_ischemic stroke_47.txt	disease	concept	3944	3952	diabetes
neurology_ischemic stroke_47.txt	disease	concept	4022	4028	stroke
neurology_ischemic stroke_47.txt	procedure	concept	4138	4155	smoking cessation
neurology_ischemic stroke_47.txt	disease	concept	4202	4208	stroke
neurology_ischemic stroke_47.txt	procedure	concept	4462	4482	thrombolytic therapy
neurology_ischemic stroke_47.txt	symptom	concept	4513	4525	risk factors
neurology_ischemic stroke_47.txt	procedure	concept	4555	4569	rehabilitation
neurology_ischemic stroke_47.txt	disease	concept	4623	4639	secondary stroke
neurology_ischemic stroke_48.txt	symptom	concept	990	1000	hemorrhage
neurology_ischemic stroke_48.txt	procedure	concept	1255	1264	telemetry
neurology_ischemic stroke_48.txt	disease	concept	1624	1639	type 2 diabetes
neurology_ischemic stroke_48.txt	disease	concept	1644	1656	hypertension
neurology_ischemic stroke_48.txt	medication	concept	1723	1766	IV recombinant tissue plasminogen activator
neurology_ischemic stroke_48.txt	symptom	concept	2082	2101	neurological status
neurology_ischemic stroke_48.txt	symptom	concept	2247	2273	hemorrhagic transformation
neurology_ischemic stroke_48.txt	medication	concept	2275	2282	Aspirin
neurology_ischemic stroke_48.txt	medication	concept	2520	2531	clopidogrel
neurology_ischemic stroke_48.txt	medication	concept	2571	2578	aspirin
neurology_ischemic stroke_48.txt	procedure	concept	2805	2825	occupational therapy
neurology_ischemic stroke_48.txt	procedure	concept	2831	2856	speech-language pathology
neurology_ischemic stroke_48.txt	symptom	concept	2930	2949	left-sided weakness
neurology_ischemic stroke_48.txt	symptom	concept	3127	3135	bleeding
neurology_ischemic stroke_48.txt	medication	concept	3209	3216	Aspirin
neurology_ischemic stroke_48.txt	medication	concept	3241	3252	Clopidogrel
neurology_ischemic stroke_48.txt	medication	concept	3307	3319	Atorvastatin
neurology_ischemic stroke_48.txt	medication	concept	3346	3356	Lisinopril
neurology_ischemic stroke_48.txt	medication	concept	3381	3390	Metformin
neurology_ischemic stroke_48.txt	medication	concept	3422	3437	Insulin regimen
neurology_ischemic stroke_48.txt	procedure	concept	3717	3753	Speech-language pathology evaluation
neurology_ischemic stroke_48.txt	disease	concept	4006	4044	atherosclerotic cardiovascular disease
neurology_ischemic stroke_48.txt	symptom	concept	4068	4082	blood pressure
neurology_ischemic stroke_48.txt	disease	concept	4243	4249	stroke
neurology_ischemic stroke_48.txt	procedure	concept	4343	4360	smoking cessation
neurology_ischemic stroke_48.txt	disease	concept	4477	4483	stroke
neurology_ischemic stroke_48.txt	medication	concept	4602	4613	medications
neurology_ischemic stroke_48.txt	procedure	concept	4618	4640	follow-up appointments
neurology_ischemic stroke_48.txt	disease	concept	4792	4798	stroke
neurology_ischemic stroke_49.txt	disease	concept	411	435	Type 2 Diabetes Mellitus
neurology_ischemic stroke_49.txt	medication	concept	524	534	Lisinopril
neurology_ischemic stroke_49.txt	medication	concept	551	560	Metformin
neurology_ischemic stroke_49.txt	medication	concept	1355	1395	Recombinant tissue plasminogen activator
neurology_ischemic stroke_49.txt	symptom	concept	1602	1616	blood pressure
neurology_ischemic stroke_49.txt	medication	concept	1697	1704	Aspirin
neurology_ischemic stroke_49.txt	symptom	concept	1874	1893	cardiac arrhythmias
neurology_ischemic stroke_49.txt	symptom	concept	1931	1956	left ventricular function
neurology_ischemic stroke_49.txt	medication	concept	2227	2238	Clopidogrel
neurology_ischemic stroke_49.txt	medication	concept	2317	2324	aspirin
neurology_ischemic stroke_49.txt	medication	concept	2342	2354	Atorvastatin
neurology_ischemic stroke_49.txt	medication	concept	2847	2854	Aspirin
neurology_ischemic stroke_49.txt	medication	concept	2873	2884	Clopidogrel
neurology_ischemic stroke_49.txt	medication	concept	2932	2944	Atorvastatin
neurology_ischemic stroke_49.txt	medication	concept	2965	2975	Lisinopril
neurology_ischemic stroke_49.txt	medication	concept	2994	3003	Metformin
neurology_ischemic stroke_49.txt	disease	concept	3046	3054	diabetes
neurology_ischemic stroke_49.txt	medication	concept	3402	3408	IV tPA
neurology_ischemic stroke_49.txt	disease	concept	3454	3466	hypertension
neurology_ischemic stroke_49.txt	procedure	concept	3639	3664	dual antiplatelet therapy
neurology_ischemic stroke_49.txt	disease	concept	3804	3812	diabetes
neurology_ischemic stroke_5.txt	symptom	concept	874	884	hemorrhage
neurology_ischemic stroke_5.txt	disease	concept	1679	1694	ischemic stroke
neurology_ischemic stroke_5.txt	disease	concept	2190	2213	carotid artery stenosis
neurology_ischemic stroke_5.txt	medication	concept	2273	2280	aspirin
neurology_ischemic stroke_5.txt	medication	concept	2297	2308	clopidogrel
neurology_ischemic stroke_5.txt	medication	concept	2791	2798	Aspirin
neurology_ischemic stroke_5.txt	medication	concept	2812	2823	Clopidogrel
neurology_ischemic stroke_5.txt	medication	concept	2868	2875	Lipitor
neurology_ischemic stroke_5.txt	medication	concept	2956	2966	Lisinopril
neurology_ischemic stroke_5.txt	procedure	concept	3255	3273	carotid ultrasound
neurology_ischemic stroke_5.txt	disease	concept	3315	3331	carotid stenosis
neurology_ischemic stroke_5.txt	medication	concept	3440	3447	aspirin
neurology_ischemic stroke_5.txt	symptom	concept	3658	3678	right-sided weakness
neurology_ischemic stroke_5.txt	procedure	concept	4158	4180	risk factor management
neurology_ischemic stroke_5.txt	procedure	concept	4182	4207	outpatient rehabilitation
neurology_ischemic stroke_6.txt	medication	concept	1629	1649	IV antihypertensives
neurology_ischemic stroke_6.txt	medication	concept	1812	1852	recombinant tissue plasminogen activator
neurology_ischemic stroke_6.txt	procedure	concept	2233	2256	mechanical thrombectomy
neurology_ischemic stroke_6.txt	medication	concept	2410	2417	aspirin
neurology_ischemic stroke_6.txt	medication	concept	2434	2445	clopidogrel
neurology_ischemic stroke_6.txt	disease	concept	2488	2494	stroke
neurology_ischemic stroke_6.txt	medication	concept	2548	2555	aspirin
neurology_ischemic stroke_6.txt	medication	concept	2634	2656	oral antihypertensives
neurology_ischemic stroke_6.txt	medication	concept	2920	2927	Aspirin
neurology_ischemic stroke_6.txt	medication	concept	2949	2960	Clopidogrel
neurology_ischemic stroke_6.txt	medication	concept	3012	3024	Atorvastatin
neurology_ischemic stroke_6.txt	medication	concept	3048	3058	Lisinopril
neurology_ischemic stroke_6.txt	disease	concept	3559	3565	stroke
neurology_ischemic stroke_6.txt	disease	concept	3681	3687	stroke
neurology_ischemic stroke_6.txt	disease	concept	3780	3786	stroke
neurology_ischemic stroke_6.txt	disease	concept	3889	3895	stroke
neurology_ischemic stroke_6.txt	procedure	concept	3978	3992	rehabilitation
neurology_ischemic stroke_7.txt	disease	concept	556	580	Type 2 diabetes mellitus
neurology_ischemic stroke_7.txt	symptom	concept	769	777	afebrile
neurology_ischemic stroke_7.txt	procedure	concept	2220	2243	Mechanical Thrombectomy
neurology_ischemic stroke_7.txt	procedure	concept	2359	2382	mechanical thrombectomy
neurology_ischemic stroke_7.txt	medication	concept	2498	2505	Aspirin
neurology_ischemic stroke_7.txt	medication	concept	2599	2610	Clopidogrel
neurology_ischemic stroke_7.txt	medication	concept	2778	2790	atorvastatin
neurology_ischemic stroke_7.txt	medication	concept	2838	2847	metformin
neurology_ischemic stroke_7.txt	disease	concept	3161	3171	dysarthria
neurology_ischemic stroke_7.txt	medication	concept	3370	3377	Aspirin
neurology_ischemic stroke_7.txt	medication	concept	3394	3405	Clopidogrel
neurology_ischemic stroke_7.txt	medication	concept	3452	3464	Atorvastatin
neurology_ischemic stroke_7.txt	medication	concept	3483	3492	Metformin
neurology_ischemic stroke_7.txt	medication	concept	3516	3526	Lisinopril
neurology_ischemic stroke_7.txt	disease	concept	3543	3555	hypertension
neurology_ischemic stroke_7.txt	procedure	concept	3689	3705	echocardiography
neurology_ischemic stroke_7.txt	procedure	concept	3710	3724	carotid duplex
neurology_ischemic stroke_7.txt	disease	concept	4215	4230	ischemic stroke
neurology_ischemic stroke_8.txt	disease	concept	279	300	Acute Ischemic Stroke
neurology_ischemic stroke_8.txt	symptom	concept	807	817	hemorrhage
neurology_ischemic stroke_8.txt	procedure	concept	1053	1069	echocardiography
neurology_ischemic stroke_8.txt	medication	concept	1478	1521	IV recombinant tissue plasminogen activator
neurology_ischemic stroke_8.txt	medication	concept	1981	1988	Aspirin
neurology_ischemic stroke_8.txt	disease	concept	2030	2036	stroke
neurology_ischemic stroke_8.txt	medication	concept	2127	2138	clopidogrel
neurology_ischemic stroke_8.txt	medication	concept	2545	2552	Aspirin
neurology_ischemic stroke_8.txt	medication	concept	2572	2583	Clopidogrel
neurology_ischemic stroke_8.txt	medication	concept	2633	2645	Atorvastatin
neurology_ischemic stroke_8.txt	medication	concept	2667	2677	Lisinopril
neurology_ischemic stroke_8.txt	medication	concept	2727	2737	Metoprolol
neurology_ischemic stroke_8.txt	disease	concept	3335	3341	stroke
neurology_ischemic stroke_8.txt	disease	concept	3482	3488	stroke
neurology_ischemic stroke_8.txt	disease	concept	3554	3575	acute ischemic stroke
neurology_ischemic stroke_8.txt	disease	concept	3780	3786	stroke
neurology_ischemic stroke_8.txt	medication	concept	3861	3872	medications
neurology_ischemic stroke_8.txt	disease	concept	3944	3960	carotid stenosis
neurology_ischemic stroke_9.txt	symptom	concept	727	735	headache
neurology_ischemic stroke_9.txt	symptom	concept	737	744	seizure
neurology_ischemic stroke_9.txt	disease	concept	885	897	Hypertension
neurology_ischemic stroke_9.txt	medication	concept	915	925	lisinopril
neurology_ischemic stroke_9.txt	disease	concept	942	966	Type 2 Diabetes Mellitus
neurology_ischemic stroke_9.txt	medication	concept	981	990	metformin
neurology_ischemic stroke_9.txt	disease	concept	1015	1029	Hyperlipidemia
neurology_ischemic stroke_9.txt	medication	concept	1034	1046	atorvastatin
neurology_ischemic stroke_9.txt	medication	concept	1101	1111	Lisinopril
neurology_ischemic stroke_9.txt	medication	concept	1128	1137	Metformin
neurology_ischemic stroke_9.txt	medication	concept	1162	1174	Atorvastatin
neurology_ischemic stroke_9.txt	symptom	concept	1457	1465	weakness
neurology_ischemic stroke_9.txt	symptom	concept	1742	1752	hemorrhage
neurology_ischemic stroke_9.txt	disease	concept	1776	1791	ischemic stroke
neurology_ischemic stroke_9.txt	disease	concept	2343	2351	diabetes
neurology_ischemic stroke_9.txt	disease	concept	2476	2491	ischemic stroke
neurology_ischemic stroke_9.txt	disease	concept	2874	2897	carotid artery stenosis
neurology_ischemic stroke_9.txt	medication	concept	3042	3049	aspirin
neurology_ischemic stroke_9.txt	medication	concept	3093	3104	clopidogrel
neurology_ischemic stroke_9.txt	medication	concept	3417	3424	Aspirin
neurology_ischemic stroke_9.txt	medication	concept	3441	3452	Clopidogrel
neurology_ischemic stroke_9.txt	medication	concept	3499	3509	Lisinopril
neurology_ischemic stroke_9.txt	medication	concept	3526	3535	Metformin
neurology_ischemic stroke_9.txt	medication	concept	3560	3572	Atorvastatin
neurology_ischemic stroke_9.txt	disease	concept	3708	3716	diabetes
neurology_ischemic stroke_9.txt	disease	concept	4003	4011	diabetes
neurology_ischemic stroke_9.txt	disease	concept	4282	4288	stroke
neurology_ischemic stroke_9.txt	medication	concept	4311	4322	medications
neurology_ischemic stroke_9.txt	symptom	concept	4334	4342	bleeding
neurology_ischemic stroke_9.txt	disease	concept	4760	4775	ischemic stroke
neurology_ischemic stroke_9.txt	medication	concept	4851	4862	medications
traumatology_ankle fractures_0.txt	disease	concept	291	316	Bilateral Ankle Fractures
traumatology_ankle fractures_0.txt	disease	concept	332	352	Maisonneuve fracture
traumatology_ankle fractures_0.txt	symptom	concept	616	624	swelling
traumatology_ankle fractures_0.txt	symptom	concept	629	637	bruising
traumatology_ankle fractures_0.txt	symptom	concept	873	888	bone tenderness
traumatology_ankle fractures_0.txt	symptom	concept	1174	1196	tibiotalar subluxation
traumatology_ankle fractures_0.txt	symptom	concept	1246	1269	ankle joint instability
traumatology_ankle fractures_0.txt	disease	concept	1296	1316	Maisonneuve fracture
traumatology_ankle fractures_0.txt	procedure	concept	1389	1399	knee x-ray
traumatology_ankle fractures_0.txt	medication	concept	1571	1580	Ibuprofen
traumatology_ankle fractures_0.txt	procedure	concept	1800	1814	open reduction
traumatology_ankle fractures_0.txt	disease	concept	2040	2060	Maisonneuve fracture
traumatology_ankle fractures_0.txt	medication	concept	2506	2521	Cefazolin 1g IV
traumatology_ankle fractures_0.txt	medication	concept	2621	2630	Oxycodone
traumatology_ankle fractures_0.txt	medication	concept	2746	2755	Ibuprofen
traumatology_ankle fractures_0.txt	procedure	concept	2909	2923	weight-bearing
traumatology_ankle fractures_0.txt	symptom	concept	3031	3039	mobility
traumatology_ankle fractures_0.txt	symptom	concept	3044	3048	pain
traumatology_ankle fractures_0.txt	medication	concept	3184	3193	Ibuprofen
traumatology_ankle fractures_0.txt	medication	concept	3235	3244	Oxycodone
traumatology_ankle fractures_0.txt	procedure	concept	3605	3616	wound check
traumatology_ankle fractures_0.txt	symptom	concept	4331	4340	arthritis
traumatology_ankle fractures_0.txt	procedure	concept	4486	4500	treatment plan
traumatology_ankle fractures_1.txt	disease	concept	307	333	Bimalleolar Ankle Fracture
traumatology_ankle fractures_1.txt	disease	concept	361	381	Maisonneuve Fracture
traumatology_ankle fractures_1.txt	medication	concept	399	409	Penicillin
traumatology_ankle fractures_1.txt	symptom	concept	821	836	bone tenderness
traumatology_ankle fractures_1.txt	symptom	concept	1144	1166	tibiotalar subluxation
traumatology_ankle fractures_1.txt	disease	concept	1301	1321	Maisonneuve fracture
traumatology_ankle fractures_1.txt	disease	concept	1366	1381	fibula fracture
traumatology_ankle fractures_1.txt	disease	concept	1452	1472	Maisonneuve fracture
traumatology_ankle fractures_1.txt	medication	concept	1822	1831	Ibuprofen
traumatology_ankle fractures_1.txt	symptom	concept	1874	1878	pain
traumatology_ankle fractures_1.txt	medication	concept	1881	1894	Acetaminophen
traumatology_ankle fractures_1.txt	symptom	concept	1938	1942	pain
traumatology_ankle fractures_1.txt	medication	concept	1945	1954	Cefazolin
traumatology_ankle fractures_1.txt	symptom	concept	2493	2497	pain
traumatology_ankle fractures_1.txt	medication	concept	2827	2836	Ibuprofen
traumatology_ankle fractures_1.txt	medication	concept	2888	2901	Acetaminophen
traumatology_ankle fractures_1.txt	disease	concept	3566	3575	arthritis
traumatology_ankle fractures_1.txt	symptom	concept	3784	3791	redness
traumatology_ankle fractures_1.txt	symptom	concept	3793	3801	swelling
traumatology_ankle fractures_1.txt	symptom	concept	3806	3815	discharge
traumatology_ankle fractures_10.txt	symptom	concept	660	668	swelling
traumatology_ankle fractures_10.txt	symptom	concept	670	678	bruising
traumatology_ankle fractures_10.txt	symptom	concept	734	749	bone tenderness
traumatology_ankle fractures_10.txt	symptom	concept	1392	1401	dorsiflex
traumatology_ankle fractures_10.txt	disease	concept	1504	1524	Maisonneuve fracture
traumatology_ankle fractures_10.txt	procedure	concept	1611	1625	immobilization
traumatology_ankle fractures_10.txt	symptom	concept	1658	1686	elevation to reduce swelling
traumatology_ankle fractures_10.txt	medication	concept	1710	1722	IV Ibuprofen
traumatology_ankle fractures_10.txt	medication	concept	1748	1761	Acetaminophen
traumatology_ankle fractures_10.txt	procedure	concept	1864	1901	open reduction with internal fixation
traumatology_ankle fractures_10.txt	medication	concept	2264	2273	Oxycodone
traumatology_ankle fractures_10.txt	medication	concept	2324	2333	Ibuprofen
traumatology_ankle fractures_10.txt	medication	concept	2359	2372	Acetaminophen
traumatology_ankle fractures_10.txt	medication	concept	2429	2470	prophylactic low-molecular-weight heparin
traumatology_ankle fractures_10.txt	medication	concept	2472	2482	Enoxaparin
traumatology_ankle fractures_10.txt	procedure	concept	2715	2744	non-weight-bearing ambulation
traumatology_ankle fractures_10.txt	medication	concept	3027	3036	Ibuprofen
traumatology_ankle fractures_10.txt	medication	concept	3062	3075	Acetaminophen
traumatology_ankle fractures_10.txt	medication	concept	3118	3127	Oxycodone
traumatology_ankle fractures_10.txt	disease	concept	3898	3922	post-traumatic arthritis
traumatology_ankle fractures_11.txt	disease	concept	298	318	Maisonneuve fracture
traumatology_ankle fractures_11.txt	symptom	concept	565	573	swelling
traumatology_ankle fractures_11.txt	symptom	concept	726	734	bruising
traumatology_ankle fractures_11.txt	symptom	concept	874	889	bone tenderness
traumatology_ankle fractures_11.txt	symptom	concept	1169	1191	tibiotalar subluxation
traumatology_ankle fractures_11.txt	symptom	concept	1244	1261	joint instability
traumatology_ankle fractures_11.txt	disease	concept	1280	1300	Maisonneuve fracture
traumatology_ankle fractures_11.txt	disease	concept	1557	1577	Maisonneuve fracture
traumatology_ankle fractures_11.txt	disease	concept	1931	1951	Maisonneuve fracture
traumatology_ankle fractures_11.txt	medication	concept	2025	2038	Acetaminophen
traumatology_ankle fractures_11.txt	medication	concept	2063	2072	Ibuprofen
traumatology_ankle fractures_11.txt	medication	concept	2129	2138	Oxycodone
traumatology_ankle fractures_11.txt	medication	concept	2243	2258	Cefazolin 1g IV
traumatology_ankle fractures_11.txt	disease	concept	2328	2337	infection
traumatology_ankle fractures_11.txt	procedure	concept	2445	2459	Weight-bearing
traumatology_ankle fractures_11.txt	symptom	concept	2565	2573	crutches
traumatology_ankle fractures_11.txt	symptom	concept	2882	2889	redness
traumatology_ankle fractures_11.txt	symptom	concept	2891	2899	swelling
traumatology_ankle fractures_11.txt	symptom	concept	2904	2912	drainage
traumatology_ankle fractures_11.txt	medication	concept	3040	3047	Aspirin
traumatology_ankle fractures_11.txt	procedure	concept	3324	3342	orthopedic surgery
traumatology_ankle fractures_11.txt	procedure	concept	3676	3698	surgical interventions
traumatology_ankle fractures_11.txt	procedure	concept	3802	3816	immobilization
traumatology_ankle fractures_11.txt	procedure	concept	3842	3858	physical therapy
traumatology_ankle fractures_11.txt	disease	concept	3944	3953	arthritis
traumatology_ankle fractures_11.txt	procedure	concept	4062	4080	Orthopedic Surgery
traumatology_ankle fractures_12.txt	disease	concept	250	265	Ankle Fractures
traumatology_ankle fractures_12.txt	symptom	concept	846	854	Swelling
traumatology_ankle fractures_12.txt	symptom	concept	859	869	ecchymosis
traumatology_ankle fractures_12.txt	symptom	concept	1170	1192	tibiotalar subluxation
traumatology_ankle fractures_12.txt	disease	concept	1305	1325	Maisonneuve fracture
traumatology_ankle fractures_12.txt	medication	concept	1489	1498	Ibuprofen
traumatology_ankle fractures_12.txt	procedure	concept	1767	1804	open reduction with internal fixation
traumatology_ankle fractures_12.txt	procedure	concept	2001	2021	Postoperative Course
traumatology_ankle fractures_12.txt	medication	concept	2096	2109	Acetaminophen
traumatology_ankle fractures_12.txt	medication	concept	2170	2180	Cephalexin
traumatology_ankle fractures_12.txt	disease	concept	3072	3081	arthritis
traumatology_ankle fractures_12.txt	medication	concept	3171	3180	Ibuprofen
traumatology_ankle fractures_12.txt	medication	concept	3230	3243	Acetaminophen
traumatology_ankle fractures_12.txt	medication	concept	3293	3303	Cephalexin
traumatology_ankle fractures_12.txt	symptom	concept	3560	3568	swelling
traumatology_ankle fractures_12.txt	procedure	concept	3690	3715	physical therapy sessions
traumatology_ankle fractures_12.txt	symptom	concept	3930	3937	redness
traumatology_ankle fractures_12.txt	symptom	concept	3939	3947	swelling
traumatology_ankle fractures_12.txt	symptom	concept	3949	3955	warmth
traumatology_ankle fractures_13.txt	symptom	concept	395	405	immobility
traumatology_ankle fractures_13.txt	disease	concept	1063	1083	Maisonneuve fracture
traumatology_ankle fractures_13.txt	procedure	concept	1325	1346	surgical intervention
traumatology_ankle fractures_13.txt	disease	concept	1526	1546	Maisonneuve fracture
traumatology_ankle fractures_13.txt	medication	concept	1796	1809	Acetaminophen
traumatology_ankle fractures_13.txt	medication	concept	1837	1846	Ibuprofen
traumatology_ankle fractures_13.txt	medication	concept	1983	1993	Enoxaparin
traumatology_ankle fractures_13.txt	disease	concept	2046	2068	venous thromboembolism
traumatology_ankle fractures_13.txt	medication	concept	2735	2748	Acetaminophen
traumatology_ankle fractures_13.txt	symptom	concept	2793	2797	pain
traumatology_ankle fractures_13.txt	medication	concept	2800	2809	Ibuprofen
traumatology_ankle fractures_13.txt	symptom	concept	2852	2856	pain
traumatology_ankle fractures_13.txt	medication	concept	2876	2886	Enoxaparin
traumatology_ankle fractures_13.txt	medication	concept	2943	2960	Calcium carbonate
traumatology_ankle fractures_13.txt	symptom	concept	3115	3119	pain
traumatology_ankle fractures_13.txt	symptom	concept	3410	3417	redness
traumatology_ankle fractures_13.txt	symptom	concept	3429	3435	warmth
traumatology_ankle fractures_13.txt	disease	concept	3472	3492	deep vein thrombosis
traumatology_ankle fractures_13.txt	symptom	concept	3548	3552	pain
traumatology_ankle fractures_13.txt	disease	concept	3984	3993	arthritis
traumatology_ankle fractures_13.txt	procedure	concept	4067	4080	physiotherapy
traumatology_ankle fractures_14.txt	disease	concept	341	361	Maisonneuve fracture
traumatology_ankle fractures_14.txt	symptom	concept	1065	1087	tibiotalar subluxation
traumatology_ankle fractures_14.txt	procedure	concept	1417	1438	surgical intervention
traumatology_ankle fractures_14.txt	procedure	concept	1494	1511	internal fixation
traumatology_ankle fractures_14.txt	disease	concept	1865	1887	venous thromboembolism
traumatology_ankle fractures_14.txt	medication	concept	1924	1937	Acetaminophen
traumatology_ankle fractures_14.txt	medication	concept	1981	1990	Ibuprofen
traumatology_ankle fractures_14.txt	medication	concept	2050	2060	Enoxaparin
traumatology_ankle fractures_14.txt	disease	concept	2096	2118	venous thromboembolism
traumatology_ankle fractures_14.txt	symptom	concept	2828	2832	pain
traumatology_ankle fractures_14.txt	symptom	concept	2834	2841	redness
traumatology_ankle fractures_14.txt	symptom	concept	2843	2851	swelling
traumatology_ankle fractures_14.txt	symptom	concept	2856	2865	discharge
traumatology_ankle fractures_14.txt	medication	concept	3065	3075	enoxaparin
traumatology_ankle fractures_14.txt	disease	concept	3112	3134	venous thromboembolism
traumatology_ankle fractures_14.txt	procedure	concept	3175	3196	surgical intervention
traumatology_ankle fractures_14.txt	disease	concept	3278	3293	ankle fractures
traumatology_ankle fractures_14.txt	disease	concept	3383	3392	arthritis
traumatology_ankle fractures_14.txt	disease	concept	3397	3416	recurrent fractures
traumatology_ankle fractures_15.txt	symptom	concept	340	348	swelling
traumatology_ankle fractures_15.txt	symptom	concept	783	791	swelling
traumatology_ankle fractures_15.txt	symptom	concept	796	806	tenderness
traumatology_ankle fractures_15.txt	symptom	concept	1259	1274	bone tenderness
traumatology_ankle fractures_15.txt	symptom	concept	1325	1347	tibiotalar subluxation
traumatology_ankle fractures_15.txt	disease	concept	1443	1463	Maisonneuve fracture
traumatology_ankle fractures_15.txt	medication	concept	1825	1834	Ibuprofen
traumatology_ankle fractures_15.txt	medication	concept	1860	1873	Acetaminophen
traumatology_ankle fractures_15.txt	medication	concept	2243	2253	Enoxaparin
traumatology_ankle fractures_15.txt	medication	concept	2346	2356	Cephalexin
traumatology_ankle fractures_15.txt	medication	concept	2401	2424	prophylactic antibiotic
traumatology_ankle fractures_15.txt	medication	concept	2810	2819	Ibuprofen
traumatology_ankle fractures_15.txt	medication	concept	2871	2884	Enoxaparin 40
traumatology_ankle fractures_16.txt	symptom	concept	740	744	pain
traumatology_ankle fractures_16.txt	symptom	concept	746	754	swelling
traumatology_ankle fractures_16.txt	symptom	concept	908	916	Bruising
traumatology_ankle fractures_16.txt	symptom	concept	1310	1333	deltoid ligament injury
traumatology_ankle fractures_16.txt	procedure	concept	1365	1376	Knee x-rays
traumatology_ankle fractures_16.txt	medication	concept	1672	1685	Acetaminophen
traumatology_ankle fractures_16.txt	medication	concept	1711	1720	Ibuprofen
traumatology_ankle fractures_16.txt	procedure	concept	1888	1925	open reduction with internal fixation
traumatology_ankle fractures_16.txt	medication	concept	2076	2087	antibiotics
traumatology_ankle fractures_16.txt	medication	concept	2089	2099	Cephalexin
traumatology_ankle fractures_16.txt	medication	concept	2173	2183	analgesics
traumatology_ankle fractures_16.txt	disease	concept	2252	2272	compartment syndrome
traumatology_ankle fractures_16.txt	disease	concept	2277	2297	deep vein thrombosis
traumatology_ankle fractures_16.txt	medication	concept	2742	2755	Acetaminophen
traumatology_ankle fractures_16.txt	medication	concept	2781	2790	Ibuprofen
traumatology_ankle fractures_16.txt	medication	concept	2863	2873	Cephalexin
traumatology_ankle fractures_16.txt	disease	concept	3221	3230	infection
traumatology_ankle fractures_16.txt	symptom	concept	3269	3278	discharge
traumatology_ankle fractures_16.txt	disease	concept	3281	3301	deep vein thrombosis
traumatology_ankle fractures_16.txt	symptom	concept	3314	3322	swelling
traumatology_ankle fractures_16.txt	symptom	concept	3324	3331	redness
traumatology_ankle fractures_16.txt	procedure	concept	3556	3572	physical therapy
traumatology_ankle fractures_16.txt	disease	concept	3633	3642	arthritis
traumatology_ankle fractures_16.txt	disease	concept	3647	3666	recurrent fractures
traumatology_ankle fractures_17.txt	symptom	concept	327	331	pain
traumatology_ankle fractures_17.txt	symptom	concept	1095	1117	tibiotalar subluxation
traumatology_ankle fractures_17.txt	medication	concept	1856	1865	Ibuprofen
traumatology_ankle fractures_17.txt	symptom	concept	1898	1902	pain
traumatology_ankle fractures_17.txt	symptom	concept	1907	1919	inflammation
traumatology_ankle fractures_17.txt	medication	concept	1974	1987	Acetaminophen
traumatology_ankle fractures_17.txt	medication	concept	2058	2068	Cephalexin
traumatology_ankle fractures_17.txt	disease	concept	2146	2169	surgical site infection
traumatology_ankle fractures_17.txt	symptom	concept	2545	2549	pain
traumatology_ankle fractures_17.txt	procedure	concept	2857	2873	physical therapy
traumatology_ankle fractures_17.txt	symptom	concept	3035	3043	swelling
traumatology_ankle fractures_17.txt	medication	concept	3061	3083	prescribed medications
traumatology_ankle fractures_17.txt	symptom	concept	3221	3225	pain
traumatology_ankle fractures_17.txt	symptom	concept	3230	3238	swelling
traumatology_ankle fractures_17.txt	procedure	concept	3481	3500	rehabilitation plan
traumatology_ankle fractures_17.txt	disease	concept	3584	3593	arthritis
traumatology_ankle fractures_17.txt	disease	concept	3607	3616	fractures
traumatology_ankle fractures_18.txt	symptom	concept	560	568	swelling
traumatology_ankle fractures_18.txt	symptom	concept	1058	1080	tibiotalar subluxation
traumatology_ankle fractures_18.txt	procedure	concept	1262	1273	knee x-rays
traumatology_ankle fractures_18.txt	procedure	concept	1302	1321	clinical evaluation
traumatology_ankle fractures_18.txt	medication	concept	1752	1765	Acetaminophen
traumatology_ankle fractures_18.txt	medication	concept	1824	1833	Ibuprofen
traumatology_ankle fractures_18.txt	medication	concept	1863	1876	Acetaminophen
traumatology_ankle fractures_18.txt	medication	concept	1943	1953	Enoxaparin
traumatology_ankle fractures_18.txt	medication	concept	2774	2783	Ibuprofen
traumatology_ankle fractures_18.txt	medication	concept	2808	2821	Acetaminophen
traumatology_ankle fractures_18.txt	medication	concept	2859	2869	Enoxaparin
traumatology_ankle fractures_18.txt	symptom	concept	3060	3069	fractures
traumatology_ankle fractures_18.txt	disease	concept	3415	3439	post-traumatic arthritis
traumatology_ankle fractures_18.txt	medication	concept	3531	3540	Ibuprofen
traumatology_ankle fractures_18.txt	medication	concept	3608	3621	Acetaminophen
traumatology_ankle fractures_18.txt	medication	concept	3686	3696	Enoxaparin
traumatology_ankle fractures_18.txt	symptom	concept	3864	3871	redness
traumatology_ankle fractures_18.txt	symptom	concept	3873	3881	swelling
traumatology_ankle fractures_18.txt	symptom	concept	4012	4024	leg swelling
traumatology_ankle fractures_18.txt	procedure	concept	4178	4204	physical therapy exercises
traumatology_ankle fractures_19.txt	disease	concept	345	365	Maisonneuve fracture
traumatology_ankle fractures_19.txt	procedure	concept	407	443	Open Reduction and Internal Fixation
traumatology_ankle fractures_19.txt	disease	concept	1075	1095	Maisonneuve fracture
traumatology_ankle fractures_19.txt	symptom	concept	1158	1175	joint instability
traumatology_ankle fractures_19.txt	medication	concept	1546	1559	Acetaminophen
traumatology_ankle fractures_19.txt	medication	concept	1585	1594	Ibuprofen
traumatology_ankle fractures_19.txt	medication	concept	1703	1712	Oxycodone
traumatology_ankle fractures_19.txt	disease	concept	1890	1910	Maisonneuve fracture
traumatology_ankle fractures_19.txt	medication	concept	2439	2448	Oxycodone
traumatology_ankle fractures_19.txt	symptom	concept	2531	2544	complications
traumatology_ankle fractures_19.txt	medication	concept	2822	2835	Acetaminophen
traumatology_ankle fractures_19.txt	medication	concept	2881	2890	Ibuprofen
traumatology_ankle fractures_19.txt	medication	concept	2944	2952	Oxycodon
traumatology_ankle fractures_19.txt	procedure	concept	3679	3693	rehabilitation
traumatology_ankle fractures_19.txt	symptom	concept	3774	3781	redness
traumatology_ankle fractures_19.txt	symptom	concept	3846	3850	pain
traumatology_ankle fractures_19.txt	symptom	concept	3852	3860	swelling
traumatology_ankle fractures_19.txt	procedure	concept	4010	4024	ORIF procedure
traumatology_ankle fractures_19.txt	disease	concept	4177	4186	arthritis
traumatology_ankle fractures_2.txt	symptom	concept	501	509	swelling
traumatology_ankle fractures_2.txt	symptom	concept	697	707	tenderness
traumatology_ankle fractures_2.txt	symptom	concept	1072	1094	tibiotalar subluxation
traumatology_ankle fractures_2.txt	disease	concept	1273	1293	Maisonneuve fracture
traumatology_ankle fractures_2.txt	medication	concept	1889	1898	Ibuprofen
traumatology_ankle fractures_2.txt	medication	concept	1987	2000	Acetaminophen
traumatology_ankle fractures_2.txt	medication	concept	2121	2130	Cefazolin
traumatology_ankle fractures_2.txt	symptom	concept	2397	2406	stiffness
traumatology_ankle fractures_2.txt	disease	concept	3172	3181	arthritis
traumatology_ankle fractures_2.txt	medication	concept	3364	3373	Ibuprofen
traumatology_ankle fractures_2.txt	symptom	concept	3416	3420	pain
traumatology_ankle fractures_2.txt	medication	concept	3426	3439	Acetaminophen
traumatology_ankle fractures_2.txt	symptom	concept	3717	3725	swelling
traumatology_ankle fractures_2.txt	symptom	concept	3872	3876	pain
traumatology_ankle fractures_2.txt	symptom	concept	3878	3886	swelling
traumatology_ankle fractures_2.txt	symptom	concept	3888	3895	redness
traumatology_ankle fractures_20.txt	symptom	concept	270	274	pain
traumatology_ankle fractures_20.txt	symptom	concept	276	284	swelling
traumatology_ankle fractures_20.txt	symptom	concept	581	589	swelling
traumatology_ankle fractures_20.txt	symptom	concept	782	790	swelling
traumatology_ankle fractures_20.txt	symptom	concept	795	805	tenderness
traumatology_ankle fractures_20.txt	symptom	concept	940	950	tenderness
traumatology_ankle fractures_20.txt	symptom	concept	1021	1033	dorsiflexion
traumatology_ankle fractures_20.txt	symptom	concept	1330	1352	tibiotalar subluxation
traumatology_ankle fractures_20.txt	disease	concept	1570	1590	Maisonneuve fracture
traumatology_ankle fractures_20.txt	disease	concept	1690	1710	Maisonneuve fracture
traumatology_ankle fractures_20.txt	medication	concept	2060	2076	IV acetaminophen
traumatology_ankle fractures_20.txt	medication	concept	2134	2152	oral acetaminophen
traumatology_ankle fractures_20.txt	disease	concept	2217	2237	deep vein thrombosis
traumatology_ankle fractures_20.txt	medication	concept	2239	2249	enoxaparin
traumatology_ankle fractures_20.txt	medication	concept	2401	2417	oral antibiotics
traumatology_ankle fractures_20.txt	medication	concept	2419	2429	cephalexin
traumatology_ankle fractures_20.txt	medication	concept	2950	2963	acetaminophen
traumatology_ankle fractures_20.txt	medication	concept	3029	3045	oral antibiotics
traumatology_ankle fractures_20.txt	medication	concept	3047	3057	cephalexin
traumatology_ankle fractures_20.txt	disease	concept	3753	3762	arthritis
traumatology_ankle fractures_21.txt	symptom	concept	688	696	swelling
traumatology_ankle fractures_21.txt	symptom	concept	701	711	tenderness
traumatology_ankle fractures_21.txt	disease	concept	1319	1339	Maisonneuve fracture
traumatology_ankle fractures_21.txt	symptom	concept	1353	1364	proximal fi
traumatology_ankle fractures_21.txt	procedure	concept	1705	1719	open reduction
traumatology_ankle fractures_21.txt	procedure	concept	1724	1741	internal fixation
traumatology_ankle fractures_21.txt	procedure	concept	1903	1920	internal fixation
traumatology_ankle fractures_21.txt	medication	concept	2096	2109	Acetaminophen
traumatology_ankle fractures_21.txt	medication	concept	2154	2163	Ibuprofen
traumatology_ankle fractures_21.txt	medication	concept	2213	2224	Antibiotics
traumatology_ankle fractures_21.txt	medication	concept	2228	2237	Cefazolin
traumatology_ankle fractures_21.txt	medication	concept	2357	2367	Enoxaparin
traumatology_ankle fractures_21.txt	procedure	concept	2585	2599	weight-bearing
traumatology_ankle fractures_21.txt	disease	concept	3141	3150	arthritis
traumatology_ankle fractures_21.txt	procedure	concept	3414	3428	ORIF procedure
traumatology_ankle fractures_21.txt	disease	concept	3625	3634	arthritis
traumatology_ankle fractures_21.txt	medication	concept	3750	3763	Acetaminophen
traumatology_ankle fractures_21.txt	medication	concept	3833	3842	Ibuprofen
traumatology_ankle fractures_21.txt	symptom	concept	3902	3914	inflammation
traumatology_ankle fractures_21.txt	medication	concept	3920	3930	Enoxaparin
traumatology_ankle fractures_22.txt	procedure	concept	432	468	Open Reduction and Internal Fixation
traumatology_ankle fractures_22.txt	symptom	concept	717	725	swelling
traumatology_ankle fractures_22.txt	symptom	concept	1203	1225	tibiotalar subluxation
traumatology_ankle fractures_22.txt	disease	concept	1539	1559	Maisonneuve fracture
traumatology_ankle fractures_22.txt	medication	concept	1744	1758	oral ibuprofen
traumatology_ankle fractures_22.txt	symptom	concept	1817	1825	swelling
traumatology_ankle fractures_22.txt	procedure	concept	1890	1894	ORIF
traumatology_ankle fractures_22.txt	medication	concept	2184	2200	IV acetaminophen
traumatology_ankle fractures_22.txt	medication	concept	2253	2271	oral acetaminophen
traumatology_ankle fractures_22.txt	medication	concept	2317	2329	IV cefazolin
traumatology_ankle fractures_22.txt	medication	concept	2367	2391	prophylactic antibiotics
traumatology_ankle fractures_22.txt	medication	concept	2725	2743	oral acetaminophen
traumatology_ankle fractures_22.txt	symptom	concept	2779	2783	pain
traumatology_ankle fractures_22.txt	symptom	concept	2835	2843	swelling
traumatology_ankle fractures_22.txt	symptom	concept	3157	3164	redness
traumatology_ankle fractures_22.txt	symptom	concept	3166	3174	swelling
traumatology_ankle fractures_22.txt	symptom	concept	3179	3184	fever
traumatology_ankle fractures_22.txt	disease	concept	3372	3387	ankle fractures
traumatology_ankle fractures_22.txt	disease	concept	3442	3451	arthritis
traumatology_ankle fractures_22.txt	disease	concept	3456	3475	recurrent fractures
traumatology_ankle fractures_23.txt	symptom	concept	619	627	swelling
traumatology_ankle fractures_23.txt	symptom	concept	632	642	tenderness
traumatology_ankle fractures_23.txt	procedure	concept	720	732	ankle x-rays
traumatology_ankle fractures_23.txt	symptom	concept	1079	1090	instability
traumatology_ankle fractures_23.txt	disease	concept	1137	1157	Maisonneuve fracture
traumatology_ankle fractures_23.txt	procedure	concept	1198	1208	knee x-ray
traumatology_ankle fractures_23.txt	symptom	concept	1400	1422	tibiotalar subluxation
traumatology_ankle fractures_23.txt	procedure	concept	1702	1739	open reduction with internal fixation
traumatology_ankle fractures_23.txt	medication	concept	2023	2036	Acetaminophen
traumatology_ankle fractures_23.txt	medication	concept	2062	2071	Ibuprofen
traumatology_ankle fractures_23.txt	medication	concept	2119	2129	Enoxaparin
traumatology_ankle fractures_23.txt	medication	concept	2221	2236	Cefazolin 1g IV
traumatology_ankle fractures_23.txt	symptom	concept	2294	2298	pain
traumatology_ankle fractures_23.txt	procedure	concept	2424	2446	physiotherapy sessions
traumatology_ankle fractures_23.txt	medication	concept	2835	2848	Acetaminophen
traumatology_ankle fractures_23.txt	medication	concept	2893	2902	Ibuprofen
traumatology_ankle fractures_23.txt	symptom	concept	2938	2942	pain
traumatology_ankle fractures_23.txt	symptom	concept	2947	2955	swelling
traumatology_ankle fractures_23.txt	medication	concept	3284	3294	Enoxaparin
traumatology_ankle fractures_23.txt	procedure	concept	3809	3831	surgical interventions
traumatology_ankle fractures_23.txt	disease	concept	3978	3987	arthritis
traumatology_ankle fractures_23.txt	procedure	concept	4182	4204	follow-up appointments
traumatology_ankle fractures_23.txt	symptom	concept	4318	4326	swelling
traumatology_ankle fractures_23.txt	symptom	concept	4342	4346	pain
traumatology_ankle fractures_24.txt	disease	concept	361	373	hypertension
traumatology_ankle fractures_24.txt	disease	concept	378	393	type 2 diabetes
traumatology_ankle fractures_24.txt	procedure	concept	1231	1242	knee X-rays
traumatology_ankle fractures_24.txt	procedure	concept	1403	1417	open reduction
traumatology_ankle fractures_24.txt	medication	concept	1719	1734	Cefazolin 1g IV
traumatology_ankle fractures_24.txt	medication	concept	1824	1837	Acetaminophen
traumatology_ankle fractures_24.txt	medication	concept	1888	1894	NSAIDs
traumatology_ankle fractures_24.txt	medication	concept	1954	1964	Enoxaparin
traumatology_ankle fractures_24.txt	procedure	concept	2204	2218	weight-bearing
traumatology_ankle fractures_24.txt	procedure	concept	2348	2362	rehabilitation
traumatology_ankle fractures_24.txt	disease	concept	2838	2847	arthritis
traumatology_ankle fractures_24.txt	medication	concept	3053	3066	Acetaminophen
traumatology_ankle fractures_24.txt	symptom	concept	3085	3089	pain
traumatology_ankle fractures_24.txt	symptom	concept	3208	3216	swelling
traumatology_ankle fractures_24.txt	procedure	concept	3251	3276	physical therapy sessions
traumatology_ankle fractures_24.txt	disease	concept	3336	3345	infection
traumatology_ankle fractures_24.txt	disease	concept	3349	3352	DVT
traumatology_ankle fractures_24.txt	symptom	concept	3374	3381	redness
traumatology_ankle fractures_24.txt	symptom	concept	3383	3391	swelling
traumatology_ankle fractures_24.txt	symptom	concept	3393	3397	pain
traumatology_ankle fractures_24.txt	symptom	concept	3402	3421	shortness of breath
traumatology_ankle fractures_25.txt	disease	concept	294	314	Maisonneuve fracture
traumatology_ankle fractures_25.txt	symptom	concept	535	539	pain
traumatology_ankle fractures_25.txt	symptom	concept	544	552	swelling
traumatology_ankle fractures_25.txt	symptom	concept	712	720	bruising
traumatology_ankle fractures_25.txt	disease	concept	1101	1121	Maisonneuve fracture
traumatology_ankle fractures_25.txt	symptom	concept	1196	1218	tibiotalar subluxation
traumatology_ankle fractures_25.txt	disease	concept	1385	1405	Maisonneuve fracture
traumatology_ankle fractures_25.txt	disease	concept	1521	1541	Maisonneuve fracture
traumatology_ankle fractures_25.txt	medication	concept	2012	2023	IV morphine
traumatology_ankle fractures_25.txt	medication	concept	2089	2102	acetaminophen
traumatology_ankle fractures_25.txt	medication	concept	2128	2137	ibuprofen
traumatology_ankle fractures_25.txt	symptom	concept	2172	2180	swelling
traumatology_ankle fractures_25.txt	medication	concept	2182	2193	Antibiotics
traumatology_ankle fractures_25.txt	medication	concept	2195	2204	Cefazolin
traumatology_ankle fractures_25.txt	medication	concept	2323	2333	Enoxaparin
traumatology_ankle fractures_25.txt	medication	concept	2822	2835	acetaminophen
traumatology_ankle fractures_25.txt	medication	concept	2861	2870	ibuprofen
traumatology_ankle fractures_25.txt	symptom	concept	2994	3001	redness
traumatology_ankle fractures_25.txt	symptom	concept	3003	3011	swelling
traumatology_ankle fractures_25.txt	symptom	concept	3016	3025	discharge
traumatology_ankle fractures_25.txt	medication	concept	3040	3050	Enoxaparin
traumatology_ankle fractures_25.txt	disease	concept	3677	3686	arthritis
traumatology_ankle fractures_25.txt	procedure	concept	3818	3836	Orthopedic Surgery
traumatology_ankle fractures_25.txt	symptom	concept	4071	4084	complications
traumatology_ankle fractures_26.txt	symptom	concept	1046	1068	tibiotalar subluxation
traumatology_ankle fractures_26.txt	symptom	concept	1447	1457	syndesmosi
traumatology_ankle fractures_26.txt	medication	concept	1881	1890	Ibuprofen
traumatology_ankle fractures_26.txt	medication	concept	1982	1993	Paracetamol
traumatology_ankle fractures_26.txt	medication	concept	2087	2097	Enoxaparin
traumatology_ankle fractures_26.txt	symptom	concept	2812	2820	swelling
traumatology_ankle fractures_26.txt	symptom	concept	2935	2939	pain
traumatology_ankle fractures_26.txt	symptom	concept	2944	2952	swelling
traumatology_ankle fractures_26.txt	procedure	concept	3006	3019	physiotherapy
traumatology_ankle fractures_26.txt	symptom	concept	3086	3093	redness
traumatology_ankle fractures_26.txt	symptom	concept	3095	3101	warmth
traumatology_ankle fractures_26.txt	symptom	concept	3103	3111	swelling
traumatology_ankle fractures_26.txt	symptom	concept	3116	3125	discharge
traumatology_ankle fractures_26.txt	disease	concept	3148	3168	deep vein thrombosis
traumatology_ankle fractures_26.txt	symptom	concept	3170	3178	leg pain
traumatology_ankle fractures_26.txt	symptom	concept	3180	3188	swelling
traumatology_ankle fractures_26.txt	symptom	concept	3206	3224	pulmonary embolism
traumatology_ankle fractures_26.txt	symptom	concept	3233	3252	shortness of breath
traumatology_ankle fractures_26.txt	procedure	concept	3391	3425	post-operative rehabilitation plan
traumatology_ankle fractures_26.txt	disease	concept	3524	3533	arthritis
traumatology_ankle fractures_26.txt	procedure	concept	3585	3598	physiotherapy
traumatology_ankle fractures_27.txt	disease	concept	257	277	Maisonneuve Fracture
traumatology_ankle fractures_27.txt	symptom	concept	475	479	pain
traumatology_ankle fractures_27.txt	symptom	concept	484	492	swelling
traumatology_ankle fractures_27.txt	procedure	concept	869	879	knee x-ray
traumatology_ankle fractures_27.txt	disease	concept	947	967	Maisonneuve fracture
traumatology_ankle fractures_27.txt	procedure	concept	1119	1133	open reduction
traumatology_ankle fractures_27.txt	procedure	concept	1139	1156	internal fixation
traumatology_ankle fractures_27.txt	disease	concept	1381	1395	ankle fracture
traumatology_ankle fractures_27.txt	medication	concept	1535	1544	Ibuprofen
traumatology_ankle fractures_27.txt	medication	concept	1596	1609	Acetaminophen
traumatology_ankle fractures_27.txt	medication	concept	1662	1672	Enoxaparin
traumatology_ankle fractures_27.txt	disease	concept	1704	1726	venous thromboembolism
traumatology_ankle fractures_27.txt	medication	concept	1805	1815	Cephalexin
traumatology_ankle fractures_27.txt	symptom	concept	2131	2139	mobility
traumatology_ankle fractures_27.txt	medication	concept	2633	2642	Ibuprofen
traumatology_ankle fractures_27.txt	symptom	concept	2685	2689	pain
traumatology_ankle fractures_27.txt	medication	concept	2728	2741	Acetaminophen
traumatology_ankle fractures_27.txt	symptom	concept	2785	2789	pain
traumatology_ankle fractures_27.txt	symptom	concept	3177	3185	swelling
traumatology_ankle fractures_27.txt	symptom	concept	3242	3249	redness
traumatology_ankle fractures_27.txt	symptom	concept	3251	3259	swelling
traumatology_ankle fractures_27.txt	procedure	concept	3375	3396	surgical intervention
traumatology_ankle fractures_27.txt	disease	concept	3584	3593	arthritis
traumatology_ankle fractures_27.txt	procedure	concept	3622	3639	Emergency Contact
traumatology_ankle fractures_27.txt	disease	concept	3922	3947	bilateral ankle fractures
traumatology_ankle fractures_27.txt	disease	concept	3952	3972	Maisonneuve fracture
traumatology_ankle fractures_28.txt	disease	concept	286	306	Maisonneuve Fracture
traumatology_ankle fractures_28.txt	symptom	concept	547	555	swelling
traumatology_ankle fractures_28.txt	symptom	concept	731	739	swelling
traumatology_ankle fractures_28.txt	symptom	concept	898	913	bone tenderness
traumatology_ankle fractures_28.txt	symptom	concept	1252	1274	tibiotalar subluxation
traumatology_ankle fractures_28.txt	symptom	concept	1328	1345	joint instability
traumatology_ankle fractures_28.txt	medication	concept	1868	1877	Ibuprofen
traumatology_ankle fractures_28.txt	medication	concept	1930	1941	Paracetamol
traumatology_ankle fractures_28.txt	medication	concept	2005	2015	Enoxaparin
traumatology_ankle fractures_28.txt	symptom	concept	2393	2397	pain
traumatology_ankle fractures_28.txt	procedure	concept	2560	2571	wound check
traumatology_ankle fractures_28.txt	procedure	concept	2946	2967	surgical intervention
traumatology_ankle fractures_28.txt	disease	concept	3170	3179	arthritis
traumatology_ankle fractures_28.txt	procedure	concept	3394	3421	thromboembolism prophylaxis
traumatology_ankle fractures_28.txt	procedure	concept	3576	3598	physiotherapy sessions
traumatology_ankle fractures_28.txt	symptom	concept	3715	3719	pain
traumatology_ankle fractures_28.txt	symptom	concept	3721	3729	swelling
traumatology_ankle fractures_28.txt	symptom	concept	3731	3736	fever
traumatology_ankle fractures_29.txt	symptom	concept	438	442	pain
traumatology_ankle fractures_29.txt	symptom	concept	444	452	swelling
traumatology_ankle fractures_29.txt	symptom	concept	948	970	tibiotalar subluxation
traumatology_ankle fractures_29.txt	procedure	concept	1034	1062	Peroneal Nerve Function Test
traumatology_ankle fractures_29.txt	medication	concept	1587	1596	Ibuprofen
traumatology_ankle fractures_29.txt	medication	concept	1622	1635	Acetaminophen
traumatology_ankle fractures_29.txt	symptom	concept	1672	1676	pain
traumatology_ankle fractures_29.txt	medication	concept	2017	2027	Cephalexin
traumatology_ankle fractures_29.txt	medication	concept	2153	2162	Oxycodone
traumatology_ankle fractures_29.txt	procedure	concept	2197	2211	Rehabilitation
traumatology_ankle fractures_29.txt	medication	concept	2437	2446	Ibuprofen
traumatology_ankle fractures_29.txt	medication	concept	2513	2526	Acetaminophen
traumatology_ankle fractures_29.txt	symptom	concept	2570	2574	pain
traumatology_ankle fractures_29.txt	medication	concept	2594	2603	Oxycodone
traumatology_ankle fractures_29.txt	procedure	concept	2691	2711	Orthopedic follow-up
traumatology_ankle fractures_29.txt	disease	concept	3363	3372	arthritis
traumatology_ankle fractures_29.txt	symptom	concept	3461	3469	malunion
traumatology_ankle fractures_29.txt	symptom	concept	3474	3489	hardware issues
traumatology_ankle fractures_29.txt	symptom	concept	3654	3658	pain
traumatology_ankle fractures_29.txt	symptom	concept	3877	3885	swelling
traumatology_ankle fractures_3.txt	disease	concept	1120	1140	Maisonneuve fracture
traumatology_ankle fractures_3.txt	symptom	concept	1684	1692	swelling
traumatology_ankle fractures_3.txt	medication	concept	1726	1739	Acetaminophen
traumatology_ankle fractures_3.txt	medication	concept	1790	1804	Oral Ibuprofen
traumatology_ankle fractures_3.txt	medication	concept	1846	1860	Oral Oxycodone
traumatology_ankle fractures_3.txt	medication	concept	1967	1982	Cefazolin 2g IV
traumatology_ankle fractures_3.txt	medication	concept	2038	2048	Cephalexin
traumatology_ankle fractures_3.txt	disease	concept	2091	2100	infection
traumatology_ankle fractures_3.txt	medication	concept	3141	3151	Cephalexin
traumatology_ankle fractures_3.txt	medication	concept	3197	3206	Ibuprofen
traumatology_ankle fractures_3.txt	medication	concept	3255	3264	Oxycodone
traumatology_ankle fractures_3.txt	symptom	concept	3311	3315	pain
traumatology_ankle fractures_3.txt	symptom	concept	3461	3469	swelling
traumatology_ankle fractures_30.txt	disease	concept	313	333	Maisonneuve fracture
traumatology_ankle fractures_30.txt	symptom	concept	1140	1157	joint instability
traumatology_ankle fractures_30.txt	procedure	concept	1260	1271	knee x-rays
traumatology_ankle fractures_30.txt	medication	concept	1401	1412	IV morphine
traumatology_ankle fractures_30.txt	symptom	concept	1494	1502	swelling
traumatology_ankle fractures_30.txt	medication	concept	2024	2037	acetaminophen
traumatology_ankle fractures_30.txt	medication	concept	2063	2072	ibuprofen
traumatology_ankle fractures_30.txt	medication	concept	2143	2153	enoxaparin
traumatology_ankle fractures_30.txt	symptom	concept	2617	2621	pain
traumatology_ankle fractures_30.txt	medication	concept	2815	2828	acetaminophen
traumatology_ankle fractures_30.txt	medication	concept	2833	2842	ibuprofen
traumatology_ankle fractures_30.txt	medication	concept	2905	2915	enoxaparin
traumatology_ankle fractures_30.txt	procedure	concept	3019	3035	Physical therapy
traumatology_ankle fractures_30.txt	procedure	concept	3489	3512	postoperative care plan
traumatology_ankle fractures_30.txt	procedure	concept	3517	3540	rehabilitation protocol
traumatology_ankle fractures_30.txt	disease	concept	3619	3628	arthritis
traumatology_ankle fractures_31.txt	procedure	concept	1085	1095	knee x-ray
traumatology_ankle fractures_31.txt	medication	concept	1239	1250	IV morphine
traumatology_ankle fractures_31.txt	procedure	concept	1344	1348	surg
traumatology_ankle fractures_31.txt	procedure	concept	1382	1419	open reduction with internal fixation
traumatology_ankle fractures_31.txt	disease	concept	1569	1589	Maisonneuve fracture
traumatology_ankle fractures_31.txt	medication	concept	1639	1653	IV antibiotics
traumatology_ankle fractures_31.txt	medication	concept	1655	1664	Cefazolin
traumatology_ankle fractures_31.txt	medication	concept	1771	1784	Acetaminophen
traumatology_ankle fractures_31.txt	medication	concept	1809	1818	Ibuprofen
traumatology_ankle fractures_31.txt	symptom	concept	2225	2229	pain
traumatology_ankle fractures_31.txt	medication	concept	2535	2548	Acetaminophen
traumatology_ankle fractures_31.txt	medication	concept	2573	2582	Ibuprofen
traumatology_ankle fractures_31.txt	procedure	concept	3382	3404	rehabilitation process
traumatology_ankle fractures_31.txt	disease	concept	3438	3447	arthritis
traumatology_ankle fractures_31.txt	symptom	concept	3607	3613	stress
traumatology_ankle fractures_31.txt	symptom	concept	3779	3783	pain
traumatology_ankle fractures_31.txt	symptom	concept	3785	3790	fever
traumatology_ankle fractures_31.txt	medication	concept	3888	3901	Acetaminophen
traumatology_ankle fractures_31.txt	symptom	concept	3959	3963	pain
traumatology_ankle fractures_31.txt	medication	concept	3969	3978	Ibuprofen
traumatology_ankle fractures_31.txt	symptom	concept	4036	4040	pain
traumatology_ankle fractures_31.txt	procedure	concept	4196	4218	physiotherapy sessions
traumatology_ankle fractures_32.txt	medication	concept	569	579	lisinopril
traumatology_ankle fractures_32.txt	disease	concept	597	612	type 2 diabetes
traumatology_ankle fractures_32.txt	medication	concept	630	639	metformin
traumatology_ankle fractures_32.txt	symptom	concept	809	817	swelling
traumatology_ankle fractures_32.txt	disease	concept	1596	1616	Maisonneuve fracture
traumatology_ankle fractures_32.txt	medication	concept	1807	1820	acetaminophen
traumatology_ankle fractures_32.txt	medication	concept	1871	1877	NSAIDs
traumatology_ankle fractures_32.txt	disease	concept	1889	1897	diabetes
traumatology_ankle fractures_32.txt	disease	concept	2098	2118	Maisonneuve fracture
traumatology_ankle fractures_32.txt	medication	concept	2257	2272	cefazolin 1g IV
traumatology_ankle fractures_32.txt	medication	concept	2303	2327	prophylactic antibiotics
traumatology_ankle fractures_32.txt	medication	concept	2365	2374	oxycodone
traumatology_ankle fractures_32.txt	medication	concept	2493	2503	enoxaparin
traumatology_ankle fractures_32.txt	disease	concept	2535	2557	venous thromboembolism
traumatology_ankle fractures_32.txt	disease	concept	3545	3554	arthritis
traumatology_ankle fractures_32.txt	medication	concept	3613	3622	Oxycodone
traumatology_ankle fractures_32.txt	medication	concept	3671	3681	Enoxaparin
traumatology_ankle fractures_32.txt	medication	concept	3748	3758	lisinopril
traumatology_ankle fractures_32.txt	medication	concept	3783	3792	metformin
traumatology_ankle fractures_32.txt	symptom	concept	3911	3919	swelling
traumatology_ankle fractures_32.txt	procedure	concept	3981	3996	pain management
traumatology_ankle fractures_32.txt	symptom	concept	4194	4198	pain
traumatology_ankle fractures_33.txt	symptom	concept	370	374	pain
traumatology_ankle fractures_33.txt	symptom	concept	500	509	allergies
traumatology_ankle fractures_33.txt	symptom	concept	635	643	swelling
traumatology_ankle fractures_33.txt	symptom	concept	1146	1168	tibiotalar subluxation
traumatology_ankle fractures_33.txt	disease	concept	1355	1375	Maisonneuve fracture
traumatology_ankle fractures_33.txt	medication	concept	1973	1986	Acetaminophen
traumatology_ankle fractures_33.txt	medication	concept	2022	2031	Ibuprofen
traumatology_ankle fractures_33.txt	medication	concept	2081	2105	Prophylactic antibiotics
traumatology_ankle fractures_33.txt	medication	concept	2109	2118	Cefazolin
traumatology_ankle fractures_33.txt	disease	concept	2209	2229	Deep vein thrombosis
traumatology_ankle fractures_33.txt	medication	concept	2255	2265	Enoxaparin
traumatology_ankle fractures_33.txt	disease	concept	3218	3227	arthritis
traumatology_ankle fractures_33.txt	medication	concept	3296	3309	Acetaminophen
traumatology_ankle fractures_33.txt	medication	concept	3376	3385	Ibuprofen
traumatology_ankle fractures_33.txt	medication	concept	3460	3470	Enoxaparin
traumatology_ankle fractures_33.txt	symptom	concept	3668	3676	swelling
traumatology_ankle fractures_33.txt	symptom	concept	3831	3838	redness
traumatology_ankle fractures_33.txt	symptom	concept	3840	3848	swelling
traumatology_ankle fractures_34.txt	symptom	concept	650	658	bruising
traumatology_ankle fractures_34.txt	symptom	concept	1344	1366	tibiotalar subluxation
traumatology_ankle fractures_34.txt	disease	concept	1563	1590	bimalleolar ankle fractures
traumatology_ankle fractures_34.txt	procedure	concept	1819	1856	open reduction with internal fixation
traumatology_ankle fractures_34.txt	medication	concept	2316	2327	antibiotics
traumatology_ankle fractures_34.txt	medication	concept	2366	2375	Cefazolin
traumatology_ankle fractures_34.txt	medication	concept	2460	2473	Acetaminophen
traumatology_ankle fractures_34.txt	medication	concept	2515	2524	Oxycodone
traumatology_ankle fractures_34.txt	procedure	concept	3061	3086	range of motion exercises
traumatology_ankle fractures_34.txt	medication	concept	3228	3241	Acetaminophen
traumatology_ankle fractures_34.txt	medication	concept	3290	3299	Ibuprofen
traumatology_ankle fractures_34.txt	symptom	concept	3341	3349	swelling
traumatology_ankle fractures_34.txt	medication	concept	3361	3370	Oxycodone
traumatology_ankle fractures_34.txt	symptom	concept	3457	3461	pain
traumatology_ankle fractures_34.txt	procedure	concept	3659	3681	follow-up appointments
traumatology_ankle fractures_34.txt	procedure	concept	3686	3702	physical therapy
traumatology_ankle fractures_34.txt	disease	concept	3849	3858	infection
traumatology_ankle fractures_34.txt	symptom	concept	3870	3877	redness
traumatology_ankle fractures_34.txt	symptom	concept	3879	3887	swelling
traumatology_ankle fractures_34.txt	symptom	concept	3889	3895	warmth
traumatology_ankle fractures_34.txt	disease	concept	4308	4317	arthritis
traumatology_ankle fractures_34.txt	disease	concept	4602	4628	bimalleolar ankle fracture
traumatology_ankle fractures_34.txt	procedure	concept	4657	4666	treatment
traumatology_ankle fractures_34.txt	procedure	concept	4668	4687	post-operative care
traumatology_ankle fractures_34.txt	procedure	concept	4719	4727	recovery
traumatology_ankle fractures_34.txt	procedure	concept	4732	4746	follow-up care
traumatology_ankle fractures_35.txt	symptom	concept	396	404	swelling
traumatology_ankle fractures_35.txt	disease	concept	696	713	chronic illnesses
traumatology_ankle fractures_35.txt	symptom	concept	792	802	tenderness
traumatology_ankle fractures_35.txt	symptom	concept	866	870	pain
traumatology_ankle fractures_35.txt	symptom	concept	909	920	open wounds
traumatology_ankle fractures_35.txt	symptom	concept	924	946	neurovascular deficits
traumatology_ankle fractures_35.txt	symptom	concept	1288	1310	tibiotalar subluxation
traumatology_ankle fractures_35.txt	procedure	concept	1409	1419	Knee X-Ray
traumatology_ankle fractures_35.txt	disease	concept	1469	1489	Maisonneuve fracture
traumatology_ankle fractures_35.txt	medication	concept	2135	2144	Ibuprofen
traumatology_ankle fractures_35.txt	medication	concept	2216	2229	Acetaminophen
traumatology_ankle fractures_35.txt	medication	concept	2303	2313	Cephalexin
traumatology_ankle fractures_35.txt	symptom	concept	2787	2795	swelling
traumatology_ankle fractures_35.txt	symptom	concept	2797	2802	fever
traumatology_ankle fractures_35.txt	symptom	concept	2807	2815	drainage
traumatology_ankle fractures_35.txt	symptom	concept	3117	3130	complications
traumatology_ankle fractures_35.txt	disease	concept	3139	3148	arthritis
traumatology_ankle fractures_35.txt	disease	concept	3162	3171	fractures
traumatology_ankle fractures_35.txt	disease	concept	3337	3346	infection
traumatology_ankle fractures_35.txt	symptom	concept	3473	3481	swelling
traumatology_ankle fractures_35.txt	disease	concept	3518	3527	infection
traumatology_ankle fractures_35.txt	symptom	concept	3531	3544	complications
traumatology_ankle fractures_36.txt	medication	concept	484	494	medication
traumatology_ankle fractures_36.txt	symptom	concept	645	653	swelling
traumatology_ankle fractures_36.txt	symptom	concept	658	668	tenderness
traumatology_ankle fractures_36.txt	symptom	concept	861	883	neurovascular deficits
traumatology_ankle fractures_36.txt	symptom	concept	1135	1157	tibiotalar subluxation
traumatology_ankle fractures_36.txt	medication	concept	1535	1544	Ibuprofen
traumatology_ankle fractures_36.txt	symptom	concept	1644	1652	swelling
traumatology_ankle fractures_36.txt	symptom	concept	2342	2355	wound healing
traumatology_ankle fractures_36.txt	medication	concept	2413	2422	Ibuprofen
traumatology_ankle fractures_36.txt	medication	concept	2493	2506	Acetaminophen
traumatology_ankle fractures_36.txt	medication	concept	3142	3152	medication
traumatology_ankle fractures_36.txt	procedure	concept	3185	3207	follow-up appointments
traumatology_ankle fractures_36.txt	procedure	concept	3360	3367	surgery
traumatology_ankle fractures_36.txt	procedure	concept	3596	3610	rehabilitation
traumatology_ankle fractures_36.txt	procedure	concept	3733	3758	physical therapy sessions
traumatology_ankle fractures_36.txt	symptom	concept	3868	3876	swelling
traumatology_ankle fractures_36.txt	symptom	concept	3923	3927	pain
traumatology_ankle fractures_36.txt	symptom	concept	3943	3952	sensation
traumatology_ankle fractures_36.txt	procedure	concept	4042	4064	follow-up appointments
traumatology_ankle fractures_36.txt	procedure	concept	4069	4094	physical therapy sessions
traumatology_ankle fractures_37.txt	symptom	concept	1253	1275	tibiotalar subluxation
traumatology_ankle fractures_37.txt	disease	concept	1477	1497	Maisonneuve fracture
traumatology_ankle fractures_37.txt	medication	concept	1659	1670	IV morphine
traumatology_ankle fractures_37.txt	procedure	concept	1875	1889	open reduction
traumatology_ankle fractures_37.txt	disease	concept	2006	2026	Maisonneuve fracture
traumatology_ankle fractures_37.txt	procedure	concept	2040	2067	syndesmotic screw placement
traumatology_ankle fractures_37.txt	medication	concept	2255	2273	oral acetaminophen
traumatology_ankle fractures_37.txt	medication	concept	2298	2312	oral ibuprofen
traumatology_ankle fractures_37.txt	medication	concept	2362	2403	prophylactic low-molecular-weight heparin
traumatology_ankle fractures_37.txt	medication	concept	2405	2415	Enoxaparin
traumatology_ankle fractures_37.txt	disease	concept	2454	2476	venous thromboembolism
traumatology_ankle fractures_37.txt	medication	concept	2526	2536	Cephalexin
traumatology_ankle fractures_37.txt	procedure	concept	2731	2745	weight-bearing
traumatology_ankle fractures_37.txt	symptom	concept	2957	2961	pain
traumatology_ankle fractures_37.txt	medication	concept	3217	3230	Acetaminophen
traumatology_ankle fractures_37.txt	medication	concept	3282	3291	Ibuprofen
traumatology_ankle fractures_37.txt	medication	concept	3343	3353	Enoxaparin
traumatology_ankle fractures_37.txt	medication	concept	3397	3407	Cephalexin
traumatology_ankle fractures_37.txt	medication	concept	3932	3943	antibiotics
traumatology_ankle fractures_37.txt	symptom	concept	4021	4030	infection
traumatology_ankle fractures_37.txt	symptom	concept	4042	4046	pain
traumatology_ankle fractures_38.txt	symptom	concept	573	577	pain
traumatology_ankle fractures_38.txt	symptom	concept	579	587	swelling
traumatology_ankle fractures_38.txt	symptom	concept	1117	1139	tibiotalar subluxation
traumatology_ankle fractures_38.txt	procedure	concept	1419	1427	Surgical
traumatology_ankle fractures_38.txt	medication	concept	1730	1741	Medications
traumatology_ankle fractures_38.txt	medication	concept	1772	1781	Ibuprofen
traumatology_ankle fractures_38.txt	medication	concept	1831	1842	Antibiotics
traumatology_ankle fractures_38.txt	medication	concept	1846	1855	Cefazolin
traumatology_ankle fractures_38.txt	procedure	concept	1939	1953	Rehabilitation
traumatology_ankle fractures_38.txt	symptom	concept	2315	2323	Swelling
traumatology_ankle fractures_38.txt	medication	concept	2869	2878	Ibuprofen
traumatology_ankle fractures_38.txt	symptom	concept	2914	2918	pain
traumatology_ankle fractures_38.txt	medication	concept	2937	2953	oral antibiotics
traumatology_ankle fractures_38.txt	medication	concept	2955	2965	Cephalexin
traumatology_ankle fractures_38.txt	procedure	concept	3123	3129	X-rays
traumatology_ankle fractures_38.txt	symptom	concept	3207	3228	weight-bearing status
traumatology_ankle fractures_38.txt	symptom	concept	3419	3423	pain
traumatology_ankle fractures_38.txt	symptom	concept	3502	3511	Prognosis
traumatology_ankle fractures_38.txt	disease	concept	3760	3769	arthritis
traumatology_ankle fractures_39.txt	symptom	concept	783	798	bone tenderness
traumatology_ankle fractures_39.txt	disease	concept	1052	1072	Maisonneuve fracture
traumatology_ankle fractures_39.txt	procedure	concept	1519	1533	open reduction
traumatology_ankle fractures_39.txt	procedure	concept	1538	1555	internal fixation
traumatology_ankle fractures_39.txt	disease	concept	1906	1926	deep vein thrombosis
traumatology_ankle fractures_39.txt	medication	concept	1951	1960	Ibuprofen
traumatology_ankle fractures_39.txt	medication	concept	2017	2030	Acetaminophen
traumatology_ankle fractures_39.txt	medication	concept	2099	2109	Enoxaparin
traumatology_ankle fractures_39.txt	medication	concept	2574	2583	ibuprofen
traumatology_ankle fractures_39.txt	medication	concept	2588	2601	acetaminophen
traumatology_ankle fractures_39.txt	medication	concept	2660	2670	enoxaparin
traumatology_ankle fractures_39.txt	procedure	concept	2958	2969	wound check
traumatology_ankle fractures_39.txt	procedure	concept	2971	2986	cast evaluation
traumatology_ankle fractures_39.txt	procedure	concept	3275	3289	Rehabilitation
traumatology_ankle fractures_4.txt	procedure	concept	1103	1113	knee x-ray
traumatology_ankle fractures_4.txt	disease	concept	1201	1221	Maisonneuve fracture
traumatology_ankle fractures_4.txt	symptom	concept	1359	1381	tibiotalar subluxation
traumatology_ankle fractures_4.txt	procedure	concept	1493	1507	open reduction
traumatology_ankle fractures_4.txt	procedure	concept	1512	1529	internal fixation
traumatology_ankle fractures_4.txt	medication	concept	1810	1823	Acetaminophen
traumatology_ankle fractures_4.txt	medication	concept	1850	1859	Ibuprofen
traumatology_ankle fractures_4.txt	symptom	concept	1891	1895	pain
traumatology_ankle fractures_4.txt	medication	concept	1951	1961	Cephalexin
traumatology_ankle fractures_4.txt	symptom	concept	2331	2340	stiffness
traumatology_ankle fractures_4.txt	symptom	concept	2684	2698	weight-bearing
traumatology_ankle fractures_4.txt	medication	concept	2753	2766	Acetaminophen
traumatology_ankle fractures_4.txt	medication	concept	2819	2828	Ibuprofen
traumatology_ankle fractures_4.txt	symptom	concept	2871	2883	inflammation
traumatology_ankle fractures_4.txt	medication	concept	2888	2898	Cephalexin
traumatology_ankle fractures_4.txt	disease	concept	3750	3759	arthritis
traumatology_ankle fractures_4.txt	procedure	concept	3958	3979	medication management
traumatology_ankle fractures_4.txt	disease	concept	4075	4084	infection
traumatology_ankle fractures_40.txt	symptom	concept	436	440	pain
traumatology_ankle fractures_40.txt	symptom	concept	442	450	swelling
traumatology_ankle fractures_40.txt	symptom	concept	1002	1024	tibiotalar subluxation
traumatology_ankle fractures_40.txt	procedure	concept	1313	1334	surgical intervention
traumatology_ankle fractures_40.txt	medication	concept	1829	1840	medications
traumatology_ankle fractures_40.txt	medication	concept	1909	1918	Ibuprofen
traumatology_ankle fractures_40.txt	symptom	concept	1960	1972	inflammation
traumatology_ankle fractures_40.txt	medication	concept	1978	1991	Acetaminophen
traumatology_ankle fractures_40.txt	medication	concept	2064	2073	Cefazolin
traumatology_ankle fractures_40.txt	medication	concept	2128	2151	prophylactic antibiotic
traumatology_ankle fractures_40.txt	symptom	concept	2256	2264	Swelling
traumatology_ankle fractures_40.txt	symptom	concept	2269	2273	pain
traumatology_ankle fractures_40.txt	symptom	concept	2478	2482	pain
traumatology_ankle fractures_40.txt	medication	concept	3144	3153	Ibuprofen
traumatology_ankle fractures_40.txt	medication	concept	3196	3209	Acetaminophen
traumatology_ankle fractures_40.txt	symptom	concept	3320	3327	redness
traumatology_ankle fractures_40.txt	symptom	concept	3329	3337	swelling
traumatology_ankle fractures_40.txt	symptom	concept	3342	3351	discharge
traumatology_ankle fractures_40.txt	procedure	concept	3547	3561	rehabilitation
traumatology_ankle fractures_40.txt	disease	concept	3701	3710	arthritis
traumatology_ankle fractures_41.txt	disease	concept	315	335	Maisonneuve fracture
traumatology_ankle fractures_41.txt	symptom	concept	664	672	swelling
traumatology_ankle fractures_41.txt	symptom	concept	677	687	tenderness
traumatology_ankle fractures_41.txt	disease	concept	1214	1234	Maisonneuve fracture
traumatology_ankle fractures_41.txt	symptom	concept	1280	1303	peroneal nerve function
traumatology_ankle fractures_41.txt	disease	concept	1591	1611	Maisonneuve fracture
traumatology_ankle fractures_41.txt	medication	concept	1895	1905	analgesics
traumatology_ankle fractures_41.txt	medication	concept	1910	1939	anti-inflammatory medications
traumatology_ankle fractures_41.txt	symptom	concept	1950	1954	pain
traumatology_ankle fractures_41.txt	symptom	concept	1966	1974	swelling
traumatology_ankle fractures_41.txt	medication	concept	1998	2011	Acetaminophen
traumatology_ankle fractures_41.txt	medication	concept	2040	2049	Ibuprofen
traumatology_ankle fractures_41.txt	medication	concept	2167	2177	Cephalexin
traumatology_ankle fractures_41.txt	symptom	concept	3491	3495	pain
traumatology_ankle fractures_41.txt	symptom	concept	3497	3505	swelling
traumatology_ankle fractures_42.txt	symptom	concept	624	632	swelling
traumatology_ankle fractures_42.txt	symptom	concept	888	896	swelling
traumatology_ankle fractures_42.txt	symptom	concept	898	908	ecchymosis
traumatology_ankle fractures_42.txt	symptom	concept	910	920	tenderness
traumatology_ankle fractures_42.txt	disease	concept	1533	1553	Maisonneuve fracture
traumatology_ankle fractures_42.txt	procedure	concept	1832	1869	open reduction with internal fixation
traumatology_ankle fractures_42.txt	medication	concept	2143	2156	Acetaminophen
traumatology_ankle fractures_42.txt	medication	concept	2182	2191	Ibuprofen
traumatology_ankle fractures_42.txt	medication	concept	2238	2248	Enoxaparin
traumatology_ankle fractures_42.txt	medication	concept	2397	2406	Cefazolin
traumatology_ankle fractures_42.txt	medication	concept	2719	2732	Acetaminophen
traumatology_ankle fractures_42.txt	medication	concept	2788	2797	Ibuprofen
traumatology_ankle fractures_42.txt	medication	concept	2892	2902	Enoxaparin
traumatology_ankle fractures_42.txt	symptom	concept	3564	3571	redness
traumatology_ankle fractures_42.txt	symptom	concept	3573	3581	swelling
traumatology_ankle fractures_42.txt	symptom	concept	3583	3589	warmth
traumatology_ankle fractures_42.txt	symptom	concept	3594	3603	discharge
traumatology_ankle fractures_42.txt	symptom	concept	3865	3873	malunion
traumatology_ankle fractures_43.txt	symptom	concept	446	450	pain
traumatology_ankle fractures_43.txt	symptom	concept	452	460	swelling
traumatology_ankle fractures_43.txt	symptom	concept	911	933	tibiotalar subluxation
traumatology_ankle fractures_43.txt	symptom	concept	984	1001	joint instability
traumatology_ankle fractures_43.txt	disease	concept	1121	1141	Maisonneuve fracture
traumatology_ankle fractures_43.txt	medication	concept	1303	1316	acetaminophen
traumatology_ankle fractures_43.txt	medication	concept	1344	1353	ibuprofen
traumatology_ankle fractures_43.txt	procedure	concept	1474	1495	surgical intervention
traumatology_ankle fractures_43.txt	medication	concept	1871	1880	cefazolin
traumatology_ankle fractures_43.txt	medication	concept	2218	2228	medication
traumatology_ankle fractures_43.txt	symptom	concept	2281	2291	discomfort
traumatology_ankle fractures_43.txt	medication	concept	2388	2401	Acetaminophen
traumatology_ankle fractures_43.txt	symptom	concept	2446	2450	pain
traumatology_ankle fractures_43.txt	medication	concept	2460	2469	Ibuprofen
traumatology_ankle fractures_43.txt	medication	concept	2534	2545	Rivaroxaban
traumatology_ankle fractures_43.txt	disease	concept	2586	2601	thromboembolism
traumatology_ankle fractures_43.txt	symptom	concept	3074	3082	swelling
traumatology_ankle fractures_43.txt	symptom	concept	3140	3144	pain
traumatology_ankle fractures_43.txt	symptom	concept	3157	3168	blood clots
traumatology_ankle fractures_43.txt	procedure	concept	3343	3357	ORIF procedure
traumatology_ankle fractures_43.txt	symptom	concept	3985	3998	complications
traumatology_ankle fractures_44.txt	symptom	concept	367	371	pain
traumatology_ankle fractures_44.txt	symptom	concept	373	381	swelling
traumatology_ankle fractures_44.txt	symptom	concept	623	627	pain
traumatology_ankle fractures_44.txt	symptom	concept	632	640	swelling
traumatology_ankle fractures_44.txt	symptom	concept	868	876	swelling
traumatology_ankle fractures_44.txt	symptom	concept	881	889	bruising
traumatology_ankle fractures_44.txt	medication	concept	2006	2019	Acetaminophen
traumatology_ankle fractures_44.txt	medication	concept	2055	2064	Ibuprofen
traumatology_ankle fractures_44.txt	medication	concept	2141	2156	Cefazolin 1g IV
traumatology_ankle fractures_44.txt	procedure	concept	2861	2875	weight-bearing
traumatology_ankle fractures_44.txt	medication	concept	2947	2960	Acetaminophen
traumatology_ankle fractures_44.txt	medication	concept	3012	3021	Ibuprofen
traumatology_ankle fractures_44.txt	symptom	concept	3638	3645	redness
traumatology_ankle fractures_44.txt	symptom	concept	3647	3655	swelling
traumatology_ankle fractures_44.txt	procedure	concept	3832	3855	rehabilitation protocol
traumatology_ankle fractures_44.txt	disease	concept	3922	3931	arthritis
traumatology_ankle fractures_45.txt	procedure	concept	1478	1495	internal fixation
traumatology_ankle fractures_45.txt	medication	concept	1757	1770	Acetaminophen
traumatology_ankle fractures_45.txt	medication	concept	1815	1824	Ibuprofen
traumatology_ankle fractures_45.txt	disease	concept	2050	2070	Deep vein thrombosis
traumatology_ankle fractures_45.txt	medication	concept	2094	2104	Enoxaparin
traumatology_ankle fractures_45.txt	medication	concept	2782	2785	ice
traumatology_ankle fractures_45.txt	medication	concept	2983	2996	Acetaminophen
traumatology_ankle fractures_45.txt	symptom	concept	3032	3036	pain
traumatology_ankle fractures_45.txt	disease	concept	3250	3259	arthritis
traumatology_ankle fractures_45.txt	symptom	concept	3490	3498	swelling
traumatology_ankle fractures_45.txt	symptom	concept	3603	3607	pain
traumatology_ankle fractures_45.txt	symptom	concept	3612	3620	swelling
traumatology_ankle fractures_45.txt	symptom	concept	3719	3726	redness
traumatology_ankle fractures_45.txt	symptom	concept	3728	3736	swelling
traumatology_ankle fractures_45.txt	symptom	concept	3741	3746	fever
traumatology_ankle fractures_45.txt	procedure	concept	4092	4101	diagnosis
traumatology_ankle fractures_46.txt	symptom	concept	623	633	tenderness
traumatology_ankle fractures_46.txt	disease	concept	980	1000	Maisonneuve fracture
traumatology_ankle fractures_46.txt	disease	concept	1240	1260	Maisonneuve fracture
traumatology_ankle fractures_46.txt	symptom	concept	1493	1515	tibiotalar subluxation
traumatology_ankle fractures_46.txt	symptom	concept	1528	1551	deltoid ligament damage
traumatology_ankle fractures_46.txt	disease	concept	1654	1674	Maisonneuve fracture
traumatology_ankle fractures_46.txt	procedure	concept	1712	1726	open reduction
traumatology_ankle fractures_46.txt	medication	concept	2210	2223	Acetaminophen
traumatology_ankle fractures_46.txt	medication	concept	2280	2289	Ibuprofen
traumatology_ankle fractures_46.txt	medication	concept	2349	2358	Cefazolin
traumatology_ankle fractures_46.txt	medication	concept	2442	2452	Enoxaparin
traumatology_ankle fractures_46.txt	procedure	concept	2711	2725	Weight-bearing
traumatology_ankle fractures_46.txt	procedure	concept	2870	2883	physiotherapy
traumatology_ankle fractures_46.txt	disease	concept	3436	3451	ankle fractures
traumatology_ankle fractures_46.txt	disease	concept	3509	3518	fractures
traumatology_ankle fractures_46.txt	medication	concept	3626	3639	Acetaminophen
traumatology_ankle fractures_46.txt	symptom	concept	3685	3689	pain
traumatology_ankle fractures_46.txt	medication	concept	3695	3704	Ibuprofen
traumatology_ankle fractures_46.txt	symptom	concept	3749	3761	inflammation
traumatology_ankle fractures_46.txt	symptom	concept	4186	4190	pain
traumatology_ankle fractures_46.txt	symptom	concept	4192	4199	redness
traumatology_ankle fractures_46.txt	symptom	concept	4201	4209	swelling
traumatology_ankle fractures_46.txt	symptom	concept	4214	4222	drainage
traumatology_ankle fractures_47.txt	symptom	concept	463	473	tenderness
traumatology_ankle fractures_47.txt	symptom	concept	475	483	swelling
traumatology_ankle fractures_47.txt	symptom	concept	1095	1117	tibiotalar subluxation
traumatology_ankle fractures_47.txt	disease	concept	1136	1156	Maisonneuve fracture
traumatology_ankle fractures_47.txt	procedure	concept	1208	1219	knee X-rays
traumatology_ankle fractures_47.txt	medication	concept	1693	1702	Ibuprofen
traumatology_ankle fractures_47.txt	medication	concept	1728	1741	Acetaminophen
traumatology_ankle fractures_47.txt	symptom	concept	1843	1870	gastrointestinal discomfort
traumatology_ankle fractures_47.txt	medication	concept	2649	2658	Ibuprofen
traumatology_ankle fractures_47.txt	medication	concept	2735	2748	Acetaminophen
traumatology_ankle fractures_47.txt	symptom	concept	2785	2789	pain
traumatology_ankle fractures_47.txt	symptom	concept	2901	2909	swelling
traumatology_ankle fractures_47.txt	symptom	concept	3006	3010	pain
traumatology_ankle fractures_47.txt	symptom	concept	3015	3023	swelling
traumatology_ankle fractures_47.txt	symptom	concept	3275	3282	redness
traumatology_ankle fractures_47.txt	symptom	concept	3284	3292	swelling
traumatology_ankle fractures_47.txt	symptom	concept	3294	3300	warmth
traumatology_ankle fractures_47.txt	symptom	concept	3305	3314	discharge
traumatology_ankle fractures_47.txt	procedure	concept	3660	3674	ORIF procedure
traumatology_ankle fractures_47.txt	disease	concept	3807	3816	arthritis
traumatology_ankle fractures_48.txt	symptom	concept	610	618	swelling
traumatology_ankle fractures_48.txt	procedure	concept	645	665	Physical Examination
traumatology_ankle fractures_48.txt	symptom	concept	1202	1217	bone tenderness
traumatology_ankle fractures_48.txt	medication	concept	1373	1376	ice
traumatology_ankle fractures_48.txt	procedure	concept	1378	1387	elevation
traumatology_ankle fractures_48.txt	medication	concept	1393	1403	analgesics
traumatology_ankle fractures_48.txt	symptom	concept	1864	1872	crutches
traumatology_ankle fractures_48.txt	medication	concept	1908	1917	Ibuprofen
traumatology_ankle fractures_48.txt	medication	concept	1999	2012	Acetaminophen
traumatology_ankle fractures_48.txt	symptom	concept	2056	2060	pain
traumatology_ankle fractures_48.txt	procedure	concept	2628	2642	immobilization
traumatology_ankle fractures_48.txt	symptom	concept	2672	2681	prognosis
traumatology_ankle fractures_48.txt	disease	concept	2760	2769	arthritis
traumatology_ankle fractures_48.txt	symptom	concept	3130	3138	swelling
traumatology_ankle fractures_48.txt	symptom	concept	3219	3227	swelling
traumatology_ankle fractures_48.txt	symptom	concept	3356	3360	pain
traumatology_ankle fractures_48.txt	symptom	concept	3362	3370	swelling
traumatology_ankle fractures_48.txt	symptom	concept	3372	3379	redness
traumatology_ankle fractures_49.txt	symptom	concept	613	623	tenderness
traumatology_ankle fractures_49.txt	procedure	concept	1462	1499	open reduction with internal fixation
traumatology_ankle fractures_49.txt	medication	concept	1756	1769	Acetaminophen
traumatology_ankle fractures_49.txt	medication	concept	1805	1814	Ibuprofen
traumatology_ankle fractures_49.txt	symptom	concept	1846	1858	inflammation
traumatology_ankle fractures_49.txt	medication	concept	1892	1902	Enoxaparin
traumatology_ankle fractures_49.txt	disease	concept	1949	1969	deep vein thrombosis
traumatology_ankle fractures_49.txt	medication	concept	2074	2089	Cefazolin 1g IV
traumatology_ankle fractures_49.txt	symptom	concept	2419	2427	mobility
traumatology_ankle fractures_49.txt	medication	concept	2622	2635	Acetaminophen
traumatology_ankle fractures_49.txt	medication	concept	2698	2707	Ibuprofen
traumatology_ankle fractures_49.txt	procedure	concept	2783	2797	weight-bearing
traumatology_ankle fractures_49.txt	disease	concept	2986	2995	infection
traumatology_ankle fractures_49.txt	disease	concept	2999	3002	DVT
traumatology_ankle fractures_49.txt	medication	concept	3237	3248	medications
traumatology_ankle fractures_49.txt	symptom	concept	3529	3533	pain
traumatology_ankle fractures_49.txt	symptom	concept	3535	3543	swelling
traumatology_ankle fractures_49.txt	symptom	concept	3545	3552	redness
traumatology_ankle fractures_49.txt	symptom	concept	3554	3559	fever
traumatology_ankle fractures_49.txt	disease	concept	3587	3590	DVT
traumatology_ankle fractures_49.txt	symptom	concept	3598	3606	leg pain
traumatology_ankle fractures_49.txt	symptom	concept	3608	3616	swelling
traumatology_ankle fractures_49.txt	symptom	concept	3621	3628	redness
traumatology_ankle fractures_49.txt	procedure	concept	3712	3726	ORIF procedure
traumatology_ankle fractures_49.txt	disease	concept	3931	3940	arthritis
traumatology_ankle fractures_5.txt	medication	concept	1920	1929	Ibuprofen
traumatology_ankle fractures_5.txt	symptom	concept	1962	1966	pain
traumatology_ankle fractures_5.txt	medication	concept	2026	2039	Acetaminophen
traumatology_ankle fractures_5.txt	medication	concept	2149	2159	Cephalexin
traumatology_ankle fractures_5.txt	disease	concept	2222	2245	surgical site infection
traumatology_ankle fractures_5.txt	procedure	concept	2687	2703	wound inspection
traumatology_ankle fractures_5.txt	disease	concept	2998	3013	ankle fractures
traumatology_ankle fractures_5.txt	procedure	concept	3058	3082	rehabilitation protocols
traumatology_ankle fractures_5.txt	disease	concept	3130	3139	arthritis
traumatology_ankle fractures_5.txt	medication	concept	3244	3255	medications
traumatology_ankle fractures_5.txt	symptom	concept	3499	3503	pain
traumatology_ankle fractures_5.txt	symptom	concept	3508	3516	swelling
traumatology_ankle fractures_6.txt	symptom	concept	1304	1326	tibiotalar subluxation
traumatology_ankle fractures_6.txt	procedure	concept	1530	1547	internal fixation
traumatology_ankle fractures_6.txt	medication	concept	1817	1826	Cefazolin
traumatology_ankle fractures_6.txt	medication	concept	1878	1891	Acetaminophen
traumatology_ankle fractures_6.txt	medication	concept	1935	1944	Ibuprofen
traumatology_ankle fractures_6.txt	symptom	concept	1982	1986	pain
traumatology_ankle fractures_6.txt	medication	concept	2008	2018	Enoxaparin
traumatology_ankle fractures_6.txt	medication	concept	2785	2798	acetaminophen
traumatology_ankle fractures_6.txt	medication	concept	2803	2812	ibuprofen
traumatology_ankle fractures_6.txt	symptom	concept	3011	3018	redness
traumatology_ankle fractures_6.txt	symptom	concept	3020	3028	swelling
traumatology_ankle fractures_6.txt	symptom	concept	3033	3042	discharge
traumatology_ankle fractures_6.txt	symptom	concept	3314	3323	arthritis
traumatology_ankle fractures_6.txt	procedure	concept	3437	3460	rehabilitation protocol
traumatology_ankle fractures_7.txt	symptom	concept	504	512	swelling
traumatology_ankle fractures_7.txt	disease	concept	1499	1519	Maisonneuve fracture
traumatology_ankle fractures_7.txt	medication	concept	2167	2180	Acetaminophen
traumatology_ankle fractures_7.txt	medication	concept	2206	2215	Oxycodone
traumatology_ankle fractures_7.txt	disease	concept	2292	2312	deep vein thrombosis
traumatology_ankle fractures_7.txt	medication	concept	2314	2324	Enoxaparin
traumatology_ankle fractures_7.txt	medication	concept	2879	2892	Acetaminophen
traumatology_ankle fractures_7.txt	medication	concept	2945	2954	Oxycodone
traumatology_ankle fractures_7.txt	medication	concept	3012	3022	Enoxaparin
traumatology_ankle fractures_7.txt	procedure	concept	3434	3450	wound inspection
traumatology_ankle fractures_7.txt	procedure	concept	3959	3979	Orthopedic follow-up
traumatology_ankle fractures_7.txt	procedure	concept	4021	4035	rehabilitation
traumatology_ankle fractures_7.txt	disease	concept	4060	4069	infection
traumatology_ankle fractures_8.txt	symptom	concept	511	521	tenderness
traumatology_ankle fractures_8.txt	symptom	concept	915	937	tibiotalar subluxation
traumatology_ankle fractures_8.txt	procedure	concept	1209	1221	dorsiflexion
traumatology_ankle fractures_8.txt	medication	concept	1795	1804	Ibuprofen
traumatology_ankle fractures_8.txt	medication	concept	1862	1875	Acetaminophen
traumatology_ankle fractures_8.txt	medication	concept	1933	1943	Cephalexin
traumatology_ankle fractures_8.txt	symptom	concept	2141	2150	infection
traumatology_ankle fractures_8.txt	medication	concept	2254	2265	medications
traumatology_ankle fractures_8.txt	symptom	concept	2283	2292	infection
traumatology_ankle fractures_8.txt	symptom	concept	2405	2413	swelling
traumatology_ankle fractures_8.txt	symptom	concept	2507	2518	circulation
traumatology_ankle fractures_8.txt	symptom	concept	2531	2540	stiffness
traumatology_ankle fractures_8.txt	procedure	concept	2840	2854	rehabilitation
traumatology_ankle fractures_8.txt	procedure	concept	3340	3354	rehabilitation
traumatology_ankle fractures_8.txt	medication	concept	3654	3663	Ibuprofen
traumatology_ankle fractures_8.txt	medication	concept	3730	3743	Acetaminophen
traumatology_ankle fractures_8.txt	symptom	concept	3787	3791	pain
traumatology_ankle fractures_8.txt	procedure	concept	4126	4135	emergency
traumatology_ankle fractures_8.txt	symptom	concept	4188	4193	fever
traumatology_ankle fractures_8.txt	symptom	concept	4205	4209	pain
traumatology_ankle fractures_8.txt	symptom	concept	4211	4219	swelling
traumatology_ankle fractures_9.txt	symptom	concept	403	411	swelling
traumatology_ankle fractures_9.txt	symptom	concept	835	845	tenderness
traumatology_ankle fractures_9.txt	symptom	concept	889	904	bone tenderness
traumatology_ankle fractures_9.txt	symptom	concept	1289	1311	tibiotalar subluxation
traumatology_ankle fractures_9.txt	disease	concept	1507	1533	Bimalleolar ankle fracture
traumatology_ankle fractures_9.txt	medication	concept	1960	1973	Acetaminophen
traumatology_ankle fractures_9.txt	medication	concept	1999	2008	Ibuprofen
traumatology_ankle fractures_9.txt	medication	concept	2096	2120	Prophylactic antibiotics
traumatology_ankle fractures_9.txt	medication	concept	2277	2287	Enoxaparin
traumatology_ankle fractures_9.txt	symptom	concept	2725	2733	swelling
traumatology_ankle fractures_9.txt	procedure	concept	2844	2858	Discharge Plan
traumatology_ankle fractures_9.txt	medication	concept	2945	2958	Acetaminophen
traumatology_ankle fractures_9.txt	medication	concept	3000	3009	Ibuprofen
traumatology_ankle fractures_9.txt	symptom	concept	3045	3049	pain
traumatology_ankle fractures_9.txt	medication	concept	3055	3065	Enoxaparin
traumatology_ankle fractures_9.txt	procedure	concept	3444	3465	surgical intervention
traumatology_ankle fractures_9.txt	disease	concept	3577	3586	arthritis
traumatology_ankle fractures_9.txt	symptom	concept	3827	3831	pain
traumatology_ankle fractures_9.txt	symptom	concept	3844	3855	blood clots
traumatology_distal humeral fractures_0.txt	symptom	concept	644	657	consciousness
traumatology_distal humeral fractures_0.txt	symptom	concept	659	665	nausea
traumatology_distal humeral fractures_0.txt	medication	concept	1747	1762	Cefazolin 1g IV
traumatology_distal humeral fractures_0.txt	medication	concept	1862	1875	Acetaminophen
traumatology_distal humeral fractures_0.txt	medication	concept	1904	1913	Ibuprofen
traumatology_distal humeral fractures_0.txt	medication	concept	1947	1956	Oxycodone
traumatology_distal humeral fractures_0.txt	medication	concept	2549	2562	Acetaminophen
traumatology_distal humeral fractures_0.txt	medication	concept	2591	2600	Ibuprofen
traumatology_distal humeral fractures_0.txt	medication	concept	2648	2657	Oxycodone
traumatology_distal humeral fractures_0.txt	procedure	concept	2767	2784	surgical incision
traumatology_distal humeral fractures_0.txt	symptom	concept	3443	3447	pain
traumatology_distal humeral fractures_0.txt	symptom	concept	3449	3457	swelling
traumatology_distal humeral fractures_0.txt	symptom	concept	3459	3466	redness
traumatology_distal humeral fractures_0.txt	symptom	concept	3468	3476	drainage
traumatology_distal humeral fractures_0.txt	disease	concept	3823	3836	complications
traumatology_distal humeral fractures_1.txt	disease	concept	262	286	Distal Humeral Fractures
traumatology_distal humeral fractures_1.txt	procedure	concept	1360	1374	open reduction
traumatology_distal humeral fractures_1.txt	disease	concept	1418	1434	humeral fracture
traumatology_distal humeral fractures_1.txt	medication	concept	1547	1560	acetaminophen
traumatology_distal humeral fractures_1.txt	symptom	concept	1631	1639	swelling
traumatology_distal humeral fractures_1.txt	procedure	concept	1810	1830	postoperative course
traumatology_distal humeral fractures_1.txt	medication	concept	1892	1902	cephalexin
traumatology_distal humeral fractures_1.txt	medication	concept	1960	1969	oxycodone
traumatology_distal humeral fractures_1.txt	symptom	concept	2159	2183	neurovascular compromise
traumatology_distal humeral fractures_1.txt	procedure	concept	2218	2225	surgery
traumatology_distal humeral fractures_1.txt	symptom	concept	2355	2364	stiffness
traumatology_distal humeral fractures_1.txt	medication	concept	2469	2479	cephalexin
traumatology_distal humeral fractures_1.txt	medication	concept	2536	2545	oxycodone
traumatology_distal humeral fractures_1.txt	medication	concept	2628	2641	acetaminophen
traumatology_distal humeral fractures_1.txt	symptom	concept	2666	2670	pain
traumatology_distal humeral fractures_1.txt	procedure	concept	3048	3064	Physical Therapy
traumatology_distal humeral fractures_1.txt	procedure	concept	3247	3262	surgical repair
traumatology_distal humeral fractures_1.txt	procedure	concept	3367	3372	x-ray
traumatology_distal humeral fractures_1.txt	procedure	concept	3649	3665	physical therapy
traumatology_distal humeral fractures_1.txt	symptom	concept	3818	3827	infection
traumatology_distal humeral fractures_1.txt	symptom	concept	3829	3837	nonunion
traumatology_distal humeral fractures_1.txt	symptom	concept	3842	3866	neurovascular impairment
traumatology_distal humeral fractures_10.txt	symptom	concept	519	523	pain
traumatology_distal humeral fractures_10.txt	symptom	concept	525	533	swelling
traumatology_distal humeral fractures_10.txt	symptom	concept	799	809	tenderness
traumatology_distal humeral fractures_10.txt	procedure	concept	901	926	neurovascular examination
traumatology_distal humeral fractures_10.txt	medication	concept	1959	1972	Acetaminophen
traumatology_distal humeral fractures_10.txt	medication	concept	2016	2025	Ibuprofen
traumatology_distal humeral fractures_10.txt	medication	concept	2158	2168	Cephalexin
traumatology_distal humeral fractures_10.txt	medication	concept	2773	2795	prescribed medications
traumatology_distal humeral fractures_10.txt	procedure	concept	3925	3945	physical examination
traumatology_distal humeral fractures_10.txt	medication	concept	4008	4029	Discharge Medications
traumatology_distal humeral fractures_10.txt	medication	concept	4037	4050	Acetaminophen
traumatology_distal humeral fractures_10.txt	medication	concept	4109	4118	Ibuprofen
traumatology_distal humeral fractures_10.txt	medication	concept	4181	4191	Cephalexin
traumatology_distal humeral fractures_11.txt	medication	concept	1140	1159	IV morphine sulfate
traumatology_distal humeral fractures_11.txt	procedure	concept	1243	1268	neurovascular examination
traumatology_distal humeral fractures_11.txt	symptom	concept	1314	1326	nerve damage
traumatology_distal humeral fractures_11.txt	symptom	concept	1342	1352	blood flow
traumatology_distal humeral fractures_11.txt	medication	concept	1860	1875	Cefazolin 1g IV
traumatology_distal humeral fractures_11.txt	medication	concept	1968	1977	Oxycodone
traumatology_distal humeral fractures_11.txt	medication	concept	2046	2074	low molecular weight heparin
traumatology_distal humeral fractures_11.txt	medication	concept	2477	2486	Oxycodone
traumatology_distal humeral fractures_11.txt	medication	concept	2532	2541	Ibuprofen
traumatology_distal humeral fractures_11.txt	symptom	concept	2591	2603	inflammation
traumatology_distal humeral fractures_11.txt	symptom	concept	2714	2721	redness
traumatology_distal humeral fractures_11.txt	symptom	concept	2723	2731	swelling
traumatology_distal humeral fractures_11.txt	symptom	concept	2736	2745	discharge
traumatology_distal humeral fractures_12.txt	symptom	concept	588	596	swelling
traumatology_distal humeral fractures_12.txt	procedure	concept	997	1022	neurovascular examination
traumatology_distal humeral fractures_12.txt	symptom	concept	1068	1080	nerve damage
traumatology_distal humeral fractures_12.txt	medication	concept	1534	1547	Acetaminophen
traumatology_distal humeral fractures_12.txt	medication	concept	1618	1627	Cefazolin
traumatology_distal humeral fractures_12.txt	symptom	concept	1809	1816	healing
traumatology_distal humeral fractures_12.txt	symptom	concept	1918	1932	joint mobility
traumatology_distal humeral fractures_12.txt	symptom	concept	1945	1954	stiffness
traumatology_distal humeral fractures_12.txt	medication	concept	2134	2147	Acetaminophen
traumatology_distal humeral fractures_12.txt	symptom	concept	2925	2932	redness
traumatology_distal humeral fractures_12.txt	symptom	concept	2934	2942	swelling
traumatology_distal humeral fractures_12.txt	symptom	concept	2947	2956	discharge
traumatology_distal humeral fractures_12.txt	symptom	concept	3111	3116	fever
traumatology_distal humeral fractures_12.txt	procedure	concept	3444	3465	surgical intervention
traumatology_distal humeral fractures_12.txt	procedure	concept	3484	3502	postoperative care
traumatology_distal humeral fractures_12.txt	procedure	concept	3566	3575	discharge
traumatology_distal humeral fractures_13.txt	symptom	concept	587	595	swelling
traumatology_distal humeral fractures_13.txt	symptom	concept	600	610	tenderness
traumatology_distal humeral fractures_13.txt	symptom	concept	700	722	posterior fat pad sign
traumatology_distal humeral fractures_13.txt	symptom	concept	738	752	joint effusion
traumatology_distal humeral fractures_13.txt	procedure	concept	892	917	neurovascular examination
traumatology_distal humeral fractures_13.txt	medication	concept	1381	1391	analgesics
traumatology_distal humeral fractures_13.txt	medication	concept	1413	1426	Acetaminophen
traumatology_distal humeral fractures_13.txt	symptom	concept	1469	1473	pain
traumatology_distal humeral fractures_13.txt	medication	concept	1478	1487	Ibuprofen
traumatology_distal humeral fractures_13.txt	symptom	concept	1530	1538	swelling
traumatology_distal humeral fractures_13.txt	medication	concept	1999	2009	Cephalexin
traumatology_distal humeral fractures_13.txt	symptom	concept	2343	2347	pain
traumatology_distal humeral fractures_13.txt	symptom	concept	2352	2360	swelling
traumatology_distal humeral fractures_13.txt	procedure	concept	2483	2496	physiotherapy
traumatology_distal humeral fractures_13.txt	procedure	concept	2580	2592	cast removal
traumatology_distal humeral fractures_13.txt	medication	concept	2768	2781	Acetaminophen
traumatology_distal humeral fractures_13.txt	medication	concept	2824	2833	Ibuprofen
traumatology_distal humeral fractures_13.txt	procedure	concept	2988	3000	cast removal
traumatology_distal humeral fractures_13.txt	procedure	concept	3063	3076	physiotherapy
traumatology_distal humeral fractures_13.txt	symptom	concept	3324	3332	swelling
traumatology_distal humeral fractures_13.txt	symptom	concept	3385	3392	redness
traumatology_distal humeral fractures_13.txt	symptom	concept	3394	3400	warmth
traumatology_distal humeral fractures_13.txt	symptom	concept	3402	3407	fever
traumatology_distal humeral fractures_13.txt	symptom	concept	3747	3755	numbness
traumatology_distal humeral fractures_13.txt	symptom	concept	3770	3778	mobility
traumatology_distal humeral fractures_13.txt	procedure	concept	3957	3978	surgical intervention
traumatology_distal humeral fractures_13.txt	procedure	concept	4145	4167	follow-up appointments
traumatology_distal humeral fractures_13.txt	symptom	concept	4230	4243	complications
traumatology_distal humeral fractures_14.txt	symptom	concept	477	481	pain
traumatology_distal humeral fractures_14.txt	symptom	concept	483	491	swelling
traumatology_distal humeral fractures_14.txt	medication	concept	1512	1523	IV Morphine
traumatology_distal humeral fractures_14.txt	medication	concept	1595	1608	Acetaminophen
traumatology_distal humeral fractures_14.txt	medication	concept	1634	1643	Ibuprofen
traumatology_distal humeral fractures_14.txt	medication	concept	1685	1694	Cefazolin
traumatology_distal humeral fractures_14.txt	medication	concept	2266	2279	Acetaminophen
traumatology_distal humeral fractures_14.txt	medication	concept	2305	2314	Ibuprofen
traumatology_distal humeral fractures_14.txt	symptom	concept	2350	2354	pain
traumatology_distal humeral fractures_14.txt	procedure	concept	2385	2402	surgical incision
traumatology_distal humeral fractures_14.txt	symptom	concept	3073	3077	pain
traumatology_distal humeral fractures_14.txt	symptom	concept	3079	3087	swelling
traumatology_distal humeral fractures_14.txt	symptom	concept	3092	3099	redness
traumatology_distal humeral fractures_14.txt	disease	concept	3137	3146	infection
traumatology_distal humeral fractures_14.txt	symptom	concept	3155	3160	fever
traumatology_distal humeral fractures_14.txt	symptom	concept	3162	3168	chills
traumatology_distal humeral fractures_14.txt	symptom	concept	3173	3182	discharge
traumatology_distal humeral fractures_14.txt	symptom	concept	3204	3212	Numbness
traumatology_distal humeral fractures_14.txt	symptom	concept	3214	3222	tingling
traumatology_distal humeral fractures_14.txt	procedure	concept	3919	3941	follow-up appointments
traumatology_distal humeral fractures_15.txt	procedure	concept	510	533	radiographic assessment
traumatology_distal humeral fractures_15.txt	procedure	concept	1309	1330	surgical intervention
traumatology_distal humeral fractures_15.txt	procedure	concept	1359	1373	open reduction
traumatology_distal humeral fractures_15.txt	medication	concept	1626	1635	Ibuprofen
traumatology_distal humeral fractures_15.txt	medication	concept	1697	1708	Paracetamol
traumatology_distal humeral fractures_15.txt	medication	concept	1772	1782	Cephalexin
traumatology_distal humeral fractures_15.txt	disease	concept	1852	1861	infection
traumatology_distal humeral fractures_15.txt	medication	concept	2597	2608	medications
traumatology_distal humeral fractures_15.txt	symptom	concept	2691	2695	pain
traumatology_distal humeral fractures_15.txt	procedure	concept	2891	2905	limb elevation
traumatology_distal humeral fractures_15.txt	symptom	concept	2916	2924	swelling
traumatology_distal humeral fractures_16.txt	symptom	concept	350	354	pain
traumatology_distal humeral fractures_16.txt	symptom	concept	359	367	swelling
traumatology_distal humeral fractures_16.txt	procedure	concept	840	865	neurovascular examination
traumatology_distal humeral fractures_16.txt	procedure	concept	1697	1722	neurovascular observation
traumatology_distal humeral fractures_16.txt	medication	concept	2041	2050	Cefazolin
traumatology_distal humeral fractures_16.txt	medication	concept	2135	2148	Acetaminophen
traumatology_distal humeral fractures_16.txt	medication	concept	2198	2207	Ibuprofen
traumatology_distal humeral fractures_16.txt	medication	concept	2267	2276	Oxycodone
traumatology_distal humeral fractures_16.txt	medication	concept	2944	2957	Acetaminophen
traumatology_distal humeral fractures_16.txt	medication	concept	3008	3017	Ibuprofen
traumatology_distal humeral fractures_16.txt	symptom	concept	3060	3072	inflammation
traumatology_distal humeral fractures_16.txt	medication	concept	3076	3085	Oxycodone
traumatology_distal humeral fractures_16.txt	symptom	concept	3133	3137	pain
traumatology_distal humeral fractures_16.txt	symptom	concept	3293	3302	infection
traumatology_distal humeral fractures_16.txt	symptom	concept	3314	3322	swelling
traumatology_distal humeral fractures_16.txt	symptom	concept	3355	3363	movement
traumatology_distal humeral fractures_16.txt	symptom	concept	3916	3940	neurovascular compromise
traumatology_distal humeral fractures_16.txt	symptom	concept	3944	3953	infection
traumatology_distal humeral fractures_17.txt	symptom	concept	745	753	headache
traumatology_distal humeral fractures_17.txt	medication	concept	1955	1968	Acetaminophen
traumatology_distal humeral fractures_17.txt	medication	concept	1996	2005	Ibuprofen
traumatology_distal humeral fractures_17.txt	procedure	concept	2081	2095	open reduction
traumatology_distal humeral fractures_17.txt	medication	concept	2340	2350	Cephalexin
traumatology_distal humeral fractures_17.txt	medication	concept	2432	2441	Oxycodone
traumatology_distal humeral fractures_17.txt	medication	concept	2495	2508	Acetaminophen
traumatology_distal humeral fractures_17.txt	medication	concept	2513	2522	Ibuprofen
traumatology_distal humeral fractures_17.txt	symptom	concept	2851	2855	pain
traumatology_distal humeral fractures_17.txt	symptom	concept	2860	2868	mobility
traumatology_distal humeral fractures_17.txt	medication	concept	3047	3060	Acetaminophen
traumatology_distal humeral fractures_17.txt	symptom	concept	3107	3111	pain
traumatology_distal humeral fractures_17.txt	medication	concept	3119	3128	Ibuprofen
traumatology_distal humeral fractures_17.txt	symptom	concept	3173	3185	inflammation
traumatology_distal humeral fractures_17.txt	symptom	concept	3190	3194	pain
traumatology_distal humeral fractures_17.txt	medication	concept	3202	3212	Cephalexin
traumatology_distal humeral fractures_17.txt	symptom	concept	3875	3882	redness
traumatology_distal humeral fractures_17.txt	symptom	concept	3884	3892	swelling
traumatology_distal humeral fractures_17.txt	symptom	concept	3894	3900	warmth
traumatology_distal humeral fractures_17.txt	symptom	concept	3905	3914	discharge
traumatology_distal humeral fractures_17.txt	symptom	concept	3943	3948	fever
traumatology_distal humeral fractures_17.txt	symptom	concept	4054	4058	pain
traumatology_distal humeral fractures_17.txt	symptom	concept	4063	4071	swelling
traumatology_distal humeral fractures_17.txt	procedure	concept	4132	4154	follow-up appointments
traumatology_distal humeral fractures_18.txt	symptom	concept	702	715	consciousness
traumatology_distal humeral fractures_18.txt	symptom	concept	717	725	headache
traumatology_distal humeral fractures_18.txt	symptom	concept	727	736	dizziness
traumatology_distal humeral fractures_18.txt	symptom	concept	821	829	swelling
traumatology_distal humeral fractures_18.txt	symptom	concept	834	844	tenderness
traumatology_distal humeral fractures_18.txt	procedure	concept	958	983	neurovascular examination
traumatology_distal humeral fractures_18.txt	symptom	concept	1258	1272	joint effusion
traumatology_distal humeral fractures_18.txt	medication	concept	1719	1732	Acetaminophen
traumatology_distal humeral fractures_18.txt	medication	concept	1758	1767	Ibuprofen
traumatology_distal humeral fractures_18.txt	medication	concept	2142	2155	Acetaminophen
traumatology_distal humeral fractures_18.txt	medication	concept	2181	2190	Oxycodone
traumatology_distal humeral fractures_18.txt	medication	concept	2430	2437	opioids
traumatology_distal humeral fractures_18.txt	medication	concept	2441	2478	non-steroidal anti-inflammatory drugs
traumatology_distal humeral fractures_18.txt	medication	concept	2480	2486	NSAIDs
traumatology_distal humeral fractures_18.txt	medication	concept	2503	2516	acetaminophen
traumatology_distal humeral fractures_18.txt	medication	concept	2596	2605	Cefazolin
traumatology_distal humeral fractures_18.txt	procedure	concept	2840	2856	physical therapy
traumatology_distal humeral fractures_18.txt	medication	concept	3001	3014	Acetaminophen
traumatology_distal humeral fractures_18.txt	medication	concept	3058	3067	Ibuprofen
traumatology_distal humeral fractures_18.txt	medication	concept	3115	3132	Calcium Carbonate
traumatology_distal humeral fractures_18.txt	medication	concept	3165	3175	Vitamin D3
traumatology_distal humeral fractures_18.txt	procedure	concept	3358	3363	x-ray
traumatology_distal humeral fractures_18.txt	medication	concept	3604	3615	medications
traumatology_distal humeral fractures_18.txt	symptom	concept	3725	3730	fever
traumatology_distal humeral fractures_18.txt	symptom	concept	3742	3749	redness
traumatology_distal humeral fractures_18.txt	disease	concept	4135	4144	infection
traumatology_distal humeral fractures_18.txt	symptom	concept	4149	4161	nerve damage
traumatology_distal humeral fractures_19.txt	symptom	concept	461	465	pain
traumatology_distal humeral fractures_19.txt	symptom	concept	535	543	swelling
traumatology_distal humeral fractures_19.txt	symptom	concept	548	557	deformity
traumatology_distal humeral fractures_19.txt	procedure	concept	696	721	neurovascular examination
traumatology_distal humeral fractures_19.txt	symptom	concept	751	768	distal pulsations
traumatology_distal humeral fractures_19.txt	symptom	concept	993	1007	joint effusion
traumatology_distal humeral fractures_19.txt	medication	concept	1882	1895	Acetaminophen
traumatology_distal humeral fractures_19.txt	medication	concept	1930	1939	Ibuprofen
traumatology_distal humeral fractures_19.txt	medication	concept	2051	2062	Antibiotics
traumatology_distal humeral fractures_19.txt	medication	concept	2064	2080	Cefazolin 1 g IV
traumatology_distal humeral fractures_19.txt	procedure	concept	2207	2221	Rehabilitation
traumatology_distal humeral fractures_19.txt	symptom	concept	2350	2364	joint mobility
traumatology_distal humeral fractures_19.txt	symptom	concept	2377	2386	stiffness
traumatology_distal humeral fractures_19.txt	symptom	concept	3197	3201	pain
traumatology_distal humeral fractures_19.txt	symptom	concept	3203	3211	swelling
traumatology_distal humeral fractures_19.txt	symptom	concept	3273	3282	sensation
traumatology_distal humeral fractures_19.txt	symptom	concept	3286	3297	circulation
traumatology_distal humeral fractures_19.txt	medication	concept	3352	3365	Acetaminophen
traumatology_distal humeral fractures_19.txt	symptom	concept	3410	3414	pain
traumatology_distal humeral fractures_19.txt	medication	concept	3420	3429	Ibuprofen
traumatology_distal humeral fractures_19.txt	symptom	concept	3472	3476	pain
traumatology_distal humeral fractures_19.txt	symptom	concept	3481	3493	inflammation
traumatology_distal humeral fractures_19.txt	medication	concept	3499	3509	Cephalexin
traumatology_distal humeral fractures_19.txt	disease	concept	3575	3584	infection
traumatology_distal humeral fractures_19.txt	procedure	concept	3735	3756	surgical intervention
traumatology_distal humeral fractures_2.txt	disease	concept	324	348	Distal Humeral Fractures
traumatology_distal humeral fractures_2.txt	symptom	concept	516	520	pain
traumatology_distal humeral fractures_2.txt	procedure	concept	1274	1311	open reduction with internal fixation
traumatology_distal humeral fractures_2.txt	disease	concept	1425	1438	complications
traumatology_distal humeral fractures_2.txt	medication	concept	1586	1597	antibiotics
traumatology_distal humeral fractures_2.txt	disease	concept	1609	1618	infection
traumatology_distal humeral fractures_2.txt	medication	concept	1620	1629	Cefazolin
traumatology_distal humeral fractures_2.txt	medication	concept	1694	1705	Amoxicillin
traumatology_distal humeral fractures_2.txt	medication	concept	1763	1776	Acetaminophen
traumatology_distal humeral fractures_2.txt	medication	concept	1808	1817	Ibuprofen
traumatology_distal humeral fractures_2.txt	medication	concept	1851	1860	Oxycodone
traumatology_distal humeral fractures_2.txt	symptom	concept	2053	2062	stiffness
traumatology_distal humeral fractures_2.txt	medication	concept	2721	2732	Amoxicillin
traumatology_distal humeral fractures_2.txt	medication	concept	2775	2788	Acetaminophen
traumatology_distal humeral fractures_2.txt	medication	concept	2839	2848	Ibuprofen
traumatology_distal humeral fractures_2.txt	medication	concept	2907	2916	Oxycodone
traumatology_distal humeral fractures_2.txt	procedure	concept	3005	3021	physical therapy
traumatology_distal humeral fractures_20.txt	disease	concept	247	271	Distal Humeral Fractures
traumatology_distal humeral fractures_20.txt	symptom	concept	588	596	swelling
traumatology_distal humeral fractures_20.txt	symptom	concept	601	610	deformity
traumatology_distal humeral fractures_20.txt	medication	concept	1628	1637	Ibuprofen
traumatology_distal humeral fractures_20.txt	medication	concept	1694	1707	Acetaminophen
traumatology_distal humeral fractures_20.txt	medication	concept	1767	1777	Cephalexin
traumatology_distal humeral fractures_20.txt	symptom	concept	2165	2173	swelling
traumatology_distal humeral fractures_20.txt	medication	concept	2381	2390	Ibuprofen
traumatology_distal humeral fractures_20.txt	medication	concept	2402	2415	Acetaminophen
traumatology_distal humeral fractures_20.txt	symptom	concept	2890	2894	pain
traumatology_distal humeral fractures_20.txt	symptom	concept	2906	2911	fever
traumatology_distal humeral fractures_20.txt	symptom	concept	3279	3287	swelling
traumatology_distal humeral fractures_20.txt	procedure	concept	3468	3489	surgical intervention
traumatology_distal humeral fractures_21.txt	disease	concept	338	362	Distal Humeral Fractures
traumatology_distal humeral fractures_21.txt	symptom	concept	574	578	pain
traumatology_distal humeral fractures_21.txt	symptom	concept	583	591	swelling
traumatology_distal humeral fractures_21.txt	procedure	concept	1257	1282	neurovascular examination
traumatology_distal humeral fractures_21.txt	disease	concept	1560	1584	distal humeral fractures
traumatology_distal humeral fractures_21.txt	medication	concept	1864	1879	Cefazolin 1g IV
traumatology_distal humeral fractures_21.txt	medication	concept	1999	2008	Oxycodone
traumatology_distal humeral fractures_21.txt	medication	concept	2057	2066	Ibuprofen
traumatology_distal humeral fractures_21.txt	medication	concept	2143	2153	Enoxaparin
traumatology_distal humeral fractures_21.txt	medication	concept	2789	2800	medications
traumatology_distal humeral fractures_21.txt	disease	concept	2888	2897	infection
traumatology_distal humeral fractures_21.txt	procedure	concept	3045	3059	suture removal
traumatology_distal humeral fractures_21.txt	symptom	concept	3187	3191	pain
traumatology_distal humeral fractures_21.txt	procedure	concept	3688	3699	splint care
traumatology_distal humeral fractures_21.txt	procedure	concept	3705	3727	follow-up appointments
traumatology_distal humeral fractures_21.txt	medication	concept	4010	4019	Oxycodone
traumatology_distal humeral fractures_21.txt	medication	concept	4069	4078	Ibuprofen
traumatology_distal humeral fractures_21.txt	medication	concept	4138	4148	Enoxaparin
traumatology_distal humeral fractures_22.txt	symptom	concept	295	299	pain
traumatology_distal humeral fractures_22.txt	symptom	concept	550	558	swelling
traumatology_distal humeral fractures_22.txt	procedure	concept	617	637	physical examination
traumatology_distal humeral fractures_22.txt	procedure	concept	777	802	neurovascular examination
traumatology_distal humeral fractures_22.txt	symptom	concept	1484	1492	swelling
traumatology_distal humeral fractures_22.txt	medication	concept	1529	1542	Acetaminophen
traumatology_distal humeral fractures_22.txt	medication	concept	1570	1579	Ibuprofen
traumatology_distal humeral fractures_22.txt	procedure	concept	1786	1803	internal fixation
traumatology_distal humeral fractures_22.txt	medication	concept	1992	2001	Oxycodone
traumatology_distal humeral fractures_22.txt	medication	concept	2065	2078	Acetaminophen
traumatology_distal humeral fractures_22.txt	medication	concept	2083	2092	Ibuprofen
traumatology_distal humeral fractures_22.txt	medication	concept	2167	2182	Cefazolin 1g IV
traumatology_distal humeral fractures_22.txt	procedure	concept	2268	2284	Physical therapy
traumatology_distal humeral fractures_22.txt	medication	concept	2637	2650	Acetaminophen
traumatology_distal humeral fractures_22.txt	medication	concept	2676	2685	Ibuprofen
traumatology_distal humeral fractures_22.txt	symptom	concept	3477	3486	stiffness
traumatology_distal humeral fractures_22.txt	procedure	concept	3714	3726	ORIF surgery
traumatology_distal humeral fractures_23.txt	disease	concept	327	351	Distal Humeral Fractures
traumatology_distal humeral fractures_23.txt	symptom	concept	612	616	pain
traumatology_distal humeral fractures_23.txt	symptom	concept	618	626	swelling
traumatology_distal humeral fractures_23.txt	procedure	concept	1359	1396	open reduction with internal fixation
traumatology_distal humeral fractures_23.txt	medication	concept	1641	1654	Acetaminophen
traumatology_distal humeral fractures_23.txt	medication	concept	1680	1689	Ibuprofen
traumatology_distal humeral fractures_23.txt	symptom	concept	1868	1888	radial artery injury
traumatology_distal humeral fractures_23.txt	procedure	concept	1957	1982	neurovascular observation
traumatology_distal humeral fractures_23.txt	symptom	concept	2123	2132	stiffness
traumatology_distal humeral fractures_23.txt	symptom	concept	2242	2246	pain
traumatology_distal humeral fractures_23.txt	symptom	concept	2251	2259	swelling
traumatology_distal humeral fractures_23.txt	disease	concept	2350	2358	fracture
traumatology_distal humeral fractures_23.txt	medication	concept	2563	2576	Acetaminophen
traumatology_distal humeral fractures_23.txt	medication	concept	2602	2611	Ibuprofen
traumatology_distal humeral fractures_23.txt	symptom	concept	2647	2651	pain
traumatology_distal humeral fractures_23.txt	symptom	concept	2772	2778	weight
traumatology_distal humeral fractures_23.txt	symptom	concept	3097	3101	pain
traumatology_distal humeral fractures_23.txt	symptom	concept	3103	3111	swelling
traumatology_distal humeral fractures_23.txt	symptom	concept	3113	3118	fever
traumatology_distal humeral fractures_23.txt	symptom	concept	3132	3141	infection
traumatology_distal humeral fractures_23.txt	symptom	concept	3183	3192	sensation
traumatology_distal humeral fractures_23.txt	symptom	concept	3360	3367	healing
traumatology_distal humeral fractures_23.txt	medication	concept	3607	3620	Acetaminophen
traumatology_distal humeral fractures_23.txt	symptom	concept	3663	3667	pain
traumatology_distal humeral fractures_23.txt	medication	concept	3672	3681	Ibuprofen
traumatology_distal humeral fractures_23.txt	symptom	concept	3724	3728	pain
traumatology_distal humeral fractures_23.txt	procedure	concept	3872	3883	splint care
traumatology_distal humeral fractures_23.txt	procedure	concept	3885	3903	medication regimen
traumatology_distal humeral fractures_23.txt	disease	concept	4121	4144	distal humeral fracture
traumatology_distal humeral fractures_24.txt	symptom	concept	373	381	swelling
traumatology_distal humeral fractures_24.txt	symptom	concept	683	696	consciousness
traumatology_distal humeral fractures_24.txt	symptom	concept	698	706	headache
traumatology_distal humeral fractures_24.txt	disease	concept	1616	1639	distal humeral fracture
traumatology_distal humeral fractures_24.txt	procedure	concept	1853	1860	Surgery
traumatology_distal humeral fractures_24.txt	medication	concept	2234	2247	Acetaminophen
traumatology_distal humeral fractures_24.txt	medication	concept	2274	2283	Ibuprofen
traumatology_distal humeral fractures_24.txt	procedure	concept	3084	3109	physical therapy sessions
traumatology_distal humeral fractures_24.txt	symptom	concept	3336	3344	swelling
traumatology_distal humeral fractures_24.txt	symptom	concept	3364	3379	skin coloration
traumatology_distal humeral fractures_24.txt	symptom	concept	3441	3449	symptoms
traumatology_distal humeral fractures_25.txt	symptom	concept	564	568	pain
traumatology_distal humeral fractures_25.txt	symptom	concept	570	578	swelling
traumatology_distal humeral fractures_25.txt	disease	concept	774	797	distal humeral fracture
traumatology_distal humeral fractures_25.txt	medication	concept	1709	1722	Acetaminophen
traumatology_distal humeral fractures_25.txt	medication	concept	1749	1758	Ibuprofen
traumatology_distal humeral fractures_25.txt	medication	concept	1832	1841	Cefazolin
traumatology_distal humeral fractures_25.txt	medication	concept	1991	2001	Enoxaparin
traumatology_distal humeral fractures_25.txt	symptom	concept	2313	2320	healing
traumatology_distal humeral fractures_25.txt	symptom	concept	2333	2342	stiffness
traumatology_distal humeral fractures_25.txt	medication	concept	2535	2548	Acetaminophen
traumatology_distal humeral fractures_25.txt	medication	concept	2607	2616	Ibuprofen
traumatology_distal humeral fractures_25.txt	symptom	concept	2665	2669	pain
traumatology_distal humeral fractures_25.txt	symptom	concept	3174	3183	infection
traumatology_distal humeral fractures_25.txt	symptom	concept	3195	3199	pain
traumatology_distal humeral fractures_25.txt	symptom	concept	3651	3656	fever
traumatology_distal humeral fractures_25.txt	symptom	concept	3668	3675	redness
traumatology_distal humeral fractures_25.txt	procedure	concept	3999	4020	surgical intervention
traumatology_distal humeral fractures_25.txt	procedure	concept	4024	4038	rehabilitation
traumatology_distal humeral fractures_26.txt	disease	concept	504	527	distal humeral fracture
traumatology_distal humeral fractures_26.txt	procedure	concept	772	797	neurovascular examination
traumatology_distal humeral fractures_26.txt	disease	concept	1297	1312	occult fracture
traumatology_distal humeral fractures_26.txt	procedure	concept	1483	1506	orthopedic consultation
traumatology_distal humeral fractures_26.txt	procedure	concept	1555	1580	neurovascular observation
traumatology_distal humeral fractures_26.txt	medication	concept	1836	1849	Acetaminophen
traumatology_distal humeral fractures_26.txt	medication	concept	1901	1910	Ibuprofen
traumatology_distal humeral fractures_26.txt	symptom	concept	1949	1961	inflammation
traumatology_distal humeral fractures_26.txt	procedure	concept	2034	2051	internal fixation
traumatology_distal humeral fractures_26.txt	disease	concept	2066	2089	distal humeral fracture
traumatology_distal humeral fractures_26.txt	medication	concept	2148	2159	Antibiotics
traumatology_distal humeral fractures_26.txt	medication	concept	2207	2217	Cephalexin
traumatology_distal humeral fractures_26.txt	disease	concept	2282	2291	infection
traumatology_distal humeral fractures_26.txt	symptom	concept	2391	2405	joint mobility
traumatology_distal humeral fractures_26.txt	symptom	concept	2418	2427	stiffness
traumatology_distal humeral fractures_26.txt	symptom	concept	2507	2511	Pain
traumatology_distal humeral fractures_26.txt	symptom	concept	2516	2524	swelling
traumatology_distal humeral fractures_26.txt	medication	concept	2762	2773	Medications
traumatology_distal humeral fractures_26.txt	medication	concept	2786	2799	Acetaminophen
traumatology_distal humeral fractures_26.txt	medication	concept	2880	2890	Cephalexin
traumatology_distal humeral fractures_26.txt	symptom	concept	3135	3142	redness
traumatology_distal humeral fractures_26.txt	symptom	concept	3144	3152	swelling
traumatology_distal humeral fractures_26.txt	symptom	concept	3154	3160	warmth
traumatology_distal humeral fractures_26.txt	symptom	concept	3165	3174	discharge
traumatology_distal humeral fractures_26.txt	procedure	concept	3460	3476	physical therapy
traumatology_distal humeral fractures_27.txt	symptom	concept	432	440	swelling
traumatology_distal humeral fractures_27.txt	disease	concept	1508	1531	Distal Humeral Fracture
traumatology_distal humeral fractures_27.txt	disease	concept	1714	1737	distal humeral fracture
traumatology_distal humeral fractures_27.txt	medication	concept	1984	1997	Acetaminophen
traumatology_distal humeral fractures_27.txt	medication	concept	2025	2034	Ibuprofen
traumatology_distal humeral fractures_27.txt	procedure	concept	2157	2178	Surgical Intervention
traumatology_distal humeral fractures_27.txt	disease	concept	2287	2310	distal humeral fracture
traumatology_distal humeral fractures_27.txt	medication	concept	2552	2561	Oxycodone
traumatology_distal humeral fractures_27.txt	medication	concept	2675	2684	Cefazolin
traumatology_distal humeral fractures_27.txt	symptom	concept	2897	2906	stiffness
traumatology_distal humeral fractures_27.txt	medication	concept	3131	3144	Acetaminophen
traumatology_distal humeral fractures_27.txt	medication	concept	3192	3201	Ibuprofen
traumatology_distal humeral fractures_27.txt	symptom	concept	3237	3249	inflammation
traumatology_distal humeral fractures_28.txt	symptom	concept	658	666	swelling
traumatology_distal humeral fractures_28.txt	procedure	concept	770	795	neurovascular examination
traumatology_distal humeral fractures_28.txt	symptom	concept	914	922	swelling
traumatology_distal humeral fractures_28.txt	procedure	concept	1458	1475	internal fixation
traumatology_distal humeral fractures_28.txt	medication	concept	1690	1703	Acetaminophen
traumatology_distal humeral fractures_28.txt	medication	concept	1729	1738	Ibuprofen
traumatology_distal humeral fractures_28.txt	medication	concept	1807	1817	Cephalexin
traumatology_distal humeral fractures_28.txt	procedure	concept	1954	1970	physical therapy
traumatology_distal humeral fractures_28.txt	medication	concept	2345	2358	Acetaminophen
traumatology_distal humeral fractures_28.txt	symptom	concept	2394	2398	pain
traumatology_distal humeral fractures_28.txt	medication	concept	2400	2409	Ibuprofen
traumatology_distal humeral fractures_28.txt	medication	concept	2523	2533	Cephalexin
traumatology_distal humeral fractures_28.txt	procedure	concept	2627	2637	Wound Care
traumatology_distal humeral fractures_28.txt	procedure	concept	2650	2667	surgical incision
traumatology_distal humeral fractures_28.txt	procedure	concept	2736	2750	suture removal
traumatology_distal humeral fractures_28.txt	symptom	concept	3236	3244	swelling
traumatology_distal humeral fractures_28.txt	symptom	concept	3246	3253	redness
traumatology_distal humeral fractures_28.txt	symptom	concept	3255	3260	fever
traumatology_distal humeral fractures_28.txt	symptom	concept	3265	3273	drainage
traumatology_distal humeral fractures_28.txt	procedure	concept	3381	3402	surgical intervention
traumatology_distal humeral fractures_28.txt	disease	concept	3885	3908	distal humeral fracture
traumatology_distal humeral fractures_29.txt	procedure	concept	872	897	neurovascular examination
traumatology_distal humeral fractures_29.txt	procedure	concept	1196	1210	open reduction
traumatology_distal humeral fractures_29.txt	medication	concept	1745	1754	Ibuprofen
traumatology_distal humeral fractures_29.txt	medication	concept	1806	1819	Acetaminophen
traumatology_distal humeral fractures_29.txt	medication	concept	1890	1900	Cephalexin
traumatology_distal humeral fractures_29.txt	symptom	concept	2133	2142	stiffness
traumatology_distal humeral fractures_29.txt	disease	concept	2233	2242	infection
traumatology_distal humeral fractures_29.txt	medication	concept	2357	2367	Cephalexin
traumatology_distal humeral fractures_29.txt	medication	concept	2399	2408	Ibuprofen
traumatology_distal humeral fractures_29.txt	symptom	concept	2477	2481	pain
traumatology_distal humeral fractures_29.txt	medication	concept	2488	2501	Acetaminophen
traumatology_distal humeral fractures_29.txt	symptom	concept	2994	3001	redness
traumatology_distal humeral fractures_29.txt	symptom	concept	3003	3011	swelling
traumatology_distal humeral fractures_29.txt	symptom	concept	3013	3019	warmth
traumatology_distal humeral fractures_29.txt	symptom	concept	3024	3033	discharge
traumatology_distal humeral fractures_29.txt	procedure	concept	3076	3090	suture removal
traumatology_distal humeral fractures_29.txt	procedure	concept	3095	3111	wound inspection
traumatology_distal humeral fractures_29.txt	symptom	concept	3335	3339	pain
traumatology_distal humeral fractures_29.txt	symptom	concept	3341	3346	fever
traumatology_distal humeral fractures_29.txt	symptom	concept	3620	3629	stiffness
traumatology_distal humeral fractures_29.txt	disease	concept	3697	3721	distal humeral fractures
traumatology_distal humeral fractures_3.txt	procedure	concept	824	849	neurovascular examination
traumatology_distal humeral fractures_3.txt	disease	concept	1020	1040	compartment syndrome
traumatology_distal humeral fractures_3.txt	medication	concept	1747	1766	IV morphine sulfate
traumatology_distal humeral fractures_3.txt	procedure	concept	1884	1901	internal fixation
traumatology_distal humeral fractures_3.txt	disease	concept	1916	1939	distal humeral fracture
traumatology_distal humeral fractures_3.txt	medication	concept	2153	2171	oral acetaminophen
traumatology_distal humeral fractures_3.txt	medication	concept	2197	2211	oral ibuprofen
traumatology_distal humeral fractures_3.txt	medication	concept	2299	2308	cefazolin
traumatology_distal humeral fractures_3.txt	symptom	concept	2549	2558	stiffness
traumatology_distal humeral fractures_3.txt	symptom	concept	2572	2586	joint mobility
traumatology_distal humeral fractures_3.txt	symptom	concept	2810	2814	pain
traumatology_distal humeral fractures_3.txt	symptom	concept	2819	2827	swelling
traumatology_distal humeral fractures_3.txt	medication	concept	3089	3102	Acetaminophen
traumatology_distal humeral fractures_3.txt	medication	concept	3151	3160	Ibuprofen
traumatology_distal humeral fractures_3.txt	symptom	concept	3203	3207	pain
traumatology_distal humeral fractures_3.txt	symptom	concept	3212	3224	inflammation
traumatology_distal humeral fractures_3.txt	medication	concept	3226	3237	Antibiotics
traumatology_distal humeral fractures_3.txt	symptom	concept	3730	3734	pain
traumatology_distal humeral fractures_3.txt	symptom	concept	3736	3744	swelling
traumatology_distal humeral fractures_3.txt	symptom	concept	3746	3754	numbness
traumatology_distal humeral fractures_3.txt	symptom	concept	3756	3764	tingling
traumatology_distal humeral fractures_3.txt	symptom	concept	3766	3771	fever
traumatology_distal humeral fractures_30.txt	symptom	concept	567	575	swelling
traumatology_distal humeral fractures_30.txt	symptom	concept	729	743	joint effusion
traumatology_distal humeral fractures_30.txt	procedure	concept	1188	1213	neurovascular examination
traumatology_distal humeral fractures_30.txt	symptom	concept	1252	1264	nerve damage
traumatology_distal humeral fractures_30.txt	symptom	concept	1268	1283	vascular injury
traumatology_distal humeral fractures_30.txt	medication	concept	1657	1666	Ibuprofen
traumatology_distal humeral fractures_30.txt	symptom	concept	1708	1720	inflammation
traumatology_distal humeral fractures_30.txt	medication	concept	1724	1737	Acetaminophen
traumatology_distal humeral fractures_30.txt	medication	concept	1809	1819	Cephalexin
traumatology_distal humeral fractures_30.txt	symptom	concept	2166	2175	stiffness
traumatology_distal humeral fractures_30.txt	medication	concept	2399	2409	Cephalexin
traumatology_distal humeral fractures_30.txt	medication	concept	2486	2495	Ibuprofen
traumatology_distal humeral fractures_30.txt	medication	concept	2521	2534	Acetaminophen
traumatology_distal humeral fractures_30.txt	disease	concept	3093	3102	infection
traumatology_distal humeral fractures_30.txt	symptom	concept	3114	3118	pain
traumatology_distal humeral fractures_30.txt	symptom	concept	3127	3148	neurovascular changes
traumatology_distal humeral fractures_30.txt	procedure	concept	3536	3546	follow-ups
traumatology_distal humeral fractures_30.txt	procedure	concept	3810	3836	physical therapy exercises
traumatology_distal humeral fractures_31.txt	symptom	concept	421	425	pain
traumatology_distal humeral fractures_31.txt	symptom	concept	706	719	consciousness
traumatology_distal humeral fractures_31.txt	symptom	concept	721	730	neck pain
traumatology_distal humeral fractures_31.txt	symptom	concept	829	839	tenderness
traumatology_distal humeral fractures_31.txt	medication	concept	1669	1679	analgesics
traumatology_distal humeral fractures_31.txt	medication	concept	1705	1714	Ibuprofen
traumatology_distal humeral fractures_31.txt	medication	concept	1767	1780	Acetaminophen
traumatology_distal humeral fractures_31.txt	medication	concept	1882	1891	Cefazolin
traumatology_distal humeral fractures_31.txt	procedure	concept	2032	2052	Neurovascular checks
traumatology_distal humeral fractures_31.txt	medication	concept	2166	2177	medications
traumatology_distal humeral fractures_31.txt	procedure	concept	2230	2243	physiotherapy
traumatology_distal humeral fractures_31.txt	symptom	concept	2325	2334	stiffness
traumatology_distal humeral fractures_31.txt	symptom	concept	2347	2354	healing
traumatology_distal humeral fractures_31.txt	medication	concept	2592	2601	ibuprofen
traumatology_distal humeral fractures_31.txt	medication	concept	2627	2640	acetaminophen
traumatology_distal humeral fractures_31.txt	symptom	concept	3165	3172	redness
traumatology_distal humeral fractures_31.txt	symptom	concept	3174	3182	swelling
traumatology_distal humeral fractures_31.txt	symptom	concept	3184	3190	warmth
traumatology_distal humeral fractures_31.txt	symptom	concept	3192	3201	discharge
traumatology_distal humeral fractures_31.txt	symptom	concept	3214	3218	pain
traumatology_distal humeral fractures_31.txt	symptom	concept	3220	3228	numbness
traumatology_distal humeral fractures_31.txt	symptom	concept	3230	3238	tingling
traumatology_distal humeral fractures_31.txt	procedure	concept	3486	3498	ORIF surgery
traumatology_distal humeral fractures_31.txt	medication	concept	3896	3905	Ibuprofen
traumatology_distal humeral fractures_31.txt	symptom	concept	3948	3952	pain
traumatology_distal humeral fractures_31.txt	medication	concept	3958	3971	Acetaminophen
traumatology_distal humeral fractures_32.txt	symptom	concept	355	363	swelling
traumatology_distal humeral fractures_32.txt	symptom	concept	525	533	swelling
traumatology_distal humeral fractures_32.txt	symptom	concept	1132	1146	joint effusion
traumatology_distal humeral fractures_32.txt	disease	concept	1461	1484	distal humeral fracture
traumatology_distal humeral fractures_32.txt	medication	concept	1832	1847	Cefazolin 1g IV
traumatology_distal humeral fractures_32.txt	medication	concept	1950	1963	Acetaminophen
traumatology_distal humeral fractures_32.txt	medication	concept	1995	2004	Oxycodone
traumatology_distal humeral fractures_32.txt	symptom	concept	2606	2610	pain
traumatology_distal humeral fractures_32.txt	symptom	concept	2612	2617	fever
traumatology_distal humeral fractures_32.txt	symptom	concept	2619	2627	numbness
traumatology_distal humeral fractures_32.txt	symptom	concept	2632	2640	tingling
traumatology_distal humeral fractures_32.txt	medication	concept	2720	2733	Acetaminophen
traumatology_distal humeral fractures_32.txt	medication	concept	2803	2812	Oxycodone
traumatology_distal humeral fractures_33.txt	procedure	concept	972	997	neurovascular examination
traumatology_distal humeral fractures_33.txt	procedure	concept	1656	1670	open reduction
traumatology_distal humeral fractures_33.txt	procedure	concept	1762	1780	general anesthesia
traumatology_distal humeral fractures_33.txt	medication	concept	1986	1999	Acetaminophen
traumatology_distal humeral fractures_33.txt	medication	concept	2086	2095	Ibuprofen
traumatology_distal humeral fractures_33.txt	medication	concept	2245	2255	Cephalexin
traumatology_distal humeral fractures_33.txt	procedure	concept	2351	2366	Hospital Course
traumatology_distal humeral fractures_33.txt	procedure	concept	2779	2801	Discharge Instructions
traumatology_distal humeral fractures_33.txt	procedure	concept	2959	2969	Wound Care
traumatology_distal humeral fractures_33.txt	medication	concept	3130	3143	acetaminophen
traumatology_distal humeral fractures_33.txt	medication	concept	3148	3157	ibuprofen
traumatology_distal humeral fractures_33.txt	medication	concept	3216	3226	cephalexin
traumatology_distal humeral fractures_33.txt	symptom	concept	3602	3609	redness
traumatology_distal humeral fractures_33.txt	symptom	concept	3611	3617	warmth
traumatology_distal humeral fractures_33.txt	symptom	concept	3619	3628	discharge
traumatology_distal humeral fractures_33.txt	symptom	concept	3645	3654	sensation
traumatology_distal humeral fractures_34.txt	symptom	concept	524	532	swelling
traumatology_distal humeral fractures_34.txt	procedure	concept	948	973	neurovascular examination
traumatology_distal humeral fractures_34.txt	procedure	concept	1413	1438	neurovascular observation
traumatology_distal humeral fractures_34.txt	medication	concept	1493	1506	Acetaminophen
traumatology_distal humeral fractures_34.txt	medication	concept	1534	1543	Ibuprofen
traumatology_distal humeral fractures_34.txt	procedure	concept	1735	1752	internal fixation
traumatology_distal humeral fractures_34.txt	medication	concept	2052	2061	Oxycodone
traumatology_distal humeral fractures_34.txt	medication	concept	2112	2125	Acetaminophen
traumatology_distal humeral fractures_34.txt	medication	concept	2454	2463	Oxycodone
traumatology_distal humeral fractures_34.txt	symptom	concept	2600	2604	pain
traumatology_distal humeral fractures_34.txt	medication	concept	2831	2844	Acetaminophen
traumatology_distal humeral fractures_34.txt	symptom	concept	2889	2893	pain
traumatology_distal humeral fractures_34.txt	medication	concept	2902	2911	Ibuprofen
traumatology_distal humeral fractures_34.txt	medication	concept	2967	2976	Oxycodone
traumatology_distal humeral fractures_34.txt	medication	concept	3351	3362	medications
traumatology_distal humeral fractures_34.txt	symptom	concept	3638	3645	redness
traumatology_distal humeral fractures_34.txt	symptom	concept	3647	3655	swelling
traumatology_distal humeral fractures_35.txt	symptom	concept	433	437	pain
traumatology_distal humeral fractures_35.txt	symptom	concept	439	447	swelling
traumatology_distal humeral fractures_35.txt	symptom	concept	661	669	swelling
traumatology_distal humeral fractures_35.txt	symptom	concept	769	777	Swelling
traumatology_distal humeral fractures_35.txt	symptom	concept	782	792	tenderness
traumatology_distal humeral fractures_35.txt	symptom	concept	1355	1366	joint effus
traumatology_distal humeral fractures_35.txt	medication	concept	1471	1484	Acetaminophen
traumatology_distal humeral fractures_35.txt	medication	concept	1510	1519	Ibuprofen
traumatology_distal humeral fractures_35.txt	medication	concept	1974	1983	Cefazolin
traumatology_distal humeral fractures_35.txt	medication	concept	2295	2308	Acetaminophen
traumatology_distal humeral fractures_35.txt	medication	concept	2379	2388	Ibuprofen
traumatology_distal humeral fractures_35.txt	medication	concept	2463	2473	Cephalexin
traumatology_distal humeral fractures_35.txt	procedure	concept	2735	2740	X-ray
traumatology_distal humeral fractures_35.txt	symptom	concept	2944	2952	swelling
traumatology_distal humeral fractures_35.txt	medication	concept	2964	2973	ice packs
traumatology_distal humeral fractures_35.txt	symptom	concept	3026	3030	pain
traumatology_distal humeral fractures_35.txt	symptom	concept	3035	3043	swelling
traumatology_distal humeral fractures_35.txt	symptom	concept	3305	3309	pain
traumatology_distal humeral fractures_35.txt	symptom	concept	3311	3319	swelling
traumatology_distal humeral fractures_35.txt	symptom	concept	3321	3328	redness
traumatology_distal humeral fractures_35.txt	symptom	concept	3330	3338	drainage
traumatology_distal humeral fractures_35.txt	symptom	concept	3363	3368	fever
traumatology_distal humeral fractures_36.txt	symptom	concept	665	669	pain
traumatology_distal humeral fractures_36.txt	symptom	concept	842	856	joint effusion
traumatology_distal humeral fractures_36.txt	procedure	concept	1062	1087	neurovascular examination
traumatology_distal humeral fractures_36.txt	medication	concept	1715	1728	Acetaminophen
traumatology_distal humeral fractures_36.txt	medication	concept	1793	1802	Ibuprofen
traumatology_distal humeral fractures_36.txt	medication	concept	1888	1898	Cephalexin
traumatology_distal humeral fractures_36.txt	symptom	concept	2187	2196	stiffness
traumatology_distal humeral fractures_36.txt	symptom	concept	2330	2334	pain
traumatology_distal humeral fractures_36.txt	symptom	concept	2339	2347	mobility
traumatology_distal humeral fractures_36.txt	medication	concept	2492	2501	Ibuprofen
traumatology_distal humeral fractures_36.txt	medication	concept	2581	2594	Acetaminophen
traumatology_distal humeral fractures_36.txt	procedure	concept	3203	3217	rehabilitation
traumatology_distal humeral fractures_36.txt	symptom	concept	3332	3336	pain
traumatology_distal humeral fractures_36.txt	symptom	concept	3388	3396	swelling
traumatology_distal humeral fractures_36.txt	symptom	concept	3398	3404	warmth
traumatology_distal humeral fractures_36.txt	symptom	concept	3406	3415	discharge
traumatology_distal humeral fractures_36.txt	symptom	concept	3418	3423	fever
traumatology_distal humeral fractures_37.txt	symptom	concept	517	525	swelling
traumatology_distal humeral fractures_37.txt	symptom	concept	731	739	swelling
traumatology_distal humeral fractures_37.txt	symptom	concept	744	754	tenderness
traumatology_distal humeral fractures_37.txt	symptom	concept	1041	1063	posterior fat pad sign
traumatology_distal humeral fractures_37.txt	symptom	concept	1255	1270	occult fracture
traumatology_distal humeral fractures_37.txt	medication	concept	1753	1766	Acetaminophen
traumatology_distal humeral fractures_37.txt	medication	concept	1792	1801	Ibuprofen
traumatology_distal humeral fractures_37.txt	symptom	concept	2201	2210	stiffness
traumatology_distal humeral fractures_37.txt	symptom	concept	2709	2717	swelling
traumatology_distal humeral fractures_37.txt	symptom	concept	2887	2891	pain
traumatology_distal humeral fractures_37.txt	symptom	concept	2893	2901	swelling
traumatology_distal humeral fractures_37.txt	symptom	concept	2903	2910	redness
traumatology_distal humeral fractures_37.txt	symptom	concept	2919	2940	neurovascular changes
traumatology_distal humeral fractures_37.txt	medication	concept	3199	3212	Acetaminophen
traumatology_distal humeral fractures_37.txt	medication	concept	3264	3273	Ibuprofen
traumatology_distal humeral fractures_37.txt	symptom	concept	3316	3320	pain
traumatology_distal humeral fractures_37.txt	symptom	concept	3325	3337	inflammation
traumatology_distal humeral fractures_38.txt	disease	concept	269	293	Distal Humeral Fractures
traumatology_distal humeral fractures_38.txt	symptom	concept	563	571	swelling
traumatology_distal humeral fractures_38.txt	procedure	concept	689	714	neurovascular examination
traumatology_distal humeral fractures_38.txt	medication	concept	1470	1483	Acetaminophen
traumatology_distal humeral fractures_38.txt	medication	concept	1535	1544	Ibuprofen
traumatology_distal humeral fractures_38.txt	medication	concept	1642	1651	Cefazolin
traumatology_distal humeral fractures_38.txt	medication	concept	2539	2552	Acetaminophen
traumatology_distal humeral fractures_38.txt	medication	concept	2595	2604	Ibuprofen
traumatology_distal humeral fractures_38.txt	symptom	concept	2768	2775	redness
traumatology_distal humeral fractures_38.txt	symptom	concept	2777	2785	swelling
traumatology_distal humeral fractures_38.txt	symptom	concept	2790	2799	discharge
traumatology_distal humeral fractures_38.txt	symptom	concept	2805	2806	r
traumatology_distal humeral fractures_38.txt	disease	concept	3067	3091	distal humeral fractures
traumatology_distal humeral fractures_38.txt	symptom	concept	3291	3304	complications
traumatology_distal humeral fractures_38.txt	medication	concept	3482	3495	Acetaminophen
traumatology_distal humeral fractures_38.txt	symptom	concept	3553	3557	pain
traumatology_distal humeral fractures_38.txt	medication	concept	3563	3572	Ibuprofen
traumatology_distal humeral fractures_38.txt	symptom	concept	3630	3642	inflammation
traumatology_distal humeral fractures_39.txt	symptom	concept	709	717	swelling
traumatology_distal humeral fractures_39.txt	symptom	concept	801	809	swelling
traumatology_distal humeral fractures_39.txt	symptom	concept	814	824	tenderness
traumatology_distal humeral fractures_39.txt	procedure	concept	1304	1311	CT Scan
traumatology_distal humeral fractures_39.txt	procedure	concept	1551	1565	immobilization
traumatology_distal humeral fractures_39.txt	medication	concept	1602	1615	Acetaminophen
traumatology_distal humeral fractures_39.txt	medication	concept	1707	1716	Ibuprofen
traumatology_distal humeral fractures_39.txt	symptom	concept	1786	1794	swelling
traumatology_distal humeral fractures_39.txt	procedure	concept	2027	2064	Open Reduction with Internal Fixation
traumatology_distal humeral fractures_39.txt	medication	concept	2313	2323	Cephalexin
traumatology_distal humeral fractures_39.txt	medication	concept	2444	2453	Oxycodone
traumatology_distal humeral fractures_39.txt	medication	concept	2539	2552	Acetaminophen
traumatology_distal humeral fractures_39.txt	medication	concept	2561	2570	Ibuprofen
traumatology_distal humeral fractures_39.txt	procedure	concept	2611	2627	Physical Therapy
traumatology_distal humeral fractures_39.txt	procedure	concept	2653	2669	physical therapy
traumatology_distal humeral fractures_39.txt	symptom	concept	2757	2766	stiffness
traumatology_distal humeral fractures_39.txt	medication	concept	3182	3206	narcotic pain medication
traumatology_distal humeral fractures_39.txt	symptom	concept	3530	3534	pain
traumatology_distal humeral fractures_39.txt	symptom	concept	3536	3544	swelling
traumatology_distal humeral fractures_39.txt	symptom	concept	3546	3551	fever
traumatology_distal humeral fractures_4.txt	disease	concept	400	424	Distal Humeral Fractures
traumatology_distal humeral fractures_4.txt	symptom	concept	603	607	pain
traumatology_distal humeral fractures_4.txt	symptom	concept	677	685	swelling
traumatology_distal humeral fractures_4.txt	symptom	concept	690	700	tenderness
traumatology_distal humeral fractures_4.txt	symptom	concept	977	986	deviation
traumatology_distal humeral fractures_4.txt	procedure	concept	1113	1144	radiocapitellar line evaluation
traumatology_distal humeral fractures_4.txt	procedure	concept	1383	1397	open reduction
traumatology_distal humeral fractures_4.txt	procedure	concept	1402	1414	internal fix
traumatology_distal humeral fractures_4.txt	medication	concept	1482	1506	prophylactic antibiotics
traumatology_distal humeral fractures_4.txt	medication	concept	1508	1524	Cefazolin 1 g IV
traumatology_distal humeral fractures_4.txt	medication	concept	1795	1808	acetaminophen
traumatology_distal humeral fractures_4.txt	medication	concept	1871	1880	ibuprofen
traumatology_distal humeral fractures_4.txt	symptom	concept	1919	1931	inflammation
traumatology_distal humeral fractures_4.txt	medication	concept	1970	1986	Cefazolin 1 g IV
traumatology_distal humeral fractures_4.txt	symptom	concept	2121	2129	swelling
traumatology_distal humeral fractures_4.txt	symptom	concept	2320	2329	stiffness
traumatology_distal humeral fractures_4.txt	medication	concept	2604	2617	acetaminophen
traumatology_distal humeral fractures_4.txt	symptom	concept	2653	2657	pain
traumatology_distal humeral fractures_4.txt	medication	concept	2662	2671	ibuprofen
traumatology_distal humeral fractures_4.txt	procedure	concept	2860	2876	wound inspection
traumatology_distal humeral fractures_4.txt	symptom	concept	3560	3568	swelling
traumatology_distal humeral fractures_4.txt	symptom	concept	3570	3576	warmth
traumatology_distal humeral fractures_4.txt	symptom	concept	3581	3589	drainage
traumatology_distal humeral fractures_4.txt	medication	concept	3838	3851	Acetaminophen
traumatology_distal humeral fractures_4.txt	medication	concept	3903	3912	Ibuprofen
traumatology_distal humeral fractures_4.txt	procedure	concept	4067	4078	splint care
traumatology_distal humeral fractures_40.txt	symptom	concept	571	579	swelling
traumatology_distal humeral fractures_40.txt	medication	concept	1101	1114	Acetaminophen
traumatology_distal humeral fractures_40.txt	medication	concept	1141	1150	Ibuprofen
traumatology_distal humeral fractures_40.txt	procedure	concept	1330	1367	open reduction with internal fixation
traumatology_distal humeral fractures_40.txt	medication	concept	1588	1598	Cephalexin
traumatology_distal humeral fractures_40.txt	disease	concept	1664	1673	infection
traumatology_distal humeral fractures_40.txt	symptom	concept	2116	2120	pain
traumatology_distal humeral fractures_40.txt	medication	concept	2229	2242	Acetaminophen
traumatology_distal humeral fractures_40.txt	medication	concept	2295	2304	Ibuprofen
traumatology_distal humeral fractures_40.txt	symptom	concept	2346	2350	pain
traumatology_distal humeral fractures_40.txt	medication	concept	2355	2365	Cephalexin
traumatology_distal humeral fractures_40.txt	symptom	concept	2728	2733	fever
traumatology_distal humeral fractures_40.txt	symptom	concept	2745	2752	redness
traumatology_distal humeral fractures_40.txt	symptom	concept	2757	2766	discharge
traumatology_distal humeral fractures_41.txt	symptom	concept	523	531	swelling
traumatology_distal humeral fractures_41.txt	symptom	concept	536	546	tenderness
traumatology_distal humeral fractures_41.txt	procedure	concept	1392	1406	open reduction
traumatology_distal humeral fractures_41.txt	medication	concept	1712	1725	Acetaminophen
traumatology_distal humeral fractures_41.txt	medication	concept	1779	1788	Ibuprofen
traumatology_distal humeral fractures_41.txt	symptom	concept	1831	1843	inflammation
traumatology_distal humeral fractures_41.txt	medication	concept	1907	1922	Cefazolin 1g IV
traumatology_distal humeral fractures_41.txt	symptom	concept	2319	2328	stiffness
traumatology_distal humeral fractures_41.txt	symptom	concept	3009	3016	redness
traumatology_distal humeral fractures_41.txt	symptom	concept	3018	3026	swelling
traumatology_distal humeral fractures_41.txt	symptom	concept	3031	3040	discharge
traumatology_distal humeral fractures_41.txt	medication	concept	3139	3152	Acetaminophen
traumatology_distal humeral fractures_41.txt	symptom	concept	3197	3201	pain
traumatology_distal humeral fractures_41.txt	medication	concept	3205	3214	Ibuprofen
traumatology_distal humeral fractures_41.txt	symptom	concept	3257	3269	inflammation
traumatology_distal humeral fractures_41.txt	medication	concept	3292	3301	Cefalexin
traumatology_distal humeral fractures_41.txt	procedure	concept	3655	3671	physical therapy
traumatology_distal humeral fractures_41.txt	procedure	concept	3684	3698	rehabilitation
traumatology_distal humeral fractures_42.txt	symptom	concept	602	610	swelling
traumatology_distal humeral fractures_42.txt	symptom	concept	615	625	tenderness
traumatology_distal humeral fractures_42.txt	symptom	concept	1098	1117	vascular compromise
traumatology_distal humeral fractures_42.txt	medication	concept	1257	1270	Acetaminophen
traumatology_distal humeral fractures_42.txt	medication	concept	1305	1314	Ibuprofen
traumatology_distal humeral fractures_42.txt	medication	concept	1403	1406	ice
traumatology_distal humeral fractures_42.txt	symptom	concept	1429	1437	swelling
traumatology_distal humeral fractures_42.txt	medication	concept	1938	1948	Cephalexin
traumatology_distal humeral fractures_42.txt	symptom	concept	2186	2195	stiffness
traumatology_distal humeral fractures_42.txt	medication	concept	2237	2250	Acetaminophen
traumatology_distal humeral fractures_42.txt	medication	concept	2400	2413	Acetaminophen
traumatology_distal humeral fractures_42.txt	medication	concept	2466	2475	Ibuprofen
traumatology_distal humeral fractures_42.txt	symptom	concept	2518	2530	inflammation
traumatology_distal humeral fractures_42.txt	medication	concept	2536	2546	Cephalexin
traumatology_distal humeral fractures_42.txt	symptom	concept	3349	3356	redness
traumatology_distal humeral fractures_42.txt	symptom	concept	3358	3366	swelling
traumatology_distal humeral fractures_42.txt	symptom	concept	3368	3374	warmth
traumatology_distal humeral fractures_42.txt	symptom	concept	3429	3449	neurovascular status
traumatology_distal humeral fractures_42.txt	symptom	concept	3451	3459	numbness
traumatology_distal humeral fractures_42.txt	symptom	concept	3461	3469	tingling
traumatology_distal humeral fractures_42.txt	procedure	concept	3784	3798	rehabilitation
traumatology_distal humeral fractures_43.txt	symptom	concept	597	605	swelling
traumatology_distal humeral fractures_43.txt	symptom	concept	720	728	swelling
traumatology_distal humeral fractures_43.txt	medication	concept	1497	1510	Acetaminophen
traumatology_distal humeral fractures_43.txt	medication	concept	1537	1546	Ibuprofen
traumatology_distal humeral fractures_43.txt	procedure	concept	1625	1639	open reduction
traumatology_distal humeral fractures_43.txt	medication	concept	1993	2002	Oxycodone
traumatology_distal humeral fractures_43.txt	medication	concept	2076	2089	Acetaminophen
traumatology_distal humeral fractures_43.txt	medication	concept	2094	2103	Ibuprofen
traumatology_distal humeral fractures_43.txt	medication	concept	2162	2172	Cephalexin
traumatology_distal humeral fractures_43.txt	symptom	concept	2383	2398	joint stiffness
traumatology_distal humeral fractures_43.txt	medication	concept	2977	2990	Acetaminophen
traumatology_distal humeral fractures_43.txt	medication	concept	2995	3004	Ibuprofen
traumatology_distal humeral fractures_43.txt	medication	concept	3020	3029	Oxycodone
traumatology_distal humeral fractures_43.txt	disease	concept	3102	3106	pain
traumatology_distal humeral fractures_43.txt	symptom	concept	3267	3275	numbness
traumatology_distal humeral fractures_43.txt	symptom	concept	3280	3288	swelling
traumatology_distal humeral fractures_43.txt	medication	concept	3665	3678	Acetaminophen
traumatology_distal humeral fractures_43.txt	medication	concept	3732	3741	Ibuprofen
traumatology_distal humeral fractures_43.txt	medication	concept	3794	3804	Cephalexin
traumatology_distal humeral fractures_44.txt	procedure	concept	866	891	neurovascular examination
traumatology_distal humeral fractures_44.txt	medication	concept	1602	1615	Acetaminophen
traumatology_distal humeral fractures_44.txt	medication	concept	1661	1670	Ibuprofen
traumatology_distal humeral fractures_44.txt	medication	concept	1762	1777	Cefazolin 1g IV
traumatology_distal humeral fractures_44.txt	symptom	concept	1908	1916	swelling
traumatology_distal humeral fractures_44.txt	symptom	concept	2080	2092	nerve damage
traumatology_distal humeral fractures_44.txt	disease	concept	2098	2118	compartment syndrome
traumatology_distal humeral fractures_44.txt	medication	concept	2217	2230	Acetaminophen
traumatology_distal humeral fractures_44.txt	medication	concept	2275	2284	Ibuprofen
traumatology_distal humeral fractures_44.txt	procedure	concept	2391	2408	surgical incision
traumatology_distal humeral fractures_44.txt	procedure	concept	2852	2866	suture removal
traumatology_distal humeral fractures_44.txt	symptom	concept	3152	3160	mobility
traumatology_distal humeral fractures_44.txt	symptom	concept	3195	3204	stiffness
traumatology_distal humeral fractures_44.txt	symptom	concept	3361	3365	pain
traumatology_distal humeral fractures_44.txt	symptom	concept	3367	3375	swelling
traumatology_distal humeral fractures_44.txt	symptom	concept	3377	3384	redness
traumatology_distal humeral fractures_44.txt	symptom	concept	3419	3424	fever
traumatology_distal humeral fractures_45.txt	symptom	concept	407	415	swelling
traumatology_distal humeral fractures_45.txt	procedure	concept	1078	1103	Neurovascular Examination
traumatology_distal humeral fractures_45.txt	procedure	concept	1410	1424	open reduction
traumatology_distal humeral fractures_45.txt	procedure	concept	1429	1446	internal fixation
traumatology_distal humeral fractures_45.txt	medication	concept	1533	1544	Paracetamol
traumatology_distal humeral fractures_45.txt	symptom	concept	1566	1570	pain
traumatology_distal humeral fractures_45.txt	medication	concept	1596	1611	Cefazolin 2g IV
traumatology_distal humeral fractures_45.txt	symptom	concept	1729	1737	fracture
traumatology_distal humeral fractures_45.txt	medication	concept	1946	1963	Paracetamol 1g IV
traumatology_distal humeral fractures_45.txt	medication	concept	2014	2025	Paracetamol
traumatology_distal humeral fractures_45.txt	medication	concept	2077	2086	Ibuprofen
traumatology_distal humeral fractures_45.txt	symptom	concept	2128	2140	inflammation
traumatology_distal humeral fractures_45.txt	medication	concept	2170	2185	Cefazolin 2g IV
traumatology_distal humeral fractures_45.txt	medication	concept	2698	2707	Ibuprofen
traumatology_distal humeral fractures_45.txt	medication	concept	2747	2758	Paracetamol
traumatology_distal humeral fractures_45.txt	symptom	concept	2800	2804	pain
traumatology_distal humeral fractures_45.txt	symptom	concept	3547	3555	swelling
traumatology_distal humeral fractures_45.txt	medication	concept	3577	3580	ice
traumatology_distal humeral fractures_45.txt	symptom	concept	3680	3688	swelling
traumatology_distal humeral fractures_45.txt	symptom	concept	3749	3757	swelling
traumatology_distal humeral fractures_45.txt	symptom	concept	3759	3765	warmth
traumatology_distal humeral fractures_46.txt	symptom	concept	536	540	pain
traumatology_distal humeral fractures_46.txt	symptom	concept	542	550	swelling
traumatology_distal humeral fractures_46.txt	symptom	concept	564	572	mobility
traumatology_distal humeral fractures_46.txt	procedure	concept	658	683	neurovascular examination
traumatology_distal humeral fractures_46.txt	symptom	concept	741	755	motor strength
traumatology_distal humeral fractures_46.txt	procedure	concept	1473	1490	internal fixation
traumatology_distal humeral fractures_46.txt	medication	concept	1796	1805	Ibuprofen
traumatology_distal humeral fractures_46.txt	medication	concept	1859	1872	Acetaminophen
traumatology_distal humeral fractures_46.txt	medication	concept	1927	1937	Cephalexin
traumatology_distal humeral fractures_46.txt	symptom	concept	2359	2367	mobility
traumatology_distal humeral fractures_46.txt	medication	concept	2763	2772	Ibuprofen
traumatology_distal humeral fractures_46.txt	disease	concept	2807	2834	gastrointestinal discomfort
traumatology_distal humeral fractures_46.txt	symptom	concept	3227	3231	pain
traumatology_distal humeral fractures_47.txt	symptom	concept	533	541	mobility
traumatology_distal humeral fractures_47.txt	procedure	concept	995	1020	neurovascular examination
traumatology_distal humeral fractures_47.txt	procedure	concept	1287	1324	open reduction with internal fixation
traumatology_distal humeral fractures_47.txt	procedure	concept	1559	1596	Open Reduction with Internal Fixation
traumatology_distal humeral fractures_47.txt	disease	concept	1881	1890	infection
traumatology_distal humeral fractures_47.txt	symptom	concept	1892	1916	neurovascular compromise
traumatology_distal humeral fractures_47.txt	medication	concept	1969	1978	Cefazolin
traumatology_distal humeral fractures_47.txt	medication	concept	2139	2152	Acetaminophen
traumatology_distal humeral fractures_47.txt	medication	concept	2185	2194	Ibuprofen
traumatology_distal humeral fractures_47.txt	symptom	concept	2417	2426	stiffness
traumatology_distal humeral fractures_47.txt	symptom	concept	2469	2477	mobility
traumatology_distal humeral fractures_47.txt	medication	concept	2639	2652	Acetaminophen
traumatology_distal humeral fractures_47.txt	medication	concept	2705	2714	Ibuprofen
traumatology_distal humeral fractures_47.txt	symptom	concept	2766	2778	inflammation
traumatology_distal humeral fractures_47.txt	procedure	concept	3183	3199	physical therapy
traumatology_distal humeral fractures_47.txt	disease	concept	3424	3433	infection
traumatology_distal humeral fractures_47.txt	symptom	concept	3445	3453	swelling
traumatology_distal humeral fractures_47.txt	symptom	concept	3475	3479	pain
traumatology_distal humeral fractures_47.txt	symptom	concept	3488	3509	neurovascular changes
traumatology_distal humeral fractures_47.txt	symptom	concept	3572	3580	swelling
traumatology_distal humeral fractures_48.txt	medication	concept	1660	1673	Acetaminophen
traumatology_distal humeral fractures_48.txt	medication	concept	1699	1708	Ibuprofen
traumatology_distal humeral fractures_48.txt	procedure	concept	1941	1978	Open Reduction with Internal Fixation
traumatology_distal humeral fractures_48.txt	medication	concept	2259	2272	Acetaminophen
traumatology_distal humeral fractures_48.txt	medication	concept	2277	2286	Ibuprofen
traumatology_distal humeral fractures_48.txt	medication	concept	2329	2338	Oxycodone
traumatology_distal humeral fractures_48.txt	medication	concept	2432	2441	Cefazolin
traumatology_distal humeral fractures_48.txt	medication	concept	2762	2775	Acetaminophen
traumatology_distal humeral fractures_48.txt	medication	concept	2801	2808	Ibuprof
traumatology_distal humeral fractures_48.txt	symptom	concept	2836	2840	pain
traumatology_distal humeral fractures_48.txt	medication	concept	2842	2851	Oxycodone
traumatology_distal humeral fractures_48.txt	symptom	concept	2892	2896	pain
traumatology_distal humeral fractures_48.txt	symptom	concept	2991	2999	swelling
traumatology_distal humeral fractures_48.txt	procedure	concept	3393	3409	Physical Therapy
traumatology_distal humeral fractures_48.txt	disease	concept	3609	3618	infection
traumatology_distal humeral fractures_48.txt	symptom	concept	3630	3637	redness
traumatology_distal humeral fractures_48.txt	symptom	concept	3639	3647	swelling
traumatology_distal humeral fractures_48.txt	symptom	concept	3649	3655	warmth
traumatology_distal humeral fractures_48.txt	symptom	concept	3660	3669	discharge
traumatology_distal humeral fractures_48.txt	symptom	concept	3703	3707	pain
traumatology_distal humeral fractures_48.txt	symptom	concept	3776	3784	numbness
traumatology_distal humeral fractures_48.txt	symptom	concept	3786	3794	tingling
traumatology_distal humeral fractures_48.txt	procedure	concept	4028	4037	follow-up
traumatology_distal humeral fractures_49.txt	symptom	concept	586	590	pain
traumatology_distal humeral fractures_49.txt	symptom	concept	595	603	swelling
traumatology_distal humeral fractures_49.txt	symptom	concept	718	726	swelling
traumatology_distal humeral fractures_49.txt	symptom	concept	732	742	tenderness
traumatology_distal humeral fractures_49.txt	symptom	concept	790	798	headache
traumatology_distal humeral fractures_49.txt	symptom	concept	898	906	swelling
traumatology_distal humeral fractures_49.txt	symptom	concept	1256	1278	posterior fat pad sign
traumatology_distal humeral fractures_49.txt	medication	concept	1654	1662	morphine
traumatology_distal humeral fractures_49.txt	medication	concept	2038	2047	Cefazolin
traumatology_distal humeral fractures_49.txt	symptom	concept	2196	2204	swelling
traumatology_distal humeral fractures_49.txt	symptom	concept	2358	2382	neurovascular compromise
traumatology_distal humeral fractures_49.txt	medication	concept	2540	2553	acetaminophen
traumatology_distal humeral fractures_49.txt	medication	concept	2579	2588	ibuprofen
traumatology_distal humeral fractures_49.txt	medication	concept	2926	2936	Cephalexin
traumatology_distal humeral fractures_49.txt	medication	concept	3005	3018	acetaminophen
traumatology_distal humeral fractures_49.txt	medication	concept	3023	3032	ibuprofen
traumatology_distal humeral fractures_49.txt	symptom	concept	3446	3450	pain
traumatology_distal humeral fractures_49.txt	symptom	concept	3452	3460	numbness
traumatology_distal humeral fractures_49.txt	symptom	concept	3465	3473	tingling
traumatology_distal humeral fractures_49.txt	disease	concept	3670	3694	distal humeral fractures
traumatology_distal humeral fractures_5.txt	disease	concept	310	334	Distal humeral fractures
traumatology_distal humeral fractures_5.txt	procedure	concept	1219	1244	neurovascular examination
traumatology_distal humeral fractures_5.txt	medication	concept	1608	1621	Acetaminophen
traumatology_distal humeral fractures_5.txt	medication	concept	2016	2026	Cephalexin
traumatology_distal humeral fractures_5.txt	medication	concept	2132	2141	Oxycodone
traumatology_distal humeral fractures_5.txt	symptom	concept	2414	2418	pain
traumatology_distal humeral fractures_5.txt	symptom	concept	2423	2431	mobility
traumatology_distal humeral fractures_5.txt	medication	concept	3095	3108	Acetaminophen
traumatology_distal humeral fractures_5.txt	medication	concept	3145	3154	Oxycodone
traumatology_distal humeral fractures_5.txt	medication	concept	3244	3257	Acetaminophen
traumatology_distal humeral fractures_5.txt	medication	concept	3327	3337	Cephalexin
traumatology_distal humeral fractures_5.txt	procedure	concept	3482	3496	immobilization
traumatology_distal humeral fractures_5.txt	symptom	concept	3632	3649	nerve compression
traumatology_distal humeral fractures_5.txt	medication	concept	3705	3712	opioids
traumatology_distal humeral fractures_5.txt	symptom	concept	4121	4129	swelling
traumatology_distal humeral fractures_5.txt	symptom	concept	4230	4234	pain
traumatology_distal humeral fractures_6.txt	symptom	concept	481	485	pain
traumatology_distal humeral fractures_6.txt	symptom	concept	487	495	swelling
traumatology_distal humeral fractures_6.txt	procedure	concept	1173	1180	surgery
traumatology_distal humeral fractures_6.txt	medication	concept	1273	1282	Ibuprofen
traumatology_distal humeral fractures_6.txt	symptom	concept	1324	1336	inflammation
traumatology_distal humeral fractures_6.txt	medication	concept	1344	1357	Acetaminophen
traumatology_distal humeral fractures_6.txt	medication	concept	1413	1422	Cefazolin
traumatology_distal humeral fractures_6.txt	disease	concept	1586	1609	distal humeral fracture
traumatology_distal humeral fractures_6.txt	medication	concept	1872	1883	antibiotics
traumatology_distal humeral fractures_6.txt	medication	concept	1978	1987	Cefazolin
traumatology_distal humeral fractures_6.txt	medication	concept	2042	2051	Oxycodone
traumatology_distal humeral fractures_6.txt	symptom	concept	2104	2108	pain
traumatology_distal humeral fractures_6.txt	symptom	concept	2443	2447	pain
traumatology_distal humeral fractures_6.txt	symptom	concept	2452	2460	mobility
traumatology_distal humeral fractures_6.txt	medication	concept	2531	2540	Ibuprofen
traumatology_distal humeral fractures_6.txt	symptom	concept	2583	2587	pain
traumatology_distal humeral fractures_6.txt	medication	concept	2595	2604	Oxycodone
traumatology_distal humeral fractures_6.txt	symptom	concept	2657	2661	pain
traumatology_distal humeral fractures_6.txt	symptom	concept	3012	3020	swelling
traumatology_distal humeral fractures_6.txt	symptom	concept	3106	3114	swelling
traumatology_distal humeral fractures_6.txt	symptom	concept	3277	3284	redness
traumatology_distal humeral fractures_6.txt	symptom	concept	3289	3298	discharge
traumatology_distal humeral fractures_6.txt	symptom	concept	3329	3337	Numbness
traumatology_distal humeral fractures_6.txt	symptom	concept	3339	3347	tingling
traumatology_distal humeral fractures_6.txt	symptom	concept	3398	3403	Fever
traumatology_distal humeral fractures_6.txt	procedure	concept	3544	3568	rehabilitation exercises
traumatology_distal humeral fractures_7.txt	procedure	concept	1037	1062	neurovascular examination
traumatology_distal humeral fractures_7.txt	procedure	concept	1558	1570	ORIF surgery
traumatology_distal humeral fractures_7.txt	medication	concept	1710	1722	IV Cefazolin
traumatology_distal humeral fractures_7.txt	medication	concept	1839	1852	Acetaminophen
traumatology_distal humeral fractures_7.txt	medication	concept	1874	1883	Oxycodone
traumatology_distal humeral fractures_7.txt	symptom	concept	2123	2132	stiffness
traumatology_distal humeral fractures_7.txt	symptom	concept	2263	2273	discomfort
traumatology_distal humeral fractures_7.txt	medication	concept	2314	2327	Acetaminophen
traumatology_distal humeral fractures_7.txt	medication	concept	2400	2409	Ibuprofen
traumatology_distal humeral fractures_7.txt	medication	concept	2494	2504	Cephalexin
traumatology_distal humeral fractures_7.txt	procedure	concept	2804	2824	physical examination
traumatology_distal humeral fractures_7.txt	symptom	concept	3029	3036	redness
traumatology_distal humeral fractures_7.txt	symptom	concept	3038	3046	swelling
traumatology_distal humeral fractures_7.txt	symptom	concept	3051	3060	discharge
traumatology_distal humeral fractures_7.txt	procedure	concept	3116	3131	Pain management
traumatology_distal humeral fractures_8.txt	disease	concept	246	270	Distal Humeral Fractures
traumatology_distal humeral fractures_8.txt	symptom	concept	561	569	swelling
traumatology_distal humeral fractures_8.txt	procedure	concept	725	750	neurovascular examination
traumatology_distal humeral fractures_8.txt	disease	concept	1186	1208	supracondylar fracture
traumatology_distal humeral fractures_8.txt	medication	concept	1374	1387	acetaminophen
traumatology_distal humeral fractures_8.txt	procedure	concept	1414	1428	immobilization
traumatology_distal humeral fractures_8.txt	procedure	concept	1532	1569	open reduction with internal fixation
traumatology_distal humeral fractures_8.txt	medication	concept	1897	1910	acetaminophen
traumatology_distal humeral fractures_8.txt	medication	concept	1933	1942	oxycodone
traumatology_distal humeral fractures_8.txt	medication	concept	3085	3098	acetaminophen
traumatology_distal humeral fractures_8.txt	medication	concept	3138	3144	NSAIDs
traumatology_distal humeral fractures_8.txt	symptom	concept	3227	3235	swelling
traumatology_distal humeral fractures_8.txt	symptom	concept	3258	3267	sensation
traumatology_distal humeral fractures_8.txt	symptom	concept	3271	3281	limb color
traumatology_distal humeral fractures_8.txt	medication	concept	3354	3367	Acetaminophen
traumatology_distal humeral fractures_8.txt	medication	concept	3421	3430	Oxycodone
traumatology_distal humeral fractures_8.txt	procedure	concept	3681	3685	ORIF
traumatology_distal humeral fractures_8.txt	procedure	concept	3786	3799	physiotherapy
traumatology_distal humeral fractures_8.txt	procedure	concept	3805	3827	follow-up appointments
traumatology_distal humeral fractures_9.txt	symptom	concept	476	480	pain
traumatology_distal humeral fractures_9.txt	symptom	concept	482	490	swelling
traumatology_distal humeral fractures_9.txt	symptom	concept	504	512	mobility
traumatology_distal humeral fractures_9.txt	symptom	concept	730	744	joint effusion
traumatology_distal humeral fractures_9.txt	symptom	concept	982	1006	radial nerve paresthesia
traumatology_distal humeral fractures_9.txt	medication	concept	1458	1467	Ibuprofen
traumatology_distal humeral fractures_9.txt	medication	concept	1519	1532	Acetaminophen
traumatology_distal humeral fractures_9.txt	medication	concept	1603	1613	Cephalexin
traumatology_distal humeral fractures_9.txt	symptom	concept	1997	2011	elbow mobility
traumatology_distal humeral fractures_9.txt	symptom	concept	2218	2229	pain levels
traumatology_distal humeral fractures_9.txt	disease	concept	3127	3151	distal humeral fractures
traumatology_distal humeral fractures_9.txt	symptom	concept	3395	3408	complications
