Source File	English Abbreviation	English Expansion	Bulgarian Abbreviation	Bulgarian Expansion
cardiovascular_arterial hypertension_0_BGgpt_abbreviations_EN_BG.txt	BP	Blood Pressure	АН	Артериално налягане
cardiovascular_arterial hypertension_0_BGgpt_abbreviations_EN_BG.txt	ACE	Angiotensin-Converting Enzyme	АСЕ	Ангиотензин-конвертиращ ензим
cardiovascular_arterial hypertension_0_BGgpt_abbreviations_EN_BG.txt	ECG	Electrocardiogram	ЕКГ	Електрокардиограма
cardiovascular_arterial hypertension_0_BGgpt_abbreviations_EN_BG.txt	DOB	Date of Birth	ДР	Дата на раждане
cardiovascular_arterial hypertension_0_BGgpt_abbreviations_EN_BG.txt	MRN	Medical Record Number	МРН	Медицинско досие №
cardiovascular_arterial hypertension_0_BGgpt_abbreviations_EN_BG.txt	mm Hg	Millimeters of Mercury	mmHg	Милиметри живачен стълб
cardiovascular_arterial hypertension_0_BGgpt_abbreviations_EN_BG.txt	mg	Milligram	mg	Милиграм
cardiovascular_arterial hypertension_10_BGgpt_abbreviations_EN_BG.txt	MI	Myocardial Infarction	МИ	Миокарден инфаркт
cardiovascular_arterial hypertension_10_BGgpt_abbreviations_EN_BG.txt	BP	Blood Pressure	КН	Кръвно налягане
cardiovascular_arterial hypertension_10_BGgpt_abbreviations_EN_BG.txt	ACE	Angiotensin-Converting Enzyme	АСЕ	Ангиотензин-конвертиращ ензим
cardiovascular_arterial hypertension_10_BGgpt_abbreviations_EN_BG.txt	ECG	Electrocardiogram	ЕКГ	Електрокардиограма
cardiovascular_arterial hypertension_10_BGgpt_abbreviations_EN_BG.txt	TSH	Thyroid-Stimulating Hormone	TSH	Тиреостимулиращ хормон
cardiovascular_arterial hypertension_10_BGgpt_abbreviations_EN_BG.txt	LDL	Low-Density Lipoprotein	LDL	Липопротеин с ниска плътност
cardiovascular_arterial hypertension_10_BGgpt_abbreviations_EN_BG.txt	ABPM	Ambulatory Blood Pressure Monitoring	АМКН	24-часово амбулаторно мониториране на кръвно налягане
cardiovascular_arterial hypertension_10_BGgpt_abbreviations_EN_BG.txt	MD	Doctor of Medicine	д-р	доктор по медицина
cardiovascular_arterial hypertension_11_BGgpt_abbreviations_EN_BG.txt	BP	Blood Pressure	АН / КН	Кръвно налягане
cardiovascular_arterial hypertension_11_BGgpt_abbreviations_EN_BG.txt	T2DM	Type 2 Diabetes Mellitus	ЗД тип 2	Захарен диабет тип 2
cardiovascular_arterial hypertension_11_BGgpt_abbreviations_EN_BG.txt	LDL	Low-Density Lipoprotein	LDL	Липопротеини с ниска плътност
cardiovascular_arterial hypertension_11_BGgpt_abbreviations_EN_BG.txt	ECG	Electrocardiogram	ЕКГ	Електрокардиограма
cardiovascular_arterial hypertension_11_BGgpt_abbreviations_EN_BG.txt	TSH	Thyroid-Stimulating Hormone	TSH	Тиреостимулиращ хормон
cardiovascular_arterial hypertension_11_BGgpt_abbreviations_EN_BG.txt	NSAIDs	Non-Steroidal Anti-Inflammatory Drugs	НСПВС	Нестероидни противовъзпалителни средства
cardiovascular_arterial hypertension_11_BGgpt_abbreviations_EN_BG.txt	BMI	Body Mass Index	ИТМ	Индекс на телесна маса
cardiovascular_arterial hypertension_12_BGgpt_abbreviations_EN_BG.txt	BP	Blood Pressure	АН	Артериално налягане / Кръвно налягане
cardiovascular_arterial hypertension_12_BGgpt_abbreviations_EN_BG.txt	ACE	Angiotensin-Converting Enzyme	АСЕ	Ангиотензин-конвертиращ ензим
cardiovascular_arterial hypertension_12_BGgpt_abbreviations_EN_BG.txt	ECG	Electrocardiogram	ЕКГ	Електрокардиограма
cardiovascular_arterial hypertension_12_BGgpt_abbreviations_EN_BG.txt	TSH	Thyroid Stimulating Hormone	ТСХ	Тиреостимулиращ хормон
cardiovascular_arterial hypertension_12_BGgpt_abbreviations_EN_BG.txt	MD	Medical Doctor	Д-р	Доктор
cardiovascular_arterial hypertension_12_BGgpt_abbreviations_EN_BG.txt	Hg	Mercury	mmHg	милиметра живачен стълб
cardiovascular_arterial hypertension_12_BGgpt_abbreviations_EN_BG.txt	mg	Milligram	mg	милиграм
cardiovascular_arterial hypertension_12_BGgpt_abbreviations_EN_BG.txt	kg	Kilogram	kg	килограм
cardiovascular_arterial hypertension_12_BGgpt_abbreviations_EN_BG.txt	cm	Centimeter	cm	сантиметър
cardiovascular_arterial hypertension_13_BGgpt_abbreviations_EN_BG.txt	BP	Blood Pressure	АН	Артериално налягане
cardiovascular_arterial hypertension_13_BGgpt_abbreviations_EN_BG.txt	ACE	Angiotensin-Converting Enzyme	АСЕ	Ангиотензин-конвертиращ ензим
cardiovascular_arterial hypertension_13_BGgpt_abbreviations_EN_BG.txt	ECG	Electrocardiogram	ЕКГ	Електрокардиограма
cardiovascular_arterial hypertension_13_BGgpt_abbreviations_EN_BG.txt	TSH	Thyroid-Stimulating Hormone	TSH	Тиреостимулиращ хормон
cardiovascular_arterial hypertension_13_BGgpt_abbreviations_EN_BG.txt	mm Hg	Millimeters of Mercury	mmHg	Милиметри живачен стълб
cardiovascular_arterial hypertension_14_BGgpt_abbreviations_EN_BG.txt	BP	Blood Pressure	АН	Артериално кръвно налягане
cardiovascular_arterial hypertension_14_BGgpt_abbreviations_EN_BG.txt	ACE	Angiotensin-Converting Enzyme	АСЕ	Ангиотензин-конвертиращ ензим
cardiovascular_arterial hypertension_14_BGgpt_abbreviations_EN_BG.txt	ECG	Electrocardiogram	ЕКГ	Електрокардиограма
cardiovascular_arterial hypertension_14_BGgpt_abbreviations_EN_BG.txt	HCTZ	Hydrochlorothiazide	ХКТЗ	Хидрохлортиазид
cardiovascular_arterial hypertension_14_BGgpt_abbreviations_EN_BG.txt	mg	milligram	мг	милиграм
cardiovascular_arterial hypertension_14_BGgpt_abbreviations_EN_BG.txt	mm Hg	millimeters of mercury	мм живачен стълб	милиметри живачен стълб
cardiovascular_arterial hypertension_15_BGgpt_abbreviations_EN_BG.txt	BMI	Body Mass Index	ИТМ	Индекс на телесна маса
cardiovascular_arterial hypertension_15_BGgpt_abbreviations_EN_BG.txt	ECG	Electrocardiogram	ЕКГ	Електрокардиограма
cardiovascular_arterial hypertension_15_BGgpt_abbreviations_EN_BG.txt	ACE	Angiotensin-Converting Enzyme	АСЕ	Ангiotensin-конвертиращ ензим
cardiovascular_arterial hypertension_15_BGgpt_abbreviations_EN_BG.txt	BP	Blood Pressure	АН	Артериално налягане
cardiovascular_arterial hypertension_15_BGgpt_abbreviations_EN_BG.txt	LDL	Low-Density Lipoprotein	LDL-холестерол	Липопротеин с ниска плътност-холестерол
cardiovascular_arterial hypertension_15_BGgpt_abbreviations_EN_BG.txt	TSH	Thyroid-Stimulating Hormone	TSH	Тиреостимулиращ хормон
cardiovascular_arterial hypertension_15_BGgpt_abbreviations_EN_BG.txt	bpm	beats per minute	уд./мин.	удари в минута
cardiovascular_arterial hypertension_15_BGgpt_abbreviations_EN_BG.txt	mm Hg	millimeters of mercury	mmHg	милиметри живачен стълб
cardiovascular_arterial hypertension_16_BGgpt_abbreviations_EN_BG.txt	BP	Blood Pressure	АН	Артериално налягане
cardiovascular_arterial hypertension_16_BGgpt_abbreviations_EN_BG.txt	ACE	Angiotensin-Converting Enzyme	АСЕ	Ангиотензин-конвертиращ ензим
cardiovascular_arterial hypertension_16_BGgpt_abbreviations_EN_BG.txt	MI	Myocardial Infarction	МИ	Миокарден инфаркт
cardiovascular_arterial hypertension_16_BGgpt_abbreviations_EN_BG.txt	LDL	Low-Density Lipoprotein	LDL	Липопротеини с ниска плътност
cardiovascular_arterial hypertension_16_BGgpt_abbreviations_EN_BG.txt	HDL	High-Density Lipoprotein	HDL	Липопротеини с висока плътност
cardiovascular_arterial hypertension_16_BGgpt_abbreviations_EN_BG.txt	ECG	Electrocardiogram	ЕКГ	Електрокардиограма
cardiovascular_arterial hypertension_16_BGgpt_abbreviations_EN_BG.txt	NSAIDs	Nonsteroidal Anti-Inflammatory Drugs	НСПВС	Нестероидни противовъзпалителни средства
cardiovascular_arterial hypertension_16_BGgpt_abbreviations_EN_BG.txt	TSH	Thyroid-Stimulating Hormone	ТСХ	Тиреостимулиращ хормон
cardiovascular_arterial hypertension_17_BGgpt_abbreviations_EN_BG.txt	BP	Blood Pressure	КН	Кръвно налягане
cardiovascular_arterial hypertension_17_BGgpt_abbreviations_EN_BG.txt	BMI	Body Mass Index	ИТМ	Индекс на телесна маса
cardiovascular_arterial hypertension_17_BGgpt_abbreviations_EN_BG.txt	ECG	Electrocardiogram	ЕКГ	Електрокардиограма
cardiovascular_arterial hypertension_17_BGgpt_abbreviations_EN_BG.txt	ACE	Angiotensin-Converting Enzyme	АСЕ	Ангиотензин-конвертиращ ензим
cardiovascular_arterial hypertension_17_BGgpt_abbreviations_EN_BG.txt	NSAIDs	Nonsteroidal Anti-Inflammatory Drugs	НСПВС	Нестероидни противовъзпалителни средства
cardiovascular_arterial hypertension_17_BGgpt_abbreviations_EN_BG.txt	mm Hg	Millimeters of mercury	mmHg	Милиметри живачен стълб
cardiovascular_arterial hypertension_18_BGgpt_abbreviations_EN_BG.txt	BP	Blood Pressure	КН	Кръвно налягане
cardiovascular_arterial hypertension_18_BGgpt_abbreviations_EN_BG.txt	ECG	Electrocardiogram	ЕКГ	Електрокардиограма
cardiovascular_arterial hypertension_18_BGgpt_abbreviations_EN_BG.txt	BMI	Body Mass Index	ИТМ	Индекс на телесна маса
cardiovascular_arterial hypertension_18_BGgpt_abbreviations_EN_BG.txt	TSH	Thyroid-Stimulating Hormone	TSH	Тиреостимулиращ хормон
cardiovascular_arterial hypertension_18_BGgpt_abbreviations_EN_BG.txt	MI	Myocardial Infarction	МИ	Миокарден инфаркт
cardiovascular_arterial hypertension_18_BGgpt_abbreviations_EN_BG.txt	mg	Milligram	мг	Милиграм
cardiovascular_arterial hypertension_18_BGgpt_abbreviations_EN_BG.txt	mm Hg	Millimeters of Mercury	mmHg	Милиметри живачен стълб
cardiovascular_arterial hypertension_18_BGgpt_abbreviations_EN_BG.txt	LVEDV	Left Ventricular End-Diastolic Volume	Not used in text	Not applicable
cardiovascular_arterial hypertension_19_BGgpt_abbreviations_EN_BG.txt	MI	Myocardial Infarction	МИ	Миокарден инфаркт
cardiovascular_arterial hypertension_19_BGgpt_abbreviations_EN_BG.txt	BP	Blood Pressure	КН	Кръвно налягане
cardiovascular_arterial hypertension_19_BGgpt_abbreviations_EN_BG.txt	ECG	Electrocardiogram	ЕКГ	Електрокардиограма
cardiovascular_arterial hypertension_19_BGgpt_abbreviations_EN_BG.txt	BID	Twice Daily	2 пъти дневно	Два пъти дневно
cardiovascular_arterial hypertension_19_BGgpt_abbreviations_EN_BG.txt	QD	Once Daily	1 път дневно	Веднъж дневно
cardiovascular_arterial hypertension_19_BGgpt_abbreviations_EN_BG.txt	BMI	Body Mass Index	ИТМ	Индекс на телесна маса
cardiovascular_arterial hypertension_1_BGgpt_abbreviations_EN_BG.txt	BP	Blood Pressure	АН	Артериално налягане
cardiovascular_arterial hypertension_1_BGgpt_abbreviations_EN_BG.txt	bpm	beats per minute	уд./мин	удара в минута
cardiovascular_arterial hypertension_1_BGgpt_abbreviations_EN_BG.txt	mg/dL	milligrams per deciliter	mg/dL	милиграма на децилитър
cardiovascular_arterial hypertension_1_BGgpt_abbreviations_EN_BG.txt	ECG	Electrocardiogram	ЕКГ	Електрокардиограма
cardiovascular_arterial hypertension_1_BGgpt_abbreviations_EN_BG.txt	BMI	Body Mass Index	ИТМ	Индекс на телесна маса
cardiovascular_arterial hypertension_1_BGgpt_abbreviations_EN_BG.txt	ACE	Angiotensin-Converting Enzyme	АСЕ	Ангиотензин-конвертиращ ензим
cardiovascular_arterial hypertension_20_BGgpt_abbreviations_EN_BG.txt	BP	Blood Pressure	АН	Артериално кръвно налягане
cardiovascular_arterial hypertension_20_BGgpt_abbreviations_EN_BG.txt	ECG	Electrocardiogram	ЕКГ	Електрокардиограма
cardiovascular_arterial hypertension_20_BGgpt_abbreviations_EN_BG.txt	ACE	Angiotensin-Converting Enzyme	АСЕ	Ангиотензин-конвертиращ ензим
cardiovascular_arterial hypertension_20_BGgpt_abbreviations_EN_BG.txt	BMI	Body Mass Index	ИТМ	Индекс на телесна маса
cardiovascular_arterial hypertension_20_BGgpt_abbreviations_EN_BG.txt	mg	Milligram	мг	Милиграм
cardiovascular_arterial hypertension_20_BGgpt_abbreviations_EN_BG.txt	mm Hg	Millimeters of Mercury	mmHg	Милиметри живачен стълб
cardiovascular_arterial hypertension_20_BGgpt_abbreviations_EN_BG.txt	MRN	Medical Record Number	№БД	Болничен номер
cardiovascular_arterial hypertension_20_BGgpt_abbreviations_EN_BG.txt	DOB	Date of Birth	ДР	Дата на раждане
cardiovascular_arterial hypertension_21_BGgpt_abbreviations_EN_BG.txt	BP	Blood Pressure	КН	Кръвно налягане
cardiovascular_arterial hypertension_21_BGgpt_abbreviations_EN_BG.txt	BMI	Body Mass Index	ИТМ	Индекс на телесна маса
cardiovascular_arterial hypertension_21_BGgpt_abbreviations_EN_BG.txt	ECG	Electrocardiogram	ЕКГ	Електрокардиограма
cardiovascular_arterial hypertension_21_BGgpt_abbreviations_EN_BG.txt	LDL	Low-density lipoprotein	LDL	Липопротеин с ниска плътност
cardiovascular_arterial hypertension_21_BGgpt_abbreviations_EN_BG.txt	ACE	Angiotensin-converting enzyme	АСЕ	Ангиотензин-конвертиращ ензим
cardiovascular_arterial hypertension_21_BGgpt_abbreviations_EN_BG.txt	TSH	Thyroid-stimulating hormone	ТSH	Тиреостимулиращ хормон
cardiovascular_arterial hypertension_22_BGgpt_abbreviations_EN_BG.txt	BP	Blood Pressure	АН	Артериално налягане
cardiovascular_arterial hypertension_22_BGgpt_abbreviations_EN_BG.txt	BMI	Body Mass Index	ИТМ	Индекс на телесна маса
cardiovascular_arterial hypertension_22_BGgpt_abbreviations_EN_BG.txt	ECG	Electrocardiogram	ЕКГ	Електрокардиограма
cardiovascular_arterial hypertension_22_BGgpt_abbreviations_EN_BG.txt	ACE	Angiotensin Converting Enzyme	АСЕ	Ангиотензин-конвертиращ ензим
cardiovascular_arterial hypertension_22_BGgpt_abbreviations_EN_BG.txt	NSAIDs	Non-Steroidal Anti-Inflammatory Drugs	НСПВС	Нестероидни противовъзпалителни средства
cardiovascular_arterial hypertension_22_BGgpt_abbreviations_EN_BG.txt	mm Hg	millimeters of mercury	mmHg	милиметри живачен стълб
cardiovascular_arterial hypertension_23_BGgpt_abbreviations_EN_BG.txt	BP	Blood Pressure	АН	Артериално налягане
cardiovascular_arterial hypertension_23_BGgpt_abbreviations_EN_BG.txt	ECG	Electrocardiogram	ЕКГ	Електрокардиограма
cardiovascular_arterial hypertension_23_BGgpt_abbreviations_EN_BG.txt	LDL	Low-Density Lipoprotein	ЛНП	Липопротеин с ниска плътност
cardiovascular_arterial hypertension_23_BGgpt_abbreviations_EN_BG.txt	HbA1c	Glycated Hemoglobin	HbA1c	Гликиран хемоглобин
cardiovascular_arterial hypertension_23_BGgpt_abbreviations_EN_BG.txt	mg/dL	Milligrams per deciliter	mg/dL	Милиграми на децилитър
cardiovascular_arterial hypertension_23_BGgpt_abbreviations_EN_BG.txt	ACE	Angiotensin-Converting Enzyme	АСЕ	Ангиотензин-конвертиращ ензим
cardiovascular_arterial hypertension_23_BGgpt_abbreviations_EN_BG.txt	BMI	Body Mass Index	ИТМ	Индекс на телесна маса
cardiovascular_arterial hypertension_24_BGgpt_abbreviations_EN_BG.txt	BP	Blood Pressure	АН	Артериално налягане
cardiovascular_arterial hypertension_24_BGgpt_abbreviations_EN_BG.txt	ECG	Electrocardiogram	ЕКГ	Електрокардиограма
cardiovascular_arterial hypertension_24_BGgpt_abbreviations_EN_BG.txt	mm Hg	Millimeters of Mercury	mmHg / mm Hg	Милиметри живачен стълб
cardiovascular_arterial hypertension_25_BGgpt_abbreviations_EN_BG.txt	BP	Blood Pressure	КН	Кръвно налягане
cardiovascular_arterial hypertension_25_BGgpt_abbreviations_EN_BG.txt	ACE	Angiotensin-Converting Enzyme	АСЕ	Ангиотензин-конвертиращ ензим
cardiovascular_arterial hypertension_25_BGgpt_abbreviations_EN_BG.txt	ECG	Electrocardiogram	ЕКГ	Електрокардиограма
cardiovascular_arterial hypertension_25_BGgpt_abbreviations_EN_BG.txt	BMI	Body Mass Index	ИТМ	Индекс на телесна маса
cardiovascular_arterial hypertension_25_BGgpt_abbreviations_EN_BG.txt	mg	milligram	мг	милиграм
cardiovascular_arterial hypertension_25_BGgpt_abbreviations_EN_BG.txt	mm Hg	millimeters of mercury	мм живачен стълб	милиметри живачен стълб
cardiovascular_arterial hypertension_26_BGgpt_abbreviations_EN_BG.txt	BP	Blood Pressure	КН	Кръвно налягане
cardiovascular_arterial hypertension_26_BGgpt_abbreviations_EN_BG.txt	ACE	Angiotensin-Converting Enzyme	АСЕ	Ангиотензин-конвертиращ ензим
cardiovascular_arterial hypertension_26_BGgpt_abbreviations_EN_BG.txt	ARB	Angiotensin II Receptor Blocker	АРБ	Ангиотензин II рецепторен блокер
cardiovascular_arterial hypertension_26_BGgpt_abbreviations_EN_BG.txt	ECG	Electrocardiogram	ЕКГ	Електрокардиограма
cardiovascular_arterial hypertension_26_BGgpt_abbreviations_EN_BG.txt	MRN	Medical Record Number	МРН / № на мед. досие	Номер на медицинско досие
cardiovascular_arterial hypertension_26_BGgpt_abbreviations_EN_BG.txt	DOB	Date of Birth	ДР	Дата на раждане
cardiovascular_arterial hypertension_27_BGgpt_abbreviations_EN_BG.txt	BP	Blood Pressure	КП	Кръвно налягане
cardiovascular_arterial hypertension_27_BGgpt_abbreviations_EN_BG.txt	ECG	Electrocardiogram	ЕКГ	Електрокардиограма
cardiovascular_arterial hypertension_27_BGgpt_abbreviations_EN_BG.txt	mm Hg	Millimeters of Mercury	mm Hg	Милиметра живачен стълб
cardiovascular_arterial hypertension_27_BGgpt_abbreviations_EN_BG.txt	lbs	Pounds	lbs	Паунди (килограми за българската практика)
cardiovascular_arterial hypertension_27_BGgpt_abbreviations_EN_BG.txt	mg	Milligrams	mg	Милиграми
cardiovascular_arterial hypertension_27_BGgpt_abbreviations_EN_BG.txt	MD	Doctor of Medicine	д-р	Доктор по медицина
cardiovascular_arterial hypertension_27_BGgpt_abbreviations_EN_BG.txt	vs	Versus	срещу	Срещу
cardiovascular_arterial hypertension_28_BGgpt_abbreviations_EN_BG.txt	BP	Blood Pressure	АН	Артериално налягане
cardiovascular_arterial hypertension_28_BGgpt_abbreviations_EN_BG.txt	mm Hg	Millimeters of Mercury	mmHg	Милиметри живачен стълб (mm Hg се използва и в българската медицинска практика)
cardiovascular_arterial hypertension_28_BGgpt_abbreviations_EN_BG.txt	HbA1c	Glycated Hemoglobin	HbA1c	Гликиран хемоглобин
cardiovascular_arterial hypertension_28_BGgpt_abbreviations_EN_BG.txt	ECG	Electrocardiogram	ЕКГ	Електрокардиограма
cardiovascular_arterial hypertension_28_BGgpt_abbreviations_EN_BG.txt	ACE	Angiotensin-Converting Enzyme	АСЕ	Ангиотензин-конвертиращ ензим
cardiovascular_arterial hypertension_28_BGgpt_abbreviations_EN_BG.txt	Dr.	Doctor	Д-р	Доктор
cardiovascular_arterial hypertension_28_BGgpt_abbreviations_EN_BG.txt	mg	Milligram	мг	Милиграм
cardiovascular_arterial hypertension_28_BGgpt_abbreviations_EN_BG.txt	kg	Kilogram	кг	Килограм
cardiovascular_arterial hypertension_28_BGgpt_abbreviations_EN_BG.txt	cm	Centimeter	см	Сантиметър
cardiovascular_arterial hypertension_28_BGgpt_abbreviations_EN_BG.txt	TSH	Thyroid-Stimulating Hormone	TSH	Тиреостимулиращ хормон
cardiovascular_arterial hypertension_28_BGgpt_abbreviations_EN_BG.txt	LDL	Low-Density Lipoprotein	LDL	Липопротеин с ниска плътност
cardiovascular_arterial hypertension_29_BGgpt_abbreviations_EN_BG.txt	BP	Blood Pressure	КН	Кръвно налягане
cardiovascular_arterial hypertension_29_BGgpt_abbreviations_EN_BG.txt	ECG	Electrocardiogram	ЕКГ	Електрокардиограма
cardiovascular_arterial hypertension_29_BGgpt_abbreviations_EN_BG.txt	HCTZ	Hydrochlorothiazide	ХКТЗ	Хидрохлоротиазид
cardiovascular_arterial hypertension_29_BGgpt_abbreviations_EN_BG.txt	MD	Medical Doctor	д-р	Доктор
cardiovascular_arterial hypertension_29_BGgpt_abbreviations_EN_BG.txt	TSH	Thyroid-stimulating hormone	ТСХ	Тиреостимулиращ хормон
cardiovascular_arterial hypertension_2_BGgpt_abbreviations_EN_BG.txt	BP	Blood Pressure	АН	Артериално налягане
cardiovascular_arterial hypertension_2_BGgpt_abbreviations_EN_BG.txt	ECG	Electrocardiogram	ЕКГ	Електрокардиограма
cardiovascular_arterial hypertension_2_BGgpt_abbreviations_EN_BG.txt	mg	milligram	мг	милиграм
cardiovascular_arterial hypertension_2_BGgpt_abbreviations_EN_BG.txt	ACE inhibitor	Angiotensin-Converting Enzyme inhibitor	АСЕ-инхибитор	Ангиотензин-конвертиращ ензимен инхибитор
cardiovascular_arterial hypertension_30_BGgpt_abbreviations_EN_BG.txt	BMI	Body Mass Index	ИТМ	Индекс на телесна маса
cardiovascular_arterial hypertension_30_BGgpt_abbreviations_EN_BG.txt	BP	Blood Pressure	КН	Кръвно налягане
cardiovascular_arterial hypertension_30_BGgpt_abbreviations_EN_BG.txt	ACE	Angiotensin-Converting Enzyme	АКЕ	Ангиотензин-конвертиращ ензим
cardiovascular_arterial hypertension_30_BGgpt_abbreviations_EN_BG.txt	ECG	Electrocardiogram	ЕКГ	Електрокардиограма
cardiovascular_arterial hypertension_30_BGgpt_abbreviations_EN_BG.txt	LDL	Low-Density Lipoprotein	LDL	Липопротеин с ниска плътност
cardiovascular_arterial hypertension_30_BGgpt_abbreviations_EN_BG.txt	mg/dL	Milligrams per deciliter	mg/dL	Милиграми на децилитър
cardiovascular_arterial hypertension_30_BGgpt_abbreviations_EN_BG.txt	mm Hg	Millimeters of mercury	mmHg	Милиметри живачен стълб
cardiovascular_arterial hypertension_31_BGgpt_abbreviations_EN_BG.txt	BP	Blood Pressure	КН	Кръвно налягане
cardiovascular_arterial hypertension_31_BGgpt_abbreviations_EN_BG.txt	ACE	Angiotensin-Converting Enzyme	АСЕ	Ангиотензин-конвертиращ ензим
cardiovascular_arterial hypertension_31_BGgpt_abbreviations_EN_BG.txt	LDL	Low-Density Lipoprotein	LDL	Липопротеин с ниска плътност
cardiovascular_arterial hypertension_31_BGgpt_abbreviations_EN_BG.txt	ECG	Electrocardiogram	ЕКГ	Електрокардиограма
cardiovascular_arterial hypertension_31_BGgpt_abbreviations_EN_BG.txt	BMI	Body Mass Index	ИТМ	Индекс на телесна маса
cardiovascular_arterial hypertension_31_BGgpt_abbreviations_EN_BG.txt	mm Hg	Millimeters of Mercury	mmHg	Милиметри живачен стълб
cardiovascular_arterial hypertension_31_BGgpt_abbreviations_EN_BG.txt	mg	Milligram	mg	Милиграм
cardiovascular_arterial hypertension_32_BGgpt_abbreviations_EN_BG.txt	BP	Blood Pressure	КН	Кръвно налягане
cardiovascular_arterial hypertension_32_BGgpt_abbreviations_EN_BG.txt	ACE	Angiotensin-Converting Enzyme	АСЕ	Ангиотензин-конвертиращ ензим
cardiovascular_arterial hypertension_32_BGgpt_abbreviations_EN_BG.txt	BMI	Body Mass Index	ИТМ	Индекс на телесна маса
cardiovascular_arterial hypertension_32_BGgpt_abbreviations_EN_BG.txt	ECG	Electrocardiogram	ЕКГ	Електрокардиограма
cardiovascular_arterial hypertension_32_BGgpt_abbreviations_EN_BG.txt	TSH	Thyroid-Stimulating Hormone	ТСХ	Тиреостимулиращ хормон
cardiovascular_arterial hypertension_32_BGgpt_abbreviations_EN_BG.txt	mm Hg	Millimeters of Mercury	mmHg	Милиметри живачен стълб
cardiovascular_arterial hypertension_32_BGgpt_abbreviations_EN_BG.txt	MRN	Medical Record Number	№ на мед. досие	Номер на медицинско досие
cardiovascular_arterial hypertension_32_BGgpt_abbreviations_EN_BG.txt	DOB	Date of Birth	ДР	Дата на раждане
cardiovascular_arterial hypertension_33_BGgpt_abbreviations_EN_BG.txt	BP	Blood Pressure	КН	Кръвно налягане
cardiovascular_arterial hypertension_33_BGgpt_abbreviations_EN_BG.txt	MRN	Medical Record Number	МРН	Медицинско досие №
cardiovascular_arterial hypertension_33_BGgpt_abbreviations_EN_BG.txt	LDL	Low-Density Lipoprotein	LDL	Липопротеин с ниска плътност
cardiovascular_arterial hypertension_33_BGgpt_abbreviations_EN_BG.txt	ECG	Electrocardiogram	ЕКГ	Електрокардиограма
cardiovascular_arterial hypertension_33_BGgpt_abbreviations_EN_BG.txt	BMI	Body Mass Index	ИТМ	Индекс на телесна маса
cardiovascular_arterial hypertension_33_BGgpt_abbreviations_EN_BG.txt	ACE	Angiotensin-Converting Enzyme	АСЕ	Ангиотензин-конвертиращ ензим
cardiovascular_arterial hypertension_33_BGgpt_abbreviations_EN_BG.txt	mg/dL	Milligrams per deciliter	мг/дЛ	Милиграми на децилитър
cardiovascular_arterial hypertension_33_BGgpt_abbreviations_EN_BG.txt	mm Hg	Millimeters of mercury	мм живачен стълб	Милиметри живачен стълб
cardiovascular_arterial hypertension_34_BGgpt_abbreviations_EN_BG.txt	DOB	Date of Birth	Дата на раждане	Дата на раждане
cardiovascular_arterial hypertension_34_BGgpt_abbreviations_EN_BG.txt	BP	Blood Pressure	АН	Артериално налягане
cardiovascular_arterial hypertension_34_BGgpt_abbreviations_EN_BG.txt	mg/dL	Milligrams per deciliter	mg/dL	Милиграми на децилитър
cardiovascular_arterial hypertension_34_BGgpt_abbreviations_EN_BG.txt	ECG	Electrocardiogram	ЕКГ	Електрокардиограма
cardiovascular_arterial hypertension_34_BGgpt_abbreviations_EN_BG.txt	ACE	Angiotensin-Converting Enzyme	АСЕ	Ангиотензин-конвертиращ ензим
cardiovascular_arterial hypertension_34_BGgpt_abbreviations_EN_BG.txt	HCTZ	Hydrochlorothiazide	Хидрохлоротиазид	Хидрохлоротиазид
cardiovascular_arterial hypertension_34_BGgpt_abbreviations_EN_BG.txt	MD	Doctor of Medicine	д-р	Доктор по медицина
cardiovascular_arterial hypertension_35_BGgpt_abbreviations_EN_BG.txt	BP	Blood Pressure	КН	Кръвно налягане
cardiovascular_arterial hypertension_35_BGgpt_abbreviations_EN_BG.txt	BMI	Body Mass Index	ИТМ	Индекс на телесна маса
cardiovascular_arterial hypertension_35_BGgpt_abbreviations_EN_BG.txt	ECG	Electrocardiogram	ЕКГ	Електрокардиограма
cardiovascular_arterial hypertension_35_BGgpt_abbreviations_EN_BG.txt	ACE	Angiotensin-Converting Enzyme	АКЕ	Ангиотензин-конвертиращ ензим
cardiovascular_arterial hypertension_35_BGgpt_abbreviations_EN_BG.txt	LDL	Low-Density Lipoprotein	ЛНП	Липопротеин с ниска плътност
cardiovascular_arterial hypertension_35_BGgpt_abbreviations_EN_BG.txt	TSH	Thyroid-Stimulating Hormone	ТСХ	Тиреостимулиращ хормон
cardiovascular_arterial hypertension_35_BGgpt_abbreviations_EN_BG.txt	mg	Milligram	мг	Милиграм
cardiovascular_arterial hypertension_35_BGgpt_abbreviations_EN_BG.txt	mm Hg	Millimeters of Mercury	mmHg	Милиметри живачен стълб
cardiovascular_arterial hypertension_36_BGgpt_abbreviations_EN_BG.txt	BMI	Body Mass Index	ИТМ	Индекс на телесна маса
cardiovascular_arterial hypertension_36_BGgpt_abbreviations_EN_BG.txt	LDL	Low-Density Lipoprotein	ЛПНП	Липопротеини с ниска плътност
cardiovascular_arterial hypertension_36_BGgpt_abbreviations_EN_BG.txt	ECG	Electrocardiogram	ЕКГ	Електрокардиограма
cardiovascular_arterial hypertension_36_BGgpt_abbreviations_EN_BG.txt	BP	Blood Pressure	АН	Артериално налягане
cardiovascular_arterial hypertension_36_BGgpt_abbreviations_EN_BG.txt	Hg	Mercury	mmHg	милиметра живачен стълб
cardiovascular_arterial hypertension_37_BGgpt_abbreviations_EN_BG.txt	DOB	Date of Birth	Дата на раждане	Дата на раждане
cardiovascular_arterial hypertension_37_BGgpt_abbreviations_EN_BG.txt	MRN	Medical Record Number	Рег. №	Регистрационен номер
cardiovascular_arterial hypertension_37_BGgpt_abbreviations_EN_BG.txt	BP	Blood Pressure	АН	Артериално налягане (sometimes КН for кръвно налягане)
cardiovascular_arterial hypertension_37_BGgpt_abbreviations_EN_BG.txt	bpm	beats per minute	уд./мин	удара в минута
cardiovascular_arterial hypertension_37_BGgpt_abbreviations_EN_BG.txt	ECG	Electrocardiogram	ЕКГ	Електрокардиограма
cardiovascular_arterial hypertension_37_BGgpt_abbreviations_EN_BG.txt	BMI	Body Mass Index	ИТМ	Индекс на телесна маса
cardiovascular_arterial hypertension_37_BGgpt_abbreviations_EN_BG.txt	ACE	Angiotensin-Converting Enzyme	ACE	Ангиотензин-конвертиращ ензим
cardiovascular_arterial hypertension_37_BGgpt_abbreviations_EN_BG.txt	TSH	Thyroid-Stimulating Hormone	ТТХ	Тиреостимулиращ хормон
cardiovascular_arterial hypertension_38_BGgpt_abbreviations_EN_BG.txt	BP	Blood Pressure	КН	Кръвно налягане
cardiovascular_arterial hypertension_38_BGgpt_abbreviations_EN_BG.txt	ACE	Angiotensin-Converting Enzyme	АСЕ	Ангиотензин-конвертиращ ензим
cardiovascular_arterial hypertension_38_BGgpt_abbreviations_EN_BG.txt	ECG	Electrocardiogram	ЕКГ	Електрокардиограма
cardiovascular_arterial hypertension_38_BGgpt_abbreviations_EN_BG.txt	mg	Milligram	мг	Милиграм
cardiovascular_arterial hypertension_38_BGgpt_abbreviations_EN_BG.txt	mm Hg	Millimeters of Mercury	mmHg / мм живачен стълб	Милиметра живачен стълб
cardiovascular_arterial hypertension_38_BGgpt_abbreviations_EN_BG.txt	T2DM	Type 2 Diabetes Mellitus	ЗД тип 2	Захарен диабет тип 2
cardiovascular_arterial hypertension_39_BGgpt_abbreviations_EN_BG.txt	BP	Blood Pressure	АН	Артериално налягане
cardiovascular_arterial hypertension_39_BGgpt_abbreviations_EN_BG.txt	BMI	Body Mass Index	ИТМ	Индекс на телесна маса
cardiovascular_arterial hypertension_39_BGgpt_abbreviations_EN_BG.txt	ACE	Angiotensin-Converting Enzyme	АСЕ	Ангиотензин-конвертиращ ензим
cardiovascular_arterial hypertension_39_BGgpt_abbreviations_EN_BG.txt	ECG	Electrocardiogram	ЕКГ	Електрокардиограма
cardiovascular_arterial hypertension_39_BGgpt_abbreviations_EN_BG.txt	mg	Milligram	mg	Милиграм
cardiovascular_arterial hypertension_39_BGgpt_abbreviations_EN_BG.txt	kg	Kilogram	kg	Килограм
cardiovascular_arterial hypertension_39_BGgpt_abbreviations_EN_BG.txt	mm Hg	Millimeters of Mercury	mm Hg	Милиметри живачен стълб
cardiovascular_arterial hypertension_3_BGgpt_abbreviations_EN_BG.txt	BP	Blood Pressure	КН	Кръвно налягане
cardiovascular_arterial hypertension_3_BGgpt_abbreviations_EN_BG.txt	MI	Myocardial Infarction	МИ	Миокарден инфаркт
cardiovascular_arterial hypertension_3_BGgpt_abbreviations_EN_BG.txt	ACE inhibitors	Angiotensin-Converting Enzyme inhibitors	АСЕ-инхибитори	Ангiotensin-конвертиращ ензимен инхибитор
cardiovascular_arterial hypertension_3_BGgpt_abbreviations_EN_BG.txt	ECG	Electrocardiogram	ЕКГ	Електрокардиограма
cardiovascular_arterial hypertension_3_BGgpt_abbreviations_EN_BG.txt	BMI	Body Mass Index	ИТМ	Индекс на телесна маса
cardiovascular_arterial hypertension_3_BGgpt_abbreviations_EN_BG.txt	mm Hg	Millimeters of Mercury	mmHg	Милиметри живачен стълб
cardiovascular_arterial hypertension_40_BGgpt_abbreviations_EN_BG.txt	BP	Blood Pressure	КН/АН	Кръвно налягане (АН - стандартно съкращение)
cardiovascular_arterial hypertension_40_BGgpt_abbreviations_EN_BG.txt	ECG	Electrocardiogram	ЕКГ	Електрокардиограма
cardiovascular_arterial hypertension_40_BGgpt_abbreviations_EN_BG.txt	ACE	Angiotensin-Converting Enzyme	АСЕ	Ангиотензин-конвертиращ ензим
cardiovascular_arterial hypertension_40_BGgpt_abbreviations_EN_BG.txt	mm Hg	Millimeters of Mercury	mmHg	Милиметри живачен стълб
cardiovascular_arterial hypertension_40_BGgpt_abbreviations_EN_BG.txt	mg	Milligram	mg	Милиграм
cardiovascular_arterial hypertension_40_BGgpt_abbreviations_EN_BG.txt	lbs	Pound	lb	Паунд
cardiovascular_arterial hypertension_41_BGgpt_abbreviations_EN_BG.txt	BP	Blood Pressure	АН	Артериално налягане
cardiovascular_arterial hypertension_41_BGgpt_abbreviations_EN_BG.txt	mmHg	Millimeters of Mercury	mmHg	милиметра живачен стълб
cardiovascular_arterial hypertension_41_BGgpt_abbreviations_EN_BG.txt	LDL	Low-Density Lipoprotein	ЛНП	Липопротеин с ниска плътност
cardiovascular_arterial hypertension_41_BGgpt_abbreviations_EN_BG.txt	HDL	High-Density Lipoprotein	ЛВП	Липопротеин с висока плътност
cardiovascular_arterial hypertension_41_BGgpt_abbreviations_EN_BG.txt	ECG	Electrocardiogram	ЕКГ	Електрокардиограма
cardiovascular_arterial hypertension_41_BGgpt_abbreviations_EN_BG.txt	TSH	Thyroid Stimulating Hormone	TSH	Тиреостимулиращ хормон
cardiovascular_arterial hypertension_41_BGgpt_abbreviations_EN_BG.txt	BMI	Body Mass Index	ИТМ	Индекс на телесна маса
cardiovascular_arterial hypertension_41_BGgpt_abbreviations_EN_BG.txt	ACE	Angiotensin-Converting Enzyme	АСЕ	Ангиотензин-конвертиращ ензим
cardiovascular_arterial hypertension_41_BGgpt_abbreviations_EN_BG.txt	mg/dL	Milligrams per Deciliter	mg/dL	милиграма на децилитър
cardiovascular_arterial hypertension_41_BGgpt_abbreviations_EN_BG.txt	MD	Doctor of Medicine	д-р	доктор по медицина
cardiovascular_arterial hypertension_42_BGgpt_abbreviations_EN_BG.txt	BP	Blood Pressure	АН	Артериално налягане
cardiovascular_arterial hypertension_42_BGgpt_abbreviations_EN_BG.txt	BMI	Body Mass Index	ИТМ	Индекс на телесна маса
cardiovascular_arterial hypertension_42_BGgpt_abbreviations_EN_BG.txt	ECG	Electrocardiogram	ЕКГ	Електрокардиограма
cardiovascular_arterial hypertension_42_BGgpt_abbreviations_EN_BG.txt	ACE	Angiotensin-Converting Enzyme	АСЕ	Ангиотензин-конвертиращ ензим
cardiovascular_arterial hypertension_43_BGgpt_abbreviations_EN_BG.txt	BP	Blood Pressure	АН	Кръвно налягане
cardiovascular_arterial hypertension_43_BGgpt_abbreviations_EN_BG.txt	BMI	Body Mass Index	ИТМ	Индекс на телесна маса
cardiovascular_arterial hypertension_43_BGgpt_abbreviations_EN_BG.txt	ECG	Electrocardiogram	ЕКГ	Електрокардиограма
cardiovascular_arterial hypertension_43_BGgpt_abbreviations_EN_BG.txt	ACE	Angiotensin-Converting Enzyme	АСЕ	Ангиотензин-конвертиращ ензим
cardiovascular_arterial hypertension_43_BGgpt_abbreviations_EN_BG.txt	mm Hg	Millimeters of mercury	mmHg	Милиметри живачен стълб
cardiovascular_arterial hypertension_44_BGgpt_abbreviations_EN_BG.txt	BP	Blood Pressure	КН	Кръвно налягане
cardiovascular_arterial hypertension_44_BGgpt_abbreviations_EN_BG.txt	BMI	Body Mass Index	ИТМ	Индекс на телесна маса
cardiovascular_arterial hypertension_44_BGgpt_abbreviations_EN_BG.txt	ECG	Electrocardiogram	ЕКГ	Електрокардиограма
cardiovascular_arterial hypertension_44_BGgpt_abbreviations_EN_BG.txt	ACE	Angiotensin-Converting Enzyme	АСЕ	Ангиотензин-конвертиращ ензим
cardiovascular_arterial hypertension_44_BGgpt_abbreviations_EN_BG.txt	MRN	Medical Record Number	ЛК №	Лекарски картон №
cardiovascular_arterial hypertension_45_BGgpt_abbreviations_EN_BG.txt	BP	Blood Pressure	АН	Артериално налягане
cardiovascular_arterial hypertension_45_BGgpt_abbreviations_EN_BG.txt	ECG	Electrocardiogram	ЕКГ	Електрокардиограма
cardiovascular_arterial hypertension_45_BGgpt_abbreviations_EN_BG.txt	BMI	Body Mass Index	ИТМ	Индекс на телесна маса
cardiovascular_arterial hypertension_45_BGgpt_abbreviations_EN_BG.txt	mm Hg	Millimeters of Mercury	mm Hg (не се превежда)	Милиметри живачен стълб
cardiovascular_arterial hypertension_45_BGgpt_abbreviations_EN_BG.txt	mg	Milligram	mg (не се превежда)	Милиграм
cardiovascular_arterial hypertension_46_BGgpt_abbreviations_EN_BG.txt	BP	Blood Pressure	КН	Кръвно налягане
cardiovascular_arterial hypertension_46_BGgpt_abbreviations_EN_BG.txt	HR	Heart Rate	ПВ	Пулсова честота
cardiovascular_arterial hypertension_46_BGgpt_abbreviations_EN_BG.txt	RR	Respiratory Rate	ДЧ	Дихателна честота
cardiovascular_arterial hypertension_46_BGgpt_abbreviations_EN_BG.txt	ECG	Electrocardiogram	ЕКГ	Електрокардиограма
cardiovascular_arterial hypertension_46_BGgpt_abbreviations_EN_BG.txt	QD	Once Daily	1x дн.	Един път дневно
cardiovascular_arterial hypertension_46_BGgpt_abbreviations_EN_BG.txt	BID	Twice Daily	2x дн.	Два пъти дневно
cardiovascular_arterial hypertension_46_BGgpt_abbreviations_EN_BG.txt	LDL	Low-Density Lipoprotein	LDL-Х	Липопротеини с ниска плътност-холестерол
cardiovascular_arterial hypertension_46_BGgpt_abbreviations_EN_BG.txt	TSH	Thyroid-Stimulating Hormone	TSH	Тиреостимулиращ хормон
cardiovascular_arterial hypertension_47_BGgpt_abbreviations_EN_BG.txt	BP	Blood Pressure	КН	Кръвно налягане
cardiovascular_arterial hypertension_47_BGgpt_abbreviations_EN_BG.txt	ECG	Electrocardiogram	ЕКГ	Електрокардиограма
cardiovascular_arterial hypertension_47_BGgpt_abbreviations_EN_BG.txt	BMI	Body Mass Index	ИТМ	Индекс на телесна маса
cardiovascular_arterial hypertension_47_BGgpt_abbreviations_EN_BG.txt	ACE	Angiotensin-converting enzyme	АСЕ	Ангиотензин-конвертиращ ензим
cardiovascular_arterial hypertension_47_BGgpt_abbreviations_EN_BG.txt	TSH	Thyroid-Stimulating Hormone	TSH	Тиреостимулиращ хормон
cardiovascular_arterial hypertension_47_BGgpt_abbreviations_EN_BG.txt	LDL	Low-density lipoprotein	LDL	Липопротеини с ниска плътност
cardiovascular_arterial hypertension_47_BGgpt_abbreviations_EN_BG.txt	HDL	High-density lipoprotein	HDL	Липопротеини с висока плътност
cardiovascular_arterial hypertension_47_BGgpt_abbreviations_EN_BG.txt	mg/dL	Milligrams per deciliter	mg/dL	Милиграми на децилитър
cardiovascular_arterial hypertension_48_BGgpt_abbreviations_EN_BG.txt	MRN	Medical Record Number	МРН	Медицински регистрационен номер
cardiovascular_arterial hypertension_48_BGgpt_abbreviations_EN_BG.txt	MD	Doctor of Medicine	д-р	Доктор по медицина
cardiovascular_arterial hypertension_48_BGgpt_abbreviations_EN_BG.txt	bpm	beats per minute	уд./мин	удара в минута
cardiovascular_arterial hypertension_48_BGgpt_abbreviations_EN_BG.txt	BP	Blood Pressure	КН	Кръвно налягане (АРТН is also used for arterial blood pressure)
cardiovascular_arterial hypertension_48_BGgpt_abbreviations_EN_BG.txt	ECG	Electrocardiogram	ЕКГ	Електрокардиограма
cardiovascular_arterial hypertension_48_BGgpt_abbreviations_EN_BG.txt	LDL	Low-Density Lipoprotein	ЛНП	Липопротеин с ниска плътност
cardiovascular_arterial hypertension_48_BGgpt_abbreviations_EN_BG.txt	ACE	Angiotensin-Converting Enzyme	АСЕ	Ангиотензин-конвертиращ ензим
cardiovascular_arterial hypertension_48_BGgpt_abbreviations_EN_BG.txt	ARB	Angiotensin II Receptor Blocker	АРБ	Ангиотензин II рецепторен блокер
cardiovascular_arterial hypertension_48_BGgpt_abbreviations_EN_BG.txt	BMI	Body Mass Index	ИТМ	Индекс на телесна маса
cardiovascular_arterial hypertension_48_BGgpt_abbreviations_EN_BG.txt	mm Hg	Millimeters of Mercury	mmHg	Милиметри живачен стълб
cardiovascular_arterial hypertension_49_BGgpt_abbreviations_EN_BG.txt	BP	Blood Pressure	КН (or АН)	Кръвно налягане (Артериално налягане)
cardiovascular_arterial hypertension_49_BGgpt_abbreviations_EN_BG.txt	ACE	Angiotensin-Converting Enzyme	АСЕ	Ангиотензин-конвертиращ ензим
cardiovascular_arterial hypertension_49_BGgpt_abbreviations_EN_BG.txt	ECG	Electrocardiogram	ЕКГ	Електрокардиограма
cardiovascular_arterial hypertension_49_BGgpt_abbreviations_EN_BG.txt	TSH	Thyroid-Stimulating Hormone	TSH (or ТСХ)	Тиреостимулиращ хормон (ТСХ)
cardiovascular_arterial hypertension_49_BGgpt_abbreviations_EN_BG.txt	LDL	Low-Density Lipoprotein	LDL	Липопротеин с ниска плътност
cardiovascular_arterial hypertension_49_BGgpt_abbreviations_EN_BG.txt	BMI	Body Mass Index	ИТМ	Индекс на телесна маса
cardiovascular_arterial hypertension_4_BGgpt_abbreviations_EN_BG.txt	BP	Blood Pressure	КН	Кръвно налягане
cardiovascular_arterial hypertension_4_BGgpt_abbreviations_EN_BG.txt	BID	Twice daily	2 пъти дневно	Две пъти дневно
cardiovascular_arterial hypertension_4_BGgpt_abbreviations_EN_BG.txt	QHS	Every night at bedtime	ПН	Преди нощувка
cardiovascular_arterial hypertension_4_BGgpt_abbreviations_EN_BG.txt	ECG	Electrocardiogram	ЕКГ	Електрокардиограма
cardiovascular_arterial hypertension_4_BGgpt_abbreviations_EN_BG.txt	ACE	Angiotensin-Converting Enzyme	АСЕ	Ангиотензин-конвертиращ ензим
cardiovascular_arterial hypertension_4_BGgpt_abbreviations_EN_BG.txt	mm Hg	millimeters of mercury	mmHg	милиметра живачен стълб
cardiovascular_arterial hypertension_5_BGgpt_abbreviations_EN_BG.txt	BP	Blood Pressure	КН	Кръвно налягане
cardiovascular_arterial hypertension_5_BGgpt_abbreviations_EN_BG.txt	BMI	Body Mass Index	ИТМ	Индекс на телесната маса
cardiovascular_arterial hypertension_5_BGgpt_abbreviations_EN_BG.txt	ECG	Electrocardiogram	ЕКГ	Електрокардиограма
cardiovascular_arterial hypertension_5_BGgpt_abbreviations_EN_BG.txt	TID	Three times daily	3 пъти дневно	Три пъти дневно
cardiovascular_arterial hypertension_5_BGgpt_abbreviations_EN_BG.txt	BID	Twice daily	2 пъти дневно	Два пъти дневно
cardiovascular_arterial hypertension_5_BGgpt_abbreviations_EN_BG.txt	QD	Once daily	1 път дневно	Един път дневно
cardiovascular_arterial hypertension_5_BGgpt_abbreviations_EN_BG.txt	TSH	Thyroid-Stimulating Hormone	ТСХ	Тиреостимулиращ хормон
cardiovascular_arterial hypertension_5_BGgpt_abbreviations_EN_BG.txt	HCTZ	Hydrochlorothiazide	ХКТЗ	Хидрохлоротиазид
cardiovascular_arterial hypertension_5_BGgpt_abbreviations_EN_BG.txt	MI	Myocardial Infarction	МИ	Миокарден инфаркт
cardiovascular_arterial hypertension_6_BGgpt_abbreviations_EN_BG.txt	BP	Blood Pressure	КН	Кръвно налягане
cardiovascular_arterial hypertension_6_BGgpt_abbreviations_EN_BG.txt	BMI	Body Mass Index	ИТМ	Индекс на телесната маса
cardiovascular_arterial hypertension_6_BGgpt_abbreviations_EN_BG.txt	ECG	Electrocardiogram	ЕКГ	Електрокардиограма
cardiovascular_arterial hypertension_6_BGgpt_abbreviations_EN_BG.txt	ACE	Angiotensin-converting enzyme	АСЕ	Ангиотензин-конвертиращ ензим
cardiovascular_arterial hypertension_6_BGgpt_abbreviations_EN_BG.txt	mg/dL	Milligrams per deciliter	мг/дл	Милиграми на децилитър
cardiovascular_arterial hypertension_7_BGgpt_abbreviations_EN_BG.txt	BP	Blood Pressure	КН	Кръвно налягане
cardiovascular_arterial hypertension_7_BGgpt_abbreviations_EN_BG.txt	BMI	Body Mass Index	ИТМ	Индекс на телесна маса
cardiovascular_arterial hypertension_7_BGgpt_abbreviations_EN_BG.txt	ECG	Electrocardiogram	ЕКГ	Електрокардиограма
cardiovascular_arterial hypertension_7_BGgpt_abbreviations_EN_BG.txt	ACE	Angiotensin-Converting Enzyme	АСЕ	Ангиотензин-конвертиращ ензим
cardiovascular_arterial hypertension_7_BGgpt_abbreviations_EN_BG.txt	LDL	Low-Density Lipoprotein	LDL	Липопротеин с ниска плътност
cardiovascular_arterial hypertension_7_BGgpt_abbreviations_EN_BG.txt	NSAIDs	Non-Steroidal Anti-Inflammatory Drugs	НСПВС	Нестероидни противовъзпалителни средства
cardiovascular_arterial hypertension_7_BGgpt_abbreviations_EN_BG.txt	mm Hg	Millimeters of Mercury	mm Hg	Милиметри живачен стълб
cardiovascular_arterial hypertension_8_BGgpt_abbreviations_EN_BG.txt	BP	Blood Pressure	АН	Артериално налягане
cardiovascular_arterial hypertension_8_BGgpt_abbreviations_EN_BG.txt	ECG	Electrocardiogram	ЕКГ	Електрокардиограма
cardiovascular_arterial hypertension_8_BGgpt_abbreviations_EN_BG.txt	ACE	Angiotensin-Converting Enzyme	АСЕ	Ангиотензин-конвертиращ ензим
cardiovascular_arterial hypertension_8_BGgpt_abbreviations_EN_BG.txt	LDL	Low-Density Lipoprotein	ЛДЛ	Липопротеин с ниска плътност
cardiovascular_arterial hypertension_9_BGgpt_abbreviations_EN_BG.txt	BP	Blood Pressure	АН	Артериално налягане
cardiovascular_arterial hypertension_9_BGgpt_abbreviations_EN_BG.txt	BMI	Body Mass Index	ИТМ	Индекс на телесна маса
cardiovascular_arterial hypertension_9_BGgpt_abbreviations_EN_BG.txt	ECG	Electrocardiogram	ЕКГ	Електрокардиограма
cardiovascular_arterial hypertension_9_BGgpt_abbreviations_EN_BG.txt	ACE	Angiotensin-Converting Enzyme	АСЕ	Ангиотензин-конвертиращ ензим
cardiovascular_arterial hypertension_9_BGgpt_abbreviations_EN_BG.txt	MRN	Medical Record Number	МРН	Медицинско досие №
cardiovascular_arterial hypertension_9_BGgpt_abbreviations_EN_BG.txt	mg	Milligrams	mg	Милиграма
endocrinology_hypothyroidism_0_BGgpt_abbreviations_EN_BG.txt	DOB	Date of Birth	ДР	Дата на раждане
endocrinology_hypothyroidism_0_BGgpt_abbreviations_EN_BG.txt	TSH	Thyroid-Stimulating Hormone	ТСХ	Тиреостимулиращ хормон
endocrinology_hypothyroidism_0_BGgpt_abbreviations_EN_BG.txt	T3	Triiodothyronine	Т3	Трийодтиронин
endocrinology_hypothyroidism_0_BGgpt_abbreviations_EN_BG.txt	T4	Thyroxine	Т4	Тироксин
endocrinology_hypothyroidism_0_BGgpt_abbreviations_EN_BG.txt	mIU/L	milli-international units per liter	mIU/L	милиинтернационални единици на литър
endocrinology_hypothyroidism_0_BGgpt_abbreviations_EN_BG.txt	ng/dL	nanograms per deciliter	ng/dL	нанограма на децилитър
endocrinology_hypothyroidism_0_BGgpt_abbreviations_EN_BG.txt	mcg	microgram	µg	микрограм
endocrinology_hypothyroidism_10_BGgpt_abbreviations_EN_BG.txt	TSH	Thyroid-Stimulating Hormone	ТТХ	Тиреостимулиращ хормон
endocrinology_hypothyroidism_10_BGgpt_abbreviations_EN_BG.txt	T4	Thyroxine	Т4	Тироксин
endocrinology_hypothyroidism_10_BGgpt_abbreviations_EN_BG.txt	T3	Triiodothyronine	Т3	Трийодтиронин
endocrinology_hypothyroidism_10_BGgpt_abbreviations_EN_BG.txt	CBC	Complete Blood Count	ПКК	Пълна кръвна картина
endocrinology_hypothyroidism_10_BGgpt_abbreviations_EN_BG.txt	mIU/L	milli-International Units per Liter	mIU/L	милимеждународни единици на литър
endocrinology_hypothyroidism_10_BGgpt_abbreviations_EN_BG.txt	ng/dL	nanograms per deciliter	ng/dL	нанограма на децилитър
endocrinology_hypothyroidism_10_BGgpt_abbreviations_EN_BG.txt	mcg	microgram	mcg	микрограм
endocrinology_hypothyroidism_10_BGgpt_abbreviations_EN_BG.txt	mg/dL	milligrams per deciliter	mg/dL	милиграм на децилитър
endocrinology_hypothyroidism_10_BGgpt_abbreviations_EN_BG.txt	MD	Doctor of Medicine	МД	Доктор по медицина
endocrinology_hypothyroidism_11_BGgpt_abbreviations_EN_BG.txt	MRN	Medical Record Number	МРН	Медицински регистрационен номер
endocrinology_hypothyroidism_11_BGgpt_abbreviations_EN_BG.txt	CBC	Complete Blood Count	ПКК	Пълна кръвна картина
endocrinology_hypothyroidism_11_BGgpt_abbreviations_EN_BG.txt	TSH	Thyroid-Stimulating Hormone	TSH	Тиреостимулиращ хормон
endocrinology_hypothyroidism_11_BGgpt_abbreviations_EN_BG.txt	T3	Triiodothyronine	T3	Трийодтиронин
endocrinology_hypothyroidism_11_BGgpt_abbreviations_EN_BG.txt	FT4	Free T4	FT4	Свободен тироксин
endocrinology_hypothyroidism_11_BGgpt_abbreviations_EN_BG.txt	mcg	Microgram	мкг	Микрограм
endocrinology_hypothyroidism_11_BGgpt_abbreviations_EN_BG.txt	g/dL	Grams per deciliter	г/дл	Грама на децилитър
endocrinology_hypothyroidism_11_BGgpt_abbreviations_EN_BG.txt	mg/dL	Milligrams per deciliter	мг/дл	Милиграма на децилитър
endocrinology_hypothyroidism_11_BGgpt_abbreviations_EN_BG.txt	mIU/L	Milli-international units per liter	mIU/L	Милимеждународни единици на литър
endocrinology_hypothyroidism_11_BGgpt_abbreviations_EN_BG.txt	ng/dL	Nanograms per deciliter	нг/дл	Нанограма на децилитър
endocrinology_hypothyroidism_12_BGgpt_abbreviations_EN_BG.txt	DOB	Date of Birth	ДР	Дата на раждане
endocrinology_hypothyroidism_12_BGgpt_abbreviations_EN_BG.txt	MRN	Medical Record Number	АИ	Амбулаторен идентификатор (standard abbreviation)
endocrinology_hypothyroidism_12_BGgpt_abbreviations_EN_BG.txt	TSH	Thyroid Stimulating Hormone	TSH	Тиреостимулиращ хормон
endocrinology_hypothyroidism_12_BGgpt_abbreviations_EN_BG.txt	CBC	Complete Blood Count	ПКК	Пълна кръвна картина
endocrinology_hypothyroidism_12_BGgpt_abbreviations_EN_BG.txt	T3	Serum triiodothyronine	Т3	Серумен трийодтиронин
endocrinology_hypothyroidism_12_BGgpt_abbreviations_EN_BG.txt	ng/dL	nanograms per deciliter	ng/dL	нанограма на децилитър
endocrinology_hypothyroidism_12_BGgpt_abbreviations_EN_BG.txt	mcg	microgram	µg	микрограм
endocrinology_hypothyroidism_12_BGgpt_abbreviations_EN_BG.txt	mg/dL	milligrams per deciliter	mg/dL	милиграм на децилитър
endocrinology_hypothyroidism_12_BGgpt_abbreviations_EN_BG.txt	mIU/L	milli-international units per liter	mIU/L	милимеждународна единица на литър
endocrinology_hypothyroidism_13_BGgpt_abbreviations_EN_BG.txt	DOB	Date of Birth	ДР	Дата на раждане
endocrinology_hypothyroidism_13_BGgpt_abbreviations_EN_BG.txt	MRN	Medical Record Number	№ на мед. досие	Номер на медицинско досие
endocrinology_hypothyroidism_13_BGgpt_abbreviations_EN_BG.txt	TSH	Thyroid-Stimulating Hormone	ТСХ	Тиреостимулиращ хормон
endocrinology_hypothyroidism_13_BGgpt_abbreviations_EN_BG.txt	T3	Triiodothyronine	Т3	Трийодтиронин
endocrinology_hypothyroidism_13_BGgpt_abbreviations_EN_BG.txt	T4	Thyroxine	Т4	Тироксин
endocrinology_hypothyroidism_13_BGgpt_abbreviations_EN_BG.txt	CBC	Complete Blood Count	ПКК	Пълна кръвна картина
endocrinology_hypothyroidism_13_BGgpt_abbreviations_EN_BG.txt	bpm	beats per minute	уд./мин	удара в минута
endocrinology_hypothyroidism_13_BGgpt_abbreviations_EN_BG.txt	mcg	microgram	мкг	микрограм
endocrinology_hypothyroidism_13_BGgpt_abbreviations_EN_BG.txt	ng/dL	nanogram per deciliter	нг/дл	нанограм на децилитър
endocrinology_hypothyroidism_13_BGgpt_abbreviations_EN_BG.txt	mIU/L	milli-international unit per liter	mIU/l	милимеждународна единица на литър
endocrinology_hypothyroidism_13_BGgpt_abbreviations_EN_BG.txt	BP	Blood Pressure	АН	Артериално налягане
endocrinology_hypothyroidism_14_BGgpt_abbreviations_EN_BG.txt	TSH	Thyroid-stimulating hormone	TSH	Тиреостимулиращ хормон
endocrinology_hypothyroidism_14_BGgpt_abbreviations_EN_BG.txt	MI	Myocardial Infarction	МИ	Миокарден инфаркт
endocrinology_hypothyroidism_14_BGgpt_abbreviations_EN_BG.txt	BP	Blood Pressure	АН	Артериално налягане
endocrinology_hypothyroidism_14_BGgpt_abbreviations_EN_BG.txt	CBC	Complete blood count	ПКК	Пълна кръвна картина
endocrinology_hypothyroidism_14_BGgpt_abbreviations_EN_BG.txt	MD	Doctor of Medicine	д-р	Доктор по медицина
endocrinology_hypothyroidism_14_BGgpt_abbreviations_EN_BG.txt	ng/dL	Nanograms per deciliter	нг/дл	Нанограма на децилитър
endocrinology_hypothyroidism_14_BGgpt_abbreviations_EN_BG.txt	mIU/L	Milli-international units per liter	mIU/л	Милимеждународни единици на литър
endocrinology_hypothyroidism_14_BGgpt_abbreviations_EN_BG.txt	g/dL	Grams per deciliter	г/дл	Грама на децилитър
endocrinology_hypothyroidism_14_BGgpt_abbreviations_EN_BG.txt	mcg	Micrograms	мкг	Микрограма
endocrinology_hypothyroidism_15_BGgpt_abbreviations_EN_BG.txt	MRN	Medical Record Number	МРН	Медицинско записване № / Медицинско досие №
endocrinology_hypothyroidism_15_BGgpt_abbreviations_EN_BG.txt	TSH	Thyroid-Stimulating Hormone	TSH	Тиреостимулиращ хормон
endocrinology_hypothyroidism_15_BGgpt_abbreviations_EN_BG.txt	T4	Thyroxine	Т4	Тироксин
endocrinology_hypothyroidism_15_BGgpt_abbreviations_EN_BG.txt	T3	Triiodothyronine	Т3	Трийодтиронин
endocrinology_hypothyroidism_15_BGgpt_abbreviations_EN_BG.txt	mcg	Micrograms	мкг	Микрограма
endocrinology_hypothyroidism_15_BGgpt_abbreviations_EN_BG.txt	ng/dL	Nanograms per deciliter	нг/дл	Нанограма на децилитър
endocrinology_hypothyroidism_15_BGgpt_abbreviations_EN_BG.txt	mU/L	Milliunits per liter	mU/L	Милиединици на литър
endocrinology_hypothyroidism_15_BGgpt_abbreviations_EN_BG.txt	BP	Blood Pressure	АН	Артериално налягане / Кръвно налягане
endocrinology_hypothyroidism_16_BGgpt_abbreviations_EN_BG.txt	TSH	Thyroid-Stimulating Hormone	TSH	Тиреостимулиращ хормон
endocrinology_hypothyroidism_16_BGgpt_abbreviations_EN_BG.txt	T4	Thyroxine	T4	Тироксин
endocrinology_hypothyroidism_16_BGgpt_abbreviations_EN_BG.txt	T3	Triiodothyronine	T3	Трийодтиронин
endocrinology_hypothyroidism_16_BGgpt_abbreviations_EN_BG.txt	CBC	Complete blood count	ПКК	Пълна кръвна картина
endocrinology_hypothyroidism_16_BGgpt_abbreviations_EN_BG.txt	mg/dL	Milligrams per deciliter	mg/dL	Милиграми на децилитър
endocrinology_hypothyroidism_16_BGgpt_abbreviations_EN_BG.txt	mcg	Micrograms	µg	Микрограми
endocrinology_hypothyroidism_16_BGgpt_abbreviations_EN_BG.txt	MD	Doctor of Medicine	д-р	Доктор на медицината (or Доктор)
endocrinology_hypothyroidism_17_BGgpt_abbreviations_EN_BG.txt	TSH	Thyroid-Stimulating Hormone	TSH	Тиреостимулиращ хормон
endocrinology_hypothyroidism_17_BGgpt_abbreviations_EN_BG.txt	T4	Thyroxine	Т4	Тироксин
endocrinology_hypothyroidism_17_BGgpt_abbreviations_EN_BG.txt	T3	Triiodothyronine	Т3	Трийодтиронин
endocrinology_hypothyroidism_17_BGgpt_abbreviations_EN_BG.txt	mIU/L	milli-international units per liter	mIU/L	милимеждународни единици на литър
endocrinology_hypothyroidism_17_BGgpt_abbreviations_EN_BG.txt	ng/dL	nanograms per deciliter	ng/dL	нанограма на децилитър
endocrinology_hypothyroidism_17_BGgpt_abbreviations_EN_BG.txt	MD	Medical Doctor	д-р	лекар / доктор
endocrinology_hypothyroidism_17_BGgpt_abbreviations_EN_BG.txt	g/dL	grams per deciliter	g/dL	грама на децилитър
endocrinology_hypothyroidism_17_BGgpt_abbreviations_EN_BG.txt	mcg	microgram	mсg	микрограм
endocrinology_hypothyroidism_18_BGgpt_abbreviations_EN_BG.txt	TSH	Thyroid-Stimulating Hormone	TSH	Тиреостимулиращ хормон
endocrinology_hypothyroidism_18_BGgpt_abbreviations_EN_BG.txt	fT4	Free Thyroxine	fT4	Свободен тироксин
endocrinology_hypothyroidism_18_BGgpt_abbreviations_EN_BG.txt	fT3	Free Triiodothyronine	fT3	Свободен трийодтиронин
endocrinology_hypothyroidism_18_BGgpt_abbreviations_EN_BG.txt	MIU/L	milli-international units per liter	mIU/L	милимеждународни единици на литър
endocrinology_hypothyroidism_18_BGgpt_abbreviations_EN_BG.txt	ng/dL	nanograms per deciliter	ng/dL	нанограма на децилитър
endocrinology_hypothyroidism_18_BGgpt_abbreviations_EN_BG.txt	g/dL	grams per deciliter	g/dL	грам на децилитър
endocrinology_hypothyroidism_18_BGgpt_abbreviations_EN_BG.txt	mg/dL	milligrams per deciliter	mg/dL	милиграм на децилитър
endocrinology_hypothyroidism_18_BGgpt_abbreviations_EN_BG.txt	mcg	microgram	mсg	микрограм
endocrinology_hypothyroidism_19_BGgpt_abbreviations_EN_BG.txt	DOB	Date of Birth	ДР	Дата на раждане
endocrinology_hypothyroidism_19_BGgpt_abbreviations_EN_BG.txt	TSH	Thyroid-Stimulating Hormone	ТСХ	Тиреостимулиращ хормон
endocrinology_hypothyroidism_19_BGgpt_abbreviations_EN_BG.txt	T3	Triiodothyronine	Т3	Трийодтиронин
endocrinology_hypothyroidism_19_BGgpt_abbreviations_EN_BG.txt	CBC	Complete Blood Count	ПКК	Пълна кръвна картина
endocrinology_hypothyroidism_19_BGgpt_abbreviations_EN_BG.txt	ECG	Electrocardiogram	ЕКГ	Електрокардиограма
endocrinology_hypothyroidism_19_BGgpt_abbreviations_EN_BG.txt	bpm	beats per minute	уд/мин	удара в минута
endocrinology_hypothyroidism_19_BGgpt_abbreviations_EN_BG.txt	mIU/L	milli-international units per liter	mIU/L	мили межд. единици/литър
endocrinology_hypothyroidism_19_BGgpt_abbreviations_EN_BG.txt	ng/dL	nanograms per deciliter	ng/dL	нанограма/децилитър
endocrinology_hypothyroidism_19_BGgpt_abbreviations_EN_BG.txt	mg/dL	milligrams per deciliter	mg/dL	милиграм/децилитър
endocrinology_hypothyroidism_19_BGgpt_abbreviations_EN_BG.txt	MD	Doctor of Medicine	д-р	доктор
endocrinology_hypothyroidism_1_BGgpt_abbreviations_EN_BG.txt	TSH	Thyroid Stimulating Hormone	TSH	Тиреостимулиращ хормон
endocrinology_hypothyroidism_1_BGgpt_abbreviations_EN_BG.txt	Free T4	Free Thyroxine	FT4	Свободен тироксин
endocrinology_hypothyroidism_1_BGgpt_abbreviations_EN_BG.txt	T3	Triiodothyronine	T3	Трийодтиронин
endocrinology_hypothyroidism_1_BGgpt_abbreviations_EN_BG.txt	BMI	Body Mass Index	ИТМ	Индекс на телесна маса
endocrinology_hypothyroidism_1_BGgpt_abbreviations_EN_BG.txt	mIU/L	milli-International Units per Liter	mIU/L	милимеждународни единици на литър
endocrinology_hypothyroidism_1_BGgpt_abbreviations_EN_BG.txt	ng/dL	nanograms per deciliter	ng/dL	нанограма на децилитър
endocrinology_hypothyroidism_1_BGgpt_abbreviations_EN_BG.txt	mg/dL	milligrams per deciliter	mg/dL	милиграма на децилитър
endocrinology_hypothyroidism_1_BGgpt_abbreviations_EN_BG.txt	g/dL	grams per deciliter	g/dL	грама на децилитър
endocrinology_hypothyroidism_1_BGgpt_abbreviations_EN_BG.txt	bpm	beats per minute	удара/мин	удара в минута
endocrinology_hypothyroidism_1_BGgpt_abbreviations_EN_BG.txt	BP	Blood Pressure	АН	Артериално налягане
endocrinology_hypothyroidism_1_BGgpt_abbreviations_EN_BG.txt	MD	Medical Doctor	д-р	доктор
endocrinology_hypothyroidism_1_BGgpt_abbreviations_EN_BG.txt	mcg	microgram	мкг	микрограм
endocrinology_hypothyroidism_20_BGgpt_abbreviations_EN_BG.txt	TSH	Thyroid-stimulating hormone	TSH	Тиреостимулиращ хормон
endocrinology_hypothyroidism_20_BGgpt_abbreviations_EN_BG.txt	T4	Thyroxine	Т4	Тироксин
endocrinology_hypothyroidism_20_BGgpt_abbreviations_EN_BG.txt	T3	Triiodothyronine	Т3	Трийодтиронин
endocrinology_hypothyroidism_20_BGgpt_abbreviations_EN_BG.txt	mcg	Microgram	мкг	Микрограм
endocrinology_hypothyroidism_20_BGgpt_abbreviations_EN_BG.txt	bpm	Beats per minute	уд/мин	Удъра в минута
endocrinology_hypothyroidism_20_BGgpt_abbreviations_EN_BG.txt	mg/dL	Milligrams per deciliter	мг/дл	Милиграми на децилитър
endocrinology_hypothyroidism_20_BGgpt_abbreviations_EN_BG.txt	mIU/L	Milli-international units per liter	мIU/л	Милимеждународни единици на литър
endocrinology_hypothyroidism_20_BGgpt_abbreviations_EN_BG.txt	ng/dL	Nanograms per deciliter	нг/дл	Нанограма на децилитър
endocrinology_hypothyroidism_21_BGgpt_abbreviations_EN_BG.txt	TSH	Thyroid-Stimulating Hormone	TSH	Тиреостимулиращ хормон
endocrinology_hypothyroidism_21_BGgpt_abbreviations_EN_BG.txt	T4	Thyroxine	T4	Тироксин
endocrinology_hypothyroidism_21_BGgpt_abbreviations_EN_BG.txt	T3	Triiodothyronine	T3	Трийодтиронин
endocrinology_hypothyroidism_21_BGgpt_abbreviations_EN_BG.txt	CBC	Complete Blood Count	ПКК	Пълна кръвна картина
endocrinology_hypothyroidism_21_BGgpt_abbreviations_EN_BG.txt	mIU/L	milli-International Units per Liter	mIU/L	милимеждународни единици на литър
endocrinology_hypothyroidism_21_BGgpt_abbreviations_EN_BG.txt	ng/dL	nanograms per deciliter	ng/dL	нанограма на децилитър
endocrinology_hypothyroidism_21_BGgpt_abbreviations_EN_BG.txt	mcg	microgram	µg	микрограм
endocrinology_hypothyroidism_22_BGgpt_abbreviations_EN_BG.txt	BP	Blood Pressure	АН	Артериално налягане
endocrinology_hypothyroidism_22_BGgpt_abbreviations_EN_BG.txt	bpm	beats per minute	уд/мин	удара в минута
endocrinology_hypothyroidism_22_BGgpt_abbreviations_EN_BG.txt	TSH	Thyroid-Stimulating Hormone	TSH	Тиреостимулиращ хормон
endocrinology_hypothyroidism_22_BGgpt_abbreviations_EN_BG.txt	fT4	Free Thyroxine	Св.Т4	Свободен тироксин
endocrinology_hypothyroidism_22_BGgpt_abbreviations_EN_BG.txt	T3	Triiodothyronine	Т3	Трийодтиронин
endocrinology_hypothyroidism_22_BGgpt_abbreviations_EN_BG.txt	M.D.	Medical Doctor	Д-р / МД	Медицински доктор
endocrinology_hypothyroidism_22_BGgpt_abbreviations_EN_BG.txt	ECG	Electrocardiogram	ЕКГ	Електрокардиограма
endocrinology_hypothyroidism_22_BGgpt_abbreviations_EN_BG.txt	Hb	Hemoglobin	Hb / Хб	Хемоглобин
endocrinology_hypothyroidism_22_BGgpt_abbreviations_EN_BG.txt	ng/dL	nanograms per deciliter	ng/dL	нанограма на децилитър
endocrinology_hypothyroidism_22_BGgpt_abbreviations_EN_BG.txt	mIU/L	milli-international units per liter	mIU/L	мили международни единици на литър
endocrinology_hypothyroidism_22_BGgpt_abbreviations_EN_BG.txt	mg/dL	milligrams per deciliter	mg/dL	милиграма на децилитър
endocrinology_hypothyroidism_23_BGgpt_abbreviations_EN_BG.txt	BP	Blood Pressure	АН	Артериално налягане
endocrinology_hypothyroidism_23_BGgpt_abbreviations_EN_BG.txt	HR	Heart Rate	Пулс	Пулс
endocrinology_hypothyroidism_23_BGgpt_abbreviations_EN_BG.txt	RR	Respiratory Rate	ДД	Дихателна дейност
endocrinology_hypothyroidism_23_BGgpt_abbreviations_EN_BG.txt	TSH	Thyroid Stimulating Hormone	TSH	Тиреостимулиращ хормон
endocrinology_hypothyroidism_23_BGgpt_abbreviations_EN_BG.txt	T4	Thyroxine	Т4	Тироксин
endocrinology_hypothyroidism_23_BGgpt_abbreviations_EN_BG.txt	T3	Triiodothyronine	Т3	Трийодтиронин
endocrinology_hypothyroidism_23_BGgpt_abbreviations_EN_BG.txt	CBC	Complete Blood Count	ПКК	Пълна кръвна картина
endocrinology_hypothyroidism_23_BGgpt_abbreviations_EN_BG.txt	mg/dL	Milligrams per deciliter	мг/дл	Милиграми на децилитър
endocrinology_hypothyroidism_23_BGgpt_abbreviations_EN_BG.txt	mIU/L	milli-International Units per liter	mIU/л	мили-международни единици на литър
endocrinology_hypothyroidism_24_BGgpt_abbreviations_EN_BG.txt	TSH	Thyroid-Stimulating Hormone	TSH	Тиреостимулиращ хормон
endocrinology_hypothyroidism_24_BGgpt_abbreviations_EN_BG.txt	CBC	Complete Blood Count	ПКК	Пълна кръвна картина
endocrinology_hypothyroidism_24_BGgpt_abbreviations_EN_BG.txt	mIU/L	milli-International Units per Liter	mIU/L	милимеждународни единици на литър
endocrinology_hypothyroidism_24_BGgpt_abbreviations_EN_BG.txt	ng/dL	nanograms per deciliter	ng/dL	нанограма на децилитър
endocrinology_hypothyroidism_24_BGgpt_abbreviations_EN_BG.txt	mg/dL	milligrams per deciliter	mg/dL	милиграма на децилитър
endocrinology_hypothyroidism_24_BGgpt_abbreviations_EN_BG.txt	g/dL	grams per deciliter	g/dL	грама на децилитър
endocrinology_hypothyroidism_24_BGgpt_abbreviations_EN_BG.txt	mcg	microgram	µg	микрограм
endocrinology_hypothyroidism_24_BGgpt_abbreviations_EN_BG.txt	MD	Doctor of Medicine	д-р	доктор
endocrinology_hypothyroidism_24_BGgpt_abbreviations_EN_BG.txt	MRN	Medical Record Number	МРН	Медицинско досие №
endocrinology_hypothyroidism_24_BGgpt_abbreviations_EN_BG.txt	BMI	Body Mass Index	ИТМ	Индекс на телесна маса
endocrinology_hypothyroidism_25_BGgpt_abbreviations_EN_BG.txt	TSH	Thyroid-Stimulating Hormone	TSH	Тиреостимулиращ хормон
endocrinology_hypothyroidism_25_BGgpt_abbreviations_EN_BG.txt	T4	Thyroxine	T4	Тироксин
endocrinology_hypothyroidism_25_BGgpt_abbreviations_EN_BG.txt	T3	Triiodothyronine	T3	Трийодтиронин
endocrinology_hypothyroidism_25_BGgpt_abbreviations_EN_BG.txt	bpm	beats per minute	уд./мин	удара в минута
endocrinology_hypothyroidism_25_BGgpt_abbreviations_EN_BG.txt	mIU/L	milli-international units per liter	mIU/L	милимеждународни единици на литър
endocrinology_hypothyroidism_25_BGgpt_abbreviations_EN_BG.txt	ng/dL	nanograms per deciliter	ng/dL	нанограма на децилитър
endocrinology_hypothyroidism_25_BGgpt_abbreviations_EN_BG.txt	mcg	microgram	мкг	микрограма
endocrinology_hypothyroidism_26_BGgpt_abbreviations_EN_BG.txt	TSH	Thyroid-Stimulating Hormone	ТСХ	Тиреостимулиращ хормон
endocrinology_hypothyroidism_26_BGgpt_abbreviations_EN_BG.txt	T3	Triiodothyronine	Т3	Трийодтиронин
endocrinology_hypothyroidism_26_BGgpt_abbreviations_EN_BG.txt	T4	Thyroxine (Free T4)	Т4	Тироксин (Свободен тироксин)
endocrinology_hypothyroidism_26_BGgpt_abbreviations_EN_BG.txt	PO	Per os (by mouth)	п/о	през устата
endocrinology_hypothyroidism_26_BGgpt_abbreviations_EN_BG.txt	mcg	Microgram(s)	мкг	микрограм(и)
endocrinology_hypothyroidism_26_BGgpt_abbreviations_EN_BG.txt	ng/dL	Nanogram per deciliter	нг/дл	нанограм на децилитър
endocrinology_hypothyroidism_26_BGgpt_abbreviations_EN_BG.txt	mIU/L	Milli-international unit per liter	mIU/l	милимеждународни единици на литър
endocrinology_hypothyroidism_26_BGgpt_abbreviations_EN_BG.txt	MRN	Medical Record Number	№	номер
endocrinology_hypothyroidism_26_BGgpt_abbreviations_EN_BG.txt	ER	Emergency Room	Спешно отделение	Спешно отделение
endocrinology_hypothyroidism_27_BGgpt_abbreviations_EN_BG.txt	TSH	Thyroid-Stimulating Hormone	TSH	Тиреостимулиращ хормон
endocrinology_hypothyroidism_27_BGgpt_abbreviations_EN_BG.txt	FT4	Free T4	FT4	Свободен тироксин
endocrinology_hypothyroidism_27_BGgpt_abbreviations_EN_BG.txt	T3	Triiodothyronine	T3	Трийодтиронин
endocrinology_hypothyroidism_27_BGgpt_abbreviations_EN_BG.txt	MD	Doctor of Medicine	д-р	Доктор по медицина
endocrinology_hypothyroidism_27_BGgpt_abbreviations_EN_BG.txt	mIU/L	milli-International Units per Liter	mIU/L	милимеждународни единици на литър
endocrinology_hypothyroidism_27_BGgpt_abbreviations_EN_BG.txt	ng/dL	nanograms per deciliter	ng/dL	нанограма на децилитър
endocrinology_hypothyroidism_28_BGgpt_abbreviations_EN_BG.txt	TSH	Thyroid-Stimulating Hormone	ТСХ	Тиреостимулиращ хормон
endocrinology_hypothyroidism_28_BGgpt_abbreviations_EN_BG.txt	T4	Thyroxine	Т4	Тироксин
endocrinology_hypothyroidism_28_BGgpt_abbreviations_EN_BG.txt	T3	Triiodothyronine	Т3	Трийодтиронин
endocrinology_hypothyroidism_28_BGgpt_abbreviations_EN_BG.txt	MCV	Mean Corpuscular Volume	MCV	Среден корпускуларен обем
endocrinology_hypothyroidism_28_BGgpt_abbreviations_EN_BG.txt	CBC	Complete Blood Count	ПКК	Пълна кръвна картина
endocrinology_hypothyroidism_28_BGgpt_abbreviations_EN_BG.txt	MI	Myocardial Infarction	МИ	Миокарден инфаркт
endocrinology_hypothyroidism_28_BGgpt_abbreviations_EN_BG.txt	BP	Blood Pressure	АН	Артериално налягане
endocrinology_hypothyroidism_28_BGgpt_abbreviations_EN_BG.txt	mcg	Microgram	мкг	Микрограм
endocrinology_hypothyroidism_28_BGgpt_abbreviations_EN_BG.txt	g/dL	Grams per deciliter	г/дл	Грама на децилитър
endocrinology_hypothyroidism_28_BGgpt_abbreviations_EN_BG.txt	ng/dL	Nanograms per deciliter	нг/дл	Нанограма на децилитър
endocrinology_hypothyroidism_28_BGgpt_abbreviations_EN_BG.txt	fL	Femtoliter	фл	Фемтолитър
endocrinology_hypothyroidism_28_BGgpt_abbreviations_EN_BG.txt	mg/dL	Milligrams per deciliter	мг/дл	Милиграма на децилитър
endocrinology_hypothyroidism_29_BGgpt_abbreviations_EN_BG.txt	ID	Identification	№	Номер
endocrinology_hypothyroidism_29_BGgpt_abbreviations_EN_BG.txt	TSH	Thyroid Stimulating Hormone	ТСХ	Тиреостимулиращ хормон
endocrinology_hypothyroidism_29_BGgpt_abbreviations_EN_BG.txt	CBC	Complete Blood Count	ПКК	Пълна кръвна картина
endocrinology_hypothyroidism_29_BGgpt_abbreviations_EN_BG.txt	MD	Medical Doctor	д-р	Доктор
endocrinology_hypothyroidism_29_BGgpt_abbreviations_EN_BG.txt	mcg	Microgram	мкг	Микрограм
endocrinology_hypothyroidism_29_BGgpt_abbreviations_EN_BG.txt	bpm	Beats per minute	уд/мин	Удари в минута
endocrinology_hypothyroidism_29_BGgpt_abbreviations_EN_BG.txt	g/dL	Grams per deciliter	г/дл	Грам на децилитър
endocrinology_hypothyroidism_29_BGgpt_abbreviations_EN_BG.txt	ng/dL	Nanograms per deciliter	нг/дл	Нанограм на децилитър
endocrinology_hypothyroidism_29_BGgpt_abbreviations_EN_BG.txt	mIU/L	Milli-international units per liter	mIU/L	Милимеждународни единици на литър
endocrinology_hypothyroidism_2_BGgpt_abbreviations_EN_BG.txt	MRN	Medical Record Number	ЛН	Личен номер (in Bulgarian context)
endocrinology_hypothyroidism_2_BGgpt_abbreviations_EN_BG.txt	TSH	Thyroid-Stimulating Hormone	TSH	Тиреостимулиращ хормон
endocrinology_hypothyroidism_2_BGgpt_abbreviations_EN_BG.txt	CBC	Complete Blood Count	ПКК	Пълна кръвна картина
endocrinology_hypothyroidism_2_BGgpt_abbreviations_EN_BG.txt	ng/dL	nanograms per deciliter	ng/dL	нанограма на децилитър
endocrinology_hypothyroidism_2_BGgpt_abbreviations_EN_BG.txt	mIU/L	milli-international units per liter	mIU/L	милимеждународни единици на литър
endocrinology_hypothyroidism_2_BGgpt_abbreviations_EN_BG.txt	mcg	microgram	µg	микрограм (µg is standard in Bulgarian)
endocrinology_hypothyroidism_30_BGgpt_abbreviations_EN_BG.txt	TSH	Thyroid-Stimulating Hormone	TSH	Тиреостимулиращ хормон
endocrinology_hypothyroidism_30_BGgpt_abbreviations_EN_BG.txt	T4	Thyroxine	Т4	Тироксин
endocrinology_hypothyroidism_30_BGgpt_abbreviations_EN_BG.txt	T3	Triiodothyronine	Т3	Трийодтиронин
endocrinology_hypothyroidism_30_BGgpt_abbreviations_EN_BG.txt	CBC	Complete Blood Count	ПКК	Пълна кръвна картина
endocrinology_hypothyroidism_30_BGgpt_abbreviations_EN_BG.txt	ECG	Electrocardiogram	ЕКГ	Електрокардиограма
endocrinology_hypothyroidism_30_BGgpt_abbreviations_EN_BG.txt	MRN	Medical Record Number	№ на мед. досие	Медицински досие
endocrinology_hypothyroidism_30_BGgpt_abbreviations_EN_BG.txt	mcg	Microgram	мкг	Микрограм
endocrinology_hypothyroidism_30_BGgpt_abbreviations_EN_BG.txt	mg/dL	Milligram per Deciliter	mg/dL	Милиграм на децилитър
endocrinology_hypothyroidism_30_BGgpt_abbreviations_EN_BG.txt	mU/L	Milliunit per Liter	mU/L	Милиединица на литър
endocrinology_hypothyroidism_30_BGgpt_abbreviations_EN_BG.txt	ng/dL	Nanogram per Deciliter	ng/dL	Нанограм на децилитър
endocrinology_hypothyroidism_30_BGgpt_abbreviations_EN_BG.txt	pg/mL	Picogram per Milliliter	pg/mL	Пикограм на милилитър
endocrinology_hypothyroidism_31_BGgpt_abbreviations_EN_BG.txt	TSH	Thyroid-Stimulating Hormone	ТСХ	Тиреостимулиращ хормон
endocrinology_hypothyroidism_31_BGgpt_abbreviations_EN_BG.txt	T4	Thyroxine	Т4	Тироксин
endocrinology_hypothyroidism_31_BGgpt_abbreviations_EN_BG.txt	T3	Triiodothyronine	Т3	Трийодтиронин
endocrinology_hypothyroidism_31_BGgpt_abbreviations_EN_BG.txt	CBC	Complete Blood Count	ПКК	Пълна кръвна картина
endocrinology_hypothyroidism_31_BGgpt_abbreviations_EN_BG.txt	mIU/L	milli-International Units per Liter	mIU/L	международни единици на литър
endocrinology_hypothyroidism_31_BGgpt_abbreviations_EN_BG.txt	ng/dL	nanogram per deciliter	ng/dL	нанограм на децилитър
endocrinology_hypothyroidism_31_BGgpt_abbreviations_EN_BG.txt	mg/dL	milligram per deciliter	mg/dL	милиграм на децилитър
endocrinology_hypothyroidism_31_BGgpt_abbreviations_EN_BG.txt	MD	Medical Doctor	д-р	Доктор
endocrinology_hypothyroidism_32_BGgpt_abbreviations_EN_BG.txt	DOB	Date of Birth	ДР	Дата на раждане
endocrinology_hypothyroidism_32_BGgpt_abbreviations_EN_BG.txt	MRN	Medical Record Number	ЛЗ	Личен здравен запис (по-рядко използвано, често се изписва пълния термин)
endocrinology_hypothyroidism_32_BGgpt_abbreviations_EN_BG.txt	CBC	Complete Blood Count	ПКК	Пълна кръвна картина
endocrinology_hypothyroidism_32_BGgpt_abbreviations_EN_BG.txt	TSH	Thyroid-stimulating hormone	ТСХ	Тиреостимулиращ хормон
endocrinology_hypothyroidism_32_BGgpt_abbreviations_EN_BG.txt	T4	Free Thyroxine	Свободен Т4	Свободен тироксин
endocrinology_hypothyroidism_32_BGgpt_abbreviations_EN_BG.txt	T3	Triiodothyronine	Т3	Трийодтиронин
endocrinology_hypothyroidism_32_BGgpt_abbreviations_EN_BG.txt	mcg	Micrograms	мкг	Микрограм
endocrinology_hypothyroidism_32_BGgpt_abbreviations_EN_BG.txt	ng/dL	Nanograms per deciliter	нг/дл	Нанограм на децилитър
endocrinology_hypothyroidism_32_BGgpt_abbreviations_EN_BG.txt	mIU/L	Milli-international units per liter	mIU/L	Милимеждународни единици на литър
endocrinology_hypothyroidism_33_BGgpt_abbreviations_EN_BG.txt	TSH	Thyroid-Stimulating Hormone	TSH	Тиреостимулиращ хормон
endocrinology_hypothyroidism_33_BGgpt_abbreviations_EN_BG.txt	ECG	Electrocardiogram	ЕКГ	Електрокардиограма
endocrinology_hypothyroidism_33_BGgpt_abbreviations_EN_BG.txt	mcg	Microgram	мкг	Микрограм
endocrinology_hypothyroidism_33_BGgpt_abbreviations_EN_BG.txt	mIU/L	Milli-international units per Liter	mIU/L	Милимеждународни единици на литър
endocrinology_hypothyroidism_33_BGgpt_abbreviations_EN_BG.txt	ng/dL	Nanograms per deciliter	ng/dL	Нанограма на децилитър
endocrinology_hypothyroidism_33_BGgpt_abbreviations_EN_BG.txt	mg/dL	Milligrams per deciliter	mg/dL	Милиграма на децилитър
endocrinology_hypothyroidism_33_BGgpt_abbreviations_EN_BG.txt	g/dL	Grams per deciliter	g/dL	Грама на децилитър
endocrinology_hypothyroidism_34_BGgpt_abbreviations_EN_BG.txt	TSH	Thyroid-Stimulating Hormone	TSH	Тиреостимулиращ хормон
endocrinology_hypothyroidism_34_BGgpt_abbreviations_EN_BG.txt	T4	Thyroxine	T4	Тироксин
endocrinology_hypothyroidism_34_BGgpt_abbreviations_EN_BG.txt	T3	Triiodothyronine	T3	Трийодтиронин
endocrinology_hypothyroidism_34_BGgpt_abbreviations_EN_BG.txt	mcg	Microgram	mkg	Микрограм
endocrinology_hypothyroidism_34_BGgpt_abbreviations_EN_BG.txt	ng/dL	Nanograms per deciliter	ng/dL	Нанограма на децилитър
endocrinology_hypothyroidism_34_BGgpt_abbreviations_EN_BG.txt	mIU/L	Milli-international units per liter	mIU/L	Милимеждународни единици на литър
endocrinology_hypothyroidism_34_BGgpt_abbreviations_EN_BG.txt	mg/dL	Milligrams per deciliter	mg/dL	Милиграма на децилитър
endocrinology_hypothyroidism_35_BGgpt_abbreviations_EN_BG.txt	TSH	Thyroid-Stimulating Hormone	TSH	Тиреостимулиращ хормон
endocrinology_hypothyroidism_35_BGgpt_abbreviations_EN_BG.txt	T4	Thyroxine	T4	Тироксин
endocrinology_hypothyroidism_35_BGgpt_abbreviations_EN_BG.txt	T3	Triiodothyronine	T3	Трийодтиронин
endocrinology_hypothyroidism_35_BGgpt_abbreviations_EN_BG.txt	EKG	Electrocardiogram	ЕКГ	Електрокардиограма
endocrinology_hypothyroidism_35_BGgpt_abbreviations_EN_BG.txt	CBC	Complete Blood Count	ПКК	Пълна кръвна картина
endocrinology_hypothyroidism_35_BGgpt_abbreviations_EN_BG.txt	bpm	beats per minute	уд/мин	удара в минута
endocrinology_hypothyroidism_35_BGgpt_abbreviations_EN_BG.txt	ng/dL	nanograms per deciliter	ng/dL	нанограма на децилитър
endocrinology_hypothyroidism_35_BGgpt_abbreviations_EN_BG.txt	mIU/L	milli-international units per liter	mIU/L	милимеждународни единици на литър
endocrinology_hypothyroidism_35_BGgpt_abbreviations_EN_BG.txt	mg/dL	milligrams per deciliter	mg/dL	милиграма на децилитър
endocrinology_hypothyroidism_36_BGgpt_abbreviations_EN_BG.txt	CBC	Complete Blood Count	ПКК	Пълна кръвна картина
endocrinology_hypothyroidism_36_BGgpt_abbreviations_EN_BG.txt	TSH	Thyroid-Stimulating Hormone	ТСХ	Тиреостимулиращ хормон
endocrinology_hypothyroidism_36_BGgpt_abbreviations_EN_BG.txt	T4	Free Thyroxine	Св. Т4	Свободен тироксин
endocrinology_hypothyroidism_36_BGgpt_abbreviations_EN_BG.txt	T3	Triiodothyronine	Св. Т3	Свободен трийодтиронин
endocrinology_hypothyroidism_36_BGgpt_abbreviations_EN_BG.txt	mcg	Microgram	мкг	Микрограм
endocrinology_hypothyroidism_36_BGgpt_abbreviations_EN_BG.txt	mU/L	milliunit per liter	mU/L	милиединица на литър
endocrinology_hypothyroidism_37_BGgpt_abbreviations_EN_BG.txt	DOB	Date of Birth	Дата на раждане	Дата на раждане
endocrinology_hypothyroidism_37_BGgpt_abbreviations_EN_BG.txt	TSH	Thyroid Stimulating Hormone	TSH	Тиреостимулиращ хормон
endocrinology_hypothyroidism_37_BGgpt_abbreviations_EN_BG.txt	CBC	Complete Blood Count	ПКК	Пълна кръвна картина
endocrinology_hypothyroidism_37_BGgpt_abbreviations_EN_BG.txt	mIU/L	milli-international units per liter	mIU/L	милимеждународни единици на литър
endocrinology_hypothyroidism_37_BGgpt_abbreviations_EN_BG.txt	ng/dL	nanograms per deciliter	ng/dL	нанограма на децилитър
endocrinology_hypothyroidism_37_BGgpt_abbreviations_EN_BG.txt	mcg	microgram	µg	микрограм
endocrinology_hypothyroidism_38_BGgpt_abbreviations_EN_BG.txt	TSH	Thyroid-Stimulating Hormone	ТСХ	Тиреостимулиращ хормон
endocrinology_hypothyroidism_38_BGgpt_abbreviations_EN_BG.txt	T4	Thyroxine	Т4	Тироксин
endocrinology_hypothyroidism_38_BGgpt_abbreviations_EN_BG.txt	T3	Triiodothyronine	Т3	Трийодтиронин
endocrinology_hypothyroidism_38_BGgpt_abbreviations_EN_BG.txt	mcg	Microgram	µг	Микрограм
endocrinology_hypothyroidism_38_BGgpt_abbreviations_EN_BG.txt	mIU/L	Milli-international unit per liter	mIU/L	Милимеждународна единица на литър
endocrinology_hypothyroidism_38_BGgpt_abbreviations_EN_BG.txt	mg/dL	Milligram per deciliter	mg/dL	Милиграм на децилитър
endocrinology_hypothyroidism_38_BGgpt_abbreviations_EN_BG.txt	MD	Medical Doctor	д-р	Доктор по медицина
endocrinology_hypothyroidism_38_BGgpt_abbreviations_EN_BG.txt	g/dL	Gram per deciliter	g/dL	Грам на децилитър
endocrinology_hypothyroidism_39_BGgpt_abbreviations_EN_BG.txt	MRN	Medical Record Number	МРН	Медицинско досие номер / Медицински регистрационен номер
endocrinology_hypothyroidism_39_BGgpt_abbreviations_EN_BG.txt	TSH	Thyroid-Stimulating Hormone	ТТХ	Тиреостимулиращ хормон
endocrinology_hypothyroidism_39_BGgpt_abbreviations_EN_BG.txt	CBC	Complete Blood Count	ПКК	Пълна кръвна картина
endocrinology_hypothyroidism_39_BGgpt_abbreviations_EN_BG.txt	FT4	Free T4	Свободен Т4	Свободен тироксин
endocrinology_hypothyroidism_39_BGgpt_abbreviations_EN_BG.txt	mcg	Microgram	мкг	Микрограм
endocrinology_hypothyroidism_39_BGgpt_abbreviations_EN_BG.txt	mIU/L	Milli-international units per liter	mIU/L	милимеждународни единици на литър
endocrinology_hypothyroidism_39_BGgpt_abbreviations_EN_BG.txt	ng/dL	Nanograms per deciliter	ng/dL	нанограма на децилитър
endocrinology_hypothyroidism_39_BGgpt_abbreviations_EN_BG.txt	g/dL	Grams per deciliter	g/dL	грама на децилитър
endocrinology_hypothyroidism_39_BGgpt_abbreviations_EN_BG.txt	mg/dL	Milligrams per deciliter	mg/dL	милиграма на децилитър
endocrinology_hypothyroidism_3_BGgpt_abbreviations_EN_BG.txt	MRN	Medical Record Number	МРН	Медицински регистрационен номер
endocrinology_hypothyroidism_3_BGgpt_abbreviations_EN_BG.txt	TSH	Thyroid Stimulating Hormone	ТСХ	Тиреостимулиращ хормон
endocrinology_hypothyroidism_3_BGgpt_abbreviations_EN_BG.txt	T4	Thyroxine	Т4	Тироксин
endocrinology_hypothyroidism_3_BGgpt_abbreviations_EN_BG.txt	T3	Triiodothyronine	Т3	Трийодтиронин
endocrinology_hypothyroidism_3_BGgpt_abbreviations_EN_BG.txt	bpm	beats per minute	уд./мин	удари в минута
endocrinology_hypothyroidism_3_BGgpt_abbreviations_EN_BG.txt	mcg	microgram	мкг	микрограм
endocrinology_hypothyroidism_3_BGgpt_abbreviations_EN_BG.txt	ng/dL	nanogram per deciliter	нг/дл	нанограм на децилитър
endocrinology_hypothyroidism_3_BGgpt_abbreviations_EN_BG.txt	mg/dL	milligram per deciliter	мг/дл	милиграм на децилитър
endocrinology_hypothyroidism_3_BGgpt_abbreviations_EN_BG.txt	g/dL	gram per deciliter	г/дл	грам на децилитър
endocrinology_hypothyroidism_3_BGgpt_abbreviations_EN_BG.txt	MD	Medical Doctor	д-р	доктор
endocrinology_hypothyroidism_40_BGgpt_abbreviations_EN_BG.txt	BP	Blood Pressure	КН	Кръвно налягане
endocrinology_hypothyroidism_40_BGgpt_abbreviations_EN_BG.txt	HR	Heart Rate	ЧСС	Честота на сърдечните съкращения
endocrinology_hypothyroidism_40_BGgpt_abbreviations_EN_BG.txt	Temp	Temperature	Т	Температура
endocrinology_hypothyroidism_40_BGgpt_abbreviations_EN_BG.txt	RR	Respiratory Rate	ЧД	Честота на дишане
endocrinology_hypothyroidism_40_BGgpt_abbreviations_EN_BG.txt	HEENT	Head, Eyes, Ears, Nose, Throat	Г,О,У,Н,Г	Глава, Очи, Уши, Нос, Гърло
endocrinology_hypothyroidism_40_BGgpt_abbreviations_EN_BG.txt	BID	Twice Daily	2 пъти дневно	Два пъти дневно
endocrinology_hypothyroidism_40_BGgpt_abbreviations_EN_BG.txt	TSH	Thyroid Stimulating Hormone	TSH	Тиреостимулиращ хормон
endocrinology_hypothyroidism_40_BGgpt_abbreviations_EN_BG.txt	Free T4	Free Thyroxine	Свободен T4	Свободен тироксин
endocrinology_hypothyroidism_40_BGgpt_abbreviations_EN_BG.txt	MIU/L	milli-International Units per Liter	mIU/L	милимеждународни единици на литър
endocrinology_hypothyroidism_40_BGgpt_abbreviations_EN_BG.txt	NG/DL	nanograms per deciliter	ng/dL	нанограма на децилитър
endocrinology_hypothyroidism_41_BGgpt_abbreviations_EN_BG.txt	TSH	Thyroid-Stimulating Hormone	ТСХ	Тиреостимулиращ хормон
endocrinology_hypothyroidism_41_BGgpt_abbreviations_EN_BG.txt	T4	Thyroxine	Т4	Тироксин
endocrinology_hypothyroidism_41_BGgpt_abbreviations_EN_BG.txt	T3	Triiodothyronine	Т3	Трийодтиронин
endocrinology_hypothyroidism_41_BGgpt_abbreviations_EN_BG.txt	CBC	Complete Blood Count	ПКК	Пълна кръвна картина
endocrinology_hypothyroidism_41_BGgpt_abbreviations_EN_BG.txt	IU/mL	International Units per milliliter	IU/mL	Международни единици на милилитър
endocrinology_hypothyroidism_41_BGgpt_abbreviations_EN_BG.txt	ng/dL	Nanograms per deciliter	ng/dL	Нанограми на децилитър
endocrinology_hypothyroidism_41_BGgpt_abbreviations_EN_BG.txt	mg/dL	Milligrams per deciliter	mg/dL	Милиграми на децилитър
endocrinology_hypothyroidism_41_BGgpt_abbreviations_EN_BG.txt	BP	Blood Pressure	АН	Артериално налягане
endocrinology_hypothyroidism_41_BGgpt_abbreviations_EN_BG.txt	ECG	Electrocardiogram	ЕКГ	Електрокардиограма
endocrinology_hypothyroidism_41_BGgpt_abbreviations_EN_BG.txt	IVF	Intravenous Fluids	ВВ-въвеждане на течности	Венозно въвеждане на течности
endocrinology_hypothyroidism_42_BGgpt_abbreviations_EN_BG.txt	TSH	Thyroid Stimulating Hormone	TSH	Тиреостимулиращ хормон
endocrinology_hypothyroidism_42_BGgpt_abbreviations_EN_BG.txt	T4	Thyroxine	Т4	Тироксин
endocrinology_hypothyroidism_42_BGgpt_abbreviations_EN_BG.txt	T3	Triiodothyronine	Т3	Трийодтиронин
endocrinology_hypothyroidism_42_BGgpt_abbreviations_EN_BG.txt	CBC	Complete Blood Count	ПКК	Пълна кръвна картина
endocrinology_hypothyroidism_42_BGgpt_abbreviations_EN_BG.txt	g/dL	Grams per deciliter	г/л	Грама на литър
endocrinology_hypothyroidism_42_BGgpt_abbreviations_EN_BG.txt	mIU/L	Milli-international units per liter	mIU/л	Милимеждународни единици на литър
endocrinology_hypothyroidism_42_BGgpt_abbreviations_EN_BG.txt	mg/dL	Milligrams per deciliter	мг/л	Милиграма на литър
endocrinology_hypothyroidism_42_BGgpt_abbreviations_EN_BG.txt	MD	Doctor of Medicine	д-р	Доктор на медицината
endocrinology_hypothyroidism_42_BGgpt_abbreviations_EN_BG.txt	x1/d	Once a day	1 път/ден	Един път дневно
endocrinology_hypothyroidism_42_BGgpt_abbreviations_EN_BG.txt	BP	Blood Pressure	АН	Артериално налягане
endocrinology_hypothyroidism_43_BGgpt_abbreviations_EN_BG.txt	TSH	Thyroid-Stimulating Hormone	ТСХ	Тиреостимулиращ хормон
endocrinology_hypothyroidism_43_BGgpt_abbreviations_EN_BG.txt	T4	Free Thyroxine	Т4	Свободен тироксин
endocrinology_hypothyroidism_43_BGgpt_abbreviations_EN_BG.txt	T3	Triiodothyronine	Т3	Трийодтиронин
endocrinology_hypothyroidism_43_BGgpt_abbreviations_EN_BG.txt	mcg	Microgram	мкг	Микрограм
endocrinology_hypothyroidism_43_BGgpt_abbreviations_EN_BG.txt	g/dL	Grams per deciliter	г/дл	Грам на децилитър
endocrinology_hypothyroidism_43_BGgpt_abbreviations_EN_BG.txt	mIU/L	Milli-international units per liter	mIU/L	Милимеждународни единици на литър
endocrinology_hypothyroidism_43_BGgpt_abbreviations_EN_BG.txt	mg/dL	Milligrams per deciliter	мг/дл	Милиграм на децилитър
endocrinology_hypothyroidism_43_BGgpt_abbreviations_EN_BG.txt	MRN	Medical Record Number	№ мед. досие	Номер на медицинско досие
endocrinology_hypothyroidism_43_BGgpt_abbreviations_EN_BG.txt	DOB	Date of Birth	Дата на раждане	Дата на раждане
endocrinology_hypothyroidism_44_BGgpt_abbreviations_EN_BG.txt	TSH	Thyroid-stimulating hormone	TSH	Тиреостимулиращ хормон
endocrinology_hypothyroidism_44_BGgpt_abbreviations_EN_BG.txt	fT4	Free T4	fT4	Свободен тироксин (fT4)
endocrinology_hypothyroidism_44_BGgpt_abbreviations_EN_BG.txt	T3	Triiodothyronine	T3	Трийодтиронин (T3)
endocrinology_hypothyroidism_44_BGgpt_abbreviations_EN_BG.txt	MI	Myocardial Infarction	МИ	Миокарден инфаркт
endocrinology_hypothyroidism_44_BGgpt_abbreviations_EN_BG.txt	BP	Blood Pressure	АН	Артериално налягане
endocrinology_hypothyroidism_44_BGgpt_abbreviations_EN_BG.txt	mcg	Microgram	мкг	Микрограм
endocrinology_hypothyroidism_44_BGgpt_abbreviations_EN_BG.txt	ng/dL	Nanograms per deciliter	нг/дл	Нанограма на децилитър
endocrinology_hypothyroidism_44_BGgpt_abbreviations_EN_BG.txt	mIU/L	Milli-international units per liter	mIU/L	Милимеждународни единици на литър
endocrinology_hypothyroidism_44_BGgpt_abbreviations_EN_BG.txt	mg/dL	Milligrams per deciliter	мг/дл	Милиграм на децилитър
endocrinology_hypothyroidism_44_BGgpt_abbreviations_EN_BG.txt	g/dL	Grams per deciliter	г/дл	Грам на децилитър
endocrinology_hypothyroidism_44_BGgpt_abbreviations_EN_BG.txt	Dr.	Doctor	д-р	Доктор
endocrinology_hypothyroidism_44_BGgpt_abbreviations_EN_BG.txt	MD	Medical Doctor	д-р	Доктор на медицината
endocrinology_hypothyroidism_45_BGgpt_abbreviations_EN_BG.txt	TSH	Thyroid-Stimulating Hormone	TSH	Тиреостимулиращ хормон
endocrinology_hypothyroidism_45_BGgpt_abbreviations_EN_BG.txt	T4	Free Thyroxine	T4	Свободен тироксин
endocrinology_hypothyroidism_45_BGgpt_abbreviations_EN_BG.txt	T3	Triiodothyronine	T3	Трийодтиронин
endocrinology_hypothyroidism_45_BGgpt_abbreviations_EN_BG.txt	mIU/L	milli-international units per liter	mIU/L	милимеждународни единици на литър
endocrinology_hypothyroidism_45_BGgpt_abbreviations_EN_BG.txt	ng/dL	nanograms per deciliter	ng/dL	нанограма на децилитър
endocrinology_hypothyroidism_45_BGgpt_abbreviations_EN_BG.txt	mg/dL	milligrams per deciliter	mg/dL	милиграма на децилитър
endocrinology_hypothyroidism_45_BGgpt_abbreviations_EN_BG.txt	mcg	microgram	mcg	микрограм
endocrinology_hypothyroidism_46_BGgpt_abbreviations_EN_BG.txt	ECG	Electrocardiogram	ЕКГ	Електрокардиограма
endocrinology_hypothyroidism_46_BGgpt_abbreviations_EN_BG.txt	TSH	Thyroid-Stimulating Hormone	ТСХ	Тиреостимулиращ хормон
endocrinology_hypothyroidism_46_BGgpt_abbreviations_EN_BG.txt	T4	Thyroxine	Т4	Тироксин
endocrinology_hypothyroidism_46_BGgpt_abbreviations_EN_BG.txt	T3	Triiodothyronine	Т3	Трийодтиронин
endocrinology_hypothyroidism_46_BGgpt_abbreviations_EN_BG.txt	mIU/L	milli-international units per liter	mIU/L	милимеждународни единици на литър
endocrinology_hypothyroidism_46_BGgpt_abbreviations_EN_BG.txt	ng/dL	nanograms per deciliter	ng/dL	нанограма на децилитър
endocrinology_hypothyroidism_46_BGgpt_abbreviations_EN_BG.txt	mg/dL	milligrams per deciliter	mg/dL	милиграма на децилитър
endocrinology_hypothyroidism_46_BGgpt_abbreviations_EN_BG.txt	mcg	microgram	mcg	микрограм
endocrinology_hypothyroidism_47_BGgpt_abbreviations_EN_BG.txt	TSH	Thyroid Stimulating Hormone	TSH	Тиреостимулиращ хормон
endocrinology_hypothyroidism_47_BGgpt_abbreviations_EN_BG.txt	FT4	Free Thyroxine	FT4	Свободен тироксин
endocrinology_hypothyroidism_47_BGgpt_abbreviations_EN_BG.txt	TT3	Total Triiodothyronine	TT3	Общ трийодтиронин
endocrinology_hypothyroidism_47_BGgpt_abbreviations_EN_BG.txt	CBC	Complete Blood Count	ПКК	Пълна кръвна картина
endocrinology_hypothyroidism_47_BGgpt_abbreviations_EN_BG.txt	BMI	Body Mass Index	ИТМ	Индекс на телесна маса
endocrinology_hypothyroidism_47_BGgpt_abbreviations_EN_BG.txt	bpm	beats per minute	уд./мин	удара в минута
endocrinology_hypothyroidism_47_BGgpt_abbreviations_EN_BG.txt	mg/dL	milligram per deciliter	mg/dL	милиграм на децилитър
endocrinology_hypothyroidism_47_BGgpt_abbreviations_EN_BG.txt	mIU/L	milli-international unit per liter	mIU/L	мили международни единици на литър
endocrinology_hypothyroidism_47_BGgpt_abbreviations_EN_BG.txt	ng/dL	nanogram per deciliter	ng/dL	нанограм на децилитър
endocrinology_hypothyroidism_47_BGgpt_abbreviations_EN_BG.txt	kg/m^2	kilogram per square meter	kg/m²	килограм на квадратен метър
endocrinology_hypothyroidism_47_BGgpt_abbreviations_EN_BG.txt	mmHg	millimeter of mercury	mmHg	милиметър живачен стълб
endocrinology_hypothyroidism_48_BGgpt_abbreviations_EN_BG.txt	TSH	Thyroid-Stimulating Hormone	ТСХ	Тиреостимулиращ хормон
endocrinology_hypothyroidism_48_BGgpt_abbreviations_EN_BG.txt	mIU/L	milli-International Units per Liter	mIU/L	милимеждународни единици на литър
endocrinology_hypothyroidism_48_BGgpt_abbreviations_EN_BG.txt	ng/dL	nanograms per deciliter	ng/dL	нанограма на децилитър
endocrinology_hypothyroidism_48_BGgpt_abbreviations_EN_BG.txt	MI	Myocardial Infarction	МИ	Миокарден инфаркт
endocrinology_hypothyroidism_48_BGgpt_abbreviations_EN_BG.txt	BP	Blood Pressure	АН	Артериално налягане
endocrinology_hypothyroidism_48_BGgpt_abbreviations_EN_BG.txt	T4	Thyroxine	T4	Тироксин
endocrinology_hypothyroidism_48_BGgpt_abbreviations_EN_BG.txt	CBC	Complete Blood Count	ПКК	Пълна кръвна картина
endocrinology_hypothyroidism_48_BGgpt_abbreviations_EN_BG.txt	g/dL	grams per deciliter	g/dL	грама на децилитър
endocrinology_hypothyroidism_48_BGgpt_abbreviations_EN_BG.txt	TPO	Thyroid Peroxidase	ТПО	Тиреоидна пероксидаза
endocrinology_hypothyroidism_48_BGgpt_abbreviations_EN_BG.txt	TAT	Thyroid Peroxidase Antibodies	ТАТ	Антитела срещу тиреоидна пероксидаза
endocrinology_hypothyroidism_49_BGgpt_abbreviations_EN_BG.txt	bpm	beats per minute	удара/минута	удара в минута
endocrinology_hypothyroidism_49_BGgpt_abbreviations_EN_BG.txt	TSH	Thyroid-stimulating hormone	TSH	Тиреостимулиращ хормон
endocrinology_hypothyroidism_49_BGgpt_abbreviations_EN_BG.txt	mIU/L	milli-international units per liter	mIU/L	милимеждународни единици на литър
endocrinology_hypothyroidism_49_BGgpt_abbreviations_EN_BG.txt	ng/dL	nanograms per deciliter	ng/dL	нанограма на децилитър
endocrinology_hypothyroidism_49_BGgpt_abbreviations_EN_BG.txt	T3	Triiodothyronine	Т3	Трийодтиронин
endocrinology_hypothyroidism_49_BGgpt_abbreviations_EN_BG.txt	T4	Thyroxine	Т4	Тироксин
endocrinology_hypothyroidism_49_BGgpt_abbreviations_EN_BG.txt	mcg	microgram	µg	микрограм
endocrinology_hypothyroidism_49_BGgpt_abbreviations_EN_BG.txt	g/dL	grams per deciliter	g/dL	грама на децилитър
endocrinology_hypothyroidism_49_BGgpt_abbreviations_EN_BG.txt	mg/dL	milligrams per deciliter	mg/dL	милиграма на децилитър
endocrinology_hypothyroidism_4_BGgpt_abbreviations_EN_BG.txt	TSH	Thyroid-Stimulating Hormone	TSH	Тиреостимулиращ хормон
endocrinology_hypothyroidism_4_BGgpt_abbreviations_EN_BG.txt	mcg	Micrograms	мкг	Микрограми
endocrinology_hypothyroidism_4_BGgpt_abbreviations_EN_BG.txt	mIU/L	milli-International Units per Liter	mIU/L	милимеждународни единици на литър
endocrinology_hypothyroidism_4_BGgpt_abbreviations_EN_BG.txt	ng/dL	Nanograms per Deciliter	ng/dL	Нанограма на децилитър
endocrinology_hypothyroidism_4_BGgpt_abbreviations_EN_BG.txt	BP	Blood Pressure	Кръвно налягане	Кръвно налягане (standard abbreviation АН)
endocrinology_hypothyroidism_4_BGgpt_abbreviations_EN_BG.txt	MD	Medical Doctor	Д-р	Доктор по медицина
endocrinology_hypothyroidism_5_BGgpt_abbreviations_EN_BG.txt	CBC	Complete Blood Count	ПКК	Пълна кръвна картина
endocrinology_hypothyroidism_5_BGgpt_abbreviations_EN_BG.txt	TSH	Thyroid-Stimulating Hormone	TSH	Тиреостимулиращ хормон
endocrinology_hypothyroidism_5_BGgpt_abbreviations_EN_BG.txt	T4	Free Thyroxine	T4	Свободен тироксин
endocrinology_hypothyroidism_5_BGgpt_abbreviations_EN_BG.txt	T3	Triiodothyronine	T3	Трийодтиронин
endocrinology_hypothyroidism_5_BGgpt_abbreviations_EN_BG.txt	mIU/L	milli-international units per liter	mIU/L	милимеждународни единици на литър
endocrinology_hypothyroidism_5_BGgpt_abbreviations_EN_BG.txt	ng/dL	nanograms per deciliter	ng/dL	нанограма на децилитър
endocrinology_hypothyroidism_5_BGgpt_abbreviations_EN_BG.txt	pg/mL	picograms per milliliter	pg/mL	пикограма на милилитър
endocrinology_hypothyroidism_5_BGgpt_abbreviations_EN_BG.txt	mg	milligram	mg	милиграм
endocrinology_hypothyroidism_6_BGgpt_abbreviations_EN_BG.txt	TSH	Thyroid-Stimulating Hormone	TSH	Тиреостимулиращ хормон
endocrinology_hypothyroidism_6_BGgpt_abbreviations_EN_BG.txt	mIU/L	milli-international units per liter	mIU/L	милимеждународни единици на литър
endocrinology_hypothyroidism_6_BGgpt_abbreviations_EN_BG.txt	ng/dL	nanograms per deciliter	ng/dL	нанограма на децилитър
endocrinology_hypothyroidism_6_BGgpt_abbreviations_EN_BG.txt	T3	triiodothyronine	T3	Трийодтиронин
endocrinology_hypothyroidism_6_BGgpt_abbreviations_EN_BG.txt	T4	free thyroxine	T4	Тироксин
endocrinology_hypothyroidism_7_BGgpt_abbreviations_EN_BG.txt	MRN	Medical Record Number	№ на медицинска документация	Номер на медицинска документация
endocrinology_hypothyroidism_7_BGgpt_abbreviations_EN_BG.txt	CBC	Complete Blood Count	ПКК	Пълна кръвна картина
endocrinology_hypothyroidism_7_BGgpt_abbreviations_EN_BG.txt	TSH	Thyroid-Stimulating Hormone	TSH	Тиреостимулиращ хормон
endocrinology_hypothyroidism_7_BGgpt_abbreviations_EN_BG.txt	T3	Triiodothyronine	Т3	Трийодтиронин
endocrinology_hypothyroidism_7_BGgpt_abbreviations_EN_BG.txt	T4	Thyroxine	Т4	Тироксин
endocrinology_hypothyroidism_7_BGgpt_abbreviations_EN_BG.txt	mcg	Microgram	мкг	Микрограм
endocrinology_hypothyroidism_7_BGgpt_abbreviations_EN_BG.txt	mg/dL	Milligram per Deciliter	mg/dL	Милиграм на децилитър
endocrinology_hypothyroidism_7_BGgpt_abbreviations_EN_BG.txt	mIU/L	Milli-international units per Liter	mIU/L	Мили международни единици на литър
endocrinology_hypothyroidism_7_BGgpt_abbreviations_EN_BG.txt	MD	Medical Doctor	д-р	Доктор
endocrinology_hypothyroidism_8_BGgpt_abbreviations_EN_BG.txt	TSH	Thyroid-Stimulating Hormone	TSH	Тиреостимулиращ хормон
endocrinology_hypothyroidism_8_BGgpt_abbreviations_EN_BG.txt	T4	Thyroxine	Т4	Тироксин
endocrinology_hypothyroidism_8_BGgpt_abbreviations_EN_BG.txt	T3	Triiodothyronine	Т3	Трийодтиронин
endocrinology_hypothyroidism_8_BGgpt_abbreviations_EN_BG.txt	mIU/L	milli-International Unit per Liter	mIU/L	милимеждународна единица на литър
endocrinology_hypothyroidism_8_BGgpt_abbreviations_EN_BG.txt	ng/dL	nanogram per deciliter	ng/dL	нанограм на децилитър
endocrinology_hypothyroidism_8_BGgpt_abbreviations_EN_BG.txt	mcg	microgram	mcg	микрограм
endocrinology_hypothyroidism_9_BGgpt_abbreviations_EN_BG.txt	CBC	Complete Blood Count	ПКК	Пълна кръвна картина
endocrinology_hypothyroidism_9_BGgpt_abbreviations_EN_BG.txt	TSH	Thyroid-Stimulating Hormone	ТСХ	Тиреостимулиращ хормон
endocrinology_hypothyroidism_9_BGgpt_abbreviations_EN_BG.txt	T4	Thyroxine	Т4	Тироксин
endocrinology_hypothyroidism_9_BGgpt_abbreviations_EN_BG.txt	T3	Triiodothyronine	Т3	Трийодтиронин
endocrinology_hypothyroidism_9_BGgpt_abbreviations_EN_BG.txt	MI	Myocardial Infarction	МИ	Миокарден инфаркт
endocrinology_hypothyroidism_9_BGgpt_abbreviations_EN_BG.txt	BP	Blood Pressure	КН	Кръвно налягане
endocrinology_hypothyroidism_9_BGgpt_abbreviations_EN_BG.txt	mcg	Microgram	мкг	Микрограм
endocrinology_hypothyroidism_9_BGgpt_abbreviations_EN_BG.txt	ng/dL	Nanograms per deciliter	нг/дл	Нанограма на децилитър
endocrinology_type 1 diabetes_0_BGgpt_abbreviations_EN_BG.txt	FPG	Fasting Plasma Glucose	ГПГ	Глюкоза на гладно
endocrinology_type 1 diabetes_0_BGgpt_abbreviations_EN_BG.txt	HbA1C	Glycosylated Hemoglobin	HbA1C	Гликиран хемоглобин
endocrinology_type 1 diabetes_0_BGgpt_abbreviations_EN_BG.txt	CGM	Continuous Glucose Monitor	CGM	Система за непрекъснато измерване на глюкозата
endocrinology_type 1 diabetes_0_BGgpt_abbreviations_EN_BG.txt	ID	Identification	ЛН	Личен номер
endocrinology_type 1 diabetes_10_BGgpt_abbreviations_EN_BG.txt	FPG	Fasting Plasma Glucose	ГПГ	Глюкоза на гладно
endocrinology_type 1 diabetes_10_BGgpt_abbreviations_EN_BG.txt	HbA1C	Glycosylated Hemoglobin	HbA1c	Гликиран хемоглобин
endocrinology_type 1 diabetes_10_BGgpt_abbreviations_EN_BG.txt	OGTT	Oral Glucose Tolerance Test	ОГТТ	Орален глюкозо-толерантен тест
endocrinology_type 1 diabetes_10_BGgpt_abbreviations_EN_BG.txt	T1DM	Type 1 Diabetes Mellitus	ЗД тип 1	Захарен диабет тип 1
endocrinology_type 1 diabetes_10_BGgpt_abbreviations_EN_BG.txt	MD	Doctor of Medicine	д-р	доктор по медицина
endocrinology_type 1 diabetes_10_BGgpt_abbreviations_EN_BG.txt	MRN	Medical Record Number	№ на медицинско досие	Номер на медицинско досие
endocrinology_type 1 diabetes_11_BGgpt_abbreviations_EN_BG.txt	BMI	Body Mass Index	ИТМ	Индекс на телесна маса
endocrinology_type 1 diabetes_11_BGgpt_abbreviations_EN_BG.txt	BP	Blood Pressure	АН	Артериално налягане
endocrinology_type 1 diabetes_11_BGgpt_abbreviations_EN_BG.txt	FPG	Fasting Plasma Glucose	ГК	Глюкоза на гладно
endocrinology_type 1 diabetes_11_BGgpt_abbreviations_EN_BG.txt	HbA1C	Glycosylated Hemoglobin	HbA1C	Гликиран хемоглобин
endocrinology_type 1 diabetes_11_BGgpt_abbreviations_EN_BG.txt	OGTT	Oral Glucose Tolerance Test	ОГТТ	Орален глюкозо-толерантен тест
endocrinology_type 1 diabetes_11_BGgpt_abbreviations_EN_BG.txt	LDL	Low-Density Lipoprotein	LDL	Липопротеин с ниска плътност
endocrinology_type 1 diabetes_11_BGgpt_abbreviations_EN_BG.txt	IV	Intravenous	i.v.	Интравенозен
endocrinology_type 1 diabetes_12_BGgpt_abbreviations_EN_BG.txt	FPG	Fasting Plasma Glucose	КЗГ	Кръвна захар на гладно
endocrinology_type 1 diabetes_12_BGgpt_abbreviations_EN_BG.txt	HbA1C	Glycosylated Hemoglobin	HbA1c	Гликиран хемоглобин
endocrinology_type 1 diabetes_12_BGgpt_abbreviations_EN_BG.txt	OGTT	Oral Glucose Tolerance Test	ОГТТ	Орален глюкозо-толерантен тест
endocrinology_type 1 diabetes_12_BGgpt_abbreviations_EN_BG.txt	SARS-CoV-2	Severe Acute Respiratory Syndrome Coronavirus 2	SARS-CoV-2	Тежък остър респираторен синдром коронавирус 2
endocrinology_type 1 diabetes_12_BGgpt_abbreviations_EN_BG.txt	mL	Milliliter	mL	Милилитра
endocrinology_type 1 diabetes_12_BGgpt_abbreviations_EN_BG.txt	kg	Kilogram	kg	Килограм
endocrinology_type 1 diabetes_13_BGgpt_abbreviations_EN_BG.txt	bpm	beats per minute	уд./мин	удара в минута
endocrinology_type 1 diabetes_13_BGgpt_abbreviations_EN_BG.txt	FPG	Fasting Plasma Glucose	КЗНГ	Кръвна захар на гладно
endocrinology_type 1 diabetes_13_BGgpt_abbreviations_EN_BG.txt	HbA1C	Glycosylated Hemoglobin	HbA1c	Гликиран хемоглобин
endocrinology_type 1 diabetes_13_BGgpt_abbreviations_EN_BG.txt	OGTT	Oral Glucose Tolerance Test	ОГТТ	Орален глюкозотолерантен тест
endocrinology_type 1 diabetes_14_BGgpt_abbreviations_EN_BG.txt	MRN	Medical Record Number	ЛЗ	Личен здравен запис (or ЕМН)
endocrinology_type 1 diabetes_14_BGgpt_abbreviations_EN_BG.txt	BP	Blood Pressure	АКН	Артериално кръвно налягане
endocrinology_type 1 diabetes_14_BGgpt_abbreviations_EN_BG.txt	HR	Heart Rate	СЧ	Сърдечна честота
endocrinology_type 1 diabetes_14_BGgpt_abbreviations_EN_BG.txt	FPG	Fasting Plasma Glucose	ГН	Глюкоза на гладно
endocrinology_type 1 diabetes_14_BGgpt_abbreviations_EN_BG.txt	HbA1C	Glycosylated Hemoglobin	ГХ	Гликиран хемоглобин
endocrinology_type 1 diabetes_14_BGgpt_abbreviations_EN_BG.txt	HEENT	Head, Eyes, Ears, Nose, Throat	ГШ	Глава и шия
endocrinology_type 1 diabetes_14_BGgpt_abbreviations_EN_BG.txt	PERRLA	Pupils Equal, Round, Reactive to Light and Accommodation	ИФЗ	Изохорични, фотореактивни зеници
endocrinology_type 1 diabetes_15_BGgpt_abbreviations_EN_BG.txt	FPG	Fasting Plasma Glucose	ГПГ	Гликемия на гладно
endocrinology_type 1 diabetes_15_BGgpt_abbreviations_EN_BG.txt	HbA1C	Glycosylated Hemoglobin	HbA1C	Гликиран хемоглобин
endocrinology_type 1 diabetes_15_BGgpt_abbreviations_EN_BG.txt	OGTT	Oral Glucose Tolerance Test	ОГТТ	Орален глюкозо-толерантен тест
endocrinology_type 1 diabetes_16_BGgpt_abbreviations_EN_BG.txt	FPG	Fasting Plasma Glucose	КЗГ	Кръвна захар на гладно
endocrinology_type 1 diabetes_16_BGgpt_abbreviations_EN_BG.txt	HbA1C	Glycosylated Hemoglobin	HbA1C	Гликиран хемоглобин
endocrinology_type 1 diabetes_16_BGgpt_abbreviations_EN_BG.txt	OGTT	Oral Glucose Tolerance Test	ОГТТ	Орален глюкозо-толерантен тест
endocrinology_type 1 diabetes_16_BGgpt_abbreviations_EN_BG.txt	mg/dL	Milligrams per deciliter	мг/дл	Милиграми на децилитър
endocrinology_type 1 diabetes_16_BGgpt_abbreviations_EN_BG.txt	BP	Blood Pressure	АН	Артериално налягане
endocrinology_type 1 diabetes_17_BGgpt_abbreviations_EN_BG.txt	DOB	Date of Birth	ДР	Дата на раждане
endocrinology_type 1 diabetes_17_BGgpt_abbreviations_EN_BG.txt	MRN	Medical Record Number	ЛН	Личен номер (на пациента)
endocrinology_type 1 diabetes_17_BGgpt_abbreviations_EN_BG.txt	FPG	Fasting Plasma Glucose	КЗГ	Кръвна захар на гладно
endocrinology_type 1 diabetes_17_BGgpt_abbreviations_EN_BG.txt	HbA1C	Glycosylated Hemoglobin	HbA1C	Гликиран хемоглобин
endocrinology_type 1 diabetes_17_BGgpt_abbreviations_EN_BG.txt	ACE	Angiotensin-Converting Enzyme	АСЕ	Ангиотензин-конвертиращ ензим
endocrinology_type 1 diabetes_17_BGgpt_abbreviations_EN_BG.txt	mg/dL	Milligrams per deciliter	мг/дл	Милиграми на децилитър
endocrinology_type 1 diabetes_17_BGgpt_abbreviations_EN_BG.txt	kg	Kilogram	кг	Килограм
endocrinology_type 1 diabetes_17_BGgpt_abbreviations_EN_BG.txt	BID	Twice daily	2 пъти дневно	Два пъти дневно
endocrinology_type 1 diabetes_17_BGgpt_abbreviations_EN_BG.txt	qd	Once daily	1 път дневно	Един път дневно
endocrinology_type 1 diabetes_17_BGgpt_abbreviations_EN_BG.txt	MD	Medical Doctor	д-р	Доктор
endocrinology_type 1 diabetes_18_BGgpt_abbreviations_EN_BG.txt	FPG	Fasting Plasma Glucose	КЗГ	Кръвна захар на гладно
endocrinology_type 1 diabetes_18_BGgpt_abbreviations_EN_BG.txt	HbA1C	Glycosylated Hemoglobin	HbA1c	Гликиран хемоглобин
endocrinology_type 1 diabetes_18_BGgpt_abbreviations_EN_BG.txt	LDL	Low-Density Lipoprotein	ЛДЛ	Липопротеини с ниска плътност
endocrinology_type 1 diabetes_18_BGgpt_abbreviations_EN_BG.txt	mg/dL	Milligrams per deciliter	мг/дл	Милиграми на децилитър
endocrinology_type 1 diabetes_18_BGgpt_abbreviations_EN_BG.txt	U	Units	Е	Единици
endocrinology_type 1 diabetes_18_BGgpt_abbreviations_EN_BG.txt	TID	Three times a day	3 пъти дневно	Три пъти дневно
endocrinology_type 1 diabetes_18_BGgpt_abbreviations_EN_BG.txt	HS	At bedtime	вечер	Вечер
endocrinology_type 1 diabetes_19_BGgpt_abbreviations_EN_BG.txt	DOB	Date of Birth	ДР	Дата на раждане
endocrinology_type 1 diabetes_19_BGgpt_abbreviations_EN_BG.txt	MRN	Medical Record Number	ЛЗ	Личен здравен номер (in practice, patients often use their EGN - Единен граждански номер)
endocrinology_type 1 diabetes_19_BGgpt_abbreviations_EN_BG.txt	BP	Blood Pressure	КН	Кръвно налягане
endocrinology_type 1 diabetes_19_BGgpt_abbreviations_EN_BG.txt	bpm	beats per minute	уд./мин	удара в минута
endocrinology_type 1 diabetes_19_BGgpt_abbreviations_EN_BG.txt	FPG	Fasting Plasma Glucose	ПГН	Плазмена кръвна захар на гладно
endocrinology_type 1 diabetes_19_BGgpt_abbreviations_EN_BG.txt	HbA1C	Glycosylated Hemoglobin	HbA1c	Гликиран хемоглобин
endocrinology_type 1 diabetes_19_BGgpt_abbreviations_EN_BG.txt	GAD65	Glutamic Acid Decarboxylase 65	GAD65	Глутаматдекарбоксилаза 65
endocrinology_type 1 diabetes_19_BGgpt_abbreviations_EN_BG.txt	MD	Doctor of Medicine	д-р	доктор
endocrinology_type 1 diabetes_19_BGgpt_abbreviations_EN_BG.txt	EGN	Personal Identification Number	ЕГН	Единен граждански номер
endocrinology_type 1 diabetes_1_BGgpt_abbreviations_EN_BG.txt	DOB	Date of Birth	ДД	Дата на раждане
endocrinology_type 1 diabetes_1_BGgpt_abbreviations_EN_BG.txt	MRN	Medical Record Number	ЛН	Лекарски номер (or Амбулаторен номер)
endocrinology_type 1 diabetes_1_BGgpt_abbreviations_EN_BG.txt	FPG	Fasting Plasma Glucose	КЗГ	Кръвна захар на гладно
endocrinology_type 1 diabetes_1_BGgpt_abbreviations_EN_BG.txt	HbA1C	Glycosylated Hemoglobin	HbA1c	Гликиран хемоглобин
endocrinology_type 1 diabetes_1_BGgpt_abbreviations_EN_BG.txt	OGTT	Oral Glucose Tolerance Test	ОГТТ	Орален глюкозо-толерантен тест
endocrinology_type 1 diabetes_1_BGgpt_abbreviations_EN_BG.txt	DKA	Diabetic Ketoacidosis	ДКА	Диабетна кетоацидоза
endocrinology_type 1 diabetes_20_BGgpt_abbreviations_EN_BG.txt	FPG	Fasting Plasma Glucose	КЗГ	Кръвна захар на гладно
endocrinology_type 1 diabetes_20_BGgpt_abbreviations_EN_BG.txt	HbA1C	Glycosylated Hemoglobin	HbA1C	Гликиран хемоглобин
endocrinology_type 1 diabetes_20_BGgpt_abbreviations_EN_BG.txt	OGTT	Oral Glucose Tolerance Test	ОГТТ	Орален глюкозо-толерантен тест
endocrinology_type 1 diabetes_20_BGgpt_abbreviations_EN_BG.txt	СКЗ	Random Plasma Glucose	СКЗ	Случайна кръвна захар
endocrinology_type 1 diabetes_21_BGgpt_abbreviations_EN_BG.txt	DOB	Date of Birth	ДР	Дата на раждане
endocrinology_type 1 diabetes_21_BGgpt_abbreviations_EN_BG.txt	MRN	Medical Record Number	ЛК	Лекарски картон
endocrinology_type 1 diabetes_21_BGgpt_abbreviations_EN_BG.txt	BMI	Body Mass Index	ИТМ	Индекс на телесна маса
endocrinology_type 1 diabetes_21_BGgpt_abbreviations_EN_BG.txt	FPG	Fasting Plasma Glucose	КЗГ	Кръвна захар на гладно
endocrinology_type 1 diabetes_21_BGgpt_abbreviations_EN_BG.txt	HbA1C	Glycosylated Hemoglobin	HbA1c	Гликиран хемоглобин
endocrinology_type 1 diabetes_21_BGgpt_abbreviations_EN_BG.txt	OGTT	Oral Glucose Tolerance Test	ОГТТ	Орален глюкозо-толерантен тест
endocrinology_type 1 diabetes_21_BGgpt_abbreviations_EN_BG.txt	GAD	Glutamic Acid Decarboxylase	GAD	Глутаматдекарбоксилаза
endocrinology_type 1 diabetes_21_BGgpt_abbreviations_EN_BG.txt	MD	Doctor of Medicine	д-р	Доктор по медицина
endocrinology_type 1 diabetes_21_BGgpt_abbreviations_EN_BG.txt	рКЗ	Random Plasma Glucose	Случайна кръвна захар	Случайна кръвна захар
endocrinology_type 1 diabetes_22_BGgpt_abbreviations_EN_BG.txt	DOB	Date of Birth	ДР	Дата на раждане
endocrinology_type 1 diabetes_22_BGgpt_abbreviations_EN_BG.txt	MRN	Medical Record Number	Амбулаторен номер	"Амбулаторен номер (if patient is out-patient, otherwise ""Болничен номер"" - Hospital number)"
endocrinology_type 1 diabetes_22_BGgpt_abbreviations_EN_BG.txt	CMP	Comprehensive Metabolic Panel	ПБКК	Пълна биохимична кръвна картина
endocrinology_type 1 diabetes_22_BGgpt_abbreviations_EN_BG.txt	FPG	Fasting Plasma Glucose	КЗГ	Кръвна захар на гладно
endocrinology_type 1 diabetes_22_BGgpt_abbreviations_EN_BG.txt	HbA1C	Glycosylated Hemoglobin	ГХ	Гликиран хемоглобин
endocrinology_type 1 diabetes_22_BGgpt_abbreviations_EN_BG.txt	OGTT	Oral Glucose Tolerance Test	ОГТТ	Орален глюкозо-толерантен тест
endocrinology_type 1 diabetes_22_BGgpt_abbreviations_EN_BG.txt	BID	Twice a day	2 пъти дневно	2 пъти дневно
endocrinology_type 1 diabetes_22_BGgpt_abbreviations_EN_BG.txt	mg/dL	Milligrams per Deciliter	mg/dL	Милиграми на децилитър
endocrinology_type 1 diabetes_22_BGgpt_abbreviations_EN_BG.txt	SQ	Subcutaneous	п/к	Подкожно
endocrinology_type 1 diabetes_23_BGgpt_abbreviations_EN_BG.txt	FPG	Fasting Plasma Glucose	ГНГ	Глюкоза на гладно
endocrinology_type 1 diabetes_23_BGgpt_abbreviations_EN_BG.txt	HbA1C	Glycosylated Hemoglobin	HbA1C	Гликиран хемоглобин
endocrinology_type 1 diabetes_23_BGgpt_abbreviations_EN_BG.txt	OGTT	Oral Glucose Tolerance Test	ОГТТ	Орален глюкозо-толерантен тест
endocrinology_type 1 diabetes_23_BGgpt_abbreviations_EN_BG.txt	SC	Subcutaneous	ПК	Подкожно
endocrinology_type 1 diabetes_24_BGgpt_abbreviations_EN_BG.txt	BP	Blood Pressure	Кръвно налягане	Кръвно налягане (standard abbreviation АН)
endocrinology_type 1 diabetes_24_BGgpt_abbreviations_EN_BG.txt	FPG	Fasting Plasma Glucose	ФПГ	Фастинг плазмена глюкоза
endocrinology_type 1 diabetes_24_BGgpt_abbreviations_EN_BG.txt	HbA1C	Glycosylated Hemoglobin	HbA1c	Гликиран хемоглобин
endocrinology_type 1 diabetes_24_BGgpt_abbreviations_EN_BG.txt	BMI	Body Mass Index	ИТМ	Индекс на телесна маса
endocrinology_type 1 diabetes_24_BGgpt_abbreviations_EN_BG.txt	IV	Intravenous	венозно / i.v.	венозно
endocrinology_type 1 diabetes_24_BGgpt_abbreviations_EN_BG.txt	SC / SQ	Subcutaneous	подкожно / s.c.	подкожно
endocrinology_type 1 diabetes_24_BGgpt_abbreviations_EN_BG.txt	MD	Doctor of Medicine	д-р	доктор
endocrinology_type 1 diabetes_25_BGgpt_abbreviations_EN_BG.txt	FPG	Fasting Plasma Glucose	Кръвна захар на гладно	Кръвна захар на гладно
endocrinology_type 1 diabetes_25_BGgpt_abbreviations_EN_BG.txt	HbA1C	Glycosylated Hemoglobin	HbA1c	Гликиран хемоглобин
endocrinology_type 1 diabetes_25_BGgpt_abbreviations_EN_BG.txt	OGTT	Oral Glucose Tolerance Test	ОГТТ	Орален глюкозотолерантен тест
endocrinology_type 1 diabetes_25_BGgpt_abbreviations_EN_BG.txt	MD	Doctor of Medicine	д-р	доктор по медицина
endocrinology_type 1 diabetes_25_BGgpt_abbreviations_EN_BG.txt	SARS-CoV-2	Severe Acute Respiratory Syndrome Coronavirus 2	SARS-CoV-2	Тежък остър респираторен синдром коронавирус 2
endocrinology_type 1 diabetes_26_BGgpt_abbreviations_EN_BG.txt	FPG	Fasting Plasma Glucose	КЗГ	Кръвна захар на гладно
endocrinology_type 1 diabetes_26_BGgpt_abbreviations_EN_BG.txt	HbA1C	Glycosylated Hemoglobin	HbA1c	Гликиран хемоглобин
endocrinology_type 1 diabetes_26_BGgpt_abbreviations_EN_BG.txt	CGM	Continuous Glucose Monitoring	НГМ	Непрекъснат мониторинг на глюкозата
endocrinology_type 1 diabetes_26_BGgpt_abbreviations_EN_BG.txt	mg/dL	Milligrams per deciliter	мг/дл	Милиграми на децилитър
endocrinology_type 1 diabetes_26_BGgpt_abbreviations_EN_BG.txt	MD	Doctor of Medicine	Д-р	Доктор по медицина
endocrinology_type 1 diabetes_27_BGgpt_abbreviations_EN_BG.txt	BP	Blood Pressure	КН	Кръвно налягане
endocrinology_type 1 diabetes_27_BGgpt_abbreviations_EN_BG.txt	FPG	Fasting Plasma Glucose	ГНГ	Глюкоза на гладно
endocrinology_type 1 diabetes_27_BGgpt_abbreviations_EN_BG.txt	HbA1C	Glycosylated Hemoglobin	HbA1C	Гликиран хемоглобин
endocrinology_type 1 diabetes_27_BGgpt_abbreviations_EN_BG.txt	LDL	Low-Density Lipoprotein	LDL	Липопротеин с ниска плътност
endocrinology_type 1 diabetes_28_BGgpt_abbreviations_EN_BG.txt	DOB	Date of Birth	ДР	Дата на раждане
endocrinology_type 1 diabetes_28_BGgpt_abbreviations_EN_BG.txt	MRN	Medical Record Number	ЛК	Личен картон / Лекарско картонче
endocrinology_type 1 diabetes_28_BGgpt_abbreviations_EN_BG.txt	FPG	Fasting Plasma Glucose	КЗГ	Кръвна захар на гладно
endocrinology_type 1 diabetes_28_BGgpt_abbreviations_EN_BG.txt	HbA1C	Glycosylated Hemoglobin	HbA1C	Гликиран хемоглобин
endocrinology_type 1 diabetes_28_BGgpt_abbreviations_EN_BG.txt	OGTT	Oral Glucose Tolerance Test	ОГТТ	Орален глюкозо-толерантен тест
endocrinology_type 1 diabetes_28_BGgpt_abbreviations_EN_BG.txt	ADA	American Diabetes Association	АДА	Американска диабетна асоциация
endocrinology_type 1 diabetes_28_BGgpt_abbreviations_EN_BG.txt	BP	Blood Pressure	АК	Артериално кръвно налягане
endocrinology_type 1 diabetes_29_BGgpt_abbreviations_EN_BG.txt	MRN	Medical Record Number	№ на мед. досие	Номер на медицинско досие
endocrinology_type 1 diabetes_29_BGgpt_abbreviations_EN_BG.txt	BP	Blood Pressure	КН	Кръвно налягане
endocrinology_type 1 diabetes_29_BGgpt_abbreviations_EN_BG.txt	HR	Heart Rate	ПЧ	Пулсова честота
endocrinology_type 1 diabetes_29_BGgpt_abbreviations_EN_BG.txt	RR	Respiratory Rate	ДЧ	Дихателна честота
endocrinology_type 1 diabetes_29_BGgpt_abbreviations_EN_BG.txt	NKDA	No Known Drug Allergies	БИЛА	Без известни лекарствени алергии
endocrinology_type 1 diabetes_29_BGgpt_abbreviations_EN_BG.txt	FPG	Fasting Plasma Glucose	ГНГ	Глюкоза на гладно
endocrinology_type 1 diabetes_29_BGgpt_abbreviations_EN_BG.txt	HbA1c	Glycosylated Hemoglobin	HbA1c	Гликиран хемоглобин
endocrinology_type 1 diabetes_29_BGgpt_abbreviations_EN_BG.txt	CGM	Continuous Glucose Monitoring	НГМ	Непрекъснат мониторинг на глюкозата
endocrinology_type 1 diabetes_29_BGgpt_abbreviations_EN_BG.txt	BID	Twice daily	2 пъти дневно	Две пъти дневно
endocrinology_type 1 diabetes_2_BGgpt_abbreviations_EN_BG.txt	FPG	Fasting Plasma Glucose	КЗГ	Кръвна захар на гладно
endocrinology_type 1 diabetes_2_BGgpt_abbreviations_EN_BG.txt	HbA1C	Glycosylated Hemoglobin	ГХ	Гликирано хемоглобин
endocrinology_type 1 diabetes_2_BGgpt_abbreviations_EN_BG.txt	OGTT	Oral Glucose Tolerance Test	ОГТТ	Орален глюкозо-толерантен тест
endocrinology_type 1 diabetes_2_BGgpt_abbreviations_EN_BG.txt	MD	Doctor of Medicine	д-р	лекар
endocrinology_type 1 diabetes_2_BGgpt_abbreviations_EN_BG.txt	mg/dL	Milligrams per deciliter	mg/dL	Милиграми на децилитър (used in Bulgarian medical reports)
endocrinology_type 1 diabetes_2_BGgpt_abbreviations_EN_BG.txt	kg	Kilogram	кг	Килограм
endocrinology_type 1 diabetes_30_BGgpt_abbreviations_EN_BG.txt	BMI	Body Mass Index	ИТМ	Индекс на телесна маса
endocrinology_type 1 diabetes_30_BGgpt_abbreviations_EN_BG.txt	FPG	Fasting Plasma Glucose	ПКК	Празностомашно кръвна захар
endocrinology_type 1 diabetes_30_BGgpt_abbreviations_EN_BG.txt	HbA1C	Glycosylated Hemoglobin	HbA1c	Гликиран хемоглобин
endocrinology_type 1 diabetes_30_BGgpt_abbreviations_EN_BG.txt	DKA	Diabetic Ketoacidosis	ДКА (or ДКК)	Диабетна кетоацидоза (Диабетна кетоацидурия)
endocrinology_type 1 diabetes_30_BGgpt_abbreviations_EN_BG.txt	NKDA	No Known Drug Allergies	НКДА	Няма известни лекарствени алергии
endocrinology_type 1 diabetes_31_BGgpt_abbreviations_EN_BG.txt	FPG	Fasting Plasma Glucose	ГПГ	Глюкоза на гладно
endocrinology_type 1 diabetes_31_BGgpt_abbreviations_EN_BG.txt	HbA1C	Glycosylated Hemoglobin	HbA1c	Гликиран хемоглобин
endocrinology_type 1 diabetes_31_BGgpt_abbreviations_EN_BG.txt	LDL	Low-Density Lipoprotein	ЛНП	Липопротеини с ниска плътност
endocrinology_type 1 diabetes_31_BGgpt_abbreviations_EN_BG.txt	ADA	American Diabetes Association	АДА	Американска диабетна асоциация
endocrinology_type 1 diabetes_31_BGgpt_abbreviations_EN_BG.txt	SARS-CoV-2	Severe Acute Respiratory Syndrome Coronavirus 2	SARS-CoV-2	Тежък остър респираторен синдром коронавирус 2
endocrinology_type 1 diabetes_31_BGgpt_abbreviations_EN_BG.txt	DOB	Date of Birth	ДР	Дата на раждане
endocrinology_type 1 diabetes_32_BGgpt_abbreviations_EN_BG.txt	FPG	Fasting Plasma Glucose	КЗГ	Кръвна захар на гладно
endocrinology_type 1 diabetes_32_BGgpt_abbreviations_EN_BG.txt	HbA1C	Glycosylated Hemoglobin	HbA1C	Гликиран хемоглобин
endocrinology_type 1 diabetes_32_BGgpt_abbreviations_EN_BG.txt	OGTT	Oral Glucose Tolerance Test	ОГТТ	Орален глюкозо-толерантен тест
endocrinology_type 1 diabetes_32_BGgpt_abbreviations_EN_BG.txt	CGM	Continuous glucose monitoring	НМКЗ	Непрекъснат мониторинг на кръвната захар
endocrinology_type 1 diabetes_32_BGgpt_abbreviations_EN_BG.txt	LDL	Low-Density Lipoprotein	LDL	Липопротеин с ниска плътност
endocrinology_type 1 diabetes_32_BGgpt_abbreviations_EN_BG.txt	MD	Doctor of Medicine	д-р	доктор / лекар
endocrinology_type 1 diabetes_32_BGgpt_abbreviations_EN_BG.txt	SARS-CoV-2	Severe Acute Respiratory Syndrome Coronavirus 2	SARS-CoV-2	Тежък остър респираторен синдром коронавирус 2
endocrinology_type 1 diabetes_33_BGgpt_abbreviations_EN_BG.txt	FPG	Fasting Plasma Glucose	ГГ	Гликемия на гладно
endocrinology_type 1 diabetes_33_BGgpt_abbreviations_EN_BG.txt	HbA1C	Glycosylated Hemoglobin	HbA1c	Гликиран хемоглобин
endocrinology_type 1 diabetes_33_BGgpt_abbreviations_EN_BG.txt	SARS-CoV-2	Severe acute respiratory syndrome coronavirus 2	SARS-CoV-2	Тежък остър респираторен синдром коронавирус 2
endocrinology_type 1 diabetes_34_BGgpt_abbreviations_EN_BG.txt	FPG	Fasting Plasma Glucose	ППГ	Празнична плазмена глюкоза
endocrinology_type 1 diabetes_34_BGgpt_abbreviations_EN_BG.txt	HbA1C	Glycosylated Hemoglobin	HbA1C	Гликиран хемоглобин
endocrinology_type 1 diabetes_34_BGgpt_abbreviations_EN_BG.txt	OGTT	Oral Glucose Tolerance Test	ОГТТ	Орален глюкозо-толерантен тест
endocrinology_type 1 diabetes_34_BGgpt_abbreviations_EN_BG.txt	GAD65	Glutamic Acid Decarboxylase 65	GAD65	Глутаматдекарбоксилаза 65
endocrinology_type 1 diabetes_35_BGgpt_abbreviations_EN_BG.txt	MRN	Medical Record Number	П. №	Пациентски номер
endocrinology_type 1 diabetes_35_BGgpt_abbreviations_EN_BG.txt	FPG	Fasting Plasma Glucose	КЗГ	Кръвна захар на гладно
endocrinology_type 1 diabetes_35_BGgpt_abbreviations_EN_BG.txt	HbA1C	Glycosylated Hemoglobin	HbA1c	Гликиран хемоглобин
endocrinology_type 1 diabetes_35_BGgpt_abbreviations_EN_BG.txt	T1DM	Type 1 Diabetes Mellitus	ЗДТ1	Захарен диабет тип 1
endocrinology_type 1 diabetes_35_BGgpt_abbreviations_EN_BG.txt	BP	Blood Pressure	АН	Артериално налягане
endocrinology_type 1 diabetes_35_BGgpt_abbreviations_EN_BG.txt	SC	Subcutaneously	п/к	подкожно
endocrinology_type 1 diabetes_35_BGgpt_abbreviations_EN_BG.txt	qd	Every day	веднъж дневно	веднъж дневно
endocrinology_type 1 diabetes_36_BGgpt_abbreviations_EN_BG.txt	BMI	Body Mass Index	ИТМ	Индекс на телесна маса
endocrinology_type 1 diabetes_36_BGgpt_abbreviations_EN_BG.txt	BP	Blood Pressure	КН	Кръвно налягане
endocrinology_type 1 diabetes_36_BGgpt_abbreviations_EN_BG.txt	bpm	beats per minute	уд/мин	удара в минута
endocrinology_type 1 diabetes_36_BGgpt_abbreviations_EN_BG.txt	FPG	Fasting Plasma Glucose	ГНГ	Глюкоза на гладно
endocrinology_type 1 diabetes_36_BGgpt_abbreviations_EN_BG.txt	HbA1C	Glycosylated Hemoglobin	HbA1C	Гликиран хемоглобин
endocrinology_type 1 diabetes_36_BGgpt_abbreviations_EN_BG.txt	mg/dL	milligram per deciliter	мг/дл	милиграм на децилитър
endocrinology_type 1 diabetes_36_BGgpt_abbreviations_EN_BG.txt	SARS-CoV-2	Severe Acute Respiratory Syndrome Coronavirus 2	SARS-CoV-2	Тежък остър респираторен синдром коронавирус 2
endocrinology_type 1 diabetes_37_BGgpt_abbreviations_EN_BG.txt	FPG	Fasting Plasma Glucose	ГНГ	Глюкоза на гладно
endocrinology_type 1 diabetes_37_BGgpt_abbreviations_EN_BG.txt	HbA1C	Glycosylated Hemoglobin	HbA1C	Гликиран хемоглобин
endocrinology_type 1 diabetes_37_BGgpt_abbreviations_EN_BG.txt	OGTT	Oral Glucose Tolerance Test	ОГТТ	Орален глюкозо-толерантен тест
endocrinology_type 1 diabetes_37_BGgpt_abbreviations_EN_BG.txt	CGM	Continuous Glucose Monitoring	НГМ	Непрекъснато мониториране на глюкозата
endocrinology_type 1 diabetes_38_BGgpt_abbreviations_EN_BG.txt	DOB	Date of Birth	ДР	Дата на раждане
endocrinology_type 1 diabetes_38_BGgpt_abbreviations_EN_BG.txt	FPG	Fasting Plasma Glucose	КЗН	Кръвна захар на гладно
endocrinology_type 1 diabetes_38_BGgpt_abbreviations_EN_BG.txt	HbA1C	Glycosylated Hemoglobin	HbA1c	Гликиран хемоглобин
endocrinology_type 1 diabetes_38_BGgpt_abbreviations_EN_BG.txt	OGTT	Oral Glucose Tolerance Testing	ОГТТ	Орален глюкозо-толерантен тест
endocrinology_type 1 diabetes_38_BGgpt_abbreviations_EN_BG.txt	GAD65	Glutamic Acid Decarboxylase 65	GAD65	Глутамат-декарбоксилаза 65
endocrinology_type 1 diabetes_38_BGgpt_abbreviations_EN_BG.txt	MD	Doctor of Medicine	Д-р	Доктор по медицина
endocrinology_type 1 diabetes_38_BGgpt_abbreviations_EN_BG.txt	SARS-CoV-2	Severe Acute Respiratory Syndrome Coronavirus 2	SARS-CoV-2	Тежък остър респираторен синдром коронавирус 2
endocrinology_type 1 diabetes_38_BGgpt_abbreviations_EN_BG.txt	kg	Kilogram	кг	Килограм
endocrinology_type 1 diabetes_38_BGgpt_abbreviations_EN_BG.txt	mg/dL	Milligrams per Deciliter	мг/дл	Милиграм на децилитър
endocrinology_type 1 diabetes_39_BGgpt_abbreviations_EN_BG.txt	FPG	Fasting Plasma Glucose	ПКК	Плазмена кръвна захар на гладно
endocrinology_type 1 diabetes_39_BGgpt_abbreviations_EN_BG.txt	HbA1C	Glycosylated Hemoglobin	HbA1C	Гликирано хемоглобин
endocrinology_type 1 diabetes_39_BGgpt_abbreviations_EN_BG.txt	BMI	Body Mass Index	ИТМ	Индекс на телесна маса
endocrinology_type 1 diabetes_39_BGgpt_abbreviations_EN_BG.txt	BP	Blood Pressure	КН	Кръвно налягане (standard abbreviation АН)
endocrinology_type 1 diabetes_39_BGgpt_abbreviations_EN_BG.txt	GADA	Glutamic Acid Decarboxylase Autoantibodies	GADA	Автоантитела срещу глутаматдекарбоксилаза
endocrinology_type 1 diabetes_39_BGgpt_abbreviations_EN_BG.txt	IA-2A	Islet Antigen-2 Autoantibodies	IA-2A	Автоантитела срещу островен антиген-2
endocrinology_type 1 diabetes_39_BGgpt_abbreviations_EN_BG.txt	ID	Identification (number)	ЛНЧ	Личен номер на пациента
endocrinology_type 1 diabetes_39_BGgpt_abbreviations_EN_BG.txt	DOB	Date of Birth	Дата на раждане	Дата на раждане
endocrinology_type 1 diabetes_39_BGgpt_abbreviations_EN_BG.txt	Sex	Gender	Пол	Пол
endocrinology_type 1 diabetes_3_BGgpt_abbreviations_EN_BG.txt	FPG	Fasting Plasma Glucose	ПГН	Плазмена глюкоза на гладно
endocrinology_type 1 diabetes_3_BGgpt_abbreviations_EN_BG.txt	HbA1C	Glycosylated Hemoglobin	HbA1c	Гликиран хемоглобин
endocrinology_type 1 diabetes_3_BGgpt_abbreviations_EN_BG.txt	OGTT	Oral Glucose Tolerance Test	ОГТТ	Орален глюкозо-толерантен тест
endocrinology_type 1 diabetes_3_BGgpt_abbreviations_EN_BG.txt	CGMS	Continuous Glucose Monitoring System	СНМГ	Система за непрекъснат мониторинг на глюкозата
endocrinology_type 1 diabetes_3_BGgpt_abbreviations_EN_BG.txt	MD	Doctor of Medicine	д-р	доктор по медицина
endocrinology_type 1 diabetes_40_BGgpt_abbreviations_EN_BG.txt	FPG	Fasting Plasma Glucose	КЗГ	Кръвна захар на гладно
endocrinology_type 1 diabetes_40_BGgpt_abbreviations_EN_BG.txt	HbA1C	Glycosylated Hemoglobin	HbA1C	Гликиран хемоглобин
endocrinology_type 1 diabetes_40_BGgpt_abbreviations_EN_BG.txt	OGTT	Oral Glucose Tolerance Test	ОГТТ	Орален глюкозо-толерантен тест
endocrinology_type 1 diabetes_40_BGgpt_abbreviations_EN_BG.txt	LDL	Low-Density Lipoprotein	ЛПНП	Липопротеин с ниска плътност
endocrinology_type 1 diabetes_40_BGgpt_abbreviations_EN_BG.txt	DKA	Diabetic Ketoacidosis	ДКА	Диабетна кетоацидоза
endocrinology_type 1 diabetes_41_BGgpt_abbreviations_EN_BG.txt	BP	Blood Pressure	АКН	Артериално кръвно налягане
endocrinology_type 1 diabetes_41_BGgpt_abbreviations_EN_BG.txt	HR	Heart Rate	ПЧ	Пулсова честота
endocrinology_type 1 diabetes_41_BGgpt_abbreviations_EN_BG.txt	RR	Respiratory Rate	ДЧ	Дихателна честота
endocrinology_type 1 diabetes_41_BGgpt_abbreviations_EN_BG.txt	FPG	Fasting Plasma Glucose	ГПГ	Глюкоза на гладно
endocrinology_type 1 diabetes_41_BGgpt_abbreviations_EN_BG.txt	HbA1C	Glycosylated Hemoglobin	HbA1c	Гликиран хемоглобин
endocrinology_type 1 diabetes_41_BGgpt_abbreviations_EN_BG.txt	T1DM	Type 1 Diabetes Mellitus	ЗД тип 1	Захарен диабет тип 1
endocrinology_type 1 diabetes_41_BGgpt_abbreviations_EN_BG.txt	SARS-CoV-2	Severe Acute Respiratory Syndrome Coronavirus 2	SARS-CoV-2	Тежък остър респираторен синдром коронавирус 2
endocrinology_type 1 diabetes_42_BGgpt_abbreviations_EN_BG.txt	DOB	Date of Birth	Дата на раждане	Дата на раждане
endocrinology_type 1 diabetes_42_BGgpt_abbreviations_EN_BG.txt	MRN	Medical Record Number	№ на медицинско досие	Номер на медицинско досие
endocrinology_type 1 diabetes_42_BGgpt_abbreviations_EN_BG.txt	FPG	Fasting Plasma Glucose	ФПГ	Глюкоза на гладно
endocrinology_type 1 diabetes_42_BGgpt_abbreviations_EN_BG.txt	HbA1C	Glycosylated Hemoglobin	HbA1C	Гликиран хемоглобин (HbA1C)
endocrinology_type 1 diabetes_42_BGgpt_abbreviations_EN_BG.txt	OGTT	Oral Glucose Tolerance Test	ОГТТ	Орален глюкозо-толерантен тест
endocrinology_type 1 diabetes_42_BGgpt_abbreviations_EN_BG.txt	IV	Intravenous	i.v.	Интравенозно
endocrinology_type 1 diabetes_42_BGgpt_abbreviations_EN_BG.txt	SARS-CoV-2	Severe Acute Respiratory Syndrome Coronavirus 2	SARS-CoV-2	SARS-CoV-2 (остава непроменено)
endocrinology_type 1 diabetes_43_BGgpt_abbreviations_EN_BG.txt	FPG	Fasting Plasma Glucose	ГПГ	Гликемия на гладно
endocrinology_type 1 diabetes_43_BGgpt_abbreviations_EN_BG.txt	HbA1C	Glycosylated hemoglobin	HbA1C	Гликиран хемоглобин
endocrinology_type 1 diabetes_43_BGgpt_abbreviations_EN_BG.txt	OGTT	Oral Glucose Tolerance Test	ОГТТ	Орален глюкозотолерантен тест
endocrinology_type 1 diabetes_43_BGgpt_abbreviations_EN_BG.txt	MRN	Medical Record Number	ЛН	Личен номер (на пациента)
endocrinology_type 1 diabetes_43_BGgpt_abbreviations_EN_BG.txt	DOB	Date of Birth	ДР	Дата на раждане
endocrinology_type 1 diabetes_43_BGgpt_abbreviations_EN_BG.txt	kg	Kilogram	кг	Килограм
endocrinology_type 1 diabetes_44_BGgpt_abbreviations_EN_BG.txt	BP	Blood Pressure	АН	Артериално налягане
endocrinology_type 1 diabetes_44_BGgpt_abbreviations_EN_BG.txt	HR	Heart Rate	ЧСС	Честота на сърдечните съкращения
endocrinology_type 1 diabetes_44_BGgpt_abbreviations_EN_BG.txt	RR	Respiratory Rate	ЧД	Честота на дишане
endocrinology_type 1 diabetes_44_BGgpt_abbreviations_EN_BG.txt	FPG	Fasting Plasma Glucose	ГПК	Гликемия на гладно
endocrinology_type 1 diabetes_44_BGgpt_abbreviations_EN_BG.txt	HbA1C	Glycosylated Hemoglobin	HbA1c	Гликиран хемоглобин
endocrinology_type 1 diabetes_44_BGgpt_abbreviations_EN_BG.txt	OGTT	Oral Glucose Tolerance Test	ОГТТ	Орален глюкозо-толерантен тест
endocrinology_type 1 diabetes_44_BGgpt_abbreviations_EN_BG.txt	MRN	Medical Record Number	АН / ИЗ	Амбулаторен номер / История на заболяването
endocrinology_type 1 diabetes_44_BGgpt_abbreviations_EN_BG.txt	C-Peptide	C-Peptide	C-пептид	C-пептид
endocrinology_type 1 diabetes_45_BGgpt_abbreviations_EN_BG.txt	FPG	Fasting Plasma Glucose	КЗГ	Кръвна захар на гладно
endocrinology_type 1 diabetes_45_BGgpt_abbreviations_EN_BG.txt	HbA1C	Glycosylated Hemoglobin	Гликиран хемоглобин (HbA1C)	Гликиран хемоглобин
endocrinology_type 1 diabetes_45_BGgpt_abbreviations_EN_BG.txt	CGM	Continuous Glucose Monitoring	НМКЗ	Непрекъснат мониторинг на кръвната захар
endocrinology_type 1 diabetes_46_BGgpt_abbreviations_EN_BG.txt	FPG	Fasting Plasma Glucose	КЗГ	Кръвна захар на гладно
endocrinology_type 1 diabetes_46_BGgpt_abbreviations_EN_BG.txt	HbA1C	Glycosylated Hemoglobin	HbA1c	Гликиран хемоглобин
endocrinology_type 1 diabetes_46_BGgpt_abbreviations_EN_BG.txt	OGTT	Oral Glucose Tolerance Test	ОГТТ	Орален глюкозо-толерантен тест
endocrinology_type 1 diabetes_46_BGgpt_abbreviations_EN_BG.txt	BP	Blood Pressure	АН	Артериално налягане
endocrinology_type 1 diabetes_46_BGgpt_abbreviations_EN_BG.txt	MD	Medical Doctor	д-р	Доктор
endocrinology_type 1 diabetes_46_BGgpt_abbreviations_EN_BG.txt	SARS-CoV-2	Severe Acute Respiratory Syndrome Coronavirus 2	SARS-CoV-2	Тежък остър респираторен синдром коронавирус 2
endocrinology_type 1 diabetes_47_BGgpt_abbreviations_EN_BG.txt	FPG	Fasting Plasma Glucose	ГК	Глюкоза на гладно
endocrinology_type 1 diabetes_47_BGgpt_abbreviations_EN_BG.txt	HbA1C	Glycosylated Hemoglobin	HbA1c	Гликиран хемоглобин
endocrinology_type 1 diabetes_47_BGgpt_abbreviations_EN_BG.txt	MD	Medical Doctor	Д-р	Доктор (Doctor)
endocrinology_type 1 diabetes_47_BGgpt_abbreviations_EN_BG.txt	SARS-CoV-2	Severe Acute Respiratory Syndrome Coronavirus 2	SARS-CoV-2	Тежък остър респираторен синдром коронавирус 2
endocrinology_type 1 diabetes_48_BGgpt_abbreviations_EN_BG.txt	DOB	Date of Birth	ДР	Дата на раждане
endocrinology_type 1 diabetes_48_BGgpt_abbreviations_EN_BG.txt	MRN	Medical Record Number	№	Номер на медицинско досие
endocrinology_type 1 diabetes_48_BGgpt_abbreviations_EN_BG.txt	FPG	Fasting Plasma Glucose	КЗГ	Кръвна захар на гладно
endocrinology_type 1 diabetes_48_BGgpt_abbreviations_EN_BG.txt	HbA1C	Glycosylated Hemoglobin	HbA1C	Гликиран хемоглобин
endocrinology_type 1 diabetes_48_BGgpt_abbreviations_EN_BG.txt	CGM	Continuous Glucose Monitoring	СНМКЗ	Система за непрекъснат мониторинг на кръвната захар
endocrinology_type 1 diabetes_48_BGgpt_abbreviations_EN_BG.txt	GAD	Glutamic Acid Decarboxylase	GAD	Глутаматдекарбоксилаза
endocrinology_type 1 diabetes_48_BGgpt_abbreviations_EN_BG.txt	IA-2	Islet Antigen-2	IA-2	Антиген на островните клетки-2
endocrinology_type 1 diabetes_49_BGgpt_abbreviations_EN_BG.txt	FPG	Fasting Plasma Glucose	ФПГ	Фостна плазмена глюкоза / Глюкоза на гладно
endocrinology_type 1 diabetes_49_BGgpt_abbreviations_EN_BG.txt	HbA1C	Glycosylated Hemoglobin	HbA1C	Гликиран хемоглобин
endocrinology_type 1 diabetes_49_BGgpt_abbreviations_EN_BG.txt	OGTT	Oral Glucose Tolerance Test	ОГТТ	Орален глюкозо-толерантен тест
endocrinology_type 1 diabetes_49_BGgpt_abbreviations_EN_BG.txt	LDL	Low-Density Lipoprotein	LDL	Липопротеин с ниска плътност
endocrinology_type 1 diabetes_49_BGgpt_abbreviations_EN_BG.txt	HDL	High-Density Lipoprotein	HDL	Липопротеин с висока плътност
endocrinology_type 1 diabetes_49_BGgpt_abbreviations_EN_BG.txt	BP	Blood Pressure	АН	Артериално налягане
endocrinology_type 1 diabetes_4_BGgpt_abbreviations_EN_BG.txt	FPG	Fasting Plasma Glucose	КЗГ	Кръвна захар на гладно
endocrinology_type 1 diabetes_4_BGgpt_abbreviations_EN_BG.txt	HbA1C	Glycosylated Hemoglobin	HbA1c	Гликиран хемоглобин
endocrinology_type 1 diabetes_4_BGgpt_abbreviations_EN_BG.txt	OGTT	Oral Glucose Tolerance Test	ОГТТ	Орален глюкозо-толерантен тест
endocrinology_type 1 diabetes_4_BGgpt_abbreviations_EN_BG.txt	GADA	Glutamic acid decarboxylase antibodies	GADA	Глутаматдекарбоксилазни антитела
endocrinology_type 1 diabetes_4_BGgpt_abbreviations_EN_BG.txt	CGM	Continuous Glucose Monitoring	СМКЗ	Системно мониториране на кръвната захар
endocrinology_type 1 diabetes_4_BGgpt_abbreviations_EN_BG.txt	MD	Medical Doctor	д-р / лекар	Лице с висше медицинско образование
endocrinology_type 1 diabetes_5_BGgpt_abbreviations_EN_BG.txt	FPG	Fasting Plasma Glucose	ФПГ	Фосфорурганична глюкоза (not commonly used, but full Bulgarian translation is sufficient)
endocrinology_type 1 diabetes_5_BGgpt_abbreviations_EN_BG.txt	HbA1C	Glycosylated Hemoglobin	HbA1c	Гликиран хемоглобин
endocrinology_type 1 diabetes_5_BGgpt_abbreviations_EN_BG.txt	OGTT	Oral Glucose Tolerance Test	ОГТТ	Орален глюкозо-толерантен тест
endocrinology_type 1 diabetes_5_BGgpt_abbreviations_EN_BG.txt	DKA	Diabetic Ketoacidosis	ДКА	Диабетна кетоацидоза
endocrinology_type 1 diabetes_5_BGgpt_abbreviations_EN_BG.txt	CBC	Complete Blood Count	ПКК	Пълна кръвна картина
endocrinology_type 1 diabetes_5_BGgpt_abbreviations_EN_BG.txt	CGM	Continuous Glucose Monitoring	НГМ	Непрекъснат мониторинг на глюкозата
endocrinology_type 1 diabetes_6_BGgpt_abbreviations_EN_BG.txt	FPG	Fasting Plasma Glucose	КЗГ	Кръвна захар на гладно
endocrinology_type 1 diabetes_6_BGgpt_abbreviations_EN_BG.txt	HbA1C	Glycosylated Hemoglobin	HbA1c	Гликиран хемоглобин
endocrinology_type 1 diabetes_6_BGgpt_abbreviations_EN_BG.txt	OGTT	Oral Glucose Tolerance Test	ОГТТ	Орален глюкозо-толерантен тест
endocrinology_type 1 diabetes_6_BGgpt_abbreviations_EN_BG.txt	mg/dL	Milligrams per deciliter	мг/дл	Милиграми на децилитър
endocrinology_type 1 diabetes_6_BGgpt_abbreviations_EN_BG.txt	GAD	Glutamic Acid Decarboxylase	ГАД	Глутаминова киселинна декарбоксилаза
endocrinology_type 1 diabetes_6_BGgpt_abbreviations_EN_BG.txt	ID	Identification	ИД	Идентификационен номер
endocrinology_type 1 diabetes_6_BGgpt_abbreviations_EN_BG.txt	kg	Kilogram	кг	Килограм
endocrinology_type 1 diabetes_7_BGgpt_abbreviations_EN_BG.txt	FPG	Fasting Plasma Glucose	ПКК	Първична кръвна захар на гладно
endocrinology_type 1 diabetes_7_BGgpt_abbreviations_EN_BG.txt	HbA1C	Glycosylated Hemoglobin	HbA1C	Гликиран хемоглобин
endocrinology_type 1 diabetes_7_BGgpt_abbreviations_EN_BG.txt	mg/dL	Milligrams per deciliter	мг/дл	Милиграми на децилитър
endocrinology_type 1 diabetes_7_BGgpt_abbreviations_EN_BG.txt	kg	Kilogram	кг	Килограм(и)
endocrinology_type 1 diabetes_7_BGgpt_abbreviations_EN_BG.txt	MD	Doctor of Medicine	д-р	Доктор
endocrinology_type 1 diabetes_7_BGgpt_abbreviations_EN_BG.txt	SC	Subcutaneously	п/к	Подкожно
endocrinology_type 1 diabetes_7_BGgpt_abbreviations_EN_BG.txt	BMI	Body Mass Index	ИТМ	Индекс на телесна маса
endocrinology_type 1 diabetes_8_BGgpt_abbreviations_EN_BG.txt	FPG	Fasting Plasma Glucose	ГКН	Глюкоза в кръвта на гладно
endocrinology_type 1 diabetes_8_BGgpt_abbreviations_EN_BG.txt	HbA1C	Glycosylated Hemoglobin	HbA1C	Гликиран хемоглобин
endocrinology_type 1 diabetes_8_BGgpt_abbreviations_EN_BG.txt	CGM	Continuous Glucose Monitoring	ПИГ	Постоянно измерване на глюкозата
endocrinology_type 1 diabetes_9_BGgpt_abbreviations_EN_BG.txt	FPG	Fasting Plasma Glucose	КЗГ	Кръвна захар на гладно
endocrinology_type 1 diabetes_9_BGgpt_abbreviations_EN_BG.txt	HbA1C	Glycosylated Hemoglobin	HbA1C	Гликиран хемоглобин (HbA1C)
endocrinology_type 1 diabetes_9_BGgpt_abbreviations_EN_BG.txt	MD	Doctor of Medicine	д-р	Доктор
endocrinology_type 1 diabetes_9_BGgpt_abbreviations_EN_BG.txt	SARS-CoV-2	Severe Acute Respiratory Syndrome Coronavirus 2	SARS-CoV-2	SARS-CoV-2
endocrinology_type 2 diabetes_0_BGgpt_abbreviations_EN_BG.txt	DOB	Date of Birth	ДР	Дата на раждане
endocrinology_type 2 diabetes_0_BGgpt_abbreviations_EN_BG.txt	MRN	Medical Record Number	ЛК №	Личен картон №
endocrinology_type 2 diabetes_0_BGgpt_abbreviations_EN_BG.txt	BMI	Body Mass Index	ИТМ	Индекс на телесна маса
endocrinology_type 2 diabetes_0_BGgpt_abbreviations_EN_BG.txt	FPG	Fasting Plasma Glucose	ПККК	Глюкоза в кръвта на гладно
endocrinology_type 2 diabetes_0_BGgpt_abbreviations_EN_BG.txt	HbA1C	Glycosylated Hemoglobin	HbA1c	Гликиран хемоглобин
endocrinology_type 2 diabetes_0_BGgpt_abbreviations_EN_BG.txt	mg/dL	milligram per deciliter	мг/дл	милиграм на децилитър
endocrinology_type 2 diabetes_0_BGgpt_abbreviations_EN_BG.txt	GLP-1	Glucagon-like peptide-1	GLP-1	Глюкагоноподобен пептид-1
endocrinology_type 2 diabetes_0_BGgpt_abbreviations_EN_BG.txt	SGLT2	Sodium-glucose co-transporter 2	SGLT2	Натриево-глюкозен котранспортер 2
endocrinology_type 2 diabetes_10_BGgpt_abbreviations_EN_BG.txt	FPG	Fasting Plasma Glucose	ФПГ	Фастингова плазмена глюкоза
endocrinology_type 2 diabetes_10_BGgpt_abbreviations_EN_BG.txt	HbA1C	Glycosylated Hemoglobin	HbA1C	Гликиран хемоглобин
endocrinology_type 2 diabetes_10_BGgpt_abbreviations_EN_BG.txt	OGTT	Oral Glucose Tolerance Test	ОГТТ	Орален глюкозо-толерантен тест
endocrinology_type 2 diabetes_10_BGgpt_abbreviations_EN_BG.txt	BMI	Body Mass Index	ИТМ	Индекс на телесна маса
endocrinology_type 2 diabetes_10_BGgpt_abbreviations_EN_BG.txt	LDL	Low-Density Lipoprotein	LDL	Липопротеин с ниска плътност
endocrinology_type 2 diabetes_10_BGgpt_abbreviations_EN_BG.txt	BP	Blood Pressure	Артериално налягане	Кръвно налягане (standard abbreviation АН)
endocrinology_type 2 diabetes_11_BGgpt_abbreviations_EN_BG.txt	BMI	Body Mass Index	ИТМ	Индекс на телесна маса
endocrinology_type 2 diabetes_11_BGgpt_abbreviations_EN_BG.txt	HbA1C	Glycosylated Hemoglobin	HbA1C	Гликиран хемоглобин
endocrinology_type 2 diabetes_11_BGgpt_abbreviations_EN_BG.txt	FPG	Fasting Plasma Glucose	ПКХ	Плазмена кръвна захар на гладно
endocrinology_type 2 diabetes_11_BGgpt_abbreviations_EN_BG.txt	bpm	Beats Per Minute	уд./мин	удара в минута
endocrinology_type 2 diabetes_11_BGgpt_abbreviations_EN_BG.txt	mg/dL	Milligrams per deciliter	mg/dL	милиграма на децилитър
endocrinology_type 2 diabetes_11_BGgpt_abbreviations_EN_BG.txt	MD	Doctor of Medicine	д-р	доктор
endocrinology_type 2 diabetes_11_BGgpt_abbreviations_EN_BG.txt	PO	Per Os (by mouth)	през устата	през устата (no abbreviation, translation only)
endocrinology_type 2 diabetes_11_BGgpt_abbreviations_EN_BG.txt	SC	Subcutaneous	подкожно	подкожно (no abbreviation, translation only)
endocrinology_type 2 diabetes_12_BGgpt_abbreviations_EN_BG.txt	BMI	Body Mass Index	ИТМ	Индекс на телесна маса
endocrinology_type 2 diabetes_12_BGgpt_abbreviations_EN_BG.txt	HbA1C	Glycosylated Hemoglobin	HbA1c	Гликиран хемоглобин
endocrinology_type 2 diabetes_12_BGgpt_abbreviations_EN_BG.txt	FPG	Fasting Plasma Glucose	КЗГ	Кръвна захар на гладно
endocrinology_type 2 diabetes_12_BGgpt_abbreviations_EN_BG.txt	OGTT	Oral Glucose Tolerance Test	ОГТТ	Орален глюкозо-толерантен тест
endocrinology_type 2 diabetes_12_BGgpt_abbreviations_EN_BG.txt	LDL	Low-Density Lipoprotein	LDL	Липопротеин с ниска плътност
endocrinology_type 2 diabetes_12_BGgpt_abbreviations_EN_BG.txt	GLP-1	Glucagon-like peptide-1	GLP-1	Глюкагоноподобен пептид-1
endocrinology_type 2 diabetes_12_BGgpt_abbreviations_EN_BG.txt	bpm	beats per minute	уд/мин	удара в минута
endocrinology_type 2 diabetes_13_BGgpt_abbreviations_EN_BG.txt	MI	Myocardial Infarction	МИ	Миокарден инфаркт
endocrinology_type 2 diabetes_13_BGgpt_abbreviations_EN_BG.txt	BP	Blood Pressure	КН	Кръвно налягане
endocrinology_type 2 diabetes_13_BGgpt_abbreviations_EN_BG.txt	bpm	beats per minute	уд./мин	удара в минута
endocrinology_type 2 diabetes_13_BGgpt_abbreviations_EN_BG.txt	BMI	Body Mass Index	ИТМ	Индекс на телесна маса
endocrinology_type 2 diabetes_13_BGgpt_abbreviations_EN_BG.txt	FPG	Fasting Plasma Glucose	ГКН	Глюкоза на гладно
endocrinology_type 2 diabetes_13_BGgpt_abbreviations_EN_BG.txt	HbA1C	Hemoglobin A1C	HbA1c	Хемоглобин А1c
endocrinology_type 2 diabetes_13_BGgpt_abbreviations_EN_BG.txt	LDL	Low-Density Lipoprotein	LDL	Липопротеин с ниска плътност
endocrinology_type 2 diabetes_13_BGgpt_abbreviations_EN_BG.txt	HDL	High-Density Lipoprotein	HDL	Липопротеин с висока плътност
endocrinology_type 2 diabetes_13_BGgpt_abbreviations_EN_BG.txt	mg/dL	milligram per deciliter	мг/дл	милиграм на децилитър
endocrinology_type 2 diabetes_13_BGgpt_abbreviations_EN_BG.txt	kg/m^2	kilogram per square meter	кг/м²	килограм на квадратен метър
endocrinology_type 2 diabetes_13_BGgpt_abbreviations_EN_BG.txt	IV	Intravenous	интр.	интравенозно
endocrinology_type 2 diabetes_13_BGgpt_abbreviations_EN_BG.txt	SC	Subcutaneous	п/к	подкожно
endocrinology_type 2 diabetes_14_BGgpt_abbreviations_EN_BG.txt	FPG	Fasting Plasma Glucose	ПКЗ	Плазмена кръвна захар на гладно
endocrinology_type 2 diabetes_14_BGgpt_abbreviations_EN_BG.txt	HbA1C	Glycosylated Hemoglobin	HbA1C	Гликиран хемоглобин
endocrinology_type 2 diabetes_14_BGgpt_abbreviations_EN_BG.txt	OGTT	Oral Glucose Tolerance Testing	ОГТТ	Орален глюкозо-толерантен тест
endocrinology_type 2 diabetes_14_BGgpt_abbreviations_EN_BG.txt	MD	Doctor of Medicine	д-р	доктор по медицина
endocrinology_type 2 diabetes_15_BGgpt_abbreviations_EN_BG.txt	FPG	Fasting Plasma Glucose	ГПК	Глюкоза в плазма на гладно
endocrinology_type 2 diabetes_15_BGgpt_abbreviations_EN_BG.txt	HbA1C	Glycosylated Hemoglobin	HbA1c	Гликиран хемоглобин
endocrinology_type 2 diabetes_15_BGgpt_abbreviations_EN_BG.txt	OGTT	Oral Glucose Tolerance Test	ОГТТ	Орален глюкозо-толерантен тест
endocrinology_type 2 diabetes_15_BGgpt_abbreviations_EN_BG.txt	LDL	Low-Density Lipoprotein	LDL	Липопротеин с ниска плътност
endocrinology_type 2 diabetes_15_BGgpt_abbreviations_EN_BG.txt	HDL	High-Density Lipoprotein	HDL	Липопротеин с висока плътност
endocrinology_type 2 diabetes_15_BGgpt_abbreviations_EN_BG.txt	BMI	Body Mass Index	ИТМ	Индекс на телесна маса
endocrinology_type 2 diabetes_16_BGgpt_abbreviations_EN_BG.txt	DOB	Date of Birth	Р.д.	Дата на раждане
endocrinology_type 2 diabetes_16_BGgpt_abbreviations_EN_BG.txt	MRN	Medical Record Number	АМБУЛАТОРЕН №	Амбулаторен номер (common practice)
endocrinology_type 2 diabetes_16_BGgpt_abbreviations_EN_BG.txt	FPG	Fasting Plasma Glucose	КЗГ	Кръвна захар на гладно
endocrinology_type 2 diabetes_16_BGgpt_abbreviations_EN_BG.txt	HbA1C	Glycosylated Hemoglobin	HbA1C	Гликиран хемоглобин
endocrinology_type 2 diabetes_16_BGgpt_abbreviations_EN_BG.txt	OGTT	Oral Glucose Tolerance Test	ОГТТ	Орален глюкозо-толерантен тест
endocrinology_type 2 diabetes_17_BGgpt_abbreviations_EN_BG.txt	FPG	Fasting Plasma Glucose	КЗГ	Кръвна захар на гладно
endocrinology_type 2 diabetes_17_BGgpt_abbreviations_EN_BG.txt	HbA1C	Glycosylated Hemoglobin	HbA1c	Гликиран хемоглобин
endocrinology_type 2 diabetes_17_BGgpt_abbreviations_EN_BG.txt	OGTT	Oral Glucose Tolerance Test	ОГТТ	Орален глюкозо-толерантен тест
endocrinology_type 2 diabetes_17_BGgpt_abbreviations_EN_BG.txt	GLP-1	Glucagon-Like Peptide-1	GLP-1	Глюкагоноподобен пептид-1
endocrinology_type 2 diabetes_17_BGgpt_abbreviations_EN_BG.txt	SGLT2	Sodium-Glucose Co-Transporter 2	SGLT2	Натриево-глюкозен ко-транспортер 2
endocrinology_type 2 diabetes_17_BGgpt_abbreviations_EN_BG.txt	MRN	Medical Record Number	ЛКН	Лекарски консултативен номер
endocrinology_type 2 diabetes_17_BGgpt_abbreviations_EN_BG.txt	BP	Blood Pressure	АН	Артериално налягане
endocrinology_type 2 diabetes_18_BGgpt_abbreviations_EN_BG.txt	Type 2 DM	Type 2 Diabetes Mellitus	Т2ДМ	Захарен диабет тип 2
endocrinology_type 2 diabetes_18_BGgpt_abbreviations_EN_BG.txt	BMI	Body Mass Index	ИТМ	Индекс на телесна маса
endocrinology_type 2 diabetes_18_BGgpt_abbreviations_EN_BG.txt	BP	Blood Pressure	АН	Артериално налягане
endocrinology_type 2 diabetes_18_BGgpt_abbreviations_EN_BG.txt	FPG	Fasting Plasma Glucose	КЗГ	Кръвна захар на гладно
endocrinology_type 2 diabetes_18_BGgpt_abbreviations_EN_BG.txt	HbA1C	Glycosylated Hemoglobin	HbA1C	Гликиран хемоглобин
endocrinology_type 2 diabetes_18_BGgpt_abbreviations_EN_BG.txt	GLP-1 RA	GLP-1 Receptor Agonist	-	Агонист на GLP-1 рецептора
endocrinology_type 2 diabetes_18_BGgpt_abbreviations_EN_BG.txt	LDL	Low-Density Lipoprotein	LDL	Липопротеин с ниска плътност
endocrinology_type 2 diabetes_19_BGgpt_abbreviations_EN_BG.txt	FPG	Fasting Plasma Glucose	КЗГ	Кръвна захар на гладно
endocrinology_type 2 diabetes_19_BGgpt_abbreviations_EN_BG.txt	HbA1C	Glycosylated Hemoglobin	HbA1C	Гликиран хемоглобин
endocrinology_type 2 diabetes_19_BGgpt_abbreviations_EN_BG.txt	BMI	Body Mass Index	ИТМ	Индекс на телесна маса
endocrinology_type 2 diabetes_19_BGgpt_abbreviations_EN_BG.txt	OGTT	Oral Glucose Tolerance Testing	ОГТТ	Орален глюкозо-толерантен тест
endocrinology_type 2 diabetes_19_BGgpt_abbreviations_EN_BG.txt	BP	Blood Pressure	КН	Кръвно налягане
endocrinology_type 2 diabetes_19_BGgpt_abbreviations_EN_BG.txt	SC	Subcutaneous	п.к.	подкожно
endocrinology_type 2 diabetes_19_BGgpt_abbreviations_EN_BG.txt	mg/dL	Milligrams per deciliter	mg/dL	милиграма на децилитър
endocrinology_type 2 diabetes_1_BGgpt_abbreviations_EN_BG.txt	FPG	Fasting Plasma Glucose	ГГ	Глюкоза на гладно
endocrinology_type 2 diabetes_1_BGgpt_abbreviations_EN_BG.txt	HbA1C	Glycosylated Hemoglobin	HbA1c	Гликиран хемоглобин
endocrinology_type 2 diabetes_1_BGgpt_abbreviations_EN_BG.txt	OGTT	Oral Glucose Tolerance Test	ОГТТ	Орален глюкозо-толерантен тест
endocrinology_type 2 diabetes_1_BGgpt_abbreviations_EN_BG.txt	LDL	Low-Density Lipoprotein	LDL	Липопротеини с ниска плътност
endocrinology_type 2 diabetes_1_BGgpt_abbreviations_EN_BG.txt	mg/dL	Milligrams per deciliter	mg/dL	Милиграми на децилитър
endocrinology_type 2 diabetes_1_BGgpt_abbreviations_EN_BG.txt	SARS-CoV-2	Severe Acute Respiratory Syndrome Coronavirus 2	SARS-CoV-2	Тежък остър респираторен синдром коронавирус 2
endocrinology_type 2 diabetes_20_BGgpt_abbreviations_EN_BG.txt	FPG	Fasting Plasma Glucose	ГНГ	Глюкоза на гладно
endocrinology_type 2 diabetes_20_BGgpt_abbreviations_EN_BG.txt	HbA1C	Glycosylated Hemoglobin	HbA1C	Гликиран хемоглобин
endocrinology_type 2 diabetes_20_BGgpt_abbreviations_EN_BG.txt	OGTT	Oral Glucose Tolerance Test	ОГТТ	Орален глюкозо-толерантен тест
endocrinology_type 2 diabetes_20_BGgpt_abbreviations_EN_BG.txt	GLP-1	Glucagon-like peptide-1	GLP-1	Глюкагоноподобен пептид-1
endocrinology_type 2 diabetes_20_BGgpt_abbreviations_EN_BG.txt	LDL	Low-Density Lipoprotein	LDL	Липопротеин с ниска плътност
endocrinology_type 2 diabetes_20_BGgpt_abbreviations_EN_BG.txt	MRN	Medical Record Number	№ на мед.досие	Номер на медицинско досие
endocrinology_type 2 diabetes_20_BGgpt_abbreviations_EN_BG.txt	mg/dL	Milligrams per Deciliter	мг/дл	Милиграми на децилитър
endocrinology_type 2 diabetes_20_BGgpt_abbreviations_EN_BG.txt	MD	Doctor of Medicine	д-р	Доктор по медицина
endocrinology_type 2 diabetes_21_BGgpt_abbreviations_EN_BG.txt	DOB	Date of Birth	ДР	Дата на раждане
endocrinology_type 2 diabetes_21_BGgpt_abbreviations_EN_BG.txt	MRN	Medical Record Number	МРН	Медицински регистрационен номер
endocrinology_type 2 diabetes_21_BGgpt_abbreviations_EN_BG.txt	FPG	Fasting Plasma Glucose	ГГ	Глюкоза на гладно
endocrinology_type 2 diabetes_21_BGgpt_abbreviations_EN_BG.txt	HbA1C	Glycosylated Hemoglobin	HbA1C	Гликиран хемоглобин
endocrinology_type 2 diabetes_21_BGgpt_abbreviations_EN_BG.txt	OGTT	Oral Glucose Tolerance Test	ОГТТ	Орален глюкозо-толерантен тест
endocrinology_type 2 diabetes_21_BGgpt_abbreviations_EN_BG.txt	LDL	Low-Density Lipoprotein	LDL	Липопротеин с ниска плътност
endocrinology_type 2 diabetes_21_BGgpt_abbreviations_EN_BG.txt	GLP-1	Glucagon-Like Peptide-1	GLP-1	Глюкагон-подобен пептид-1
endocrinology_type 2 diabetes_21_BGgpt_abbreviations_EN_BG.txt	mg	milligram	мг	милиграм
endocrinology_type 2 diabetes_21_BGgpt_abbreviations_EN_BG.txt	dL	deciliter	дл	децилитър
endocrinology_type 2 diabetes_21_BGgpt_abbreviations_EN_BG.txt	SARS-CoV-2	Severe Acute Respiratory Syndrome Coronavirus 2	SARS-CoV-2	Тежък остър респираторен синдром коронавирус 2
endocrinology_type 2 diabetes_22_BGgpt_abbreviations_EN_BG.txt	FPG	Fasting Plasma Glucose	ФПГ	Фосфолипиден глюкозен профил (раната е „ФПГ“ – Фосфолипиден глюкозен профил, но се използва като съкращение за „ФГ“ – Фастинг глюкоза)
endocrinology_type 2 diabetes_22_BGgpt_abbreviations_EN_BG.txt	HbA1c	Glycosylated Hemoglobin	HbA1c	Гликиран хемоглобин
endocrinology_type 2 diabetes_22_BGgpt_abbreviations_EN_BG.txt	OGTT	Oral Glucose Tolerance Test	ОГТТ	Орален глюкозо-толерантен тест
endocrinology_type 2 diabetes_22_BGgpt_abbreviations_EN_BG.txt	MRN	Medical Record Number	ЛНЧ	Лично номер на пациента (в България се използва ЕГН)
endocrinology_type 2 diabetes_22_BGgpt_abbreviations_EN_BG.txt	CGM	Continuous Glucose Monitor	СНМГ	Система за непрекъснато мониториране на глюкоза
endocrinology_type 2 diabetes_23_BGgpt_abbreviations_EN_BG.txt	MRN	Medical Record Number	№ ЛЗ	Личен здравен досие номер
endocrinology_type 2 diabetes_23_BGgpt_abbreviations_EN_BG.txt	FPG	Fasting Plasma Glucose	ГПГ	Гликемия на гладно
endocrinology_type 2 diabetes_23_BGgpt_abbreviations_EN_BG.txt	HbA1C	Glycosylated Hemoglobin	HbA1c	Гликиран хемоглобин
endocrinology_type 2 diabetes_23_BGgpt_abbreviations_EN_BG.txt	OGTT	Oral Glucose Tolerance Test	ОГТТ	Орален глюкозо-толерантен тест
endocrinology_type 2 diabetes_23_BGgpt_abbreviations_EN_BG.txt	LDL	Low-Density Lipoprotein	LDL	Липопротеин с ниска плътност
endocrinology_type 2 diabetes_24_BGgpt_abbreviations_EN_BG.txt	MRN	Medical Record Number	МРН	Медицински регистрационен номер
endocrinology_type 2 diabetes_24_BGgpt_abbreviations_EN_BG.txt	FPG	Fasting Plasma Glucose	КЗНГ	Кръвна захар на гладно
endocrinology_type 2 diabetes_24_BGgpt_abbreviations_EN_BG.txt	HbA1C	Glycosylated Hemoglobin	HbA1c	Гликиран хемоглобин
endocrinology_type 2 diabetes_24_BGgpt_abbreviations_EN_BG.txt	OGTT	Oral Glucose Tolerance Test	ОГТТ	Орален глюкозо-толерантен тест
endocrinology_type 2 diabetes_24_BGgpt_abbreviations_EN_BG.txt	IV	Intravenous	i.v.	Интравенозно
endocrinology_type 2 diabetes_24_BGgpt_abbreviations_EN_BG.txt	BP	Blood Pressure	АН	Артериално налягане
endocrinology_type 2 diabetes_24_BGgpt_abbreviations_EN_BG.txt	mg/dL	Milligrams per deciliter	mg/dL	Милиграми на децилитър
endocrinology_type 2 diabetes_24_BGgpt_abbreviations_EN_BG.txt	GLP-1	Glucagon-Like Peptide-1	GLP-1	Глюкагоноподобен пептид-1
endocrinology_type 2 diabetes_25_BGgpt_abbreviations_EN_BG.txt	FPG	Fasting Plasma Glucose	ГК	Глюкоза на гладно
endocrinology_type 2 diabetes_25_BGgpt_abbreviations_EN_BG.txt	HbA1c	Glycosylated Hemoglobin	HbA1c	Гликиран хемоглобин
endocrinology_type 2 diabetes_25_BGgpt_abbreviations_EN_BG.txt	OGTT	Oral Glucose Tolerance Test	ОГТТ	Орален глюкозо-толерантен тест
endocrinology_type 2 diabetes_25_BGgpt_abbreviations_EN_BG.txt	mg/dL	Milligrams per deciliter	mg/dL	Милиграма на децилитър
endocrinology_type 2 diabetes_25_BGgpt_abbreviations_EN_BG.txt	Dr.	Doctor	д-р	Доктор
endocrinology_type 2 diabetes_25_BGgpt_abbreviations_EN_BG.txt	MD	Medical Doctor	д-р	Доктор
endocrinology_type 2 diabetes_26_BGgpt_abbreviations_EN_BG.txt	Type 2 DM	Type 2 Diabetes Mellitus	Захарен диабет тип 2	Захарен диабет тип 2
endocrinology_type 2 diabetes_26_BGgpt_abbreviations_EN_BG.txt	HTN	Hypertension	АХ	Артериална хипертония
endocrinology_type 2 diabetes_26_BGgpt_abbreviations_EN_BG.txt	BMI	Body Mass Index	ИТМ	Индекс на телесна маса
endocrinology_type 2 diabetes_26_BGgpt_abbreviations_EN_BG.txt	BP	Blood Pressure	КН	Кръвно налягане
endocrinology_type 2 diabetes_26_BGgpt_abbreviations_EN_BG.txt	FPG	Fasting Plasma Glucose	КЗГ	Кръвна захар на гладно
endocrinology_type 2 diabetes_26_BGgpt_abbreviations_EN_BG.txt	HbA1C	Glycosylated Hemoglobin	HbA1c	Гликиран хемоглобин
endocrinology_type 2 diabetes_26_BGgpt_abbreviations_EN_BG.txt	LDL	Low-Density Lipoprotein	ЛНП	Липопротеини с ниска плътност
endocrinology_type 2 diabetes_26_BGgpt_abbreviations_EN_BG.txt	HDL	High-Density Lipoprotein	ЛВП	Липопротеини с висока плътност
endocrinology_type 2 diabetes_26_BGgpt_abbreviations_EN_BG.txt	Hb	Hemoglobin	Hb	Хемоглобин
endocrinology_type 2 diabetes_26_BGgpt_abbreviations_EN_BG.txt	MI	Myocardial Infarction	МИ	Миокарден инфаркт
endocrinology_type 2 diabetes_27_BGgpt_abbreviations_EN_BG.txt	FPG	Fasting Plasma Glucose	ГНГ	Глюкоза на гладно
endocrinology_type 2 diabetes_27_BGgpt_abbreviations_EN_BG.txt	HbA1C	Glycosylated Hemoglobin	HbA1C	Гликиран хемоглобин
endocrinology_type 2 diabetes_27_BGgpt_abbreviations_EN_BG.txt	OGTT	Oral Glucose Tolerance Test	ОГТТ	Орален глюкозо-толерантен тест
endocrinology_type 2 diabetes_27_BGgpt_abbreviations_EN_BG.txt	LDL	Low-Density Lipoprotein	ЛПНП	Липопротеин с ниска плътност
endocrinology_type 2 diabetes_27_BGgpt_abbreviations_EN_BG.txt	GLP-1	Glucagon-like Peptide-1	ГЛП-1	Глюкагоноподобен пептид-1
endocrinology_type 2 diabetes_27_BGgpt_abbreviations_EN_BG.txt	SGLT2	Sodium-Glucose Cotransporter 2	СГЛТ2	Натрий-глюкозен котранспортер 2
endocrinology_type 2 diabetes_27_BGgpt_abbreviations_EN_BG.txt	CGM	Continuous Glucose Monitoring	НГК	Непрекъснат мониторинг на глюкозата
endocrinology_type 2 diabetes_28_BGgpt_abbreviations_EN_BG.txt	BMI	Body Mass Index	ИТМ	Индекс на телесна маса
endocrinology_type 2 diabetes_28_BGgpt_abbreviations_EN_BG.txt	BP	Blood Pressure	КК	Кръвно налягане (commonly abbreviated as КК)
endocrinology_type 2 diabetes_28_BGgpt_abbreviations_EN_BG.txt	FPG	Fasting Plasma Glucose	КЗГ	Кръвна захар на гладно
endocrinology_type 2 diabetes_28_BGgpt_abbreviations_EN_BG.txt	HbA1C	Glycosylated Hemoglobin	HbA1C	Гликиран хемоглобин (can use the same abbreviation)
endocrinology_type 2 diabetes_28_BGgpt_abbreviations_EN_BG.txt	LDL	Low-Density Lipoprotein	LDL	LDL-холестерол (can use the same abbreviation)
endocrinology_type 2 diabetes_28_BGgpt_abbreviations_EN_BG.txt	GLP-1	Glucagon-like Peptide-1	GLP-1	Глюкагоноподобен пептид-1 (can use the same abbreviation)
endocrinology_type 2 diabetes_29_BGgpt_abbreviations_EN_BG.txt	MG/DL	Milligrams per deciliter	мг/дл	Милиграми на децилитър
endocrinology_type 2 diabetes_29_BGgpt_abbreviations_EN_BG.txt	FPG	Fasting Plasma Glucose	КЗГ	Кръвна захар на гладно
endocrinology_type 2 diabetes_29_BGgpt_abbreviations_EN_BG.txt	HbA1C	Glycosylated Hemoglobin	HbA1c	Гликиран хемоглобин
endocrinology_type 2 diabetes_29_BGgpt_abbreviations_EN_BG.txt	OGTT	Oral Glucose Tolerance Test	ОГТТ	Орален глюкозо-толерантен тест
endocrinology_type 2 diabetes_29_BGgpt_abbreviations_EN_BG.txt	T2DM	Type 2 Diabetes Mellitus	ЗДТ2	Захарен диабет тип 2
endocrinology_type 2 diabetes_29_BGgpt_abbreviations_EN_BG.txt	BP	Blood Pressure	АН	Артериално налягане
endocrinology_type 2 diabetes_29_BGgpt_abbreviations_EN_BG.txt	MI	Myocardial Infarction	МИ	Миокарден инфаркт
endocrinology_type 2 diabetes_2_BGgpt_abbreviations_EN_BG.txt	MRN	Medical Record Number	№ на пациентския картон	Номер на пациентския картон
endocrinology_type 2 diabetes_2_BGgpt_abbreviations_EN_BG.txt	FPG	Fasting Plasma Glucose	КЗГ	Кръвна захар на гладно
endocrinology_type 2 diabetes_2_BGgpt_abbreviations_EN_BG.txt	HbA1C	Glycosylated Hemoglobin	ГХ	Гликиран хемоглобин
endocrinology_type 2 diabetes_2_BGgpt_abbreviations_EN_BG.txt	OGTT	Oral Glucose Tolerance Test	ОГТТ	Орален глюкозо-толерантен тест
endocrinology_type 2 diabetes_2_BGgpt_abbreviations_EN_BG.txt	BMI	Body Mass Index	ИТМ	Индекс на телесната маса
endocrinology_type 2 diabetes_2_BGgpt_abbreviations_EN_BG.txt	MD	Doctor of Medicine	Д-р	Доктор
endocrinology_type 2 diabetes_2_BGgpt_abbreviations_EN_BG.txt	SARS-CoV-2	Severe Acute Respiratory Syndrome Coronavirus 2	SARS-CoV-2	Тежък остър респираторен синдром коронавирус 2
endocrinology_type 2 diabetes_30_BGgpt_abbreviations_EN_BG.txt	T2DM	Type 2 Diabetes Mellitus	ЗДТ2	Захарен диабет тип 2
endocrinology_type 2 diabetes_30_BGgpt_abbreviations_EN_BG.txt	MRN	Medical Record Number	ЛН	Личен номер (patient ID)
endocrinology_type 2 diabetes_30_BGgpt_abbreviations_EN_BG.txt	HbA1C	Hemoglobin A1C	HbA1c	Гликиран хемоглобин
endocrinology_type 2 diabetes_30_BGgpt_abbreviations_EN_BG.txt	mg/dL	Milligrams per deciliter	mg/dL	Милиграми на децилитър
endocrinology_type 2 diabetes_30_BGgpt_abbreviations_EN_BG.txt	SC, SQ	Subcutaneous	СК	Подкожно
endocrinology_type 2 diabetes_30_BGgpt_abbreviations_EN_BG.txt	PO	Orally	П	Перорално
endocrinology_type 2 diabetes_31_BGgpt_abbreviations_EN_BG.txt	FPG	Fasting Plasma Glucose	КЗГ	Кръвна захар на гладно
endocrinology_type 2 diabetes_31_BGgpt_abbreviations_EN_BG.txt	HbA1C	Glycosylated Hemoglobin	HbA1C	Гликиран хемоглобин
endocrinology_type 2 diabetes_31_BGgpt_abbreviations_EN_BG.txt	OGTT	Oral Glucose Tolerance Test	ОГТТ	Орален глюкозо-толерантен тест
endocrinology_type 2 diabetes_31_BGgpt_abbreviations_EN_BG.txt	SGLT2	Sodium-glucose co-transporter 2	SGLT2	Натрий-глюкозен котранспортер 2
endocrinology_type 2 diabetes_31_BGgpt_abbreviations_EN_BG.txt	mg/dL	Milligrams per deciliter	mg/dL	Милиграма на децилитър
endocrinology_type 2 diabetes_31_BGgpt_abbreviations_EN_BG.txt	PO	Per Os (orally)	през устата/п.о.	През устата
endocrinology_type 2 diabetes_32_BGgpt_abbreviations_EN_BG.txt	BMI	Body Mass Index	ИТМ	Индекс на телесна маса
endocrinology_type 2 diabetes_32_BGgpt_abbreviations_EN_BG.txt	FPG	Fasting Plasma Glucose	ПГНГ	Плазмена глюкоза на гладно
endocrinology_type 2 diabetes_32_BGgpt_abbreviations_EN_BG.txt	HbA1C	Glycosylated Hemoglobin	HbA1C (can also be written as Гликиран хемоглобин)	Гликиран хемоглобин
endocrinology_type 2 diabetes_32_BGgpt_abbreviations_EN_BG.txt	mg/dL	Milligrams per deciliter	мг/дл	Милиграми на децилитър
endocrinology_type 2 diabetes_32_BGgpt_abbreviations_EN_BG.txt	kg/m^2	Kilograms per square meter	кг/м²	Килограми на квадратен метър
endocrinology_type 2 diabetes_32_BGgpt_abbreviations_EN_BG.txt	GLP-1	Glucagon-like Peptide-1	GLP-1 (can also be written as Глюкагоноподобен пептид-1)	Глюкагоноподобен пептид-1
endocrinology_type 2 diabetes_32_BGgpt_abbreviations_EN_BG.txt	MD	Medical Doctor	Д-р	Доктор
endocrinology_type 2 diabetes_33_BGgpt_abbreviations_EN_BG.txt	FPG	Fasting Plasma Glucose	ГПГ	Глюкоза на гладно
endocrinology_type 2 diabetes_33_BGgpt_abbreviations_EN_BG.txt	HbA1C	Glycosylated Hemoglobin	HbA1c	Гликиран хемоглобин
endocrinology_type 2 diabetes_33_BGgpt_abbreviations_EN_BG.txt	OGTT	Oral Glucose Tolerance Test	ОГТТ	Орален глюкозо-толерантен тест
endocrinology_type 2 diabetes_33_BGgpt_abbreviations_EN_BG.txt	CBC	Complete Blood Count	ПКК	Пълна кръвна картина
endocrinology_type 2 diabetes_33_BGgpt_abbreviations_EN_BG.txt	mg/dL	Milligrams per deciliter	mg/dL	Милиграми на децилитър
endocrinology_type 2 diabetes_33_BGgpt_abbreviations_EN_BG.txt	LDL	Low-Density Lipoprotein	LDL	Липопротеин с ниска плътност
endocrinology_type 2 diabetes_33_BGgpt_abbreviations_EN_BG.txt	MD	Doctor of Medicine	д-р	Доктор по медицина
endocrinology_type 2 diabetes_33_BGgpt_abbreviations_EN_BG.txt	BID	Twice daily	2x дн.	Два пъти дневно
endocrinology_type 2 diabetes_33_BGgpt_abbreviations_EN_BG.txt	QD	Once daily	1x дн.	Веднъж дневно
endocrinology_type 2 diabetes_34_BGgpt_abbreviations_EN_BG.txt	MRN	Medical Record Number	МРН	Медицински регистрационен номер
endocrinology_type 2 diabetes_34_BGgpt_abbreviations_EN_BG.txt	FPG	Fasting Plasma Glucose	КЗГ	Кръвна захар на гладно
endocrinology_type 2 diabetes_34_BGgpt_abbreviations_EN_BG.txt	HbA1C	Glycosylated Hemoglobin	HbA1C	Гликиран хемоглобин
endocrinology_type 2 diabetes_34_BGgpt_abbreviations_EN_BG.txt	LDL	Low-Density Lipoprotein	LDL	Липопротеин с ниска плътност
endocrinology_type 2 diabetes_34_BGgpt_abbreviations_EN_BG.txt	SARS-CoV-2	Severe Acute Respiratory Syndrome Coronavirus 2	SARS-CoV-2	Тежък остър респираторен синдром коронавирус 2
endocrinology_type 2 diabetes_34_BGgpt_abbreviations_EN_BG.txt	mg/dL	milligram per deciliter	mg/dL	милиграм на децилитър
endocrinology_type 2 diabetes_34_BGgpt_abbreviations_EN_BG.txt	mmHg	millimeters of mercury	mmHg	милиметър живачен стълб
endocrinology_type 2 diabetes_35_BGgpt_abbreviations_EN_BG.txt	FPG	Fasting Plasma Glucose	КЗГ	Кръвна захар на гладно
endocrinology_type 2 diabetes_35_BGgpt_abbreviations_EN_BG.txt	HbA1C	Glycosylated Hemoglobin	HbA1C	Гликиран хемоглобин
endocrinology_type 2 diabetes_35_BGgpt_abbreviations_EN_BG.txt	OGTT	Oral Glucose Tolerance Test	ОГТТ	Орален глюкозо-толерантен тест
endocrinology_type 2 diabetes_35_BGgpt_abbreviations_EN_BG.txt	LDL	Low-Density Lipoprotein	LDL	Липопротеин с ниска плътност
endocrinology_type 2 diabetes_36_BGgpt_abbreviations_EN_BG.txt	BP	Blood Pressure	КН	Кръвно налягане
endocrinology_type 2 diabetes_36_BGgpt_abbreviations_EN_BG.txt	FPG	Fasting Plasma Glucose	Кръвна захар на гладно	Кръвна захар на гладно
endocrinology_type 2 diabetes_36_BGgpt_abbreviations_EN_BG.txt	HbA1C	Glycosylated Hemoglobin	HbA1C	Гликиран хемоглобин
endocrinology_type 2 diabetes_36_BGgpt_abbreviations_EN_BG.txt	LDL	Low-Density Lipoprotein	ЛНП	Липопротеин с ниска плътност
endocrinology_type 2 diabetes_36_BGgpt_abbreviations_EN_BG.txt	HDL	High-Density Lipoprotein	ЛВП	Липопротеин с висока плътност
endocrinology_type 2 diabetes_36_BGgpt_abbreviations_EN_BG.txt	GLP-1	Glucagon-Like Peptide-1	GLP-1	Глюкагоноподобен пептид-1
endocrinology_type 2 diabetes_36_BGgpt_abbreviations_EN_BG.txt	mg/dL	Milligrams per Deciliter	mg/dL	Милиграм на децилитър
endocrinology_type 2 diabetes_36_BGgpt_abbreviations_EN_BG.txt	lbs	Pounds	кг	Килограм (translated unit)
endocrinology_type 2 diabetes_36_BGgpt_abbreviations_EN_BG.txt	ft	Feet	см	Сантиметър (translated unit)
endocrinology_type 2 diabetes_36_BGgpt_abbreviations_EN_BG.txt	in	Inches	см	Сантиметър (translated unit)
endocrinology_type 2 diabetes_36_BGgpt_abbreviations_EN_BG.txt	i.e.	id est	т.е.	т.е.
endocrinology_type 2 diabetes_36_BGgpt_abbreviations_EN_BG.txt	SARS-CoV-2	Severe Acute Respiratory Syndrome Coronavirus 2	SARS-CoV-2	Тежък остър респираторен синдром коронавирус 2
endocrinology_type 2 diabetes_37_BGgpt_abbreviations_EN_BG.txt	FPG	Fasting Plasma Glucose	КЗНГ	Кръвна захар на гладно
endocrinology_type 2 diabetes_37_BGgpt_abbreviations_EN_BG.txt	HbA1C	Glycosylated Hemoglobin	ГХ	Гликиран хемоглобин
endocrinology_type 2 diabetes_37_BGgpt_abbreviations_EN_BG.txt	OGTT	Oral Glucose Tolerance Test	ОГТТ	Орален глюкозо-толерантен тест
endocrinology_type 2 diabetes_37_BGgpt_abbreviations_EN_BG.txt	BMI	Body Mass Index	ИТМ	Индекс на телесната маса
endocrinology_type 2 diabetes_37_BGgpt_abbreviations_EN_BG.txt	SGLT2	Sodium-glucose cotransporter 2	SGLT2	Натрий-глюкозен котранспортер 2
endocrinology_type 2 diabetes_37_BGgpt_abbreviations_EN_BG.txt	LDL	Low-density lipoprotein	LDL	Липопротеин с ниска плътност
endocrinology_type 2 diabetes_37_BGgpt_abbreviations_EN_BG.txt	HDL	High-density lipoprotein	HDL	Липопротеин с висока плътност
endocrinology_type 2 diabetes_38_BGgpt_abbreviations_EN_BG.txt	BMI	Body Mass Index	ИТМ	Индекс на телесна маса
endocrinology_type 2 diabetes_38_BGgpt_abbreviations_EN_BG.txt	BP	Blood Pressure	АН	Кръвно налягане
endocrinology_type 2 diabetes_38_BGgpt_abbreviations_EN_BG.txt	HbA1C	Glycosylated Hemoglobin	HbA1C	Гликиран хемоглобин
endocrinology_type 2 diabetes_38_BGgpt_abbreviations_EN_BG.txt	mg/dL	Milligrams per Deciliter	mg/dL	Милиграми на децилитър
endocrinology_type 2 diabetes_38_BGgpt_abbreviations_EN_BG.txt	LПНП	Липопротеини с ниска плътност	LDL	Low-Density Lipoproteins
endocrinology_type 2 diabetes_38_BGgpt_abbreviations_EN_BG.txt	АСЕ-инхибитор	ACE inhibitor	ACE inhibitor	Angiotensin-Converting Enzyme inhibitor
endocrinology_type 2 diabetes_38_BGgpt_abbreviations_EN_BG.txt	GLP-1	Глюкагоноподобен пептид-1	GLP-1	Glucagon-Like Peptide-1
endocrinology_type 2 diabetes_39_BGgpt_abbreviations_EN_BG.txt	FPG	Fasting Plasma Glucose	КЗГ	Кръвна захар на гладно
endocrinology_type 2 diabetes_39_BGgpt_abbreviations_EN_BG.txt	HbA1C	Glycosylated Hemoglobin	HbA1c	Гликиран хемоглобин
endocrinology_type 2 diabetes_39_BGgpt_abbreviations_EN_BG.txt	OGTT	Oral Glucose Tolerance Test	ОГТТ	Орален глюкозо-толерантен тест
endocrinology_type 2 diabetes_39_BGgpt_abbreviations_EN_BG.txt	BMI	Body Mass Index	ИТМ	Индекс на телесна маса
endocrinology_type 2 diabetes_39_BGgpt_abbreviations_EN_BG.txt	mg/dL	Milligrams per deciliter	мг/дл	Милиграм на децилитър
endocrinology_type 2 diabetes_39_BGgpt_abbreviations_EN_BG.txt	GLP-1	Glucagon-Like Peptide-1	GLP-1	Глюкагоноподобен пептид-1
endocrinology_type 2 diabetes_39_BGgpt_abbreviations_EN_BG.txt	MD	Medical Doctor	д-р	Доктор (думата, не съкращение)
endocrinology_type 2 diabetes_3_BGgpt_abbreviations_EN_BG.txt	FPG	Fasting Plasma Glucose	ПКК	Празностомашна кръвна захар
endocrinology_type 2 diabetes_3_BGgpt_abbreviations_EN_BG.txt	HbA1C	Glycosylated Hemoglobin	HbA1C	Гликиран хемоглобин
endocrinology_type 2 diabetes_3_BGgpt_abbreviations_EN_BG.txt	OGTT	Oral Glucose Tolerance Test	ОГТТ	Орален глюкозо-толерантен тест
endocrinology_type 2 diabetes_3_BGgpt_abbreviations_EN_BG.txt	BMI	Body Mass Index	ИТМ	Индекс на телесна маса
endocrinology_type 2 diabetes_3_BGgpt_abbreviations_EN_BG.txt	LDL	Low-Density Lipoprotein	LDL	Липопротеин с ниска плътност
endocrinology_type 2 diabetes_3_BGgpt_abbreviations_EN_BG.txt	mg/dL	Milligrams per deciliter	mg/dL	Милиграма на децилитър
endocrinology_type 2 diabetes_3_BGgpt_abbreviations_EN_BG.txt	MD	Doctor of Medicine	д-р	Доктор на медицината
endocrinology_type 2 diabetes_40_BGgpt_abbreviations_EN_BG.txt	FPG	Fasting Plasma Glucose	ГК	Глюкоза на гладно
endocrinology_type 2 diabetes_40_BGgpt_abbreviations_EN_BG.txt	HbA1C	Glycosylated Hemoglobin	HbA1c	Гликиран хемоглобин
endocrinology_type 2 diabetes_40_BGgpt_abbreviations_EN_BG.txt	OGTT	Oral Glucose Tolerance Test	ОГТТ	Орален глюкозо-толерантен тест
endocrinology_type 2 diabetes_40_BGgpt_abbreviations_EN_BG.txt	BMI	Body Mass Index	ИТМ	Индекс на телесна маса
endocrinology_type 2 diabetes_40_BGgpt_abbreviations_EN_BG.txt	LDL	Low-Density Lipoprotein	LDL	Липопротеини с ниска плътност
endocrinology_type 2 diabetes_40_BGgpt_abbreviations_EN_BG.txt	GLP-1	Glucagon-Like Peptide-1	GLP-1	Глюкагоноподобен пептид-1
endocrinology_type 2 diabetes_40_BGgpt_abbreviations_EN_BG.txt	mg/dL	Milligrams per Deciliter	mg/dL	Милиграм на децилитър
endocrinology_type 2 diabetes_40_BGgpt_abbreviations_EN_BG.txt	MD	Medical Doctor	д-р	Доктор по медицина
endocrinology_type 2 diabetes_41_BGgpt_abbreviations_EN_BG.txt	MRN	Medical Record Number	№ на медицинско досие	Номер на медицинско досие
endocrinology_type 2 diabetes_41_BGgpt_abbreviations_EN_BG.txt	FPG	Fasting Plasma Glucose	КПК	Кръвна захар на гладно
endocrinology_type 2 diabetes_41_BGgpt_abbreviations_EN_BG.txt	HbA1C	Glycosylated Hemoglobin	HbA1C	Гликиран хемоглобин
endocrinology_type 2 diabetes_41_BGgpt_abbreviations_EN_BG.txt	OGTT	Oral Glucose Tolerance Test	ОГТТ	Орален глюкозо-толерантен тест
endocrinology_type 2 diabetes_41_BGgpt_abbreviations_EN_BG.txt	GLP-1	Glucagon-Like Peptide-1	GLP-1	Глюкагоноподобен пептид-1
endocrinology_type 2 diabetes_41_BGgpt_abbreviations_EN_BG.txt	mg	Milligram	мг	Милиграм
endocrinology_type 2 diabetes_41_BGgpt_abbreviations_EN_BG.txt	mL	Milliliter	мл	Милилитра
endocrinology_type 2 diabetes_41_BGgpt_abbreviations_EN_BG.txt	CDC	Centers for Disease Control and Prevention	CDC	Центрове за контрол и превенция на заболяванията (САЩ)
endocrinology_type 2 diabetes_41_BGgpt_abbreviations_EN_BG.txt	kg	Kilogram	кг	Килограм
endocrinology_type 2 diabetes_41_BGgpt_abbreviations_EN_BG.txt	min	Minute	мин	Минута
endocrinology_type 2 diabetes_41_BGgpt_abbreviations_EN_BG.txt	wk	Week	сед	Седмица
endocrinology_type 2 diabetes_41_BGgpt_abbreviations_EN_BG.txt	mg/dL	Milligrams per Deciliter	мг/дл	Милиграми на децилитър
endocrinology_type 2 diabetes_41_BGgpt_abbreviations_EN_BG.txt	MD	Doctor of Medicine	д-р	Доктор по медицина
endocrinology_type 2 diabetes_42_BGgpt_abbreviations_EN_BG.txt	FPG	Fasting Plasma Glucose	КЗГ	Кръвна захар на гладно
endocrinology_type 2 diabetes_42_BGgpt_abbreviations_EN_BG.txt	HbA1C	Glycosylated Hemoglobin	HbA1C	Гликиран хемоглобин
endocrinology_type 2 diabetes_42_BGgpt_abbreviations_EN_BG.txt	BMI	Body Mass Index	ИТМ	Индекс на телесна маса
endocrinology_type 2 diabetes_42_BGgpt_abbreviations_EN_BG.txt	GLP-1	Glucagon-Like Peptide-1	GLP-1	Глюкагоноподобен пептид-1
endocrinology_type 2 diabetes_42_BGgpt_abbreviations_EN_BG.txt	MD	Doctor of Medicine	Д-р	Доктор по медицина
endocrinology_type 2 diabetes_43_BGgpt_abbreviations_EN_BG.txt	FPG	Fasting Plasma Glucose	КЗГ	Кръвна захар на гладно
endocrinology_type 2 diabetes_43_BGgpt_abbreviations_EN_BG.txt	HbA1C	Glycosylated Hemoglobin	HbA1c	Гликиран хемоглобин
endocrinology_type 2 diabetes_43_BGgpt_abbreviations_EN_BG.txt	OGTT	Oral Glucose Tolerance Test	ОГТТ	Орален глюкозо-толерантен тест
endocrinology_type 2 diabetes_43_BGgpt_abbreviations_EN_BG.txt	LDL	Low-Density Lipoprotein	LDL	Липопротеин с ниска плътност
endocrinology_type 2 diabetes_43_BGgpt_abbreviations_EN_BG.txt	HDL	High-Density Lipoprotein	HDL	Липопротеин с висока плътност
endocrinology_type 2 diabetes_43_BGgpt_abbreviations_EN_BG.txt	GLP-1	Glucagon-like peptide-1	GLP-1	Глюкагоноподобен пептид-1
endocrinology_type 2 diabetes_44_BGgpt_abbreviations_EN_BG.txt	MRN	Medical Record Number	ЛЗК	Лекарски запис на пациента/клинично досие
endocrinology_type 2 diabetes_44_BGgpt_abbreviations_EN_BG.txt	BMI	Body Mass Index	ИТМ	Индекс на телесната маса
endocrinology_type 2 diabetes_44_BGgpt_abbreviations_EN_BG.txt	FPG	Fasting Plasma Glucose	КЗГ	Кръвна захар на гладно
endocrinology_type 2 diabetes_44_BGgpt_abbreviations_EN_BG.txt	HbA1C	Glycosylated Hemoglobin	HbA1C	Гликиран хемоглобин
endocrinology_type 2 diabetes_44_BGgpt_abbreviations_EN_BG.txt	MD	Doctor of Medicine	Д-р	Доктор
endocrinology_type 2 diabetes_44_BGgpt_abbreviations_EN_BG.txt	T2DM	Type 2 Diabetes Mellitus	ЗДТ2	Захарен диабет тип 2
endocrinology_type 2 diabetes_45_BGgpt_abbreviations_EN_BG.txt	FPG	Fasting Plasma Glucose	КЗГ	Кръвна захар на гладно
endocrinology_type 2 diabetes_45_BGgpt_abbreviations_EN_BG.txt	HbA1C	Glycosylated Hemoglobin	HbA1C	Гликиран хемоглобин
endocrinology_type 2 diabetes_45_BGgpt_abbreviations_EN_BG.txt	OGTT	Oral Glucose Tolerance Test	ОГТТ	Орален глюкозо-толерантен тест
endocrinology_type 2 diabetes_45_BGgpt_abbreviations_EN_BG.txt	BMI	Body Mass Index	ИТМ	Индекс на телесна маса
endocrinology_type 2 diabetes_45_BGgpt_abbreviations_EN_BG.txt	SGLT2	Sodium-glucose cotransporter 2	SGLT2	Натрий-глюкозен котранспортер 2
endocrinology_type 2 diabetes_45_BGgpt_abbreviations_EN_BG.txt	GLP-1	Glucagon-like peptide-1	GLP-1	Глюкагоноподобен пептид-1
endocrinology_type 2 diabetes_45_BGgpt_abbreviations_EN_BG.txt	Dr.	Doctor	Д-р	Доктор
endocrinology_type 2 diabetes_45_BGgpt_abbreviations_EN_BG.txt	mg	milligram	мг	милиграм
endocrinology_type 2 diabetes_45_BGgpt_abbreviations_EN_BG.txt	mL	milliliter	мл	милилитър
endocrinology_type 2 diabetes_45_BGgpt_abbreviations_EN_BG.txt	kg	kilogram	кг	килограм
endocrinology_type 2 diabetes_45_BGgpt_abbreviations_EN_BG.txt	m^2	square meter	м²	квадратен метър
endocrinology_type 2 diabetes_46_BGgpt_abbreviations_EN_BG.txt	FPG	Fasting Plasma Glucose	ГПК	Гликемия на гладно
endocrinology_type 2 diabetes_46_BGgpt_abbreviations_EN_BG.txt	HbA1C	Glycosylated Hemoglobin	HbA1c	Гликиран хемоглобин
endocrinology_type 2 diabetes_46_BGgpt_abbreviations_EN_BG.txt	OGTT	Oral Glucose Tolerance Test	ОГТТ	Орален глюкозо-толерантен тест
endocrinology_type 2 diabetes_46_BGgpt_abbreviations_EN_BG.txt	mg/dL	Milligrams per deciliter	мг/дл	Милиграми на децилитър
endocrinology_type 2 diabetes_46_BGgpt_abbreviations_EN_BG.txt	GLP-1	Glucagon-like peptide-1	GLP-1	Глюкагоноподобен пептид-1
endocrinology_type 2 diabetes_46_BGgpt_abbreviations_EN_BG.txt	LDL	Low-Density Lipoprotein	LDL	Липопротеин с ниска плътност
endocrinology_type 2 diabetes_46_BGgpt_abbreviations_EN_BG.txt	SARS-CoV-2	Severe Acute Respiratory Syndrome Coronavirus 2	SARS-CoV-2	Тежък остър респираторен синдром коронавирус 2
endocrinology_type 2 diabetes_47_BGgpt_abbreviations_EN_BG.txt	FPG	Fasting Plasma Glucose	ФПГ	Фосфорна плазмена глюкоза
endocrinology_type 2 diabetes_47_BGgpt_abbreviations_EN_BG.txt	HbA1C	Glycosylated Hemoglobin	HbA1c	Гликиран хемоглобин
endocrinology_type 2 diabetes_47_BGgpt_abbreviations_EN_BG.txt	LDL	Low-Density Lipoprotein	LDL	Липопротеин с ниска плътност
endocrinology_type 2 diabetes_47_BGgpt_abbreviations_EN_BG.txt	BMI	Body Mass Index	ИТМ	Индекс на телесна маса
endocrinology_type 2 diabetes_47_BGgpt_abbreviations_EN_BG.txt	MD	Medical Doctor	д-р	доктор
endocrinology_type 2 diabetes_48_BGgpt_abbreviations_EN_BG.txt	DOB	Date of Birth	ДР	Дата на раждане
endocrinology_type 2 diabetes_48_BGgpt_abbreviations_EN_BG.txt	MRN	Medical Record Number	АМБ	Амбулаторен номер / Медицинско досие
endocrinology_type 2 diabetes_48_BGgpt_abbreviations_EN_BG.txt	FPG	Fasting Plasma Glucose	ГГ	Глюкоза на гладно
endocrinology_type 2 diabetes_48_BGgpt_abbreviations_EN_BG.txt	HbA1C	Glycosylated Hemoglobin	HbA1C	Гликиран хемоглобин
endocrinology_type 2 diabetes_48_BGgpt_abbreviations_EN_BG.txt	OGTT	Oral Glucose Tolerance Test	ОГТТ	Орален глюкозо-толерантен тест
endocrinology_type 2 diabetes_48_BGgpt_abbreviations_EN_BG.txt	LDL	Low-Density Lipoprotein	ЛПНП	Липопротеини с ниска плътност
endocrinology_type 2 diabetes_48_BGgpt_abbreviations_EN_BG.txt	HDL	High-Density Lipoprotein	ЛПВП	Липопротеини с висока плътност
endocrinology_type 2 diabetes_48_BGgpt_abbreviations_EN_BG.txt	BMI	Body Mass Index	ИТМ	Индекс на телесна маса
endocrinology_type 2 diabetes_48_BGgpt_abbreviations_EN_BG.txt	BP	Blood Pressure	КН	Кръвно налягане
endocrinology_type 2 diabetes_49_BGgpt_abbreviations_EN_BG.txt	MRN	Medical Record Number	ЛЗ	Личен здравен запис
endocrinology_type 2 diabetes_49_BGgpt_abbreviations_EN_BG.txt	HbA1C	Glycosylated Hemoglobin	HbA1C	Гликиран хемоглобин
endocrinology_type 2 diabetes_49_BGgpt_abbreviations_EN_BG.txt	LDL	Low-Density Lipoprotein	LDL	Липопротеин с ниска плътност
endocrinology_type 2 diabetes_49_BGgpt_abbreviations_EN_BG.txt	GLP-1	Glucagon-Like Peptide-1	GLP-1	Глюкагоноподобен пептид-1
endocrinology_type 2 diabetes_49_BGgpt_abbreviations_EN_BG.txt	CGM	Continuous Glucose Monitoring	НГК	Непрекъснат глюкозен контрол
endocrinology_type 2 diabetes_4_BGgpt_abbreviations_EN_BG.txt	DOB	Date of Birth	ДР	Дата на раждане
endocrinology_type 2 diabetes_4_BGgpt_abbreviations_EN_BG.txt	MRN	Medical Record Number	ЛК	Личен картон
endocrinology_type 2 diabetes_4_BGgpt_abbreviations_EN_BG.txt	BMI	Body Mass Index	ИТМ	Индекс на телесна маса
endocrinology_type 2 diabetes_4_BGgpt_abbreviations_EN_BG.txt	FPG	Fasting Plasma Glucose	ГНГ	Глюкоза на гладно
endocrinology_type 2 diabetes_4_BGgpt_abbreviations_EN_BG.txt	HbA1C	Glycosylated Hemoglobin	HbA1C	Гликиран хемоглобин
endocrinology_type 2 diabetes_4_BGgpt_abbreviations_EN_BG.txt	OGTT	Oral Glucose Tolerance Test	ОГТТ	Орален глюкозо-толерантен тест
endocrinology_type 2 diabetes_4_BGgpt_abbreviations_EN_BG.txt	BP	Blood Pressure	АН	Артериално налягане
endocrinology_type 2 diabetes_4_BGgpt_abbreviations_EN_BG.txt	mg/dL	Milligrams per deciliter	мг/дл	Милиграми на децилитър
endocrinology_type 2 diabetes_4_BGgpt_abbreviations_EN_BG.txt	MD	Medical Doctor	д-р	Доктор
endocrinology_type 2 diabetes_4_BGgpt_abbreviations_EN_BG.txt	GLP-1	Glucagon-Like Peptide-1	GLP-1	Глюкагон-подобен пептид-1
endocrinology_type 2 diabetes_5_BGgpt_abbreviations_EN_BG.txt	FPG	Fasting Plasma Glucose	ПГНК	Плазмена глюкоза на гладно
endocrinology_type 2 diabetes_5_BGgpt_abbreviations_EN_BG.txt	HbA1c	Glycosylated Hemoglobin	HbA1c	Гликиран хемоглобин
endocrinology_type 2 diabetes_5_BGgpt_abbreviations_EN_BG.txt	OGTT	Oral Glucose Tolerance Testing	ОГТТ	Орален глюкозо-толерантен тест
endocrinology_type 2 diabetes_5_BGgpt_abbreviations_EN_BG.txt	mg/dL	Milligrams per deciliter	mg/dL	Милиграми на децилитър
endocrinology_type 2 diabetes_6_BGgpt_abbreviations_EN_BG.txt	FPG	Fasting Plasma Glucose	ГПК	Гликемия на гладно
endocrinology_type 2 diabetes_6_BGgpt_abbreviations_EN_BG.txt	HbA1C	Glycosylated Hemoglobin	HbA1c	Гликиран хемоглобин
endocrinology_type 2 diabetes_6_BGgpt_abbreviations_EN_BG.txt	GLP-1	Glucagon-like peptide-1	GLP-1	Глюкагоноподобен пептид-1
endocrinology_type 2 diabetes_6_BGgpt_abbreviations_EN_BG.txt	mg/dL	Milligrams per deciliter	mg/dL	Милиграми на децилитър
endocrinology_type 2 diabetes_6_BGgpt_abbreviations_EN_BG.txt	MRN	Medical Record Number	№ ЛЗ	Личен здравен номер (not a direct acronym but widely used translation)
endocrinology_type 2 diabetes_7_BGgpt_abbreviations_EN_BG.txt	DOB	Date of Birth	ДР	Дата на раждане
endocrinology_type 2 diabetes_7_BGgpt_abbreviations_EN_BG.txt	MRN	Medical Record Number	ЛН	Личен номер
endocrinology_type 2 diabetes_7_BGgpt_abbreviations_EN_BG.txt	FPG	Fasting Plasma Glucose	ГПГ	Глюкоза на гладно
endocrinology_type 2 diabetes_7_BGgpt_abbreviations_EN_BG.txt	OGTT	Oral Glucose Tolerance Test	ОГТТ	Орален глюкозо-толерантен тест
endocrinology_type 2 diabetes_7_BGgpt_abbreviations_EN_BG.txt	LDL	Low-Density Lipoprotein	LDL	Липопротеин с ниска плътност
endocrinology_type 2 diabetes_7_BGgpt_abbreviations_EN_BG.txt	HDL	High-Density Lipoprotein	HDL	Липопротеин с висока плътност
endocrinology_type 2 diabetes_7_BGgpt_abbreviations_EN_BG.txt	mg/dL	Milligrams per Deciliter	mg/dL	Милиграми на децилитър
endocrinology_type 2 diabetes_7_BGgpt_abbreviations_EN_BG.txt	HbA1C	Glycosylated Hemoglobin	HbA1c	Гликиран хемоглобин
endocrinology_type 2 diabetes_7_BGgpt_abbreviations_EN_BG.txt	GLP-1	Glucagon-Like Peptide-1	GLP-1	Глюкагоноподобен пептид-1
endocrinology_type 2 diabetes_8_BGgpt_abbreviations_EN_BG.txt	BMI	Body Mass Index	ИТМ	Индекс на телесна маса
endocrinology_type 2 diabetes_8_BGgpt_abbreviations_EN_BG.txt	FPG	Fasting Plasma Glucose	КЗГ	Кръвна захар на гладно
endocrinology_type 2 diabetes_8_BGgpt_abbreviations_EN_BG.txt	HbA1C	Glycosylated Hemoglobin	HbA1C	Гликиран хемоглобин
endocrinology_type 2 diabetes_8_BGgpt_abbreviations_EN_BG.txt	OGTT	Oral Glucose Tolerance Test	ОГТТ	Орален глюкозо-толерантен тест
endocrinology_type 2 diabetes_8_BGgpt_abbreviations_EN_BG.txt	LDL	Low-Density Lipoprotein	LDL	Липопротеин с ниска плътност
endocrinology_type 2 diabetes_8_BGgpt_abbreviations_EN_BG.txt	HDL	High-Density Lipoprotein	HDL	Липопротеин с висока плътност
endocrinology_type 2 diabetes_8_BGgpt_abbreviations_EN_BG.txt	MD	Medical Doctor	д-р	доктор
endocrinology_type 2 diabetes_9_BGgpt_abbreviations_EN_BG.txt	FPG	Fasting Plasma Glucose	КЗГ	Кръвна захар на гладно
endocrinology_type 2 diabetes_9_BGgpt_abbreviations_EN_BG.txt	HbA1C	Glycosylated Hemoglobin	HbA1C	Гликиран хемоглобин
endocrinology_type 2 diabetes_9_BGgpt_abbreviations_EN_BG.txt	OGTT	Oral Glucose Tolerance Testing	ОГТТ	Орален глюкозо-толерантен тест
endocrinology_type 2 diabetes_9_BGgpt_abbreviations_EN_BG.txt	LDL	Low-Density Lipoprotein	LDL-холестерол	Липопротеин с ниска плътност
infectious diseases_influenza_0_BGgpt_abbreviations_EN_BG.txt	RT-PCR	Reverse Transcription Polymerase Chain Reaction	RT-PCR	Реално-времева полимеразна верижна реакция с обратна транскрипция
infectious diseases_influenza_0_BGgpt_abbreviations_EN_BG.txt	ARDS	Acute Respiratory Distress Syndrome	ОРДС	Остър респираторен дистрес синдром
infectious diseases_influenza_10_BGgpt_abbreviations_EN_BG.txt	RAT	Rapid Antigen Test	БАТ	Бърз антигенен тест
infectious diseases_influenza_10_BGgpt_abbreviations_EN_BG.txt	RT-PCR	Reverse Transcription Polymerase Chain Reaction	RT-PCR	Обратна транскрипция полимеразна верижна реакция
infectious diseases_influenza_10_BGgpt_abbreviations_EN_BG.txt	MD	Medical Doctor	Д-р, МД	Медицински доктор
infectious diseases_influenza_10_BGgpt_abbreviations_EN_BG.txt	°F	Fahrenheit	°F	Фаренхайт
infectious diseases_influenza_10_BGgpt_abbreviations_EN_BG.txt	mg	Milligram	мг	Милиграм
infectious diseases_influenza_10_BGgpt_abbreviations_EN_BG.txt	h	Hour	ч	Час
infectious diseases_influenza_10_BGgpt_abbreviations_EN_BG.txt	d	Day	ден	Ден
infectious diseases_influenza_10_BGgpt_abbreviations_EN_BG.txt	O₂	Oxygen	O₂	Кислород
infectious diseases_influenza_11_BGgpt_abbreviations_EN_BG.txt	MRN	Medical Record Number	Рег. № / ЛН	Регистрационен номер / Личен номер
infectious diseases_influenza_11_BGgpt_abbreviations_EN_BG.txt	IV	Intravenous	В/в (intravenously)	Венозно (intravenously)
infectious diseases_influenza_11_BGgpt_abbreviations_EN_BG.txt	RT-PCR	Reverse Transcription Polymerase Chain Reaction	RT-PCR	Обратна транскрипция полимеразна верижна реакция
infectious diseases_influenza_11_BGgpt_abbreviations_EN_BG.txt	mg	milligram	mg / мг	милиграм
infectious diseases_influenza_11_BGgpt_abbreviations_EN_BG.txt	h	hour	ч	час
infectious diseases_influenza_12_BGgpt_abbreviations_EN_BG.txt	bpm	beats per minute	уд./мин	удара в минута
infectious diseases_influenza_12_BGgpt_abbreviations_EN_BG.txt	RT-PCR	Reverse Transcription-Polymerase Chain Reaction	RT-PCR	Обратна транскрипция-Полимеразна верижна реакция
infectious diseases_influenza_12_BGgpt_abbreviations_EN_BG.txt	mg	milligram	мг	милиграм
infectious diseases_influenza_12_BGgpt_abbreviations_EN_BG.txt	MD	Medical Doctor	д-р	доктор
infectious diseases_influenza_13_BGgpt_abbreviations_EN_BG.txt	DOB	Date of Birth	ДР	Дата на раждане
infectious diseases_influenza_13_BGgpt_abbreviations_EN_BG.txt	MRN	Medical Record Number	АРН	Амбулаторен/Регистрационен номер (depending on hospital system)
infectious diseases_influenza_13_BGgpt_abbreviations_EN_BG.txt	bpm	beats per minute	уд/мин	удари в минута
infectious diseases_influenza_13_BGgpt_abbreviations_EN_BG.txt	RT-PCR	Reverse Transcription Polymerase Chain Reaction	RT-PCR	Реално-времева полимеразна верижна реакция с обратна транскрипция
infectious diseases_influenza_14_BGgpt_abbreviations_EN_BG.txt	DOB	Date of Birth	ДР	Дата на раждане
infectious diseases_influenza_14_BGgpt_abbreviations_EN_BG.txt	BP	Blood Pressure	АН	Артериално налягане
infectious diseases_influenza_14_BGgpt_abbreviations_EN_BG.txt	RT-PCR	Reverse Transcription Polymerase Chain Reaction	RT-PCR	Реално-времева обратна транскрипция полимеразна верижна реакция
infectious diseases_influenza_14_BGgpt_abbreviations_EN_BG.txt	mg	milligram	мг	милиграм
infectious diseases_influenza_14_BGgpt_abbreviations_EN_BG.txt	PO	per os (by mouth)	през устата	през устата
infectious diseases_influenza_14_BGgpt_abbreviations_EN_BG.txt	q6h	every 6 hours	на всеки 6 часа	на всеки 6 часа
infectious diseases_influenza_14_BGgpt_abbreviations_EN_BG.txt	RSV	Respiratory Syncytial Virus	РСВ	Респираторно-синцитиален вирус
infectious diseases_influenza_14_BGgpt_abbreviations_EN_BG.txt	ED	Emergency Department	СПО	Спешно приемно отделение
infectious diseases_influenza_14_BGgpt_abbreviations_EN_BG.txt	PCP	Primary Care Physician	ЛОП	Личен общопрактикуващ лекар
infectious diseases_influenza_15_BGgpt_abbreviations_EN_BG.txt	bpm	beats per minute	уд./мин	удари в минута
infectious diseases_influenza_15_BGgpt_abbreviations_EN_BG.txt	RT-PCR	Reverse Transcription Polymerase Chain Reaction	RT-ПЦР	Обърната транскрипция полимеразна верижна реакция
infectious diseases_influenza_15_BGgpt_abbreviations_EN_BG.txt	O2	Oxygen	O2	Кислород
infectious diseases_influenza_16_BGgpt_abbreviations_EN_BG.txt	RT-PCR	Reverse Transcription Polymerase Chain Reaction	RT-PCR	Обратна транскрипция – полимеразна верижна реакция
infectious diseases_influenza_16_BGgpt_abbreviations_EN_BG.txt	M.D.	Medical Doctor	Д-р	Доктор
infectious diseases_influenza_16_BGgpt_abbreviations_EN_BG.txt	ID	Infectious Diseases	ИБ	Инфекциозни болести
infectious diseases_influenza_16_BGgpt_abbreviations_EN_BG.txt	PCR	Polymerase Chain Reaction	PCR	Полимеразна верижна реакция
infectious diseases_influenza_16_BGgpt_abbreviations_EN_BG.txt	h	hour	ч.	час
infectious diseases_influenza_16_BGgpt_abbreviations_EN_BG.txt	d	day	д.	ден
infectious diseases_influenza_16_BGgpt_abbreviations_EN_BG.txt	mg	milligram	mg	милиграм
infectious diseases_influenza_16_BGgpt_abbreviations_EN_BG.txt	po	per os (by mouth)	per os / през устата	през устата
infectious diseases_influenza_16_BGgpt_abbreviations_EN_BG.txt	bid	twice a day	2 пъти дневно	два пъти дневно
infectious diseases_influenza_16_BGgpt_abbreviations_EN_BG.txt	O2	Oxygen	O2 / Кислород	Кислород
infectious diseases_influenza_16_BGgpt_abbreviations_EN_BG.txt	SaO2	Oxygen Saturation	SaO2 / Сатурация	Сатурация на кислород
infectious diseases_influenza_16_BGgpt_abbreviations_EN_BG.txt		Not Applicable	Н/П	Неприложимо
infectious diseases_influenza_17_BGgpt_abbreviations_EN_BG.txt	ED	Emergency Department	Спешно отделение	Спешно отделение
infectious diseases_influenza_17_BGgpt_abbreviations_EN_BG.txt	RT-PCR	Reverse Transcription Polymerase Chain Reaction	RT-PCR	Обратна транскрипция полимеразна верижна реакция
infectious diseases_influenza_17_BGgpt_abbreviations_EN_BG.txt	CBC	Complete Blood Count	ПКК	Пълна кръвна картина
infectious diseases_influenza_17_BGgpt_abbreviations_EN_BG.txt	mg	milligram	мг	милиграм
infectious diseases_influenza_17_BGgpt_abbreviations_EN_BG.txt	ID	Identification / Identity	ID	Идентификационен номер / Идентификатор
infectious diseases_influenza_17_BGgpt_abbreviations_EN_BG.txt	MD	Doctor of Medicine	Д-р	Доктор по медицина
infectious diseases_influenza_18_BGgpt_abbreviations_EN_BG.txt	MRN	Medical Record Number	МРН	Медицинско досие №
infectious diseases_influenza_18_BGgpt_abbreviations_EN_BG.txt	ED	Emergency Department	СПО	Спешно отделение
infectious diseases_influenza_18_BGgpt_abbreviations_EN_BG.txt	RT-PCR	Reverse Transcription – Polymerase Chain Reaction	RT-PCR	Обратна транскрипция – полимеразна верижна реакция
infectious diseases_influenza_18_BGgpt_abbreviations_EN_BG.txt	mg	milligram	mg	милиграм
infectious diseases_influenza_18_BGgpt_abbreviations_EN_BG.txt	po	per os (orally)	per os	през устата
infectious diseases_influenza_18_BGgpt_abbreviations_EN_BG.txt	q4h	every 4 hours	на всеки 4 часа	на всеки 4 часа
infectious diseases_influenza_18_BGgpt_abbreviations_EN_BG.txt	prn	as needed	при нужда	при нужда
infectious diseases_influenza_19_BGgpt_abbreviations_EN_BG.txt	bpm	beats per minute	удара/мин	удара в минута
infectious diseases_influenza_19_BGgpt_abbreviations_EN_BG.txt	RT-PCR	Reverse Transcription Polymerase Chain Reaction	RT-PCR	Обратна транскрипция полимеразна верижна реакция
infectious diseases_influenza_19_BGgpt_abbreviations_EN_BG.txt	CBC	Complete Blood Count	ПКК	Пълна кръвна картина
infectious diseases_influenza_19_BGgpt_abbreviations_EN_BG.txt	CMP	Comprehensive Metabolic Panel	БХ	Биохимично изследване
infectious diseases_influenza_19_BGgpt_abbreviations_EN_BG.txt	mg	milligram	мг	милиграм
infectious diseases_influenza_19_BGgpt_abbreviations_EN_BG.txt	PO	per os (by mouth)	перорално	през устата
infectious diseases_influenza_19_BGgpt_abbreviations_EN_BG.txt	h	hour	ч	час
infectious diseases_influenza_19_BGgpt_abbreviations_EN_BG.txt	bpm	beats per minute	уд./мин.	удара в минута
infectious diseases_influenza_19_BGgpt_abbreviations_EN_BG.txt	mmHg	millimeters of mercury	mmHg	милиметра живачен стълб
infectious diseases_influenza_1_BGgpt_abbreviations_EN_BG.txt	bpm	beats per minute	уд./мин	удара в минута
infectious diseases_influenza_1_BGgpt_abbreviations_EN_BG.txt	RT-PCR	Reverse Transcription Polymerase Chain Reaction	RT-PCR	Реверсивна транскрипция полимеразна верижна реакция
infectious diseases_influenza_1_BGgpt_abbreviations_EN_BG.txt	MD	Medical Doctor	д-р	доктор
infectious diseases_influenza_1_BGgpt_abbreviations_EN_BG.txt	°F	Fahrenheit	°F	Фаренхайт
infectious diseases_influenza_20_BGgpt_abbreviations_EN_BG.txt	RT-PCR	Reverse Transcription Polymerase Chain Reaction	RT-PCR	Реверс транскриптаза полимеразна верижна реакция
infectious diseases_influenza_20_BGgpt_abbreviations_EN_BG.txt	H1N1	Hemagglutinin 1 Neuraminidase 1	H1N1	Хемаглутинин 1, Неураминидаза 1
infectious diseases_influenza_20_BGgpt_abbreviations_EN_BG.txt	mg	Milligram	мг	Милиграм
infectious diseases_influenza_20_BGgpt_abbreviations_EN_BG.txt	°F	Fahrenheit	°F	Фаренхайт
infectious diseases_influenza_20_BGgpt_abbreviations_EN_BG.txt	°C	Celsius	°C	Целзий
infectious diseases_influenza_20_BGgpt_abbreviations_EN_BG.txt	MD	Doctor of Medicine	Д-р	Доктор по медицина
infectious diseases_influenza_21_BGgpt_abbreviations_EN_BG.txt	RT-PCR	Reverse Transcription Polymerase Chain Reaction	RT-PCR	Обратна транскрипция полимеразна верижна реакция
infectious diseases_influenza_21_BGgpt_abbreviations_EN_BG.txt	ED	Emergency Department	Спешно отделение	Спешно отделение
infectious diseases_influenza_21_BGgpt_abbreviations_EN_BG.txt	BID	Twice a day	2 пъти дневно	2 пъти дневно
infectious diseases_influenza_21_BGgpt_abbreviations_EN_BG.txt	CBC	Complete Blood Count	ПКК	Пълна кръвна картина
infectious diseases_influenza_21_BGgpt_abbreviations_EN_BG.txt	mg	Milligram	mg	Милиграм
infectious diseases_influenza_21_BGgpt_abbreviations_EN_BG.txt	h	Hour	h	Час
infectious diseases_influenza_21_BGgpt_abbreviations_EN_BG.txt	F	Fahrenheit	°F	Фаренхайт
infectious diseases_influenza_22_BGgpt_abbreviations_EN_BG.txt	MRN	Medical Record Number	МРН	Медицински регистрационен номер
infectious diseases_influenza_22_BGgpt_abbreviations_EN_BG.txt	RT-PCR	Reverse Transcription Polymerase Chain Reaction	РТ-ПЦР	Реакция на полимеразна верижна реакция с обратна транскрипция
infectious diseases_influenza_22_BGgpt_abbreviations_EN_BG.txt	mg	Milligram	мг	Милиграм
infectious diseases_influenza_22_BGgpt_abbreviations_EN_BG.txt	h	Hour(s)	ч.	Час (ове)
infectious diseases_influenza_22_BGgpt_abbreviations_EN_BG.txt	PO	Per Os (by mouth)	перорално	Перорално
infectious diseases_influenza_22_BGgpt_abbreviations_EN_BG.txt	q6h	Every 6 hours	на всеки 6 часа	На всеки 6 часа
infectious diseases_influenza_22_BGgpt_abbreviations_EN_BG.txt	prn	As needed	при необходимост	При необходимост
infectious diseases_influenza_22_BGgpt_abbreviations_EN_BG.txt	BID	Twice a day	2 пъти дневно	Два пъти дневно
infectious diseases_influenza_22_BGgpt_abbreviations_EN_BG.txt	MD	Medical Doctor	д-р	Доктор
infectious diseases_influenza_22_BGgpt_abbreviations_EN_BG.txt	X-ray	Radiograph / X-ray	рентген	Рентгенография
infectious diseases_influenza_22_BGgpt_abbreviations_EN_BG.txt	O2 sat	Oxygen saturation	Сатурация	Сатурация на кислород
infectious diseases_influenza_22_BGgpt_abbreviations_EN_BG.txt	T°	Temperature	Т°	Температура
infectious diseases_influenza_23_BGgpt_abbreviations_EN_BG.txt	ID	Infectious Diseases	ИБЗ	Инфекциозни болести
infectious diseases_influenza_23_BGgpt_abbreviations_EN_BG.txt	PCR	Polymerase Chain Reaction	PCR	Полимеразна верижна реакция
infectious diseases_influenza_23_BGgpt_abbreviations_EN_BG.txt	RT-PCR	Reverse Transcription PCR	RT-PCR	Обратна транскриптаза PCR
infectious diseases_influenza_23_BGgpt_abbreviations_EN_BG.txt	mg	milligram	mg	милиграм
infectious diseases_influenza_23_BGgpt_abbreviations_EN_BG.txt	/	per	/	на / към / в
infectious diseases_influenza_23_BGgpt_abbreviations_EN_BG.txt	BID	twice a day	2 пъти дневно	два пъти дневно
infectious diseases_influenza_23_BGgpt_abbreviations_EN_BG.txt	°C	degree Celsius	°C	градуса Целзий
infectious diseases_influenza_23_BGgpt_abbreviations_EN_BG.txt	mmHg	millimeters of mercury	mmHg	милиметри живачен стълб
infectious diseases_influenza_23_BGgpt_abbreviations_EN_BG.txt	min	minute	мин	минута
infectious diseases_influenza_24_BGgpt_abbreviations_EN_BG.txt	mg	milligram	mg	милитграм
infectious diseases_influenza_24_BGgpt_abbreviations_EN_BG.txt	RT-PCR	Reverse Transcription PCR	RT-PCR	Обратна транскрипция PCR
infectious diseases_influenza_24_BGgpt_abbreviations_EN_BG.txt	BID	Twice a day	2 пъти дневно	Два пъти дневно
infectious diseases_influenza_24_BGgpt_abbreviations_EN_BG.txt	DOB	Date of Birth	ДРН	Дата на раждане
infectious diseases_influenza_24_BGgpt_abbreviations_EN_BG.txt	qd	once daily	1 път дневно	Един път дневно
infectious diseases_influenza_24_BGgpt_abbreviations_EN_BG.txt	H3N2	H3N2 influenza subtype	H3N2	Субтип H3N2 на грипния вирус
infectious diseases_influenza_25_BGgpt_abbreviations_EN_BG.txt	DOB	Date of Birth	ДР	Дата на раждане
infectious diseases_influenza_25_BGgpt_abbreviations_EN_BG.txt	ID	Identification	ЛК	Личен картон / Лекарско досие (commonly used)
infectious diseases_influenza_25_BGgpt_abbreviations_EN_BG.txt	RT-PCR	Reverse Transcription Polymerase Chain Reaction	РТ-ПСР	Обратна транскрипция полимеразна верижна реакция
infectious diseases_influenza_25_BGgpt_abbreviations_EN_BG.txt	BID	Twice a day	2 пъти дневно	Двукратно дневно
infectious diseases_influenza_26_BGgpt_abbreviations_EN_BG.txt	ED	Emergency Department	СПО	Спешно приемно отделение
infectious diseases_influenza_26_BGgpt_abbreviations_EN_BG.txt	bpm	Beats Per Minute	уд./мин.	Удар в минута
infectious diseases_influenza_26_BGgpt_abbreviations_EN_BG.txt	RT-PCR	Reverse Transcription Polymerase Chain Reaction	RT-PCR	Обратна транскрипция полимеразна верижна реакция
infectious diseases_influenza_26_BGgpt_abbreviations_EN_BG.txt	O2	Oxygen	O2	Кислород
infectious diseases_influenza_26_BGgpt_abbreviations_EN_BG.txt	O2 sat	Oxygen saturation	СаО2	Сатурация на кислород
infectious diseases_influenza_26_BGgpt_abbreviations_EN_BG.txt	PO	Per Os (oral)	през устата	През устата (стандартен термин)
infectious diseases_influenza_26_BGgpt_abbreviations_EN_BG.txt	PRN	Pro re nata (as needed)	при нужда	При нужда (стандартен термин)
infectious diseases_influenza_27_BGgpt_abbreviations_EN_BG.txt	bpm	beats per minute	уд./мин	удара в минута
infectious diseases_influenza_27_BGgpt_abbreviations_EN_BG.txt	°C	degrees Celsius	°C	градуси по Целзий
infectious diseases_influenza_27_BGgpt_abbreviations_EN_BG.txt	RT-PCR	Reverse Transcription Polymerase Chain Reaction	RT-PCR	Обратна транскрипция-полимеразна верижна реакция
infectious diseases_influenza_27_BGgpt_abbreviations_EN_BG.txt	H3N2	Hemagglutinin Type 3 Neuraminidase Type 2	H3N2	Хемаглутинин тип 3, Неураминидаза тип 2
infectious diseases_influenza_27_BGgpt_abbreviations_EN_BG.txt	bp	blood pressure	АН	артериално налягане
infectious diseases_influenza_27_BGgpt_abbreviations_EN_BG.txt	mg	milligram	мг	милиграм
infectious diseases_influenza_27_BGgpt_abbreviations_EN_BG.txt	PO	per os (orally)	перорално	през устата (перорално)
infectious diseases_influenza_27_BGgpt_abbreviations_EN_BG.txt	q6h	every 6 hours	на всеки 6 часа	през 6 часа
infectious diseases_influenza_27_BGgpt_abbreviations_EN_BG.txt	prn	as needed	при нужда	при необходимост
infectious diseases_influenza_28_BGgpt_abbreviations_EN_BG.txt	RT-PCR	Reverse Transcription Polymerase Chain Reaction	RT-PCR	Обратна транскрипция полимеразна верижна реакция
infectious diseases_influenza_28_BGgpt_abbreviations_EN_BG.txt	DOB	Date of Birth	Дата на раждане	Дата на раждане
infectious diseases_influenza_28_BGgpt_abbreviations_EN_BG.txt	MRN	Medical Record Number	МРН	Медицински номер на пациента
infectious diseases_influenza_28_BGgpt_abbreviations_EN_BG.txt	mg	milligram	мг	милиграм
infectious diseases_influenza_28_BGgpt_abbreviations_EN_BG.txt	h	hour	ч	час
infectious diseases_influenza_28_BGgpt_abbreviations_EN_BG.txt	BID	twice a day	2 пъти дневно	два пъти дневно
infectious diseases_influenza_29_BGgpt_abbreviations_EN_BG.txt	MRN	Medical Record Number	ЕМН	Единен медицински номер
infectious diseases_influenza_29_BGgpt_abbreviations_EN_BG.txt	DOB	Date of Birth	ДР	Дата на раждане
infectious diseases_influenza_29_BGgpt_abbreviations_EN_BG.txt	RT-PCR	Reverse Transcription Polymerase Chain Reaction	RT-PCR	Обратна транскрипция полимеразна верижна реакция
infectious diseases_influenza_29_BGgpt_abbreviations_EN_BG.txt	BID	Twice a day	2 пъти дневно	2 пъти в денонощието
infectious diseases_influenza_29_BGgpt_abbreviations_EN_BG.txt	PRN	As needed	При нужда	При необходимост
infectious diseases_influenza_2_BGgpt_abbreviations_EN_BG.txt	MD	Doctor of Medicine	д-р	доктор
infectious diseases_influenza_2_BGgpt_abbreviations_EN_BG.txt	IV	Intravenous	в/в	интравенозен
infectious diseases_influenza_2_BGgpt_abbreviations_EN_BG.txt	RT-PCR	Reverse Transcription Polymerase Chain Reaction	RT-PCR	Обратна транскрипция полимеразна верижна реакция
infectious diseases_influenza_2_BGgpt_abbreviations_EN_BG.txt	BP	Blood Pressure	АН	Артериално налягане
infectious diseases_influenza_2_BGgpt_abbreviations_EN_BG.txt	°F	Fahrenheit	°F	Фаренхайт
infectious diseases_influenza_2_BGgpt_abbreviations_EN_BG.txt	°C	Celsius	°C	Целзий
infectious diseases_influenza_2_BGgpt_abbreviations_EN_BG.txt	bpm	beats per minute	уд/мин	удара в минута
infectious diseases_influenza_2_BGgpt_abbreviations_EN_BG.txt	mg	milligram	мг	милиграм
infectious diseases_influenza_30_BGgpt_abbreviations_EN_BG.txt	RT-PCR	Reverse Transcription Polymerase Chain Reaction	РТ-ПЦР	Обратна транскрипция полимеразна верижна реакция
infectious diseases_influenza_30_BGgpt_abbreviations_EN_BG.txt	bpm	Beats per minute	уд./мин.	удара в минута
infectious diseases_influenza_30_BGgpt_abbreviations_EN_BG.txt	mmHg	Millimeters of mercury	mmHg	милиметра живачен стълб
infectious diseases_influenza_30_BGgpt_abbreviations_EN_BG.txt	°F	Degrees Fahrenheit	°F	градуси по Фаренхайт
infectious diseases_influenza_30_BGgpt_abbreviations_EN_BG.txt	mg	Milligrams	mg	милиграма
infectious diseases_influenza_30_BGgpt_abbreviations_EN_BG.txt	PO	Per os (by mouth)	per os / през устата	през устата
infectious diseases_influenza_31_BGgpt_abbreviations_EN_BG.txt	ER	Emergency Room	Спешно отделение	Спешно отделение
infectious diseases_influenza_31_BGgpt_abbreviations_EN_BG.txt	RT-PCR	Reverse Transcription Polymerase Chain Reaction	RT-PCR	Реално-времева полимеразна верижна реакция
infectious diseases_influenza_31_BGgpt_abbreviations_EN_BG.txt	H3N2	Influenza A subtype H3N2	H3N2	Субтип H3N2 на вирус на грип А
infectious diseases_influenza_31_BGgpt_abbreviations_EN_BG.txt	mg	Milligram	мг	Милиграм
infectious diseases_influenza_31_BGgpt_abbreviations_EN_BG.txt	PO	Per Os (by mouth)	p.os.	Per os (през устата)
infectious diseases_influenza_31_BGgpt_abbreviations_EN_BG.txt	BID	Twice a Day	2 пъти дневно	Два пъти дневно
infectious diseases_influenza_32_BGgpt_abbreviations_EN_BG.txt	NKDA	No known drug allergies	НКА	Няма известни алергии към лекарства
infectious diseases_influenza_32_BGgpt_abbreviations_EN_BG.txt	bpm	beats per minute	уд./мин	удара в минута
infectious diseases_influenza_32_BGgpt_abbreviations_EN_BG.txt	RT-PCR	Reverse Transcription Polymerase Chain Reaction	RT-PCR	Обратна транскрипция полимеразна верижна реакция
infectious diseases_influenza_32_BGgpt_abbreviations_EN_BG.txt	MD	Medical Doctor	д-р	доктор по медицина
infectious diseases_influenza_32_BGgpt_abbreviations_EN_BG.txt	°F	Fahrenheit	°F	Фаренхайт
infectious diseases_influenza_32_BGgpt_abbreviations_EN_BG.txt	°C	Celsius	°C	Целзий
infectious diseases_influenza_32_BGgpt_abbreviations_EN_BG.txt	mmHg	millimeters of mercury	mmHg	милиметра живачен стълб
infectious diseases_influenza_33_BGgpt_abbreviations_EN_BG.txt	ED	Emergency Department	Спешно отделение	Спешно отделение
infectious diseases_influenza_33_BGgpt_abbreviations_EN_BG.txt	RT-PCR	Reverse Transcription Polymerase Chain Reaction	ОБРТ-ПЦР	Обратна транскрипция полимеразна верижна реакция
infectious diseases_influenza_33_BGgpt_abbreviations_EN_BG.txt	CDC	Centers for Disease Control and Prevention	ЦКЗ	Центрове за контрол и превенция на заболяванията
infectious diseases_influenza_33_BGgpt_abbreviations_EN_BG.txt	Dr.	Doctor	Д-р	Доктор
infectious diseases_influenza_33_BGgpt_abbreviations_EN_BG.txt	MD	Doctor of Medicine	Д-р	Доктор на медицината
infectious diseases_influenza_34_BGgpt_abbreviations_EN_BG.txt	ED	Emergency Department	Спешно отделение	Спешно отделение
infectious diseases_influenza_34_BGgpt_abbreviations_EN_BG.txt	BP	Blood Pressure	АН	Артериално налягане
infectious diseases_influenza_34_BGgpt_abbreviations_EN_BG.txt	RT-PCR	Reverse transcription polymerase chain reaction	RT-PCR	Реално-времева полимеразна верижна реакция
infectious diseases_influenza_34_BGgpt_abbreviations_EN_BG.txt	IV	Intravenous	IV / i.v.	Интравенозно / венозно
infectious diseases_influenza_34_BGgpt_abbreviations_EN_BG.txt	PO	Per os	per os	през устата
infectious diseases_influenza_34_BGgpt_abbreviations_EN_BG.txt	q6h	Every 6 hours	на всеки 6 часа	на всеки 6 часа
infectious diseases_influenza_34_BGgpt_abbreviations_EN_BG.txt	PCP	Primary Care Physician	ЛО	Личен лекар
infectious diseases_influenza_35_BGgpt_abbreviations_EN_BG.txt	DOB	Date of Birth	ДР	Дата на раждане
infectious diseases_influenza_35_BGgpt_abbreviations_EN_BG.txt	MRN	Medical Record Number	АМБ	Амбулаторен/медицински номер на болния
infectious diseases_influenza_35_BGgpt_abbreviations_EN_BG.txt	bpm	beats per minute	уд/мин	удара в минута
infectious diseases_influenza_35_BGgpt_abbreviations_EN_BG.txt	RT-PCR	Reverse Transcription Polymerase Chain Reaction	РТ-PCR	Реално-времева верижна полимеразна реакция с обратна транскрипция
infectious diseases_influenza_35_BGgpt_abbreviations_EN_BG.txt	mg	milligram	мг	милиграм
infectious diseases_influenza_36_BGgpt_abbreviations_EN_BG.txt	DOB	Date of Birth	ДР	Дата на раждане
infectious diseases_influenza_36_BGgpt_abbreviations_EN_BG.txt	MRN	Medical Record Number	ЛК	Лекарски номер (or Пациентски номер)
infectious diseases_influenza_36_BGgpt_abbreviations_EN_BG.txt	O2	Oxygen	О2	Кислород
infectious diseases_influenza_36_BGgpt_abbreviations_EN_BG.txt	°C	Degree Celsius	°C	Градус Целзий
infectious diseases_influenza_36_BGgpt_abbreviations_EN_BG.txt	mg	Milligrams	мг	Милиграми
infectious diseases_influenza_36_BGgpt_abbreviations_EN_BG.txt	RT-PCR	Reverse Transcription Polymerase Chain Reaction	RT-PCR	Реверс транскриптаза полимеразна верижна реакция
infectious diseases_influenza_37_BGgpt_abbreviations_EN_BG.txt	RT-PCR	Reverse Transcription Polymerase Chain Reaction	RT-PCR	Обратна транскриптаза – полимеразна верижна реакция
infectious diseases_influenza_37_BGgpt_abbreviations_EN_BG.txt	mg	Milligram	mg	Милиграм
infectious diseases_influenza_37_BGgpt_abbreviations_EN_BG.txt	PO	Per Os (orally)	p.o.	Per os (перорално/през устата)
infectious diseases_influenza_37_BGgpt_abbreviations_EN_BG.txt	q6h	Every 6 hours	на всеки 6 ч.	На всеки 6 часа
infectious diseases_influenza_37_BGgpt_abbreviations_EN_BG.txt	BID	Twice a day	2 пъти дневно	Два пъти дневно
infectious diseases_influenza_37_BGgpt_abbreviations_EN_BG.txt	ID	Infectious Diseases	ИБ	Инфекциозни болести
infectious diseases_influenza_38_BGgpt_abbreviations_EN_BG.txt	MI	Myocardial Infarction	МИ	Миокарден инфаркт
infectious diseases_influenza_38_BGgpt_abbreviations_EN_BG.txt	BP	Blood Pressure	КН	Кръвно налягане
infectious diseases_influenza_38_BGgpt_abbreviations_EN_BG.txt	ED	Emergency Department	СПО	Спешно отделение
infectious diseases_influenza_38_BGgpt_abbreviations_EN_BG.txt	SpO2	Oxygen Saturation	Сатурация	Сатурация на кислород
infectious diseases_influenza_38_BGgpt_abbreviations_EN_BG.txt	RT-PCR	Reverse Transcription Polymerase Chain Reaction	RT-PCR	Обратна транскрипция - полимеразна верижна реакция
infectious diseases_influenza_38_BGgpt_abbreviations_EN_BG.txt	PCR	Polymerase Chain Reaction	PCR	Полимеразна верижна реакция
infectious diseases_influenza_38_BGgpt_abbreviations_EN_BG.txt	E.D.	Emergency Department	СПО	Спешно отделение
infectious diseases_influenza_38_BGgpt_abbreviations_EN_BG.txt	H/O	History of	Анамнеза за	Анамнеза за
infectious diseases_influenza_38_BGgpt_abbreviations_EN_BG.txt	NG	Nasogastric	Назогастрален	Назогастрална сонда
infectious diseases_influenza_38_BGgpt_abbreviations_EN_BG.txt	ICU	Intensive Care Unit	Интензивно отделение	Интензивно отделение
infectious diseases_influenza_38_BGgpt_abbreviations_EN_BG.txt	HR	Heart Rate	Пулс	Сърдечен ритъм / пулс
infectious diseases_influenza_38_BGgpt_abbreviations_EN_BG.txt	RR	Respiratory Rate	ЧД	Честота на дишане
infectious diseases_influenza_38_BGgpt_abbreviations_EN_BG.txt	T	Temperature	Т	Температура
infectious diseases_influenza_38_BGgpt_abbreviations_EN_BG.txt	PRN	As needed	При необходимост	При необходимост
infectious diseases_influenza_38_BGgpt_abbreviations_EN_BG.txt	BID	Twice a day	2 пъти дневно	2 пъти дневно
infectious diseases_influenza_38_BGgpt_abbreviations_EN_BG.txt	QD	Once a day	1 път дневно	1 път дневно
infectious diseases_influenza_38_BGgpt_abbreviations_EN_BG.txt	PO	By mouth	Перорално	Перорално
infectious diseases_influenza_39_BGgpt_abbreviations_EN_BG.txt	DOB	Date of Birth	ДАТА НА РАЖДАНЕ	Дата на раждане
infectious diseases_influenza_39_BGgpt_abbreviations_EN_BG.txt	MRN	Medical Record Number	ЛК №	Лекарски картон номер
infectious diseases_influenza_39_BGgpt_abbreviations_EN_BG.txt	RT-PCR	Reverse Transcription Polymerase Chain Reaction	RT-PCR	Реално-времева обратна транскрипция полимеразна верижна реакция
infectious diseases_influenza_39_BGgpt_abbreviations_EN_BG.txt	mg	milligram	мг	милиграм
infectious diseases_influenza_39_BGgpt_abbreviations_EN_BG.txt	PO	per os (orally)	през устата	през устата
infectious diseases_influenza_39_BGgpt_abbreviations_EN_BG.txt	BID	twice a day	2 пъти дневно	2 пъти дневно
infectious diseases_influenza_3_BGgpt_abbreviations_EN_BG.txt	bpm	beats per minute	уд./мин.	удари в минута
infectious diseases_influenza_3_BGgpt_abbreviations_EN_BG.txt	mmHg	millimeters of mercury	mmHg	милиметри живачен стълб
infectious diseases_influenza_3_BGgpt_abbreviations_EN_BG.txt	°C	Celsius	°C	Целзий
infectious diseases_influenza_3_BGgpt_abbreviations_EN_BG.txt	°F	Fahrenheit	°F	Фаренхайт
infectious diseases_influenza_3_BGgpt_abbreviations_EN_BG.txt	RT-PCR	Reverse Transcription Polymerase Chain Reaction	RT-PCR	Обратна транскрипция и полимеразна верижна реакция
infectious diseases_influenza_3_BGgpt_abbreviations_EN_BG.txt	H3N2	Hemagglutinin 3 Neuraminidase 2	H3N2	Хемаглутинин 3 Невраминидаза 2
infectious diseases_influenza_40_BGgpt_abbreviations_EN_BG.txt	ED	Emergency Department	Спешно отделение	Спешно отделение
infectious diseases_influenza_40_BGgpt_abbreviations_EN_BG.txt	bpm	beats per minute	уд/мин	удари в минута
infectious diseases_influenza_40_BGgpt_abbreviations_EN_BG.txt	°F	Fahrenheit	°F	Фаренхайт
infectious diseases_influenza_40_BGgpt_abbreviations_EN_BG.txt	°C	Celsius	°C	Целзий
infectious diseases_influenza_40_BGgpt_abbreviations_EN_BG.txt	RT-PCR	Reverse Transcription Polymerase Chain Reaction	RT-PCR	Обратна транскрипция полимеразна верижна реакция
infectious diseases_influenza_40_BGgpt_abbreviations_EN_BG.txt	H3N2	Influenza A subtype H3N2	H3N2	Грип А, подтип H3N2
infectious diseases_influenza_40_BGgpt_abbreviations_EN_BG.txt	MD	Doctor of Medicine	д-р	Доктор по медицина
infectious diseases_influenza_41_BGgpt_abbreviations_EN_BG.txt	MRN	Medical Record Number	Рег. № / № на досие	Регистрационен номер / Номер на досие
infectious diseases_influenza_41_BGgpt_abbreviations_EN_BG.txt	RT-PCR	Reverse Transcription Polymerase Chain Reaction	РТ-ПСР	Обратна транскрипция полимеразна верижна реакция
infectious diseases_influenza_41_BGgpt_abbreviations_EN_BG.txt	mg	Milligram	мг	Милиграм
infectious diseases_influenza_41_BGgpt_abbreviations_EN_BG.txt	PO	Per Os (orally)	перорално	Перорално
infectious diseases_influenza_41_BGgpt_abbreviations_EN_BG.txt	BID	Twice a day	2 пъти дневно	Два пъти дневно
infectious diseases_influenza_41_BGgpt_abbreviations_EN_BG.txt	PRN	As needed	при нужда	При нужда
infectious diseases_influenza_42_BGgpt_abbreviations_EN_BG.txt	DOB	Date of Birth	ДР	Дата на раждане
infectious diseases_influenza_42_BGgpt_abbreviations_EN_BG.txt	ID	Identification	ЛК	Личен код / ЕГН
infectious diseases_influenza_42_BGgpt_abbreviations_EN_BG.txt	RT-PCR	Reverse Transcription Polymerase Chain Reaction	RT-PCR	Обратна транскрипция полимеразна верижна реакция
infectious diseases_influenza_42_BGgpt_abbreviations_EN_BG.txt	mg	Milligram	мг	Милиграм
infectious diseases_influenza_42_BGgpt_abbreviations_EN_BG.txt	h	hour	ч.	час
infectious diseases_influenza_42_BGgpt_abbreviations_EN_BG.txt	ºC	Celsius	°C	Целзий
infectious diseases_influenza_42_BGgpt_abbreviations_EN_BG.txt	O₂	Oxygen	O₂	Кислород
infectious diseases_influenza_42_BGgpt_abbreviations_EN_BG.txt	%	percent	%	процент
infectious diseases_influenza_42_BGgpt_abbreviations_EN_BG.txt	BID	twice a day	2 пъти дневно	2 пъти дневно
infectious diseases_influenza_43_BGgpt_abbreviations_EN_BG.txt	MI	Myocardial Infarction	МИ	Миокарден инфаркт
infectious diseases_influenza_43_BGgpt_abbreviations_EN_BG.txt	BP	Blood Pressure	АН (артериално налягане)	Артериално кръвно налягане
infectious diseases_influenza_43_BGgpt_abbreviations_EN_BG.txt	RT-PCR	Reverse Transcription Polymerase Chain Reaction	RT-PCR	Обратна транскрипция полимеразна верижна реакция
infectious diseases_influenza_43_BGgpt_abbreviations_EN_BG.txt	PO	Per Os (by mouth)	перорално	Перорално (чрез устата)
infectious diseases_influenza_43_BGgpt_abbreviations_EN_BG.txt	q6h	Every 6 hours	на всеки 6 часа	На всеки 6 часа
infectious diseases_influenza_43_BGgpt_abbreviations_EN_BG.txt	>	Greater than	>	По-голямо от
infectious diseases_influenza_43_BGgpt_abbreviations_EN_BG.txt	°C	Degrees Celsius	°C	Градуси по Целзий
infectious diseases_influenza_43_BGgpt_abbreviations_EN_BG.txt	MD	Doctor of Medicine	д-р	Доктор по медицина
infectious diseases_influenza_43_BGgpt_abbreviations_EN_BG.txt	PRN	As needed	при нужда	При нужда
infectious diseases_influenza_44_BGgpt_abbreviations_EN_BG.txt	DOB	Date of Birth	ДР	Дата на раждане
infectious diseases_influenza_44_BGgpt_abbreviations_EN_BG.txt	bpm	beats per minute	уд/мин	удара в минута
infectious diseases_influenza_44_BGgpt_abbreviations_EN_BG.txt	RT-PCR	Reverse Transcription Polymerase Chain Reaction	ОБРТ-ПЦР	Обратна транскрипция полимеразна верижна реакция
infectious diseases_influenza_44_BGgpt_abbreviations_EN_BG.txt	IV	Intravenous	в/в	интравенозно
infectious diseases_influenza_44_BGgpt_abbreviations_EN_BG.txt	mg	milligram	mg	милиграм
infectious diseases_influenza_44_BGgpt_abbreviations_EN_BG.txt	°F	Fahrenheit	°F	Фаренхайт
infectious diseases_influenza_45_BGgpt_abbreviations_EN_BG.txt	MRN	Medical Record Number	МРН	Медицински регистрационен номер
infectious diseases_influenza_45_BGgpt_abbreviations_EN_BG.txt	RT-PCR	Reverse Transcription Polymerase Chain Reaction	RT-PCR	Обратна транскрипция полимеразна верижна реакция
infectious diseases_influenza_45_BGgpt_abbreviations_EN_BG.txt	mg	milligram	mg	милиграм
infectious diseases_influenza_45_BGgpt_abbreviations_EN_BG.txt	h	hour	ч.	час
infectious diseases_influenza_45_BGgpt_abbreviations_EN_BG.txt	kg	kilogram	kg	килограм
infectious diseases_influenza_46_BGgpt_abbreviations_EN_BG.txt	ED	Emergency Department	СО	Спешно отделение
infectious diseases_influenza_46_BGgpt_abbreviations_EN_BG.txt	BP	Blood Pressure	КН	Кръвно налягане
infectious diseases_influenza_46_BGgpt_abbreviations_EN_BG.txt	RR	Respiratory Rate	ДЧ	Дихателна честота
infectious diseases_influenza_46_BGgpt_abbreviations_EN_BG.txt	O2 Sat	Oxygen Saturation	SpO2	Сатурация на кислород
infectious diseases_influenza_46_BGgpt_abbreviations_EN_BG.txt	RT-PCR	Reverse Transcription Polymerase Chain Reaction	RT-PCR	Обратна транскрипция полимеразна верижна реакция
infectious diseases_influenza_46_BGgpt_abbreviations_EN_BG.txt	PO	Per Os (orally)	p.o.	през устата
infectious diseases_influenza_46_BGgpt_abbreviations_EN_BG.txt	q6h	Every 6 hours	на всеки 6 часа	на всеки 6 часа
infectious diseases_influenza_46_BGgpt_abbreviations_EN_BG.txt	PC	Primary Care	ЛЛ	Личен лекар
infectious diseases_influenza_46_BGgpt_abbreviations_EN_BG.txt	PRN	As needed	при нужда	при нужда
infectious diseases_influenza_47_BGgpt_abbreviations_EN_BG.txt	MRN	Medical Record Number	МРН	Медицински регистрационен номер
infectious diseases_influenza_47_BGgpt_abbreviations_EN_BG.txt	RT-PCR	Reverse Transcription Polymerase Chain Reaction	RT-PCR	Обратна транскрипция полимеразна верижна реакция
infectious diseases_influenza_47_BGgpt_abbreviations_EN_BG.txt	mg	milligram	mg	милиграм
infectious diseases_influenza_47_BGgpt_abbreviations_EN_BG.txt	h	hour	ч	час
infectious diseases_influenza_47_BGgpt_abbreviations_EN_BG.txt	ED	Emergency Department	СПО	Спешно отделение
infectious diseases_influenza_48_BGgpt_abbreviations_EN_BG.txt	mg	milligram	мг	милиграм
infectious diseases_influenza_48_BGgpt_abbreviations_EN_BG.txt	h	hour	ч.	час
infectious diseases_influenza_48_BGgpt_abbreviations_EN_BG.txt	RT-PCR	Reverse Transcription Polymerase Chain Reaction	RT-PCR	Реално-времева полимеразна верижна реакция с обратна транскрипция
infectious diseases_influenza_48_BGgpt_abbreviations_EN_BG.txt	Influenza A	Influenza A virus	Грип А	Вирус на грип А
infectious diseases_influenza_48_BGgpt_abbreviations_EN_BG.txt	°C	degree Celsius	°C	градус по Целзий
infectious diseases_influenza_48_BGgpt_abbreviations_EN_BG.txt	Dr.	Doctor	д-р	доктор
infectious diseases_influenza_48_BGgpt_abbreviations_EN_BG.txt	ID	Intensive Care Unit	-	Инфекциозно отделение
infectious diseases_influenza_49_BGgpt_abbreviations_EN_BG.txt	H1N1	Influenza A H1N1 subtype	H1N1	Подтип H1N1 на вирус на грип А
infectious diseases_influenza_49_BGgpt_abbreviations_EN_BG.txt	RT-PCR	Reverse Transcription Polymerase Chain Reaction	RT-PCR	Обратна транскрипция полимеразна верижна реакция
infectious diseases_influenza_49_BGgpt_abbreviations_EN_BG.txt	mg	milligram	мг	милиграм
infectious diseases_influenza_49_BGgpt_abbreviations_EN_BG.txt	°C	Degrees Celsius	°C	Градуси по Целзий
infectious diseases_influenza_49_BGgpt_abbreviations_EN_BG.txt	bpm	beats per minute	уд/мин	удара в минута
infectious diseases_influenza_4_BGgpt_abbreviations_EN_BG.txt	RT-PCR	Reverse Transcription Polymerase Chain Reaction	RT-PCR	Реално-времева верижна полимеразна реакция с обратна транскрипция
infectious diseases_influenza_4_BGgpt_abbreviations_EN_BG.txt	MD	Medical Doctor	Д-р / лекар	Доктор / Лекар
infectious diseases_influenza_4_BGgpt_abbreviations_EN_BG.txt	mg	milligram	mg	милиграм
infectious diseases_influenza_4_BGgpt_abbreviations_EN_BG.txt	q6h	every 6 hours	на всеки 6 часа	на всеки 6 часа
infectious diseases_influenza_4_BGgpt_abbreviations_EN_BG.txt	BID	twice a day	2 пъти дневно	2 пъти дневно
infectious diseases_influenza_5_BGgpt_abbreviations_EN_BG.txt	NKDA	No Known Drug Allergies	НДА	Няма данни за алергии към лекарства
infectious diseases_influenza_5_BGgpt_abbreviations_EN_BG.txt	ED	Emergency Department	СПО	Спешно приемно отделение
infectious diseases_influenza_5_BGgpt_abbreviations_EN_BG.txt	mg	Milligram	мг	Милиграм
infectious diseases_influenza_5_BGgpt_abbreviations_EN_BG.txt	RT-PCR	Reverse Transcription Polymerase Chain Reaction	RT-PCR	Обратна транскрипция - полимеразна верижна реакция
infectious diseases_influenza_5_BGgpt_abbreviations_EN_BG.txt	PO	Per Os (by mouth)	п/о	през устата
infectious diseases_influenza_5_BGgpt_abbreviations_EN_BG.txt	bpm	Beats per minute	уд./мин	удара в минута
infectious diseases_influenza_5_BGgpt_abbreviations_EN_BG.txt	O2 sat	Oxygen Saturation	SpO2	САТУРАЦИЯ НА КИСЛОРОД
infectious diseases_influenza_5_BGgpt_abbreviations_EN_BG.txt	BID	Twice a day	2 пъти дневно	два пъти дневно
infectious diseases_influenza_5_BGgpt_abbreviations_EN_BG.txt	PRN	As needed	при нужда	при необходимост
infectious diseases_influenza_5_BGgpt_abbreviations_EN_BG.txt	g	Gram	г	грам
infectious diseases_influenza_5_BGgpt_abbreviations_EN_BG.txt	PCP	Primary Care Physician	ЛО	Личен лекар
infectious diseases_influenza_6_BGgpt_abbreviations_EN_BG.txt	BP	Blood Pressure	АН	Артериално налягане
infectious diseases_influenza_6_BGgpt_abbreviations_EN_BG.txt	RT-PCR	Reverse Transcription Polymerase Chain Reaction	RT-PCR	Обратна транскриптаза полимеразна верижна реакция
infectious diseases_influenza_6_BGgpt_abbreviations_EN_BG.txt	IV	Intravenous	венозно	Венозно приложение
infectious diseases_influenza_6_BGgpt_abbreviations_EN_BG.txt	bpm	beats per minute	уд./мин	Ударa в минута
infectious diseases_influenza_6_BGgpt_abbreviations_EN_BG.txt	RR	Respiratory Rate	ДЧ	Дихателна честота
infectious diseases_influenza_6_BGgpt_abbreviations_EN_BG.txt	HR	Heart Rate	СЧ	Сърдечна честота
infectious diseases_influenza_6_BGgpt_abbreviations_EN_BG.txt	SpO2	Pulse Oximetry	SpO2	Пулсова оксиметрия
infectious diseases_influenza_6_BGgpt_abbreviations_EN_BG.txt	CXR	Chest X-ray	РГБД	Рентгенография на бял дроб
infectious diseases_influenza_6_BGgpt_abbreviations_EN_BG.txt	H3N2	Influenza A subtype H3N2	H3N2	Субтип H3N2 на грип А
infectious diseases_influenza_7_BGgpt_abbreviations_EN_BG.txt	RT-PCR	Reverse transcription polymerase chain reaction	RT-PCR	Реално-времева полимеразна верижна реакция
infectious diseases_influenza_7_BGgpt_abbreviations_EN_BG.txt	mg	Milligram	mg	милиграм
infectious diseases_influenza_7_BGgpt_abbreviations_EN_BG.txt	h	hour	ч.	час
infectious diseases_influenza_8_BGgpt_abbreviations_EN_BG.txt	RT-PCR	Reverse Transcription Polymerase Chain Reaction	RT-PCR	Реално-времева полимеразна верижна реакция с обратна транскрипция
infectious diseases_influenza_8_BGgpt_abbreviations_EN_BG.txt	H3N2	Hemagglutinin type 3 and Neuraminidase type 2	H3N2	Хемаглутинин тип 3 и Невраминидаза тип 2
infectious diseases_influenza_8_BGgpt_abbreviations_EN_BG.txt	O2 Sat	Oxygen Saturation	СаО2	Насищане с кислород
infectious diseases_influenza_8_BGgpt_abbreviations_EN_BG.txt	mg	milligram	mg	милиграм
infectious diseases_influenza_8_BGgpt_abbreviations_EN_BG.txt	BID	Twice a day	2 пъти дневно	Два пъти дневно
infectious diseases_influenza_8_BGgpt_abbreviations_EN_BG.txt	°F	degrees Fahrenheit	°C	градуси по Целзий
infectious diseases_influenza_9_BGgpt_abbreviations_EN_BG.txt	ED	Emergency Department	Спешно отделение	Спешно отделение
infectious diseases_influenza_9_BGgpt_abbreviations_EN_BG.txt	RT-PCR	Reverse Transcription Polymerase Chain Reaction	RT-PCR	Обратна транскрипция полимеразна верижна реакция
infectious diseases_influenza_9_BGgpt_abbreviations_EN_BG.txt	DOB	Date of Birth	Дата на раждане	Дата на раждане
infectious diseases_influenza_9_BGgpt_abbreviations_EN_BG.txt	IV	Intravenous	венозно	венозно
infectious diseases_influenza_9_BGgpt_abbreviations_EN_BG.txt	SpO2	Peripheral capillary oxygen saturation	Сатурация	Периферна капилярна сатурация на кислород
neurology_intracerebral hemorrhage_0_BGgpt_abbreviations_EN_BG.txt	CT	Computed Tomography	КТ	Компютърна томография
neurology_intracerebral hemorrhage_0_BGgpt_abbreviations_EN_BG.txt	CT scan	Computed Tomography Scan	КТ	Компютърна томография
neurology_intracerebral hemorrhage_0_BGgpt_abbreviations_EN_BG.txt	IV	Intravenous	i.v. / интравенозно	Интравенозно
neurology_intracerebral hemorrhage_0_BGgpt_abbreviations_EN_BG.txt	INR	International Normalized Ratio	INR	INR
neurology_intracerebral hemorrhage_0_BGgpt_abbreviations_EN_BG.txt	PTT	Partial Thromboplastin Time	ПСВ	Парциално тромбопластиново време
neurology_intracerebral hemorrhage_0_BGgpt_abbreviations_EN_BG.txt	BP	Blood Pressure	КН	Кръвно налягане (standard abbreviation КН)
neurology_intracerebral hemorrhage_0_BGgpt_abbreviations_EN_BG.txt	CBC	Complete Blood Count	ПКК	Пълна кръвна картина
neurology_intracerebral hemorrhage_10_BGgpt_abbreviations_EN_BG.txt	MRN	Medical Record Number	№ на мед. досие	Номер на медицинско досие
neurology_intracerebral hemorrhage_10_BGgpt_abbreviations_EN_BG.txt	CT	Computed Tomography	СТ	Скенер – Скенера
neurology_intracerebral hemorrhage_10_BGgpt_abbreviations_EN_BG.txt	CBC	Complete Blood Count	ПКК	Пълна кръвна картина
neurology_intracerebral hemorrhage_10_BGgpt_abbreviations_EN_BG.txt	INR	International Normalized Ratio	INR	Международно нормализирано съотношение
neurology_intracerebral hemorrhage_10_BGgpt_abbreviations_EN_BG.txt	PTT	Partial Thromboplastin Time	aPTT	Активирано парциално тромбопластиново време
neurology_intracerebral hemorrhage_10_BGgpt_abbreviations_EN_BG.txt	BP	Blood Pressure	АН	Артериално налягане
neurology_intracerebral hemorrhage_10_BGgpt_abbreviations_EN_BG.txt	IV	Intravenous	i.v.	Интравенозно
neurology_intracerebral hemorrhage_10_BGgpt_abbreviations_EN_BG.txt	mg	Milligram	mg	Милиграм
neurology_intracerebral hemorrhage_10_BGgpt_abbreviations_EN_BG.txt	hr	Hour	h	Час
neurology_intracerebral hemorrhage_10_BGgpt_abbreviations_EN_BG.txt	mm Hg	Millimeters of Mercury	mmHg	Милиметри живачен стълб
neurology_intracerebral hemorrhage_11_BGgpt_abbreviations_EN_BG.txt	BP	Blood Pressure	АН	Артериално налягане
neurology_intracerebral hemorrhage_11_BGgpt_abbreviations_EN_BG.txt	CT	Computed Tomography	KТ	Компютърна томография
neurology_intracerebral hemorrhage_11_BGgpt_abbreviations_EN_BG.txt	INR	International Normalized Ratio	INR	Международно нормализирано отношение
neurology_intracerebral hemorrhage_11_BGgpt_abbreviations_EN_BG.txt	PTT	Partial Thromboplastin Time	aPTT	Активирано парциално тромбопластиново време
neurology_intracerebral hemorrhage_11_BGgpt_abbreviations_EN_BG.txt	CBC	Complete Blood Count	ПКК	Пълна кръвна картина
neurology_intracerebral hemorrhage_11_BGgpt_abbreviations_EN_BG.txt	mg	milligram	мг	милиграм
neurology_intracerebral hemorrhage_11_BGgpt_abbreviations_EN_BG.txt	kg	kilogram	кг	килограм
neurology_intracerebral hemorrhage_11_BGgpt_abbreviations_EN_BG.txt	h	hour	ч.	час
neurology_intracerebral hemorrhage_11_BGgpt_abbreviations_EN_BG.txt	IV	Intravenous	i.v.	Интравенозно
neurology_intracerebral hemorrhage_11_BGgpt_abbreviations_EN_BG.txt	MD	Doctor of Medicine	д-р	Доктор
neurology_intracerebral hemorrhage_11_BGgpt_abbreviations_EN_BG.txt	BID	Twice Daily	2 пъти дневно	Два пъти дневно
neurology_intracerebral hemorrhage_11_BGgpt_abbreviations_EN_BG.txt	ECG	Electrocardiogram	ЕКГ	Електрокардиограма
neurology_intracerebral hemorrhage_11_BGgpt_abbreviations_EN_BG.txt	ICH	Intracerebral Hemorrhage	ВМК	Вътремозъчен кръвоизлив
neurology_intracerebral hemorrhage_12_BGgpt_abbreviations_EN_BG.txt	CT	Computed Tomography	КТ	Компютърна томография
neurology_intracerebral hemorrhage_12_BGgpt_abbreviations_EN_BG.txt	IV	Intravenous	i.v. / венозно	Венозно приложение
neurology_intracerebral hemorrhage_12_BGgpt_abbreviations_EN_BG.txt	CBC	Complete Blood Count	ПКК	Пълна кръвна картина
neurology_intracerebral hemorrhage_12_BGgpt_abbreviations_EN_BG.txt	INR	International Normalized Ratio	МНО	Международно нормализирано отношение
neurology_intracerebral hemorrhage_12_BGgpt_abbreviations_EN_BG.txt	PTT	Partial Thromboplastin Time	аPTТ	Активирано парциално тромбопластиново време
neurology_intracerebral hemorrhage_12_BGgpt_abbreviations_EN_BG.txt	BP	Blood Pressure	АН / КН	Артериално налягане / Кръвно налягане
neurology_intracerebral hemorrhage_12_BGgpt_abbreviations_EN_BG.txt	mg	Milligram	мг	Милиграм
neurology_intracerebral hemorrhage_12_BGgpt_abbreviations_EN_BG.txt	h	Hour	ч.	Час
neurology_intracerebral hemorrhage_12_BGgpt_abbreviations_EN_BG.txt	UTI	Urinary Tract Infection	ИПП	Инфекция на пикочните пътища
neurology_intracerebral hemorrhage_12_BGgpt_abbreviations_EN_BG.txt	MD	Doctor of Medicine	д-р	Доктор по медицина
neurology_intracerebral hemorrhage_13_BGgpt_abbreviations_EN_BG.txt	ED	Emergency Department	Спешно отделение	Спешно отделение
neurology_intracerebral hemorrhage_13_BGgpt_abbreviations_EN_BG.txt	BP	Blood Pressure	Кръвно налягане	Кръвно налягане (standard abbreviation АН)
neurology_intracerebral hemorrhage_13_BGgpt_abbreviations_EN_BG.txt	INR	International Normalized Ratio	INR (или МНО)	Международно нормализирано отношение (МНО)
neurology_intracerebral hemorrhage_13_BGgpt_abbreviations_EN_BG.txt	PTT	Partial Thromboplastin Time	aPTT (или ПТТВ)	Активирано парциално тромбопластиново време (аPTT)
neurology_intracerebral hemorrhage_13_BGgpt_abbreviations_EN_BG.txt	CT	Computed Tomography	КТ	Компютърна томография
neurology_intracerebral hemorrhage_13_BGgpt_abbreviations_EN_BG.txt	IV	Intravenous	i.v.	Интравенозно
neurology_intracerebral hemorrhage_13_BGgpt_abbreviations_EN_BG.txt	CBC	Complete Blood Count	ПКК	Пълна кръвна картина
neurology_intracerebral hemorrhage_13_BGgpt_abbreviations_EN_BG.txt	mg	milligram	мг	милиграм
neurology_intracerebral hemorrhage_13_BGgpt_abbreviations_EN_BG.txt	h	hour	ч	час
neurology_intracerebral hemorrhage_13_BGgpt_abbreviations_EN_BG.txt	bpm	beats per minute	уд/мин	удара в минута
neurology_intracerebral hemorrhage_13_BGgpt_abbreviations_EN_BG.txt	mm Hg	millimeters of mercury	mmHg	милиметри живачен стълб
neurology_intracerebral hemorrhage_13_BGgpt_abbreviations_EN_BG.txt	PCP	Primary Care Physician	ЛП	Личен лекар
neurology_intracerebral hemorrhage_14_BGgpt_abbreviations_EN_BG.txt	CBC	Complete Blood Count	ПКК	Пълна кръвна картина
neurology_intracerebral hemorrhage_14_BGgpt_abbreviations_EN_BG.txt	CT	Computed Tomography	КТ	Компютърна томография
neurology_intracerebral hemorrhage_14_BGgpt_abbreviations_EN_BG.txt	INR	International Normalized Ratio	INR	Международно нормализирано съотношение
neurology_intracerebral hemorrhage_14_BGgpt_abbreviations_EN_BG.txt	PTT	Partial Thromboplastin Time	аPTT	Активирано парциално тромбопластиново време
neurology_intracerebral hemorrhage_14_BGgpt_abbreviations_EN_BG.txt	IV	Intravenous	i.v.	Интравенозно
neurology_intracerebral hemorrhage_14_BGgpt_abbreviations_EN_BG.txt	BP	Blood Pressure	АН	Артериално налягане
neurology_intracerebral hemorrhage_14_BGgpt_abbreviations_EN_BG.txt	mg	Milligram	мг	Милиграм
neurology_intracerebral hemorrhage_14_BGgpt_abbreviations_EN_BG.txt	hr	Hour	ч	Час
neurology_intracerebral hemorrhage_14_BGgpt_abbreviations_EN_BG.txt	MD	Doctor of Medicine	д-р	Доктор по медицина
neurology_intracerebral hemorrhage_15_BGgpt_abbreviations_EN_BG.txt	CT	Computed Tomography	КТ	Компютърна томография
neurology_intracerebral hemorrhage_15_BGgpt_abbreviations_EN_BG.txt	CBC	Complete Blood Count	ПКК	Пълна кръвна картина
neurology_intracerebral hemorrhage_15_BGgpt_abbreviations_EN_BG.txt	INR	International Normalized Ratio	INR	Международно нормализирано отношение
neurology_intracerebral hemorrhage_15_BGgpt_abbreviations_EN_BG.txt	PTT	Partial Thromboplastin Time	ПТВ	Парциално тромбопластиново време
neurology_intracerebral hemorrhage_15_BGgpt_abbreviations_EN_BG.txt	IV	Intravenous	i.v.	Интравенозно
neurology_intracerebral hemorrhage_15_BGgpt_abbreviations_EN_BG.txt	BP	Blood Pressure	АН	Артериално налягане
neurology_intracerebral hemorrhage_15_BGgpt_abbreviations_EN_BG.txt	MD	Doctor of Medicine	д-р / лекар	Доктор на медицината / Лекар
neurology_intracerebral hemorrhage_16_BGgpt_abbreviations_EN_BG.txt	ICH	Intracerebral Hemorrhage	ИХИ / ИХ	Интрацеребрален хеморагичен инсулт / Интрацеребрален кръвоизлив
neurology_intracerebral hemorrhage_16_BGgpt_abbreviations_EN_BG.txt	AF	Atrial Fibrillation	ПМ	Предсърдно мъждене
neurology_intracerebral hemorrhage_16_BGgpt_abbreviations_EN_BG.txt	CT	Computed Tomography	КТ	Компютърна томография
neurology_intracerebral hemorrhage_16_BGgpt_abbreviations_EN_BG.txt	LP	Lumbar Puncture	ЛП	Лумбална пункция
neurology_intracerebral hemorrhage_16_BGgpt_abbreviations_EN_BG.txt	CBC	Complete Blood Count	ПКК	Пълна кръвна картина
neurology_intracerebral hemorrhage_16_BGgpt_abbreviations_EN_BG.txt	INR	International Normalized Ratio	INR	Международно нормализирано отношение
neurology_intracerebral hemorrhage_16_BGgpt_abbreviations_EN_BG.txt	PTT	Partial Thromboplastin Time	aPTT	Активирано парциално тромбопластиново време
neurology_intracerebral hemorrhage_16_BGgpt_abbreviations_EN_BG.txt	BP	Blood Pressure	АН	Артериално налягане
neurology_intracerebral hemorrhage_16_BGgpt_abbreviations_EN_BG.txt	IV	Intravenous	iv. / венозен	Венозен / интравенозен
neurology_intracerebral hemorrhage_16_BGgpt_abbreviations_EN_BG.txt	mg	milligram	mg	милиграм
neurology_intracerebral hemorrhage_16_BGgpt_abbreviations_EN_BG.txt	μL	microliter	μL	микролитър
neurology_intracerebral hemorrhage_16_BGgpt_abbreviations_EN_BG.txt	CNS	Central Nervous System	ЦНС	Централна нервна система
neurology_intracerebral hemorrhage_17_BGgpt_abbreviations_EN_BG.txt	CT	Computed Tomography	КТ	Компютърна томография
neurology_intracerebral hemorrhage_17_BGgpt_abbreviations_EN_BG.txt	MRI	Magnetic Resonance Imaging	ЯМР	Ядрено-магнитен резонанс
neurology_intracerebral hemorrhage_17_BGgpt_abbreviations_EN_BG.txt	CBC	Complete Blood Count	ПКК	Пълна кръвна картина
neurology_intracerebral hemorrhage_17_BGgpt_abbreviations_EN_BG.txt	INR	International Normalized Ratio	INR	INR
neurology_intracerebral hemorrhage_17_BGgpt_abbreviations_EN_BG.txt	PTT	Partial Thromboplastin Time	aPTT	Aктивирано парциално тромбопластиново време
neurology_intracerebral hemorrhage_17_BGgpt_abbreviations_EN_BG.txt	IV	Intravenous	i.v.	Интравенозно
neurology_intracerebral hemorrhage_17_BGgpt_abbreviations_EN_BG.txt	BP	Blood Pressure	КН	Кръвно налягане (АРТЕР.)
neurology_intracerebral hemorrhage_17_BGgpt_abbreviations_EN_BG.txt	EEG	Electroencephalogram	ЕЕГ	Електроенцефалограма
neurology_intracerebral hemorrhage_17_BGgpt_abbreviations_EN_BG.txt	MD	Medical Doctor	д-р	Доктор
neurology_intracerebral hemorrhage_18_BGgpt_abbreviations_EN_BG.txt	BP	Blood Pressure	КН	Кръвно налягане
neurology_intracerebral hemorrhage_18_BGgpt_abbreviations_EN_BG.txt	GCS	Glasgow Coma Scale	ШКГ	Шкала на Глазгоу за кома
neurology_intracerebral hemorrhage_18_BGgpt_abbreviations_EN_BG.txt	CBC	Complete Blood Count	ПКК	Пълна кръвна картина
neurology_intracerebral hemorrhage_18_BGgpt_abbreviations_EN_BG.txt	INR	International Normalized Ratio	INR	Международно нормализирано отношение
neurology_intracerebral hemorrhage_18_BGgpt_abbreviations_EN_BG.txt	CT	Computed Tomography	КТ	Компютърна томография
neurology_intracerebral hemorrhage_18_BGgpt_abbreviations_EN_BG.txt	ICU	Intensive Care Unit	ИО	Интензивно отделение
neurology_intracerebral hemorrhage_18_BGgpt_abbreviations_EN_BG.txt	IV	Intravenous	IV / венозно	Венозно
neurology_intracerebral hemorrhage_19_BGgpt_abbreviations_EN_BG.txt	MI	Myocardial Infarction	МИ	Миокарден инфаркт
neurology_intracerebral hemorrhage_19_BGgpt_abbreviations_EN_BG.txt	BP	Blood Pressure	КН	Кръвно налягане
neurology_intracerebral hemorrhage_19_BGgpt_abbreviations_EN_BG.txt	CT	Computed Tomography	КТ	Компютърна томография
neurology_intracerebral hemorrhage_19_BGgpt_abbreviations_EN_BG.txt	CBC	Complete Blood Count	ПКК	Пълна кръвна картина
neurology_intracerebral hemorrhage_19_BGgpt_abbreviations_EN_BG.txt	INR	International Normalized Ratio	INR / МНО	Международен нормализиран коефициент / Межд. нормиран коеф.
neurology_intracerebral hemorrhage_19_BGgpt_abbreviations_EN_BG.txt	PTT	Partial Thromboplastin Time	aPTT	Активирано парциално тромбопластиново време
neurology_intracerebral hemorrhage_19_BGgpt_abbreviations_EN_BG.txt	NSAIDs	Non-Steroidal Anti-Inflammatory Drugs	НСПВС	Нестероидни противовъзпалителни средства
neurology_intracerebral hemorrhage_19_BGgpt_abbreviations_EN_BG.txt	IV	Intravenous	i.v. / в/в	Интравенозен / вътревенозно
neurology_intracerebral hemorrhage_19_BGgpt_abbreviations_EN_BG.txt	mg	Milligram	mg	Милиграм
neurology_intracerebral hemorrhage_19_BGgpt_abbreviations_EN_BG.txt	dL	Deciliter	dL	Децилитър
neurology_intracerebral hemorrhage_19_BGgpt_abbreviations_EN_BG.txt	h	Hour	h	Час
neurology_intracerebral hemorrhage_19_BGgpt_abbreviations_EN_BG.txt	Hg	Mercury	mmHg	Милиметри живачен стълб
neurology_intracerebral hemorrhage_19_BGgpt_abbreviations_EN_BG.txt	MD	Doctor of Medicine	д-р	Доктор
neurology_intracerebral hemorrhage_1_BGgpt_abbreviations_EN_BG.txt	BP	Blood Pressure	АН	Артериално налягане
neurology_intracerebral hemorrhage_1_BGgpt_abbreviations_EN_BG.txt	CT	Computed Tomography	КТ	Компютърна томография
neurology_intracerebral hemorrhage_1_BGgpt_abbreviations_EN_BG.txt	MRI	Magnetic Resonance Imaging	ЯМР	Ядрено-магнитен резонанс
neurology_intracerebral hemorrhage_1_BGgpt_abbreviations_EN_BG.txt	CBC	Complete Blood Count	ПКК	Пълна кръвна картина
neurology_intracerebral hemorrhage_1_BGgpt_abbreviations_EN_BG.txt	INR	International Normalized Ratio	INR	Международно нормализирано отношение
neurology_intracerebral hemorrhage_1_BGgpt_abbreviations_EN_BG.txt	PTT	Partial Thromboplastin Time	аPTT	Активирано парциално тромбопластиново време
neurology_intracerebral hemorrhage_1_BGgpt_abbreviations_EN_BG.txt	IV	Intravenous	i.v.	Интравенозно
neurology_intracerebral hemorrhage_1_BGgpt_abbreviations_EN_BG.txt	DVT	Deep Vein Thrombosis	ДВТ	Дълбока венозна тромбоза
neurology_intracerebral hemorrhage_20_BGgpt_abbreviations_EN_BG.txt	CT	Computed Tomography	КТ	Компютърна томография
neurology_intracerebral hemorrhage_20_BGgpt_abbreviations_EN_BG.txt	CBC	Complete Blood Count	ПКК	Пълна кръвна картина
neurology_intracerebral hemorrhage_20_BGgpt_abbreviations_EN_BG.txt	INR	International Normalized Ratio	INR	Международен нормализиран коефициент (обикновено се използва съкращението INR)
neurology_intracerebral hemorrhage_20_BGgpt_abbreviations_EN_BG.txt	PTT	Partial Thromboplastin Time	aPTT	Активирано парциално тромбопластиново време
neurology_intracerebral hemorrhage_20_BGgpt_abbreviations_EN_BG.txt	IV	Intravenous	i.v.	Интравенозно
neurology_intracerebral hemorrhage_20_BGgpt_abbreviations_EN_BG.txt	BP	Blood Pressure	КН	Кръвно налягане
neurology_intracerebral hemorrhage_20_BGgpt_abbreviations_EN_BG.txt	mg	milligram	mg	милиграм
neurology_intracerebral hemorrhage_20_BGgpt_abbreviations_EN_BG.txt	cm	centimeter	cm	сантиметър
neurology_intracerebral hemorrhage_20_BGgpt_abbreviations_EN_BG.txt	uL	microliter	µl	микролитър
neurology_intracerebral hemorrhage_21_BGgpt_abbreviations_EN_BG.txt	MRN	Medical Record Number	№ на мед. досие	Номер на медицинско досие
neurology_intracerebral hemorrhage_21_BGgpt_abbreviations_EN_BG.txt	BP	Blood Pressure	КН	Кръвно налягане
neurology_intracerebral hemorrhage_21_BGgpt_abbreviations_EN_BG.txt	CT	Computed Tomography	КТ	Компютърна томография
neurology_intracerebral hemorrhage_21_BGgpt_abbreviations_EN_BG.txt	MRI	Magnetic Resonance Imaging	ЯМР	Ядрено-магнитен резонанс
neurology_intracerebral hemorrhage_21_BGgpt_abbreviations_EN_BG.txt	INR	International Normalized Ratio	INR	Международно нормализирано съотношение
neurology_intracerebral hemorrhage_21_BGgpt_abbreviations_EN_BG.txt	PT	Partial Thromboplastin Time	ПТТ	Парциално тромбопластиново време
neurology_intracerebral hemorrhage_21_BGgpt_abbreviations_EN_BG.txt	PTT	Partial Thromboplastin Time	ПТТ	Парциално тромбопластиново време
neurology_intracerebral hemorrhage_21_BGgpt_abbreviations_EN_BG.txt	IV	Intravenous	венозно	Венозно
neurology_intracerebral hemorrhage_21_BGgpt_abbreviations_EN_BG.txt	mg	Milligram	мг	Милиграм
neurology_intracerebral hemorrhage_21_BGgpt_abbreviations_EN_BG.txt	CBC	Complete Blood Count	ПКК	Пълна кръвна картина
neurology_intracerebral hemorrhage_22_BGgpt_abbreviations_EN_BG.txt	BP	Blood Pressure	АН / КН	Артериално (кръвно) налягане
neurology_intracerebral hemorrhage_22_BGgpt_abbreviations_EN_BG.txt	GCS	Glasgow Coma Scale	ШГ	Шкала на Глазгоу
neurology_intracerebral hemorrhage_22_BGgpt_abbreviations_EN_BG.txt	CT	Computed Tomography	КТ	Компютърна томография
neurology_intracerebral hemorrhage_22_BGgpt_abbreviations_EN_BG.txt	ED	Emergency Department	СПО	Спешно приемно отделение
neurology_intracerebral hemorrhage_22_BGgpt_abbreviations_EN_BG.txt	IV	Intravenous	и.в.	интравенозно
neurology_intracerebral hemorrhage_22_BGgpt_abbreviations_EN_BG.txt	INR	International Normalized Ratio	INR	Международен нормализиран коефициент
neurology_intracerebral hemorrhage_22_BGgpt_abbreviations_EN_BG.txt	PTT	Partial Thromboplastin Time	aPTT	Активирано парциално тромбопластиново време
neurology_intracerebral hemorrhage_22_BGgpt_abbreviations_EN_BG.txt	CBC	Complete Blood Count	ПКК	Пълна кръвна картина
neurology_intracerebral hemorrhage_22_BGgpt_abbreviations_EN_BG.txt	BP	Blood Pressure	АН	Артериално налягане
neurology_intracerebral hemorrhage_23_BGgpt_abbreviations_EN_BG.txt	BP	Blood Pressure	КН	Кръвно налягане
neurology_intracerebral hemorrhage_23_BGgpt_abbreviations_EN_BG.txt	IV	Intravenous	i.v.	Интравенозно
neurology_intracerebral hemorrhage_23_BGgpt_abbreviations_EN_BG.txt	CT	Computed Tomography	КТ	Компютърна томография
neurology_intracerebral hemorrhage_23_BGgpt_abbreviations_EN_BG.txt	mg	Milligram	мг	Милиграм
neurology_intracerebral hemorrhage_24_BGgpt_abbreviations_EN_BG.txt	MRN	Medical Record Number	№ на медицинско досие	Номер на медицинско досие
neurology_intracerebral hemorrhage_24_BGgpt_abbreviations_EN_BG.txt	bpm	beats per minute	удара/мин	удара в минута
neurology_intracerebral hemorrhage_24_BGgpt_abbreviations_EN_BG.txt	CT	Computed Tomography	КТ	Компютърна томография
neurology_intracerebral hemorrhage_24_BGgpt_abbreviations_EN_BG.txt	MRI	Magnetic Resonance Imaging	ЯМР	Ядрено-магнитен резонанс
neurology_intracerebral hemorrhage_24_BGgpt_abbreviations_EN_BG.txt	CBC	Complete Blood Count	ПКК	Пълна кръвна картина
neurology_intracerebral hemorrhage_24_BGgpt_abbreviations_EN_BG.txt	INR	International Normalized Ratio	INR	INR
neurology_intracerebral hemorrhage_24_BGgpt_abbreviations_EN_BG.txt	PTT	Partial Thromboplastin Time	АПТВ	Активирано парциално тромбопластиново време
neurology_intracerebral hemorrhage_24_BGgpt_abbreviations_EN_BG.txt	IV	Intravenous	i.v. / интравенозно	интравенозно
neurology_intracerebral hemorrhage_24_BGgpt_abbreviations_EN_BG.txt	GCS	Glasgow Coma Scale	ГКС	Шкала на Глазгоу
neurology_intracerebral hemorrhage_25_BGgpt_abbreviations_EN_BG.txt	ICH	Intracerebral Hemorrhage	ВМК	Вътремозъчен кръвоизлив
neurology_intracerebral hemorrhage_25_BGgpt_abbreviations_EN_BG.txt	CT	Computed Tomography	КТ	Компютърна томография
neurology_intracerebral hemorrhage_25_BGgpt_abbreviations_EN_BG.txt	CBC	Complete Blood Count	ПКК	Пълна кръвна картина
neurology_intracerebral hemorrhage_25_BGgpt_abbreviations_EN_BG.txt	INR	International Normalized Ratio	INR	Международно нормализирано отношение
neurology_intracerebral hemorrhage_25_BGgpt_abbreviations_EN_BG.txt	PTT	Partial Thromboplastin Time	ПТТ	Парциално тромбопластиново време
neurology_intracerebral hemorrhage_25_BGgpt_abbreviations_EN_BG.txt	ICU	Intensive Care Unit	ИО / Интензивно отделение	Интензивно отделение
neurology_intracerebral hemorrhage_25_BGgpt_abbreviations_EN_BG.txt	BP	Blood Pressure	АН / Кръвно налягане	Артериално налягане
neurology_intracerebral hemorrhage_25_BGgpt_abbreviations_EN_BG.txt	IV	Intravenous	i.v. / Интравенозно	Интравенозно
neurology_intracerebral hemorrhage_25_BGgpt_abbreviations_EN_BG.txt	CT Angio	CT Angiography	КТ-ангиография	Компютърна томографска ангиография
neurology_intracerebral hemorrhage_25_BGgpt_abbreviations_EN_BG.txt	GCS	Glasgow Coma Scale	ГКС	Глазгоу-Шкалова комо скала
neurology_intracerebral hemorrhage_26_BGgpt_abbreviations_EN_BG.txt	CBC	Complete Blood Count	ПКК	Пълна кръвна картина
neurology_intracerebral hemorrhage_26_BGgpt_abbreviations_EN_BG.txt	CT	Computed Tomography	КТ	Компютърна томография
neurology_intracerebral hemorrhage_26_BGgpt_abbreviations_EN_BG.txt	mg	milligram	mg	милиграм
neurology_intracerebral hemorrhage_26_BGgpt_abbreviations_EN_BG.txt	INR	International Normalized Ratio	INR	Международно нормализирано съотношение
neurology_intracerebral hemorrhage_26_BGgpt_abbreviations_EN_BG.txt	PTT	Partial Thromboplastin Time	aPTT	Активирано парциално тромбопластиново време
neurology_intracerebral hemorrhage_26_BGgpt_abbreviations_EN_BG.txt	BP	Blood Pressure	КН	Кръвно налягане
neurology_intracerebral hemorrhage_26_BGgpt_abbreviations_EN_BG.txt	ID	Identification	№	Номер
neurology_intracerebral hemorrhage_26_BGgpt_abbreviations_EN_BG.txt	EVD	External Ventricular Drain	ВЕШИ	Външна вентрикуларна шънтова система
neurology_intracerebral hemorrhage_27_BGgpt_abbreviations_EN_BG.txt	ED	Emergency Department	СПО	Спешно отделение
neurology_intracerebral hemorrhage_27_BGgpt_abbreviations_EN_BG.txt	IV	Intravenous	в/в	Венозно (intravenously)
neurology_intracerebral hemorrhage_27_BGgpt_abbreviations_EN_BG.txt	CT	Computed Tomography	КТ	Компютърна томография
neurology_intracerebral hemorrhage_27_BGgpt_abbreviations_EN_BG.txt	CBC	Complete Blood Count	ПКК	Пълна кръвна картина
neurology_intracerebral hemorrhage_27_BGgpt_abbreviations_EN_BG.txt	INR	International Normalized Ratio	INR	Международен нормализиран коефициент
neurology_intracerebral hemorrhage_27_BGgpt_abbreviations_EN_BG.txt	PTT	Partial Thromboplastin Time	aPTT	Активирано парциално тромбопластиново време
neurology_intracerebral hemorrhage_27_BGgpt_abbreviations_EN_BG.txt	BP	Blood Pressure	АН / КН	Артериално налягане / Кръвно налягане
neurology_intracerebral hemorrhage_27_BGgpt_abbreviations_EN_BG.txt	CT Angiography	Computed Tomography Angiography	КТА	Компютърна томографска ангиография
neurology_intracerebral hemorrhage_28_BGgpt_abbreviations_EN_BG.txt	MI	Myocardial Infarction	МИ	Миокарден инфаркт
neurology_intracerebral hemorrhage_28_BGgpt_abbreviations_EN_BG.txt	BP	Blood Pressure	АН	Артериално налягане
neurology_intracerebral hemorrhage_28_BGgpt_abbreviations_EN_BG.txt	CBC	Complete Blood Count	ПКК	Пълна кръвна картина
neurology_intracerebral hemorrhage_28_BGgpt_abbreviations_EN_BG.txt	CT	Computed Tomography	КТ	Компютърна томография
neurology_intracerebral hemorrhage_28_BGgpt_abbreviations_EN_BG.txt	IV	Intravenous	и.в.	Интравенозно
neurology_intracerebral hemorrhage_28_BGgpt_abbreviations_EN_BG.txt	INR	International Normalized Ratio	INR	Международно нормализирано съотношение
neurology_intracerebral hemorrhage_28_BGgpt_abbreviations_EN_BG.txt	PT	Prothrombin Time	ПВ	Протромбиново време
neurology_intracerebral hemorrhage_28_BGgpt_abbreviations_EN_BG.txt	PTT	Partial Thromboplastin Time	аПТВ	Активирано парциално тромбопластиново време
neurology_intracerebral hemorrhage_28_BGgpt_abbreviations_EN_BG.txt	mg	Milligram	мг	Милиграм
neurology_intracerebral hemorrhage_28_BGgpt_abbreviations_EN_BG.txt	h	Hour	ч	Час
neurology_intracerebral hemorrhage_28_BGgpt_abbreviations_EN_BG.txt	MRI	Magnetic Resonance Imaging	ЯМР	Ядрено-магнитен резонанс
neurology_intracerebral hemorrhage_29_BGgpt_abbreviations_EN_BG.txt	CT	Computed Tomography	КТ	Компютърна томография
neurology_intracerebral hemorrhage_29_BGgpt_abbreviations_EN_BG.txt	IV	Intravenous	IV / венозно	Интравенозно / венозно
neurology_intracerebral hemorrhage_29_BGgpt_abbreviations_EN_BG.txt	BP	Blood Pressure	АН / КН	Артериално налягане / Кръвно налягане
neurology_intracerebral hemorrhage_29_BGgpt_abbreviations_EN_BG.txt	INR	International Normalized Ratio	INR	Международен нормализиран коефициент
neurology_intracerebral hemorrhage_29_BGgpt_abbreviations_EN_BG.txt	PTT	Partial Thromboplastin Time	АЧТВ	Активирано частично тромбопластиново време
neurology_intracerebral hemorrhage_29_BGgpt_abbreviations_EN_BG.txt	CBC	Complete Blood Count	ПКК	Пълна кръвна картина
neurology_intracerebral hemorrhage_29_BGgpt_abbreviations_EN_BG.txt	mg/dL	milligram per deciliter	mg/dL	милиграм на децилитър
neurology_intracerebral hemorrhage_29_BGgpt_abbreviations_EN_BG.txt	mm Hg	millimeter of mercury	mmHg	милиметър живачен стълб
neurology_intracerebral hemorrhage_2_BGgpt_abbreviations_EN_BG.txt	CT	Computed Tomography	КТ	Компютърна томография
neurology_intracerebral hemorrhage_2_BGgpt_abbreviations_EN_BG.txt	IV	Intravenous	i.v. / венозно	Венозно
neurology_intracerebral hemorrhage_2_BGgpt_abbreviations_EN_BG.txt	ICH	Intracerebral Hemorrhage	ВЧК	Вътречерепен кръвоизлив
neurology_intracerebral hemorrhage_2_BGgpt_abbreviations_EN_BG.txt	BP	Blood Pressure	АН	Артериално налягане
neurology_intracerebral hemorrhage_2_BGgpt_abbreviations_EN_BG.txt	mg	milligram	мг	милиграм
neurology_intracerebral hemorrhage_2_BGgpt_abbreviations_EN_BG.txt	Hg	mercury	mmHg	милиметър живачен стълб
neurology_intracerebral hemorrhage_2_BGgpt_abbreviations_EN_BG.txt	g	gram	г	грам
neurology_intracerebral hemorrhage_30_BGgpt_abbreviations_EN_BG.txt	CT	Computed Tomography	КТ	Компютърна томография
neurology_intracerebral hemorrhage_30_BGgpt_abbreviations_EN_BG.txt	INR	International Normalized Ratio	INR	Международно нормализирано съотношение
neurology_intracerebral hemorrhage_30_BGgpt_abbreviations_EN_BG.txt	PTT	Partial Thromboplastin Time	aPTT	Активирано парциално тромбопластиново време
neurology_intracerebral hemorrhage_30_BGgpt_abbreviations_EN_BG.txt	SBP	Systolic Blood Pressure	САН	Систолно артериално налягане
neurology_intracerebral hemorrhage_30_BGgpt_abbreviations_EN_BG.txt	CBC	Complete Blood Count	ПКК	Пълна кръвна картина
neurology_intracerebral hemorrhage_30_BGgpt_abbreviations_EN_BG.txt	IV	Intravenous	в/в	Венозно
neurology_intracerebral hemorrhage_31_BGgpt_abbreviations_EN_BG.txt	CT	Computed Tomography	СТ	Скенерна томография
neurology_intracerebral hemorrhage_31_BGgpt_abbreviations_EN_BG.txt	BP	Blood Pressure	АН (артериално налягане)	Кръвно налягане
neurology_intracerebral hemorrhage_31_BGgpt_abbreviations_EN_BG.txt	CBC	Complete Blood Count	ПКК	Пълна кръвна картина
neurology_intracerebral hemorrhage_31_BGgpt_abbreviations_EN_BG.txt	INR	International Normalized Ratio	INR	Международно нормализирано отношение
neurology_intracerebral hemorrhage_31_BGgpt_abbreviations_EN_BG.txt	PTT	Partial Thromboplastin Time	АВРВ (активирано време на рекальцификация)	Активирано време на рекальцификация
neurology_intracerebral hemorrhage_31_BGgpt_abbreviations_EN_BG.txt	IV	Intravenous	в/в	Венозно
neurology_intracerebral hemorrhage_31_BGgpt_abbreviations_EN_BG.txt	mg/dL	Milligrams per Deciliter	mg/dL	Милиграми на децилитър
neurology_intracerebral hemorrhage_31_BGgpt_abbreviations_EN_BG.txt	MD	Doctor of Medicine	д-р	Доктор
neurology_intracerebral hemorrhage_32_BGgpt_abbreviations_EN_BG.txt	ID	Identification	ЛН	Личен номер
neurology_intracerebral hemorrhage_32_BGgpt_abbreviations_EN_BG.txt	MD	Medical Doctor	Д-р	Доктор
neurology_intracerebral hemorrhage_32_BGgpt_abbreviations_EN_BG.txt	CBC	Complete Blood Count	ПКК	Пълна кръвна картина
neurology_intracerebral hemorrhage_32_BGgpt_abbreviations_EN_BG.txt	INR	International Normalized Ratio	INR	INR (International Normalized Ratio)
neurology_intracerebral hemorrhage_32_BGgpt_abbreviations_EN_BG.txt	PTT	Partial Thromboplastin Time	aPTT	Активирано парциално тромбопластиново време
neurology_intracerebral hemorrhage_32_BGgpt_abbreviations_EN_BG.txt	CT	Computed Tomography	КТ	Компютърна томография
neurology_intracerebral hemorrhage_32_BGgpt_abbreviations_EN_BG.txt	IV	Intravenous	и.в.	Интравенозно
neurology_intracerebral hemorrhage_32_BGgpt_abbreviations_EN_BG.txt	BID	Twice Daily	2 пъти дневно	Два пъти дневно
neurology_intracerebral hemorrhage_32_BGgpt_abbreviations_EN_BG.txt	QD	Once Daily	1 път дневно	Един път дневно
neurology_intracerebral hemorrhage_32_BGgpt_abbreviations_EN_BG.txt	BP	Blood Pressure	АН	Артериално налягане
neurology_intracerebral hemorrhage_33_BGgpt_abbreviations_EN_BG.txt	GCS	Glasgow Coma Scale	ГКС	Глесова скала за кома
neurology_intracerebral hemorrhage_33_BGgpt_abbreviations_EN_BG.txt	CT	Computed Tomography	КТ	Компютърна томография
neurology_intracerebral hemorrhage_33_BGgpt_abbreviations_EN_BG.txt	CBC	Complete Blood Count	ПКК	Пълна кръвна картина
neurology_intracerebral hemorrhage_33_BGgpt_abbreviations_EN_BG.txt	INR	International Normalized Ratio	INR	Международно нормализирано съотношение
neurology_intracerebral hemorrhage_33_BGgpt_abbreviations_EN_BG.txt	PTT	Partial Thromboplastin Time	aPTT	Активирано парциално тромбопластиново време
neurology_intracerebral hemorrhage_33_BGgpt_abbreviations_EN_BG.txt	EVD	External Ventricular Drain	ВВД	Външен вентрикуларен дренаж
neurology_intracerebral hemorrhage_33_BGgpt_abbreviations_EN_BG.txt	IV	Intravenous	в/в	Във вената
neurology_intracerebral hemorrhage_33_BGgpt_abbreviations_EN_BG.txt	BP	Blood Pressure	АД	Артериално налягане
neurology_intracerebral hemorrhage_34_BGgpt_abbreviations_EN_BG.txt	BP	Blood Pressure	АН	Артериално налягане
neurology_intracerebral hemorrhage_34_BGgpt_abbreviations_EN_BG.txt	CT	Computed Tomography	КТ	Компютърна томография
neurology_intracerebral hemorrhage_34_BGgpt_abbreviations_EN_BG.txt	CBC	Complete Blood Count	ПКК	Пълна кръвна картина
neurology_intracerebral hemorrhage_34_BGgpt_abbreviations_EN_BG.txt	INR	International Normalized Ratio	INR	INR (International Normalized Ratio)
neurology_intracerebral hemorrhage_34_BGgpt_abbreviations_EN_BG.txt	PTT	Partial Thromboplastin Time	aPTT	Активирано парциално тромбопластиново време
neurology_intracerebral hemorrhage_34_BGgpt_abbreviations_EN_BG.txt	IV	Intravenous	iv	Интравенозно
neurology_intracerebral hemorrhage_34_BGgpt_abbreviations_EN_BG.txt	ICU	Intensive Care Unit	ИО	Интензивно отделение
neurology_intracerebral hemorrhage_34_BGgpt_abbreviations_EN_BG.txt	TIA	Transient Ischemic Attack	ПИА	Преходна исхемична атака
neurology_intracerebral hemorrhage_34_BGgpt_abbreviations_EN_BG.txt	MD	Medical Doctor	д-р	Доктор
neurology_intracerebral hemorrhage_35_BGgpt_abbreviations_EN_BG.txt	MRN	Medical Record Number	ЛН	Личен номер
neurology_intracerebral hemorrhage_35_BGgpt_abbreviations_EN_BG.txt	BP	Blood Pressure	АН	Артериално налягане
neurology_intracerebral hemorrhage_35_BGgpt_abbreviations_EN_BG.txt	bpm	beats per minute	уд/мин	удара в минута
neurology_intracerebral hemorrhage_35_BGgpt_abbreviations_EN_BG.txt	CT	Computerized Tomography	КТ	Компютърна томография
neurology_intracerebral hemorrhage_35_BGgpt_abbreviations_EN_BG.txt	ICU	Intensive Care Unit	ИО	Интензивно отделение
neurology_intracerebral hemorrhage_35_BGgpt_abbreviations_EN_BG.txt	IV	Intravenous	и.в.	интравенозно
neurology_intracerebral hemorrhage_35_BGgpt_abbreviations_EN_BG.txt	mg	milligram	мг	милиграм
neurology_intracerebral hemorrhage_35_BGgpt_abbreviations_EN_BG.txt	MRI	Magnetic Resonance Imaging	ЯМР	Ядрено-магнитен резонанс
neurology_intracerebral hemorrhage_35_BGgpt_abbreviations_EN_BG.txt	INR	International Normalized Ratio	INR	INR
neurology_intracerebral hemorrhage_36_BGgpt_abbreviations_EN_BG.txt	CT	Computed Tomography	КТ	Компютърна томография
neurology_intracerebral hemorrhage_36_BGgpt_abbreviations_EN_BG.txt	CBC	Complete Blood Count	ПКК	Пълна кръвна картина
neurology_intracerebral hemorrhage_36_BGgpt_abbreviations_EN_BG.txt	INR	International Normalized Ratio	INR	Международно нормализирано съотношение
neurology_intracerebral hemorrhage_36_BGgpt_abbreviations_EN_BG.txt	PTT	Partial Thromboplastin Time	aPTT	Активирано парциално тромбопластиново време
neurology_intracerebral hemorrhage_36_BGgpt_abbreviations_EN_BG.txt	IV	Intravenous	i.v. / венозно	Венозно (intravenous) / венозен (venous)
neurology_intracerebral hemorrhage_36_BGgpt_abbreviations_EN_BG.txt	mg	Milligram	мг	Милиграм
neurology_intracerebral hemorrhage_36_BGgpt_abbreviations_EN_BG.txt	mm Hg	Millimeters of Mercury	mmHg	Милиметри живачен стълб
neurology_intracerebral hemorrhage_36_BGgpt_abbreviations_EN_BG.txt	MRN	Medical Record Number	№ на мед. досие	Номер на медицинско досие
neurology_intracerebral hemorrhage_36_BGgpt_abbreviations_EN_BG.txt	DOB	Date of Birth	ДР	Дата на раждане
neurology_intracerebral hemorrhage_37_BGgpt_abbreviations_EN_BG.txt	CT	Computed Tomography	КТ	Компютърна томография
neurology_intracerebral hemorrhage_37_BGgpt_abbreviations_EN_BG.txt	BP	Blood Pressure	АН	Артериално налягане
neurology_intracerebral hemorrhage_37_BGgpt_abbreviations_EN_BG.txt	IV	Intravenous	в/в	Интравенозен
neurology_intracerebral hemorrhage_37_BGgpt_abbreviations_EN_BG.txt	mg	Milligram	мг	Милиграм
neurology_intracerebral hemorrhage_37_BGgpt_abbreviations_EN_BG.txt	h	Hour	ч.	Час
neurology_intracerebral hemorrhage_37_BGgpt_abbreviations_EN_BG.txt	g	Gram	г	Грам
neurology_intracerebral hemorrhage_37_BGgpt_abbreviations_EN_BG.txt	EVD	External Ventricular Drain	Външен вентрикуларен дренаж	Външен вентрикуларен дренаж
neurology_intracerebral hemorrhage_38_BGgpt_abbreviations_EN_BG.txt	CT	Computed Tomography	КТ	Компютърна томография
neurology_intracerebral hemorrhage_38_BGgpt_abbreviations_EN_BG.txt	CBC	Complete Blood Count	ПКК	Пълна кръвна картина
neurology_intracerebral hemorrhage_38_BGgpt_abbreviations_EN_BG.txt	BP	Blood Pressure	АН	Артериално кръвно налягане
neurology_intracerebral hemorrhage_38_BGgpt_abbreviations_EN_BG.txt	INR	International Normalized Ratio	INR	Международно нормализирано съотношение
neurology_intracerebral hemorrhage_38_BGgpt_abbreviations_EN_BG.txt	PTT	Partial Thromboplastin Time	aPTT	Активирано парциално тромбопластиново време
neurology_intracerebral hemorrhage_38_BGgpt_abbreviations_EN_BG.txt	IV	Intravenous	i.v. / венозно	Венозно приложение
neurology_intracerebral hemorrhage_38_BGgpt_abbreviations_EN_BG.txt	mg	Milligram	mg	Милиграм
neurology_intracerebral hemorrhage_38_BGgpt_abbreviations_EN_BG.txt	mL	Milliliter	mL	Милилитър
neurology_intracerebral hemorrhage_38_BGgpt_abbreviations_EN_BG.txt	ng/mL	Nanogram per Milliliter	ng/mL	Нанограм на милилитър
neurology_intracerebral hemorrhage_39_BGgpt_abbreviations_EN_BG.txt	CT	Computed Tomography	КТ	Компютърна томография
neurology_intracerebral hemorrhage_39_BGgpt_abbreviations_EN_BG.txt	MRI	Magnetic Resonance Imaging	ЯМР	Ядрено-магнитен резонанс
neurology_intracerebral hemorrhage_39_BGgpt_abbreviations_EN_BG.txt	ICU	Intensive Care Unit	ИО / НИО / РОИЛ	Интензивно отделение / Невроинтензивно отделение / Реанимация и интензивно лечение
neurology_intracerebral hemorrhage_39_BGgpt_abbreviations_EN_BG.txt	CBC	Complete Blood Count	ПКК	Пълна кръвна картина
neurology_intracerebral hemorrhage_39_BGgpt_abbreviations_EN_BG.txt	INR	International Normalized Ratio	INR	Международен нормализиран индекс
neurology_intracerebral hemorrhage_39_BGgpt_abbreviations_EN_BG.txt	PTT	Partial Thromboplastin Time	aPTT	Активирано парциално тромбопластиново време
neurology_intracerebral hemorrhage_39_BGgpt_abbreviations_EN_BG.txt	BP	Blood Pressure	АН / КН	Артериално налягане / Кръвно налягане
neurology_intracerebral hemorrhage_39_BGgpt_abbreviations_EN_BG.txt	IV	Intravenous	в/в	венозно
neurology_intracerebral hemorrhage_39_BGgpt_abbreviations_EN_BG.txt	mg	milligram	мг	милиграм
neurology_intracerebral hemorrhage_39_BGgpt_abbreviations_EN_BG.txt	mL	milliliter	мл	милилитър
neurology_intracerebral hemorrhage_3_BGgpt_abbreviations_EN_BG.txt	IV	Intravenous	в/в (венозен)	Венозен (вътревенозно)
neurology_intracerebral hemorrhage_3_BGgpt_abbreviations_EN_BG.txt	CT	Computed Tomography	КТ	Компютърна томография
neurology_intracerebral hemorrhage_3_BGgpt_abbreviations_EN_BG.txt	MRI	Magnetic Resonance Imaging	ЯМР	Ядрено-магнитен резонанс
neurology_intracerebral hemorrhage_3_BGgpt_abbreviations_EN_BG.txt	INR	International Normalized Ratio	INR	Международен нормализиран съотношение
neurology_intracerebral hemorrhage_3_BGgpt_abbreviations_EN_BG.txt	PTT	Partial Thromboplastin Time	aPTT	Активирано парциално тромбопластиново време
neurology_intracerebral hemorrhage_3_BGgpt_abbreviations_EN_BG.txt	CBC	Complete Blood Count	ПКК	Пълна кръвна картина
neurology_intracerebral hemorrhage_3_BGgpt_abbreviations_EN_BG.txt	BP	Blood Pressure	АН	Артериално налягане
neurology_intracerebral hemorrhage_3_BGgpt_abbreviations_EN_BG.txt	mg	milligram	mg	милиграм
neurology_intracerebral hemorrhage_3_BGgpt_abbreviations_EN_BG.txt	mL	milliliter	mL	милилитър
neurology_intracerebral hemorrhage_3_BGgpt_abbreviations_EN_BG.txt	kg	kilogram	kg	килограм
neurology_intracerebral hemorrhage_3_BGgpt_abbreviations_EN_BG.txt	cm	centimeter	cm	сантиметър
neurology_intracerebral hemorrhage_3_BGgpt_abbreviations_EN_BG.txt	mm Hg	millimeters of mercury	mm Hg	милиметър живачен стълб
neurology_intracerebral hemorrhage_40_BGgpt_abbreviations_EN_BG.txt	CT	Computerized Tomography	КТ	Компютърна томография
neurology_intracerebral hemorrhage_40_BGgpt_abbreviations_EN_BG.txt	CT A	CT Angiography	КТА	Компютърна томографска ангиография
neurology_intracerebral hemorrhage_40_BGgpt_abbreviations_EN_BG.txt	CBC	Complete Blood Count	ПКК	Пълна кръвна картина
neurology_intracerebral hemorrhage_40_BGgpt_abbreviations_EN_BG.txt	INR	International Normalized Ratio	INR	Международно нормализирано съотношение
neurology_intracerebral hemorrhage_40_BGgpt_abbreviations_EN_BG.txt	PTT	Partial Thromboplastin Time	aPTT	Активирано парциално тромбопластиново време
neurology_intracerebral hemorrhage_40_BGgpt_abbreviations_EN_BG.txt	BP	Blood Pressure	АН	Артериално налягане
neurology_intracerebral hemorrhage_40_BGgpt_abbreviations_EN_BG.txt	IV	Intravenous	в/в	Венозно
neurology_intracerebral hemorrhage_40_BGgpt_abbreviations_EN_BG.txt	NSAIDs	Non-Steroidal Anti-Inflammatory Drugs	НСПВС	Нестероидни противовъзпалителни средства
neurology_intracerebral hemorrhage_41_BGgpt_abbreviations_EN_BG.txt	CT	Computed Tomography	КТ	Компютърна томография
neurology_intracerebral hemorrhage_41_BGgpt_abbreviations_EN_BG.txt	mg	milligram	mg	милиграм
neurology_intracerebral hemorrhage_41_BGgpt_abbreviations_EN_BG.txt	dL	Deciliter	dL	Децилитър
neurology_intracerebral hemorrhage_41_BGgpt_abbreviations_EN_BG.txt	BP	Blood Pressure	АН	Артериално налягане
neurology_intracerebral hemorrhage_41_BGgpt_abbreviations_EN_BG.txt	IV	Intravenous	IV / i.v.	Интравенозно
neurology_intracerebral hemorrhage_41_BGgpt_abbreviations_EN_BG.txt	h	hour	ч.	час
neurology_intracerebral hemorrhage_41_BGgpt_abbreviations_EN_BG.txt	Hg	Mercury	mmHg	милиметър живачен стълб
neurology_intracerebral hemorrhage_42_BGgpt_abbreviations_EN_BG.txt	CBC	Complete Blood Count	ПКК	Пълна кръвна картина
neurology_intracerebral hemorrhage_42_BGgpt_abbreviations_EN_BG.txt	CT	Computed Tomography	КТ	Компютърна томография
neurology_intracerebral hemorrhage_42_BGgpt_abbreviations_EN_BG.txt	INR	International Normalized Ratio	INR	Международно нормализирано съотношение
neurology_intracerebral hemorrhage_42_BGgpt_abbreviations_EN_BG.txt	IV	Intravenous	i.v.	Интравенозно
neurology_intracerebral hemorrhage_42_BGgpt_abbreviations_EN_BG.txt	BP	Blood Pressure	АН	Артериално налягане
neurology_intracerebral hemorrhage_42_BGgpt_abbreviations_EN_BG.txt	mg	Milligram	мг	Милиграм
neurology_intracerebral hemorrhage_42_BGgpt_abbreviations_EN_BG.txt	mm Hg	Millimeters of Mercury	мм Hg	Милиметри живачен стълб
neurology_intracerebral hemorrhage_43_BGgpt_abbreviations_EN_BG.txt	BP	Blood Pressure	АН	Артериално налягане
neurology_intracerebral hemorrhage_43_BGgpt_abbreviations_EN_BG.txt	CBC	Complete Blood Count	ПКК	Пълна кръвна картина
neurology_intracerebral hemorrhage_43_BGgpt_abbreviations_EN_BG.txt	CT	Computed Tomography	КТ	Компютърна томография
neurology_intracerebral hemorrhage_43_BGgpt_abbreviations_EN_BG.txt	INR	International Normalized Ratio	INR	Международен нормализиран коефициент
neurology_intracerebral hemorrhage_43_BGgpt_abbreviations_EN_BG.txt	PTT	Partial Thromboplastin Time	aPTT	Активирано парциално тромбопластиново време
neurology_intracerebral hemorrhage_43_BGgpt_abbreviations_EN_BG.txt	IV	Intravenous	IV / i.v.	Интравенозен / интравенозно
neurology_intracerebral hemorrhage_44_BGgpt_abbreviations_EN_BG.txt	ICH	Intracerebral Hemorrhage	ИЦХИ	Интрацеребрален хеморагичен инсулт
neurology_intracerebral hemorrhage_44_BGgpt_abbreviations_EN_BG.txt	GCS	Glasgow Coma Scale	Ст. Глазгоу	Стълбица на Глазгоу
neurology_intracerebral hemorrhage_44_BGgpt_abbreviations_EN_BG.txt	CBC	Complete Blood Count	ПКК	Пълна кръвна картина
neurology_intracerebral hemorrhage_44_BGgpt_abbreviations_EN_BG.txt	CT	Computed Tomography	КТ	Компютърна томография
neurology_intracerebral hemorrhage_44_BGgpt_abbreviations_EN_BG.txt	IV	Intravenous	в/в	Венозно
neurology_intracerebral hemorrhage_44_BGgpt_abbreviations_EN_BG.txt	bpm	beats per minute	уд./мин	удара в минута
neurology_intracerebral hemorrhage_44_BGgpt_abbreviations_EN_BG.txt	mg/dL	milligram per deciliter	mg/dL	милиграм на децилитър
neurology_intracerebral hemorrhage_44_BGgpt_abbreviations_EN_BG.txt	INR	International Normalized Ratio	INR	Международно нормализирано отношение
neurology_intracerebral hemorrhage_44_BGgpt_abbreviations_EN_BG.txt	PT	Prothrombin Time	ПВ	Протромбиново време
neurology_intracerebral hemorrhage_44_BGgpt_abbreviations_EN_BG.txt	PTT	Partial Thromboplastin Time	аПТВ	Активирано парциално тромбопластиново време
neurology_intracerebral hemorrhage_45_BGgpt_abbreviations_EN_BG.txt	CT	Computed Tomography	КТ	Компютърна томография
neurology_intracerebral hemorrhage_45_BGgpt_abbreviations_EN_BG.txt	CBC	Complete Blood Count	ПКК	Пълна кръвна картина
neurology_intracerebral hemorrhage_45_BGgpt_abbreviations_EN_BG.txt	INR	International Normalized Ratio	INR	INR
neurology_intracerebral hemorrhage_45_BGgpt_abbreviations_EN_BG.txt	PTT	Partial Thromboplastin Time	aPTT	aPTT (активирано парциално тромбопластиново време)
neurology_intracerebral hemorrhage_45_BGgpt_abbreviations_EN_BG.txt	EVD	External Ventricular Drain	ВВД	Външен вентрикуларен дренаж
neurology_intracerebral hemorrhage_45_BGgpt_abbreviations_EN_BG.txt	IV	Intravenous	i.v.	Интравенозно
neurology_intracerebral hemorrhage_45_BGgpt_abbreviations_EN_BG.txt	BP	Blood Pressure	АН	Артериално налягане
neurology_intracerebral hemorrhage_45_BGgpt_abbreviations_EN_BG.txt	mg	Milligram	мг	Милиграм
neurology_intracerebral hemorrhage_45_BGgpt_abbreviations_EN_BG.txt	cm	Centimeter	см	Сантиметър
neurology_intracerebral hemorrhage_45_BGgpt_abbreviations_EN_BG.txt	μL	Microliter	μL	Микролитър
neurology_intracerebral hemorrhage_46_BGgpt_abbreviations_EN_BG.txt	CBC	Complete Blood Count	ПКК	Пълна кръвна картина
neurology_intracerebral hemorrhage_46_BGgpt_abbreviations_EN_BG.txt	BP	Blood Pressure	КН	Кръвно налягане
neurology_intracerebral hemorrhage_46_BGgpt_abbreviations_EN_BG.txt	INR	International Normalized Ratio	INR	Международен нормализиран коефициент
neurology_intracerebral hemorrhage_46_BGgpt_abbreviations_EN_BG.txt	PTT	Partial Thromboplastin Time	aPTT	Активирано парциално тромбопластиново време
neurology_intracerebral hemorrhage_46_BGgpt_abbreviations_EN_BG.txt	IV	Intravenous	i.v.	Интравенозно
neurology_intracerebral hemorrhage_46_BGgpt_abbreviations_EN_BG.txt	CT	Computed Tomography	КТ	Компютърна томография
neurology_intracerebral hemorrhage_46_BGgpt_abbreviations_EN_BG.txt	MRI	Magnetic Resonance Imaging	ЯМР	Ядрено-магнитен резонанс
neurology_intracerebral hemorrhage_47_BGgpt_abbreviations_EN_BG.txt	MI	Myocardial Infarction	МИ	Миокарден инфаркт
neurology_intracerebral hemorrhage_47_BGgpt_abbreviations_EN_BG.txt	BP	Blood Pressure	АН	Артериално налягане
neurology_intracerebral hemorrhage_47_BGgpt_abbreviations_EN_BG.txt	CBC	Complete Blood Count	ПКК	Пълна кръвна картина
neurology_intracerebral hemorrhage_47_BGgpt_abbreviations_EN_BG.txt	INR	International Normalized Ratio	INR	Международно нормализирано съотношение
neurology_intracerebral hemorrhage_47_BGgpt_abbreviations_EN_BG.txt	PTT	Partial Thromboplastin Time	aPTT	Активирано парциално тромбопластиново време
neurology_intracerebral hemorrhage_47_BGgpt_abbreviations_EN_BG.txt	CT	Computed Tomography	КТ	Компютърна томография
neurology_intracerebral hemorrhage_47_BGgpt_abbreviations_EN_BG.txt	EVD	External Ventricular Drain	ВВД	Външен вентрикуларен дренаж
neurology_intracerebral hemorrhage_47_BGgpt_abbreviations_EN_BG.txt	IV	Intravenous	iv. / венозно	Венозно
neurology_intracerebral hemorrhage_47_BGgpt_abbreviations_EN_BG.txt	GI	Gastrointestinal	ГИТ	Гастроинтестинален тракт
neurology_intracerebral hemorrhage_47_BGgpt_abbreviations_EN_BG.txt	mg	Milligram	mg	Милиграм
neurology_intracerebral hemorrhage_47_BGgpt_abbreviations_EN_BG.txt	kg	Kilogram	kg	Килограм
neurology_intracerebral hemorrhage_48_BGgpt_abbreviations_EN_BG.txt	CT	Computed Tomography	КТ	Компютърна томография
neurology_intracerebral hemorrhage_48_BGgpt_abbreviations_EN_BG.txt	CBC	Complete Blood Count	ПКК	Пълна кръвна картина
neurology_intracerebral hemorrhage_48_BGgpt_abbreviations_EN_BG.txt	INR	International Normalized Ratio	INR	Международен нормализиран коефициент
neurology_intracerebral hemorrhage_48_BGgpt_abbreviations_EN_BG.txt	PTT	Partial Thromboplastin Time	aPTT	Активирано парциално тромбопластиново време
neurology_intracerebral hemorrhage_48_BGgpt_abbreviations_EN_BG.txt	IV	Intravenous	i.v.	Интравенозно
neurology_intracerebral hemorrhage_48_BGgpt_abbreviations_EN_BG.txt	EVD	External Ventricular Drain	ВВД	Външен вентрикуларен дренаж
neurology_intracerebral hemorrhage_49_BGgpt_abbreviations_EN_BG.txt	BP	Blood Pressure	Артериално кръвно налягане	Кръвно налягане (standard abbreviation АН)
neurology_intracerebral hemorrhage_49_BGgpt_abbreviations_EN_BG.txt	HR	Heart Rate	Пулс	Сърдечна честота
neurology_intracerebral hemorrhage_49_BGgpt_abbreviations_EN_BG.txt	RR	Respiratory Rate	ЧД	Дихателна честота
neurology_intracerebral hemorrhage_49_BGgpt_abbreviations_EN_BG.txt	CT	Computed Tomography	КТ	Компютърна томография
neurology_intracerebral hemorrhage_49_BGgpt_abbreviations_EN_BG.txt	IV	Intravenous	IV / венозно	Венозно
neurology_intracerebral hemorrhage_49_BGgpt_abbreviations_EN_BG.txt	INR	International Normalized Ratio	INR	INR (International Normalized Ratio)
neurology_intracerebral hemorrhage_49_BGgpt_abbreviations_EN_BG.txt	PTT	Partial Thromboplastin Time	aPTT	aPTT (Activated Partial Thromboplastin Time)
neurology_intracerebral hemorrhage_49_BGgpt_abbreviations_EN_BG.txt	ICU	Intensive Care Unit	ОАИЛ / НО	Отделение за интензивно лечение / Неврохирургично отделение
neurology_intracerebral hemorrhage_49_BGgpt_abbreviations_EN_BG.txt	MRI	Magnetic Resonance Imaging	ЯМР	Ядрено-магнитен резонанс
neurology_intracerebral hemorrhage_49_BGgpt_abbreviations_EN_BG.txt	mg	milligram	мг	милиграм
neurology_intracerebral hemorrhage_49_BGgpt_abbreviations_EN_BG.txt	cm	centimeter	см	сантиметър
neurology_intracerebral hemorrhage_49_BGgpt_abbreviations_EN_BG.txt	bpm	beats per minute	уд./мин.	удара в минута
neurology_intracerebral hemorrhage_4_BGgpt_abbreviations_EN_BG.txt	BP	Blood Pressure	АН	Артериално кръвно налягане
neurology_intracerebral hemorrhage_4_BGgpt_abbreviations_EN_BG.txt	CBC	Complete Blood Count	ПКК	Пълна кръвна картина
neurology_intracerebral hemorrhage_4_BGgpt_abbreviations_EN_BG.txt	INR	International Normalized Ratio	INR	Международно нормализирано отношение
neurology_intracerebral hemorrhage_4_BGgpt_abbreviations_EN_BG.txt	CT	Computed Tomography	КТ	Компютърна томография
neurology_intracerebral hemorrhage_4_BGgpt_abbreviations_EN_BG.txt	MRI	Magnetic Resonance Imaging	ЯМР	Ядрено-магнитен резонанс
neurology_intracerebral hemorrhage_4_BGgpt_abbreviations_EN_BG.txt	ICU	Intensive Care Unit	ИО	Интензивно отделение
neurology_intracerebral hemorrhage_4_BGgpt_abbreviations_EN_BG.txt	IV	Intravenous	i.v.	Интравенозно
neurology_intracerebral hemorrhage_4_BGgpt_abbreviations_EN_BG.txt	PO	Per Os (by mouth)	p.o.	Перорално
neurology_intracerebral hemorrhage_4_BGgpt_abbreviations_EN_BG.txt	GCS	Glasgow Coma Scale	СГШ	Скала на Глазгоу
neurology_intracerebral hemorrhage_5_BGgpt_abbreviations_EN_BG.txt	MI	Myocardial Infarction	МИ	Миокарден инфаркт
neurology_intracerebral hemorrhage_5_BGgpt_abbreviations_EN_BG.txt	BP	Blood Pressure	КН	Кръвно налягане (Артериално кръвно налягане)
neurology_intracerebral hemorrhage_5_BGgpt_abbreviations_EN_BG.txt	TIA	Transient Ischemic Attack	ПИА	Преходна исхемична атака
neurology_intracerebral hemorrhage_5_BGgpt_abbreviations_EN_BG.txt	CBC	Complete Blood Count	ПКК	Пълна кръвна картина
neurology_intracerebral hemorrhage_5_BGgpt_abbreviations_EN_BG.txt	INR	International Normalized Ratio	INR	Международно нормализирано съотношение
neurology_intracerebral hemorrhage_5_BGgpt_abbreviations_EN_BG.txt	CT	Computed Tomography	КТ	Компютърна томография
neurology_intracerebral hemorrhage_5_BGgpt_abbreviations_EN_BG.txt	IV	Intravenous	в/в	венозно
neurology_intracerebral hemorrhage_5_BGgpt_abbreviations_EN_BG.txt	bpm	beats per minute	уд/мин	удара в минута
neurology_intracerebral hemorrhage_5_BGgpt_abbreviations_EN_BG.txt	GCS	Glasgow Coma Scale	ГКС	Скала на Глазгоу
neurology_intracerebral hemorrhage_5_BGgpt_abbreviations_EN_BG.txt	mg	milligram	мг	милиграм
neurology_intracerebral hemorrhage_5_BGgpt_abbreviations_EN_BG.txt	cc	cubic centimeter	см³	кубичен сантиметър
neurology_intracerebral hemorrhage_6_BGgpt_abbreviations_EN_BG.txt	ER	Emergency Room	Спешно отделение	Спешно отделение
neurology_intracerebral hemorrhage_6_BGgpt_abbreviations_EN_BG.txt	CBC	Complete Blood Count	ПКК	Пълна кръвна картина
neurology_intracerebral hemorrhage_6_BGgpt_abbreviations_EN_BG.txt	INR	International Normalized Ratio	INR	International Normalized Ratio
neurology_intracerebral hemorrhage_6_BGgpt_abbreviations_EN_BG.txt	PTT	Partial Thromboplastin Time	aPTT	Активирано парциално тромбопластиново време
neurology_intracerebral hemorrhage_6_BGgpt_abbreviations_EN_BG.txt	CT	Computed Tomography	КТ	Компютърна томография
neurology_intracerebral hemorrhage_6_BGgpt_abbreviations_EN_BG.txt	IV	Intravenous	IV	Интравенозен
neurology_intracerebral hemorrhage_6_BGgpt_abbreviations_EN_BG.txt	BP	Blood Pressure	АН	Артериално налягане
neurology_intracerebral hemorrhage_6_BGgpt_abbreviations_EN_BG.txt	mg	milligram	mg	милиграм
neurology_intracerebral hemorrhage_6_BGgpt_abbreviations_EN_BG.txt	h	hour	h	час
neurology_intracerebral hemorrhage_7_BGgpt_abbreviations_EN_BG.txt	DOB	Date of Birth	ДР	Дата на раждане
neurology_intracerebral hemorrhage_7_BGgpt_abbreviations_EN_BG.txt	MRN	Medical Record Number	ЛКН	Личен картотечен номер
neurology_intracerebral hemorrhage_7_BGgpt_abbreviations_EN_BG.txt	CT	Computed Tomography	СТ / Скенер	Скенер (often used instead of СТ)
neurology_intracerebral hemorrhage_7_BGgpt_abbreviations_EN_BG.txt	CBC	Complete Blood Count	ПКК	Пълна кръвна картина
neurology_intracerebral hemorrhage_7_BGgpt_abbreviations_EN_BG.txt	INR	International Normalized Ratio	INR	INR (often used in its English form)
neurology_intracerebral hemorrhage_7_BGgpt_abbreviations_EN_BG.txt	PTT	Partial Thromboplastin Time	aPTT	Активирано парциално тромбопластиново време
neurology_intracerebral hemorrhage_7_BGgpt_abbreviations_EN_BG.txt	MRI	Magnetic Resonance Imaging	ЯМР	Ядрено-магнитен резонанс
neurology_intracerebral hemorrhage_7_BGgpt_abbreviations_EN_BG.txt	IV	Intravenous	i.v.	Интравенозно
neurology_intracerebral hemorrhage_7_BGgpt_abbreviations_EN_BG.txt	BP	Blood Pressure	АН	Артериално налягане
neurology_intracerebral hemorrhage_7_BGgpt_abbreviations_EN_BG.txt	mg	milligram	мг	милиграм
neurology_intracerebral hemorrhage_7_BGgpt_abbreviations_EN_BG.txt	uL	microliter	μL	микролитър
neurology_intracerebral hemorrhage_7_BGgpt_abbreviations_EN_BG.txt	GI	Gastrointestinal	ГИ	Гастроинтестинален
neurology_intracerebral hemorrhage_8_BGgpt_abbreviations_EN_BG.txt	CT	Computed Tomography	КТ	Компютърна томография
neurology_intracerebral hemorrhage_8_BGgpt_abbreviations_EN_BG.txt	MRI	Magnetic Resonance Imaging	ЯМР	Ядрено-магнитен резонанс
neurology_intracerebral hemorrhage_8_BGgpt_abbreviations_EN_BG.txt	CBC	Complete Blood Count	ПКК	Пълна кръвна картина
neurology_intracerebral hemorrhage_8_BGgpt_abbreviations_EN_BG.txt	INR	International Normalized Ratio	INR	Международно нормализирано отношение
neurology_intracerebral hemorrhage_8_BGgpt_abbreviations_EN_BG.txt	PTT	Partial Thromboplastin Time	aPTT	Активирано парциално тромбопластиново време
neurology_intracerebral hemorrhage_8_BGgpt_abbreviations_EN_BG.txt	IV	Intravenous	i.v.	Интравенозно
neurology_intracerebral hemorrhage_8_BGgpt_abbreviations_EN_BG.txt	BP	Blood Pressure	КН	Кръвно налягане
neurology_intracerebral hemorrhage_8_BGgpt_abbreviations_EN_BG.txt	mg	Milligram	мг	Милиграм
neurology_intracerebral hemorrhage_8_BGgpt_abbreviations_EN_BG.txt	mm Hg	Millimeters of Mercury	mmHg	Милиметри живачен стълб
neurology_intracerebral hemorrhage_9_BGgpt_abbreviations_EN_BG.txt	BP	Blood Pressure	Артериално кръвно налягане	Кръвно налягане (standard abbreviation АН)
neurology_intracerebral hemorrhage_9_BGgpt_abbreviations_EN_BG.txt	CT	Computed Tomography	КТ	Компютърна томография
neurology_intracerebral hemorrhage_9_BGgpt_abbreviations_EN_BG.txt	CBC	Complete Blood Count	ПКК	Пълна кръвна картина
neurology_intracerebral hemorrhage_9_BGgpt_abbreviations_EN_BG.txt	INR	International Normalized Ratio	INR	INR (International Normalized Ratio)
neurology_intracerebral hemorrhage_9_BGgpt_abbreviations_EN_BG.txt	PTT	Partial Thromboplastin Time	aPTT	Активирано парциално тромбопластиново време
neurology_intracerebral hemorrhage_9_BGgpt_abbreviations_EN_BG.txt	IV	Intravenous	i.v.	Интравенозен / венозен
neurology_intracerebral hemorrhage_9_BGgpt_abbreviations_EN_BG.txt	mg	Milligram	мг	Милиграм
neurology_intracerebral hemorrhage_9_BGgpt_abbreviations_EN_BG.txt	uL	Microliter	µL	Микролитър
neurology_intracerebral hemorrhage_9_BGgpt_abbreviations_EN_BG.txt	NSAIDs	Nonsteroidal Anti-Inflammatory Drugs	НСПВС	Нестероидни противовъзпалителни средства
neurology_intracerebral hemorrhage_9_BGgpt_abbreviations_EN_BG.txt	AFib	Atrial Fibrillation	ПМ	Предсърдно мъждене
neurology_ischemic stroke_0_BGgpt_abbreviations_EN_BG.txt	NIHSS	National Institutes of Health Stroke Scale	NIHSS	Скала за оценка на тежестта на инсулта по NIH
neurology_ischemic stroke_0_BGgpt_abbreviations_EN_BG.txt	TIA	Transient Ischemic Attack	ПМИ	Преходна мозъчна исхемия
neurology_ischemic stroke_0_BGgpt_abbreviations_EN_BG.txt	CT	Computed Tomography	КТ	Компютърна томография
neurology_ischemic stroke_0_BGgpt_abbreviations_EN_BG.txt	MRI	Magnetic Resonance Imaging	МРТ	Магнитно-резонансна томография
neurology_ischemic stroke_0_BGgpt_abbreviations_EN_BG.txt	ECG	Electrocardiogram	ЕКГ	Електрокардиограма
neurology_ischemic stroke_0_BGgpt_abbreviations_EN_BG.txt	MRA	Magnetic Resonance Angiography	МРА	Магнитно-резонансна ангиография
neurology_ischemic stroke_0_BGgpt_abbreviations_EN_BG.txt	CBC	Complete Blood Count	ПКК	Пълна кръвна картина
neurology_ischemic stroke_0_BGgpt_abbreviations_EN_BG.txt	PT/PTT	Prothrombin Time/Partial Thromboplastin Time	ПВ/аПВ	Протромбиново време/активирано парциално тромбопластиново време
neurology_ischemic stroke_0_BGgpt_abbreviations_EN_BG.txt	tPA	Tissue Plasminogen Activator	tPA	Тъканен плазминогенен активатор
neurology_ischemic stroke_0_BGgpt_abbreviations_EN_BG.txt	IV	Intravenous	i.v.	Интравенозно
neurology_ischemic stroke_0_BGgpt_abbreviations_EN_BG.txt	mg/dL	Milligrams per deciliter	mg/dL	Милиграми на децилитър
neurology_ischemic stroke_0_BGgpt_abbreviations_EN_BG.txt	BID	Twice daily	2 пъти дневно	Два пъти дневно
neurology_ischemic stroke_0_BGgpt_abbreviations_EN_BG.txt	MD	Medical Doctor	д-р	Д-р
neurology_ischemic stroke_10_BGgpt_abbreviations_EN_BG.txt	DOB	Date of Birth	ДР	Дата на раждане
neurology_ischemic stroke_10_BGgpt_abbreviations_EN_BG.txt	MRN	Medical Record Number	АМБУЛАТОРЕН № / № на ЛК	Амбулаторен номер / Личен картон
neurology_ischemic stroke_10_BGgpt_abbreviations_EN_BG.txt	NIHSS	National Institutes of Health Stroke Scale	NIHSS	Национална здравна скала за инсулт
neurology_ischemic stroke_10_BGgpt_abbreviations_EN_BG.txt	CT	Computed Tomography	КТ	Компютърна томография
neurology_ischemic stroke_10_BGgpt_abbreviations_EN_BG.txt	MRI	Magnetic Resonance Imaging	ЯМР	Ядрено-магнитен резонанс
neurology_ischemic stroke_10_BGgpt_abbreviations_EN_BG.txt	MCA	Middle Cerebral Artery	СЦА	Средна мозъчна артерия
neurology_ischemic stroke_10_BGgpt_abbreviations_EN_BG.txt	IV	Intravenous	i.v. / венозно	Венозно
neurology_ischemic stroke_10_BGgpt_abbreviations_EN_BG.txt	tPA	Tissue Plasminogen Activator	rt-PA / тъканен плазминогенен активатор	Тъканен плазминогенен активатор
neurology_ischemic stroke_10_BGgpt_abbreviations_EN_BG.txt	PT	Prothrombin Time	ПТВ	Протромбиново време
neurology_ischemic stroke_10_BGgpt_abbreviations_EN_BG.txt	PTT	Partial Thromboplastin Time	аPTT / ПТТ	Активирано парциално тромбопластиново време
neurology_ischemic stroke_10_BGgpt_abbreviations_EN_BG.txt	TIA	Transient Ischemic Attack	ПМИ	Преходен мозъчен инсулт
neurology_ischemic stroke_10_BGgpt_abbreviations_EN_BG.txt	LDL	Low-Density Lipoprotein	LDL	Липопротеин с ниска плътност
neurology_ischemic stroke_10_BGgpt_abbreviations_EN_BG.txt	CBC	Complete Blood Count	ПКК	Пълна кръвна картина
neurology_ischemic stroke_11_BGgpt_abbreviations_EN_BG.txt	NIHSS	National Institutes of Health Stroke Scale	NIHSS	Национална скала за оценка на инсулт по NIH
neurology_ischemic stroke_11_BGgpt_abbreviations_EN_BG.txt	MRI	Magnetic Resonance Imaging	ЯМР	Ядрено-магнитен резонанс
neurology_ischemic stroke_11_BGgpt_abbreviations_EN_BG.txt	CT	Computed Tomography	СК	Скенер (компютърна томография)
neurology_ischemic stroke_11_BGgpt_abbreviations_EN_BG.txt	ECG	Electrocardiogram	ЕКГ	Електрокардиограма
neurology_ischemic stroke_11_BGgpt_abbreviations_EN_BG.txt	tPA	tissue Plasminogen Activator	tPA	тъканен плазминоген активатор
neurology_ischemic stroke_11_BGgpt_abbreviations_EN_BG.txt	CBC	Complete Blood Count	ПКК	Пълна кръвна картина
neurology_ischemic stroke_11_BGgpt_abbreviations_EN_BG.txt	PT/PTT	Prothrombin Time / Partial Thromboplastin Time	ПВ/аПТВ	Протромбиново време / активирано парциално тромбопластиново време
neurology_ischemic stroke_11_BGgpt_abbreviations_EN_BG.txt	IV	Intravenous	IV / i.v.	интравенозно
neurology_ischemic stroke_11_BGgpt_abbreviations_EN_BG.txt	PO	Per Os	перорално	перорално
neurology_ischemic stroke_11_BGgpt_abbreviations_EN_BG.txt	bpm	beats per minute	уд./мин	удара в минута
neurology_ischemic stroke_11_BGgpt_abbreviations_EN_BG.txt	mg/dL	milligram per deciliter	мг/дл	милиграм на децилитър
neurology_ischemic stroke_11_BGgpt_abbreviations_EN_BG.txt	mm Hg	millimeters of mercury	мм живачен стълб	милиметър живачен стълб
neurology_ischemic stroke_11_BGgpt_abbreviations_EN_BG.txt	BID	Twice Daily	2 пъти дневно	два пъти дневно
neurology_ischemic stroke_11_BGgpt_abbreviations_EN_BG.txt	QHS	Every Night	вечер	всяка вечер
neurology_ischemic stroke_12_BGgpt_abbreviations_EN_BG.txt	BP	Blood Pressure	АН	Артериално налягане
neurology_ischemic stroke_12_BGgpt_abbreviations_EN_BG.txt	NIHSS	National Institutes of Health Stroke Scale	NIHSS	Национална скала за оценка на инсулт
neurology_ischemic stroke_12_BGgpt_abbreviations_EN_BG.txt	CT	Computed Tomography	КТ	Компютърна томография
neurology_ischemic stroke_12_BGgpt_abbreviations_EN_BG.txt	MRI	Magnetic Resonance Imaging	МРТ	Магнитно-резонансна томография
neurology_ischemic stroke_12_BGgpt_abbreviations_EN_BG.txt	MCA	Middle Cerebral Artery	СМА	Средна мозъчна артерия
neurology_ischemic stroke_12_BGgpt_abbreviations_EN_BG.txt	ECG	Electrocardiogram	ЕКГ	Електрокардиограма
neurology_ischemic stroke_12_BGgpt_abbreviations_EN_BG.txt	TIA	Transient Ischemic Attack	ПИА	Преходна исхемична атака
neurology_ischemic stroke_12_BGgpt_abbreviations_EN_BG.txt	IV	Intravenous	i.v.	интравенозно
neurology_ischemic stroke_12_BGgpt_abbreviations_EN_BG.txt	bpm	beats per minute	уд./мин.	удара в минута
neurology_ischemic stroke_12_BGgpt_abbreviations_EN_BG.txt	mg	milligram	мг	милиграм
neurology_ischemic stroke_12_BGgpt_abbreviations_EN_BG.txt	kg	kilogram	кг	килограм
neurology_ischemic stroke_12_BGgpt_abbreviations_EN_BG.txt	HbA1c	Hemoglobin A1c	HbA1c	Хемоглобин A1c
neurology_ischemic stroke_12_BGgpt_abbreviations_EN_BG.txt	MI	Myocardial Infarction	МИ	Миокарден инфаркт
neurology_ischemic stroke_12_BGgpt_abbreviations_EN_BG.txt	tPA	tissue plasminogen activator	rt-PA	рекомбинантен тъканен плазминогенен активатор
neurology_ischemic stroke_13_BGgpt_abbreviations_EN_BG.txt	BP	Blood Pressure	АН	Артериално налягане
neurology_ischemic stroke_13_BGgpt_abbreviations_EN_BG.txt	HR	Heart Rate	ЧСС	Сърдечна честота
neurology_ischemic stroke_13_BGgpt_abbreviations_EN_BG.txt	Temp	Temperature	T°	Температура
neurology_ischemic stroke_13_BGgpt_abbreviations_EN_BG.txt	RR	Respiratory Rate	ДД	Дихателна честота
neurology_ischemic stroke_13_BGgpt_abbreviations_EN_BG.txt	NIHSS	National Institutes of Health Stroke Scale	NIHSS	Национална скала за оценка на тежестта на инсулт (NIHSS)
neurology_ischemic stroke_13_BGgpt_abbreviations_EN_BG.txt	CT	Computed Tomography	КТ	Компютърна томография
neurology_ischemic stroke_13_BGgpt_abbreviations_EN_BG.txt	MRI	Magnetic Resonance Imaging	ЯМР	Ядрено-магнитен резонанс
neurology_ischemic stroke_13_BGgpt_abbreviations_EN_BG.txt	ECG	Electrocardiogram	ЕКГ	Електрокардиограма
neurology_ischemic stroke_13_BGgpt_abbreviations_EN_BG.txt	CTA	Computed Tomography Angiography	КТ ангиография	Компютърно-томографска ангиография
neurology_ischemic stroke_13_BGgpt_abbreviations_EN_BG.txt	ICU	Intensive Care Unit	ИО	Интензивно отделение
neurology_ischemic stroke_13_BGgpt_abbreviations_EN_BG.txt	tPA	Tissue Plasminogen Activator	тПА	Тъканен плазминогенен активатор
neurology_ischemic stroke_13_BGgpt_abbreviations_EN_BG.txt	ER	Emergency Room	Спешно отделение	Спешно отделение
neurology_ischemic stroke_13_BGgpt_abbreviations_EN_BG.txt	TIA	Transient Ischemic Attack	ПИA	Преходна исхемична атака
neurology_ischemic stroke_14_BGgpt_abbreviations_EN_BG.txt	DOB	Date of Birth	ДР	Дата на раждане
neurology_ischemic stroke_14_BGgpt_abbreviations_EN_BG.txt	MRN	Medical Record Number	АМБУЛ	Амбулаторен номер / Медицински картон
neurology_ischemic stroke_14_BGgpt_abbreviations_EN_BG.txt	BP	Blood Pressure	АН	Артериално налягане
neurology_ischemic stroke_14_BGgpt_abbreviations_EN_BG.txt	NIHSS	National Institutes of Health Stroke Scale	NIHSS	Национална скала за оценка на тежестта на мозъчния инсулт
neurology_ischemic stroke_14_BGgpt_abbreviations_EN_BG.txt	CT	Computed Tomography	КТ	Компютърна томография
neurology_ischemic stroke_14_BGgpt_abbreviations_EN_BG.txt	MRI	Magnetic Resonance Imaging	ЯМР	Ядрено-магнитен резонанс
neurology_ischemic stroke_14_BGgpt_abbreviations_EN_BG.txt	ECG	Electrocardiogram	ЕКГ	Електрокардиограма
neurology_ischemic stroke_14_BGgpt_abbreviations_EN_BG.txt	CBC	Complete Blood Count	ПКК	Пълна кръвна картина
neurology_ischemic stroke_14_BGgpt_abbreviations_EN_BG.txt	PT	Prothrombin Time	ПВ	Протромбиново време
neurology_ischemic stroke_14_BGgpt_abbreviations_EN_BG.txt	PTT	Partial Thromboplastin Time	АПТВ	Активирано парциално тромбопластиново време
neurology_ischemic stroke_14_BGgpt_abbreviations_EN_BG.txt	tPA	Tissue Plasminogen Activator	Алтеплаза	Алтеплаза
neurology_ischemic stroke_14_BGgpt_abbreviations_EN_BG.txt	CTA	Computed Tomography Angiography	КТ ангиография	Компютърна томография ангиография
neurology_ischemic stroke_15_BGgpt_abbreviations_EN_BG.txt	NIHSS	National Institutes of Health Stroke Scale	NIHSS	Национална скала за оценка на тежестта на инсулт на Националните здравни институти (НИЗ)
neurology_ischemic stroke_15_BGgpt_abbreviations_EN_BG.txt	CT	Computed Tomography	КТ	Компютърна томография
neurology_ischemic stroke_15_BGgpt_abbreviations_EN_BG.txt	MRI	Magnetic Resonance Imaging	ЯМР	Ядрено-магнитен резонанс
neurology_ischemic stroke_15_BGgpt_abbreviations_EN_BG.txt	ECG	Electrocardiogram	ЕКГ	Електрокардиограма
neurology_ischemic stroke_15_BGgpt_abbreviations_EN_BG.txt	CBC	Complete Blood Count	ПКК	Пълна кръвна картина
neurology_ischemic stroke_15_BGgpt_abbreviations_EN_BG.txt	PT	Prothrombin Time	ПТВ	Протромбиново време
neurology_ischemic stroke_15_BGgpt_abbreviations_EN_BG.txt	PTT	Partial Thromboplastin Time	АПТВ	Активирано парциално тромбопластиново време
neurology_ischemic stroke_15_BGgpt_abbreviations_EN_BG.txt	LDL	Low-Density Lipoprotein	LDL	Липопротеин с ниска плътност
neurology_ischemic stroke_15_BGgpt_abbreviations_EN_BG.txt	tPA	Tissue Plasminogen Activator	tPA	Тъканен плазминогенен активатор
neurology_ischemic stroke_15_BGgpt_abbreviations_EN_BG.txt	IV	Intravenous	IV / в/в	Интравенозно / венозно
neurology_ischemic stroke_15_BGgpt_abbreviations_EN_BG.txt	BP	Blood Pressure	АН	Артериално налягане
neurology_ischemic stroke_15_BGgpt_abbreviations_EN_BG.txt	MRA	Magnetic Resonance Angiography	МРА	Магнитно-резонансна ангиография
neurology_ischemic stroke_15_BGgpt_abbreviations_EN_BG.txt	MD	Medical Doctor	д-р	Доктор по медицина
neurology_ischemic stroke_16_BGgpt_abbreviations_EN_BG.txt	MRN	Medical Record Number	ЛЗ №	Лекарски запис №
neurology_ischemic stroke_16_BGgpt_abbreviations_EN_BG.txt	NIHSS	National Institutes of Health Stroke Scale	NIHSS	Национална скала за инсулт
neurology_ischemic stroke_16_BGgpt_abbreviations_EN_BG.txt	CT	Computerized Tomography	КТ	Компютърна томография
neurology_ischemic stroke_16_BGgpt_abbreviations_EN_BG.txt	MRI	Magnetic Resonance Imaging	ЯМР	Ядрено-магнитен резонанс
neurology_ischemic stroke_16_BGgpt_abbreviations_EN_BG.txt	ECG	Electrocardiogram	ЕКГ	Електрокардиограма
neurology_ischemic stroke_16_BGgpt_abbreviations_EN_BG.txt	MRA	Magnetic Resonance Angiography	МРА	Магнитно-резонансна ангиография
neurology_ischemic stroke_16_BGgpt_abbreviations_EN_BG.txt	CTA	Computed Tomography Angiography	КТ-ангиография	Компютърна томография – ангиография
neurology_ischemic stroke_16_BGgpt_abbreviations_EN_BG.txt	CBC	Complete Blood Count	ПКК	Пълна кръвна картина
neurology_ischemic stroke_16_BGgpt_abbreviations_EN_BG.txt	PT/PTT	Prothrombin Time/Partial Thromboplastin Time	ПВ / аPTТ	Протромбиново време / активирано парциално тромбопластиново време
neurology_ischemic stroke_16_BGgpt_abbreviations_EN_BG.txt	HbA1C	Hemoglobin A1C	HbA1c	Гликиран хемоглобин
neurology_ischemic stroke_16_BGgpt_abbreviations_EN_BG.txt	LDL	Low-Density Lipoprotein	ЛНП	Липопротеини с ниска плътност
neurology_ischemic stroke_16_BGgpt_abbreviations_EN_BG.txt	TIA	Transient Ischemic Attack	ПИА	Преходна исхемична атака
neurology_ischemic stroke_16_BGgpt_abbreviations_EN_BG.txt	IV	Intravenous	венозно	венозно
neurology_ischemic stroke_16_BGgpt_abbreviations_EN_BG.txt	tPA	Tissue Plasminogen Activator	tPA	тъканен плазминогенен активатор
neurology_ischemic stroke_17_BGgpt_abbreviations_EN_BG.txt	MRN	Medical Record Number	МНП	Медицински номер на пациента
neurology_ischemic stroke_17_BGgpt_abbreviations_EN_BG.txt	tPA	Tissue Plasminogen Activator	АКТ	Активатор на тъканен плазминоген
neurology_ischemic stroke_17_BGgpt_abbreviations_EN_BG.txt	NIHSS	NIH Stroke Scale	НИНСИ	NIH скала за инсулт
neurology_ischemic stroke_17_BGgpt_abbreviations_EN_BG.txt	IV	Intravenous	в/в	Вътревенозно
neurology_ischemic stroke_17_BGgpt_abbreviations_EN_BG.txt	ECG	Electrocardiogram	ЕКГ	Електрокардиограма
neurology_ischemic stroke_17_BGgpt_abbreviations_EN_BG.txt	CBC	Complete Blood Count	ПКК	Пълна кръвна картина
neurology_ischemic stroke_17_BGgpt_abbreviations_EN_BG.txt	PT/PTT	Prothrombin Time/Partial Thromboplastin Time	ПВ/АЧТВ	Протромбиново време / Активирано частично тромбопластиново време
neurology_ischemic stroke_17_BGgpt_abbreviations_EN_BG.txt	LDL	Low-Density Lipoprotein	LDL	Липопротеин с ниска плътност
neurology_ischemic stroke_17_BGgpt_abbreviations_EN_BG.txt	BP	Blood Pressure	АН	Артериално налягане
neurology_ischemic stroke_18_BGgpt_abbreviations_EN_BG.txt	ED	Emergency Department	Спешно отделение	Спешно отделение
neurology_ischemic stroke_18_BGgpt_abbreviations_EN_BG.txt	CT	Computed Tomography	КТ	Компютърна томография
neurology_ischemic stroke_18_BGgpt_abbreviations_EN_BG.txt	MRI	Magnetic Resonance Imaging	ЯМР	Ядрено-магнитен резонанс
neurology_ischemic stroke_18_BGgpt_abbreviations_EN_BG.txt	ECG	Electrocardiogram	ЕКГ	Електрокардиограма
neurology_ischemic stroke_18_BGgpt_abbreviations_EN_BG.txt	NIHSS	National Institutes of Health Stroke Scale	NIHSS	Национална скала за оценка на инсулт
neurology_ischemic stroke_18_BGgpt_abbreviations_EN_BG.txt	tPA	tissue plasminogen activator	rt-PA	рекомбинантен тъканен плазминогенен активатор
neurology_ischemic stroke_18_BGgpt_abbreviations_EN_BG.txt	IV	Intravenous	в/в	венозно
neurology_ischemic stroke_18_BGgpt_abbreviations_EN_BG.txt	BP	Blood Pressure	АН	Артериално налягане
neurology_ischemic stroke_18_BGgpt_abbreviations_EN_BG.txt	HbA1C	Glycated Hemoglobin	HbA1C	Гликиран хемоглобин
neurology_ischemic stroke_18_BGgpt_abbreviations_EN_BG.txt	bpm	beats per minute	уд./мин.	удара в минута
neurology_ischemic stroke_19_BGgpt_abbreviations_EN_BG.txt	MI	Myocardial Infarction	МИ	Миокарден инфаркт
neurology_ischemic stroke_19_BGgpt_abbreviations_EN_BG.txt	NIHSS	National Institutes of Health Stroke Scale	NIHSS	Скала на Националния институт по здраве за оценка на мозъчен инсулт
neurology_ischemic stroke_19_BGgpt_abbreviations_EN_BG.txt	BP	Blood Pressure	КН	Кръвно налягане
neurology_ischemic stroke_19_BGgpt_abbreviations_EN_BG.txt	bpm	beats per minute	уд/мин	удара в минута
neurology_ischemic stroke_19_BGgpt_abbreviations_EN_BG.txt	CT	Computed Tomography	КТ	Компютърна томография
neurology_ischemic stroke_19_BGgpt_abbreviations_EN_BG.txt	MRI	Magnetic Resonance Imaging	ЯМР	Ядрено-магнитен резонанс
neurology_ischemic stroke_19_BGgpt_abbreviations_EN_BG.txt	MCA	Middle Cerebral Artery	МЦА	Средна мозъчна артерия
neurology_ischemic stroke_19_BGgpt_abbreviations_EN_BG.txt	ECG	Electrocardiogram	ЕКГ	Електрокардиограма
neurology_ischemic stroke_19_BGgpt_abbreviations_EN_BG.txt	CTA	Computed Tomography Angiography	КТА	Компютърна томографска ангиография
neurology_ischemic stroke_19_BGgpt_abbreviations_EN_BG.txt	CBC	Complete Blood Count	ПКК	Пълна кръвна картина
neurology_ischemic stroke_19_BGgpt_abbreviations_EN_BG.txt	PT	Prothrombin Time	ПВ	Протромбиново време
neurology_ischemic stroke_19_BGgpt_abbreviations_EN_BG.txt	PTT	Partial Thromboplastin Time	аPTT	Активирано парциално тромбопластиново време
neurology_ischemic stroke_19_BGgpt_abbreviations_EN_BG.txt	LDL	Low-Density Lipoprotein	LDL	Липопротеин с ниска плътност
neurology_ischemic stroke_19_BGgpt_abbreviations_EN_BG.txt	tPA	tissue Plasminogen Activator	tPA / тПА	тъканен плазминогенен активатор
neurology_ischemic stroke_19_BGgpt_abbreviations_EN_BG.txt	IV	Intravenous	IV / i.v.	интравенозно
neurology_ischemic stroke_1_BGgpt_abbreviations_EN_BG.txt	MI	Myocardial Infarction	МИ	Миокарден инфаркт
neurology_ischemic stroke_1_BGgpt_abbreviations_EN_BG.txt	BP	Blood Pressure	КН	Кръвно налягане
neurology_ischemic stroke_1_BGgpt_abbreviations_EN_BG.txt	NIHSS	National Institutes of Health Stroke Scale	NIHSS	Национална скала за оценка на инсултен дефицит
neurology_ischemic stroke_1_BGgpt_abbreviations_EN_BG.txt	tPA	tissue plasminogen activator	tPA	тъканен плазминогенен активатор
neurology_ischemic stroke_1_BGgpt_abbreviations_EN_BG.txt	IV	intravenous	и.в.	интравенозно
neurology_ischemic stroke_1_BGgpt_abbreviations_EN_BG.txt	bpm	beats per minute	уд./мин.	удара в минута
neurology_ischemic stroke_1_BGgpt_abbreviations_EN_BG.txt	mmHg	millimeters of mercury	mmHg	милиметра живачен стълб
neurology_ischemic stroke_1_BGgpt_abbreviations_EN_BG.txt	CT	Computed Tomography	КТ	Компютърна томография
neurology_ischemic stroke_1_BGgpt_abbreviations_EN_BG.txt	MRI	Magnetic Resonance Imaging	ЯМР	Ядрено-магнитен резонанс
neurology_ischemic stroke_1_BGgpt_abbreviations_EN_BG.txt	DWI	Diffusion-Weighted Imaging	ДВИ	Дифузионно-претеглено изображение
neurology_ischemic stroke_1_BGgpt_abbreviations_EN_BG.txt	ECG	Electrocardiogram	ЕКГ	Електрокардиограма
neurology_ischemic stroke_1_BGgpt_abbreviations_EN_BG.txt	CBC	Complete Blood Count	ПКК	Пълна кръвна картина
neurology_ischemic stroke_1_BGgpt_abbreviations_EN_BG.txt	PT/PTT	Prothrombin Time/Partial Thromboplastin Time	ПВ/аPTT	Протромбиново време/аPTT
neurology_ischemic stroke_1_BGgpt_abbreviations_EN_BG.txt	CTA	Computed Tomography Angiography	КТА	Компютър-томографска ангиография
neurology_ischemic stroke_1_BGgpt_abbreviations_EN_BG.txt	LDL	Low-Density Lipoprotein	LDL	Липопротеин с ниска плътност
neurology_ischemic stroke_1_BGgpt_abbreviations_EN_BG.txt	A1C	Glycated Hemoglobin	HbA1c	Гликиран хемоглобин
neurology_ischemic stroke_20_BGgpt_abbreviations_EN_BG.txt	NIHSS	National Institutes of Health Stroke Scale	NIHSS	Национална скала за оценка на инсулт
neurology_ischemic stroke_20_BGgpt_abbreviations_EN_BG.txt	CT	Computed Tomography	КТ	Компютърна томография
neurology_ischemic stroke_20_BGgpt_abbreviations_EN_BG.txt	MRI	Magnetic Resonance Imaging	ЯМР	Магнитно-резонансна томография
neurology_ischemic stroke_20_BGgpt_abbreviations_EN_BG.txt	ECG	Electrocardiogram	ЕКГ	Електрокардиограма
neurology_ischemic stroke_20_BGgpt_abbreviations_EN_BG.txt	tPA	tissue plasminogen activator	Алтеплаза	Алтеплаза
neurology_ischemic stroke_20_BGgpt_abbreviations_EN_BG.txt	IV	Intravenous	IV	Интравенозно
neurology_ischemic stroke_20_BGgpt_abbreviations_EN_BG.txt	BP	Blood Pressure	КН	Кръвно налягане
neurology_ischemic stroke_20_BGgpt_abbreviations_EN_BG.txt	CBC	Complete Blood Count	ПКК	Пълна кръвна картина
neurology_ischemic stroke_20_BGgpt_abbreviations_EN_BG.txt	PT/PTT	Prothrombin Time / Partial Thromboplastin Time	ПТВ / аПТВ	Протромбиново време / Активирано парциално тромбопластиново време
neurology_ischemic stroke_20_BGgpt_abbreviations_EN_BG.txt	A1C	Hemoglobin A1C	HbA1c	Хемоглобин А1с
neurology_ischemic stroke_20_BGgpt_abbreviations_EN_BG.txt	CTA	Computed Tomography Angiography	КТА	Компютър-томографска ангиография
neurology_ischemic stroke_21_BGgpt_abbreviations_EN_BG.txt	MRN	Medical Record Number	МРН	Медицински регистрационен номер
neurology_ischemic stroke_21_BGgpt_abbreviations_EN_BG.txt	NIHSS	National Institutes of Health Stroke Scale	NIHSS	Национална скала за оценка на инсулт по NIH
neurology_ischemic stroke_21_BGgpt_abbreviations_EN_BG.txt	BP	Blood Pressure	АН	Артериално налягане
neurology_ischemic stroke_21_BGgpt_abbreviations_EN_BG.txt	bpm	beats per minute	уд/мин	удара в минута
neurology_ischemic stroke_21_BGgpt_abbreviations_EN_BG.txt	CT	Computed Tomography	КТ	Компютърна томография
neurology_ischemic stroke_21_BGgpt_abbreviations_EN_BG.txt	MRI	Magnetic Resonance Imaging	ЯМР	Ядрено-магнитен резонанс
neurology_ischemic stroke_21_BGgpt_abbreviations_EN_BG.txt	MCA	Middle Cerebral Artery	СМА	Средна мозъчна артерия
neurology_ischemic stroke_21_BGgpt_abbreviations_EN_BG.txt	ECG	Electrocardiogram	ЕКГ	Електрокардиограма
neurology_ischemic stroke_21_BGgpt_abbreviations_EN_BG.txt	LV	Left Ventricle	ЛК	Лява камера
neurology_ischemic stroke_21_BGgpt_abbreviations_EN_BG.txt	CTA	Computed Tomography Angiography	КТ ангиография	Компютърна томография ангиография
neurology_ischemic stroke_21_BGgpt_abbreviations_EN_BG.txt	CBC	Complete Blood Count	ПКК	Пълна кръвна картина
neurology_ischemic stroke_21_BGgpt_abbreviations_EN_BG.txt	PT/PTT	Prothrombin Time / Partial Thromboplastin Time	ПВ / аПВ	Протромбиново време / активирано парциално тромбопластиново време
neurology_ischemic stroke_21_BGgpt_abbreviations_EN_BG.txt	HbA1c	Hemoglobin A1c	HbA1c	Гликиран хемоглобин
neurology_ischemic stroke_21_BGgpt_abbreviations_EN_BG.txt	IV	Intravenous	i.v.	Интравенозно
neurology_ischemic stroke_21_BGgpt_abbreviations_EN_BG.txt	tPA	Tissue Plasminogen Activator	tPA	Тъканен плазминогенен активатор
neurology_ischemic stroke_22_BGgpt_abbreviations_EN_BG.txt	NIHSS	National Institutes of Health Stroke Scale	NIHSS	Национална скала за оценка на инсулт (NIHSS)
neurology_ischemic stroke_22_BGgpt_abbreviations_EN_BG.txt	CTA	Computed Tomography Angiography	CTA	Компютърна томографска ангиография (КТА)
neurology_ischemic stroke_22_BGgpt_abbreviations_EN_BG.txt	ECG	Electrocardiogram	ЕКГ	Електрокардиограма
neurology_ischemic stroke_22_BGgpt_abbreviations_EN_BG.txt	CT	Computed Tomography	КТ	Компютърна томография
neurology_ischemic stroke_22_BGgpt_abbreviations_EN_BG.txt	MRI	Magnetic Resonance Imaging	ЯМР	Ядрено-магнитен резонанс
neurology_ischemic stroke_22_BGgpt_abbreviations_EN_BG.txt	tPA	Tissue Plasminogen Activator	tPA	Тъканен плазминогенен активатор (tPA)
neurology_ischemic stroke_22_BGgpt_abbreviations_EN_BG.txt	PT/PTT	Prothrombin Time/Partial Thromboplastin Time	PT/PTT	Протромбиново време/Парциално тромбопластиново време
neurology_ischemic stroke_22_BGgpt_abbreviations_EN_BG.txt	bpm	beats per minute	уд./мин	удара в минута
neurology_ischemic stroke_22_BGgpt_abbreviations_EN_BG.txt	mg	milligram	мг	милиграм
neurology_ischemic stroke_22_BGgpt_abbreviations_EN_BG.txt	kg	kilogram	кг	килограм
neurology_ischemic stroke_22_BGgpt_abbreviations_EN_BG.txt	IV	intravenous	i.v.	интравенозно
neurology_ischemic stroke_22_BGgpt_abbreviations_EN_BG.txt	CBC	Complete Blood Count	ПКК	Пълна кръвна картина
neurology_ischemic stroke_22_BGgpt_abbreviations_EN_BG.txt	A1C	Hemoglobin A1C	HbA1c	Гликиран хемоглобин
neurology_ischemic stroke_22_BGgpt_abbreviations_EN_BG.txt	BP	Blood Pressure	Артериално налягане	Кръвно налягане (standard abbreviation АН)
neurology_ischemic stroke_22_BGgpt_abbreviations_EN_BG.txt	mmHg	millimeters of mercury	mmHg	милиметра живачен стълб
neurology_ischemic stroke_23_BGgpt_abbreviations_EN_BG.txt	BP	Blood Pressure	АН	Артериално налягане
neurology_ischemic stroke_23_BGgpt_abbreviations_EN_BG.txt	CT	Computed Tomography	КТ	Компютърна томография
neurology_ischemic stroke_23_BGgpt_abbreviations_EN_BG.txt	TIA	Transient Ischemic Attack	ПИА	Преходна исхемична атака
neurology_ischemic stroke_23_BGgpt_abbreviations_EN_BG.txt	MRI	Magnetic Resonance Imaging	МР	Магнитен резонанс
neurology_ischemic stroke_23_BGgpt_abbreviations_EN_BG.txt	tPA	tissue plasminogen activator	rt-PA	рекомбинантен тъканен плазминогенен активатор
neurology_ischemic stroke_23_BGgpt_abbreviations_EN_BG.txt	ECG	Electrocardiogram	ЕКГ	Електрокардиограма
neurology_ischemic stroke_23_BGgpt_abbreviations_EN_BG.txt	NIHSS	NIH Stroke Scale	Шкала на NIH	Шкала на NIH за оценка на инсулт
neurology_ischemic stroke_23_BGgpt_abbreviations_EN_BG.txt	CTA	Computed Tomography Angiography	КТ ангиография	Компютърна томография ангиография
neurology_ischemic stroke_23_BGgpt_abbreviations_EN_BG.txt	MI	Myocardial Infarction	МИ	Миокарден инфаркт
neurology_ischemic stroke_23_BGgpt_abbreviations_EN_BG.txt	HbA1c	Hemoglobin A1C	HbA1c	Гликиран хемоглобин
neurology_ischemic stroke_24_BGgpt_abbreviations_EN_BG.txt	MI	Myocardial Infarction	МИ	Миокарден инфаркт
neurology_ischemic stroke_24_BGgpt_abbreviations_EN_BG.txt	BP	Blood Pressure	АН	Артериално налягане
neurology_ischemic stroke_24_BGgpt_abbreviations_EN_BG.txt	NIHSS	NIH Stroke Scale	NIHSS	Национална скала за оценка на инсулт
neurology_ischemic stroke_24_BGgpt_abbreviations_EN_BG.txt	CT	Computed Tomography	КТ	Компютърна томография
neurology_ischemic stroke_24_BGgpt_abbreviations_EN_BG.txt	MRI	Magnetic Resonance Imaging	ЯМР	Ядрено-магнитен резонанс
neurology_ischemic stroke_24_BGgpt_abbreviations_EN_BG.txt	tPA	Tissue Plasminogen Activator	tPA	Тъканен плазминогенен активатор
neurology_ischemic stroke_24_BGgpt_abbreviations_EN_BG.txt	ECG	Electrocardiogram	ЕКГ	Електрокардиограма
neurology_ischemic stroke_24_BGgpt_abbreviations_EN_BG.txt	CBC	Complete Blood Count	ПКК	Пълна кръвна картина
neurology_ischemic stroke_24_BGgpt_abbreviations_EN_BG.txt	PT	Prothrombin Time	ПВ	Протромбиново време
neurology_ischemic stroke_24_BGgpt_abbreviations_EN_BG.txt	PTT	Partial Thromboplastin Time	аПТВ	Активирано парциално тромбопластиново време
neurology_ischemic stroke_24_BGgpt_abbreviations_EN_BG.txt	HbA1C	Hemoglobin A1C	HbA1C	Гликиран хемоглобин
neurology_ischemic stroke_24_BGgpt_abbreviations_EN_BG.txt	CTA	Computed Tomography Angiography	КТА	Компютър-томографска ангиография
neurology_ischemic stroke_24_BGgpt_abbreviations_EN_BG.txt	IV	Intravenous	i.v.	Интравенозно
neurology_ischemic stroke_24_BGgpt_abbreviations_EN_BG.txt	MCA	Middle Cerebral Artery	СЦА	Средна мозъчна артерия
neurology_ischemic stroke_24_BGgpt_abbreviations_EN_BG.txt	RN	Registered Nurse	м.с.	Медицинска сестра
neurology_ischemic stroke_24_BGgpt_abbreviations_EN_BG.txt	MD	Doctor of Medicine	д-р	Доктор по медицина
neurology_ischemic stroke_25_BGgpt_abbreviations_EN_BG.txt	CT	Computed Tomography	КТ	Компютърна томография
neurology_ischemic stroke_25_BGgpt_abbreviations_EN_BG.txt	MRI	Magnetic Resonance Imaging	МРТ	Магнитно-резонансна томография
neurology_ischemic stroke_25_BGgpt_abbreviations_EN_BG.txt	NIHSS	National Institute of Health Stroke Scale	NIHSS	Национална скала за оценка на инсултен дефицит
neurology_ischemic stroke_25_BGgpt_abbreviations_EN_BG.txt	CBC	Complete Blood Count	ПКК	Пълна кръвна картина
neurology_ischemic stroke_25_BGgpt_abbreviations_EN_BG.txt	PT	Prothrombin Time	ПВ	Протромбиново време
neurology_ischemic stroke_25_BGgpt_abbreviations_EN_BG.txt	PTT	Partial Thromboplastin Time	аПТВ	Активирано парциално тромбопластиново време
neurology_ischemic stroke_25_BGgpt_abbreviations_EN_BG.txt	tPA	Tissue Plasminogen Activator	tPA	Тъканен плазминогенен активатор
neurology_ischemic stroke_25_BGgpt_abbreviations_EN_BG.txt	BP	Blood Pressure	КН	Кръвно налягане
neurology_ischemic stroke_25_BGgpt_abbreviations_EN_BG.txt	bpm	beats per minute	уд./мин.	удара в минута
neurology_ischemic stroke_25_BGgpt_abbreviations_EN_BG.txt	ECG	Electrocardiogram	ЕКГ	Електрокардиограма
neurology_ischemic stroke_25_BGgpt_abbreviations_EN_BG.txt	mg/dL	Milligrams per deciliter	mg/dL	Милиграми на децилитър
neurology_ischemic stroke_26_BGgpt_abbreviations_EN_BG.txt	ED	Emergency Department	СПО	Спешно отделение
neurology_ischemic stroke_26_BGgpt_abbreviations_EN_BG.txt	NIHSS	National Institutes of Health Stroke Scale	NIHSS	Национална скала за оценка на инсулт (NIHSS)
neurology_ischemic stroke_26_BGgpt_abbreviations_EN_BG.txt	CT	Computed Tomography	КТ	Компютърна томография
neurology_ischemic stroke_26_BGgpt_abbreviations_EN_BG.txt	MRI	Magnetic Resonance Imaging	ЯМР	Ядрено-магнитен резонанс
neurology_ischemic stroke_26_BGgpt_abbreviations_EN_BG.txt	MCA	Middle Cerebral Artery	СМА	Средна мозъчна артерия
neurology_ischemic stroke_26_BGgpt_abbreviations_EN_BG.txt	tPA	Tissue Plasminogen Activator	тПА	Тъканен плазминогенен активатор
neurology_ischemic stroke_26_BGgpt_abbreviations_EN_BG.txt	IV	Intravenous	IV / венозно	Венозно
neurology_ischemic stroke_26_BGgpt_abbreviations_EN_BG.txt	BP	Blood Pressure	АН / КН	Артериално налягане / Кръвно налягане
neurology_ischemic stroke_26_BGgpt_abbreviations_EN_BG.txt	bpm	beats per minute	уд./мин	удара в минута
neurology_ischemic stroke_26_BGgpt_abbreviations_EN_BG.txt	CBC	Complete Blood Count	ПКК	Пълна кръвна картина
neurology_ischemic stroke_26_BGgpt_abbreviations_EN_BG.txt	PT/PTT	Prothrombin Time / Partial Thromboplastin Time	ПВ / аПВ	Протромбиново време / активирано парциално тромбопластиново време
neurology_ischemic stroke_26_BGgpt_abbreviations_EN_BG.txt	ECG	Electrocardiogram	ЕКГ	Електрокардиограма
neurology_ischemic stroke_26_BGgpt_abbreviations_EN_BG.txt	LDL	Low-Density Lipoprotein	LDL	Липопротеин с ниска плътност
neurology_ischemic stroke_26_BGgpt_abbreviations_EN_BG.txt	HbA1c	Hemoglobin A1C	HbA1c	Гликиран хемоглобин
neurology_ischemic stroke_27_BGgpt_abbreviations_EN_BG.txt	MI	Myocardial Infarction	МИ	Миокарден инфаркт
neurology_ischemic stroke_27_BGgpt_abbreviations_EN_BG.txt	BP	Blood Pressure	КН	Кръвно налягане
neurology_ischemic stroke_27_BGgpt_abbreviations_EN_BG.txt	bpm	beats per minute	уд./мин	удара в минута
neurology_ischemic stroke_27_BGgpt_abbreviations_EN_BG.txt	NIHSS	National Institutes of Health Stroke Scale	NIHSS	Национална скала за оценка на инсулт
neurology_ischemic stroke_27_BGgpt_abbreviations_EN_BG.txt	CT	Computer Tomography	СТ	Скенер, компютърна томография
neurology_ischemic stroke_27_BGgpt_abbreviations_EN_BG.txt	MRI	Magnetic Resonance Imaging	ЯМР	Ядрено-магнитен резонанс
neurology_ischemic stroke_27_BGgpt_abbreviations_EN_BG.txt	ECG	Electrocardiogram	ЕКГ	Електрокардиограма
neurology_ischemic stroke_27_BGgpt_abbreviations_EN_BG.txt	CTA	Computed Tomography Angiography	КТ ангиография	Компютърна томография с контраст на съдове
neurology_ischemic stroke_27_BGgpt_abbreviations_EN_BG.txt	CBC	Complete Blood Count	ПКК	Пълна кръвна картина
neurology_ischemic stroke_27_BGgpt_abbreviations_EN_BG.txt	PT	Prothrombin Time	ПВ	Протромбиново време
neurology_ischemic stroke_27_BGgpt_abbreviations_EN_BG.txt	PTT	Partial Thromboplastin Time	АПТВ	Активирано парциално тромбопластиново време
neurology_ischemic stroke_27_BGgpt_abbreviations_EN_BG.txt	tPA	Tissue Plasminogen Activator	tPA	Тъканен плазминогенен активатор
neurology_ischemic stroke_27_BGgpt_abbreviations_EN_BG.txt	IV	Intravenous	в/в	венозно
neurology_ischemic stroke_27_BGgpt_abbreviations_EN_BG.txt	qd	once daily	1 път дневно	веднъж дневно
neurology_ischemic stroke_27_BGgpt_abbreviations_EN_BG.txt	bid	twice daily	2 пъти дневно	два пъти дневно
neurology_ischemic stroke_28_BGgpt_abbreviations_EN_BG.txt	DOB	Date of Birth	Дата на раждане	Дата на раждане
neurology_ischemic stroke_28_BGgpt_abbreviations_EN_BG.txt	MRN	Medical Record Number	№ на досие	Номер на досие
neurology_ischemic stroke_28_BGgpt_abbreviations_EN_BG.txt	BP	Blood Pressure	Кръвно налягане	Кръвно налягане (standard abbreviation АН)
neurology_ischemic stroke_28_BGgpt_abbreviations_EN_BG.txt	NIHSS	National Institutes of Health Stroke Scale	Национална скала за инсулт (NIHSS)	Национална скала за инсулт
neurology_ischemic stroke_28_BGgpt_abbreviations_EN_BG.txt	tPA	Tissue Plasminogen Activator	rtPA	Рекомбинантен тъканен плазминогенен активатор
neurology_ischemic stroke_28_BGgpt_abbreviations_EN_BG.txt	ECG	Electrocardiogram	ЕКГ	Електрокардиограма
neurology_ischemic stroke_28_BGgpt_abbreviations_EN_BG.txt	CBC	Complete Blood Count	ПКК	Пълна кръвна картина
neurology_ischemic stroke_28_BGgpt_abbreviations_EN_BG.txt	PT/PTT	Prothrombin Time / Partial Thromboplastin Time	ПТВ / аПТВ	Протромбиново време / активирано парциално тромбопластиново време
neurology_ischemic stroke_28_BGgpt_abbreviations_EN_BG.txt	MRA	Magnetic Resonance Angiography	МРА	Магнитно-резонансна ангиография
neurology_ischemic stroke_28_BGgpt_abbreviations_EN_BG.txt	IV	Intravenous	в/в	Вътревенозно
neurology_ischemic stroke_28_BGgpt_abbreviations_EN_BG.txt	bpm	beats per minute	уд/мин	удара в минута
neurology_ischemic stroke_28_BGgpt_abbreviations_EN_BG.txt	mg/dl	milligrams per deciliter	мг/дл	милиграма на децилитър
neurology_ischemic stroke_29_BGgpt_abbreviations_EN_BG.txt	NIHSS	National Institutes of Health Stroke Scale	NIHSS	Национална скала за оценка на инсулт (NIHSS)
neurology_ischemic stroke_29_BGgpt_abbreviations_EN_BG.txt	tPA	recombinant tissue plasminogen activator	rt-PA	Рекомбинантен тъканен плазминогенен активатор (rt-PA)
neurology_ischemic stroke_29_BGgpt_abbreviations_EN_BG.txt	ECG	Electrocardiogram	ЕКГ	Електрокардиограма (ЕКГ)
neurology_ischemic stroke_29_BGgpt_abbreviations_EN_BG.txt	CTA	Computed Tomography Angiography	КТА	Компютър-томографска ангиография (КТА)
neurology_ischemic stroke_29_BGgpt_abbreviations_EN_BG.txt	MRA	Magnetic Resonance Angiography	МРА	Магнитно-резонансна ангиография (МРА)
neurology_ischemic stroke_29_BGgpt_abbreviations_EN_BG.txt	CBC	Complete Blood Count	ПКК	Пълна кръвна картина (ПКК)
neurology_ischemic stroke_29_BGgpt_abbreviations_EN_BG.txt	PT	Prothrombin Time	ПВ	Протромбиново време (ПВ)
neurology_ischemic stroke_29_BGgpt_abbreviations_EN_BG.txt	PTT	Partial Thromboplastin Time	АПТВ	Активирано парциално тромбопластиново време (АПТВ)
neurology_ischemic stroke_29_BGgpt_abbreviations_EN_BG.txt	HbA1C	Hemoglobin A1C	HbA1c	Гликиран хемоглобин (HbA1c)
neurology_ischemic stroke_29_BGgpt_abbreviations_EN_BG.txt	TIA	Transient Ischemic Attack	ПИА	Преходна исхемична атака (ПИА)
neurology_ischemic stroke_2_BGgpt_abbreviations_EN_BG.txt	BP	Blood Pressure	АН	Артериално кръвно налягане
neurology_ischemic stroke_2_BGgpt_abbreviations_EN_BG.txt	bpm	beats per minute	уд./мин.	удара в минута
neurology_ischemic stroke_2_BGgpt_abbreviations_EN_BG.txt	mg/dL	milligrams per deciliter	мг/дл	милиграма на децилитър
neurology_ischemic stroke_2_BGgpt_abbreviations_EN_BG.txt	NIHSS	National Institutes of Health Stroke Scale	NIHSS	Национална скала за оценка на инсулт по NIH
neurology_ischemic stroke_2_BGgpt_abbreviations_EN_BG.txt	MCA	Middle Cerebral Artery	СМА	Средна мозъчна артерия
neurology_ischemic stroke_2_BGgpt_abbreviations_EN_BG.txt	ECG	Electrocardiogram	ЕКГ	Електрокардиограма
neurology_ischemic stroke_2_BGgpt_abbreviations_EN_BG.txt	CBC	Complete Blood Count	ПКК	Пълна кръвна картина
neurology_ischemic stroke_2_BGgpt_abbreviations_EN_BG.txt	PT/PTT	Prothrombin Time / Partial Thromboplastin Time	ПВ / аПВВ	Протромбиново време / активирано парциално тромбопластиново време
neurology_ischemic stroke_2_BGgpt_abbreviations_EN_BG.txt	tPA	tissue Plasminogen Activator	tPA	тъканен плазминогенен активатор
neurology_ischemic stroke_2_BGgpt_abbreviations_EN_BG.txt	HbA1C	Hemoglobin A1C	HbA1c	Гликиран хемоглобин
neurology_ischemic stroke_30_BGgpt_abbreviations_EN_BG.txt	NIHSS	National Institutes of Health Stroke Scale	NIHSS	Национална скала за оценка на инсулт на Националните здравни институти
neurology_ischemic stroke_30_BGgpt_abbreviations_EN_BG.txt	MRI	Magnetic Resonance Imaging	ЯМР	Ядрено-магнитен резонанс
neurology_ischemic stroke_30_BGgpt_abbreviations_EN_BG.txt	CT	Computed Tomography	КТ	Компютърна томография
neurology_ischemic stroke_30_BGgpt_abbreviations_EN_BG.txt	PT	Prothrombin Time	PT	Протромбиново време
neurology_ischemic stroke_30_BGgpt_abbreviations_EN_BG.txt	PTT	Partial Thromboplastin Time	PTT	Време на частична тромбопластинова активация
neurology_ischemic stroke_30_BGgpt_abbreviations_EN_BG.txt	tPA	tissue-type Plasminogen Activator	tPA	Тъканен плазминогенен активатор
neurology_ischemic stroke_30_BGgpt_abbreviations_EN_BG.txt	ECG	Electrocardiogram	ЕКГ	Електрокардиограма
neurology_ischemic stroke_30_BGgpt_abbreviations_EN_BG.txt	BP	Blood Pressure	Кръвно налягане	Кръвно налягане (standard abbreviation АН)
neurology_ischemic stroke_30_BGgpt_abbreviations_EN_BG.txt	IV	Intravenous	IV	Интравенозен
neurology_ischemic stroke_30_BGgpt_abbreviations_EN_BG.txt	CBC	Complete Blood Count	ПКК	Пълна кръвна картина
neurology_ischemic stroke_30_BGgpt_abbreviations_EN_BG.txt	A1C	Hemoglobin A1C	HbA1c	Гликиран хемоглобин
neurology_ischemic stroke_30_BGgpt_abbreviations_EN_BG.txt	MRA	Magnetic Resonance Angiography	ЯМРА	Ядрено-магнитен ангиографски резонанс
neurology_ischemic stroke_31_BGgpt_abbreviations_EN_BG.txt	MI	Myocardial Infarction	МИ	Миокарден инфаркт
neurology_ischemic stroke_31_BGgpt_abbreviations_EN_BG.txt	BP	Blood Pressure	КН	Кръвно налягане
neurology_ischemic stroke_31_BGgpt_abbreviations_EN_BG.txt	bpm	beats per minute	уд/мин	удара в минута
neurology_ischemic stroke_31_BGgpt_abbreviations_EN_BG.txt	NIHSS	National Institutes of Health Stroke Scale	NIHSS	Национална скала за оценка на инсулт
neurology_ischemic stroke_31_BGgpt_abbreviations_EN_BG.txt	CT	Computed Tomography	СТ	Скенер / Компютърна томография
neurology_ischemic stroke_31_BGgpt_abbreviations_EN_BG.txt	MRI	Magnetic Resonance Imaging	ЯМР	Ядрено-магнитен резонанс
neurology_ischemic stroke_31_BGgpt_abbreviations_EN_BG.txt	ECG	Electrocardiogram	ЕКГ	Електрокардиограма
neurology_ischemic stroke_31_BGgpt_abbreviations_EN_BG.txt	CBC	Complete Blood Count	ПКК	Пълна кръвна картина
neurology_ischemic stroke_31_BGgpt_abbreviations_EN_BG.txt	PT	Prothrombin Time	ПВ	Протромбиново време
neurology_ischemic stroke_31_BGgpt_abbreviations_EN_BG.txt	PTT	Partial Thromboplastin Time	аПТВ	Активирано парциално тромбопластиново време
neurology_ischemic stroke_31_BGgpt_abbreviations_EN_BG.txt	CTA	Computed Tomography Angiography	КТ-ангиография	Компютърна томографска ангиография
neurology_ischemic stroke_31_BGgpt_abbreviations_EN_BG.txt	tPA	Tissue Plasminogen Activator	tPA	Тъканен плазминогенен активатор
neurology_ischemic stroke_31_BGgpt_abbreviations_EN_BG.txt	IV	Intravenous	в/в	венозно
neurology_ischemic stroke_31_BGgpt_abbreviations_EN_BG.txt	mg/kg	milligrams per kilogram	мг/кг	милиграми на килограм
neurology_ischemic stroke_32_BGgpt_abbreviations_EN_BG.txt	NIHSS	National Institutes of Health Stroke Scale	NIHSS	Национална скала за оценка на инсулт
neurology_ischemic stroke_32_BGgpt_abbreviations_EN_BG.txt	tPA	Tissue Plasminogen Activator	tPA	Активатор на тъканен плазминоген
neurology_ischemic stroke_32_BGgpt_abbreviations_EN_BG.txt	IV	Intravenous	i.v.	Интравенозен
neurology_ischemic stroke_32_BGgpt_abbreviations_EN_BG.txt	MRI	Magnetic Resonance Imaging	ЯМР	Ядрено-магнитен резонанс
neurology_ischemic stroke_32_BGgpt_abbreviations_EN_BG.txt	CT	Computed Tomography	КТ	Компютърна томография
neurology_ischemic stroke_32_BGgpt_abbreviations_EN_BG.txt	ECG	Electrocardiogram	ЕКГ	Електрокардиограма
neurology_ischemic stroke_32_BGgpt_abbreviations_EN_BG.txt	MRA	Magnetic Resonance Angiography	МРА	Магнитно-резонансна ангиография
neurology_ischemic stroke_32_BGgpt_abbreviations_EN_BG.txt	CBC	Complete Blood Count	ПКК	Пълна кръвна картина
neurology_ischemic stroke_32_BGgpt_abbreviations_EN_BG.txt	PT/PTT	Prothrombin Time / Partial Thromboplastin Time	ПВ / АЧТВ	Протромбиново време / Активирано частично тромбопластиново време
neurology_ischemic stroke_32_BGgpt_abbreviations_EN_BG.txt	MCA	Middle Cerebral Artery	СМА	Средна мозъчна артерия
neurology_ischemic stroke_32_BGgpt_abbreviations_EN_BG.txt	bpm	beats per minute	уд/мин	удара в минута
neurology_ischemic stroke_32_BGgpt_abbreviations_EN_BG.txt	mmHg	millimeters of mercury	mmHg	милиметра живачен стълб
neurology_ischemic stroke_32_BGgpt_abbreviations_EN_BG.txt	mg/dL	milligrams per deciliter	mg/dL	милиграма на децилитър
neurology_ischemic stroke_33_BGgpt_abbreviations_EN_BG.txt	NIHSS	National Institutes of Health Stroke Scale	NIHSS	Национална скала за оценка на инсулт на Националния здравен институт
neurology_ischemic stroke_33_BGgpt_abbreviations_EN_BG.txt	CT	Computed Tomography	КТ	Компютърна томография
neurology_ischemic stroke_33_BGgpt_abbreviations_EN_BG.txt	MRI	Magnetic Resonance Imaging	МРТ	Магнитно-резонансна томография
neurology_ischemic stroke_33_BGgpt_abbreviations_EN_BG.txt	ECG	Electrocardiogram	ЕКГ	Електрокардиограма
neurology_ischemic stroke_33_BGgpt_abbreviations_EN_BG.txt	CTA	Computed Tomography Angiography	КТА	Компютърна томографска ангиография
neurology_ischemic stroke_33_BGgpt_abbreviations_EN_BG.txt	CBC	Complete Blood Count	ПКК	Пълна кръвна картина
neurology_ischemic stroke_33_BGgpt_abbreviations_EN_BG.txt	PT/PTT	Prothrombin Time/Partial Thromboplastin Time	ПВ/аПТВ	Протромбиново време/Активирано парциално тромбопластиново време
neurology_ischemic stroke_33_BGgpt_abbreviations_EN_BG.txt	tPA	Tissue Plasminogen Activator	tPA	Тъканен плазминогенен активатор
neurology_ischemic stroke_34_BGgpt_abbreviations_EN_BG.txt	DOB	Date of Birth	ДР	Дата на раждане
neurology_ischemic stroke_34_BGgpt_abbreviations_EN_BG.txt	MRN	Medical Record Number	ЛН	Личен номер (на пациента)
neurology_ischemic stroke_34_BGgpt_abbreviations_EN_BG.txt	CT	Computed Tomography	КТ	Компютърна томография
neurology_ischemic stroke_34_BGgpt_abbreviations_EN_BG.txt	MRI	Magnetic Resonance Imaging	МРТ	Магнитно-резонансна томография
neurology_ischemic stroke_34_BGgpt_abbreviations_EN_BG.txt	tPA	Tissue Plasminogen Activator	tPA	Тъканен плазминогенен активатор
neurology_ischemic stroke_34_BGgpt_abbreviations_EN_BG.txt	MCA	Middle Cerebral Artery	СМА	Средна мозъчна артерия
neurology_ischemic stroke_34_BGgpt_abbreviations_EN_BG.txt	bpm	beats per minute	уд/мин	удара в минута
neurology_ischemic stroke_34_BGgpt_abbreviations_EN_BG.txt	NIHSS	National Institutes of Health Stroke Scale	NIHSS	Национална скала за оценка на инсулт
neurology_ischemic stroke_34_BGgpt_abbreviations_EN_BG.txt	CBC	Complete Blood Count	ПКК	Пълна кръвна картина
neurology_ischemic stroke_34_BGgpt_abbreviations_EN_BG.txt	PT/PTT	Prothrombin Time / Partial Thromboplastin Time	ПВ/аПТВ	Протромбиново време / аPТТ
neurology_ischemic stroke_34_BGgpt_abbreviations_EN_BG.txt	TIA	Transient Ischemic Attack	ПИА	Преходна исхемична атака
neurology_ischemic stroke_35_BGgpt_abbreviations_EN_BG.txt	BP	Blood Pressure	АН	Артериално налягане
neurology_ischemic stroke_35_BGgpt_abbreviations_EN_BG.txt	HR	Heart Rate	ЧСС	Сърдечна честота
neurology_ischemic stroke_35_BGgpt_abbreviations_EN_BG.txt	RR	Respiratory Rate	ДЧ	Дихателна честота
neurology_ischemic stroke_35_BGgpt_abbreviations_EN_BG.txt	CT	Computed Tomography	КТ	Компютърна томография
neurology_ischemic stroke_35_BGgpt_abbreviations_EN_BG.txt	MRI	Magnetic Resonance Imaging	ЯМР	Ядрено-магнитен резонанс
neurology_ischemic stroke_35_BGgpt_abbreviations_EN_BG.txt	MCA	Middle Cerebral Artery	СМА	Средна мозъчна артерия
neurology_ischemic stroke_35_BGgpt_abbreviations_EN_BG.txt	ECG	Electrocardiogram	ЕКГ	Електрокардиограма
neurology_ischemic stroke_35_BGgpt_abbreviations_EN_BG.txt	MRA	Magnetic Resonance Angiography	МРА	Магнитно-резонансна ангиография
neurology_ischemic stroke_35_BGgpt_abbreviations_EN_BG.txt	CBC	Complete Blood Count	ПКК	Пълна кръвна картина
neurology_ischemic stroke_35_BGgpt_abbreviations_EN_BG.txt	PT	Prothrombin Time	ПВ	Протромбиново време
neurology_ischemic stroke_35_BGgpt_abbreviations_EN_BG.txt	PTT	Partial Thromboplastin Time	аПТВ	Активирано парциално тромбопластиново време
neurology_ischemic stroke_35_BGgpt_abbreviations_EN_BG.txt	ICU	Intensive Care Unit	ОИЛ	Отделение за интензивно лечение
neurology_ischemic stroke_35_BGgpt_abbreviations_EN_BG.txt	NIHSS	National Institutes of Health Stroke Scale	NIHSS	Национална скала за оценка на инсулт
neurology_ischemic stroke_35_BGgpt_abbreviations_EN_BG.txt	tPA	Tissue Plasminogen Activator	tPA	Тъканен плазминогенен активатор
neurology_ischemic stroke_35_BGgpt_abbreviations_EN_BG.txt	IV	Intravenous	IV	Интравенозно
neurology_ischemic stroke_36_BGgpt_abbreviations_EN_BG.txt	NIHSS	National Institutes of Health Stroke Scale	NIHSS	Скала на Националните здравни институти за оценка тежестта на инсулт
neurology_ischemic stroke_36_BGgpt_abbreviations_EN_BG.txt	tPA	Tissue Plasminogen Activator	rt-PA	Рекомбинантен тъканен плазминогенен активатор
neurology_ischemic stroke_36_BGgpt_abbreviations_EN_BG.txt	ECG	Electrocardiogram	ЕКГ	Електрокардиограма
neurology_ischemic stroke_36_BGgpt_abbreviations_EN_BG.txt	CBC	Complete Blood Count	ПКК	Пълна кръвна картина
neurology_ischemic stroke_36_BGgpt_abbreviations_EN_BG.txt	HbA1C	Hemoglobin A1C	HbA1c	Гликиран хемоглобин
neurology_ischemic stroke_36_BGgpt_abbreviations_EN_BG.txt	CTA	Computed Tomography Angiography	КТА	Компютърна томографска ангиография
neurology_ischemic stroke_36_BGgpt_abbreviations_EN_BG.txt	IV	Intravenous	i.v.	Интравенозно
neurology_ischemic stroke_36_BGgpt_abbreviations_EN_BG.txt	mg	milligram	mg	милиграм
neurology_ischemic stroke_36_BGgpt_abbreviations_EN_BG.txt	kg	kilogram	kg	килограм
neurology_ischemic stroke_36_BGgpt_abbreviations_EN_BG.txt	TIA	Transient Ischemic Attack	ПМИ	Преходна мозъчна исхемия
neurology_ischemic stroke_37_BGgpt_abbreviations_EN_BG.txt	MRN	Medical Record Number	ЛП	Личен пациентски номер
neurology_ischemic stroke_37_BGgpt_abbreviations_EN_BG.txt	DOB	Date of Birth	ДР	Дата на раждане
neurology_ischemic stroke_37_BGgpt_abbreviations_EN_BG.txt	BP	Blood Pressure	АН	Артериално налягане
neurology_ischemic stroke_37_BGgpt_abbreviations_EN_BG.txt	NIHSS	National Institutes of Health Stroke Scale	NIHSS	Национална скала за оценка на инсулт
neurology_ischemic stroke_37_BGgpt_abbreviations_EN_BG.txt	CT	Computed Tomography	КТ	Компютърна томография
neurology_ischemic stroke_37_BGgpt_abbreviations_EN_BG.txt	MRI	Magnetic Resonance Imaging	МРТ	Магнитно-резонансна томография
neurology_ischemic stroke_37_BGgpt_abbreviations_EN_BG.txt	ECG	Electrocardiogram	ЕКГ	Електрокардиограма
neurology_ischemic stroke_37_BGgpt_abbreviations_EN_BG.txt	CTA	CT Angiography	КТА	Компютърна томографска ангиография
neurology_ischemic stroke_37_BGgpt_abbreviations_EN_BG.txt	tPA	Tissue Plasminogen Activator	rt-PA	Рекомбинантен тъканен плазминогенен активатор
neurology_ischemic stroke_37_BGgpt_abbreviations_EN_BG.txt	PO	Per Os (by mouth)	перорално	перорално (през устата)
neurology_ischemic stroke_37_BGgpt_abbreviations_EN_BG.txt	IV	Intravenous	и.в.	интравенозно
neurology_ischemic stroke_37_BGgpt_abbreviations_EN_BG.txt	bpm	Beats Per Minute	уд./мин	удара в минута
neurology_ischemic stroke_37_BGgpt_abbreviations_EN_BG.txt	mg/dL	Milligrams per Deciliter	mg/dL	милиграма на децилитър
neurology_ischemic stroke_37_BGgpt_abbreviations_EN_BG.txt	HDL	High-Density Lipoprotein	HDL	Липопротеин с висока плътност
neurology_ischemic stroke_37_BGgpt_abbreviations_EN_BG.txt	LDL	Low-Density Lipoprotein	LDL	Липопротеин с ниска плътност
neurology_ischemic stroke_37_BGgpt_abbreviations_EN_BG.txt	HbA1C	Hemoglobin A1C	HbA1c	Хемоглобин A1c
neurology_ischemic stroke_37_BGgpt_abbreviations_EN_BG.txt	EMS	Emergency Medical Services	ЦСМП	Център за спешна медицинска помощ
neurology_ischemic stroke_38_BGgpt_abbreviations_EN_BG.txt	BP	Blood Pressure	АН	Артериално налягане
neurology_ischemic stroke_38_BGgpt_abbreviations_EN_BG.txt	NIHSS	National Institutes of Health Stroke Scale	NIHSS	Национална скала за оценка на инсулт (NIHSS)
neurology_ischemic stroke_38_BGgpt_abbreviations_EN_BG.txt	MCA	Middle Cerebral Artery	СМА	Средна мозъчна артерия
neurology_ischemic stroke_38_BGgpt_abbreviations_EN_BG.txt	CT	Computed Tomography	КТ	Компютърна томография
neurology_ischemic stroke_38_BGgpt_abbreviations_EN_BG.txt	MRI	Magnetic Resonance Imaging	ЯМР	Ядрено-магнитен резонанс
neurology_ischemic stroke_38_BGgpt_abbreviations_EN_BG.txt	ECG	Electrocardiogram	ЕКГ	Електрокардиограма
neurology_ischemic stroke_38_BGgpt_abbreviations_EN_BG.txt	tPA	Tissue Plasminogen Activator	tPA	Тъканен плазминогенен активатор
neurology_ischemic stroke_38_BGgpt_abbreviations_EN_BG.txt	CBC	Complete Blood Count	ПКК	Пълна кръвна картина
neurology_ischemic stroke_38_BGgpt_abbreviations_EN_BG.txt	PT/PTT	Prothrombin Time / Partial Thromboplastin Time	ПВ/аПТВ	Протромбиново време / активирано парциално тромбопластиново време
neurology_ischemic stroke_39_BGgpt_abbreviations_EN_BG.txt	MRN	Medical Record Number	№ на медицинско досие	Номер на медицинско досие
neurology_ischemic stroke_39_BGgpt_abbreviations_EN_BG.txt	DOB	Date of Birth	ДР	Дата на раждане
neurology_ischemic stroke_39_BGgpt_abbreviations_EN_BG.txt	NIHSS	National Institutes of Health Stroke Scale	NIHSS	Национална скала за оценка на инсулт
neurology_ischemic stroke_39_BGgpt_abbreviations_EN_BG.txt	CT	Computed Tomography	КТ	Компютърна томография
neurology_ischemic stroke_39_BGgpt_abbreviations_EN_BG.txt	MRI	Magnetic Resonance Imaging	ЯМР	Ядрено-магнитен резонанс
neurology_ischemic stroke_39_BGgpt_abbreviations_EN_BG.txt	ECG	Electrocardiogram	ЕКГ	Електрокардиограма
neurology_ischemic stroke_39_BGgpt_abbreviations_EN_BG.txt	tPA	Tissue Plasminogen Activator	tPA	Тъканен плазминогенен активатор
neurology_ischemic stroke_39_BGgpt_abbreviations_EN_BG.txt	IV	Intravenous	IV/във вената	Интравенозен
neurology_ischemic stroke_39_BGgpt_abbreviations_EN_BG.txt	mg	Milligram	мг	Милиграм
neurology_ischemic stroke_39_BGgpt_abbreviations_EN_BG.txt	kg	Kilogram	кг	Килограм
neurology_ischemic stroke_39_BGgpt_abbreviations_EN_BG.txt	CBC	Complete Blood Count	ПКК	Пълна кръвна картина
neurology_ischemic stroke_39_BGgpt_abbreviations_EN_BG.txt	LDL	Low-Density Lipoprotein	LDL	Липопротеини с ниска плътност
neurology_ischemic stroke_39_BGgpt_abbreviations_EN_BG.txt	PT	Prothrombin Time	ПВ	Протромбиново време
neurology_ischemic stroke_39_BGgpt_abbreviations_EN_BG.txt	PTT	Partial Thromboplastin Time	аПТВ	Активирано парциално тромбопластиново време
neurology_ischemic stroke_39_BGgpt_abbreviations_EN_BG.txt	HbA1C	Hemoglobin A1C	HbA1c	Гликиран хемоглобин
neurology_ischemic stroke_3_BGgpt_abbreviations_EN_BG.txt	NIHSS	National Institutes of Health Stroke Scale	NIHSS	Национална скала за оценка на инсулт (NIHSS)
neurology_ischemic stroke_3_BGgpt_abbreviations_EN_BG.txt	tPA	tissue plasminogen activator	rtPA	рекомбинантен тъканен плазминогенен активатор
neurology_ischemic stroke_3_BGgpt_abbreviations_EN_BG.txt	ECG	Electrocardiogram	ЕКГ	Електрокардиограма
neurology_ischemic stroke_3_BGgpt_abbreviations_EN_BG.txt	CTA	CT Angiography	КАТ ангиография	Компютър-томографска ангиография
neurology_ischemic stroke_3_BGgpt_abbreviations_EN_BG.txt	IV	Intravenous	IV	Интравенозен
neurology_ischemic stroke_3_BGgpt_abbreviations_EN_BG.txt	mg	Milligram	mg	Милиграм
neurology_ischemic stroke_3_BGgpt_abbreviations_EN_BG.txt	mg/dL	Milligram per deciliter	mg/dL	Милиграм на децилитър
neurology_ischemic stroke_3_BGgpt_abbreviations_EN_BG.txt	PT/PTT	Prothrombin Time / Partial Thromboplastin Time	ПВ / аPTT	Протромбиново време / Активирано парциално тромбопластиново време
neurology_ischemic stroke_3_BGgpt_abbreviations_EN_BG.txt	HbA1c	Hemoglobin A1C	HbA1c	Гликиран хемоглобин
neurology_ischemic stroke_40_BGgpt_abbreviations_EN_BG.txt	Mr.	Mister	Г-н	Господин
neurology_ischemic stroke_40_BGgpt_abbreviations_EN_BG.txt	NIHSS	National Institutes of Health Stroke Scale	NIHSS	Национална скала за оценка на инсулт
neurology_ischemic stroke_40_BGgpt_abbreviations_EN_BG.txt	CT	Computed Tomography	КТ	Компютърна томография
neurology_ischemic stroke_40_BGgpt_abbreviations_EN_BG.txt	MRI	Magnetic Resonance Imaging	МРТ	Магнитно-резонансна томография
neurology_ischemic stroke_40_BGgpt_abbreviations_EN_BG.txt	tPA	Tissue Plasminogen Activator	rt-PA / Алтеплаза	Рекомбинантен тъканен плазминогенен активатор
neurology_ischemic stroke_40_BGgpt_abbreviations_EN_BG.txt	ECG	Electrocardiogram	ЕКГ	Електрокардиограма
neurology_ischemic stroke_40_BGgpt_abbreviations_EN_BG.txt	MRA	Magnetic Resonance Angiography	МРА	Магнитно-резонансна ангиография
neurology_ischemic stroke_40_BGgpt_abbreviations_EN_BG.txt	CBC	Complete Blood Count	ПКК	Пълна кръвна картина
neurology_ischemic stroke_40_BGgpt_abbreviations_EN_BG.txt	PT/PTT	Prothrombin Time / Partial Thromboplastin Time	Протромбиново време / АПТВ	Протромбиново време / Активирано парциално тромбопластиново време
neurology_ischemic stroke_40_BGgpt_abbreviations_EN_BG.txt	IV	Intravenous	i.v.	Интравенозно
neurology_ischemic stroke_40_BGgpt_abbreviations_EN_BG.txt	BP	Blood Pressure	АН	Артериално налягане
neurology_ischemic stroke_41_BGgpt_abbreviations_EN_BG.txt	NIHSS	National Institutes of Health Stroke Scale	NIHSS	Национална институция за здравни науки (NIH) инсултен скален (Stroke Scale)
neurology_ischemic stroke_41_BGgpt_abbreviations_EN_BG.txt	tPA	Tissue plasminogen activator	rt-PA	Рекомбинантен тъканен плазминогенен активатор (r-tPA)
neurology_ischemic stroke_41_BGgpt_abbreviations_EN_BG.txt	CTA	Computed Tomography Angiography	CTA	Компютърна томографска ангиография (CTA)
neurology_ischemic stroke_41_BGgpt_abbreviations_EN_BG.txt	ECG	Electrocardiogram	ЕКГ	Електрокардиограма
neurology_ischemic stroke_41_BGgpt_abbreviations_EN_BG.txt	MRI	Magnetic Resonance Imaging	ЯМР	Ядрено-магнитен резонанс
neurology_ischemic stroke_41_BGgpt_abbreviations_EN_BG.txt	CT	Computed Tomography	СТ	Скенер на компютърна томография
neurology_ischemic stroke_41_BGgpt_abbreviations_EN_BG.txt	CBC	Complete Blood Count	ПКК	Пълна кръвна картина
neurology_ischemic stroke_41_BGgpt_abbreviations_EN_BG.txt	PT	Prothrombin Time	PT	Протромбиново време
neurology_ischemic stroke_41_BGgpt_abbreviations_EN_BG.txt	PTT	Partial Thromboplastin Time	aPTT	Активирано парциално тромбопластиново време
neurology_ischemic stroke_42_BGgpt_abbreviations_EN_BG.txt	NIHSS	National Institutes of Health Stroke Scale	NIHSS	Национална скала за оценка на инсулт по NIH (Национален институт по здравеопазване)
neurology_ischemic stroke_42_BGgpt_abbreviations_EN_BG.txt	CT	Computed Tomography	КТ	Компютърна томография
neurology_ischemic stroke_42_BGgpt_abbreviations_EN_BG.txt	MRI	Magnetic Resonance Imaging	ЯМР	Ядрено-магнитен резонанс
neurology_ischemic stroke_42_BGgpt_abbreviations_EN_BG.txt	DWI	Diffusion-Weighted Imaging	ДВИ	Дифузионно-претеглено изображение
neurology_ischemic stroke_42_BGgpt_abbreviations_EN_BG.txt	MCA	Middle Cerebral Artery	СМА	Средна мозъчна артерия
neurology_ischemic stroke_42_BGgpt_abbreviations_EN_BG.txt	ECG	Electrocardiogram	ЕКГ	Електрокардиограма
neurology_ischemic stroke_42_BGgpt_abbreviations_EN_BG.txt	MRA	Magnetic Resonance Angiography	МРА	Магнитно-резонансна ангиография
neurology_ischemic stroke_42_BGgpt_abbreviations_EN_BG.txt	IV	Intravenous	В/в	Венозно / Вътревенозно
neurology_ischemic stroke_42_BGgpt_abbreviations_EN_BG.txt	tPA	Tissue Plasminogen Activator	тПА	Тъканен плазминогенен активатор
neurology_ischemic stroke_42_BGgpt_abbreviations_EN_BG.txt	BP	Blood Pressure	КН	Кръвно налягане (АН is also used)
neurology_ischemic stroke_42_BGgpt_abbreviations_EN_BG.txt	CBC	Complete Blood Count	ПКК	Пълна кръвна картина
neurology_ischemic stroke_42_BGgpt_abbreviations_EN_BG.txt	PT	Prothrombin Time	ПТВ	Протромбиново време
neurology_ischemic stroke_42_BGgpt_abbreviations_EN_BG.txt	PTT	Partial Thromboplastin Time	АЧТВ	Активирано частично тромбопластиново време
neurology_ischemic stroke_42_BGgpt_abbreviations_EN_BG.txt	MRI Brain with DWI	Magnetic Resonance Imaging Brain with Diffusion-Weighted Imaging	ЯМР на мозък с ДВИ	Ядрено-магнитен резонанс на мозък с дифузионно-претеглено изображение
neurology_ischemic stroke_43_BGgpt_abbreviations_EN_BG.txt	MRN	Medical Record Number	МРН	Медицински регистрационен номер
neurology_ischemic stroke_43_BGgpt_abbreviations_EN_BG.txt	BP	Blood Pressure	АН	Артериално налягане
neurology_ischemic stroke_43_BGgpt_abbreviations_EN_BG.txt	bpm	beats per minute	уд./мин	удара в минута
neurology_ischemic stroke_43_BGgpt_abbreviations_EN_BG.txt	mg/dL	milligrams per deciliter	мг/дл	милиграма на децилитър
neurology_ischemic stroke_43_BGgpt_abbreviations_EN_BG.txt	CT	Computed Tomography	КТ	Компютърна томография
neurology_ischemic stroke_43_BGgpt_abbreviations_EN_BG.txt	MRI	Magnetic Resonance Imaging	ЯМР	Магнитно-резонансна томография
neurology_ischemic stroke_43_BGgpt_abbreviations_EN_BG.txt	NIHSS	National Institutes of Health Stroke Scale	NIHSS	Национална скала за оценка на инсулт (NIHSS)
neurology_ischemic stroke_43_BGgpt_abbreviations_EN_BG.txt	ECG	Electrocardiogram	ЕКГ	Електрокардиограма
neurology_ischemic stroke_43_BGgpt_abbreviations_EN_BG.txt	tPA	tissue plasminogen activator	rt-PA	рекомбинантен тъканен плазминогенен активатор
neurology_ischemic stroke_43_BGgpt_abbreviations_EN_BG.txt	CTA	Computed Tomography Angiography	КТА	Компютърна томографска ангиография
neurology_ischemic stroke_43_BGgpt_abbreviations_EN_BG.txt	HbA1c	Hemoglobin A1c	HbA1c	Гликиран хемоглобин
neurology_ischemic stroke_43_BGgpt_abbreviations_EN_BG.txt	LDL	Low-Density Lipoprotein	ЛНП	Липопротеини с ниска плътност
neurology_ischemic stroke_44_BGgpt_abbreviations_EN_BG.txt	MI	Myocardial Infarction	МИ	Миокарден инфаркт
neurology_ischemic stroke_44_BGgpt_abbreviations_EN_BG.txt	BP	Blood Pressure	АН	Артериално налягане
neurology_ischemic stroke_44_BGgpt_abbreviations_EN_BG.txt	NIHSS	National Institutes of Health Stroke Scale	NIHSS	Национална скала за оценка на инсулт по NIH
neurology_ischemic stroke_44_BGgpt_abbreviations_EN_BG.txt	CT	Computerized Tomography	КТ	Компютърна томография
neurology_ischemic stroke_44_BGgpt_abbreviations_EN_BG.txt	MRI	Magnetic Resonance Imaging	ЯМР	Ядрено-магнитен резонанс
neurology_ischemic stroke_44_BGgpt_abbreviations_EN_BG.txt	tPA	tissue plasminogen activator	tkPA	тъканен плазминогенен активатор
neurology_ischemic stroke_44_BGgpt_abbreviations_EN_BG.txt	IV	intravenous	интрaвенозно	интравенозно
neurology_ischemic stroke_44_BGgpt_abbreviations_EN_BG.txt	CBC	Complete Blood Count	ПКК	Пълна кръвна картина
neurology_ischemic stroke_44_BGgpt_abbreviations_EN_BG.txt	PT/PTT	Prothrombin Time/Partial Thromboplastin Time	PT/аPTT	Протромбиново време / активирано парциално тромбопластиново време
neurology_ischemic stroke_44_BGgpt_abbreviations_EN_BG.txt	MCA	Middle Cerebral Artery	MCA	Средна мозъчна артерия
neurology_ischemic stroke_44_BGgpt_abbreviations_EN_BG.txt	ECG	Electrocardiogram	ЕКГ	Електрокардиограма
neurology_ischemic stroke_45_BGgpt_abbreviations_EN_BG.txt	MI	Myocardial Infarction	МИ	Миокарден инфаркт
neurology_ischemic stroke_45_BGgpt_abbreviations_EN_BG.txt	BP	Blood Pressure	КН	Кръвно налягане
neurology_ischemic stroke_45_BGgpt_abbreviations_EN_BG.txt	ECG	Electrocardiogram	ЕКГ	Електрокардиограма
neurology_ischemic stroke_45_BGgpt_abbreviations_EN_BG.txt	CT	Computed Tomography	КТ	Компютърна томография
neurology_ischemic stroke_45_BGgpt_abbreviations_EN_BG.txt	MRI	Magnetic Resonance Imaging	ЯМР	Ядрено-магнитен резонанс
neurology_ischemic stroke_45_BGgpt_abbreviations_EN_BG.txt	MRA	Magnetic Resonance Angiography	ЯМРА	Ядрено-магнитен резонанс ангиография
neurology_ischemic stroke_45_BGgpt_abbreviations_EN_BG.txt	NIHSS	National Institutes of Health Stroke Scale	NIHSS	Национална скала за оценка на инсулт по NIH
neurology_ischemic stroke_45_BGgpt_abbreviations_EN_BG.txt	IV	Intravenous	в/в	"Венозен (съкращение за ""интравенозен"")"
neurology_ischemic stroke_45_BGgpt_abbreviations_EN_BG.txt	tPA	Tissue Plasminogen Activator	-	Тъканен плазминогенен активатор
neurology_ischemic stroke_45_BGgpt_abbreviations_EN_BG.txt	MCA	Middle Cerebral Artery	МСА	Средна мозъчна артерия
neurology_ischemic stroke_45_BGgpt_abbreviations_EN_BG.txt	PT/PTT	Prothrombin time/Partial Thromboplastin Time	ПВ/аПВ	Протромбиново време / активирано парциално тромбопластиново време
neurology_ischemic stroke_45_BGgpt_abbreviations_EN_BG.txt	CBC	Complete Blood Count	ПКК	Пълна кръвна картина
neurology_ischemic stroke_45_BGgpt_abbreviations_EN_BG.txt	bpm	beats per minute	уд/мин	удара в минута
neurology_ischemic stroke_45_BGgpt_abbreviations_EN_BG.txt	mmHg	millimeters of mercury	mmHg	милиметра живачен стълб (същото съкращение се използва и на български)
neurology_ischemic stroke_45_BGgpt_abbreviations_EN_BG.txt	MD	Medical Doctor	д-р	доктор
neurology_ischemic stroke_46_BGgpt_abbreviations_EN_BG.txt	DOB	Date of Birth	ДР	Дата на раждане
neurology_ischemic stroke_46_BGgpt_abbreviations_EN_BG.txt	MRN	Medical Record Number	№ на мед. досие	Номер на медицинско досие
neurology_ischemic stroke_46_BGgpt_abbreviations_EN_BG.txt	BP	Blood Pressure	КН	Кръвно налягане (Arterial Blood Pressure - АН is also acceptable but КН is more common in clinical notes)
neurology_ischemic stroke_46_BGgpt_abbreviations_EN_BG.txt	CT	Computed Tomography	СТ	Скенер / Скенерна томография (КТ is also acceptable but СТ is more common in clinical notes)
neurology_ischemic stroke_46_BGgpt_abbreviations_EN_BG.txt	MRI	Magnetic Resonance Imaging	ЯМР	Ядрено-магнитен резонанс
neurology_ischemic stroke_46_BGgpt_abbreviations_EN_BG.txt	NIHSS	National Institutes of Health Stroke Scale	Скала на NIH	Скала на Националния институт по здраве за оценка на инсулт
neurology_ischemic stroke_46_BGgpt_abbreviations_EN_BG.txt	tPA	Tissue Plasminogen Activator	tPA	Тъканен плазминогенен активатор
neurology_ischemic stroke_46_BGgpt_abbreviations_EN_BG.txt	CTA	CT Angiography	КТ-ангиография	Компютър-томографска ангиография
neurology_ischemic stroke_46_BGgpt_abbreviations_EN_BG.txt	ECG	Electrocardiogram	ЕКГ	Електрокардиограма
neurology_ischemic stroke_46_BGgpt_abbreviations_EN_BG.txt	CBC	Complete Blood Count	ПКК	Пълна кръвна картина
neurology_ischemic stroke_46_BGgpt_abbreviations_EN_BG.txt	PT	Prothrombin Time	ПВ	Протромбиново време
neurology_ischemic stroke_46_BGgpt_abbreviations_EN_BG.txt	PTT	Partial Thromboplastin Time	АПТВ	Активирано парциално тромбопластиново време
neurology_ischemic stroke_46_BGgpt_abbreviations_EN_BG.txt	HbA1c	Glycated Hemoglobin	HbA1c	Гликиран хемоглобин
neurology_ischemic stroke_47_BGgpt_abbreviations_EN_BG.txt	MI	Myocardial Infarction	МИ	Миокарден инфаркт
neurology_ischemic stroke_47_BGgpt_abbreviations_EN_BG.txt	BP	Blood Pressure	АН	Артериално налягане
neurology_ischemic stroke_47_BGgpt_abbreviations_EN_BG.txt	NIHSS	National Institutes of Health Stroke Scale	NIHSS	Национална скала за оценка на инсулт
neurology_ischemic stroke_47_BGgpt_abbreviations_EN_BG.txt	tPA	Tissue Plasminogen Activator	tPA	Тъканен плазминогенен активатор
neurology_ischemic stroke_47_BGgpt_abbreviations_EN_BG.txt	ECG	Electrocardiogram	ЕКГ	Електрокардиограма
neurology_ischemic stroke_47_BGgpt_abbreviations_EN_BG.txt	CT	Computed Tomography	КТ	Компютърна томография
neurology_ischemic stroke_47_BGgpt_abbreviations_EN_BG.txt	MRI	Magnetic Resonance Imaging	ЯМР	Ядрено-магнитен резонанс
neurology_ischemic stroke_47_BGgpt_abbreviations_EN_BG.txt	CBC	Complete Blood Count	ПКК	Пълна кръвна картина
neurology_ischemic stroke_47_BGgpt_abbreviations_EN_BG.txt	PT	Prothrombin Time	ПВ	Протромбиново време
neurology_ischemic stroke_47_BGgpt_abbreviations_EN_BG.txt	PTT	Partial Thromboplastin Time	аПТВ	Активирано парциално тромбопластиново време
neurology_ischemic stroke_47_BGgpt_abbreviations_EN_BG.txt	HbA1C	Hemoglobin A1C	HbA1c	Гликиран хемоглобин
neurology_ischemic stroke_47_BGgpt_abbreviations_EN_BG.txt	CTA	Computed Tomography Angiography	КТА	Компютър-томографска ангиография
neurology_ischemic stroke_48_BGgpt_abbreviations_EN_BG.txt	MRN	Medical Record Number	ЛЗ	Личен здравен номер
neurology_ischemic stroke_48_BGgpt_abbreviations_EN_BG.txt	NIHSS	National Institutes of Health Stroke Scale	NIHSS	NIHSS
neurology_ischemic stroke_48_BGgpt_abbreviations_EN_BG.txt	CT	Computed Tomography	КТ	Компютърна томография
neurology_ischemic stroke_48_BGgpt_abbreviations_EN_BG.txt	MRI	Magnetic Resonance Imaging	ЯМР	Ядрено-магнитен резонанс
neurology_ischemic stroke_48_BGgpt_abbreviations_EN_BG.txt	ECG	Electrocardiogram	ЕКГ	Електрокардиограма
neurology_ischemic stroke_48_BGgpt_abbreviations_EN_BG.txt	CBC	Complete Blood Count	ПКК	Пълна кръвна картина
neurology_ischemic stroke_48_BGgpt_abbreviations_EN_BG.txt	PT	Prothrombin Time	ПТ	Протромбиново време
neurology_ischemic stroke_48_BGgpt_abbreviations_EN_BG.txt	PTT	Partial Thromboplastin Time	аПТВ	Активирано парциално тромбопластиново време
neurology_ischemic stroke_48_BGgpt_abbreviations_EN_BG.txt	tPA	Tissue plasminogen activator	tPA	tPA
neurology_ischemic stroke_48_BGgpt_abbreviations_EN_BG.txt	IV	Intravenous	i.v.	Интравенозно
neurology_ischemic stroke_48_BGgpt_abbreviations_EN_BG.txt	MRA	Magnetic Resonance Angiography	МРА	Магнитно-резонансна ангиография
neurology_ischemic stroke_48_BGgpt_abbreviations_EN_BG.txt	CTA	Computed Tomography Angiography	КТА	Компютърна томографска ангиография
neurology_ischemic stroke_48_BGgpt_abbreviations_EN_BG.txt	MD	Doctor of Medicine	Д-р	Доктор
neurology_ischemic stroke_49_BGgpt_abbreviations_EN_BG.txt	ED	Emergency Department	Спешно отделение	Спешно отделение
neurology_ischemic stroke_49_BGgpt_abbreviations_EN_BG.txt	EMS	Emergency Medical Services	Спешна медицинска помощ	Спешна медицинска помощ
neurology_ischemic stroke_49_BGgpt_abbreviations_EN_BG.txt	NIHSS	National Institutes of Health Stroke Scale	NIHSS	Национална скала за оценка на инсулт на Институтите по здравеопазване
neurology_ischemic stroke_49_BGgpt_abbreviations_EN_BG.txt	CT	Computed Tomography	КТ	Компютърна томография
neurology_ischemic stroke_49_BGgpt_abbreviations_EN_BG.txt	MRI	Magnetic Resonance Imaging	ЯМР	Ядрено-магнитен резонанс
neurology_ischemic stroke_49_BGgpt_abbreviations_EN_BG.txt	DWI	Diffusion-Weighted Imaging	ДВИ	Дифузионно-претеглена образна диагностика
neurology_ischemic stroke_49_BGgpt_abbreviations_EN_BG.txt	tPA	recombinant tissue plasminogen activator	rt-PA	Рекомбинантен тъканен плазминогенен активатор
neurology_ischemic stroke_49_BGgpt_abbreviations_EN_BG.txt	IV	Intravenous	IV	Интравенозно
neurology_ischemic stroke_49_BGgpt_abbreviations_EN_BG.txt	BP	Blood Pressure	АН	Артериално налягане
neurology_ischemic stroke_49_BGgpt_abbreviations_EN_BG.txt	TIA	Transient Ischemic Attack	ПИА	Преходна исхемична атака
neurology_ischemic stroke_49_BGgpt_abbreviations_EN_BG.txt	MCA	Middle Cerebral Artery	СМА	Средна мозъчна артерия
neurology_ischemic stroke_49_BGgpt_abbreviations_EN_BG.txt	LDL	Low-Density Lipoprotein	LDL	Липопротеин с ниска плътност
neurology_ischemic stroke_4_BGgpt_abbreviations_EN_BG.txt	NIHSS	National Institutes of Health Stroke Scale	NIHSS	Национална скала за оценка на инсулт
neurology_ischemic stroke_4_BGgpt_abbreviations_EN_BG.txt	CT	Computed Tomography	КТ	Компютърна томография
neurology_ischemic stroke_4_BGgpt_abbreviations_EN_BG.txt	MRI	Magnetic Resonance Imaging	ЯМР	Ядрено-магнитен резонанс
neurology_ischemic stroke_4_BGgpt_abbreviations_EN_BG.txt	MCA	Middle Cerebral Artery	СМА	Средна мозъчна артерия
neurology_ischemic stroke_4_BGgpt_abbreviations_EN_BG.txt	IV	Intravenous	i.v. / i/v	Интравенозен
neurology_ischemic stroke_4_BGgpt_abbreviations_EN_BG.txt	tPA	Tissue Plasminogen Activator	тПА	Тъканен плазминогенен активатор
neurology_ischemic stroke_4_BGgpt_abbreviations_EN_BG.txt	CBC	Complete Blood Count	ПКК	Пълна кръвна картина
neurology_ischemic stroke_4_BGgpt_abbreviations_EN_BG.txt	PT	Prothrombin Time	ПВ	Протромбиново време
neurology_ischemic stroke_4_BGgpt_abbreviations_EN_BG.txt	PTT	Partial Thromboplastin Time	аПТВ	Активирано парциално тромбопластиново време
neurology_ischemic stroke_4_BGgpt_abbreviations_EN_BG.txt	LDL	Low-Density Lipoprotein	LDL	Липопротеини с ниска плътност
neurology_ischemic stroke_4_BGgpt_abbreviations_EN_BG.txt	АСК	Ацетилсалицилова киселина	ASA	Aspirin
neurology_ischemic stroke_4_BGgpt_abbreviations_EN_BG.txt	ЯМР	Ядрено-магнитен резонанс	MRI	Magnetic Resonance Imaging
neurology_ischemic stroke_5_BGgpt_abbreviations_EN_BG.txt	NIHSS	National Institutes of Health Stroke Scale	NIHSS	Национална скала за оценка на инсулт (NIHSS)
neurology_ischemic stroke_5_BGgpt_abbreviations_EN_BG.txt	BP	Blood Pressure	АН	Артериално налягане
neurology_ischemic stroke_5_BGgpt_abbreviations_EN_BG.txt	bpm	beats per minute	уд./мин	удара в минута
neurology_ischemic stroke_5_BGgpt_abbreviations_EN_BG.txt	CT	Computed Tomography	КТ	Компютърна томография
neurology_ischemic stroke_5_BGgpt_abbreviations_EN_BG.txt	MRI	Magnetic Resonance Imaging	ЯМР	Ядрено-магнитен резонанс
neurology_ischemic stroke_5_BGgpt_abbreviations_EN_BG.txt	MRA	Magnetic Resonance Angiography	МРА	Магнитно-резонансна ангиография
neurology_ischemic stroke_5_BGgpt_abbreviations_EN_BG.txt	CBC	Complete Blood Count	ПКК	Пълна кръвна картина
neurology_ischemic stroke_5_BGgpt_abbreviations_EN_BG.txt	PT/PTT	Prothrombin Time / Partial Thromboplastin Time	ПТВ / аПТВ	Протромбиново време / Активирано парциално тромбопластиново време
neurology_ischemic stroke_5_BGgpt_abbreviations_EN_BG.txt	tPA	tissue plasminogen activator	tPA	тъканен плазминогенен активатор
neurology_ischemic stroke_5_BGgpt_abbreviations_EN_BG.txt	ECG	Electrocardiogram	ЕКГ	Електрокардиограма
neurology_ischemic stroke_5_BGgpt_abbreviations_EN_BG.txt	HR	Heart Rate	ЧСС	Честота на сърдечните съкращения
neurology_ischemic stroke_6_BGgpt_abbreviations_EN_BG.txt	MRN	Medical Record Number	МРН	Медицински регистрационен номер
neurology_ischemic stroke_6_BGgpt_abbreviations_EN_BG.txt	DOB	Date of Birth	ДР	Дата на раждане
neurology_ischemic stroke_6_BGgpt_abbreviations_EN_BG.txt	NIHSS	National Institutes of Health Stroke Scale	NIHSS	Национална скала за оценка на инсулт по NIH
neurology_ischemic stroke_6_BGgpt_abbreviations_EN_BG.txt	CT	Computed Tomography	КТ	Компютърна томография
neurology_ischemic stroke_6_BGgpt_abbreviations_EN_BG.txt	MRI	Magnetic Resonance Imaging	ЯМР	Магнитно-резонансна томография
neurology_ischemic stroke_6_BGgpt_abbreviations_EN_BG.txt	MCA	Middle Cerebral Artery	СМА	Средна мозъчна артерия
neurology_ischemic stroke_6_BGgpt_abbreviations_EN_BG.txt	ECG	Electrocardiogram	ЕКГ	Електрокардиограма
neurology_ischemic stroke_6_BGgpt_abbreviations_EN_BG.txt	IV	Intravenous	IV	Интравенозно
neurology_ischemic stroke_6_BGgpt_abbreviations_EN_BG.txt	tPA	Tissue Plasminogen Activator	rt-PA	Рекомбинантен тъканен плазминогенен активатор
neurology_ischemic stroke_6_BGgpt_abbreviations_EN_BG.txt	CBC	Complete Blood Count	ПКК	Пълна кръвна картина
neurology_ischemic stroke_6_BGgpt_abbreviations_EN_BG.txt	PT/PTT	Prothrombin Time/Partial Thromboplastin Time	ПВ/аПВВ	Протромбиново време / Активирано парциално тромбопластиново време
neurology_ischemic stroke_6_BGgpt_abbreviations_EN_BG.txt	A1C	Hemoglobin A1C	HbA1c	Гликиран хемоглобин
neurology_ischemic stroke_6_BGgpt_abbreviations_EN_BG.txt	CTA	Computed Tomography Angiography	КТА	Компютърна томографска ангиография
neurology_ischemic stroke_7_BGgpt_abbreviations_EN_BG.txt	NIHSS	National Institutes of Health Stroke Scale	NIHSS	Национална скала за оценка на инсулт по NIH
neurology_ischemic stroke_7_BGgpt_abbreviations_EN_BG.txt	CT	Computed Tomography	КТ	Коремна томография
neurology_ischemic stroke_7_BGgpt_abbreviations_EN_BG.txt	MRI	Magnetic Resonance Imaging	ЯМР	Ядрено-магнитен резонанс
neurology_ischemic stroke_7_BGgpt_abbreviations_EN_BG.txt	ECG	Electrocardiogram	ЕКГ	Електрокардиограма
neurology_ischemic stroke_7_BGgpt_abbreviations_EN_BG.txt	IV	Intravenous	IV	Интравенозен
neurology_ischemic stroke_7_BGgpt_abbreviations_EN_BG.txt	TIA	Transient Ischemic Attack	ТИА	Транзиторна исхемична атака
neurology_ischemic stroke_7_BGgpt_abbreviations_EN_BG.txt	tPA	Tissue plasminogen activator	rtPA	Рекомбинантен тъканен плазминогенен активатор
neurology_ischemic stroke_7_BGgpt_abbreviations_EN_BG.txt	CTA	Computed Tomography Angiography	КТ ангиография	Компютър-томографска ангиография
neurology_ischemic stroke_7_BGgpt_abbreviations_EN_BG.txt	CBC	Complete Blood Count	ПКК	Пълна кръвна картина
neurology_ischemic stroke_7_BGgpt_abbreviations_EN_BG.txt	HbA1C	Hemoglobin A1C	HbA1c	Гликиран хемоглобин
neurology_ischemic stroke_7_BGgpt_abbreviations_EN_BG.txt	LDL	Low-density lipoprotein	LDL	Липопротеин с ниска плътност
neurology_ischemic stroke_8_BGgpt_abbreviations_EN_BG.txt	NIHSS	National Institutes of Health Stroke Scale	NIHSS	Национална скала за оценка на инсулт (NIHSS)
neurology_ischemic stroke_8_BGgpt_abbreviations_EN_BG.txt	CT	Computed Tomography	КТ	Компютърна томография
neurology_ischemic stroke_8_BGgpt_abbreviations_EN_BG.txt	MRI	Magnetic Resonance Imaging	ЯМР	Ядрено-магнитен резонанс
neurology_ischemic stroke_8_BGgpt_abbreviations_EN_BG.txt	ECG	Electrocardiogram	ЕКГ	Електрокардиограма
neurology_ischemic stroke_8_BGgpt_abbreviations_EN_BG.txt	CTA	Computed Tomography Angiography	КТА	Компютърна томография ангиография
neurology_ischemic stroke_8_BGgpt_abbreviations_EN_BG.txt	CBC	Complete Blood Count	ПКК	Пълна кръвна картина
neurology_ischemic stroke_8_BGgpt_abbreviations_EN_BG.txt	PT	Prothrombin Time	ПВ	Протромбиново време
neurology_ischemic stroke_8_BGgpt_abbreviations_EN_BG.txt	PTT	Partial Thromboplastin Time	аПТВ	Активирано парциално тромбопластиново време
neurology_ischemic stroke_8_BGgpt_abbreviations_EN_BG.txt	LDL	Low-Density Lipoprotein	ЛПНП	Липопротеин с ниска плътност
neurology_ischemic stroke_8_BGgpt_abbreviations_EN_BG.txt	IV	Intravenous	IV	Интравенозен
neurology_ischemic stroke_8_BGgpt_abbreviations_EN_BG.txt	tPA	Tissue Plasminogen Activator	rtPA	Рекомбинантен тъканен плазминогенен активатор
neurology_ischemic stroke_8_BGgpt_abbreviations_EN_BG.txt	BP	Blood Pressure	АН	Артериално налягане
neurology_ischemic stroke_8_BGgpt_abbreviations_EN_BG.txt	PO	Per Os (by mouth)	перорално	Перорално
neurology_ischemic stroke_9_BGgpt_abbreviations_EN_BG.txt	ED	Emergency Department	Спешно отделение	Спешно отделение
neurology_ischemic stroke_9_BGgpt_abbreviations_EN_BG.txt	NIHSS	National Institutes of Health Stroke Scale	NIHSS	Скала на Националните здравни институти за оценка на мозъчен инсулт
neurology_ischemic stroke_9_BGgpt_abbreviations_EN_BG.txt	CT	Computed Tomography	КТ	Компютърна томография
neurology_ischemic stroke_9_BGgpt_abbreviations_EN_BG.txt	MRI	Magnetic Resonance Imaging	ЯМР	Ядрено-магнитен резонанс
neurology_ischemic stroke_9_BGgpt_abbreviations_EN_BG.txt	tPA	tissue plasminogen activator	tPA	тъканен плазминогенен активатор
neurology_ischemic stroke_9_BGgpt_abbreviations_EN_BG.txt	IV	Intravenous	i.v. / венозно	венозно
neurology_ischemic stroke_9_BGgpt_abbreviations_EN_BG.txt	BP	Blood Pressure	АН	Артериално налягане
neurology_ischemic stroke_9_BGgpt_abbreviations_EN_BG.txt	CBC	Complete Blood Count	ПКК	Пълна кръвна картина
neurology_ischemic stroke_9_BGgpt_abbreviations_EN_BG.txt	PT/PTT	Prothrombin Time / Partial Thromboplastin Time	ПВ / аPTT	Протромбиново време / Активирано парциално тромбопластиново време
neurology_ischemic stroke_9_BGgpt_abbreviations_EN_BG.txt	HbA1C	Hemoglobin A1C	HbA1c	Хемоглобин А1с
traumatology_ankle fractures_0_BGgpt_abbreviations_EN_BG.txt	ORIF	Open Reduction and Internal Fixation	ОРИФ	Открита репозиция и вътрешна фиксация
traumatology_ankle fractures_0_BGgpt_abbreviations_EN_BG.txt	i.v.	Intravenous	i.v.	Интравенозно
traumatology_ankle fractures_0_BGgpt_abbreviations_EN_BG.txt	DOB	Date of Birth	Д.Р.	Дата на раждане
traumatology_ankle fractures_0_BGgpt_abbreviations_EN_BG.txt	MRN	Medical Record Number	Л.Н.	Личен номер
traumatology_ankle fractures_0_BGgpt_abbreviations_EN_BG.txt	kg	kilogram	кг	килограм
traumatology_ankle fractures_0_BGgpt_abbreviations_EN_BG.txt	mg	milligram	мг	милиграм
traumatology_ankle fractures_0_BGgpt_abbreviations_EN_BG.txt	h	hour	ч	час
traumatology_ankle fractures_0_BGgpt_abbreviations_EN_BG.txt	BP	Blood Pressure	КН	Кръвно налягане
traumatology_ankle fractures_10_BGgpt_abbreviations_EN_BG.txt	ORIF	Open Reduction with Internal Fixation	ОРИФ	Отворена репозиция и вътрешна фиксация
traumatology_ankle fractures_10_BGgpt_abbreviations_EN_BG.txt	IV	Intravenous	i.v.	Интравенозно
traumatology_ankle fractures_10_BGgpt_abbreviations_EN_BG.txt	VTE	Venous Thromboembolism	ВТЕ	Венозен тромбоемболизъм
traumatology_ankle fractures_10_BGgpt_abbreviations_EN_BG.txt	LMWH	Low-Molecular-Weight Heparin	НМХ	Нисъкoмолекулен хепарин
traumatology_ankle fractures_10_BGgpt_abbreviations_EN_BG.txt	BID	Bis in die (twice a day)	2 пъти дневно	Два пъти дневно
traumatology_ankle fractures_10_BGgpt_abbreviations_EN_BG.txt	QID	Quater in die (four times a day)	4 пъти дневно	Четири пъти дневно
traumatology_ankle fractures_10_BGgpt_abbreviations_EN_BG.txt	mg	Milligram	мг	Милиграм
traumatology_ankle fractures_10_BGgpt_abbreviations_EN_BG.txt	kg	Kilogram	кг	Килограм
traumatology_ankle fractures_10_BGgpt_abbreviations_EN_BG.txt	h	Hour	ч	Час
traumatology_ankle fractures_10_BGgpt_abbreviations_EN_BG.txt	q4h	every 4 hours	на всеки 4 ч	На всеки 4 часа
traumatology_ankle fractures_10_BGgpt_abbreviations_EN_BG.txt	q6h	every 6 hours	на всеки 6 ч	На всеки 6 часа
traumatology_ankle fractures_10_BGgpt_abbreviations_EN_BG.txt	q8h	every 8 hours	на всеки 8 ч	На всеки 8 часа
traumatology_ankle fractures_11_BGgpt_abbreviations_EN_BG.txt	ED	Emergency Department	СПО	Спешно отделение
traumatology_ankle fractures_11_BGgpt_abbreviations_EN_BG.txt	ORIF	Open reduction with internal fixation	ОРИФ	Отворена репозиция и вътрешна фиксация
traumatology_ankle fractures_11_BGgpt_abbreviations_EN_BG.txt	IV	Intravenous	i.v. / i/v	Интравенозно
traumatology_ankle fractures_11_BGgpt_abbreviations_EN_BG.txt	VTE	Venous thromboembolism	ВТЕ	Венозна тромбоемболия
traumatology_ankle fractures_11_BGgpt_abbreviations_EN_BG.txt	mm	millimetre	мм	милиметър
traumatology_ankle fractures_11_BGgpt_abbreviations_EN_BG.txt	mg	milligram	мг	милиграм
traumatology_ankle fractures_11_BGgpt_abbreviations_EN_BG.txt	h	hour	ч.	час
traumatology_ankle fractures_11_BGgpt_abbreviations_EN_BG.txt	X-ray	X-ray	Рентген	Рентгеново изследване
traumatology_ankle fractures_12_BGgpt_abbreviations_EN_BG.txt	MRN	Medical Record Number	МРН	Медицински номер на пациента
traumatology_ankle fractures_12_BGgpt_abbreviations_EN_BG.txt	ORIF	Open Reduction with Internal Fixation	ОРВФ	Отворена репозиция с вътрешна фиксация
traumatology_ankle fractures_12_BGgpt_abbreviations_EN_BG.txt	AP	Anteroposterior	АП	Предно-задна проекция
traumatology_ankle fractures_12_BGgpt_abbreviations_EN_BG.txt	L	Left	Л	Ляв
traumatology_ankle fractures_13_BGgpt_abbreviations_EN_BG.txt	DOB	Date of Birth	ДР	Дата на раждане
traumatology_ankle fractures_13_BGgpt_abbreviations_EN_BG.txt	ORIF	Open Reduction with Internal Fixation	ОРВФ	Открита репозиция с вътрешна фиксация
traumatology_ankle fractures_13_BGgpt_abbreviations_EN_BG.txt	mg	Milligram	мг	Милиграм
traumatology_ankle fractures_13_BGgpt_abbreviations_EN_BG.txt	q6h	Every 6 hours	на всеки 6 часа	-
traumatology_ankle fractures_13_BGgpt_abbreviations_EN_BG.txt	q8h	Every 8 hours	на всеки 8 часа	-
traumatology_ankle fractures_13_BGgpt_abbreviations_EN_BG.txt	IM	Intramuscular	i.m.	Интрамускулно
traumatology_ankle fractures_13_BGgpt_abbreviations_EN_BG.txt	SC	Subcutaneous	s.c.	Подкожно
traumatology_ankle fractures_13_BGgpt_abbreviations_EN_BG.txt	DVT	Deep Vein Thrombosis	ДВТ	Дълбока венозна тромбоза
traumatology_ankle fractures_13_BGgpt_abbreviations_EN_BG.txt	MD	Medical Doctor	д-р	Доктор
traumatology_ankle fractures_14_BGgpt_abbreviations_EN_BG.txt	DOB	Date of Birth	Дата на раждане	Дата на раждане
traumatology_ankle fractures_14_BGgpt_abbreviations_EN_BG.txt	MRN	Medical Record Number	МД № / БН №	Медицинско досие № / Болничен №
traumatology_ankle fractures_14_BGgpt_abbreviations_EN_BG.txt	ORIF	Open Reduction Internal Fixation	ОРФ	Открита репозиция с вътрешна фиксация
traumatology_ankle fractures_14_BGgpt_abbreviations_EN_BG.txt	VTE	Venous Thromboembolism	ВТЕ	Венозна тромбоемболия
traumatology_ankle fractures_14_BGgpt_abbreviations_EN_BG.txt	AP	Anteroposterior	АП	Антеропостериорна
traumatology_ankle fractures_14_BGgpt_abbreviations_EN_BG.txt	X-ray	X-Ray	Рентген	Рентген
traumatology_ankle fractures_15_BGgpt_abbreviations_EN_BG.txt	ED	Emergency Department	Спешно отделение	Спешно отделение
traumatology_ankle fractures_15_BGgpt_abbreviations_EN_BG.txt	ORIF	Open Reduction with Internal Fixation	ОРВФ	Отворена репозиция с вътрешна фиксация
traumatology_ankle fractures_15_BGgpt_abbreviations_EN_BG.txt	VTE	Venous Thromboembolism	ВТЕ	Венозен тромбоемболизъм
traumatology_ankle fractures_15_BGgpt_abbreviations_EN_BG.txt	AP	Anteroposterior	АР / АП	Предно-задна проекция
traumatology_ankle fractures_15_BGgpt_abbreviations_EN_BG.txt	MD	Doctor of Medicine	д-р / лекар	Лекар
traumatology_ankle fractures_15_BGgpt_abbreviations_EN_BG.txt	q8h	Every 8 hours	на всеки 8 часа	На всеки 8 часа
traumatology_ankle fractures_15_BGgpt_abbreviations_EN_BG.txt	q6h	Every 6 hours	на всеки 6 часа	На всеки 6 часа
traumatology_ankle fractures_15_BGgpt_abbreviations_EN_BG.txt	qd	Daily	дневно	Дневно
traumatology_ankle fractures_15_BGgpt_abbreviations_EN_BG.txt	mg	Milligram	мг	Милиграм
traumatology_ankle fractures_15_BGgpt_abbreviations_EN_BG.txt	SC	Subcutaneously	п/к	Подкожно
traumatology_ankle fractures_16_BGgpt_abbreviations_EN_BG.txt	ORIF	Open Reduction with Internal Fixation	ОРФ	Оперативно лечение с отворена репозиция и вътрешна фиксация
traumatology_ankle fractures_16_BGgpt_abbreviations_EN_BG.txt	DVT	Deep Vein Thrombosis	ДВТ	Дълбока венозна тромбоза
traumatology_ankle fractures_16_BGgpt_abbreviations_EN_BG.txt	AP	Anteroposterior	АР	Антеропостериорна
traumatology_ankle fractures_16_BGgpt_abbreviations_EN_BG.txt	L	Lateral	Л	Латерална
traumatology_ankle fractures_16_BGgpt_abbreviations_EN_BG.txt	O	Oblique	О	Коса (рентгенова проекция)
traumatology_ankle fractures_17_BGgpt_abbreviations_EN_BG.txt	MRN	Medical Record Number	МРН	Медицински регистрационен номер
traumatology_ankle fractures_17_BGgpt_abbreviations_EN_BG.txt	DOB	Date of Birth	ДР	Дата на раждане
traumatology_ankle fractures_17_BGgpt_abbreviations_EN_BG.txt	ORIF	Open Reduction with Internal Fixation	ОРИФ	Отворена репозиция с вътрешна фиксация
traumatology_ankle fractures_17_BGgpt_abbreviations_EN_BG.txt	X-ray	X-ray	Рентгенография	Рентгенография
traumatology_ankle fractures_17_BGgpt_abbreviations_EN_BG.txt	AP	Anteroposterior	АР	Антеропостериорна (проекция)
traumatology_ankle fractures_17_BGgpt_abbreviations_EN_BG.txt	BP	Blood Pressure	КН	Кръвно налягане
traumatology_ankle fractures_17_BGgpt_abbreviations_EN_BG.txt	PO	Per Os (orally)	перорално	Перорално (през устата)
traumatology_ankle fractures_17_BGgpt_abbreviations_EN_BG.txt	q8h	Every 8 hours	на 8 часа	На всеки 8 часа
traumatology_ankle fractures_17_BGgpt_abbreviations_EN_BG.txt	q6h	Every 6 hours	на 6 часа	На всеки 6 часа
traumatology_ankle fractures_17_BGgpt_abbreviations_EN_BG.txt	prn	As needed	при нужда	При нужда
traumatology_ankle fractures_18_BGgpt_abbreviations_EN_BG.txt	ID	Identification	ИД	Идентификация
traumatology_ankle fractures_18_BGgpt_abbreviations_EN_BG.txt	DOB	Date of Birth	ДР	Дата на раждане
traumatology_ankle fractures_18_BGgpt_abbreviations_EN_BG.txt	ORIF	Open Reduction with Internal Fixation	ОРИФ	Отворена репозиция с вътрешна фиксация
traumatology_ankle fractures_18_BGgpt_abbreviations_EN_BG.txt	IV	Intravenous	iv / венозно	Венозно
traumatology_ankle fractures_18_BGgpt_abbreviations_EN_BG.txt	VTE	Venous Thromboembolism	ВТЕ	Венозна тромбоемболия
traumatology_ankle fractures_18_BGgpt_abbreviations_EN_BG.txt	BP	Blood Pressure	АН	Артериално налягане
traumatology_ankle fractures_18_BGgpt_abbreviations_EN_BG.txt	POD	Post-Operative Day	ПОД	Следоперативен ден
traumatology_ankle fractures_18_BGgpt_abbreviations_EN_BG.txt	ER	Emergency Room	Спешно отделение	Спешно отделение
traumatology_ankle fractures_18_BGgpt_abbreviations_EN_BG.txt	g	gram	г	грам
traumatology_ankle fractures_18_BGgpt_abbreviations_EN_BG.txt	mg	milligram	мг	милиграм
traumatology_ankle fractures_18_BGgpt_abbreviations_EN_BG.txt	q6h / q8h	every 6 hours / every 8 hours	на всеки 6 часа / на всеки 8 часа	на всеки 6 часа / на всеки 8 часа
traumatology_ankle fractures_18_BGgpt_abbreviations_EN_BG.txt	SC / SQ	Subcutaneous	sc / подкожно	Подкожно
traumatology_ankle fractures_18_BGgpt_abbreviations_EN_BG.txt	BID / QD	twice daily / once daily	2 пъти дневно / 1 път дневно	2 пъти дневно / 1 път дневно
traumatology_ankle fractures_19_BGgpt_abbreviations_EN_BG.txt	DOB	Date of Birth	ДР	Дата на раждане
traumatology_ankle fractures_19_BGgpt_abbreviations_EN_BG.txt	MRN	Medical Record Number	МРН	Медицински регистрационен номер
traumatology_ankle fractures_19_BGgpt_abbreviations_EN_BG.txt	ORIF	Open Reduction and Internal Fixation	ОРИФ	Отворена репозиция и вътрешна фиксация
traumatology_ankle fractures_19_BGgpt_abbreviations_EN_BG.txt	ER	Emergency Room	Спешно отделение	Спешно отделение (standard abbreviation СО)
traumatology_ankle fractures_19_BGgpt_abbreviations_EN_BG.txt	mg	Milligram	мг	Милиграм
traumatology_ankle fractures_19_BGgpt_abbreviations_EN_BG.txt	h	Hour	ч.	Час
traumatology_ankle fractures_19_BGgpt_abbreviations_EN_BG.txt	AP	Anteroposterior	АП	Антеропостериорна
traumatology_ankle fractures_19_BGgpt_abbreviations_EN_BG.txt	q6h	Every 6 hours	на всеки 6 ч.	на всеки 6 часа
traumatology_ankle fractures_19_BGgpt_abbreviations_EN_BG.txt	q8h	Every 8 hours	на всеки 8 ч.	на всеки 8 часа
traumatology_ankle fractures_19_BGgpt_abbreviations_EN_BG.txt	q4h	Every 4 hours	на всеки 4 ч.	на всеки 4 часа
traumatology_ankle fractures_19_BGgpt_abbreviations_EN_BG.txt	prn	As needed	при нужда	при нужда
traumatology_ankle fractures_1_BGgpt_abbreviations_EN_BG.txt	ORIF	Open Reduction with Internal Fixation	ОРВФ	Отворена репозиция и вътрешна фиксация
traumatology_ankle fractures_1_BGgpt_abbreviations_EN_BG.txt	x-ray	X-ray	Рентгенография	Рентгенова снимка / Рентгенологично изследване
traumatology_ankle fractures_1_BGgpt_abbreviations_EN_BG.txt	AP	Anteroposterior	АР	Антеропостериорна
traumatology_ankle fractures_1_BGgpt_abbreviations_EN_BG.txt	BP	Blood Pressure	АН	Артериално налягане
traumatology_ankle fractures_1_BGgpt_abbreviations_EN_BG.txt	IV	Intravenous	в/в	Венозно (вътревенозно)
traumatology_ankle fractures_1_BGgpt_abbreviations_EN_BG.txt	PO	Per Os (Orally)	перорално	Перорално (през устата)
traumatology_ankle fractures_1_BGgpt_abbreviations_EN_BG.txt	q6h	Every 6 hours	на 6 часа	На всеки 6 часа
traumatology_ankle fractures_1_BGgpt_abbreviations_EN_BG.txt	q8h	Every 8 hours	на 8 часа	На всеки 8 часа
traumatology_ankle fractures_1_BGgpt_abbreviations_EN_BG.txt	prn	As needed	при нужда	При нужда
traumatology_ankle fractures_1_BGgpt_abbreviations_EN_BG.txt	ROM	Range of Motion	обем на движение	Обем на движение
traumatology_ankle fractures_1_BGgpt_abbreviations_EN_BG.txt	MD	Doctor of Medicine	д-р	Доктор (лекар)
traumatology_ankle fractures_20_BGgpt_abbreviations_EN_BG.txt	MI	Myocardial Infarction	МИ	Миокарден инфаркт
traumatology_ankle fractures_20_BGgpt_abbreviations_EN_BG.txt	BP	Blood Pressure	АН	Артериално налягане
traumatology_ankle fractures_20_BGgpt_abbreviations_EN_BG.txt	ORIF	Open Reduction with Internal Fixation	ОРВФ	Отворена репозиция с вътрешна фиксация
traumatology_ankle fractures_20_BGgpt_abbreviations_EN_BG.txt	DVT	Deep Vein Thrombosis	ДВТ	Дълбока венозна тромбоза
traumatology_ankle fractures_20_BGgpt_abbreviations_EN_BG.txt	IV	Intravenous	i.v.	Интравенозно
traumatology_ankle fractures_20_BGgpt_abbreviations_EN_BG.txt	DOB	Date of Birth	ДР	Дата на раждане
traumatology_ankle fractures_20_BGgpt_abbreviations_EN_BG.txt	MD	Medical Doctor	д-р	Доктор по медицина
traumatology_ankle fractures_20_BGgpt_abbreviations_EN_BG.txt	x-ray	Radiography	Рентген	Рентгенография
traumatology_ankle fractures_21_BGgpt_abbreviations_EN_BG.txt	ORIF	Open Reduction and Internal Fixation	ОРИФ	Отворена репозиция и вътрешна фиксация
traumatology_ankle fractures_21_BGgpt_abbreviations_EN_BG.txt	IV	Intravenous	венозно / в/в	Венозно въвеждане / Вътревенозно
traumatology_ankle fractures_21_BGgpt_abbreviations_EN_BG.txt	mg	Milligram	мг	Милиграм
traumatology_ankle fractures_21_BGgpt_abbreviations_EN_BG.txt	BID	Twice a day	2 пъти дневно	Два пъти дневно
traumatology_ankle fractures_21_BGgpt_abbreviations_EN_BG.txt	TID	Three times a day	3 пъти дневно	Три пъти дневно
traumatology_ankle fractures_21_BGgpt_abbreviations_EN_BG.txt	q6h	Every 6 hours	на всеки 6 часа	На всеки 6 часа
traumatology_ankle fractures_21_BGgpt_abbreviations_EN_BG.txt	q8h	Every 8 hours	на всеки 8 часа	На всеки 8 часа
traumatology_ankle fractures_21_BGgpt_abbreviations_EN_BG.txt	qd	Once daily	1 път дневно	Един път дневно
traumatology_ankle fractures_21_BGgpt_abbreviations_EN_BG.txt	AP	Anteroposterior	ПЗ	Предно-задна проекция
traumatology_ankle fractures_21_BGgpt_abbreviations_EN_BG.txt	SC	Subcutaneous	подкожно	Подкожно въвеждане
traumatology_ankle fractures_22_BGgpt_abbreviations_EN_BG.txt	ID	Identification / Identity	№	Номер (Number)
traumatology_ankle fractures_22_BGgpt_abbreviations_EN_BG.txt	ORIF	Open Reduction and Internal Fixation	ОРИФ	Отворена репозиция и вътрешна фиксация
traumatology_ankle fractures_22_BGgpt_abbreviations_EN_BG.txt	IV	Intravenous	В/в	Венозно (Венозно приложение)
traumatology_ankle fractures_22_BGgpt_abbreviations_EN_BG.txt	AP	Anteroposterior	АР	Предно-задна
traumatology_ankle fractures_22_BGgpt_abbreviations_EN_BG.txt	MI	Myocardial Infarction	Н/П	Няма приложимост (Not applicable in this context)
traumatology_ankle fractures_22_BGgpt_abbreviations_EN_BG.txt	BP	Blood Pressure	АН	Артериално налягане
traumatology_ankle fractures_22_BGgpt_abbreviations_EN_BG.txt	h	hour	ч	час
traumatology_ankle fractures_23_BGgpt_abbreviations_EN_BG.txt	MRN	Medical Record Number	МРН	Медицински регистрационен номер
traumatology_ankle fractures_23_BGgpt_abbreviations_EN_BG.txt	DOB	Date of Birth	Дата на раждане	Дата на раждане
traumatology_ankle fractures_23_BGgpt_abbreviations_EN_BG.txt	ORIF	Open Reduction with Internal Fixation	ОРИФ	Отворена репозиция и вътрешна фиксация
traumatology_ankle fractures_23_BGgpt_abbreviations_EN_BG.txt	DVT	Deep Vein Thrombosis	ДВТ	Дълбока венозна тромбоза
traumatology_ankle fractures_23_BGgpt_abbreviations_EN_BG.txt	IV	Intravenous	IV	Интравенозно
traumatology_ankle fractures_23_BGgpt_abbreviations_EN_BG.txt	mg	Milligram	mg	Милиграм
traumatology_ankle fractures_23_BGgpt_abbreviations_EN_BG.txt	kg	Kilogram	kg	Килограм
traumatology_ankle fractures_23_BGgpt_abbreviations_EN_BG.txt	q(every)	every	на всеки	на всеки
traumatology_ankle fractures_23_BGgpt_abbreviations_EN_BG.txt	SC	Subcutaneous	SC	Подкожно
traumatology_ankle fractures_24_BGgpt_abbreviations_EN_BG.txt	MI	Myocardial Infarction	МИ	Миокарден инфаркт
traumatology_ankle fractures_24_BGgpt_abbreviations_EN_BG.txt	BP	Blood Pressure	АН	Артериално налягане
traumatology_ankle fractures_24_BGgpt_abbreviations_EN_BG.txt	DM	Diabetes Mellitus	ЗД	Захарен диабет
traumatology_ankle fractures_24_BGgpt_abbreviations_EN_BG.txt	IV	Intravenous	IV	Интравенозно
traumatology_ankle fractures_24_BGgpt_abbreviations_EN_BG.txt	DVT	Deep Vein Thrombosis	ДВТ	Дълбока венозна тромбоза
traumatology_ankle fractures_24_BGgpt_abbreviations_EN_BG.txt	ORIF	Open Reduction and Internal Fixation	ОРИФ	Открита репозиция и вътрешна фиксация
traumatology_ankle fractures_24_BGgpt_abbreviations_EN_BG.txt	AP	Anteroposterior	AP	Предно-задна проекция
traumatology_ankle fractures_24_BGgpt_abbreviations_EN_BG.txt	POD	Postoperative Day	ПОД	Постоперативен ден
traumatology_ankle fractures_24_BGgpt_abbreviations_EN_BG.txt	XR	X-ray	РГ	Рентгенография
traumatology_ankle fractures_25_BGgpt_abbreviations_EN_BG.txt	ID	Identification	ИД	Идентификация
traumatology_ankle fractures_25_BGgpt_abbreviations_EN_BG.txt	g	gram	г	грам
traumatology_ankle fractures_25_BGgpt_abbreviations_EN_BG.txt	mg	milligram	мг	милиграм
traumatology_ankle fractures_25_BGgpt_abbreviations_EN_BG.txt	IV	Intravenous	i.v. / в/в	венозен / интравенозен
traumatology_ankle fractures_25_BGgpt_abbreviations_EN_BG.txt	h	hour	ч	час
traumatology_ankle fractures_25_BGgpt_abbreviations_EN_BG.txt	q	every	на всеки	на всеки
traumatology_ankle fractures_25_BGgpt_abbreviations_EN_BG.txt	q4h	every 4 hours	на 4 ч	на всеки 4 часа
traumatology_ankle fractures_25_BGgpt_abbreviations_EN_BG.txt	q6h	every 6 hours	на 6 ч	на всеки 6 часа
traumatology_ankle fractures_25_BGgpt_abbreviations_EN_BG.txt	q8h	every 8 hours	на 8 ч	на всеки 8 часа
traumatology_ankle fractures_25_BGgpt_abbreviations_EN_BG.txt	ORIF	Open reduction and internal fixation	ОРВФ	Отворена репозиция и вътрешна фиксация
traumatology_ankle fractures_25_BGgpt_abbreviations_EN_BG.txt	VTE	Venous Thromboembolism	ВТЕ	Венозна тромбоемболия
traumatology_ankle fractures_25_BGgpt_abbreviations_EN_BG.txt	AP	Anteroposterior	АР	Предно-заден
traumatology_ankle fractures_25_BGgpt_abbreviations_EN_BG.txt	L	Lateral	Л	Латерален
traumatology_ankle fractures_25_BGgpt_abbreviations_EN_BG.txt	Oblique	Oblique	Обл. / коса	коса
traumatology_ankle fractures_25_BGgpt_abbreviations_EN_BG.txt	F/	Female	Ж	Жена
traumatology_ankle fractures_25_BGgpt_abbreviations_EN_BG.txt	M	Male	М	Мъж
traumatology_ankle fractures_25_BGgpt_abbreviations_EN_BG.txt	MI	Myocardial Infarction	МИ	Миокарден инфаркт
traumatology_ankle fractures_25_BGgpt_abbreviations_EN_BG.txt	BP	Blood Pressure	АН	Артериално налягане
traumatology_ankle fractures_26_BGgpt_abbreviations_EN_BG.txt	ER	Emergency Room	Спешно отделение	Спешно отделение
traumatology_ankle fractures_26_BGgpt_abbreviations_EN_BG.txt	ORIF	Open Reduction with Internal Fixation	ОРИФ	Отворена репозиция и вътрешна фиксация
traumatology_ankle fractures_26_BGgpt_abbreviations_EN_BG.txt	AP	Anteroposterior	АП	Антеропостериорна
traumatology_ankle fractures_26_BGgpt_abbreviations_EN_BG.txt	DVT	Deep Vein Thrombosis	ДВТ	Дълбока венозна тромбоза
traumatology_ankle fractures_26_BGgpt_abbreviations_EN_BG.txt	MD	Medical Doctor	д-р / лекар	Лекар
traumatology_ankle fractures_27_BGgpt_abbreviations_EN_BG.txt	AP	Anteroposterior	АП	Антеропостериорна
traumatology_ankle fractures_27_BGgpt_abbreviations_EN_BG.txt	ORIF	Open reduction with internal fixation	ОРИФ	Отворена репозиция и вътрешна фиксация
traumatology_ankle fractures_27_BGgpt_abbreviations_EN_BG.txt	VTE	Venous Thromboembolism	ВТЕ	Венозна тромбоемболия
traumatology_ankle fractures_27_BGgpt_abbreviations_EN_BG.txt	mg	milligram	мг	милиграм
traumatology_ankle fractures_27_BGgpt_abbreviations_EN_BG.txt	kg	kilogram	кг	килограм
traumatology_ankle fractures_27_BGgpt_abbreviations_EN_BG.txt	q6h	every 6 hours	на всеки 6 часа	на всеки 6 часа
traumatology_ankle fractures_28_BGgpt_abbreviations_EN_BG.txt	MRN	Medical Record Number	ЛК №	Личен картон номер
traumatology_ankle fractures_28_BGgpt_abbreviations_EN_BG.txt	ORIF	Open Reduction with Internal Fixation	ОРВФ	Отворена репозиция с вътрешна фиксация
traumatology_ankle fractures_28_BGgpt_abbreviations_EN_BG.txt	VTE	Venous Thromboembolism	ВТЕ	Венозен тромбоемболизъм
traumatology_ankle fractures_29_BGgpt_abbreviations_EN_BG.txt	MRN	Medical Record Number	ЛЗ	Личен здравен запис / Медицинско досие
traumatology_ankle fractures_29_BGgpt_abbreviations_EN_BG.txt	DOB	Date of Birth	ДР	Дата на раждане
traumatology_ankle fractures_29_BGgpt_abbreviations_EN_BG.txt	X-Rays	Radiographs	Рентгенографии	Снимки (рентгенови)
traumatology_ankle fractures_29_BGgpt_abbreviations_EN_BG.txt	ORIF	Open Reduction Internal Fixation	ОРИФ	Отворена репозиция с вътрешна фиксация
traumatology_ankle fractures_29_BGgpt_abbreviations_EN_BG.txt	BID	Twice a day	2 пъти дневно	2 пъти дневно
traumatology_ankle fractures_29_BGgpt_abbreviations_EN_BG.txt	TID	Three times a day	3 пъти дневно	3 пъти дневно
traumatology_ankle fractures_29_BGgpt_abbreviations_EN_BG.txt	Q4H	Every 4 hours	На всеки 4 часа	На всеки 4 часа
traumatology_ankle fractures_29_BGgpt_abbreviations_EN_BG.txt	Q6H	Every 6 hours	На всеки 6 часа	На всеки 6 часа
traumatology_ankle fractures_29_BGgpt_abbreviations_EN_BG.txt	Q8H	Every 8 hours	На всеки 8 часа	На всеки 8 часа
traumatology_ankle fractures_29_BGgpt_abbreviations_EN_BG.txt	MD	Doctor of Medicine	Д-р / лекар	Лекар
traumatology_ankle fractures_29_BGgpt_abbreviations_EN_BG.txt	PROM	Passive Range of Motion	Пасивни упражнения за обем на движение	Пасивни упражнения за обем на движение
traumatology_ankle fractures_29_BGgpt_abbreviations_EN_BG.txt	NWB	Non-Weight Bearing	Без натоварване	Без натоварване на крайника
traumatology_ankle fractures_2_BGgpt_abbreviations_EN_BG.txt	MD	Doctor of Medicine	д-р	доктор
traumatology_ankle fractures_2_BGgpt_abbreviations_EN_BG.txt	ORIF	Open Reduction with Internal Fixation	ОРВФ	Отворена репозиция с вътрешна фиксация
traumatology_ankle fractures_2_BGgpt_abbreviations_EN_BG.txt	IV	Intravenous	в/в	венозно
traumatology_ankle fractures_2_BGgpt_abbreviations_EN_BG.txt	h	hour	ч	час
traumatology_ankle fractures_2_BGgpt_abbreviations_EN_BG.txt	mg	milligram	мг	милиграм
traumatology_ankle fractures_2_BGgpt_abbreviations_EN_BG.txt	AP	Anteroposterior	АР	Антеропостериорна
traumatology_ankle fractures_2_BGgpt_abbreviations_EN_BG.txt	L	Lateral	Л	Латерална
traumatology_ankle fractures_2_BGgpt_abbreviations_EN_BG.txt	O	Oblique	К	Коса (в рентгенография)
traumatology_ankle fractures_30_BGgpt_abbreviations_EN_BG.txt	ORIF	Open Reduction with Internal Fixation	ОРИФ	Отворена репозиция и вътрешна фиксация
traumatology_ankle fractures_30_BGgpt_abbreviations_EN_BG.txt	IV	Intravenous	IV / i.v.	Интравенозно
traumatology_ankle fractures_30_BGgpt_abbreviations_EN_BG.txt	DVT	Deep Vein Thrombosis	ДВТ	Дълбока венозна тромбоза
traumatology_ankle fractures_30_BGgpt_abbreviations_EN_BG.txt	mg	Milligram	мг	милиграм
traumatology_ankle fractures_30_BGgpt_abbreviations_EN_BG.txt	h	Hour	ч	час
traumatology_ankle fractures_30_BGgpt_abbreviations_EN_BG.txt	AP	Anteroposterior	Предно-задна проекция	Предно-задна проекция (no standard Bulgarian abbreviation)
traumatology_ankle fractures_31_BGgpt_abbreviations_EN_BG.txt	ED	Emergency Department	СПО	Спешно приемно отделение
traumatology_ankle fractures_31_BGgpt_abbreviations_EN_BG.txt	IV	Intravenous	венозно (в/в)	Венозно (вътрешно венозно)
traumatology_ankle fractures_31_BGgpt_abbreviations_EN_BG.txt	ORIF	Open Reduction with Internal Fixation	ОРВФ	Открита репозиция с вътрешна фиксация
traumatology_ankle fractures_31_BGgpt_abbreviations_EN_BG.txt	mg	Milligram	мг	Милиграм
traumatology_ankle fractures_32_BGgpt_abbreviations_EN_BG.txt	NKA	No Known Allergies	НКА	Без известни алергии
traumatology_ankle fractures_32_BGgpt_abbreviations_EN_BG.txt	ORIF	Open Reduction Internal Fixation	ОРИФ	Отворена репозиция и вътрешна фиксация
traumatology_ankle fractures_32_BGgpt_abbreviations_EN_BG.txt	BP	Blood Pressure	АН	Артериално налягане
traumatology_ankle fractures_32_BGgpt_abbreviations_EN_BG.txt	IV	Intravenous	i.v.	Интравенозно
traumatology_ankle fractures_32_BGgpt_abbreviations_EN_BG.txt	mg	Milligram	мг	Милиграм
traumatology_ankle fractures_32_BGgpt_abbreviations_EN_BG.txt	VTE	Venous Thromboembolism	ВТЕ	Венозна тромбоемболия
traumatology_ankle fractures_32_BGgpt_abbreviations_EN_BG.txt	MD	Doctor of Medicine	д-р	Доктор по медицина
traumatology_ankle fractures_32_BGgpt_abbreviations_EN_BG.txt	PO	Per Os (by mouth)	перорално	Перорално
traumatology_ankle fractures_32_BGgpt_abbreviations_EN_BG.txt	SC	Subcutaneous	s.c.	Подкожно
traumatology_ankle fractures_32_BGgpt_abbreviations_EN_BG.txt	L	Left	Л	Ляво
traumatology_ankle fractures_32_BGgpt_abbreviations_EN_BG.txt	R	Right	Д	Дясно
traumatology_ankle fractures_33_BGgpt_abbreviations_EN_BG.txt	ORIF	Open Reduction with Internal Fixation	ОРИФ	Отворена репозиция и вътрешна фиксация
traumatology_ankle fractures_33_BGgpt_abbreviations_EN_BG.txt	DVT	Deep Vein Thrombosis	ДВТ	Дълбока венозна тромбоза
traumatology_ankle fractures_33_BGgpt_abbreviations_EN_BG.txt	IV	Intravenous	i.v.	интравенозно
traumatology_ankle fractures_33_BGgpt_abbreviations_EN_BG.txt	mg	Milligram	мг	милиграм
traumatology_ankle fractures_33_BGgpt_abbreviations_EN_BG.txt	kg	Kilogram	кг	килограм
traumatology_ankle fractures_33_BGgpt_abbreviations_EN_BG.txt	BP	Blood Pressure	АН	Артериално налягане
traumatology_ankle fractures_33_BGgpt_abbreviations_EN_BG.txt	CT	Computed Tomography	СТ	Скенер (компютърна томография)
traumatology_ankle fractures_33_BGgpt_abbreviations_EN_BG.txt	PO	Per Os (by mouth)	per os	през устата
traumatology_ankle fractures_33_BGgpt_abbreviations_EN_BG.txt	Q6H	Every 6 Hours	на всеки 6 часа	на всеки 6 часа
traumatology_ankle fractures_33_BGgpt_abbreviations_EN_BG.txt	Q8H	Every 8 Hours	на всеки 8 часа	на всеки 8 часа
traumatology_ankle fractures_33_BGgpt_abbreviations_EN_BG.txt	QD	Once Daily	1 път дневно	веднъж дневно
traumatology_ankle fractures_34_BGgpt_abbreviations_EN_BG.txt	MI	Myocardial Infarction	МИ	Миокарден инфаркт
traumatology_ankle fractures_34_BGgpt_abbreviations_EN_BG.txt	BP	Blood Pressure	АН	Артериално налягане
traumatology_ankle fractures_34_BGgpt_abbreviations_EN_BG.txt	ORIF	Open Reduction with Internal Fixation	ОРВФ	Отворена репозиция и вътрешна фиксация
traumatology_ankle fractures_34_BGgpt_abbreviations_EN_BG.txt	IV	Intravenous	i.v. / венозно	Венозно
traumatology_ankle fractures_34_BGgpt_abbreviations_EN_BG.txt	PO	Per Os (by mouth)	p.o. / през устата	През устата (орално)
traumatology_ankle fractures_34_BGgpt_abbreviations_EN_BG.txt	q6h	Every 6 hours	на всеки 6 часа	На всеки 6 часа
traumatology_ankle fractures_34_BGgpt_abbreviations_EN_BG.txt	q8h	Every 8 hours	на всеки 8 часа	На всеки 8 часа
traumatology_ankle fractures_34_BGgpt_abbreviations_EN_BG.txt	q4h	Every 4 hours	на всеки 4 часа	На всеки 4 часа
traumatology_ankle fractures_34_BGgpt_abbreviations_EN_BG.txt	AP	Anteroposterior	АР / предно-задна проекция	Предно-задна проекция
traumatology_ankle fractures_35_BGgpt_abbreviations_EN_BG.txt	ID	Identification	ИД	Идентификация (Identifikatsiya)
traumatology_ankle fractures_35_BGgpt_abbreviations_EN_BG.txt	DOB	Date of Birth	ДР	Дата на раждане (Data na razhdane)
traumatology_ankle fractures_35_BGgpt_abbreviations_EN_BG.txt	ORIF	Open Reduction with Internal Fixation	ОРИФ	Отворена репозиция и вътрешна фиксация
traumatology_ankle fractures_35_BGgpt_abbreviations_EN_BG.txt	mg	Milligram	мг	Милиграм
traumatology_ankle fractures_35_BGgpt_abbreviations_EN_BG.txt	X-Rays	Radiographs	Рентгенографии	Рентгенови снимки
traumatology_ankle fractures_35_BGgpt_abbreviations_EN_BG.txt	AP	Anteroposterior	АП	Антеропостериорна (пояснение при нужда: предно-задна проекция)
traumatology_ankle fractures_35_BGgpt_abbreviations_EN_BG.txt	h	Hour	ч.	Час
traumatology_ankle fractures_36_BGgpt_abbreviations_EN_BG.txt	ORIF	Open Reduction Internal Fixation	ОРИФ	Отворена репозиция и вътрешна фиксация
traumatology_ankle fractures_36_BGgpt_abbreviations_EN_BG.txt	MD	Doctor of Medicine	Д-р / МД / Лекар	Доктор по медицина / Лекар
traumatology_ankle fractures_36_BGgpt_abbreviations_EN_BG.txt	AP	Anteroposterior	АП	Антеропостериорна
traumatology_ankle fractures_36_BGgpt_abbreviations_EN_BG.txt	ED	Emergency Department	ССП	Спешно приемно отделение
traumatology_ankle fractures_37_BGgpt_abbreviations_EN_BG.txt	ED	Emergency Department	СПО	Спешно отделение
traumatology_ankle fractures_37_BGgpt_abbreviations_EN_BG.txt	ORIF	Open Reduction and Internal Fixation	ОРИФ	Отворена репозиция и вътрешна фиксация
traumatology_ankle fractures_37_BGgpt_abbreviations_EN_BG.txt	IV	Intravenous	и.в.	интравенозно (венозно)
traumatology_ankle fractures_37_BGgpt_abbreviations_EN_BG.txt	mg	milligram	мг	милиграм
traumatology_ankle fractures_37_BGgpt_abbreviations_EN_BG.txt	LMWH	Low-Molecular-Weight Heparin	НМХ	Нискомолекулен хепарин
traumatology_ankle fractures_37_BGgpt_abbreviations_EN_BG.txt	AP	Anteroposterior	АП	Антеропостериорна
traumatology_ankle fractures_37_BGgpt_abbreviations_EN_BG.txt	h	hour	ч.	час
traumatology_ankle fractures_38_BGgpt_abbreviations_EN_BG.txt	ORIF	Open reduction with internal fixation	ОРВФ	Открита репозиция с вътрешна фиксация
traumatology_ankle fractures_38_BGgpt_abbreviations_EN_BG.txt	IV	Intravenous	IV / в/в	Интравенозно / венозно
traumatology_ankle fractures_38_BGgpt_abbreviations_EN_BG.txt	X-rays	X-ray images	Рентгенографии	Рентгенови снимки
traumatology_ankle fractures_38_BGgpt_abbreviations_EN_BG.txt	AP	Anteroposterior	AP	АНТЕРОПОСТЕРИОРНА
traumatology_ankle fractures_38_BGgpt_abbreviations_EN_BG.txt	MRI	Magnetic Resonance Imaging	ЯМР	Ядрено-магнитен резонанс
traumatology_ankle fractures_38_BGgpt_abbreviations_EN_BG.txt	ROM	Range of motion	ДПС	Диапазон на движение
traumatology_ankle fractures_38_BGgpt_abbreviations_EN_BG.txt	MD	Doctor of Medicine	МД / Д-р	Доктор по медицина / Доктор
traumatology_ankle fractures_38_BGgpt_abbreviations_EN_BG.txt	h	hour(s)	ч.	час(ове)
traumatology_ankle fractures_39_BGgpt_abbreviations_EN_BG.txt	ORIF	Open reduction and internal fixation	ОРИФ	Отворена репозиция и вътрешна фиксация
traumatology_ankle fractures_39_BGgpt_abbreviations_EN_BG.txt	DVT	Deep vein thrombosis	ДВТ	Дълбока венозна тромбоза
traumatology_ankle fractures_39_BGgpt_abbreviations_EN_BG.txt	AP	Anteroposterior	АР	Антеропостериорна
traumatology_ankle fractures_3_BGgpt_abbreviations_EN_BG.txt	ORIF	Open reduction with internal fixation	ОРВФ	Отворена репозиция с вътрешна фиксация
traumatology_ankle fractures_3_BGgpt_abbreviations_EN_BG.txt	IV	Intravenous	i.v.	Интравенозен
traumatology_ankle fractures_3_BGgpt_abbreviations_EN_BG.txt	ID	Identification	ИД	Идентификационен номер
traumatology_ankle fractures_3_BGgpt_abbreviations_EN_BG.txt	MD	Doctor of Medicine	д-р	Доктор по медицина
traumatology_ankle fractures_3_BGgpt_abbreviations_EN_BG.txt	g	gram(s)	г	грам(ове)
traumatology_ankle fractures_3_BGgpt_abbreviations_EN_BG.txt	mg	milligram(s)	мг	милиграм(ове)
traumatology_ankle fractures_3_BGgpt_abbreviations_EN_BG.txt	h	hour(s)	ч	час(ове)
traumatology_ankle fractures_40_BGgpt_abbreviations_EN_BG.txt	AP	Anteroposterior	ПЗ	Предно-задна
traumatology_ankle fractures_40_BGgpt_abbreviations_EN_BG.txt	ORIF	Open reduction with internal fixation	ОРИФ	Отворена репозиция и вътрешна фиксация
traumatology_ankle fractures_40_BGgpt_abbreviations_EN_BG.txt	IV	Intravenous	IV	Интравенозно
traumatology_ankle fractures_41_BGgpt_abbreviations_EN_BG.txt	ORIF	Open reduction with internal fixation	ОРВФ	Отворена репозиция с вътрешна фиксация
traumatology_ankle fractures_41_BGgpt_abbreviations_EN_BG.txt	AP	Anteroposterior	АП	Антеропостериорна
traumatology_ankle fractures_41_BGgpt_abbreviations_EN_BG.txt	L	Lateral	Л	Латерална
traumatology_ankle fractures_41_BGgpt_abbreviations_EN_BG.txt	Oblique	Oblique (mortise)	О	Обликова (мортисова)
traumatology_ankle fractures_41_BGgpt_abbreviations_EN_BG.txt	Rx	Treatment	Л	Лечение
traumatology_ankle fractures_41_BGgpt_abbreviations_EN_BG.txt	ER	Emergency Room	СМП / Спешно отделение	Спешно отделение
traumatology_ankle fractures_41_BGgpt_abbreviations_EN_BG.txt	BID	Twice a day	2 пъти дневно	Два пъти дневно
traumatology_ankle fractures_41_BGgpt_abbreviations_EN_BG.txt	QID	Four times a day	4 пъти дневно	Четири пъти дневно
traumatology_ankle fractures_41_BGgpt_abbreviations_EN_BG.txt	Q6H	Every 6 hours	На всеки 6 часа	На всеки 6 часа
traumatology_ankle fractures_41_BGgpt_abbreviations_EN_BG.txt	Q8H	Every 8 hours	На всеки 8 часа	На всеки 8 часа
traumatology_ankle fractures_41_BGgpt_abbreviations_EN_BG.txt	PT	Physical Therapy	ФТ	Физиотерапия
traumatology_ankle fractures_42_BGgpt_abbreviations_EN_BG.txt	MRN	Medical Record Number	МРН	Медицинско досие №
traumatology_ankle fractures_42_BGgpt_abbreviations_EN_BG.txt	BP	Blood Pressure	КН	Кръвно налягане
traumatology_ankle fractures_42_BGgpt_abbreviations_EN_BG.txt	HR	Heart Rate	ЧСС	Сърдечна честота
traumatology_ankle fractures_42_BGgpt_abbreviations_EN_BG.txt	Temp	Temperature	Т°	Температура
traumatology_ankle fractures_42_BGgpt_abbreviations_EN_BG.txt	RR	Respiratory Rate	ЧД	Честота на дишане
traumatology_ankle fractures_42_BGgpt_abbreviations_EN_BG.txt	ORIF	Open Reduction with Internal Fixation	ОРВФ	Отворена репозиция с вътрешна фиксация
traumatology_ankle fractures_42_BGgpt_abbreviations_EN_BG.txt	VTE	Venous Thromboembolism	ВТЕ	Венозна тромбоемболия
traumatology_ankle fractures_42_BGgpt_abbreviations_EN_BG.txt	POD	Postoperative Day	ПОД	Постоперативен ден
traumatology_ankle fractures_42_BGgpt_abbreviations_EN_BG.txt	MD	Doctor of Medicine	д-р	Доктор по медицина
traumatology_ankle fractures_43_BGgpt_abbreviations_EN_BG.txt	ORIF	Open Reduction Internal Fixation	ОРВИФ	Отворена репозиция и вътрешна фиксация
traumatology_ankle fractures_43_BGgpt_abbreviations_EN_BG.txt	IV	Intravenous	в/в	Венозно
traumatology_ankle fractures_43_BGgpt_abbreviations_EN_BG.txt	AP	Anteroposterior	АР	Предно-задна проекция
traumatology_ankle fractures_43_BGgpt_abbreviations_EN_BG.txt	CT	Computed Tomography	КТ	Компютърна томография
traumatology_ankle fractures_43_BGgpt_abbreviations_EN_BG.txt	MRI	Magnetic Resonance Imaging	ЯМР	Ядрено-магнитен резонанс
traumatology_ankle fractures_43_BGgpt_abbreviations_EN_BG.txt	NWB	Non-weight Bearing	Без натоварване	Без натоварване на крайника
traumatology_ankle fractures_43_BGgpt_abbreviations_EN_BG.txt	ROM	Range of Motion	Обем на движение	Обем на движение
traumatology_ankle fractures_43_BGgpt_abbreviations_EN_BG.txt	BID	Twice a day	2 пъти дневно	Двукратно дневно приложение
traumatology_ankle fractures_43_BGgpt_abbreviations_EN_BG.txt	TID	Three times a day	3 пъти дневно	Трикратно дневно приложение
traumatology_ankle fractures_43_BGgpt_abbreviations_EN_BG.txt	QID	Four times a day	4 пъти дневно	Четирикратно дневно приложение
traumatology_ankle fractures_44_BGgpt_abbreviations_EN_BG.txt	ORIF	Open Reduction with Internal Fixation	ОРВФ	Отворена репозиция с вътрешна фиксация
traumatology_ankle fractures_44_BGgpt_abbreviations_EN_BG.txt	IV	Intravenous	IV / венозно	Венозно
traumatology_ankle fractures_44_BGgpt_abbreviations_EN_BG.txt	BP	Blood Pressure	Кръвно налягане	Кръвно налягане (standard abbreviation АН)
traumatology_ankle fractures_44_BGgpt_abbreviations_EN_BG.txt	AP	Anteroposterior	АР	Антеропостериорна
traumatology_ankle fractures_44_BGgpt_abbreviations_EN_BG.txt	PO	Per Os (by mouth)	орално / през устата	През устата
traumatology_ankle fractures_44_BGgpt_abbreviations_EN_BG.txt	q6h	Every 6 hours	на всеки 6 часа	На всеки 6 часа
traumatology_ankle fractures_44_BGgpt_abbreviations_EN_BG.txt	q8h	Every 8 hours	на всеки 8 часа	На всеки 8 часа
traumatology_ankle fractures_44_BGgpt_abbreviations_EN_BG.txt	prn	As needed	при нужда	При нужда
traumatology_ankle fractures_45_BGgpt_abbreviations_EN_BG.txt	ORIF	Open Reduction with Internal Fixation	ОРИФ	Отворена репозиция и вътрешна фиксация
traumatology_ankle fractures_45_BGgpt_abbreviations_EN_BG.txt	DVT	Deep Vein Thrombosis	ДВТ	Дълбока венозна тромбоза
traumatology_ankle fractures_45_BGgpt_abbreviations_EN_BG.txt	IV	Intravenous	IV	Интравенозен
traumatology_ankle fractures_45_BGgpt_abbreviations_EN_BG.txt	mg	Milligram	mg	Милиграм
traumatology_ankle fractures_45_BGgpt_abbreviations_EN_BG.txt	h	Hour(s)	ч	Час / Часове
traumatology_ankle fractures_45_BGgpt_abbreviations_EN_BG.txt	POD	Post-Operative Day	ПОД	След-оперативен ден
traumatology_ankle fractures_46_BGgpt_abbreviations_EN_BG.txt	MRN	Medical Record Number	№ ЛК	Личен картон
traumatology_ankle fractures_46_BGgpt_abbreviations_EN_BG.txt	DOB	Date of Birth	ДР	Дата на раждане
traumatology_ankle fractures_46_BGgpt_abbreviations_EN_BG.txt	ORIF	Open Reduction with Internal Fixation	ОРВФ	Отворена репозиция с вътрешна фиксация
traumatology_ankle fractures_46_BGgpt_abbreviations_EN_BG.txt	IV	Intravenous	и.в.	интравенозно
traumatology_ankle fractures_46_BGgpt_abbreviations_EN_BG.txt	MRI	Magnetic Resonance Imaging	ЯМР	Ядрено-магнитен резонанс
traumatology_ankle fractures_46_BGgpt_abbreviations_EN_BG.txt	BP	Blood Pressure	АН	Артериално налягане
traumatology_ankle fractures_46_BGgpt_abbreviations_EN_BG.txt	kg	Kilogram	кг	килограм
traumatology_ankle fractures_46_BGgpt_abbreviations_EN_BG.txt	mg	Milligram	мг	милиграм
traumatology_ankle fractures_46_BGgpt_abbreviations_EN_BG.txt	g	Gram	г	грам
traumatology_ankle fractures_46_BGgpt_abbreviations_EN_BG.txt	cm	Centimeter	см	сантиметър
traumatology_ankle fractures_46_BGgpt_abbreviations_EN_BG.txt	h	Hour	ч	час
traumatology_ankle fractures_47_BGgpt_abbreviations_EN_BG.txt	ORIF	Open reduction with internal fixation	ОРВФ	Открита репозиция и вътрешна фиксация
traumatology_ankle fractures_47_BGgpt_abbreviations_EN_BG.txt	X-rays	X-rays	Рентгенография	Рентгенографско изследване
traumatology_ankle fractures_47_BGgpt_abbreviations_EN_BG.txt	AP	Anteroposterior	АР	Антеропостериорна
traumatology_ankle fractures_47_BGgpt_abbreviations_EN_BG.txt	MRN	Medical Record Number	ЛН	Личен номер (of patient)
traumatology_ankle fractures_47_BGgpt_abbreviations_EN_BG.txt	MD	Doctor of Medicine	д-р	Доктор
traumatology_ankle fractures_47_BGgpt_abbreviations_EN_BG.txt	BP	Blood Pressure	КН	Кръвно налягане
traumatology_ankle fractures_48_BGgpt_abbreviations_EN_BG.txt	ED	Emergency Department	СПО	Спешно приемно отделение
traumatology_ankle fractures_48_BGgpt_abbreviations_EN_BG.txt	MD	Medical Doctor	Д-р	Доктор
traumatology_ankle fractures_49_BGgpt_abbreviations_EN_BG.txt	ED	Emergency Department	Спешно отделение	Спешно отделение
traumatology_ankle fractures_49_BGgpt_abbreviations_EN_BG.txt	ORIF	Open Reduction with Internal Fixation	ОРВФ	Отворена репозиция и вътрешна фиксация
traumatology_ankle fractures_49_BGgpt_abbreviations_EN_BG.txt	DVT	Deep Vein Thrombosis	ДВТ	Дълбока венозна тромбоза
traumatology_ankle fractures_49_BGgpt_abbreviations_EN_BG.txt	IV	Intravenous	В/в	Венозно (интравенозно)
traumatology_ankle fractures_49_BGgpt_abbreviations_EN_BG.txt	BID	Twice a day	2 пъти дневно	Два пъти дневно
traumatology_ankle fractures_49_BGgpt_abbreviations_EN_BG.txt	QID	Four times a day	4 пъти дневно	Четири пъти дневно
traumatology_ankle fractures_49_BGgpt_abbreviations_EN_BG.txt	g	Grams	г	Грама
traumatology_ankle fractures_49_BGgpt_abbreviations_EN_BG.txt	mg	Milligrams	мг	Милиграма
traumatology_ankle fractures_49_BGgpt_abbreviations_EN_BG.txt	kg	Kilograms	кг	Килограма
traumatology_ankle fractures_49_BGgpt_abbreviations_EN_BG.txt	cm	Centimeters	см	Сантиметра
traumatology_ankle fractures_49_BGgpt_abbreviations_EN_BG.txt	ml	Milliliters	мл	Милилитъра
traumatology_ankle fractures_49_BGgpt_abbreviations_EN_BG.txt	NPO	Nothing per os (nil per os)	НПО	Нищо през устата
traumatology_ankle fractures_49_BGgpt_abbreviations_EN_BG.txt	EKG	Electrocardiogram	ЕКГ	Електрокардиограма
traumatology_ankle fractures_49_BGgpt_abbreviations_EN_BG.txt	BP	Blood Pressure	Кръвно налягане	Кръвно налягане (standard abbreviation АН)
traumatology_ankle fractures_4_BGgpt_abbreviations_EN_BG.txt	ED	Emergency Department	СПО	Спешно отделение
traumatology_ankle fractures_4_BGgpt_abbreviations_EN_BG.txt	ORIF	Open Reduction and Internal Fixation	ОРВФ	Отворена репозиция и вътрешна фиксация
traumatology_ankle fractures_4_BGgpt_abbreviations_EN_BG.txt	MD	Doctor of Medicine	Д-р / МД	"Доктор по медицина / Медицински доктор (МД се използва рядко, предпочитан е ""д-р"" преди името)"
traumatology_ankle fractures_4_BGgpt_abbreviations_EN_BG.txt	Rx	Treatment	Лечение / терапия	(Not commonly abbreviated in Bulgarian, full word is usually used)
traumatology_ankle fractures_4_BGgpt_abbreviations_EN_BG.txt	q8h	every 8 hours	на всеки 8 часа	(Not commonly abbreviated in Bulgarian, full phrase is used)
traumatology_ankle fractures_4_BGgpt_abbreviations_EN_BG.txt	q6h	every 6 hours	на всеки 6 часа	(Not commonly abbreviated in Bulgarian, full phrase is used)
traumatology_ankle fractures_5_BGgpt_abbreviations_EN_BG.txt	ORIF	Open Reduction with Internal Fixation	ОРВФ	Отворена репозиция с вътрешна фиксация
traumatology_ankle fractures_5_BGgpt_abbreviations_EN_BG.txt	x-rays	X-rays	Рентгенографии	Рентгенови снимки
traumatology_ankle fractures_5_BGgpt_abbreviations_EN_BG.txt	AP	Anteroposterior	АР	Антеропостериорна
traumatology_ankle fractures_5_BGgpt_abbreviations_EN_BG.txt	MRN	Medical Record Number	№ на мед. досие	Номер на медицинско досие
traumatology_ankle fractures_5_BGgpt_abbreviations_EN_BG.txt	mg	Milligram	мг	Милиграм
traumatology_ankle fractures_5_BGgpt_abbreviations_EN_BG.txt	h	hour(s)	ч.	Час(ове)
traumatology_ankle fractures_5_BGgpt_abbreviations_EN_BG.txt	q6h	every 6 hours	на всеки 6 ч.	На всеки 6 часа
traumatology_ankle fractures_5_BGgpt_abbreviations_EN_BG.txt	BID	twice a day	2 пъти дн.	Два пъти дневно
traumatology_ankle fractures_5_BGgpt_abbreviations_EN_BG.txt	TID	three times a day	3 пъти дн.	Три пъти дневно
traumatology_ankle fractures_6_BGgpt_abbreviations_EN_BG.txt	MD	Doctor of Medicine	Д-р	Доктор по медицина
traumatology_ankle fractures_6_BGgpt_abbreviations_EN_BG.txt	X-ray	Radiograph	Ргф	Рентгенография
traumatology_ankle fractures_6_BGgpt_abbreviations_EN_BG.txt	PO	Per os (by mouth)	П/о	Перорално (през устата)
traumatology_ankle fractures_6_BGgpt_abbreviations_EN_BG.txt	IV	Intravenous	И/в	Интравенозно
traumatology_ankle fractures_6_BGgpt_abbreviations_EN_BG.txt	ORIF	Open reduction internal fixation	ОРВФ	Отворена репозиция с вътрешна фиксация
traumatology_ankle fractures_6_BGgpt_abbreviations_EN_BG.txt	g	gram	г	грам
traumatology_ankle fractures_6_BGgpt_abbreviations_EN_BG.txt	mg	milligram	мг	милиграм
traumatology_ankle fractures_6_BGgpt_abbreviations_EN_BG.txt	MRN	Medical Record Number	МРН	Медицински регистрационен номер
traumatology_ankle fractures_6_BGgpt_abbreviations_EN_BG.txt	h	hour	ч	час
traumatology_ankle fractures_7_BGgpt_abbreviations_EN_BG.txt	MRN	Medical Record Number	МРН	Медицински номер на пациента
traumatology_ankle fractures_7_BGgpt_abbreviations_EN_BG.txt	MD	Medical Doctor	д-р	доктор
traumatology_ankle fractures_7_BGgpt_abbreviations_EN_BG.txt	X-rays	X-ray images	Рентгенографии	Рентгенови снимки
traumatology_ankle fractures_7_BGgpt_abbreviations_EN_BG.txt	ORIF	Open Reduction Internal Fixation	ОРИФ	Отворена репозиция и вътрешна фиксация
traumatology_ankle fractures_7_BGgpt_abbreviations_EN_BG.txt	AP	Anteroposterior	П-З	Предно-задна
traumatology_ankle fractures_7_BGgpt_abbreviations_EN_BG.txt	DVT	Deep Vein Thrombosis	ДВТ	Дълбока венозна тромбоза
traumatology_ankle fractures_8_BGgpt_abbreviations_EN_BG.txt	ORIF	Open reduction with internal fixation	ОРВФ	Отворена репозиция с вътрешна фиксация
traumatology_ankle fractures_8_BGgpt_abbreviations_EN_BG.txt	AP	Anteroposterior	АР	Антеропостериорна
traumatology_ankle fractures_8_BGgpt_abbreviations_EN_BG.txt	ED	Emergency Department	СПО	Спешно приемно отделение
traumatology_ankle fractures_8_BGgpt_abbreviations_EN_BG.txt	MD	Medical Doctor	МД / д-р	Медицински доктор / доктор
traumatology_ankle fractures_8_BGgpt_abbreviations_EN_BG.txt	h	hours	ч	часове
traumatology_ankle fractures_8_BGgpt_abbreviations_EN_BG.txt	mg	milligram	мг	милиграм
traumatology_ankle fractures_8_BGgpt_abbreviations_EN_BG.txt	po	per os (by mouth)	перорално	Перорално
traumatology_ankle fractures_9_BGgpt_abbreviations_EN_BG.txt	ED	Emergency Department	СПО	Спешно отделение
traumatology_ankle fractures_9_BGgpt_abbreviations_EN_BG.txt	ORIF	Open Reduction with Internal Fixation	ОРВФ	Отворена репозиция и вътрешна фиксация
traumatology_ankle fractures_9_BGgpt_abbreviations_EN_BG.txt	DVT	Deep Vein Thrombosis	ДВТ	Дълбока венозна тромбоза
traumatology_ankle fractures_9_BGgpt_abbreviations_EN_BG.txt	AP	Anteroposterior	АР	Антеропостериорна
traumatology_ankle fractures_9_BGgpt_abbreviations_EN_BG.txt	ROM	Range of Motion	ДПО	Диапазон на движение
traumatology_distal humeral fractures_0_BGgpt_abbreviations_EN_BG.txt	ORIF	Open Reduction and Internal Fixation	ОРВФ	Отворена репозиция и вътрешна фиксация
traumatology_distal humeral fractures_0_BGgpt_abbreviations_EN_BG.txt	CT	Computed Tomography	КТ	Компютърна томография
traumatology_distal humeral fractures_0_BGgpt_abbreviations_EN_BG.txt	IV	Intravenous	i.v.	Интравенозен
traumatology_distal humeral fractures_0_BGgpt_abbreviations_EN_BG.txt	q6h	Every 6 hours	на всеки 6 часа	на всеки 6 часа
traumatology_distal humeral fractures_0_BGgpt_abbreviations_EN_BG.txt	q8h	Every 8 hours	на всеки 8 часа	на всеки 8 часа
traumatology_distal humeral fractures_0_BGgpt_abbreviations_EN_BG.txt	q4h	Every 4 hours	на всеки 4 часа	на всеки 4 часа
traumatology_distal humeral fractures_0_BGgpt_abbreviations_EN_BG.txt	prn	As needed	според нуждата	според нуждата
traumatology_distal humeral fractures_0_BGgpt_abbreviations_EN_BG.txt	kg	Kilograms	кг	килограма
traumatology_distal humeral fractures_0_BGgpt_abbreviations_EN_BG.txt	lbs	Pounds	паунда	паунда
traumatology_distal humeral fractures_10_BGgpt_abbreviations_EN_BG.txt	MRN	Medical Record Number	МРН	Медицински регистрационен номер
traumatology_distal humeral fractures_10_BGgpt_abbreviations_EN_BG.txt	MD	Doctor of Medicine	Д-р	Доктор по медицина
traumatology_distal humeral fractures_10_BGgpt_abbreviations_EN_BG.txt	ORIF	Open Reduction Internal Fixation	ОРИФ	Отворена репозиция с вътрешна фиксация
traumatology_distal humeral fractures_10_BGgpt_abbreviations_EN_BG.txt	IV	Intravenous	ИВ	Интравенозно
traumatology_distal humeral fractures_10_BGgpt_abbreviations_EN_BG.txt	PO	Per os (orally)	Перорално	Перорално
traumatology_distal humeral fractures_10_BGgpt_abbreviations_EN_BG.txt	ER	Emergency Room	СПО	Спешно приемно отделение
traumatology_distal humeral fractures_10_BGgpt_abbreviations_EN_BG.txt	Rx	Prescription	Рецепта	Рецепта
traumatology_distal humeral fractures_11_BGgpt_abbreviations_EN_BG.txt	MRI	Magnetic Resonance Imaging	ЯМР	Ядрено-магнитен резонанс
traumatology_distal humeral fractures_11_BGgpt_abbreviations_EN_BG.txt	ORIF	Open Reduction with Internal Fixation	ОРИФ	Отворена репозиция с вътрешна фиксация
traumatology_distal humeral fractures_11_BGgpt_abbreviations_EN_BG.txt	VTE	Venous Thromboembolism	ВТЕ	Венозна тромбоемболия
traumatology_distal humeral fractures_11_BGgpt_abbreviations_EN_BG.txt	IV	Intravenous	интравенозно	Интравенозно
traumatology_distal humeral fractures_11_BGgpt_abbreviations_EN_BG.txt	MRN	Medical Record Number	№ на мед. досие	Номер на медицинско досие
traumatology_distal humeral fractures_11_BGgpt_abbreviations_EN_BG.txt	ED	Emergency Department	Спешно отделение	Спешно отделение
traumatology_distal humeral fractures_12_BGgpt_abbreviations_EN_BG.txt	ORIF	Open Reduction and Internal Fixation	ОРВФ	Отворена репозиция и вътрешна фиксация
traumatology_distal humeral fractures_12_BGgpt_abbreviations_EN_BG.txt	IV	Intravenous	i.v.	Интравенозно
traumatology_distal humeral fractures_12_BGgpt_abbreviations_EN_BG.txt	ED	Emergency Department	Спешно отделение	Спешно отделение
traumatology_distal humeral fractures_12_BGgpt_abbreviations_EN_BG.txt	mg	Milligram	mg	Милиграм
traumatology_distal humeral fractures_12_BGgpt_abbreviations_EN_BG.txt	g	Gram	g	Грама
traumatology_distal humeral fractures_12_BGgpt_abbreviations_EN_BG.txt	h	Hour	h	Час
traumatology_distal humeral fractures_13_BGgpt_abbreviations_EN_BG.txt	ORIF	Open Reduction with Internal Fixation	ОРВФ	Открита репозиция с вътрешна фиксация
traumatology_distal humeral fractures_13_BGgpt_abbreviations_EN_BG.txt	M.D.	Doctor of Medicine	д-р	доктор по медицина
traumatology_distal humeral fractures_13_BGgpt_abbreviations_EN_BG.txt	ED	Emergency Department	Спешно отделение	Спешно отделение
traumatology_distal humeral fractures_13_BGgpt_abbreviations_EN_BG.txt	x-ray	X-ray	Рентгенография	Рентгенография
traumatology_distal humeral fractures_14_BGgpt_abbreviations_EN_BG.txt	IV	Intravenous	IV / в/в	Интравенозен / венозен
traumatology_distal humeral fractures_14_BGgpt_abbreviations_EN_BG.txt	ORIF	Open reduction with internal fixation	ОРИФ	Отворена репозиция и вътрешна фиксация
traumatology_distal humeral fractures_14_BGgpt_abbreviations_EN_BG.txt	OD	Once daily	1x дневно	Един път дневно
traumatology_distal humeral fractures_14_BGgpt_abbreviations_EN_BG.txt	BID	Twice daily	2x дневно	Два пъти дневно
traumatology_distal humeral fractures_14_BGgpt_abbreviations_EN_BG.txt	mg	Milligram	мг	Милиграм
traumatology_distal humeral fractures_14_BGgpt_abbreviations_EN_BG.txt	g	Gram	г	Грам
traumatology_distal humeral fractures_14_BGgpt_abbreviations_EN_BG.txt	h	Hour	ч	Час
traumatology_distal humeral fractures_15_BGgpt_abbreviations_EN_BG.txt	ORIF	Open Reduction and Internal Fixation	ОРИФ	Оперативно лечение на фрактурата с отворена репозиция и вътрешна фиксация
traumatology_distal humeral fractures_15_BGgpt_abbreviations_EN_BG.txt	mg	Milligram	мг	милиграм
traumatology_distal humeral fractures_15_BGgpt_abbreviations_EN_BG.txt	g	Gram	г	грам
traumatology_distal humeral fractures_15_BGgpt_abbreviations_EN_BG.txt	MD	Doctor of Medicine	д-р	доктор по медицина
traumatology_distal humeral fractures_16_BGgpt_abbreviations_EN_BG.txt	ORIF	Open Reduction and Internal Fixation	ОРИФ	Отворена репозиция и вътрешна фиксация
traumatology_distal humeral fractures_16_BGgpt_abbreviations_EN_BG.txt	CT	Computed Tomography	КТ	Компютърна томография
traumatology_distal humeral fractures_16_BGgpt_abbreviations_EN_BG.txt	IV	Intravenous	IV	Интравенозно
traumatology_distal humeral fractures_16_BGgpt_abbreviations_EN_BG.txt	mg	Milligram	mg	Милиграм
traumatology_distal humeral fractures_16_BGgpt_abbreviations_EN_BG.txt	q6h	Every 6 hours	на всеки 6 часа	/
traumatology_distal humeral fractures_16_BGgpt_abbreviations_EN_BG.txt	q8h	Every 8 hours	на всеки 8 часа	/
traumatology_distal humeral fractures_16_BGgpt_abbreviations_EN_BG.txt	PRN	As needed	при необходимост	/
traumatology_distal humeral fractures_17_BGgpt_abbreviations_EN_BG.txt	BP	Blood Pressure	АН	Артериално налягане
traumatology_distal humeral fractures_17_BGgpt_abbreviations_EN_BG.txt	HR	Heart Rate	Пулс / ЧСС	Пулсова честота / Сърдечна честота
traumatology_distal humeral fractures_17_BGgpt_abbreviations_EN_BG.txt	mmHg	Millimeters of Mercury	mmHg	Милиметри живачен стълб
traumatology_distal humeral fractures_17_BGgpt_abbreviations_EN_BG.txt	bpm	Beats per Minute	уд./мин	Удари в минута
traumatology_distal humeral fractures_17_BGgpt_abbreviations_EN_BG.txt	Temp	Temperature	Т°	Температура
traumatology_distal humeral fractures_17_BGgpt_abbreviations_EN_BG.txt	°F	Degrees Fahrenheit	°F	Градуси по Фаренхайт
traumatology_distal humeral fractures_17_BGgpt_abbreviations_EN_BG.txt	RR	Respiratory Rate	ДХ	Дихателна честота
traumatology_distal humeral fractures_17_BGgpt_abbreviations_EN_BG.txt	CT	Computed Tomography	КТ	Компютърна томография
traumatology_distal humeral fractures_17_BGgpt_abbreviations_EN_BG.txt	X-rays	X-ray	Рентген	Рентгеново изследване
traumatology_distal humeral fractures_17_BGgpt_abbreviations_EN_BG.txt	ORIF	Open Reduction and Internal Fixation	ОРВФ	Отворена репозиция и вътрешна фиксация
traumatology_distal humeral fractures_17_BGgpt_abbreviations_EN_BG.txt	ED	Emergency Department	СПО	Спешно отделение
traumatology_distal humeral fractures_17_BGgpt_abbreviations_EN_BG.txt	MRN	Medical Record Number	АМБУЛАТОРЕН №	Амбулаторен номер
traumatology_distal humeral fractures_18_BGgpt_abbreviations_EN_BG.txt	MRN	Medical Record Number	МРН	Медицинско досие
traumatology_distal humeral fractures_18_BGgpt_abbreviations_EN_BG.txt	ORIF	Open Reduction with Internal Fixation	ОРИФ	Отворена репозиция с вътрешна фиксация
traumatology_distal humeral fractures_18_BGgpt_abbreviations_EN_BG.txt	NSAIDs	Non-Steroidal Anti-Inflammatory Drugs	НСПВС	Нестероидни противовъзпалителни средства
traumatology_distal humeral fractures_18_BGgpt_abbreviations_EN_BG.txt	MD	Doctor of Medicine	д-р	доктор по медицина
traumatology_distal humeral fractures_18_BGgpt_abbreviations_EN_BG.txt	mg	milligram	мг	милиграм
traumatology_distal humeral fractures_18_BGgpt_abbreviations_EN_BG.txt	IU	International Unit	IU	Международна единица
traumatology_distal humeral fractures_19_BGgpt_abbreviations_EN_BG.txt	ORIF	Open Reduction with Internal Fixation	ОРВФ	Отворена репозиция с вътрешна фиксация
traumatology_distal humeral fractures_19_BGgpt_abbreviations_EN_BG.txt	IV	Intravenous	i.v./i.v.	Интравенозен
traumatology_distal humeral fractures_19_BGgpt_abbreviations_EN_BG.txt	mg	Milligram	mg	Милиграм
traumatology_distal humeral fractures_19_BGgpt_abbreviations_EN_BG.txt	g	Gram	g	Грам
traumatology_distal humeral fractures_19_BGgpt_abbreviations_EN_BG.txt	h	hour	h	Час
traumatology_distal humeral fractures_19_BGgpt_abbreviations_EN_BG.txt	PCP	Primary Care Physician	ЛО	Лекуващ лекар
traumatology_distal humeral fractures_19_BGgpt_abbreviations_EN_BG.txt	X-ray	X-Ray	Рентген	Рентгеново изследване
traumatology_distal humeral fractures_1_BGgpt_abbreviations_EN_BG.txt	DOB	Date of Birth	ДР	Дата на раждане
traumatology_distal humeral fractures_1_BGgpt_abbreviations_EN_BG.txt	ORIF	Open Reduction and Internal Fixation	ОРВФ	Открита репозиция и вътрешна фиксация
traumatology_distal humeral fractures_20_BGgpt_abbreviations_EN_BG.txt	ORIF	Open Reduction Internal Fixation	ОРВФ	Открита репозиция и вътрешна фиксация
traumatology_distal humeral fractures_20_BGgpt_abbreviations_EN_BG.txt	mg	Milligram	мг	Милиграм
traumatology_distal humeral fractures_20_BGgpt_abbreviations_EN_BG.txt	h	Hour	ч.	Час
traumatology_distal humeral fractures_20_BGgpt_abbreviations_EN_BG.txt	q6h	Every 6 hours	на всеки 6 часа	На всеки 6 часа
traumatology_distal humeral fractures_20_BGgpt_abbreviations_EN_BG.txt	q8h	Every 8 hours	на всеки 8 часа	На всеки 8 часа
traumatology_distal humeral fractures_21_BGgpt_abbreviations_EN_BG.txt	ORIF	Open Reduction and Internal Fixation	ОРВФ	Отворена репозиция и вътрешна фиксация
traumatology_distal humeral fractures_21_BGgpt_abbreviations_EN_BG.txt	DVT	Deep Vein Thrombosis	ДВТ	Дълбока венозна тромбоза
traumatology_distal humeral fractures_21_BGgpt_abbreviations_EN_BG.txt	IV	Intravenous	Интравенозно	Интравенозно (no standard abbreviation)
traumatology_distal humeral fractures_21_BGgpt_abbreviations_EN_BG.txt	DOB	Date of Birth	Дата на раждане	Дата на раждане
traumatology_distal humeral fractures_22_BGgpt_abbreviations_EN_BG.txt	ORIF	Open reduction and internal fixation	ОРИФ	Открита репозиция и вътрешна фиксация
traumatology_distal humeral fractures_22_BGgpt_abbreviations_EN_BG.txt	IV	Intravenous	i.v. / венозно	Интравенозно / венозно
traumatology_distal humeral fractures_22_BGgpt_abbreviations_EN_BG.txt	BID	Twice a day	2 пъти дневно	Два пъти дневно
traumatology_distal humeral fractures_22_BGgpt_abbreviations_EN_BG.txt	TID	Three times a day	3 пъти дневно	Три пъти дневно
traumatology_distal humeral fractures_22_BGgpt_abbreviations_EN_BG.txt	PRN	As needed	при нужда	При нужда
traumatology_distal humeral fractures_22_BGgpt_abbreviations_EN_BG.txt	mg	Milligram	мг	Милиграм
traumatology_distal humeral fractures_22_BGgpt_abbreviations_EN_BG.txt	h	Hour	ч.	Час
traumatology_distal humeral fractures_23_BGgpt_abbreviations_EN_BG.txt	DOB	Date of Birth	ДР	Дата на раждане
traumatology_distal humeral fractures_23_BGgpt_abbreviations_EN_BG.txt	MRN	Medical Record Number	АМБ	Амбулаторен/медицински номер
traumatology_distal humeral fractures_23_BGgpt_abbreviations_EN_BG.txt	ORIF	Open Reduction with Internal Fixation	ОРИФ	Отворена репозиция и вътрешна фиксация
traumatology_distal humeral fractures_23_BGgpt_abbreviations_EN_BG.txt	PRN	As needed	При нужда	При нужда
traumatology_distal humeral fractures_23_BGgpt_abbreviations_EN_BG.txt	PCP	Primary Care Physician	ЛЛ	Личен лекар
traumatology_distal humeral fractures_23_BGgpt_abbreviations_EN_BG.txt	mg	Milligram	мг	милиграм
traumatology_distal humeral fractures_24_BGgpt_abbreviations_EN_BG.txt	ORIF	Open Reduction with Internal Fixation	ОРВФ	Отворена репозиция с вътрешна фиксация
traumatology_distal humeral fractures_24_BGgpt_abbreviations_EN_BG.txt	CT	Computerized Tomography	КТ	Компютърна томография
traumatology_distal humeral fractures_24_BGgpt_abbreviations_EN_BG.txt	mg	Milligram	мг	Милиграм
traumatology_distal humeral fractures_24_BGgpt_abbreviations_EN_BG.txt	h	Hour	ч	Час
traumatology_distal humeral fractures_25_BGgpt_abbreviations_EN_BG.txt	ORIF	Open reduction with internal fixation	ОРИФ	Отворена репозиция с вътрешна фиксация
traumatology_distal humeral fractures_25_BGgpt_abbreviations_EN_BG.txt	IV	Intravenous	i.v.	Интравенозно
traumatology_distal humeral fractures_25_BGgpt_abbreviations_EN_BG.txt	M	Male	М	Мъжки пол
traumatology_distal humeral fractures_25_BGgpt_abbreviations_EN_BG.txt	F	Female	Ж	Женски пол
traumatology_distal humeral fractures_25_BGgpt_abbreviations_EN_BG.txt	mg	Milligram	мг	Милиграм
traumatology_distal humeral fractures_25_BGgpt_abbreviations_EN_BG.txt	h	Hour	ч	Час
traumatology_distal humeral fractures_25_BGgpt_abbreviations_EN_BG.txt	q	Every	на всеки	На всеки
traumatology_distal humeral fractures_25_BGgpt_abbreviations_EN_BG.txt	IM	Intramuscular	i.m.	Интрамускулно
traumatology_distal humeral fractures_25_BGgpt_abbreviations_EN_BG.txt	sc	Subcutaneous	s.c.	Подкожно
traumatology_distal humeral fractures_26_BGgpt_abbreviations_EN_BG.txt	DOB	Date of Birth	ДР	Дата на раждане
traumatology_distal humeral fractures_26_BGgpt_abbreviations_EN_BG.txt	MRN	Medical Record Number	МД № / ЗО №	Медицинско досие № / Здравноосигурителен номер
traumatology_distal humeral fractures_26_BGgpt_abbreviations_EN_BG.txt	ORIF	Open Reduction and Internal Fixation	ОРВ и ИО	Отворена репозиция и вътрешна остеосинтеза
traumatology_distal humeral fractures_26_BGgpt_abbreviations_EN_BG.txt	AP	Anteroposterior	АР	Антеропостериорна
traumatology_distal humeral fractures_26_BGgpt_abbreviations_EN_BG.txt	CT	Computed Tomography	КТ	Компютърна томография
traumatology_distal humeral fractures_26_BGgpt_abbreviations_EN_BG.txt	BID	Twice a day	2 пъти дневно	2 пъти дневно
traumatology_distal humeral fractures_26_BGgpt_abbreviations_EN_BG.txt	Q6H	Every 6 hours	На всеки 6 часа	На всеки 6 часа
traumatology_distal humeral fractures_26_BGgpt_abbreviations_EN_BG.txt	Q8H	Every 8 hours	На всеки 8 часа	На всеки 8 часа
traumatology_distal humeral fractures_26_BGgpt_abbreviations_EN_BG.txt	MD	Medical Doctor	д-р	доктор
traumatology_distal humeral fractures_26_BGgpt_abbreviations_EN_BG.txt	PO	Per Os (orally)	перорално	перорално
traumatology_distal humeral fractures_26_BGgpt_abbreviations_EN_BG.txt	PRN	Pro re nata (as needed)	при нужда	при нужда
traumatology_distal humeral fractures_27_BGgpt_abbreviations_EN_BG.txt	MD	Doctor of Medicine	д-р / д-ка	доктор / докторка (used in Bulgarian medical practice)
traumatology_distal humeral fractures_27_BGgpt_abbreviations_EN_BG.txt	mm	millimeters	мм	милиметри
traumatology_distal humeral fractures_27_BGgpt_abbreviations_EN_BG.txt	kg	kilograms	кг	килограми
traumatology_distal humeral fractures_27_BGgpt_abbreviations_EN_BG.txt	cm	centimeters	см	сантиметри
traumatology_distal humeral fractures_27_BGgpt_abbreviations_EN_BG.txt	h	hour	ч	час
traumatology_distal humeral fractures_27_BGgpt_abbreviations_EN_BG.txt	mg	milligrams	мг	милиграми
traumatology_distal humeral fractures_27_BGgpt_abbreviations_EN_BG.txt	IV	Intravenous	i.v. / венозно	вътревенозно
traumatology_distal humeral fractures_27_BGgpt_abbreviations_EN_BG.txt	ORIF	Open Reduction and Internal Fixation	ОРВФ	Открита репозиция и вътрешна фиксация
traumatology_distal humeral fractures_28_BGgpt_abbreviations_EN_BG.txt	ED	Emergency Department	СО	Спешно отделение
traumatology_distal humeral fractures_28_BGgpt_abbreviations_EN_BG.txt	ORIF	Open Reduction with Internal Fixation	ОРВФ	Отворена репозиция с вътрешна фиксация
traumatology_distal humeral fractures_28_BGgpt_abbreviations_EN_BG.txt	mg	Milligram	мг	Милиграм
traumatology_distal humeral fractures_28_BGgpt_abbreviations_EN_BG.txt	q6h	every 6 hours	на всеки 6 часа	на всеки 6 часа
traumatology_distal humeral fractures_28_BGgpt_abbreviations_EN_BG.txt	q8h	every 8 hours	на всеки 8 часа	на всеки 8 часа
traumatology_distal humeral fractures_28_BGgpt_abbreviations_EN_BG.txt	BID	Twice Daily	2 пъти дневно	2 пъти дневно
traumatology_distal humeral fractures_29_BGgpt_abbreviations_EN_BG.txt	ORIF	Open Reduction and Internal Fixation	ОРВФ	Открита репозиция и вътрешна фиксация
traumatology_distal humeral fractures_29_BGgpt_abbreviations_EN_BG.txt	SSI	Surgical Site Infection	ИОР	Инфекция на оперативната рана (no direct abbreviation)
traumatology_distal humeral fractures_29_BGgpt_abbreviations_EN_BG.txt	mg	Milligram	мг	Милиграм
traumatology_distal humeral fractures_29_BGgpt_abbreviations_EN_BG.txt	h	Hour	ч.	Час
traumatology_distal humeral fractures_29_BGgpt_abbreviations_EN_BG.txt	TID	Three times a day	3 пъти дневно	Три пъти дневно
traumatology_distal humeral fractures_29_BGgpt_abbreviations_EN_BG.txt	QID	Four times a day	4 пъти дневно	Четири пъти дневно
traumatology_distal humeral fractures_29_BGgpt_abbreviations_EN_BG.txt	PRN	As needed	При необходимост	При необходимост
traumatology_distal humeral fractures_29_BGgpt_abbreviations_EN_BG.txt	BID	Twice a day	2 пъти дневно	Два пъти дневно
traumatology_distal humeral fractures_29_BGgpt_abbreviations_EN_BG.txt	ROM	Range of motion	Обем на движение	Обем на движение (no direct abbreviation)
traumatology_distal humeral fractures_2_BGgpt_abbreviations_EN_BG.txt	ORIF	Open Reduction with Internal Fixation	ОРВФ	Открита репозиция с вътрешна фиксация
traumatology_distal humeral fractures_2_BGgpt_abbreviations_EN_BG.txt	X-rays	X-ray images	Ртг	Рентгенографско изследване
traumatology_distal humeral fractures_2_BGgpt_abbreviations_EN_BG.txt	IV	Intravenous	i.v. / венозно	Венозно
traumatology_distal humeral fractures_2_BGgpt_abbreviations_EN_BG.txt	q8h	Every 8 hours	на всеки 8 часа	На всеки 8 часа
traumatology_distal humeral fractures_2_BGgpt_abbreviations_EN_BG.txt	RN	Registered Nurse	мед. с-ка	Медицинска сестра
traumatology_distal humeral fractures_2_BGgpt_abbreviations_EN_BG.txt	MD	Doctor of Medicine	д-р / лекар	Доктор / Лекар
traumatology_distal humeral fractures_30_BGgpt_abbreviations_EN_BG.txt	ORIF	Open Reduction and Internal Fixation	ОРВФ	Отворена репозиция и вътрешна фиксация
traumatology_distal humeral fractures_30_BGgpt_abbreviations_EN_BG.txt	mg	milligram	мг	милиграм
traumatology_distal humeral fractures_30_BGgpt_abbreviations_EN_BG.txt	hr	hour	ч	час
traumatology_distal humeral fractures_30_BGgpt_abbreviations_EN_BG.txt	prn	as needed	според необходимост	според необходимост
traumatology_distal humeral fractures_30_BGgpt_abbreviations_EN_BG.txt	PO	orally	перорално	per os / през устата
traumatology_distal humeral fractures_30_BGgpt_abbreviations_EN_BG.txt	q6h	every 6 hours	на всеки 6 ч	на всеки 6 часа
traumatology_distal humeral fractures_30_BGgpt_abbreviations_EN_BG.txt	q8h	every 8 hours	на всеки 8 ч	на всеки 8 часа
traumatology_distal humeral fractures_30_BGgpt_abbreviations_EN_BG.txt	MD	Doctor of Medicine	д-р	доктор
traumatology_distal humeral fractures_31_BGgpt_abbreviations_EN_BG.txt	ORIF	Open Reduction and Internal Fixation	ОРВФ	Отворена репозиция и вътрешна фиксация
traumatology_distal humeral fractures_31_BGgpt_abbreviations_EN_BG.txt	MD	Doctor of Medicine	д-р	Доктор по медицина
traumatology_distal humeral fractures_31_BGgpt_abbreviations_EN_BG.txt	IV	Intravenous	в/в	Вътревенозно
traumatology_distal humeral fractures_31_BGgpt_abbreviations_EN_BG.txt	X-rays	Radiographs	Ртг	Рентгенография
traumatology_distal humeral fractures_32_BGgpt_abbreviations_EN_BG.txt	MD	Doctor of Medicine	д-р	Доктор по медицина
traumatology_distal humeral fractures_32_BGgpt_abbreviations_EN_BG.txt	ORIF	Open Reduction with Internal Fixation	ОРВФ	Открита репозиция и вътрешна фиксация
traumatology_distal humeral fractures_32_BGgpt_abbreviations_EN_BG.txt	IV	Intravenous	i.v.	Интравенозно
traumatology_distal humeral fractures_33_BGgpt_abbreviations_EN_BG.txt	ORIF	Open Reduction and Internal Fixation	ОРВФ	Открита репозиция и вътрешна фиксация
traumatology_distal humeral fractures_33_BGgpt_abbreviations_EN_BG.txt	CT	Computed Tomography	КТ	Компютърна томография
traumatology_distal humeral fractures_33_BGgpt_abbreviations_EN_BG.txt	MD	Doctor of Medicine	-	Доктор по медицина (no standard abbreviation)
traumatology_distal humeral fractures_33_BGgpt_abbreviations_EN_BG.txt	MRI	Magnetic Resonance Imaging	ЯМР	Ядрено-магнитен резонанс
traumatology_distal humeral fractures_33_BGgpt_abbreviations_EN_BG.txt	mg	Milligram	mg	Милиграм
traumatology_distal humeral fractures_33_BGgpt_abbreviations_EN_BG.txt	q8h	Every 8 hours	през 8 часа	Всеки 8 часа
traumatology_distal humeral fractures_33_BGgpt_abbreviations_EN_BG.txt	q6h	Every 6 hours	през 6 часа	Всеки 6 часа
traumatology_distal humeral fractures_33_BGgpt_abbreviations_EN_BG.txt	prn	As needed	при нужда	При нужда
traumatology_distal humeral fractures_33_BGgpt_abbreviations_EN_BG.txt	h	hour	ч.	час
traumatology_distal humeral fractures_34_BGgpt_abbreviations_EN_BG.txt	ORIF	Open Reduction with Internal Fixation	ОРИФ	Открита репозиция с вътрешна фиксация
traumatology_distal humeral fractures_34_BGgpt_abbreviations_EN_BG.txt	MD	Doctor of Medicine	д-р	Доктор по медицина
traumatology_distal humeral fractures_34_BGgpt_abbreviations_EN_BG.txt	DOB	Date of Birth	Дата на раждане	Дата на раждане
traumatology_distal humeral fractures_35_BGgpt_abbreviations_EN_BG.txt	Dr.	Doctor	Д-р	Доктор
traumatology_distal humeral fractures_35_BGgpt_abbreviations_EN_BG.txt	mg	Milligram	мг	Милиграм
traumatology_distal humeral fractures_35_BGgpt_abbreviations_EN_BG.txt	IV	Intravenous	IV / венозно	Интравенозно / венозно приложение
traumatology_distal humeral fractures_35_BGgpt_abbreviations_EN_BG.txt	ORIF	Open Reduction with Internal Fixation	ОРИФ	Открита репозиция с вътрешна фиксация
traumatology_distal humeral fractures_35_BGgpt_abbreviations_EN_BG.txt	X-ray	X-ray	Рентген	Рентгенография
traumatology_distal humeral fractures_35_BGgpt_abbreviations_EN_BG.txt	PO	Per Os (orally)	ПО / перорално	Перорално приложение (през устата)
traumatology_distal humeral fractures_36_BGgpt_abbreviations_EN_BG.txt	ORIF	Open Reduction with Internal Fixation	ОРВФ	Открита репозиция с вътрешна фиксация
traumatology_distal humeral fractures_36_BGgpt_abbreviations_EN_BG.txt	MD	Doctor of Medicine	МД	Доктор по медицина
traumatology_distal humeral fractures_36_BGgpt_abbreviations_EN_BG.txt	x-ray	X-ray	Рентгенография	Рентгенография
traumatology_distal humeral fractures_36_BGgpt_abbreviations_EN_BG.txt	mg	Milligram(s)	мг	Милиграм(и)
traumatology_distal humeral fractures_36_BGgpt_abbreviations_EN_BG.txt	h	Hours	ч	Час(ове)
traumatology_distal humeral fractures_36_BGgpt_abbreviations_EN_BG.txt	BP	Blood Pressure	АН	Артериално налягане
traumatology_distal humeral fractures_36_BGgpt_abbreviations_EN_BG.txt	PRN	As needed / Pro re nata	При необходимост	При необходимост
traumatology_distal humeral fractures_36_BGgpt_abbreviations_EN_BG.txt	°C	Degree Celsius	°С	Градус Целзий
traumatology_distal humeral fractures_36_BGgpt_abbreviations_EN_BG.txt	°F	Degree Fahrenheit	°F	Градус Фаренхайт
traumatology_distal humeral fractures_37_BGgpt_abbreviations_EN_BG.txt	DOB	Date of Birth	ДР	Дата на раждане
traumatology_distal humeral fractures_37_BGgpt_abbreviations_EN_BG.txt	ORIF	Open Reduction with Internal Fixation	ОРИФ	Отворена репозиция с вътрешна фиксация
traumatology_distal humeral fractures_37_BGgpt_abbreviations_EN_BG.txt	mg	Milligram	мг	Милиграм
traumatology_distal humeral fractures_38_BGgpt_abbreviations_EN_BG.txt	ORIF	Open Reduction with Internal Fixation	ОРВФ	Открита репозиция с вътрешна фиксация
traumatology_distal humeral fractures_38_BGgpt_abbreviations_EN_BG.txt	IV	Intravenous	i.v.	Интравенозно
traumatology_distal humeral fractures_38_BGgpt_abbreviations_EN_BG.txt	mg	Milligram	мг	Милиграм
traumatology_distal humeral fractures_38_BGgpt_abbreviations_EN_BG.txt	PO	Per Os (by mouth)	през устата / п.о.	През устата
traumatology_distal humeral fractures_38_BGgpt_abbreviations_EN_BG.txt	BID	Twice a day	2 пъти дневно	Два пъти дневно
traumatology_distal humeral fractures_38_BGgpt_abbreviations_EN_BG.txt	q6h	Every 6 hours	на всеки 6 часа	На всеки 6 часа
traumatology_distal humeral fractures_38_BGgpt_abbreviations_EN_BG.txt	q8h	Every 8 hours	на всеки 8 часа	На всеки 8 часа
traumatology_distal humeral fractures_39_BGgpt_abbreviations_EN_BG.txt	MRN	Medical Record Number	МРН	Медицински регистрационен номер
traumatology_distal humeral fractures_39_BGgpt_abbreviations_EN_BG.txt	ORIF	Open Reduction with Internal Fixation	ОРИФ	Отворена репозиция и вътрешна фиксация
traumatology_distal humeral fractures_39_BGgpt_abbreviations_EN_BG.txt	CT	Computed Tomography	КТ	Компютърна томография
traumatology_distal humeral fractures_39_BGgpt_abbreviations_EN_BG.txt	X-Ray	X-Ray	Ргр.	Рентгенография
traumatology_distal humeral fractures_39_BGgpt_abbreviations_EN_BG.txt	mg	Milligram	мг	Милиграм
traumatology_distal humeral fractures_39_BGgpt_abbreviations_EN_BG.txt	h	Hour	ч.	Час
traumatology_distal humeral fractures_39_BGgpt_abbreviations_EN_BG.txt	kg	Kilogram	кг	Килограм
traumatology_distal humeral fractures_39_BGgpt_abbreviations_EN_BG.txt	IV	Intravenous	венозно	Венозно
traumatology_distal humeral fractures_39_BGgpt_abbreviations_EN_BG.txt	ED	Emergency Department	Спешно отделение	Спешно отделение
traumatology_distal humeral fractures_3_BGgpt_abbreviations_EN_BG.txt	ORIF	Open Reduction with Internal Fixation	ОРИФ	Отворена репозиция с вътрешна фиксация
traumatology_distal humeral fractures_3_BGgpt_abbreviations_EN_BG.txt	IV	Intravenous	i.v. / i/в	Интравенозен
traumatology_distal humeral fractures_3_BGgpt_abbreviations_EN_BG.txt	CT	Computed Tomography	КТ	Компютърна томография
traumatology_distal humeral fractures_3_BGgpt_abbreviations_EN_BG.txt	ROM	Range of Motion	Обем на движение	Обем на движение
traumatology_distal humeral fractures_3_BGgpt_abbreviations_EN_BG.txt	mg	milligram	мг	милиграм
traumatology_distal humeral fractures_3_BGgpt_abbreviations_EN_BG.txt	g	gram	г	грам
traumatology_distal humeral fractures_3_BGgpt_abbreviations_EN_BG.txt	h	hour	ч	час
traumatology_distal humeral fractures_3_BGgpt_abbreviations_EN_BG.txt	x-ray	Radiograph	Рентгенография	Рентгенография
traumatology_distal humeral fractures_3_BGgpt_abbreviations_EN_BG.txt	MD	Medical Doctor	д-р	Доктор по медицина
traumatology_distal humeral fractures_40_BGgpt_abbreviations_EN_BG.txt	ORIF	Open Reduction with Internal Fixation	ОРВФ	Открита репозиция и вътрешна фиксация
traumatology_distal humeral fractures_40_BGgpt_abbreviations_EN_BG.txt	ID	Identification / Identity Document	ЛН / ЛК	Личен номер / Лична карта
traumatology_distal humeral fractures_40_BGgpt_abbreviations_EN_BG.txt	BP	Blood Pressure	КН	Кръвно налягане
traumatology_distal humeral fractures_40_BGgpt_abbreviations_EN_BG.txt	X-rays	Radiographs	Рентгенографии	Рентгенови снимки
traumatology_distal humeral fractures_40_BGgpt_abbreviations_EN_BG.txt	MD	Doctor of Medicine	Д-р	Доктор
traumatology_distal humeral fractures_41_BGgpt_abbreviations_EN_BG.txt	MRN	Medical Record Number	MRN	Медицински номер на пациента
traumatology_distal humeral fractures_41_BGgpt_abbreviations_EN_BG.txt	ORIF	Open Reduction and Internal Fixation	ОРИФ	Отворена репозиция и вътрешна фиксация
traumatology_distal humeral fractures_41_BGgpt_abbreviations_EN_BG.txt	IV	Intravenous	IV	Интравенозно
traumatology_distal humeral fractures_41_BGgpt_abbreviations_EN_BG.txt	Dr.	Doctor	Д-р	Доктор
traumatology_distal humeral fractures_41_BGgpt_abbreviations_EN_BG.txt	mg	Milligram	мг	Милиграм
traumatology_distal humeral fractures_41_BGgpt_abbreviations_EN_BG.txt	q6h	Every 6 hours	на всеки 6 часа	на всеки 6 часа
traumatology_distal humeral fractures_41_BGgpt_abbreviations_EN_BG.txt	q8h	Every 8 hours	на всеки 8 часа	на всеки 8 часа
traumatology_distal humeral fractures_41_BGgpt_abbreviations_EN_BG.txt	prn	As needed	при нужда	при нужда
traumatology_distal humeral fractures_41_BGgpt_abbreviations_EN_BG.txt	x-ray	Radiograph	рентген	рентгенография
traumatology_distal humeral fractures_42_BGgpt_abbreviations_EN_BG.txt	MRN	Medical Record Number	№ ЛЗ	Лекарско записване (Medical Record)
traumatology_distal humeral fractures_42_BGgpt_abbreviations_EN_BG.txt	CT	Computed Tomography	КТ	Компютърна томография (Computer Tomography)
traumatology_distal humeral fractures_42_BGgpt_abbreviations_EN_BG.txt	ORIF	Open Reduction with Internal Fixation	ОРВФ	Открита репозиция с вътрешна фиксация (Open Reduction with Internal Fixation)
traumatology_distal humeral fractures_42_BGgpt_abbreviations_EN_BG.txt	BID	Twice a day	2 пъти дневно	2 пъти дневно (twice a day)
traumatology_distal humeral fractures_42_BGgpt_abbreviations_EN_BG.txt	TID	Three times a day	3 пъти дневно	3 пъти дневно (three times a day)
traumatology_distal humeral fractures_42_BGgpt_abbreviations_EN_BG.txt	QID	Four times a day	4 пъти дневно	4 пъти дневно (four times a day)
traumatology_distal humeral fractures_42_BGgpt_abbreviations_EN_BG.txt	DR	Dr.	Д-р	Доктор (Doctor)
traumatology_distal humeral fractures_43_BGgpt_abbreviations_EN_BG.txt	ORIF	Open Reduction and Internal Fixation	ОРВФ	Открита репозиция и вътрешна фиксация
traumatology_distal humeral fractures_43_BGgpt_abbreviations_EN_BG.txt	mg	milligram	мг	милиграм
traumatology_distal humeral fractures_43_BGgpt_abbreviations_EN_BG.txt	kg	kilogram	кг	килограм
traumatology_distal humeral fractures_43_BGgpt_abbreviations_EN_BG.txt	h	Hour	ч	час
traumatology_distal humeral fractures_43_BGgpt_abbreviations_EN_BG.txt	x-ray	X-ray	Рентгенография	Рентгеново изследване
traumatology_distal humeral fractures_43_BGgpt_abbreviations_EN_BG.txt	ER	Emergency Room	СПО	Спешно отделение
traumatology_distal humeral fractures_43_BGgpt_abbreviations_EN_BG.txt	MD	Medical Doctor	д-р	Доктор
traumatology_distal humeral fractures_43_BGgpt_abbreviations_EN_BG.txt	q6h	every 6 hours	през 6 ч	през 6 часа
traumatology_distal humeral fractures_43_BGgpt_abbreviations_EN_BG.txt	q8h	every 8 hours	през 8 ч	през 8 часа
traumatology_distal humeral fractures_43_BGgpt_abbreviations_EN_BG.txt	prn	as needed	при нужда	при необходимост
traumatology_distal humeral fractures_44_BGgpt_abbreviations_EN_BG.txt	mg	milligram	мг	милиграм
traumatology_distal humeral fractures_44_BGgpt_abbreviations_EN_BG.txt	h	hour	ч	час
traumatology_distal humeral fractures_44_BGgpt_abbreviations_EN_BG.txt	ORIF	Open Reduction with Internal Fixation	ОРВФ	Отворена репозиция с вътрешна фиксация
traumatology_distal humeral fractures_44_BGgpt_abbreviations_EN_BG.txt	IV	Intravenous	в/в	венозен (вътревенозен)
traumatology_distal humeral fractures_44_BGgpt_abbreviations_EN_BG.txt	MD	Doctor of Medicine	д-р	доктор (на медицината)
traumatology_distal humeral fractures_45_BGgpt_abbreviations_EN_BG.txt	ORIF	Open Reduction and Internal Fixation	ОРИФ	Отворена репозиция и вътрешна фиксация
traumatology_distal humeral fractures_45_BGgpt_abbreviations_EN_BG.txt	IV	Intravenous	IV / i.v.	Интравенозен / интравенозно
traumatology_distal humeral fractures_45_BGgpt_abbreviations_EN_BG.txt	MD	Medical Doctor	д-р	Доктор
traumatology_distal humeral fractures_45_BGgpt_abbreviations_EN_BG.txt	X-Ray	X-Ray	Рентген	Рентген
traumatology_distal humeral fractures_46_BGgpt_abbreviations_EN_BG.txt	ORIF	Open Reduction with Internal Fixation	ОРВФ	Отворена репозиция с вътрешна фиксация
traumatology_distal humeral fractures_46_BGgpt_abbreviations_EN_BG.txt	mg	Milligram	мг	Милиграм
traumatology_distal humeral fractures_46_BGgpt_abbreviations_EN_BG.txt	h	Hour	ч	Час
traumatology_distal humeral fractures_46_BGgpt_abbreviations_EN_BG.txt	x-ray	Radiograph	Рентгенография	Рентгенова снимка
traumatology_distal humeral fractures_46_BGgpt_abbreviations_EN_BG.txt	MD	Doctor of Medicine	д-р	Доктор
traumatology_distal humeral fractures_47_BGgpt_abbreviations_EN_BG.txt	ORIF	Open Reduction with Internal Fixation	ОРВФ	Отворена репозиция с вътрешна фиксация
traumatology_distal humeral fractures_47_BGgpt_abbreviations_EN_BG.txt	MRI	Magnetic Resonance Imaging	ЯМР	Ядрено-магнитен резонанс
traumatology_distal humeral fractures_47_BGgpt_abbreviations_EN_BG.txt	CT	Computed Tomography	СТ	Скенер (използва се СТ в официални документи)
traumatology_distal humeral fractures_47_BGgpt_abbreviations_EN_BG.txt	g	gram	г	грам
traumatology_distal humeral fractures_47_BGgpt_abbreviations_EN_BG.txt	mg	milligram	мг	милиграм
traumatology_distal humeral fractures_47_BGgpt_abbreviations_EN_BG.txt	IV	Intravenous	i.v. / венозно	венозен / венозно
traumatology_distal humeral fractures_47_BGgpt_abbreviations_EN_BG.txt	q8h	every 8 hours	на всеки 8 часа	на всеки 8 часа
traumatology_distal humeral fractures_47_BGgpt_abbreviations_EN_BG.txt	q6h	every 6 hours	на всеки 6 часа	на всеки 6 часа
traumatology_distal humeral fractures_47_BGgpt_abbreviations_EN_BG.txt	PT	Physical Therapy	ФТ	Физиотерапия
traumatology_distal humeral fractures_47_BGgpt_abbreviations_EN_BG.txt	DOB	Date of Birth	Дата на раждане	Дата на раждане
traumatology_distal humeral fractures_47_BGgpt_abbreviations_EN_BG.txt	MD	Doctor of Medicine	д-р	доктор
traumatology_distal humeral fractures_48_BGgpt_abbreviations_EN_BG.txt	ORIF	Open Reduction with Internal Fixation	ОРИФ	Открита репозиция и вътрешна фиксация
traumatology_distal humeral fractures_48_BGgpt_abbreviations_EN_BG.txt	CT	Computed Tomography	КТ	Компютърна томография
traumatology_distal humeral fractures_48_BGgpt_abbreviations_EN_BG.txt	X-rays	X-ray images	Рентгенография	Рентгеново изследване
traumatology_distal humeral fractures_48_BGgpt_abbreviations_EN_BG.txt	IV	Intravenous	в/в	Венозно (интравенозно)
traumatology_distal humeral fractures_48_BGgpt_abbreviations_EN_BG.txt	g	gram	г	грам
traumatology_distal humeral fractures_48_BGgpt_abbreviations_EN_BG.txt	mg	milligram	мг	милиграм
traumatology_distal humeral fractures_48_BGgpt_abbreviations_EN_BG.txt	h	hour	ч	час
traumatology_distal humeral fractures_48_BGgpt_abbreviations_EN_BG.txt	MD	Doctor of Medicine	д-р	доктор
traumatology_distal humeral fractures_49_BGgpt_abbreviations_EN_BG.txt	IV	Intravenous	в/в	Венозно
traumatology_distal humeral fractures_49_BGgpt_abbreviations_EN_BG.txt	ORIF	Open Reduction with Internal Fixation	ОРИФ	Отворена репозиция с вътрешна фиксация
traumatology_distal humeral fractures_49_BGgpt_abbreviations_EN_BG.txt	DOB	Date of Birth	ДР	Дата на раждане
traumatology_distal humeral fractures_49_BGgpt_abbreviations_EN_BG.txt	mg	Milligram	мг	Милиграм
traumatology_distal humeral fractures_49_BGgpt_abbreviations_EN_BG.txt	h	Hour	ч	Час
traumatology_distal humeral fractures_49_BGgpt_abbreviations_EN_BG.txt	RX	Prescription	Рх	Рецепта / Предписание
traumatology_distal humeral fractures_4_BGgpt_abbreviations_EN_BG.txt	ORIF	Open Reduction and Internal Fixation	ОРИФ	Отворена репозиция и вътрешна фиксация
traumatology_distal humeral fractures_4_BGgpt_abbreviations_EN_BG.txt	IV	Intravenous	IV / венозно	Интравенозно / венозно
traumatology_distal humeral fractures_4_BGgpt_abbreviations_EN_BG.txt	g	gram	г	грам
traumatology_distal humeral fractures_4_BGgpt_abbreviations_EN_BG.txt	mg	milligram	мг	милиграм
traumatology_distal humeral fractures_4_BGgpt_abbreviations_EN_BG.txt	h	hour	ч	час
traumatology_distal humeral fractures_5_BGgpt_abbreviations_EN_BG.txt	DOB	Date of Birth	ДР	Дата на раждане
traumatology_distal humeral fractures_5_BGgpt_abbreviations_EN_BG.txt	MRN	Medical Record Number	ЛН	Личен номер (на пациента)
traumatology_distal humeral fractures_5_BGgpt_abbreviations_EN_BG.txt	ORIF	Open Reduction with Internal Fixation	ОРФ	Отворена репозиция с вътрешна фиксация
traumatology_distal humeral fractures_6_BGgpt_abbreviations_EN_BG.txt	ORIF	Open Reduction with Internal Fixation	ОРИФ	Открита репозиция с вътрешна фиксация
traumatology_distal humeral fractures_6_BGgpt_abbreviations_EN_BG.txt	CT	Computed Tomography	КТ	Компютърна томография
traumatology_distal humeral fractures_6_BGgpt_abbreviations_EN_BG.txt	IV	Intravenous	i.v. / венозно	Интравенозно
traumatology_distal humeral fractures_6_BGgpt_abbreviations_EN_BG.txt	BP	Blood Pressure	Кръвно налягане	Кръвно налягане (standard abbreviation АН)
traumatology_distal humeral fractures_6_BGgpt_abbreviations_EN_BG.txt	PO	Per Os (by mouth)	перорално	Перорално (през устата)
traumatology_distal humeral fractures_6_BGgpt_abbreviations_EN_BG.txt	MD	Doctor of Medicine	д-р	Доктор по медицина
traumatology_distal humeral fractures_6_BGgpt_abbreviations_EN_BG.txt	h	hour	ч.	Час
traumatology_distal humeral fractures_6_BGgpt_abbreviations_EN_BG.txt	q	every	на всеки	На всеки
traumatology_distal humeral fractures_6_BGgpt_abbreviations_EN_BG.txt	PRN	Pro Re Nata (as needed)	при нужда	При нужда
traumatology_distal humeral fractures_7_BGgpt_abbreviations_EN_BG.txt	ORIF	Open Reduction with Internal Fixation	ОРВФ	Открита репозиция с вътрешна фиксация
traumatology_distal humeral fractures_7_BGgpt_abbreviations_EN_BG.txt	MD	Doctor of Medicine	д-р	Доктор по медицина
traumatology_distal humeral fractures_7_BGgpt_abbreviations_EN_BG.txt	IV	Intravenous	i.v. / венозно	Интравенозно / венозно
traumatology_distal humeral fractures_7_BGgpt_abbreviations_EN_BG.txt	g	Gram	г	Грама
traumatology_distal humeral fractures_7_BGgpt_abbreviations_EN_BG.txt	h	Hour	ч	Час
traumatology_distal humeral fractures_7_BGgpt_abbreviations_EN_BG.txt	q6h	Every 6 hours	на всеки 6 ч	На всеки 6 часа
traumatology_distal humeral fractures_7_BGgpt_abbreviations_EN_BG.txt	q8h	Every 8 hours	на всеки 8 ч	На всеки 8 часа
traumatology_distal humeral fractures_7_BGgpt_abbreviations_EN_BG.txt	q4h	Every 4 hours	на всеки 4 ч	На всеки 4 часа
traumatology_distal humeral fractures_7_BGgpt_abbreviations_EN_BG.txt	PRN	As needed	при нужда	При нужда
traumatology_distal humeral fractures_7_BGgpt_abbreviations_EN_BG.txt	PO	By mouth	през устата	През устата
traumatology_distal humeral fractures_7_BGgpt_abbreviations_EN_BG.txt	BID	Twice a day	2 пъти дневно	Два пъти дневно
traumatology_distal humeral fractures_8_BGgpt_abbreviations_EN_BG.txt	ORIF	Open Reduction with Internal Fixation	ОРВФ	Отворена репозиция и вътрешна фиксация
traumatology_distal humeral fractures_8_BGgpt_abbreviations_EN_BG.txt	NSAIDs	Non-Steroidal Anti-Inflammatory Drugs	НСПВС	Нестероидни противовъзпалителни средства
traumatology_distal humeral fractures_8_BGgpt_abbreviations_EN_BG.txt	MRN	Medical Record Number	№ ЛЗ	Личен здравен номер / Медицински запис №
traumatology_distal humeral fractures_8_BGgpt_abbreviations_EN_BG.txt	PO	Per os (by mouth)	перорално / п.о.	Перорално (през устата)
traumatology_distal humeral fractures_8_BGgpt_abbreviations_EN_BG.txt	q6h	Every 6 hours	на 6 часа	На всеки 6 часа
traumatology_distal humeral fractures_8_BGgpt_abbreviations_EN_BG.txt	prn	As needed	при нужда	При нужда
traumatology_distal humeral fractures_8_BGgpt_abbreviations_EN_BG.txt	BID	Twice a day	2 пъти дневно	Два пъти дневно
traumatology_distal humeral fractures_8_BGgpt_abbreviations_EN_BG.txt	ROM	Range of Motion	ДО	Диапазон на движение
traumatology_distal humeral fractures_8_BGgpt_abbreviations_EN_BG.txt	fx	Fracture	фр.	Фрактура
traumatology_distal humeral fractures_9_BGgpt_abbreviations_EN_BG.txt	ORIF	Open Reduction and Internal Fixation	ОРВФ	Отворена репозиция и вътрешна фиксация
traumatology_distal humeral fractures_9_BGgpt_abbreviations_EN_BG.txt	mg	Milligram	мг	Милиграм
traumatology_distal humeral fractures_9_BGgpt_abbreviations_EN_BG.txt	h	Hour	ч	Час
traumatology_distal humeral fractures_9_BGgpt_abbreviations_EN_BG.txt	PO	Per Os (orally)	per os / през устата	През устата
