filename	entity_label	start_span	end_span	text
cardiovascular_arterial hypertension_0	SYMPTOM	411	441	complaints of severe headaches
cardiovascular_arterial hypertension_0	SYMPTOM	443	464	episodes of dizziness
cardiovascular_arterial hypertension_0	DISEASE	639	663	type 2 diabetes mellitus
cardiovascular_arterial hypertension_0	MEDICATION	684	693	metformin
cardiovascular_arterial hypertension_0	DISEASE	718	738	hypercholesterolemia
cardiovascular_arterial hypertension_0	MEDICATION	752	764	atorvastatin
cardiovascular_arterial hypertension_0	PROCEDURE	879	906	blood pressure measurements
cardiovascular_arterial hypertension_0	PROCEDURE	1113	1159	comprehensive history and physical examination
cardiovascular_arterial hypertension_0	PROCEDURE	1242	1260	Diagnostic testing
cardiovascular_arterial hypertension_0	PROCEDURE	1270	1280	urinalysis
cardiovascular_arterial hypertension_0	PROCEDURE	1282	1293	lipid panel
cardiovascular_arterial hypertension_0	PROCEDURE	1295	1324	comprehensive metabolic panel
cardiovascular_arterial hypertension_0	PROCEDURE	1326	1348	fasting plasma glucose
cardiovascular_arterial hypertension_0	PROCEDURE	1350	1384	thyroid-stimulating hormone levels
cardiovascular_arterial hypertension_0	PROCEDURE	1390	1393	ECG
cardiovascular_arterial hypertension_0	OBSERVATION	1395	1433	all of which were within normal limits
cardiovascular_arterial hypertension_0	DISEASE	1445	1472	elevated cholesterol levels
cardiovascular_arterial hypertension_0	PROCEDURE	1474	1504	Home blood pressure monitoring
cardiovascular_arterial hypertension_0	DISEASE	1534	1557	white coat hypertension
cardiovascular_arterial hypertension_0	PROCEDURE	1658	1673	Hospital Course
cardiovascular_arterial hypertension_0	PROCEDURE	1699	1722	lifestyle modifications
cardiovascular_arterial hypertension_0	PROCEDURE	1734	1761	increased physical activity
cardiovascular_arterial hypertension_0	PROCEDURE	1765	1790	diet aimed at weight loss
cardiovascular_arterial hypertension_0	PROCEDURE	1878	1903	Pharmacological treatment
cardiovascular_arterial hypertension_0	MEDICATION	1923	1933	lisinopril
cardiovascular_arterial hypertension_0	MEDICATION	1938	1951	ACE inhibitor
cardiovascular_arterial hypertension_0	OBSERVATION	1988	2019	considering his diabetic status
cardiovascular_arterial hypertension_1	SYMPTOM	370	390	presenting complaint
cardiovascular_arterial hypertension_1	SYMPTOM	394	436	severe headaches and episodes of dizziness
cardiovascular_arterial hypertension_1	DISEASE	494	516	cardiovascular disease
cardiovascular_arterial hypertension_1	DISEASE	528	540	hypertension
cardiovascular_arterial hypertension_1	PROCEDURE	618	637	in-depth evaluation
cardiovascular_arterial hypertension_1	DISEASE	738	750	hypertension
cardiovascular_arterial hypertension_1	DISEASE	806	818	hypertension
cardiovascular_arterial hypertension_1	OBSERVATION	1115	1132	Physical findings
cardiovascular_arterial hypertension_1	OBSERVATION	1134	1173	No evident signs of target organ damage
cardiovascular_arterial hypertension_1	OBSERVATION	1175	1213	Normal auscultation of heart and lungs
cardiovascular_arterial hypertension_1	PROCEDURE	1215	1236	Abdominal examination
cardiovascular_arterial hypertension_1	PROCEDURE	1281	1297	Sphygmomanometry
cardiovascular_arterial hypertension_1	DISEASE	1301	1322	Confirmed elevated BP
cardiovascular_arterial hypertension_1	PROCEDURE	1381	1399	Home BP Monitoring
cardiovascular_arterial hypertension_1	DISEASE	1435	1447	hypertension
cardiovascular_arterial hypertension_1	PROCEDURE	1487	1497	Urinalysis
cardiovascular_arterial hypertension_1	OBSERVATION	1501	1507	Normal
cardiovascular_arterial hypertension_1	PROCEDURE	1513	1524	Lipid Panel
cardiovascular_arterial hypertension_1	DISEASE	1544	1559	mildly elevated
cardiovascular_arterial hypertension_1	PROCEDURE	1565	1580	Metabolic Panel
cardiovascular_arterial hypertension_1	OBSERVATION	1584	1604	Within normal limits
cardiovascular_arterial hypertension_1	PROCEDURE	1650	1653	ECG
cardiovascular_arterial hypertension_1	OBSERVATION	1657	1676	Normal sinus rhythm
cardiovascular_arterial hypertension_1	OBSERVATION	1678	1701	no signs of hypertrophy
cardiovascular_arterial hypertension_10	SYMPTOM	412	446	complaints of persistent headaches
cardiovascular_arterial hypertension_10	SYMPTOM	448	469	episodes of dizziness
cardiovascular_arterial hypertension_10	DISEASE	601	622	arterial hypertension
cardiovascular_arterial hypertension_10	PROCEDURE	678	709	initial blood pressure readings
cardiovascular_arterial hypertension_10	OBSERVATION	735	777	revealing a higher reading in the left arm
cardiovascular_arterial hypertension_10	PROCEDURE	844	890	comprehensive history and physical examination
cardiovascular_arterial hypertension_10	PROCEDURE	991	1009	Diagnostic testing
cardiovascular_arterial hypertension_10	PROCEDURE	1021	1031	urinalysis
cardiovascular_arterial hypertension_10	PROCEDURE	1033	1044	lipid panel
cardiovascular_arterial hypertension_10	PROCEDURE	1046	1075	comprehensive metabolic panel
cardiovascular_arterial hypertension_10	PROCEDURE	1077	1099	fasting plasma glucose
cardiovascular_arterial hypertension_10	PROCEDURE	1101	1135	thyroid-stimulating hormone levels
cardiovascular_arterial hypertension_10	PROCEDURE	1144	1147	ECG
cardiovascular_arterial hypertension_10	DISEASE	1149	1187	all of which were within normal limits
cardiovascular_arterial hypertension_10	PROCEDURE	1305	1341	ambulatory blood pressure monitoring
cardiovascular_arterial hypertension_10	DISEASE	1385	1406	arterial hypertension
cardiovascular_arterial hypertension_10	OBSERVATION	1446	1499	No evidence of 'white coat hypertension' was observed
cardiovascular_arterial hypertension_10	DISEASE	1575	1596	primary aldosteronism
cardiovascular_arterial hypertension_10	OBSERVATION	1598	1654	but results did not indicate any endocrine abnormalities
cardiovascular_arterial hypertension_10	PROCEDURE	1674	1726	Initial treatment focused on lifestyle modifications
cardiovascular_arterial hypertension_10	PROCEDURE	1740	1752	dietary plan
cardiovascular_arterial hypertension_10	PROCEDURE	1806	1833	increased physical activity
cardiovascular_arterial hypertension_10	PROCEDURE	1841	1871	structured weight loss program
cardiovascular_arterial hypertension_11	DISEASE	226	247	Arterial Hypertension
cardiovascular_arterial hypertension_11	DISEASE	362	386	Type 2 Diabetes Mellitus
cardiovascular_arterial hypertension_11	SYMPTOM	464	482	episodic headaches
cardiovascular_arterial hypertension_11	SYMPTOM	484	493	dizziness
cardiovascular_arterial hypertension_11	SYMPTOM	499	525	episodes of blurred vision
cardiovascular_arterial hypertension_11	DISEASE	600	622	cardiovascular disease
cardiovascular_arterial hypertension_11	PROCEDURE	691	711	Physical Examination
cardiovascular_arterial hypertension_11	OBSERVATION	1026	1068	no additional signs of target organ damage
cardiovascular_arterial hypertension_11	PROCEDURE	1073	1090	Diagnostic Workup
cardiovascular_arterial hypertension_11	PROCEDURE	1100	1110	Urinalysis
cardiovascular_arterial hypertension_11	OBSERVATION	1114	1120	Normal
cardiovascular_arterial hypertension_11	PROCEDURE	1125	1136	Lipid Panel
cardiovascular_arterial hypertension_11	DISEASE	1140	1164	Elevated LDL cholesterol
cardiovascular_arterial hypertension_11	PROCEDURE	1169	1184	Metabolic Panel
cardiovascular_arterial hypertension_11	OBSERVATION	1188	1208	Within normal limits
cardiovascular_arterial hypertension_11	PROCEDURE	1253	1256	ECG
cardiovascular_arterial hypertension_11	DISEASE	1260	1279	Normal sinus rhythm
cardiovascular_arterial hypertension_11	PROCEDURE	1284	1317	Thyroid-Stimulating Hormone (TSH)
cardiovascular_arterial hypertension_11	OBSERVATION	1321	1341	Within normal limits
cardiovascular_arterial hypertension_11	PROCEDURE	1344	1374	Home blood pressure monitoring
cardiovascular_arterial hypertension_11	PROCEDURE	1452	1467	Hospital Course
cardiovascular_arterial hypertension_11	MEDICATION	1498	1508	Lisinopril
cardiovascular_arterial hypertension_12	DISEASE	285	306	Arterial Hypertension
cardiovascular_arterial hypertension_12	PROCEDURE	324	344	Physical Examination
cardiovascular_arterial hypertension_12	DISEASE	410	434	type 2 diabetes mellitus
cardiovascular_arterial hypertension_12	DISEASE	439	453	hyperlipidemia
cardiovascular_arterial hypertension_12	SYMPTOM	523	546	complaints of headaches
cardiovascular_arterial hypertension_12	SYMPTOM	551	572	episodes of dizziness
cardiovascular_arterial hypertension_12	PROCEDURE	990	1008	initial assessment
cardiovascular_arterial hypertension_12	OBSERVATION	1075	1108	mild left ventricular hypertrophy
cardiovascular_arterial hypertension_12	PROCEDURE	1122	1138	echocardiography
cardiovascular_arterial hypertension_12	PROCEDURE	1203	1213	urinalysis
cardiovascular_arterial hypertension_12	PROCEDURE	1215	1226	lipid panel
cardiovascular_arterial hypertension_12	PROCEDURE	1228	1257	comprehensive metabolic panel
cardiovascular_arterial hypertension_12	PROCEDURE	1259	1281	fasting plasma glucose
cardiovascular_arterial hypertension_12	PROCEDURE	1287	1290	ECG
cardiovascular_arterial hypertension_12	DISEASE	1360	1381	arterial hypertension
cardiovascular_arterial hypertension_12	PROCEDURE	1486	1504	further evaluation
cardiovascular_arterial hypertension_12	PROCEDURE	1638	1661	lifestyle modifications
cardiovascular_arterial hypertension_12	PROCEDURE	1675	1684	diet plan
cardiovascular_arterial hypertension_12	PROCEDURE	1742	1769	increased physical activity
cardiovascular_arterial hypertension_12	PROCEDURE	1775	1803	weight management strategies
cardiovascular_arterial hypertension_12	PROCEDURE	1838	1863	Pharmacological treatment
cardiovascular_arterial hypertension_12	MEDICATION	1883	1893	Lisinopril
cardiovascular_arterial hypertension_12	MEDICATION	1898	1911	ACE inhibitor
cardiovascular_arterial hypertension_13	DISEASE	265	286	Arterial hypertension
cardiovascular_arterial hypertension_13	SYMPTOM	493	527	complaints of persistent headaches
cardiovascular_arterial hypertension_13	SYMPTOM	532	553	episodes of dizziness
cardiovascular_arterial hypertension_13	PROCEDURE	824	848	ambulatory BP monitoring
cardiovascular_arterial hypertension_13	DISEASE	976	997	arterial hypertension
cardiovascular_arterial hypertension_13	OBSERVATION	1052	1109	noting no use of medications predisposing to hypertension
cardiovascular_arterial hypertension_13	PROCEDURE	1111	1131	Physical examination
cardiovascular_arterial hypertension_13	PROCEDURE	1229	1247	Diagnostic testing
cardiovascular_arterial hypertension_13	PROCEDURE	1257	1267	urinalysis
cardiovascular_arterial hypertension_13	PROCEDURE	1271	1291	complete lipid panel
cardiovascular_arterial hypertension_13	PROCEDURE	1293	1322	comprehensive metabolic panel
cardiovascular_arterial hypertension_13	PROCEDURE	1324	1346	fasting plasma glucose
cardiovascular_arterial hypertension_13	PROCEDURE	1355	1358	ECG
cardiovascular_arterial hypertension_13	OBSERVATION	1360	1437	all of which were within normal limits except for elevated cholesterol levels
cardiovascular_arterial hypertension_13	PROCEDURE	1439	1473	Thyroid-stimulating hormone levels
cardiovascular_arterial hypertension_13	OBSERVATION	1516	1571	ruling out thyroid dysfunction as a contributing factor
cardiovascular_arterial hypertension_13	PROCEDURE	1600	1628	initial medication treatment
cardiovascular_arterial hypertension_13	MEDICATION	1634	1644	Lisinopril
cardiovascular_arterial hypertension_13	MEDICATION	1649	1662	ACE inhibitor
cardiovascular_arterial hypertension_13	OBSERVATION	1697	1732	after considering contraindications
cardiovascular_arterial hypertension_13	PROCEDURE	1734	1757	Lifestyle modifications
cardiovascular_arterial hypertension_13	PROCEDURE	1795	1822	increased physical activity
cardiovascular_arterial hypertension_13	PROCEDURE	1857	1894	reduced sodium intake to <1500 mg/day
cardiovascular_arterial hypertension_14	DISEASE	303	324	Arterial Hypertension
cardiovascular_arterial hypertension_14	SYMPTOM	460	494	complaints of persistent headaches
cardiovascular_arterial hypertension_14	SYMPTOM	496	517	episodes of dizziness
cardiovascular_arterial hypertension_14	SYMPTOM	543	565	unexplained nosebleeds
cardiovascular_arterial hypertension_14	DISEASE	603	625	cardiovascular disease
cardiovascular_arterial hypertension_14	DISEASE	637	658	arterial hypertension
cardiovascular_arterial hypertension_14	SYMPTOM	674	693	sedentary lifestyle
cardiovascular_arterial hypertension_14	SYMPTOM	695	704	poor diet
cardiovascular_arterial hypertension_14	SYMPTOM	712	742	high intake of processed foods
cardiovascular_arterial hypertension_14	PROCEDURE	910	933	initial BP measurements
cardiovascular_arterial hypertension_14	OBSERVATION	959	1000	showing a higher reading in the right arm
cardiovascular_arterial hypertension_14	PROCEDURE	1066	1092	subsequent BP measurements
cardiovascular_arterial hypertension_14	PROCEDURE	1096	1142	comprehensive history and physical examination
cardiovascular_arterial hypertension_14	SYMPTOM	1239	1246	obesity
cardiovascular_arterial hypertension_14	PROCEDURE	1304	1322	Diagnostic testing
cardiovascular_arterial hypertension_14	PROCEDURE	1332	1342	urinalysis
cardiovascular_arterial hypertension_14	PROCEDURE	1346	1366	complete lipid panel
cardiovascular_arterial hypertension_14	PROCEDURE	1370	1399	comprehensive metabolic panel
cardiovascular_arterial hypertension_14	PROCEDURE	1401	1423	fasting plasma glucose
cardiovascular_arterial hypertension_14	PROCEDURE	1432	1435	ECG
cardiovascular_arterial hypertension_14	DISEASE	1477	1498	arterial hypertension
cardiovascular_arterial hypertension_14	OBSERVATION	1504	1548	no immediate evidence of target organ damage
cardiovascular_arterial hypertension_14	OBSERVATION	1643	1675	ruling out primary aldosteronism
cardiovascular_arterial hypertension_14	PROCEDURE	1680	1689	Treatment
cardiovascular_arterial hypertension_14	PROCEDURE	1725	1751	initial medication regimen
cardiovascular_arterial hypertension_14	MEDICATION	1755	1765	Lisinopril
cardiovascular_arterial hypertension_14	MEDICATION	1770	1783	ACE inhibitor
cardiovascular_arterial hypertension_15	SYMPTOM	339	359	persistent headaches
cardiovascular_arterial hypertension_15	SYMPTOM	364	385	episodes of dizziness
cardiovascular_arterial hypertension_15	DISEASE	517	524	obesity
cardiovascular_arterial hypertension_15	DISEASE	529	553	type 2 diabetes mellitus
cardiovascular_arterial hypertension_15	SYMPTOM	634	650	severe headaches
cardiovascular_arterial hypertension_15	SYMPTOM	655	675	occasional dizziness
cardiovascular_arterial hypertension_15	SYMPTOM	772	789	increased fatigue
cardiovascular_arterial hypertension_15	SYMPTOM	794	820	episodes of blurred vision
cardiovascular_arterial hypertension_15	DISEASE	854	876	cardiovascular disease
cardiovascular_arterial hypertension_15	OBSERVATION	898	927	Physical Examination Findings
cardiovascular_arterial hypertension_15	PROCEDURE	1141	1158	Diagnostic Workup
cardiovascular_arterial hypertension_15	PROCEDURE	1166	1176	Urinalysis
cardiovascular_arterial hypertension_15	PROCEDURE	1191	1202	Lipid Panel
cardiovascular_arterial hypertension_15	DISEASE	1206	1230	Elevated LDL cholesterol
cardiovascular_arterial hypertension_15	PROCEDURE	1235	1250	Metabolic Panel
cardiovascular_arterial hypertension_15	DISEASE	1254	1275	Normal glucose levels
cardiovascular_arterial hypertension_15	MEDICATION	1307	1337	medication for type 2 diabetes
cardiovascular_arterial hypertension_15	PROCEDURE	1342	1364	Fasting Plasma Glucose
cardiovascular_arterial hypertension_15	DISEASE	1368	1385	Slightly elevated
cardiovascular_arterial hypertension_15	PROCEDURE	1390	1393	ECG
cardiovascular_arterial hypertension_15	DISEASE	1397	1416	Normal sinus rhythm
cardiovascular_arterial hypertension_15	DISEASE	1422	1460	no evidence of hypertrophy or ischemia
cardiovascular_arterial hypertension_15	PROCEDURE	1465	1499	Thyroid-Stimulating Hormone Levels
cardiovascular_arterial hypertension_15	PROCEDURE	1527	1542	Hospital Course
cardiovascular_arterial hypertension_16	SYMPTOM	260	280	persistent headaches
cardiovascular_arterial hypertension_16	SYMPTOM	285	306	episodes of dizziness
cardiovascular_arterial hypertension_16	DISEASE	368	392	type 2 diabetes mellitus
cardiovascular_arterial hypertension_16	MEDICATION	439	448	Metformin
cardiovascular_arterial hypertension_16	PROCEDURE	638	673	initial blood pressure measurements
cardiovascular_arterial hypertension_16	PROCEDURE	846	866	physical examination
cardiovascular_arterial hypertension_16	PROCEDURE	872	888	diagnostic tests
cardiovascular_arterial hypertension_16	DISEASE	943	964	arterial hypertension
cardiovascular_arterial hypertension_16	PROCEDURE	1029	1040	Lipid panel
cardiovascular_arterial hypertension_16	PROCEDURE	1126	1136	Urinalysis
cardiovascular_arterial hypertension_16	OBSERVATION	1138	1144	Normal
cardiovascular_arterial hypertension_16	PROCEDURE	1147	1162	Metabolic panel
cardiovascular_arterial hypertension_16	OBSERVATION	1164	1184	Within normal limits
cardiovascular_arterial hypertension_16	PROCEDURE	1187	1190	ECG
cardiovascular_arterial hypertension_16	OBSERVATION	1192	1211	Normal sinus rhythm
cardiovascular_arterial hypertension_16	DISEASE	1213	1236	no signs of hypertrophy
cardiovascular_arterial hypertension_16	PROCEDURE	1239	1276	Plasma aldosterone and renin activity
cardiovascular_arterial hypertension_16	OBSERVATION	1278	1284	Normal
cardiovascular_arterial hypertension_16	DISEASE	1286	1318	ruling out primary aldosteronism
cardiovascular_arterial hypertension_16	PROCEDURE	1321	1348	Thyroid-stimulating hormone
cardiovascular_arterial hypertension_16	OBSERVATION	1350	1369	Within normal range
cardiovascular_arterial hypertension_16	PROCEDURE	1373	1397	Treatment and Management
cardiovascular_arterial hypertension_16	DISEASE	1424	1445	arterial hypertension
cardiovascular_arterial hypertension_16	DISEASE	1476	1491	type 2 diabetes
cardiovascular_arterial hypertension_16	PROCEDURE	1493	1508	treatment goals
cardiovascular_arterial hypertension_16	PROCEDURE	1541	1564	Lifestyle modifications
cardiovascular_arterial hypertension_16	PROCEDURE	1640	1677	reduced sodium intake to <1500 mg/day
cardiovascular_arterial hypertension_16	PROCEDURE	1683	1708	regular physical activity
cardiovascular_arterial hypertension_16	MEDICATION	1736	1746	Lisinopril
cardiovascular_arterial hypertension_16	MEDICATION	1751	1764	ACE inhibitor
cardiovascular_arterial hypertension_16	MEDICATION	1886	1896	Amlodipine
cardiovascular_arterial hypertension_17	SYMPTOM	362	378	severe headaches
cardiovascular_arterial hypertension_17	SYMPTOM	383	404	episodes of dizziness
cardiovascular_arterial hypertension_17	DISEASE	456	477	Arterial Hypertension
cardiovascular_arterial hypertension_17	DISEASE	500	524	Type 2 Diabetes Mellitus
cardiovascular_arterial hypertension_17	PROCEDURE	859	879	physical examination
cardiovascular_arterial hypertension_17	PROCEDURE	885	901	diagnostic tests
cardiovascular_arterial hypertension_17	DISEASE	941	962	arterial hypertension
cardiovascular_arterial hypertension_17	PROCEDURE	979	1000	Diagnostic Evaluation
cardiovascular_arterial hypertension_17	PROCEDURE	1010	1037	Blood Pressure Measurements
cardiovascular_arterial hypertension_17	PROCEDURE	1160	1180	Physical Examination
cardiovascular_arterial hypertension_17	OBSERVATION	1259	1290	no signs of target organ damage
cardiovascular_arterial hypertension_17	PROCEDURE	1296	1312	Laboratory Tests
cardiovascular_arterial hypertension_17	PROCEDURE	1327	1337	urinalysis
cardiovascular_arterial hypertension_17	PROCEDURE	1339	1350	lipid panel
cardiovascular_arterial hypertension_17	PROCEDURE	1352	1381	comprehensive metabolic panel
cardiovascular_arterial hypertension_17	PROCEDURE	1383	1405	fasting plasma glucose
cardiovascular_arterial hypertension_17	PROCEDURE	1411	1414	ECG
cardiovascular_arterial hypertension_17	PROCEDURE	1496	1514	Diagnostic Testing
cardiovascular_arterial hypertension_17	OBSERVATION	1518	1578	Thyroid-stimulating hormone levels were within normal limits
cardiovascular_arterial hypertension_17	OBSERVATION	1691	1726	suggesting no primary aldosteronism
cardiovascular_arterial hypertension_17	PROCEDURE	1731	1740	Treatment
cardiovascular_arterial hypertension_17	MEDICATION	1775	1785	Lisinopril
cardiovascular_arterial hypertension_17	MEDICATION	1790	1803	ACE inhibitor
cardiovascular_arterial hypertension_18	SYMPTOM	351	371	persistent headaches
cardiovascular_arterial hypertension_18	SYMPTOM	376	397	episodes of dizziness
cardiovascular_arterial hypertension_18	DISEASE	455	467	hypertension
cardiovascular_arterial hypertension_18	DISEASE	580	592	hypertension
cardiovascular_arterial hypertension_18	DISEASE	597	620	coronary artery disease
cardiovascular_arterial hypertension_18	DISEASE	640	657	diabetes mellitus
cardiovascular_arterial hypertension_18	DISEASE	661	683	chronic kidney disease
cardiovascular_arterial hypertension_18	PROCEDURE	764	784	Physical Examination
cardiovascular_arterial hypertension_18	PROCEDURE	963	983	Physical examination
cardiovascular_arterial hypertension_18	OBSERVATION	988	1010	otherwise unremarkable
cardiovascular_arterial hypertension_18	SYMPTOM	1016	1047	no signs of target organ damage
cardiovascular_arterial hypertension_18	PROCEDURE	1052	1070	Diagnostic Testing
cardiovascular_arterial hypertension_18	PROCEDURE	1078	1088	Urinalysis
cardiovascular_arterial hypertension_18	PROCEDURE	1090	1101	lipid panel
cardiovascular_arterial hypertension_18	PROCEDURE	1103	1132	comprehensive metabolic panel
cardiovascular_arterial hypertension_18	PROCEDURE	1134	1156	fasting plasma glucose
cardiovascular_arterial hypertension_18	PROCEDURE	1162	1196	thyroid-stimulating hormone levels
cardiovascular_arterial hypertension_18	PROCEDURE	1228	1231	ECG
cardiovascular_arterial hypertension_18	DISEASE	1239	1291	no signs of left ventricular hypertrophy or ischemia
cardiovascular_arterial hypertension_18	PROCEDURE	1297	1315	Home BP monitoring
cardiovascular_arterial hypertension_18	DISEASE	1342	1385	persistent elevated blood pressure readings
cardiovascular_arterial hypertension_18	DISEASE	1569	1581	hypertension
cardiovascular_arterial hypertension_18	PROCEDURE	1583	1601	Initial management
cardiovascular_arterial hypertension_18	PROCEDURE	1613	1636	lifestyle modifications
cardiovascular_arterial hypertension_18	PROCEDURE	1648	1662	dietary advice
cardiovascular_arterial hypertension_18	PROCEDURE	1708	1760	initiation of a structured physical activity program
cardiovascular_arterial hypertension_18	SYMPTOM	1786	1833	his blood pressure remained above target levels
cardiovascular_arterial hypertension_18	DISEASE	1885	1897	hypertension
cardiovascular_arterial hypertension_18	PROCEDURE	1899	1924	pharmacological treatment
cardiovascular_arterial hypertension_18	MEDICATION	1970	1980	Lisinopril
cardiovascular_arterial hypertension_18	MEDICATION	2009	2028	Hydrochlorothiazide
cardiovascular_arterial hypertension_19	SYMPTOM	314	334	persistent headaches
cardiovascular_arterial hypertension_19	SYMPTOM	339	360	episodes of dizziness
cardiovascular_arterial hypertension_19	SYMPTOM	448	464	severe headaches
cardiovascular_arterial hypertension_19	SYMPTOM	469	489	occasional dizziness
cardiovascular_arterial hypertension_19	DISEASE	732	744	Hypertension
cardiovascular_arterial hypertension_19	DISEASE	767	791	Type 2 Diabetes Mellitus
cardiovascular_arterial hypertension_19	MEDICATION	809	829	Metformin 500 mg BID
cardiovascular_arterial hypertension_19	DISEASE	835	849	Hyperlipidemia
cardiovascular_arterial hypertension_19	MEDICATION	867	888	Atorvastatin 20 mg QD
cardiovascular_arterial hypertension_19	MEDICATION	925	945	Metformin 500 mg BID
cardiovascular_arterial hypertension_19	MEDICATION	950	971	Atorvastatin 20 mg QD
cardiovascular_arterial hypertension_19	PROCEDURE	1034	1065	initial blood pressure readings
cardiovascular_arterial hypertension_19	PROCEDURE	1221	1267	comprehensive history and physical examination
cardiovascular_arterial hypertension_19	PROCEDURE	1348	1364	Diagnostic tests
cardiovascular_arterial hypertension_19	PROCEDURE	1375	1385	urinalysis
cardiovascular_arterial hypertension_19	PROCEDURE	1387	1398	lipid panel
cardiovascular_arterial hypertension_19	PROCEDURE	1400	1415	metabolic panel
cardiovascular_arterial hypertension_19	PROCEDURE	1417	1439	fasting plasma glucose
cardiovascular_arterial hypertension_19	PROCEDURE	1445	1448	ECG
cardiovascular_arterial hypertension_19	DISEASE	1578	1590	hypertension
cardiovascular_arterial hypertension_19	MEDICATION	1616	1626	Lisinopril
cardiovascular_arterial hypertension_19	PROCEDURE	1649	1672	lifestyle modifications
cardiovascular_arterial hypertension_19	PROCEDURE	1710	1725	dietary changes
cardiovascular_arterial hypertension_19	PROCEDURE	1727	1754	increased physical activity
cardiovascular_arterial hypertension_19	PROCEDURE	1760	1783	sodium intake reduction
cardiovascular_arterial hypertension_19	PROCEDURE	1812	1852	his blood pressure was closely monitored
cardiovascular_arterial hypertension_19	OBSERVATION	1854	1881	showing gradual improvement
cardiovascular_arterial hypertension_19	PROCEDURE	1883	1913	Home blood pressure monitoring
cardiovascular_arterial hypertension_19	DISEASE	1959	1971	hypertension
cardiovascular_arterial hypertension_19	MEDICATION	2081	2100	Lisinopril 10 mg QD
cardiovascular_arterial hypertension_19	DISEASE	2107	2119	hypertension
cardiovascular_arterial hypertension_19	MEDICATION	2125	2134	Metformin
cardiovascular_arterial hypertension_2	DISEASE	285	306	Arterial Hypertension
cardiovascular_arterial hypertension_2	SYMPTOM	513	533	persistent headaches
cardiovascular_arterial hypertension_2	SYMPTOM	535	556	episodes of dizziness
cardiovascular_arterial hypertension_2	SYMPTOM	582	596	blurred vision
cardiovascular_arterial hypertension_2	PROCEDURE	753	773	Physical Examination
cardiovascular_arterial hypertension_2	PROCEDURE	888	908	Physical examination
cardiovascular_arterial hypertension_2	PROCEDURE	994	1029	detailed cardiovascular examination
cardiovascular_arterial hypertension_2	OBSERVATION	1037	1068	no signs of target organ damage
cardiovascular_arterial hypertension_2	PROCEDURE	1070	1094	Initial diagnostic tests
cardiovascular_arterial hypertension_2	PROCEDURE	1104	1114	urinalysis
cardiovascular_arterial hypertension_2	PROCEDURE	1116	1127	lipid panel
cardiovascular_arterial hypertension_2	PROCEDURE	1129	1144	metabolic panel
cardiovascular_arterial hypertension_2	PROCEDURE	1146	1168	fasting plasma glucose
cardiovascular_arterial hypertension_2	PROCEDURE	1174	1177	ECG
cardiovascular_arterial hypertension_2	OBSERVATION	1179	1221	all of which returned within normal limits
cardiovascular_arterial hypertension_2	DISEASE	1233	1265	elevated blood pressure readings
cardiovascular_arterial hypertension_2	PROCEDURE	1267	1297	Home blood pressure monitoring
cardiovascular_arterial hypertension_2	DISEASE	1325	1348	white coat hypertension
cardiovascular_arterial hypertension_2	DISEASE	1465	1486	arterial hypertension
cardiovascular_arterial hypertension_2	DISEASE	1496	1539	persistent elevated blood pressure readings
cardiovascular_arterial hypertension_2	PROCEDURE	1557	1573	sphygmomanometry
cardiovascular_arterial hypertension_2	PROCEDURE	1632	1661	individualized treatment plan
cardiovascular_arterial hypertension_2	PROCEDURE	1691	1724	non-pharmacological interventions
cardiovascular_arterial hypertension_2	PROCEDURE	1746	1767	dietary modifications
cardiovascular_arterial hypertension_2	PROCEDURE	1779	1800	reduced sodium intake
cardiovascular_arterial hypertension_2	PROCEDURE	1827	1854	increased physical activity
cardiovascular_arterial hypertension_2	PROCEDURE	1860	1888	weight management strategies
cardiovascular_arterial hypertension_20	DISEASE	210	231	Arterial Hypertension
cardiovascular_arterial hypertension_20	SYMPTOM	339	373	complaints of persistent headaches
cardiovascular_arterial hypertension_20	SYMPTOM	375	396	episodes of dizziness
cardiovascular_arterial hypertension_20	PROCEDURE	461	496	Initial blood pressure measurements
cardiovascular_arterial hypertension_20	OBSERVATION	744	780	noting Mr. Doe's sedentary lifestyle
cardiovascular_arterial hypertension_20	PROCEDURE	840	860	physical examination
cardiovascular_arterial hypertension_20	PROCEDURE	1018	1048	Target organ damage assessment
cardiovascular_arterial hypertension_20	OBSERVATION	1069	1098	no immediate signs identified
cardiovascular_arterial hypertension_20	PROCEDURE	1101	1119	Diagnostic testing
cardiovascular_arterial hypertension_20	PROCEDURE	1129	1139	urinalysis
cardiovascular_arterial hypertension_20	PROCEDURE	1143	1154	lipid panel
cardiovascular_arterial hypertension_20	PROCEDURE	1158	1187	comprehensive metabolic panel
cardiovascular_arterial hypertension_20	PROCEDURE	1189	1211	fasting plasma glucose
cardiovascular_arterial hypertension_20	PROCEDURE	1220	1223	ECG
cardiovascular_arterial hypertension_20	OBSERVATION	1225	1283	all of which indicated no secondary causes of hypertension
cardiovascular_arterial hypertension_20	OBSERVATION	1285	1345	Thyroid-stimulating hormone levels were within normal limits
cardiovascular_arterial hypertension_20	OBSERVATION	1347	1379	Given the absence of hypokalemia
cardiovascular_arterial hypertension_20	DISEASE	1381	1402	primary aldosteronism
cardiovascular_arterial hypertension_20	PROCEDURE	1460	1483	lifestyle modifications
cardiovascular_arterial hypertension_20	PROCEDURE	1567	1588	promoting weight loss
cardiovascular_arterial hypertension_20	PROCEDURE	1594	1622	increasing physical activity
cardiovascular_arterial hypertension_20	PROCEDURE	1624	1649	Pharmacological treatment
cardiovascular_arterial hypertension_20	MEDICATION	1667	1677	Lisinopril
cardiovascular_arterial hypertension_20	OBSERVATION	1691	1756	considering the absence of contraindications for an ACE inhibitor
cardiovascular_arterial hypertension_20	OBSERVATION	1845	1872	showing gradual improvement
cardiovascular_arterial hypertension_21	DISEASE	335	356	Arterial Hypertension
cardiovascular_arterial hypertension_21	SYMPTOM	493	522	complaints of severe headache
cardiovascular_arterial hypertension_21	SYMPTOM	527	548	episodes of dizziness
cardiovascular_arterial hypertension_21	PROCEDURE	767	785	Initial evaluation
cardiovascular_arterial hypertension_21	OBSERVATION	823	867	revealing no prior diagnosis of hypertension
cardiovascular_arterial hypertension_21	PROCEDURE	930	950	Physical examination
cardiovascular_arterial hypertension_21	PROCEDURE	1013	1043	Target organ damage assessment
cardiovascular_arterial hypertension_21	OBSERVATION	1058	1092	given the high initial BP readings
cardiovascular_arterial hypertension_21	PROCEDURE	1131	1141	urinalysis
cardiovascular_arterial hypertension_21	PROCEDURE	1143	1154	lipid panel
cardiovascular_arterial hypertension_21	PROCEDURE	1156	1171	metabolic panel
cardiovascular_arterial hypertension_21	PROCEDURE	1173	1195	fasting plasma glucose
cardiovascular_arterial hypertension_21	PROCEDURE	1201	1204	ECG
cardiovascular_arterial hypertension_21	DISEASE	1227	1253	no immediate abnormalities
cardiovascular_arterial hypertension_21	PROCEDURE	1265	1296	elevated LDL cholesterol levels
cardiovascular_arterial hypertension_21	PROCEDURE	1360	1378	Home BP monitoring
cardiovascular_arterial hypertension_21	OBSERVATION	1398	1457	the patient was educated on proper BP cuff sizing and usage
cardiovascular_arterial hypertension_21	OBSERVATION	1523	1563	with an average reading of 160/100 mm Hg
cardiovascular_arterial hypertension_21	DISEASE	1593	1614	arterial hypertension
cardiovascular_arterial hypertension_21	PROCEDURE	1616	1639	Treatment was initiated
cardiovascular_arterial hypertension_21	MEDICATION	1645	1655	Lisinopril
cardiovascular_arterial hypertension_21	PROCEDURE	1770	1793	Lifestyle modifications
cardiovascular_arterial hypertension_21	PROCEDURE	1830	1845	dietary changes
cardiovascular_arterial hypertension_21	PROCEDURE	1896	1921	regular physical activity
cardiovascular_arterial hypertension_21	PROCEDURE	1927	1949	weight loss strategies
cardiovascular_arterial hypertension_22	SYMPTOM	317	347	complaints of severe headaches
cardiovascular_arterial hypertension_22	SYMPTOM	349	370	episodes of dizziness
cardiovascular_arterial hypertension_22	DISEASE	489	501	hypertension
cardiovascular_arterial hypertension_22	OBSERVATION	503	549	raising suspicion for a genetic predisposition
cardiovascular_arterial hypertension_22	PROCEDURE	592	607	BP measurements
cardiovascular_arterial hypertension_22	PROCEDURE	726	742	Initial readings
cardiovascular_arterial hypertension_22	PROCEDURE	950	974	ambulatory BP monitoring
cardiovascular_arterial hypertension_22	DISEASE	1015	1027	hypertension
cardiovascular_arterial hypertension_22	OBSERVATION	1030	1072	which indicated consistently high readings
cardiovascular_arterial hypertension_22	DISEASE	1102	1123	arterial hypertension
cardiovascular_arterial hypertension_22	PROCEDURE	1128	1174	comprehensive history and physical examination
cardiovascular_arterial hypertension_22	OBSERVATION	1264	1305	no immediate signs of target organ damage
cardiovascular_arterial hypertension_22	PROCEDURE	1307	1325	Diagnostic testing
cardiovascular_arterial hypertension_22	PROCEDURE	1335	1345	urinalysis
cardiovascular_arterial hypertension_22	PROCEDURE	1347	1358	lipid panel
cardiovascular_arterial hypertension_22	PROCEDURE	1360	1381	basic metabolic panel
cardiovascular_arterial hypertension_22	PROCEDURE	1383	1405	fasting plasma glucose
cardiovascular_arterial hypertension_22	PROCEDURE	1414	1437	electrocardiogram (ECG)
cardiovascular_arterial hypertension_22	OBSERVATION	1439	1455	which was normal
cardiovascular_arterial hypertension_22	DISEASE	1592	1613	primary aldosteronism
cardiovascular_arterial hypertension_22	PROCEDURE	1649	1674	plasma aldosterone levels
cardiovascular_arterial hypertension_22	PROCEDURE	1679	1712	plasma renin activity measurement
cardiovascular_arterial hypertension_22	PROCEDURE	1731	1755	Treatment and Management
cardiovascular_arterial hypertension_22	PROCEDURE	1763	1784	Medications Initiated
cardiovascular_arterial hypertension_22	MEDICATION	1793	1803	Lisinopril
cardiovascular_arterial hypertension_22	MEDICATION	1808	1821	ACE inhibitor
cardiovascular_arterial hypertension_22	PROCEDURE	1866	1917	plans to titrate based on response and tolerability
cardiovascular_arterial hypertension_22	PROCEDURE	1919	1947	aiming for BP < 130/80 mm Hg
cardiovascular_arterial hypertension_22	MEDICATION	1952	1962	Amlodipine
cardiovascular_arterial hypertension_23	DISEASE	275	296	Arterial Hypertension
cardiovascular_arterial hypertension_23	DISEASE	318	342	Type 2 Diabetes Mellitus
cardiovascular_arterial hypertension_23	SYMPTOM	467	501	complaints of persistent headaches
cardiovascular_arterial hypertension_23	SYMPTOM	506	527	episodes of dizziness
cardiovascular_arterial hypertension_23	PROCEDURE	817	863	comprehensive history and physical examination
cardiovascular_arterial hypertension_23	DISEASE	936	948	hypertension
cardiovascular_arterial hypertension_23	DISEASE	968	992	Type 2 Diabetes Mellitus
cardiovascular_arterial hypertension_23	OBSERVATION	1000	1019	sedentary lifestyle
cardiovascular_arterial hypertension_23	MEDICATION	1053	1062	metformin
cardiovascular_arterial hypertension_23	MEDICATION	1089	1111	antihypertensive drugs
cardiovascular_arterial hypertension_23	PROCEDURE	1155	1165	Urinalysis
cardiovascular_arterial hypertension_23	OBSERVATION	1169	1175	Normal
cardiovascular_arterial hypertension_23	PROCEDURE	1180	1191	Lipid Panel
cardiovascular_arterial hypertension_23	DISEASE	1195	1219	Elevated LDL cholesterol
cardiovascular_arterial hypertension_23	PROCEDURE	1237	1252	Metabolic Panel
cardiovascular_arterial hypertension_23	OBSERVATION	1256	1262	Normal
cardiovascular_arterial hypertension_23	PROCEDURE	1333	1336	ECG
cardiovascular_arterial hypertension_23	DISEASE	1340	1359	Normal sinus rhythm
cardiovascular_arterial hypertension_23	DISEASE	1361	1399	no signs of hypertensive heart disease
cardiovascular_arterial hypertension_23	OBSERVATION	1442	1461	Within normal range
cardiovascular_arterial hypertension_23	DISEASE	1486	1507	primary aldosteronism
cardiovascular_arterial hypertension_23	DISEASE	1515	1526	hypokalemia
cardiovascular_arterial hypertension_23	PROCEDURE	1569	1604	measuring plasma aldosterone levels
cardiovascular_arterial hypertension_23	DISEASE	1606	1614	elevated
cardiovascular_arterial hypertension_23	OBSERVATION	1649	1673	confirming the diagnosis
cardiovascular_arterial hypertension_23	PROCEDURE	1678	1697	Treatment Initiated
cardiovascular_arterial hypertension_23	MEDICATION	1706	1716	Amlodipine
cardiovascular_arterial hypertension_24	DISEASE	257	278	Arterial Hypertension
cardiovascular_arterial hypertension_24	SYMPTOM	414	430	severe headaches
cardiovascular_arterial hypertension_24	SYMPTOM	435	456	episodes of dizziness
cardiovascular_arterial hypertension_24	DISEASE	632	653	arterial hypertension
cardiovascular_arterial hypertension_24	PROCEDURE	673	694	comprehensive history
cardiovascular_arterial hypertension_24	OBSERVATION	714	733	sedentary lifestyle
cardiovascular_arterial hypertension_24	OBSERVATION	735	751	high sodium diet
cardiovascular_arterial hypertension_24	PROCEDURE	791	811	Physical examination
cardiovascular_arterial hypertension_24	PROCEDURE	933	959	Initial diagnostic testing
cardiovascular_arterial hypertension_24	PROCEDURE	969	979	urinalysis
cardiovascular_arterial hypertension_24	PROCEDURE	983	994	lipid panel
cardiovascular_arterial hypertension_24	PROCEDURE	998	1013	metabolic panel
cardiovascular_arterial hypertension_24	PROCEDURE	1015	1037	fasting plasma glucose
cardiovascular_arterial hypertension_24	PROCEDURE	1046	1049	ECG
cardiovascular_arterial hypertension_24	DISEASE	1067	1095	left ventricular hypertrophy
cardiovascular_arterial hypertension_24	DISEASE	1181	1202	arterial hypertension
cardiovascular_arterial hypertension_24	PROCEDURE	1244	1267	lifestyle modifications
cardiovascular_arterial hypertension_24	PROCEDURE	1272	1287	pharmacotherapy
cardiovascular_arterial hypertension_24	MEDICATION	1542	1552	Lisinopril
cardiovascular_arterial hypertension_24	DISEASE	1658	1680	severe aortic stenosis
cardiovascular_arterial hypertension_25	DISEASE	237	258	Arterial Hypertension
cardiovascular_arterial hypertension_25	SYMPTOM	379	409	complaints of severe headaches
cardiovascular_arterial hypertension_25	SYMPTOM	414	435	episodes of dizziness
cardiovascular_arterial hypertension_25	PROCEDURE	573	596	subsequent measurements
cardiovascular_arterial hypertension_25	PROCEDURE	782	806	comprehensive evaluation
cardiovascular_arterial hypertension_25	PROCEDURE	860	880	physical examination
cardiovascular_arterial hypertension_25	PROCEDURE	886	904	diagnostic testing
cardiovascular_arterial hypertension_25	PROCEDURE	981	1001	physical examination
cardiovascular_arterial hypertension_25	OBSERVATION	1012	1053	no immediate signs of target organ damage
cardiovascular_arterial hypertension_25	PROCEDURE	1055	1071	Diagnostic tests
cardiovascular_arterial hypertension_25	PROCEDURE	1083	1093	urinalysis
cardiovascular_arterial hypertension_25	PROCEDURE	1095	1106	lipid panel
cardiovascular_arterial hypertension_25	PROCEDURE	1108	1123	metabolic panel
cardiovascular_arterial hypertension_25	PROCEDURE	1125	1147	fasting plasma glucose
cardiovascular_arterial hypertension_25	PROCEDURE	1153	1156	ECG
cardiovascular_arterial hypertension_25	DISEASE	1212	1239	elevated cholesterol levels
cardiovascular_arterial hypertension_25	DISEASE	1383	1404	arterial hypertension
cardiovascular_arterial hypertension_25	PROCEDURE	1448	1471	Lifestyle modifications
cardiovascular_arterial hypertension_25	PROCEDURE	1512	1531	dietary adjustments
cardiovascular_arterial hypertension_25	PROCEDURE	1582	1609	increased physical activity
cardiovascular_arterial hypertension_25	PROCEDURE	1758	1783	Pharmacological treatment
cardiovascular_arterial hypertension_25	MEDICATION	1806	1819	ACE inhibitor
cardiovascular_arterial hypertension_25	MEDICATION	1821	1831	Lisinopril
cardiovascular_arterial hypertension_25	DISEASE	2012	2033	arterial hypertension
cardiovascular_arterial hypertension_26	DISEASE	199	220	Arterial Hypertension
cardiovascular_arterial hypertension_26	SYMPTOM	320	354	complaints of persistent headaches
cardiovascular_arterial hypertension_26	SYMPTOM	359	380	episodes of dizziness
cardiovascular_arterial hypertension_26	PROCEDURE	537	560	subsequent measurements
cardiovascular_arterial hypertension_26	OBSERVATION	620	657	no previous diagnosis of hypertension
cardiovascular_arterial hypertension_26	PROCEDURE	869	889	Physical examination
cardiovascular_arterial hypertension_26	PROCEDURE	992	1017	targeted organ assessment
cardiovascular_arterial hypertension_26	OBSERVATION	1037	1071	no immediate damage was identified
cardiovascular_arterial hypertension_26	PROCEDURE	1073	1091	Diagnostic testing
cardiovascular_arterial hypertension_26	PROCEDURE	1101	1111	urinalysis
cardiovascular_arterial hypertension_26	PROCEDURE	1115	1135	complete lipid panel
cardiovascular_arterial hypertension_26	PROCEDURE	1137	1166	comprehensive metabolic panel
cardiovascular_arterial hypertension_26	PROCEDURE	1168	1190	fasting plasma glucose
cardiovascular_arterial hypertension_26	PROCEDURE	1199	1202	ECG
cardiovascular_arterial hypertension_26	OBSERVATION	1204	1241	all results were within normal limits
cardiovascular_arterial hypertension_26	DISEASE	1253	1291	elevated fasting plasma glucose levels
cardiovascular_arterial hypertension_26	DISEASE	1349	1370	arterial hypertension
cardiovascular_arterial hypertension_26	DISEASE	1515	1536	arterial hypertension
cardiovascular_arterial hypertension_26	PROCEDURE	1596	1613	treatment regimen
cardiovascular_arterial hypertension_26	PROCEDURE	1628	1671	lifestyle modifications and pharmacotherapy
cardiovascular_arterial hypertension_26	MEDICATION	1691	1701	Lisinopril
cardiovascular_arterial hypertension_26	MEDICATION	1706	1719	ACE inhibitor
cardiovascular_arterial hypertension_26	PROCEDURE	1773	1791	dietary counseling
cardiovascular_arterial hypertension_27	DISEASE	319	340	Arterial Hypertension
cardiovascular_arterial hypertension_27	SYMPTOM	457	487	complaints of severe headaches
cardiovascular_arterial hypertension_27	SYMPTOM	489	510	episodes of dizziness
cardiovascular_arterial hypertension_27	DISEASE	610	622	hypertension
cardiovascular_arterial hypertension_27	PROCEDURE	1123	1156	Home and ambulatory BP monitoring
cardiovascular_arterial hypertension_27	DISEASE	1188	1211	white coat hypertension
cardiovascular_arterial hypertension_27	DISEASE	1284	1305	arterial hypertension
cardiovascular_arterial hypertension_27	PROCEDURE	1325	1371	comprehensive history and physical examination
cardiovascular_arterial hypertension_27	PROCEDURE	1467	1477	urinalysis
cardiovascular_arterial hypertension_27	PROCEDURE	1479	1490	lipid panel
cardiovascular_arterial hypertension_27	PROCEDURE	1492	1507	metabolic panel
cardiovascular_arterial hypertension_27	PROCEDURE	1509	1531	fasting plasma glucose
cardiovascular_arterial hypertension_27	PROCEDURE	1537	1540	ECG
cardiovascular_arterial hypertension_27	DISEASE	1592	1606	hyperlipidemia
cardiovascular_arterial hypertension_27	DISEASE	1611	1651	evidence of left ventricular hypertrophy
cardiovascular_arterial hypertension_27	PROCEDURE	1655	1658	ECG
cardiovascular_arterial hypertension_27	PROCEDURE	1735	1753	medication regimen
cardiovascular_arterial hypertension_27	MEDICATION	1764	1774	Lisinopril
cardiovascular_arterial hypertension_27	DISEASE	1800	1812	hypertension
cardiovascular_arterial hypertension_27	MEDICATION	1826	1845	Hydrochlorothiazide
cardiovascular_arterial hypertension_27	PROCEDURE	1881	1895	treatment plan
cardiovascular_arterial hypertension_27	PROCEDURE	1968	1991	Lifestyle modifications
cardiovascular_arterial hypertension_28	DISEASE	274	295	Arterial Hypertension
cardiovascular_arterial hypertension_28	SYMPTOM	426	446	persistent headaches
cardiovascular_arterial hypertension_28	SYMPTOM	448	469	episodes of dizziness
cardiovascular_arterial hypertension_28	SYMPTOM	477	524	history of high blood pressure readings at home
cardiovascular_arterial hypertension_28	DISEASE	650	674	Type 2 Diabetes Mellitus
cardiovascular_arterial hypertension_28	DISEASE	679	693	hyperlipidemia
cardiovascular_arterial hypertension_28	PROCEDURE	698	718	Physical Examination
cardiovascular_arterial hypertension_28	PROCEDURE	953	973	Physical examination
cardiovascular_arterial hypertension_28	OBSERVATION	983	1014	no signs of target organ damage
cardiovascular_arterial hypertension_28	PROCEDURE	1019	1037	Diagnostic Testing
cardiovascular_arterial hypertension_28	PROCEDURE	1047	1057	Urinalysis
cardiovascular_arterial hypertension_28	OBSERVATION	1061	1067	Normal
cardiovascular_arterial hypertension_28	PROCEDURE	1074	1085	Lipid Panel
cardiovascular_arterial hypertension_28	DISEASE	1089	1113	Elevated LDL cholesterol
cardiovascular_arterial hypertension_28	PROCEDURE	1120	1135	Metabolic Panel
cardiovascular_arterial hypertension_28	DISEASE	1139	1161	Normal kidney function
cardiovascular_arterial hypertension_28	PROCEDURE	1223	1226	ECG
cardiovascular_arterial hypertension_28	DISEASE	1230	1249	Normal sinus rhythm
cardiovascular_arterial hypertension_28	DISEASE	1251	1291	no signs of left ventricular hypertrophy
cardiovascular_arterial hypertension_28	PROCEDURE	1298	1332	Thyroid-Stimulating Hormone Levels
cardiovascular_arterial hypertension_28	OBSERVATION	1343	1349	normal
cardiovascular_arterial hypertension_28	PROCEDURE	1505	1534	lifestyle modification advice
cardiovascular_arterial hypertension_28	PROCEDURE	1546	1562	sodium reduction
cardiovascular_arterial hypertension_28	PROCEDURE	1564	1575	weight loss
cardiovascular_arterial hypertension_28	PROCEDURE	1581	1608	increased physical activity
cardiovascular_arterial hypertension_28	PROCEDURE	1658	1676	medication therapy
cardiovascular_arterial hypertension_29	SYMPTOM	371	391	persistent headaches
cardiovascular_arterial hypertension_29	SYMPTOM	393	414	episodes of dizziness
cardiovascular_arterial hypertension_29	DISEASE	521	545	Type 2 diabetes mellitus
cardiovascular_arterial hypertension_29	DISEASE	550	564	hyperlipidemia
cardiovascular_arterial hypertension_29	DISEASE	591	625	uncontrolled arterial hypertension
cardiovascular_arterial hypertension_29	DISEASE	653	677	Type 2 Diabetes Mellitus
cardiovascular_arterial hypertension_29	DISEASE	682	696	Hyperlipidemia
cardiovascular_arterial hypertension_29	DISEASE	701	741	Family history of cardiovascular disease
cardiovascular_arterial hypertension_29	MEDICATION	785	794	Metformin
cardiovascular_arterial hypertension_29	MEDICATION	818	830	Atorvastatin
cardiovascular_arterial hypertension_29	PROCEDURE	926	950	comprehensive evaluation
cardiovascular_arterial hypertension_29	PROCEDURE	961	975	history taking
cardiovascular_arterial hypertension_29	PROCEDURE	977	997	physical examination
cardiovascular_arterial hypertension_29	PROCEDURE	1003	1021	diagnostic testing
cardiovascular_arterial hypertension_29	PROCEDURE	1023	1050	Blood pressure measurements
cardiovascular_arterial hypertension_29	PROCEDURE	1177	1197	physical examination
cardiovascular_arterial hypertension_29	OBSERVATION	1205	1236	no signs of target organ damage
cardiovascular_arterial hypertension_29	PROCEDURE	1238	1254	Diagnostic tests
cardiovascular_arterial hypertension_29	PROCEDURE	1264	1274	urinalysis
cardiovascular_arterial hypertension_29	PROCEDURE	1276	1287	lipid panel
cardiovascular_arterial hypertension_29	PROCEDURE	1289	1304	metabolic panel
cardiovascular_arterial hypertension_29	PROCEDURE	1306	1328	fasting plasma glucose
cardiovascular_arterial hypertension_29	PROCEDURE	1337	1340	ECG
cardiovascular_arterial hypertension_29	DISEASE	1355	1371	no abnormalities
cardiovascular_arterial hypertension_29	PROCEDURE	1373	1407	Thyroid-stimulating hormone levels
cardiovascular_arterial hypertension_29	DISEASE	1503	1532	primary arterial hypertension
cardiovascular_arterial hypertension_29	PROCEDURE	1546	1566	Treatment Initiation
cardiovascular_arterial hypertension_29	MEDICATION	1612	1622	Lisinopril
cardiovascular_arterial hypertension_29	MEDICATION	1658	1677	Hydrochlorothiazide
cardiovascular_arterial hypertension_29	PROCEDURE	1740	1763	Lifestyle modifications
cardiovascular_arterial hypertension_29	PROCEDURE	1800	1815	dietary changes
cardiovascular_arterial hypertension_29	PROCEDURE	1817	1844	increased physical activity
cardiovascular_arterial hypertension_29	PROCEDURE	1850	1898	sodium intake reduction to less than 1500 mg/day
cardiovascular_arterial hypertension_29	PROCEDURE	1968	1985	lifestyle changes
cardiovascular_arterial hypertension_3	OBSERVATION	196	228	Elevated blood pressure readings
cardiovascular_arterial hypertension_3	DISEASE	252	273	Arterial Hypertension
cardiovascular_arterial hypertension_3	DISEASE	468	492	type 2 diabetes mellitus
cardiovascular_arterial hypertension_3	SYMPTOM	562	596	complaints of persistent headaches
cardiovascular_arterial hypertension_3	SYMPTOM	601	622	episodes of dizziness
cardiovascular_arterial hypertension_3	OBSERVATION	887	904	Clinical Findings
cardiovascular_arterial hypertension_3	PROCEDURE	1071	1091	physical examination
cardiovascular_arterial hypertension_3	OBSERVATION	1158	1189	no signs of target organ damage
cardiovascular_arterial hypertension_3	PROCEDURE	1191	1207	Diagnostic tests
cardiovascular_arterial hypertension_3	PROCEDURE	1221	1231	urinalysis
cardiovascular_arterial hypertension_3	PROCEDURE	1233	1244	lipid panel
cardiovascular_arterial hypertension_3	PROCEDURE	1246	1261	metabolic panel
cardiovascular_arterial hypertension_3	PROCEDURE	1263	1285	fasting plasma glucose
cardiovascular_arterial hypertension_3	PROCEDURE	1291	1294	ECG
cardiovascular_arterial hypertension_3	DISEASE	1334	1348	hyperlipidemia
cardiovascular_arterial hypertension_3	DISEASE	1353	1377	impaired fasting glucose
cardiovascular_arterial hypertension_3	DISEASE	1379	1407	No significant abnormalities
cardiovascular_arterial hypertension_3	PROCEDURE	1422	1425	ECG
cardiovascular_arterial hypertension_3	PROCEDURE	1485	1508	lifestyle modifications
cardiovascular_arterial hypertension_3	PROCEDURE	1522	1534	dietary plan
cardiovascular_arterial hypertension_3	PROCEDURE	1585	1611	increase physical activity
cardiovascular_arterial hypertension_3	PROCEDURE	1617	1647	initiate a weight loss program
cardiovascular_arterial hypertension_3	PROCEDURE	1649	1667	Medication therapy
cardiovascular_arterial hypertension_3	MEDICATION	1687	1697	Lisinopril
cardiovascular_arterial hypertension_3	PROCEDURE	1828	1864	follow-up blood pressure measurement
cardiovascular_arterial hypertension_30	DISEASE	241	262	Arterial Hypertension
cardiovascular_arterial hypertension_30	DISEASE	369	376	obesity
cardiovascular_arterial hypertension_30	DISEASE	381	405	type 2 diabetes mellitus
cardiovascular_arterial hypertension_30	SYMPTOM	489	509	persistent headaches
cardiovascular_arterial hypertension_30	SYMPTOM	514	535	episodes of dizziness
cardiovascular_arterial hypertension_30	PROCEDURE	945	965	Physical examination
cardiovascular_arterial hypertension_30	OBSERVATION	1049	1080	no signs of target organ damage
cardiovascular_arterial hypertension_30	PROCEDURE	1085	1111	initial diagnostic work-up
cardiovascular_arterial hypertension_30	PROCEDURE	1122	1132	urinalysis
cardiovascular_arterial hypertension_30	PROCEDURE	1134	1145	lipid panel
cardiovascular_arterial hypertension_30	PROCEDURE	1147	1176	comprehensive metabolic panel
cardiovascular_arterial hypertension_30	PROCEDURE	1178	1200	fasting plasma glucose
cardiovascular_arterial hypertension_30	PROCEDURE	1206	1209	ECG
cardiovascular_arterial hypertension_30	PROCEDURE	1239	1261	fasting plasma glucose
cardiovascular_arterial hypertension_30	DISEASE	1288	1314	poorly controlled diabetes
cardiovascular_arterial hypertension_30	PROCEDURE	1316	1327	Lipid panel
cardiovascular_arterial hypertension_30	DISEASE	1335	1366	elevated LDL cholesterol levels
cardiovascular_arterial hypertension_30	PROCEDURE	1372	1375	ECG
cardiovascular_arterial hypertension_30	DISEASE	1457	1478	arterial hypertension
cardiovascular_arterial hypertension_30	PROCEDURE	1517	1540	lifestyle modifications
cardiovascular_arterial hypertension_30	PROCEDURE	1545	1560	pharmacotherapy
cardiovascular_arterial hypertension_30	MEDICATION	1596	1606	Lisinopril
cardiovascular_arterial hypertension_30	MEDICATION	1613	1626	ACE inhibitor
cardiovascular_arterial hypertension_30	MEDICATION	1765	1784	Hydrochlorothiazide
cardiovascular_arterial hypertension_31	DISEASE	305	336	Suspected Arterial Hypertension
cardiovascular_arterial hypertension_31	PROCEDURE	342	374	History and Physical Examination
cardiovascular_arterial hypertension_31	SYMPTOM	438	472	complaints of consistent headaches
cardiovascular_arterial hypertension_31	SYMPTOM	474	495	episodes of dizziness
cardiovascular_arterial hypertension_31	SYMPTOM	503	533	family history of hypertension
cardiovascular_arterial hypertension_31	DISEASE	921	956	controlled type 2 diabetes mellitus
cardiovascular_arterial hypertension_31	OBSERVATION	963	982	sedentary lifestyle
cardiovascular_arterial hypertension_31	PROCEDURE	1028	1046	Diagnostic Testing
cardiovascular_arterial hypertension_31	PROCEDURE	1056	1066	Urinalysis
cardiovascular_arterial hypertension_31	PROCEDURE	1083	1094	Lipid Panel
cardiovascular_arterial hypertension_31	DISEASE	1098	1129	Elevated LDL cholesterol levels
cardiovascular_arterial hypertension_31	PROCEDURE	1136	1151	Metabolic Panel
cardiovascular_arterial hypertension_31	PROCEDURE	1182	1204	Fasting Plasma Glucose
cardiovascular_arterial hypertension_31	DISEASE	1208	1225	Slightly elevated
cardiovascular_arterial hypertension_31	DISEASE	1227	1257	consistent with known diabetes
cardiovascular_arterial hypertension_31	PROCEDURE	1264	1267	ECG
cardiovascular_arterial hypertension_31	DISEASE	1271	1290	Normal sinus rhythm
cardiovascular_arterial hypertension_31	OBSERVATION	1296	1334	no signs of hypertensive heart disease
cardiovascular_arterial hypertension_31	PROCEDURE	1341	1375	Thyroid-Stimulating Hormone Levels
cardiovascular_arterial hypertension_31	DISEASE	1471	1500	primary arterial hypertension
cardiovascular_arterial hypertension_31	DISEASE	1555	1576	primary aldosteronism
cardiovascular_arterial hypertension_31	OBSERVATION	1592	1619	given the patient's profile
cardiovascular_arterial hypertension_31	PROCEDURE	1790	1813	lifestyle modifications
cardiovascular_arterial hypertension_32	DISEASE	224	245	Arterial Hypertension
cardiovascular_arterial hypertension_32	DISEASE	337	344	obesity
cardiovascular_arterial hypertension_32	DISEASE	349	373	type 2 diabetes mellitus
cardiovascular_arterial hypertension_32	SYMPTOM	434	468	complaints of persistent headaches
cardiovascular_arterial hypertension_32	SYMPTOM	470	479	dizziness
cardiovascular_arterial hypertension_32	SYMPTOM	485	511	episodes of blurred vision
cardiovascular_arterial hypertension_32	PROCEDURE	537	572	Initial blood pressure measurements
cardiovascular_arterial hypertension_32	PROCEDURE	685	704	in-depth evaluation
cardiovascular_arterial hypertension_32	DISEASE	709	730	arterial hypertension
cardiovascular_arterial hypertension_32	PROCEDURE	733	754	Diagnostic Evaluation
cardiovascular_arterial hypertension_32	PROCEDURE	774	795	comprehensive history
cardiovascular_arterial hypertension_32	OBSERVATION	824	864	lack of adherence to a healthy lifestyle
cardiovascular_arterial hypertension_32	OBSERVATION	869	894	minimal physical activity
cardiovascular_arterial hypertension_32	PROCEDURE	900	920	physical examination
cardiovascular_arterial hypertension_32	DISEASE	931	938	obesity
cardiovascular_arterial hypertension_32	OBSERVATION	960	991	no signs of target organ damage
cardiovascular_arterial hypertension_32	PROCEDURE	1055	1065	urinalysis
cardiovascular_arterial hypertension_32	PROCEDURE	1067	1078	lipid panel
cardiovascular_arterial hypertension_32	PROCEDURE	1080	1109	comprehensive metabolic panel
cardiovascular_arterial hypertension_32	PROCEDURE	1111	1133	fasting plasma glucose
cardiovascular_arterial hypertension_32	PROCEDURE	1139	1142	ECG
cardiovascular_arterial hypertension_32	DISEASE	1169	1201	high cardiovascular risk profile
cardiovascular_arterial hypertension_32	DISEASE	1206	1238	no immediate acute abnormalities
cardiovascular_arterial hypertension_32	DISEASE	1312	1323	hypokalemia
cardiovascular_arterial hypertension_32	OBSERVATION	1338	1363	unrelated to diuretic use
cardiovascular_arterial hypertension_32	PROCEDURE	1396	1417	plasma renin activity
cardiovascular_arterial hypertension_32	OBSERVATION	1433	1485	yielding results suggestive of primary aldosteronism
cardiovascular_arterial hypertension_32	PROCEDURE	1488	1512	Treatment and Management
cardiovascular_arterial hypertension_32	PROCEDURE	1541	1555	treatment plan
cardiovascular_arterial hypertension_32	PROCEDURE	1693	1710	treatment regimen
cardiovascular_arterial hypertension_32	MEDICATION	1725	1735	Lisinopril
cardiovascular_arterial hypertension_32	MEDICATION	1740	1753	ACE inhibitor
cardiovascular_arterial hypertension_32	MEDICATION	1866	1876	Amlodipine
cardiovascular_arterial hypertension_32	MEDICATION	1880	1919	dihydropyridine calcium channel blocker
cardiovascular_arterial hypertension_32	PROCEDURE	1984	2017	Lifestyle modification counseling
cardiovascular_arterial hypertension_32	PROCEDURE	2032	2059	focusing on dietary changes
cardiovascular_arterial hypertension_33	DISEASE	281	302	Arterial Hypertension
cardiovascular_arterial hypertension_33	SYMPTOM	435	455	presenting complaint
cardiovascular_arterial hypertension_33	SYMPTOM	459	475	severe headaches
cardiovascular_arterial hypertension_33	SYMPTOM	480	501	episodes of dizziness
cardiovascular_arterial hypertension_33	OBSERVATION	865	884	Diagnostic Findings
cardiovascular_arterial hypertension_33	PROCEDURE	908	954	comprehensive history and physical examination
cardiovascular_arterial hypertension_33	PROCEDURE	1127	1153	series of diagnostic tests
cardiovascular_arterial hypertension_33	PROCEDURE	1183	1193	Urinalysis
cardiovascular_arterial hypertension_33	OBSERVATION	1195	1201	Normal
cardiovascular_arterial hypertension_33	PROCEDURE	1204	1215	Lipid Panel
cardiovascular_arterial hypertension_33	DISEASE	1217	1241	Elevated LDL cholesterol
cardiovascular_arterial hypertension_33	PROCEDURE	1257	1272	Metabolic Panel
cardiovascular_arterial hypertension_33	OBSERVATION	1274	1294	Within normal limits
cardiovascular_arterial hypertension_33	PROCEDURE	1333	1336	ECG
cardiovascular_arterial hypertension_33	OBSERVATION	1338	1357	Normal sinus rhythm
cardiovascular_arterial hypertension_33	OBSERVATION	1363	1401	no signs of hypertensive heart disease
cardiovascular_arterial hypertension_33	PROCEDURE	1404	1438	Thyroid-Stimulating Hormone Levels
cardiovascular_arterial hypertension_33	OBSERVATION	1440	1459	Within normal range
cardiovascular_arterial hypertension_33	OBSERVATION	1515	1522	Pending
cardiovascular_arterial hypertension_33	DISEASE	1566	1587	arterial hypertension
cardiovascular_arterial hypertension_33	DISEASE	1731	1752	arterial hypertension
cardiovascular_arterial hypertension_33	PROCEDURE	1772	1789	Initial treatment
cardiovascular_arterial hypertension_34	SYMPTOM	326	346	persistent headaches
cardiovascular_arterial hypertension_34	SYMPTOM	348	369	episodes of dizziness
cardiovascular_arterial hypertension_34	DISEASE	489	513	type 2 diabetes mellitus
cardiovascular_arterial hypertension_34	DISEASE	518	532	hyperlipidemia
cardiovascular_arterial hypertension_34	OBSERVATION	636	655	Diagnostic Findings
cardiovascular_arterial hypertension_34	PROCEDURE	675	698	blood pressure readings
cardiovascular_arterial hypertension_34	PROCEDURE	832	848	diagnostic tests
cardiovascular_arterial hypertension_34	PROCEDURE	867	877	Urinalysis
cardiovascular_arterial hypertension_34	OBSERVATION	879	885	Normal
cardiovascular_arterial hypertension_34	PROCEDURE	888	899	Lipid Panel
cardiovascular_arterial hypertension_34	DISEASE	901	925	Elevated LDL cholesterol
cardiovascular_arterial hypertension_34	PROCEDURE	941	956	Metabolic Panel
cardiovascular_arterial hypertension_34	OBSERVATION	958	978	Within normal limits
cardiovascular_arterial hypertension_34	PROCEDURE	1017	1020	ECG
cardiovascular_arterial hypertension_34	DISEASE	1022	1041	Normal sinus rhythm
cardiovascular_arterial hypertension_34	OBSERVATION	1047	1087	no signs of left ventricular hypertrophy
cardiovascular_arterial hypertension_34	PROCEDURE	1090	1124	Thyroid-Stimulating Hormone Levels
cardiovascular_arterial hypertension_34	OBSERVATION	1126	1145	Within normal range
cardiovascular_arterial hypertension_34	OBSERVATION	1179	1198	diagnostic findings
cardiovascular_arterial hypertension_34	DISEASE	1215	1236	arterial hypertension
cardiovascular_arterial hypertension_34	PROCEDURE	1319	1352	lifestyle modification counseling
cardiovascular_arterial hypertension_34	PROCEDURE	1443	1470	increased physical activity
cardiovascular_arterial hypertension_34	PROCEDURE	1476	1493	smoking cessation
cardiovascular_arterial hypertension_34	PROCEDURE	1495	1520	Pharmacological treatment
cardiovascular_arterial hypertension_34	MEDICATION	1540	1550	Lisinopril
cardiovascular_arterial hypertension_34	MEDICATION	1555	1568	ACE inhibitor
cardiovascular_arterial hypertension_34	MEDICATION	1628	1647	Hydrochlorothiazide
cardiovascular_arterial hypertension_34	MEDICATION	1649	1653	HCTZ
cardiovascular_arterial hypertension_34	DISEASE	1704	1719	type 2 diabetes
cardiovascular_arterial hypertension_35	SYMPTOM	347	381	complaints of persistent headaches
cardiovascular_arterial hypertension_35	SYMPTOM	383	404	episodes of dizziness
cardiovascular_arterial hypertension_35	SYMPTOM	412	453	family history of cardiovascular diseases
cardiovascular_arterial hypertension_35	PROCEDURE	455	486	Initial blood pressure readings
cardiovascular_arterial hypertension_35	OBSERVATION	492	514	significantly elevated
cardiovascular_arterial hypertension_35	SYMPTOM	684	703	presenting symptoms
cardiovascular_arterial hypertension_35	DISEASE	725	746	arterial hypertension
cardiovascular_arterial hypertension_35	PROCEDURE	751	772	Diagnostic Assessment
cardiovascular_arterial hypertension_35	PROCEDURE	809	833	comprehensive evaluation
cardiovascular_arterial hypertension_35	PROCEDURE	844	880	repeated blood pressure measurements
cardiovascular_arterial hypertension_35	DISEASE	941	962	arterial hypertension
cardiovascular_arterial hypertension_35	PROCEDURE	1055	1075	physical examination
cardiovascular_arterial hypertension_35	DISEASE	1127	1134	obesity
cardiovascular_arterial hypertension_35	PROCEDURE	1192	1208	Diagnostic tests
cardiovascular_arterial hypertension_35	PROCEDURE	1238	1248	Urinalysis
cardiovascular_arterial hypertension_35	OBSERVATION	1250	1256	Normal
cardiovascular_arterial hypertension_35	PROCEDURE	1259	1270	Lipid Panel
cardiovascular_arterial hypertension_35	DISEASE	1272	1303	Elevated LDL cholesterol levels
cardiovascular_arterial hypertension_35	PROCEDURE	1306	1321	Metabolic Panel
cardiovascular_arterial hypertension_35	OBSERVATION	1323	1343	Within normal limits
cardiovascular_arterial hypertension_35	PROCEDURE	1346	1368	Fasting Plasma Glucose
cardiovascular_arterial hypertension_35	DISEASE	1370	1387	Slightly elevated
cardiovascular_arterial hypertension_35	PROCEDURE	1390	1393	ECG
cardiovascular_arterial hypertension_35	OBSERVATION	1395	1414	Normal sinus rhythm
cardiovascular_arterial hypertension_35	OBSERVATION	1420	1443	no signs of hypertrophy
cardiovascular_arterial hypertension_35	PROCEDURE	1446	1480	Thyroid-Stimulating Hormone Levels
cardiovascular_arterial hypertension_35	OBSERVATION	1482	1502	Within normal limits
cardiovascular_arterial hypertension_35	DISEASE	1581	1602	arterial hypertension
cardiovascular_arterial hypertension_35	DISEASE	1632	1643	hypokalemia
cardiovascular_arterial hypertension_35	PROCEDURE	1713	1728	Hospital Course
cardiovascular_arterial hypertension_35	PROCEDURE	1768	1791	lifestyle modifications
cardiovascular_arterial hypertension_35	PROCEDURE	1802	1816	dietary advice
cardiovascular_arterial hypertension_35	PROCEDURE	1891	1913	aiming for weight loss
cardiovascular_arterial hypertension_35	MEDICATION	1933	1943	Lisinopril
cardiovascular_arterial hypertension_35	MEDICATION	1948	1961	ACE inhibitor
cardiovascular_arterial hypertension_35	MEDICATION	2028	2047	Hydrochlorothiazide
cardiovascular_arterial hypertension_36	DISEASE	328	349	Arterial Hypertension
cardiovascular_arterial hypertension_36	DISEASE	593	615	cardiovascular disease
cardiovascular_arterial hypertension_36	SYMPTOM	676	706	complaints of severe headaches
cardiovascular_arterial hypertension_36	SYMPTOM	711	732	episodes of dizziness
cardiovascular_arterial hypertension_36	PROCEDURE	884	911	blood pressure measurements
cardiovascular_arterial hypertension_36	DISEASE	985	1006	arterial hypertension
cardiovascular_arterial hypertension_36	PROCEDURE	1105	1129	comprehensive evaluation
cardiovascular_arterial hypertension_36	PROCEDURE	1155	1165	urinalysis
cardiovascular_arterial hypertension_36	PROCEDURE	1169	1180	lipid panel
cardiovascular_arterial hypertension_36	PROCEDURE	1184	1199	metabolic panel
cardiovascular_arterial hypertension_36	PROCEDURE	1201	1223	fasting plasma glucose
cardiovascular_arterial hypertension_36	PROCEDURE	1232	1235	ECG
cardiovascular_arterial hypertension_36	DISEASE	1303	1331	No significant abnormalities
cardiovascular_arterial hypertension_36	DISEASE	1354	1385	elevated LDL cholesterol levels
cardiovascular_arterial hypertension_36	DISEASE	1392	1440	fasting plasma glucose indicative of prediabetes
cardiovascular_arterial hypertension_36	PROCEDURE	1442	1462	Physical examination
cardiovascular_arterial hypertension_36	DISEASE	1522	1553	no signs of target organ damage
cardiovascular_arterial hypertension_36	PROCEDURE	1581	1604	lifestyle modifications
cardiovascular_arterial hypertension_36	PROCEDURE	1618	1648	diet plan aimed at weight loss
cardiovascular_arterial hypertension_36	PROCEDURE	1652	1703	reduction in sodium intake to less than 1500 mg/day
cardiovascular_arterial hypertension_36	PROCEDURE	1711	1749	regimen of increased physical activity
cardiovascular_arterial hypertension_36	PROCEDURE	1751	1776	Pharmacological treatment
cardiovascular_arterial hypertension_36	MEDICATION	1794	1804	Lisinopril
cardiovascular_arterial hypertension_36	MEDICATION	1826	1836	Amlodipine
cardiovascular_arterial hypertension_37	SYMPTOM	344	360	severe headaches
cardiovascular_arterial hypertension_37	SYMPTOM	362	383	episodes of dizziness
cardiovascular_arterial hypertension_37	SYMPTOM	409	423	blurred vision
cardiovascular_arterial hypertension_37	DISEASE	534	541	obesity
cardiovascular_arterial hypertension_37	DISEASE	546	570	type 2 diabetes mellitus
cardiovascular_arterial hypertension_37	SYMPTOM	629	645	severe headaches
cardiovascular_arterial hypertension_37	SYMPTOM	650	659	dizziness
cardiovascular_arterial hypertension_37	SYMPTOM	781	795	blurred vision
cardiovascular_arterial hypertension_37	OBSERVATION	1090	1107	Physical findings
cardiovascular_arterial hypertension_37	OBSERVATION	1109	1145	No signs of hypertensive retinopathy
cardiovascular_arterial hypertension_37	OBSERVATION	1190	1231	There was no evidence of peripheral edema
cardiovascular_arterial hypertension_37	PROCEDURE	1233	1252	Cardiac examination
cardiovascular_arterial hypertension_37	PROCEDURE	1319	1336	Diagnostic Workup
cardiovascular_arterial hypertension_37	PROCEDURE	1346	1362	Laboratory Tests
cardiovascular_arterial hypertension_37	PROCEDURE	1366	1395	Comprehensive metabolic panel
cardiovascular_arterial hypertension_37	PROCEDURE	1397	1410	lipid profile
cardiovascular_arterial hypertension_37	PROCEDURE	1412	1434	fasting plasma glucose
cardiovascular_arterial hypertension_37	PROCEDURE	1440	1474	thyroid-stimulating hormone levels
cardiovascular_arterial hypertension_37	OBSERVATION	1512	1543	elevated fasting plasma glucose
cardiovascular_arterial hypertension_37	PROCEDURE	1592	1602	Urinalysis
cardiovascular_arterial hypertension_37	OBSERVATION	1606	1612	Normal
cardiovascular_arterial hypertension_37	PROCEDURE	1619	1622	ECG
cardiovascular_arterial hypertension_37	OBSERVATION	1626	1645	Normal sinus rhythm
cardiovascular_arterial hypertension_37	OBSERVATION	1651	1691	no signs of left ventricular hypertrophy
cardiovascular_arterial hypertension_37	PROCEDURE	1698	1723	Blood Pressure Monitoring
cardiovascular_arterial hypertension_37	PROCEDURE	1749	1793	24-hour ambulatory blood pressure monitoring
cardiovascular_arterial hypertension_37	DISEASE	1828	1849	arterial hypertension
cardiovascular_arterial hypertension_38	DISEASE	264	285	Arterial Hypertension
cardiovascular_arterial hypertension_38	DISEASE	412	436	type 2 diabetes mellitus
cardiovascular_arterial hypertension_38	SYMPTOM	497	527	complaints of severe headaches
cardiovascular_arterial hypertension_38	SYMPTOM	532	553	episodes of dizziness
cardiovascular_arterial hypertension_38	DISEASE	611	623	hypertension
cardiovascular_arterial hypertension_38	DISEASE	628	650	cardiovascular disease
cardiovascular_arterial hypertension_38	PROCEDURE	772	800	BP was measured in both arms
cardiovascular_arterial hypertension_38	PROCEDURE	991	1015	Initial laboratory tests
cardiovascular_arterial hypertension_38	PROCEDURE	1026	1036	urinalysis
cardiovascular_arterial hypertension_38	PROCEDURE	1038	1049	lipid panel
cardiovascular_arterial hypertension_38	PROCEDURE	1051	1066	metabolic panel
cardiovascular_arterial hypertension_38	PROCEDURE	1068	1090	fasting plasma glucose
cardiovascular_arterial hypertension_38	PROCEDURE	1096	1099	ECG
cardiovascular_arterial hypertension_38	PROCEDURE	1130	1152	fasting plasma glucose
cardiovascular_arterial hypertension_38	DISEASE	1157	1165	elevated
cardiovascular_arterial hypertension_38	PROCEDURE	1171	1182	lipid panel
cardiovascular_arterial hypertension_38	PROCEDURE	1208	1211	ECG
cardiovascular_arterial hypertension_38	OBSERVATION	1234	1275	history and physical examination findings
cardiovascular_arterial hypertension_38	DISEASE	1304	1325	arterial hypertension
cardiovascular_arterial hypertension_38	PROCEDURE	1330	1349	Treatment Initiated
cardiovascular_arterial hypertension_38	PROCEDURE	1360	1383	Lifestyle Modifications
cardiovascular_arterial hypertension_38	PROCEDURE	1434	1445	weight loss
cardiovascular_arterial hypertension_38	PROCEDURE	1447	1470	adopting a healthy diet
cardiovascular_arterial hypertension_38	PROCEDURE	1476	1497	reduced sodium intake
cardiovascular_arterial hypertension_38	PROCEDURE	1514	1541	increased physical activity
cardiovascular_arterial hypertension_38	PROCEDURE	1547	1564	smoking cessation
cardiovascular_arterial hypertension_38	PROCEDURE	1611	1632	Medications Initiated
cardiovascular_arterial hypertension_38	MEDICATION	1645	1655	Lisinopril
cardiovascular_arterial hypertension_38	MEDICATION	1662	1675	ACE inhibitor
cardiovascular_arterial hypertension_39	PROCEDURE	236	253	Primary Diagnosis
cardiovascular_arterial hypertension_39	DISEASE	257	278	Arterial Hypertension
cardiovascular_arterial hypertension_39	SYMPTOM	392	422	complaints of severe headaches
cardiovascular_arterial hypertension_39	SYMPTOM	424	445	episodes of dizziness
cardiovascular_arterial hypertension_39	SYMPTOM	451	465	blurred vision
cardiovascular_arterial hypertension_39	DISEASE	517	529	hypertension
cardiovascular_arterial hypertension_39	DISEASE	654	676	cardiovascular disease
cardiovascular_arterial hypertension_39	DISEASE	688	700	hypertension
cardiovascular_arterial hypertension_39	DISEASE	705	711	stroke
cardiovascular_arterial hypertension_39	PROCEDURE	716	736	Physical Examination
cardiovascular_arterial hypertension_39	SYMPTOM	970	987	overweight status
cardiovascular_arterial hypertension_39	PROCEDURE	991	1025	comprehensive physical examination
cardiovascular_arterial hypertension_39	PROCEDURE	1030	1057	subsequent diagnostic tests
cardiovascular_arterial hypertension_39	PROCEDURE	1069	1079	urinalysis
cardiovascular_arterial hypertension_39	PROCEDURE	1081	1092	lipid panel
cardiovascular_arterial hypertension_39	PROCEDURE	1094	1109	metabolic panel
cardiovascular_arterial hypertension_39	PROCEDURE	1111	1133	fasting plasma glucose
cardiovascular_arterial hypertension_39	PROCEDURE	1139	1142	ECG
cardiovascular_arterial hypertension_39	OBSERVATION	1182	1214	no immediate target organ damage
cardiovascular_arterial hypertension_39	DISEASE	1277	1289	hypertension
cardiovascular_arterial hypertension_39	PROCEDURE	1383	1416	lifestyle modification counseling
cardiovascular_arterial hypertension_39	PROCEDURE	1428	1443	dietary changes
cardiovascular_arterial hypertension_39	PROCEDURE	1502	1525	encouraging weight loss
cardiovascular_arterial hypertension_39	PROCEDURE	1531	1566	increasing physical activity levels
cardiovascular_arterial hypertension_39	PROCEDURE	1568	1593	Pharmacological treatment
cardiovascular_arterial hypertension_39	MEDICATION	1613	1623	Lisinopril
cardiovascular_arterial hypertension_39	MEDICATION	1628	1641	ACE inhibitor
cardiovascular_arterial hypertension_39	MEDICATION	1694	1713	Hydrochlorothiazide
cardiovascular_arterial hypertension_4	SYMPTOM	345	361	severe headaches
cardiovascular_arterial hypertension_4	SYMPTOM	378	387	dizziness
cardiovascular_arterial hypertension_4	DISEASE	508	532	type 2 diabetes mellitus
cardiovascular_arterial hypertension_4	DISEASE	537	557	hypercholesterolemia
cardiovascular_arterial hypertension_4	SYMPTOM	644	660	severe headaches
cardiovascular_arterial hypertension_4	SYMPTOM	665	674	dizziness
cardiovascular_arterial hypertension_4	DISEASE	845	869	Type 2 Diabetes Mellitus
cardiovascular_arterial hypertension_4	DISEASE	874	894	Hypercholesterolemia
cardiovascular_arterial hypertension_4	DISEASE	945	957	hypertension
cardiovascular_arterial hypertension_4	MEDICATION	995	1014	Metformin 500mg BID
cardiovascular_arterial hypertension_4	MEDICATION	1019	1040	Atorvastatin 20mg QHS
cardiovascular_arterial hypertension_4	PROCEDURE	1083	1102	blood pressure (BP)
cardiovascular_arterial hypertension_4	PROCEDURE	1273	1299	subsequent BP measurements
cardiovascular_arterial hypertension_4	DISEASE	1410	1431	arterial hypertension
cardiovascular_arterial hypertension_4	PROCEDURE	1457	1477	physical examination
cardiovascular_arterial hypertension_4	PROCEDURE	1483	1499	diagnostic tests
cardiovascular_arterial hypertension_4	PROCEDURE	1555	1565	urinalysis
cardiovascular_arterial hypertension_4	PROCEDURE	1567	1578	lipid panel
cardiovascular_arterial hypertension_4	PROCEDURE	1580	1595	metabolic panel
cardiovascular_arterial hypertension_4	PROCEDURE	1597	1619	fasting plasma glucose
cardiovascular_arterial hypertension_4	PROCEDURE	1628	1631	ECG
cardiovascular_arterial hypertension_4	OBSERVATION	1656	1702	no immediate secondary causes for hypertension
cardiovascular_arterial hypertension_4	SYMPTOM	1719	1743	target organ damage risk
cardiovascular_arterial hypertension_4	SYMPTOM	1751	1768	sustained high BP
cardiovascular_arterial hypertension_4	PROCEDURE	1795	1809	treatment plan
cardiovascular_arterial hypertension_4	PROCEDURE	1824	1847	lifestyle modifications
cardiovascular_arterial hypertension_4	PROCEDURE	1856	1883	increased physical activity
cardiovascular_arterial hypertension_4	PROCEDURE	1885	1900	dietary changes
cardiovascular_arterial hypertension_4	PROCEDURE	1926	1947	reduced sodium intake
cardiovascular_arterial hypertension_4	PROCEDURE	1953	1974	medication management
cardiovascular_arterial hypertension_4	MEDICATION	2003	2018	Lisinopril 10mg
cardiovascular_arterial hypertension_40	SYMPTOM	320	350	complaints of severe headaches
cardiovascular_arterial hypertension_40	SYMPTOM	352	373	episodes of dizziness
cardiovascular_arterial hypertension_40	SYMPTOM	381	419	history of uncontrolled blood pressure
cardiovascular_arterial hypertension_40	PROCEDURE	594	615	comprehensive history
cardiovascular_arterial hypertension_40	DISEASE	755	767	hypertension
cardiovascular_arterial hypertension_40	DISEASE	795	803	diabetes
cardiovascular_arterial hypertension_40	DISEASE	805	819	kidney disease
cardiovascular_arterial hypertension_40	DISEASE	824	846	cardiovascular disease
cardiovascular_arterial hypertension_40	PROCEDURE	848	868	Physical examination
cardiovascular_arterial hypertension_40	DISEASE	989	996	obesity
cardiovascular_arterial hypertension_40	DISEASE	1029	1041	hypertension
cardiovascular_arterial hypertension_40	PROCEDURE	1044	1060	Diagnostic tests
cardiovascular_arterial hypertension_40	PROCEDURE	1087	1097	urinalysis
cardiovascular_arterial hypertension_40	PROCEDURE	1101	1121	complete lipid panel
cardiovascular_arterial hypertension_40	PROCEDURE	1125	1154	comprehensive metabolic panel
cardiovascular_arterial hypertension_40	PROCEDURE	1156	1178	fasting plasma glucose
cardiovascular_arterial hypertension_40	PROCEDURE	1187	1210	electrocardiogram (ECG)
cardiovascular_arterial hypertension_40	OBSERVATION	1234	1275	no immediate signs of target organ damage
cardiovascular_arterial hypertension_40	DISEASE	1293	1307	hyperlipidemia
cardiovascular_arterial hypertension_40	DISEASE	1312	1323	prediabetes
cardiovascular_arterial hypertension_40	DISEASE	1400	1412	hypertension
cardiovascular_arterial hypertension_40	DISEASE	1450	1471	arterial hypertension
cardiovascular_arterial hypertension_40	PROCEDURE	1476	1485	Treatment
cardiovascular_arterial hypertension_40	PROCEDURE	1491	1500	Treatment
cardiovascular_arterial hypertension_40	PROCEDURE	1520	1549	lifestyle modification advice
cardiovascular_arterial hypertension_40	PROCEDURE	1582	1609	increased physical activity
cardiovascular_arterial hypertension_40	PROCEDURE	1613	1638	diet aimed at weight loss
cardiovascular_arterial hypertension_40	PROCEDURE	1644	1665	reduced sodium intake
cardiovascular_arterial hypertension_40	PROCEDURE	1686	1703	smoking cessation
cardiovascular_arterial hypertension_40	PROCEDURE	1739	1764	Pharmacological treatment
cardiovascular_arterial hypertension_40	MEDICATION	1784	1794	Lisinopril
cardiovascular_arterial hypertension_40	MEDICATION	1799	1812	ACE inhibitor
cardiovascular_arterial hypertension_40	MEDICATION	1872	1891	Hydrochlorothiazide
cardiovascular_arterial hypertension_40	DISEASE	1949	1961	hypertension
cardiovascular_arterial hypertension_41	SYMPTOM	337	357	persistent headaches
cardiovascular_arterial hypertension_41	SYMPTOM	359	380	episodes of dizziness
cardiovascular_arterial hypertension_41	DISEASE	568	592	type 2 diabetes mellitus
cardiovascular_arterial hypertension_41	DISEASE	597	611	hyperlipidemia
cardiovascular_arterial hypertension_41	SYMPTOM	683	703	persistent headaches
cardiovascular_arterial hypertension_41	SYMPTOM	708	717	dizziness
cardiovascular_arterial hypertension_41	SYMPTOM	847	857	chest pain
cardiovascular_arterial hypertension_41	SYMPTOM	859	871	palpitations
cardiovascular_arterial hypertension_41	SYMPTOM	876	895	shortness of breath
cardiovascular_arterial hypertension_41	DISEASE	924	936	hypertension
cardiovascular_arterial hypertension_41	DISEASE	941	963	cardiovascular disease
cardiovascular_arterial hypertension_41	PROCEDURE	968	988	Physical Examination
cardiovascular_arterial hypertension_41	PROCEDURE	1134	1154	Physical examination
cardiovascular_arterial hypertension_41	OBSERVATION	1164	1195	no signs of target organ damage
cardiovascular_arterial hypertension_41	PROCEDURE	1234	1252	Diagnostic Testing
cardiovascular_arterial hypertension_41	PROCEDURE	1260	1270	Urinalysis
cardiovascular_arterial hypertension_41	OBSERVATION	1272	1278	Normal
cardiovascular_arterial hypertension_41	PROCEDURE	1283	1294	Lipid Panel
cardiovascular_arterial hypertension_41	DISEASE	1296	1308	LDL elevated
cardiovascular_arterial hypertension_41	PROCEDURE	1369	1384	Metabolic Panel
cardiovascular_arterial hypertension_41	OBSERVATION	1386	1406	Within normal limits
cardiovascular_arterial hypertension_41	PROCEDURE	1449	1452	ECG
cardiovascular_arterial hypertension_41	OBSERVATION	1454	1473	Normal sinus rhythm
cardiovascular_arterial hypertension_41	OBSERVATION	1513	1533	Within normal limits
cardiovascular_arterial hypertension_41	PROCEDURE	1538	1589	Plasma Aldosterone Levels and Plasma Renin Activity
cardiovascular_arterial hypertension_41	OBSERVATION	1591	1597	Normal
cardiovascular_arterial hypertension_41	DISEASE	1680	1701	arterial hypertension
cardiovascular_arterial hypertension_41	PROCEDURE	1807	1832	pharmacological treatment
cardiovascular_arterial hypertension_41	PROCEDURE	1853	1876	lifestyle modifications
cardiovascular_arterial hypertension_41	DISEASE	1916	1924	diabetes
cardiovascular_arterial hypertension_42	DISEASE	281	302	Arterial Hypertension
cardiovascular_arterial hypertension_42	PROCEDURE	308	337	Hospital Course and Treatment
cardiovascular_arterial hypertension_42	SYMPTOM	420	450	complaints of severe headaches
cardiovascular_arterial hypertension_42	SYMPTOM	452	473	episodes of dizziness
cardiovascular_arterial hypertension_42	PROCEDURE	673	696	blood pressure readings
cardiovascular_arterial hypertension_42	PROCEDURE	714	730	sphygmomanometry
cardiovascular_arterial hypertension_42	DISEASE	1068	1089	arterial hypertension
cardiovascular_arterial hypertension_42	OBSERVATION	1154	1187	noting John's sedentary lifestyle
cardiovascular_arterial hypertension_42	SYMPTOM	1189	1205	high-sodium diet
cardiovascular_arterial hypertension_42	PROCEDURE	1255	1275	Physical examination
cardiovascular_arterial hypertension_42	OBSERVATION	1316	1334	indicating obesity
cardiovascular_arterial hypertension_42	OBSERVATION	1429	1470	No immediate signs of target organ damage
cardiovascular_arterial hypertension_42	PROCEDURE	1559	1575	Diagnostic tests
cardiovascular_arterial hypertension_42	PROCEDURE	1587	1597	urinalysis
cardiovascular_arterial hypertension_42	PROCEDURE	1601	1612	lipid panel
cardiovascular_arterial hypertension_42	PROCEDURE	1616	1645	comprehensive metabolic panel
cardiovascular_arterial hypertension_42	PROCEDURE	1647	1669	fasting plasma glucose
cardiovascular_arterial hypertension_42	PROCEDURE	1678	1681	ECG
cardiovascular_arterial hypertension_42	PROCEDURE	1774	1785	lipid panel
cardiovascular_arterial hypertension_42	SYMPTOM	1796	1830	borderline high cholesterol levels
cardiovascular_arterial hypertension_42	PROCEDURE	1896	1899	ECG
cardiovascular_arterial hypertension_43	SYMPTOM	310	340	complaints of severe headaches
cardiovascular_arterial hypertension_43	SYMPTOM	342	363	episodes of dizziness
cardiovascular_arterial hypertension_43	OBSERVATION	371	414	history of elevated blood pressure readings
cardiovascular_arterial hypertension_43	PROCEDURE	424	455	Initial blood pressure readings
cardiovascular_arterial hypertension_43	OBSERVATION	481	502	significant elevation
cardiovascular_arterial hypertension_43	DISEASE	579	600	arterial hypertension
cardiovascular_arterial hypertension_43	PROCEDURE	604	628	comprehensive evaluation
cardiovascular_arterial hypertension_43	PROCEDURE	656	676	physical examination
cardiovascular_arterial hypertension_43	PROCEDURE	682	698	diagnostic tests
cardiovascular_arterial hypertension_43	OBSERVATION	781	800	Diagnostic Findings
cardiovascular_arterial hypertension_43	PROCEDURE	1107	1143	ambulatory blood pressure monitoring
cardiovascular_arterial hypertension_43	DISEASE	1192	1213	arterial hypertension
cardiovascular_arterial hypertension_43	MEDICATION	1296	1358	no significant use of medications predisposing to hypertension
cardiovascular_arterial hypertension_43	PROCEDURE	1423	1443	physical examination
cardiovascular_arterial hypertension_43	DISEASE	1517	1558	no immediate signs of target organ damage
cardiovascular_arterial hypertension_43	PROCEDURE	1593	1603	Urinalysis
cardiovascular_arterial hypertension_43	PROCEDURE	1614	1625	Lipid Panel
cardiovascular_arterial hypertension_43	DISEASE	1627	1656	Cholesterol slightly elevated
cardiovascular_arterial hypertension_43	PROCEDURE	1659	1674	Metabolic Panel
cardiovascular_arterial hypertension_43	PROCEDURE	1732	1735	ECG
cardiovascular_arterial hypertension_43	OBSERVATION	1745	1768	no signs of hypertrophy
cardiovascular_arterial hypertension_43	PROCEDURE	1927	1951	Treatment and Management
cardiovascular_arterial hypertension_43	PROCEDURE	1968	1983	treatment goals
cardiovascular_arterial hypertension_44	DISEASE	232	253	Arterial Hypertension
cardiovascular_arterial hypertension_44	DISEASE	283	304	Arterial Hypertension
cardiovascular_arterial hypertension_44	SYMPTOM	422	442	presenting complaint
cardiovascular_arterial hypertension_44	SYMPTOM	446	462	severe headaches
cardiovascular_arterial hypertension_44	SYMPTOM	467	488	episodes of dizziness
cardiovascular_arterial hypertension_44	PROCEDURE	583	598	BP measurements
cardiovascular_arterial hypertension_44	OBSERVATION	771	805	no prior diagnosis of hypertension
cardiovascular_arterial hypertension_44	PROCEDURE	1049	1069	Physical examination
cardiovascular_arterial hypertension_44	DISEASE	1146	1161	central obesity
cardiovascular_arterial hypertension_44	OBSERVATION	1163	1194	No signs of target organ damage
cardiovascular_arterial hypertension_44	PROCEDURE	1223	1239	Diagnostic tests
cardiovascular_arterial hypertension_44	PROCEDURE	1251	1261	urinalysis
cardiovascular_arterial hypertension_44	PROCEDURE	1263	1274	lipid panel
cardiovascular_arterial hypertension_44	PROCEDURE	1276	1291	metabolic panel
cardiovascular_arterial hypertension_44	PROCEDURE	1293	1315	fasting plasma glucose
cardiovascular_arterial hypertension_44	PROCEDURE	1321	1324	ECG
cardiovascular_arterial hypertension_44	OBSERVATION	1364	1400	no secondary causes for hypertension
cardiovascular_arterial hypertension_44	OBSERVATION	1402	1462	Thyroid-stimulating hormone levels were within normal ranges
cardiovascular_arterial hypertension_44	OBSERVATION	1464	1494	ruling out thyroid dysfunction
cardiovascular_arterial hypertension_44	DISEASE	1552	1581	primary arterial hypertension
cardiovascular_arterial hypertension_44	PROCEDURE	1583	1600	Initial treatment
cardiovascular_arterial hypertension_44	PROCEDURE	1612	1635	lifestyle modifications
cardiovascular_arterial hypertension_44	PROCEDURE	1649	1658	diet plan
cardiovascular_arterial hypertension_44	PROCEDURE	1712	1739	increased physical activity
cardiovascular_arterial hypertension_44	PROCEDURE	1745	1762	weight management
cardiovascular_arterial hypertension_44	PROCEDURE	1868	1889	Medication Management
cardiovascular_arterial hypertension_44	MEDICATION	1933	1946	ACE inhibitor
cardiovascular_arterial hypertension_44	MEDICATION	1948	1958	Lisinopril
cardiovascular_arterial hypertension_45	SYMPTOM	367	383	severe headaches
cardiovascular_arterial hypertension_45	SYMPTOM	400	409	dizziness
cardiovascular_arterial hypertension_45	DISEASE	538	562	Type 2 diabetes mellitus
cardiovascular_arterial hypertension_45	DISEASE	567	581	hyperlipidemia
cardiovascular_arterial hypertension_45	SYMPTOM	666	682	severe headaches
cardiovascular_arterial hypertension_45	SYMPTOM	687	696	dizziness
cardiovascular_arterial hypertension_45	PROCEDURE	854	874	Physical Examination
cardiovascular_arterial hypertension_45	SYMPTOM	920	934	blood pressure
cardiovascular_arterial hypertension_45	OBSERVATION	954	975	consistently elevated
cardiovascular_arterial hypertension_45	PROCEDURE	1147	1176	Additional diagnostic testing
cardiovascular_arterial hypertension_45	PROCEDURE	1186	1196	urinalysis
cardiovascular_arterial hypertension_45	PROCEDURE	1198	1209	lipid panel
cardiovascular_arterial hypertension_45	PROCEDURE	1211	1226	metabolic panel
cardiovascular_arterial hypertension_45	PROCEDURE	1228	1250	fasting plasma glucose
cardiovascular_arterial hypertension_45	PROCEDURE	1256	1259	ECG
cardiovascular_arterial hypertension_45	DISEASE	1431	1438	obesity
cardiovascular_arterial hypertension_45	MEDICATION	1505	1515	Lisinopril
cardiovascular_arterial hypertension_45	PROCEDURE	1564	1587	Lifestyle modifications
cardiovascular_arterial hypertension_45	PROCEDURE	1620	1635	dietary changes
cardiovascular_arterial hypertension_45	PROCEDURE	1679	1706	weight loss recommendations
cardiovascular_arterial hypertension_45	PROCEDURE	1712	1752	initiation of a regular exercise regimen
cardiovascular_arterial hypertension_45	MEDICATION	1853	1863	Amlodipine
cardiovascular_arterial hypertension_46	SYMPTOM	381	397	severe headaches
cardiovascular_arterial hypertension_46	SYMPTOM	402	423	episodes of dizziness
cardiovascular_arterial hypertension_46	DISEASE	554	578	type 2 diabetes mellitus
cardiovascular_arterial hypertension_46	DISEASE	583	597	hyperlipidemia
cardiovascular_arterial hypertension_46	SYMPTOM	681	711	severe headaches and dizziness
cardiovascular_arterial hypertension_46	DISEASE	862	886	Type 2 Diabetes Mellitus
cardiovascular_arterial hypertension_46	DISEASE	891	905	Hyperlipidemia
cardiovascular_arterial hypertension_46	MEDICATION	974	989	Metformin 500mg
cardiovascular_arterial hypertension_46	MEDICATION	995	1012	Atorvastatin 20mg
cardiovascular_arterial hypertension_46	PROCEDURE	1019	1039	Physical Examination
cardiovascular_arterial hypertension_46	SYMPTOM	1097	1108	Vital signs
cardiovascular_arterial hypertension_46	PROCEDURE	1274	1294	Physical examination
cardiovascular_arterial hypertension_46	PROCEDURE	1343	1364	Diagnostic Evaluation
cardiovascular_arterial hypertension_46	PROCEDURE	1374	1401	Blood Pressure Measurements
cardiovascular_arterial hypertension_46	DISEASE	1405	1427	Confirmed hypertension
cardiovascular_arterial hypertension_46	PROCEDURE	1480	1496	Laboratory Tests
cardiovascular_arterial hypertension_46	PROCEDURE	1500	1510	Urinalysis
cardiovascular_arterial hypertension_46	PROCEDURE	1512	1523	lipid panel
cardiovascular_arterial hypertension_46	PROCEDURE	1525	1540	metabolic panel
cardiovascular_arterial hypertension_46	PROCEDURE	1546	1575	fasting plasma glucose levels
cardiovascular_arterial hypertension_46	DISEASE	1613	1662	elevated LDL cholesterol and blood glucose levels
cardiovascular_arterial hypertension_46	PROCEDURE	1664	1667	ECG
cardiovascular_arterial hypertension_46	OBSERVATION	1675	1713	no signs of hypertensive heart disease
cardiovascular_arterial hypertension_46	PROCEDURE	1715	1749	Thyroid-stimulating hormone levels
cardiovascular_arterial hypertension_46	PROCEDURE	1780	1798	Diagnostic Imaging
cardiovascular_arterial hypertension_46	PROCEDURE	1804	1815	chest X-ray
cardiovascular_arterial hypertension_46	OBSERVATION	1841	1891	no signs of cardiac enlargement or pulmonary edema
cardiovascular_arterial hypertension_46	DISEASE	1945	1966	arterial hypertension
cardiovascular_arterial hypertension_47	SYMPTOM	352	368	severe headaches
cardiovascular_arterial hypertension_47	SYMPTOM	373	394	episodes of dizziness
cardiovascular_arterial hypertension_47	SYMPTOM	429	452	occasional palpitations
cardiovascular_arterial hypertension_47	SYMPTOM	540	549	headaches
cardiovascular_arterial hypertension_47	SYMPTOM	554	563	dizziness
cardiovascular_arterial hypertension_47	DISEASE	591	607	pre-hypertension
cardiovascular_arterial hypertension_47	MEDICATION	649	659	medication
cardiovascular_arterial hypertension_47	DISEASE	681	703	cardiovascular disease
cardiovascular_arterial hypertension_47	PROCEDURE	800	820	Physical Examination
cardiovascular_arterial hypertension_47	PROCEDURE	1128	1149	Diagnostic Assessment
cardiovascular_arterial hypertension_47	PROCEDURE	1157	1184	Blood Pressure Measurements
cardiovascular_arterial hypertension_47	DISEASE	1188	1210	Confirmed hypertension
cardiovascular_arterial hypertension_47	PROCEDURE	1267	1277	Urinalysis
cardiovascular_arterial hypertension_47	OBSERVATION	1281	1287	Normal
cardiovascular_arterial hypertension_47	PROCEDURE	1292	1303	Lipid Panel
cardiovascular_arterial hypertension_47	DISEASE	1307	1331	Elevated LDL cholesterol
cardiovascular_arterial hypertension_47	PROCEDURE	1350	1365	Metabolic Panel
cardiovascular_arterial hypertension_47	OBSERVATION	1369	1375	Normal
cardiovascular_arterial hypertension_47	OBSERVATION	1414	1424	Creatinine
cardiovascular_arterial hypertension_47	OBSERVATION	1432	1438	normal
cardiovascular_arterial hypertension_47	PROCEDURE	1490	1507	Electrocardiogram
cardiovascular_arterial hypertension_47	OBSERVATION	1517	1536	Normal sinus rhythm
cardiovascular_arterial hypertension_48	SYMPTOM	351	367	severe headaches
cardiovascular_arterial hypertension_48	SYMPTOM	369	390	episodes of dizziness
cardiovascular_arterial hypertension_48	SYMPTOM	398	426	recent history of nosebleeds
cardiovascular_arterial hypertension_48	DISEASE	698	710	Hypertension
cardiovascular_arterial hypertension_48	DISEASE	731	755	Type 2 Diabetes Mellitus
cardiovascular_arterial hypertension_48	MEDICATION	793	802	metformin
cardiovascular_arterial hypertension_48	PROCEDURE	833	853	Physical Examination
cardiovascular_arterial hypertension_48	OBSERVATION	1033	1050	Physical findings
cardiovascular_arterial hypertension_48	SYMPTOM	1054	1085	No signs of target organ damage
cardiovascular_arterial hypertension_48	PROCEDURE	1120	1138	Diagnostic Testing
cardiovascular_arterial hypertension_48	PROCEDURE	1146	1171	Blood Pressure Monitoring
cardiovascular_arterial hypertension_48	DISEASE	1185	1197	hypertension
cardiovascular_arterial hypertension_48	PROCEDURE	1267	1277	Urinalysis
cardiovascular_arterial hypertension_48	OBSERVATION	1281	1287	Normal
cardiovascular_arterial hypertension_48	PROCEDURE	1292	1303	Lipid Panel
cardiovascular_arterial hypertension_48	DISEASE	1307	1338	Elevated LDL cholesterol levels
cardiovascular_arterial hypertension_48	PROCEDURE	1343	1358	Metabolic Panel
cardiovascular_arterial hypertension_48	OBSERVATION	1362	1382	Within normal limits
cardiovascular_arterial hypertension_48	DISEASE	1395	1419	elevated fasting glucose
cardiovascular_arterial hypertension_48	DISEASE	1450	1458	Elevated
cardiovascular_arterial hypertension_48	PROCEDURE	1463	1466	ECG
cardiovascular_arterial hypertension_48	OBSERVATION	1470	1476	Normal
cardiovascular_arterial hypertension_49	SYMPTOM	323	353	complaints of severe headaches
cardiovascular_arterial hypertension_49	SYMPTOM	355	376	episodes of dizziness
cardiovascular_arterial hypertension_49	SYMPTOM	384	422	history of uncontrolled blood pressure
cardiovascular_arterial hypertension_49	DISEASE	463	475	hypertension
cardiovascular_arterial hypertension_49	DISEASE	591	603	Hypertension
cardiovascular_arterial hypertension_49	DISEASE	632	656	Type 2 Diabetes Mellitus
cardiovascular_arterial hypertension_49	DISEASE	661	675	Hyperlipidemia
cardiovascular_arterial hypertension_49	PROCEDURE	681	701	Physical Examination
cardiovascular_arterial hypertension_49	OBSERVATION	916	958	Physical signs of hypertensive retinopathy
cardiovascular_arterial hypertension_49	PROCEDURE	1002	1012	Urinalysis
cardiovascular_arterial hypertension_49	PROCEDURE	1025	1036	Lipid Panel
cardiovascular_arterial hypertension_49	DISEASE	1038	1062	Elevated LDL cholesterol
cardiovascular_arterial hypertension_49	PROCEDURE	1080	1095	Metabolic Panel
cardiovascular_arterial hypertension_49	PROCEDURE	1201	1224	Electrocardiogram (ECG)
cardiovascular_arterial hypertension_49	DISEASE	1226	1254	Left ventricular hypertrophy
cardiovascular_arterial hypertension_49	SYMPTOM	1500	1508	symptoms
cardiovascular_arterial hypertension_49	DISEASE	1513	1532	target organ damage
cardiovascular_arterial hypertension_49	PROCEDURE	1547	1550	ECG
cardiovascular_arterial hypertension_49	DISEASE	1590	1602	hypertension
cardiovascular_arterial hypertension_49	PROCEDURE	1692	1720	comprehensive treatment plan
cardiovascular_arterial hypertension_49	PROCEDURE	1731	1753	medication adjustments
cardiovascular_arterial hypertension_49	PROCEDURE	1755	1778	lifestyle modifications
cardiovascular_arterial hypertension_49	PROCEDURE	1784	1801	patient education
cardiovascular_arterial hypertension_49	MEDICATION	1837	1847	Lisinopril
cardiovascular_arterial hypertension_49	MEDICATION	1972	1982	Amlodipine
cardiovascular_arterial hypertension_5	SYMPTOM	311	331	persistent headaches
cardiovascular_arterial hypertension_5	SYMPTOM	348	357	dizziness
cardiovascular_arterial hypertension_5	SYMPTOM	385	408	occasional palpitations
cardiovascular_arterial hypertension_5	DISEASE	518	525	obesity
cardiovascular_arterial hypertension_5	DISEASE	530	554	type 2 diabetes mellitus
cardiovascular_arterial hypertension_5	SYMPTOM	636	670	persistent headaches and dizziness
cardiovascular_arterial hypertension_5	SYMPTOM	800	823	occasional palpitations
cardiovascular_arterial hypertension_5	SYMPTOM	839	849	chest pain
cardiovascular_arterial hypertension_5	DISEASE	898	922	Type 2 Diabetes Mellitus
cardiovascular_arterial hypertension_5	MEDICATION	955	972	Metformin 1000 mg
cardiovascular_arterial hypertension_5	DISEASE	988	995	Obesity
cardiovascular_arterial hypertension_5	MEDICATION	1092	1109	Metformin 1000 mg
cardiovascular_arterial hypertension_5	MEDICATION	1133	1173	No previous antihypertensive medications
cardiovascular_arterial hypertension_5	PROCEDURE	1215	1234	blood pressure (BP)
cardiovascular_arterial hypertension_5	DISEASE	1439	1460	arterial hypertension
cardiovascular_arterial hypertension_5	PROCEDURE	1568	1584	Diagnostic tests
cardiovascular_arterial hypertension_5	PROCEDURE	1596	1625	comprehensive metabolic panel
cardiovascular_arterial hypertension_5	PROCEDURE	1627	1637	urinalysis
cardiovascular_arterial hypertension_5	PROCEDURE	1639	1661	fasting plasma glucose
cardiovascular_arterial hypertension_5	PROCEDURE	1663	1674	lipid panel
cardiovascular_arterial hypertension_5	PROCEDURE	1683	1686	ECG
cardiovascular_arterial hypertension_5	DISEASE	1711	1774	no additional abnormalities beyond controlled diabetes mellitus
cardiovascular_arterial hypertension_6	SYMPTOM	323	356	complaints of recurring headaches
cardiovascular_arterial hypertension_6	SYMPTOM	358	379	episodes of dizziness
cardiovascular_arterial hypertension_6	SYMPTOM	385	399	blurred vision
cardiovascular_arterial hypertension_6	DISEASE	454	477	cardiovascular diseases
cardiovascular_arterial hypertension_6	PROCEDURE	499	517	initial assessment
cardiovascular_arterial hypertension_6	DISEASE	549	570	arterial hypertension
cardiovascular_arterial hypertension_6	OBSERVATION	589	608	Diagnostic Findings
cardiovascular_arterial hypertension_6	PROCEDURE	669	685	sphygmomanometry
cardiovascular_arterial hypertension_6	OBSERVATION	700	743	revealing a higher reading in the right arm
cardiovascular_arterial hypertension_6	PROCEDURE	761	784	Subsequent measurements
cardiovascular_arterial hypertension_6	PROCEDURE	919	939	physical examination
cardiovascular_arterial hypertension_6	DISEASE	1012	1053	no immediate signs of target organ damage
cardiovascular_arterial hypertension_6	PROCEDURE	1055	1073	Diagnostic testing
cardiovascular_arterial hypertension_6	PROCEDURE	1083	1093	urinalysis
cardiovascular_arterial hypertension_6	PROCEDURE	1095	1106	lipid panel
cardiovascular_arterial hypertension_6	PROCEDURE	1108	1137	comprehensive metabolic panel
cardiovascular_arterial hypertension_6	PROCEDURE	1139	1161	fasting plasma glucose
cardiovascular_arterial hypertension_6	PROCEDURE	1170	1173	ECG
cardiovascular_arterial hypertension_6	OBSERVATION	1175	1199	all within normal limits
cardiovascular_arterial hypertension_6	DISEASE	1211	1238	elevated cholesterol levels
cardiovascular_arterial hypertension_6	PROCEDURE	1240	1262	Fasting plasma glucose
cardiovascular_arterial hypertension_6	OBSERVATION	1277	1309	indicating no diabetic condition
cardiovascular_arterial hypertension_6	DISEASE	1422	1443	arterial hypertension
cardiovascular_arterial hypertension_6	PROCEDURE	1507	1536	lifestyle modification advice
cardiovascular_arterial hypertension_6	PROCEDURE	1598	1625	increased physical activity
cardiovascular_arterial hypertension_6	PROCEDURE	1659	1684	Pharmacological treatment
cardiovascular_arterial hypertension_6	MEDICATION	1707	1720	ACE inhibitor
cardiovascular_arterial hypertension_6	MEDICATION	1722	1732	Lisinopril
cardiovascular_arterial hypertension_6	PROCEDURE	2028	2079	Daily education sessions on hypertension management
cardiovascular_arterial hypertension_7	DISEASE	240	261	Arterial Hypertension
cardiovascular_arterial hypertension_7	SYMPTOM	384	418	complaints of persistent headaches
cardiovascular_arterial hypertension_7	SYMPTOM	423	444	episodes of dizziness
cardiovascular_arterial hypertension_7	DISEASE	587	599	hypertension
cardiovascular_arterial hypertension_7	PROCEDURE	643	669	subsequent BP measurements
cardiovascular_arterial hypertension_7	PROCEDURE	715	736	comprehensive history
cardiovascular_arterial hypertension_7	DISEASE	780	792	hypertension
cardiovascular_arterial hypertension_7	PROCEDURE	852	872	physical examination
cardiovascular_arterial hypertension_7	OBSERVATION	957	998	no immediate signs of target organ damage
cardiovascular_arterial hypertension_7	PROCEDURE	1000	1016	Diagnostic tests
cardiovascular_arterial hypertension_7	PROCEDURE	1027	1037	urinalysis
cardiovascular_arterial hypertension_7	PROCEDURE	1039	1050	lipid panel
cardiovascular_arterial hypertension_7	PROCEDURE	1052	1081	comprehensive metabolic panel
cardiovascular_arterial hypertension_7	PROCEDURE	1083	1105	fasting plasma glucose
cardiovascular_arterial hypertension_7	PROCEDURE	1107	1110	ECG
cardiovascular_arterial hypertension_7	PROCEDURE	1116	1150	thyroid-stimulating hormone levels
cardiovascular_arterial hypertension_7	OBSERVATION	1189	1223	normal kidney and thyroid function
cardiovascular_arterial hypertension_7	PROCEDURE	1233	1244	lipid panel
cardiovascular_arterial hypertension_7	DISEASE	1252	1283	elevated LDL cholesterol levels
cardiovascular_arterial hypertension_7	DISEASE	1318	1330	hypertension
cardiovascular_arterial hypertension_7	PROCEDURE	1357	1375	medication regimen
cardiovascular_arterial hypertension_7	MEDICATION	1386	1396	Lisinopril
cardiovascular_arterial hypertension_7	MEDICATION	1401	1414	ACE inhibitor
cardiovascular_arterial hypertension_7	MEDICATION	1472	1491	Hydrochlorothiazide
cardiovascular_arterial hypertension_7	PROCEDURE	1514	1537	Lifestyle modifications
cardiovascular_arterial hypertension_7	PROCEDURE	1575	1595	adopting a DASH diet
cardiovascular_arterial hypertension_7	PROCEDURE	1646	1671	regular physical activity
cardiovascular_arterial hypertension_7	PROCEDURE	1677	1694	smoking cessation
cardiovascular_arterial hypertension_8	DISEASE	326	347	Arterial Hypertension
cardiovascular_arterial hypertension_8	SYMPTOM	590	624	complaints of persistent headaches
cardiovascular_arterial hypertension_8	SYMPTOM	626	646	occasional dizziness
cardiovascular_arterial hypertension_8	SYMPTOM	648	681	and a recent episode of nosebleed
cardiovascular_arterial hypertension_8	DISEASE	929	950	arterial hypertension
cardiovascular_arterial hypertension_8	OBSERVATION	1023	1067	noting no previous diagnosis of hypertension
cardiovascular_arterial hypertension_8	MEDICATION	1072	1119	use of medications predisposing to hypertension
cardiovascular_arterial hypertension_8	PROCEDURE	1121	1141	Physical examination
cardiovascular_arterial hypertension_8	PROCEDURE	1246	1294	comprehensive evaluation for target organ damage
cardiovascular_arterial hypertension_8	PROCEDURE	1296	1314	Diagnostic testing
cardiovascular_arterial hypertension_8	PROCEDURE	1324	1334	urinalysis
cardiovascular_arterial hypertension_8	PROCEDURE	1336	1347	lipid panel
cardiovascular_arterial hypertension_8	PROCEDURE	1349	1378	comprehensive metabolic panel
cardiovascular_arterial hypertension_8	PROCEDURE	1380	1402	fasting plasma glucose
cardiovascular_arterial hypertension_8	PROCEDURE	1408	1411	ECG
cardiovascular_arterial hypertension_8	DISEASE	1460	1484	elevated LDL cholesterol
cardiovascular_arterial hypertension_8	PROCEDURE	1487	1523	Ambulatory blood pressure monitoring
cardiovascular_arterial hypertension_8	DISEASE	1565	1586	arterial hypertension
cardiovascular_arterial hypertension_8	PROCEDURE	1627	1657	Home blood pressure monitoring
cardiovascular_arterial hypertension_8	OBSERVATION	1726	1791	which showed consistent readings with the ambulatory measurements
cardiovascular_arterial hypertension_8	PROCEDURE	1821	1844	lifestyle modifications
cardiovascular_arterial hypertension_8	PROCEDURE	1857	1866	diet plan
cardiovascular_arterial hypertension_8	PROCEDURE	1872	1893	reduced sodium intake
cardiovascular_arterial hypertension_9	DISEASE	224	245	Arterial Hypertension
cardiovascular_arterial hypertension_9	SYMPTOM	438	468	complaints of severe headaches
cardiovascular_arterial hypertension_9	SYMPTOM	473	494	episodes of dizziness
cardiovascular_arterial hypertension_9	DISEASE	548	560	hypertension
cardiovascular_arterial hypertension_9	DISEASE	828	849	arterial hypertension
cardiovascular_arterial hypertension_9	PROCEDURE	899	931	comprehensive diagnostic testing
cardiovascular_arterial hypertension_9	PROCEDURE	943	953	urinalysis
cardiovascular_arterial hypertension_9	PROCEDURE	955	966	lipid panel
cardiovascular_arterial hypertension_9	PROCEDURE	968	983	metabolic panel
cardiovascular_arterial hypertension_9	PROCEDURE	985	1007	fasting plasma glucose
cardiovascular_arterial hypertension_9	PROCEDURE	1009	1012	ECG
cardiovascular_arterial hypertension_9	PROCEDURE	1018	1052	thyroid-stimulating hormone levels
cardiovascular_arterial hypertension_9	DISEASE	1097	1108	elevated BP
cardiovascular_arterial hypertension_9	DISEASE	1144	1165	primary aldosteronism
cardiovascular_arterial hypertension_9	DISEASE	1244	1251	obesity
cardiovascular_arterial hypertension_9	PROCEDURE	1265	1288	lifestyle modifications
cardiovascular_arterial hypertension_9	PROCEDURE	1319	1331	healthy diet
cardiovascular_arterial hypertension_9	PROCEDURE	1337	1358	reduced sodium intake
cardiovascular_arterial hypertension_9	PROCEDURE	1375	1402	increased physical activity
cardiovascular_arterial hypertension_9	PROCEDURE	1408	1419	weight loss
cardiovascular_arterial hypertension_9	PROCEDURE	1493	1511	Medication therapy
cardiovascular_arterial hypertension_9	MEDICATION	1545	1555	Lisinopril
cardiovascular_arterial hypertension_9	MEDICATION	1560	1573	ACE inhibitor
cardiovascular_arterial hypertension_9	DISEASE	1644	1665	insufficient response
cardiovascular_arterial hypertension_9	MEDICATION	1776	1786	Amlodipine
endocrinology_hypothyroidism_0	DISEASE	290	312	Primary Hypothyroidism
endocrinology_hypothyroidism_0	PROCEDURE	328	348	Physical Examination
endocrinology_hypothyroidism_0	SYMPTOM	457	464	fatigue
endocrinology_hypothyroidism_0	SYMPTOM	466	477	weight gain
endocrinology_hypothyroidism_0	SYMPTOM	479	495	cold intolerance
endocrinology_hypothyroidism_0	SYMPTOM	501	513	constipation
endocrinology_hypothyroidism_0	PROCEDURE	515	535	Physical examination
endocrinology_hypothyroidism_0	SYMPTOM	545	553	dry skin
endocrinology_hypothyroidism_0	SYMPTOM	555	566	bradycardia
endocrinology_hypothyroidism_0	SYMPTOM	572	620	delayed relaxation phase of deep tendon reflexes
endocrinology_hypothyroidism_0	PROCEDURE	805	838	Laboratory Findings and Diagnosis
endocrinology_hypothyroidism_0	PROCEDURE	859	870	blood tests
endocrinology_hypothyroidism_0	DISEASE	998	1022	low serum free T4 levels
endocrinology_hypothyroidism_0	DISEASE	1083	1105	primary hypothyroidism
endocrinology_hypothyroidism_0	PROCEDURE	1169	1185	Additional tests
endocrinology_hypothyroidism_0	DISEASE	1193	1228	mild normocytic-normochromic anemia
endocrinology_hypothyroidism_0	DISEASE	1233	1266	elevated serum cholesterol levels
endocrinology_hypothyroidism_0	DISEASE	1308	1330	primary hypothyroidism
endocrinology_hypothyroidism_0	MEDICATION	1364	1377	Levothyroxine
endocrinology_hypothyroidism_0	SYMPTOM	1735	1742	fatigue
endocrinology_hypothyroidism_0	SYMPTOM	1747	1763	cold intolerance
endocrinology_hypothyroidism_1	SYMPTOM	287	294	fatigue
endocrinology_hypothyroidism_1	SYMPTOM	296	307	weight gain
endocrinology_hypothyroidism_1	SYMPTOM	309	325	cold intolerance
endocrinology_hypothyroidism_1	SYMPTOM	331	343	constipation
endocrinology_hypothyroidism_1	SYMPTOM	478	494	profound fatigue
endocrinology_hypothyroidism_1	SYMPTOM	496	521	unintentional weight gain
endocrinology_hypothyroidism_1	SYMPTOM	547	576	increased sensitivity to cold
endocrinology_hypothyroidism_1	SYMPTOM	582	594	constipation
endocrinology_hypothyroidism_1	DISEASE	756	768	Hypertension
endocrinology_hypothyroidism_1	DISEASE	773	785	Dyslipidemia
endocrinology_hypothyroidism_1	MEDICATION	823	833	Lisinopril
endocrinology_hypothyroidism_1	MEDICATION	850	862	Atorvastatin
endocrinology_hypothyroidism_1	PROCEDURE	882	902	Physical Examination
endocrinology_hypothyroidism_1	OBSERVATION	977	994	Physical findings
endocrinology_hypothyroidism_1	SYMPTOM	1012	1020	dry skin
endocrinology_hypothyroidism_1	SYMPTOM	1022	1033	bradycardia
endocrinology_hypothyroidism_1	SYMPTOM	1039	1087	delayed relaxation phase of deep tendon reflexes
endocrinology_hypothyroidism_1	DISEASE	1403	1425	primary hypothyroidism
endocrinology_hypothyroidism_1	PROCEDURE	1439	1454	Hospital Course
endocrinology_hypothyroidism_1	PROCEDURE	1489	1510	levothyroxine therapy
endocrinology_hypothyroidism_1	DISEASE	1664	1678	hypothyroidism
endocrinology_hypothyroidism_1	OBSERVATION	1680	1740	targeting a normalization of TSH and alleviation of symptoms
endocrinology_hypothyroidism_1	PROCEDURE	1742	1819	The patient was closely monitored for any adverse reactions to the medication
endocrinology_hypothyroidism_10	DISEASE	251	273	Primary Hypothyroidism
endocrinology_hypothyroidism_10	PROCEDURE	279	311	History and Physical Examination
endocrinology_hypothyroidism_10	SYMPTOM	407	414	fatigue
endocrinology_hypothyroidism_10	SYMPTOM	416	427	weight gain
endocrinology_hypothyroidism_10	SYMPTOM	429	445	cold intolerance
endocrinology_hypothyroidism_10	SYMPTOM	451	463	constipation
endocrinology_hypothyroidism_10	PROCEDURE	490	510	Physical examination
endocrinology_hypothyroidism_10	SYMPTOM	520	528	dry skin
endocrinology_hypothyroidism_10	SYMPTOM	530	541	bradycardia
endocrinology_hypothyroidism_10	SYMPTOM	547	589	delayed relaxation of deep tendon reflexes
endocrinology_hypothyroidism_10	DISEASE	642	654	hypertension
endocrinology_hypothyroidism_10	DISEASE	659	679	hypercholesterolemia
endocrinology_hypothyroidism_10	PROCEDURE	804	823	Laboratory Findings
endocrinology_hypothyroidism_10	MEDICATION	982	1003	Triiodothyronine (T3)
endocrinology_hypothyroidism_10	PROCEDURE	1016	1042	Complete Blood Count (CBC)
endocrinology_hypothyroidism_10	DISEASE	1050	1080	normocytic-normochromic anemia
endocrinology_hypothyroidism_10	DISEASE	1184	1196	elevated TSH
endocrinology_hypothyroidism_10	DISEASE	1266	1288	primary hypothyroidism
endocrinology_hypothyroidism_10	PROCEDURE	1302	1311	Treatment
endocrinology_hypothyroidism_10	MEDICATION	1344	1357	Levothyroxine
endocrinology_hypothyroidism_10	DISEASE	1510	1532	primary hypothyroidism
endocrinology_hypothyroidism_10	MEDICATION	1589	1602	levothyroxine
endocrinology_hypothyroidism_10	PROCEDURE	1678	1693	Hospital Course
endocrinology_hypothyroidism_10	SYMPTOM	1725	1732	fatigue
endocrinology_hypothyroidism_10	SYMPTOM	1737	1753	cold intolerance
endocrinology_hypothyroidism_10	PROCEDURE	1791	1800	treatment
endocrinology_hypothyroidism_10	SYMPTOM	1871	1883	constipation
endocrinology_hypothyroidism_11	SYMPTOM	372	387	extreme fatigue
endocrinology_hypothyroidism_11	SYMPTOM	389	400	weight gain
endocrinology_hypothyroidism_11	SYMPTOM	402	418	cold intolerance
endocrinology_hypothyroidism_11	SYMPTOM	424	436	constipation
endocrinology_hypothyroidism_11	PROCEDURE	474	501	endocrinological evaluation
endocrinology_hypothyroidism_11	SYMPTOM	719	743	gradual onset of fatigue
endocrinology_hypothyroidism_11	SYMPTOM	745	770	unintentional weight gain
endocrinology_hypothyroidism_11	SYMPTOM	795	824	increased sensitivity to cold
endocrinology_hypothyroidism_11	SYMPTOM	830	842	constipation
endocrinology_hypothyroidism_11	PROCEDURE	942	963	Diagnostic Assessment
endocrinology_hypothyroidism_11	PROCEDURE	985	1001	laboratory tests
endocrinology_hypothyroidism_11	PROCEDURE	1028	1054	complete blood count (CBC)
endocrinology_hypothyroidism_11	PROCEDURE	1056	1073	serum cholesterol
endocrinology_hypothyroidism_11	PROCEDURE	1079	1101	thyroid function tests
endocrinology_hypothyroidism_11	DISEASE	1122	1152	normocytic-normochromic anemia
endocrinology_hypothyroidism_11	PROCEDURE	1280	1293	thyroid panel
endocrinology_hypothyroidism_11	DISEASE	1311	1319	elevated
endocrinology_hypothyroidism_11	DISEASE	1513	1535	primary hypothyroidism
endocrinology_hypothyroidism_11	PROCEDURE	1594	1618	Management and Treatment
endocrinology_hypothyroidism_11	DISEASE	1647	1669	primary hypothyroidism
endocrinology_hypothyroidism_11	MEDICATION	1697	1710	Levothyroxine
endocrinology_hypothyroidism_12	DISEASE	299	321	Primary Hypothyroidism
endocrinology_hypothyroidism_12	DISEASE	448	460	hypertension
endocrinology_hypothyroidism_12	DISEASE	465	479	hyperlipidemia
endocrinology_hypothyroidism_12	SYMPTOM	559	566	fatigue
endocrinology_hypothyroidism_12	SYMPTOM	568	579	weight gain
endocrinology_hypothyroidism_12	SYMPTOM	585	601	cold intolerance
endocrinology_hypothyroidism_12	SYMPTOM	677	689	constipation
endocrinology_hypothyroidism_12	SYMPTOM	694	702	dry skin
endocrinology_hypothyroidism_12	PROCEDURE	813	827	Investigations
endocrinology_hypothyroidism_12	PROCEDURE	863	868	tests
endocrinology_hypothyroidism_12	DISEASE	942	950	Elevated
endocrinology_hypothyroidism_12	DISEASE	1014	1017	Low
endocrinology_hypothyroidism_12	PROCEDURE	1065	1091	Complete Blood Count (CBC)
endocrinology_hypothyroidism_12	DISEASE	1093	1133	Indicated normocytic-normochromic anemia
endocrinology_hypothyroidism_12	DISEASE	1192	1200	Elevated
endocrinology_hypothyroidism_12	DISEASE	1247	1267	Within normal limits
endocrinology_hypothyroidism_12	DISEASE	1311	1333	primary hypothyroidism
endocrinology_hypothyroidism_12	PROCEDURE	1347	1356	Treatment
endocrinology_hypothyroidism_12	MEDICATION	1389	1402	Levothyroxine
endocrinology_hypothyroidism_12	OBSERVATION	1455	1513	considering the patient's age and absence of heart disease
endocrinology_hypothyroidism_12	PROCEDURE	1638	1647	Treatment
endocrinology_hypothyroidism_12	OBSERVATION	1653	1725	The patient demonstrated significant improvement in symptoms over a week
endocrinology_hypothyroidism_12	SYMPTOM	1727	1734	Fatigue
endocrinology_hypothyroidism_12	SYMPTOM	1739	1755	cold intolerance
endocrinology_hypothyroidism_13	DISEASE	250	272	Primary Hypothyroidism
endocrinology_hypothyroidism_13	SYMPTOM	419	426	fatigue
endocrinology_hypothyroidism_13	SYMPTOM	428	439	weight gain
endocrinology_hypothyroidism_13	SYMPTOM	441	457	cold intolerance
endocrinology_hypothyroidism_13	SYMPTOM	463	475	constipation
endocrinology_hypothyroidism_13	SYMPTOM	483	491	symptoms
endocrinology_hypothyroidism_13	SYMPTOM	587	595	dry skin
endocrinology_hypothyroidism_13	SYMPTOM	600	609	hair loss
endocrinology_hypothyroidism_13	PROCEDURE	735	755	Physical Examination
endocrinology_hypothyroidism_13	SYMPTOM	788	799	vital signs
endocrinology_hypothyroidism_13	PROCEDURE	947	967	Physical examination
endocrinology_hypothyroidism_13	SYMPTOM	977	985	dry skin
endocrinology_hypothyroidism_13	SYMPTOM	987	1000	slow reflexes
endocrinology_hypothyroidism_13	OBSERVATION	1006	1052	mild nonpitting edema of the lower extremities
endocrinology_hypothyroidism_13	OBSERVATION	1054	1076	No goiter was palpated
endocrinology_hypothyroidism_13	OBSERVATION	1081	1100	Laboratory Findings
endocrinology_hypothyroidism_13	PROCEDURE	1293	1319	Complete blood count (CBC)
endocrinology_hypothyroidism_13	DISEASE	1321	1351	Normocytic-normochromic anemia
endocrinology_hypothyroidism_13	DISEASE	1373	1381	Elevated
endocrinology_hypothyroidism_13	DISEASE	1440	1462	primary hypothyroidism
endocrinology_hypothyroidism_13	PROCEDURE	1530	1551	levothyroxine therapy
endocrinology_hypothyroidism_13	SYMPTOM	1711	1719	symptoms
endocrinology_hypothyroidism_14	SYMPTOM	312	319	fatigue
endocrinology_hypothyroidism_14	SYMPTOM	321	332	weight gain
endocrinology_hypothyroidism_14	SYMPTOM	549	556	fatigue
endocrinology_hypothyroidism_14	SYMPTOM	558	581	unexplained weight gain
endocrinology_hypothyroidism_14	SYMPTOM	614	646	intolerance to cold temperatures
endocrinology_hypothyroidism_14	OBSERVATION	668	713	noticeable decrease in her exercise tolerance
endocrinology_hypothyroidism_14	SYMPTOM	718	735	mild constipation
endocrinology_hypothyroidism_14	PROCEDURE	795	812	Diagnostic Workup
endocrinology_hypothyroidism_14	PROCEDURE	857	881	comprehensive evaluation
endocrinology_hypothyroidism_14	PROCEDURE	895	915	physical examination
endocrinology_hypothyroidism_14	PROCEDURE	920	936	laboratory tests
endocrinology_hypothyroidism_14	PROCEDURE	942	955	physical exam
endocrinology_hypothyroidism_14	SYMPTOM	972	980	dry skin
endocrinology_hypothyroidism_14	SYMPTOM	982	993	bradycardia
endocrinology_hypothyroidism_14	SYMPTOM	999	1029	delayed relaxation of reflexes
endocrinology_hypothyroidism_14	PROCEDURE	1039	1055	laboratory tests
endocrinology_hypothyroidism_14	PROCEDURE	1205	1231	Complete blood count (CBC)
endocrinology_hypothyroidism_14	DISEASE	1243	1273	normocytic-normochromic anemia
endocrinology_hypothyroidism_14	DISEASE	1352	1387	elevated TSH and low free T4 levels
endocrinology_hypothyroidism_14	DISEASE	1424	1446	primary hypothyroidism
endocrinology_hypothyroidism_14	PROCEDURE	1448	1494	Further assessments ruled out secondary causes
endocrinology_hypothyroidism_14	PROCEDURE	1499	1514	Hospital Course
endocrinology_hypothyroidism_14	MEDICATION	1543	1556	Levothyroxine
endocrinology_hypothyroidism_15	DISEASE	221	245	Suspected Hypothyroidism
endocrinology_hypothyroidism_15	DISEASE	269	291	Primary Hypothyroidism
endocrinology_hypothyroidism_15	SYMPTOM	523	530	fatigue
endocrinology_hypothyroidism_15	SYMPTOM	532	543	weight gain
endocrinology_hypothyroidism_15	SYMPTOM	549	565	cold intolerance
endocrinology_hypothyroidism_15	OBSERVATION	613	624	vital signs
endocrinology_hypothyroidism_15	PROCEDURE	642	662	physical examination
endocrinology_hypothyroidism_15	SYMPTOM	672	680	dry skin
endocrinology_hypothyroidism_15	SYMPTOM	682	693	bradycardia
endocrinology_hypothyroidism_15	SYMPTOM	699	747	delayed relaxation phase of deep tendon reflexes
endocrinology_hypothyroidism_15	OBSERVATION	761	782	clinical presentation
endocrinology_hypothyroidism_15	DISEASE	1000	1022	primary hypothyroidism
endocrinology_hypothyroidism_15	PROCEDURE	1086	1102	Anemia screening
endocrinology_hypothyroidism_15	DISEASE	1112	1142	normocytic-normochromic anemia
endocrinology_hypothyroidism_15	MEDICATION	1246	1259	levothyroxine
endocrinology_hypothyroidism_15	MEDICATION	1394	1407	levothyroxine
endocrinology_hypothyroidism_15	PROCEDURE	1515	1531	dose adjustments
endocrinology_hypothyroidism_15	PROCEDURE	1888	1909	levothyroxine therapy
endocrinology_hypothyroidism_15	MEDICATION	1946	1959	Levothyroxine
endocrinology_hypothyroidism_16	DISEASE	255	277	Primary Hypothyroidism
endocrinology_hypothyroidism_16	DISEASE	301	331	Normocytic-Normochromic Anemia
endocrinology_hypothyroidism_16	SYMPTOM	434	444	complaints
endocrinology_hypothyroidism_16	SYMPTOM	448	455	fatigue
endocrinology_hypothyroidism_16	SYMPTOM	457	468	weight gain
endocrinology_hypothyroidism_16	SYMPTOM	470	486	cold intolerance
endocrinology_hypothyroidism_16	SYMPTOM	488	500	constipation
endocrinology_hypothyroidism_16	SYMPTOM	506	514	dry skin
endocrinology_hypothyroidism_16	SYMPTOM	591	602	vital signs
endocrinology_hypothyroidism_16	PROCEDURE	620	640	physical examination
endocrinology_hypothyroidism_16	SYMPTOM	657	660	dry
endocrinology_hypothyroidism_16	SYMPTOM	662	673	coarse hair
endocrinology_hypothyroidism_16	SYMPTOM	679	727	delayed relaxation phase of deep tendon reflexes
endocrinology_hypothyroidism_16	PROCEDURE	730	754	Initial laboratory tests
endocrinology_hypothyroidism_16	DISEASE	966	988	primary hypothyroidism
endocrinology_hypothyroidism_16	PROCEDURE	1052	1078	Complete blood count (CBC)
endocrinology_hypothyroidism_16	DISEASE	1088	1118	normocytic-normochromic anemia
endocrinology_hypothyroidism_16	MEDICATION	1226	1239	Levothyroxine
endocrinology_hypothyroidism_16	MEDICATION	1485	1498	Levothyroxine
endocrinology_hypothyroidism_16	DISEASE	1751	1774	mild hypochromic anemia
endocrinology_hypothyroidism_16	PROCEDURE	1799	1820	oral iron supplements
endocrinology_hypothyroidism_16	PROCEDURE	1825	1843	dietary counseling
endocrinology_hypothyroidism_17	SYMPTOM	360	375	extreme fatigue
endocrinology_hypothyroidism_17	SYMPTOM	377	388	weight gain
endocrinology_hypothyroidism_17	SYMPTOM	394	410	cold intolerance
endocrinology_hypothyroidism_17	DISEASE	442	470	well-controlled hypertension
endocrinology_hypothyroidism_17	OBSERVATION	505	525	Significant Findings
endocrinology_hypothyroidism_17	PROCEDURE	546	566	physical examination
endocrinology_hypothyroidism_17	SYMPTOM	576	584	dry skin
endocrinology_hypothyroidism_17	SYMPTOM	586	597	bradycardia
endocrinology_hypothyroidism_17	SYMPTOM	603	645	delayed relaxation of deep tendon reflexes
endocrinology_hypothyroidism_17	PROCEDURE	647	671	Initial laboratory tests
endocrinology_hypothyroidism_17	DISEASE	679	727	elevated serum thyroid-stimulating hormone (TSH)
endocrinology_hypothyroidism_17	DISEASE	853	875	primary hypothyroidism
endocrinology_hypothyroidism_17	PROCEDURE	939	955	Anemia screening
endocrinology_hypothyroidism_17	DISEASE	967	997	normocytic-normochromic anemia
endocrinology_hypothyroidism_17	DISEASE	1097	1119	Primary hypothyroidism
endocrinology_hypothyroidism_17	PROCEDURE	1123	1142	Treatment Initiated
endocrinology_hypothyroidism_17	MEDICATION	1148	1161	Levothyroxine
endocrinology_hypothyroidism_17	MEDICATION	1330	1343	levothyroxine
endocrinology_hypothyroidism_17	MEDICATION	1615	1628	levothyroxine
endocrinology_hypothyroidism_17	SYMPTOM	1711	1727	cold intolerance
endocrinology_hypothyroidism_17	PROCEDURE	1754	1777	Repeat laboratory tests
endocrinology_hypothyroidism_18	SYMPTOM	377	387	complaints
endocrinology_hypothyroidism_18	SYMPTOM	391	406	extreme fatigue
endocrinology_hypothyroidism_18	SYMPTOM	408	419	weight gain
endocrinology_hypothyroidism_18	SYMPTOM	421	437	cold intolerance
endocrinology_hypothyroidism_18	SYMPTOM	443	455	constipation
endocrinology_hypothyroidism_18	PROCEDURE	457	475	Initial evaluation
endocrinology_hypothyroidism_18	OBSERVATION	489	505	endocrine origin
endocrinology_hypothyroidism_18	OBSERVATION	507	560	prompting further investigation into thyroid function
endocrinology_hypothyroidism_18	OBSERVATION	565	584	Diagnostic Findings
endocrinology_hypothyroidism_18	PROCEDURE	606	622	laboratory tests
endocrinology_hypothyroidism_18	DISEASE	745	753	Elevated
endocrinology_hypothyroidism_18	DISEASE	789	792	Low
endocrinology_hypothyroidism_18	DISEASE	855	885	Normocytic-Normochromic Anemia
endocrinology_hypothyroidism_18	DISEASE	925	933	Elevated
endocrinology_hypothyroidism_18	DISEASE	980	1002	primary hypothyroidism
endocrinology_hypothyroidism_18	DISEASE	1024	1032	elevated
endocrinology_hypothyroidism_18	DISEASE	1072	1094	primary hypothyroidism
endocrinology_hypothyroidism_18	MEDICATION	1147	1160	Levothyroxine
endocrinology_hypothyroidism_18	MEDICATION	1199	1212	Levothyroxine
endocrinology_hypothyroidism_18	PROCEDURE	1331	1364	Anemia and Cholesterol Management
endocrinology_hypothyroidism_18	PROCEDURE	1368	1391	Dietary recommendations
endocrinology_hypothyroidism_18	DISEASE	1417	1428	mild anemia
endocrinology_hypothyroidism_18	PROCEDURE	1517	1532	Hospital Course
endocrinology_hypothyroidism_18	SYMPTOM	1578	1586	symptoms
endocrinology_hypothyroidism_18	MEDICATION	1611	1624	Levothyroxine
endocrinology_hypothyroidism_18	PROCEDURE	1641	1657	laboratory tests
endocrinology_hypothyroidism_19	DISEASE	219	241	Primary Hypothyroidism
endocrinology_hypothyroidism_19	PROCEDURE	267	276	Treatment
endocrinology_hypothyroidism_19	SYMPTOM	382	389	fatigue
endocrinology_hypothyroidism_19	SYMPTOM	391	402	weight gain
endocrinology_hypothyroidism_19	SYMPTOM	408	424	cold intolerance
endocrinology_hypothyroidism_19	DISEASE	492	504	hypertension
endocrinology_hypothyroidism_19	DISEASE	509	523	hyperlipidemia
endocrinology_hypothyroidism_19	DISEASE	638	652	hypothyroidism
endocrinology_hypothyroidism_19	PROCEDURE	671	682	examination
endocrinology_hypothyroidism_19	SYMPTOM	734	745	bradycardia
endocrinology_hypothyroidism_19	PROCEDURE	775	795	Physical examination
endocrinology_hypothyroidism_19	SYMPTOM	805	813	dry skin
endocrinology_hypothyroidism_19	SYMPTOM	815	831	facial puffiness
endocrinology_hypothyroidism_19	SYMPTOM	837	853	delayed reflexes
endocrinology_hypothyroidism_19	DISEASE	858	889	Laboratory and Imaging Findings
endocrinology_hypothyroidism_19	PROCEDURE	895	914	Initial blood tests
endocrinology_hypothyroidism_19	DISEASE	1101	1123	primary hypothyroidism
endocrinology_hypothyroidism_19	PROCEDURE	1178	1204	Complete blood count (CBC)
endocrinology_hypothyroidism_19	DISEASE	1217	1247	normocytic-normochromic anemia
endocrinology_hypothyroidism_19	DISEASE	1329	1357	No significant abnormalities
endocrinology_hypothyroidism_19	PROCEDURE	1372	1389	electrocardiogram
endocrinology_hypothyroidism_19	PROCEDURE	1397	1428	Ultrasound of the thyroid gland
endocrinology_hypothyroidism_19	PROCEDURE	1491	1510	Treatment Initiated
endocrinology_hypothyroidism_19	DISEASE	1542	1564	primary hypothyroidism
endocrinology_hypothyroidism_19	MEDICATION	1586	1599	Levothyroxine
endocrinology_hypothyroidism_19	PROCEDURE	1828	1837	Treatment
endocrinology_hypothyroidism_2	DISEASE	305	327	Primary Hypothyroidism
endocrinology_hypothyroidism_2	PROCEDURE	331	360	Hospital Course and Treatment
endocrinology_hypothyroidism_2	SYMPTOM	441	462	complaints of fatigue
endocrinology_hypothyroidism_2	SYMPTOM	464	475	weight gain
endocrinology_hypothyroidism_2	SYMPTOM	477	493	cold intolerance
endocrinology_hypothyroidism_2	SYMPTOM	499	507	dry skin
endocrinology_hypothyroidism_2	DISEASE	572	595	controlled hypertension
endocrinology_hypothyroidism_2	DISEASE	600	614	hyperlipidemia
endocrinology_hypothyroidism_2	DISEASE	647	664	thyroid disorders
endocrinology_hypothyroidism_2	PROCEDURE	694	714	physical examination
endocrinology_hypothyroidism_2	OBSERVATION	716	745	she appeared mildly edematous
endocrinology_hypothyroidism_2	SYMPTOM	751	759	dry skin
endocrinology_hypothyroidism_2	OBSERVATION	765	793	delayed deep tendon reflexes
endocrinology_hypothyroidism_2	PROCEDURE	807	823	Laboratory tests
endocrinology_hypothyroidism_2	DISEASE	1024	1046	primary hypothyroidism
endocrinology_hypothyroidism_2	PROCEDURE	1095	1121	complete blood count (CBC)
endocrinology_hypothyroidism_2	DISEASE	1131	1162	normocytic, normochromic anemia
endocrinology_hypothyroidism_2	DISEASE	1234	1256	primary hypothyroidism
endocrinology_hypothyroidism_2	MEDICATION	1293	1306	Levothyroxine
endocrinology_hypothyroidism_2	PROCEDURE	1315	1332	orally once a day
endocrinology_hypothyroidism_20	DISEASE	285	309	Suspected Hypothyroidism
endocrinology_hypothyroidism_20	SYMPTOM	444	465	complaints of fatigue
endocrinology_hypothyroidism_20	SYMPTOM	467	478	weight gain
endocrinology_hypothyroidism_20	SYMPTOM	480	496	cold intolerance
endocrinology_hypothyroidism_20	SYMPTOM	502	514	constipation
endocrinology_hypothyroidism_20	DISEASE	684	698	hypothyroidism
endocrinology_hypothyroidism_20	PROCEDURE	751	771	Physical Examination
endocrinology_hypothyroidism_20	PROCEDURE	780	800	physical examination
endocrinology_hypothyroidism_20	SYMPTOM	802	839	the patient appeared mildly edematous
endocrinology_hypothyroidism_20	SYMPTOM	841	869	particularly around the eyes
endocrinology_hypothyroidism_20	SYMPTOM	871	887	Her skin was dry
endocrinology_hypothyroidism_20	SYMPTOM	893	912	she had coarse hair
endocrinology_hypothyroidism_20	OBSERVATION	914	951	Vital signs were within normal limits
endocrinology_hypothyroidism_20	OBSERVATION	988	1017	There were no signs of goiter
endocrinology_hypothyroidism_20	OBSERVATION	1019	1053	Reflexes showed delayed relaxation
endocrinology_hypothyroidism_20	PROCEDURE	1058	1077	Laboratory Findings
endocrinology_hypothyroidism_20	PROCEDURE	1268	1288	Complete blood count
endocrinology_hypothyroidism_20	DISEASE	1296	1326	normocytic-normochromic anemia
endocrinology_hypothyroidism_20	PROCEDURE	1378	1385	Imaging
endocrinology_hypothyroidism_20	OBSERVATION	1391	1419	No goiter or thyroid nodules
endocrinology_hypothyroidism_20	PROCEDURE	1437	1468	ultrasound of the thyroid gland
endocrinology_hypothyroidism_20	PROCEDURE	1473	1488	Hospital Course
endocrinology_hypothyroidism_20	DISEASE	1525	1547	primary hypothyroidism
endocrinology_hypothyroidism_20	DISEASE	1557	1569	elevated TSH
endocrinology_hypothyroidism_20	MEDICATION	1594	1607	Levothyroxine
endocrinology_hypothyroidism_21	SYMPTOM	392	399	fatigue
endocrinology_hypothyroidism_21	SYMPTOM	401	412	weight gain
endocrinology_hypothyroidism_21	SYMPTOM	418	434	cold intolerance
endocrinology_hypothyroidism_21	SYMPTOM	564	571	fatigue
endocrinology_hypothyroidism_21	SYMPTOM	573	596	unexplained weight gain
endocrinology_hypothyroidism_21	SYMPTOM	644	673	increased sensitivity to cold
endocrinology_hypothyroidism_21	SYMPTOM	690	702	constipation
endocrinology_hypothyroidism_21	SYMPTOM	707	715	dry skin
endocrinology_hypothyroidism_21	DISEASE	828	842	hypothyroidism
endocrinology_hypothyroidism_21	PROCEDURE	861	881	Physical Examination
endocrinology_hypothyroidism_21	SYMPTOM	946	954	dry skin
endocrinology_hypothyroidism_21	SYMPTOM	956	967	Vital signs
endocrinology_hypothyroidism_21	SYMPTOM	995	1004	No goiter
endocrinology_hypothyroidism_21	SYMPTOM	1019	1053	Reflexes showed delayed relaxation
endocrinology_hypothyroidism_21	PROCEDURE	1274	1300	Complete Blood Count (CBC)
endocrinology_hypothyroidism_21	DISEASE	1308	1343	mild normocytic normochromic anemia
endocrinology_hypothyroidism_21	DISEASE	1349	1379	Serum cholesterol was elevated
endocrinology_hypothyroidism_21	PROCEDURE	1384	1391	Imaging
endocrinology_hypothyroidism_21	PROCEDURE	1397	1415	Thyroid ultrasound
endocrinology_hypothyroidism_21	DISEASE	1423	1462	no nodules or significant abnormalities
endocrinology_hypothyroidism_21	PROCEDURE	1467	1476	Diagnosis
endocrinology_hypothyroidism_21	DISEASE	1573	1595	primary hypothyroidism
endocrinology_hypothyroidism_21	PROCEDURE	1600	1609	Treatment
endocrinology_hypothyroidism_21	MEDICATION	1642	1655	Levothyroxine
endocrinology_hypothyroidism_21	DISEASE	1671	1685	hypothyroidism
endocrinology_hypothyroidism_22	SYMPTOM	347	361	severe fatigue
endocrinology_hypothyroidism_22	SYMPTOM	363	379	cold intolerance
endocrinology_hypothyroidism_22	SYMPTOM	381	393	constipation
endocrinology_hypothyroidism_22	SYMPTOM	399	421	unexpected weight gain
endocrinology_hypothyroidism_22	PROCEDURE	620	624	diet
endocrinology_hypothyroidism_22	DISEASE	764	776	Hypertension
endocrinology_hypothyroidism_22	PROCEDURE	778	804	controlled with medication
endocrinology_hypothyroidism_22	MEDICATION	912	922	Lisinopril
endocrinology_hypothyroidism_22	DISEASE	938	950	hypertension
endocrinology_hypothyroidism_22	PROCEDURE	954	974	Physical Examination
endocrinology_hypothyroidism_22	SYMPTOM	1067	1075	dry skin
endocrinology_hypothyroidism_22	SYMPTOM	1077	1088	bradycardia
endocrinology_hypothyroidism_22	SYMPTOM	1094	1142	delayed relaxation phase of deep tendon reflexes
endocrinology_hypothyroidism_22	PROCEDURE	1396	1427	Ultrasound of the thyroid gland
endocrinology_hypothyroidism_22	DISEASE	1437	1455	normal-sized gland
endocrinology_hypothyroidism_22	OBSERVATION	1461	1484	homogeneous echotexture
endocrinology_hypothyroidism_22	DISEASE	1486	1505	no nodules or cysts
endocrinology_hypothyroidism_22	PROCEDURE	1511	1520	Diagnosis
endocrinology_hypothyroidism_22	DISEASE	1522	1544	Primary Hypothyroidism
endocrinology_hypothyroidism_22	PROCEDURE	1574	1583	diagnosis
endocrinology_hypothyroidism_22	DISEASE	1587	1609	primary hypothyroidism
endocrinology_hypothyroidism_22	MEDICATION	1635	1648	Levothyroxine
endocrinology_hypothyroidism_23	SYMPTOM	339	354	extreme fatigue
endocrinology_hypothyroidism_23	SYMPTOM	356	367	weight gain
endocrinology_hypothyroidism_23	SYMPTOM	369	385	cold intolerance
endocrinology_hypothyroidism_23	SYMPTOM	391	399	dry skin
endocrinology_hypothyroidism_23	SYMPTOM	537	544	fatigue
endocrinology_hypothyroidism_23	SYMPTOM	575	586	weight gain
endocrinology_hypothyroidism_23	SYMPTOM	689	701	constipation
endocrinology_hypothyroidism_23	SYMPTOM	710	725	menstrual cycle
endocrinology_hypothyroidism_23	OBSERVATION	733	742	irregular
endocrinology_hypothyroidism_23	DISEASE	896	908	Hypertension
endocrinology_hypothyroidism_23	MEDICATION	926	936	lisinopril
endocrinology_hypothyroidism_23	DISEASE	1003	1018	thyroid disease
endocrinology_hypothyroidism_23	PROCEDURE	1023	1043	Physical Examination
endocrinology_hypothyroidism_23	OBSERVATION	1118	1136	General appearance
endocrinology_hypothyroidism_23	DISEASE	1138	1150	Mildly obese
endocrinology_hypothyroidism_23	OBSERVATION	1152	1163	no distress
endocrinology_hypothyroidism_23	SYMPTOM	1169	1173	Skin
endocrinology_hypothyroidism_23	OBSERVATION	1213	1236	Regular rate and rhythm
endocrinology_hypothyroidism_23	OBSERVATION	1238	1248	no murmurs
endocrinology_hypothyroidism_23	DISEASE	1254	1265	Respiratory
endocrinology_hypothyroidism_23	OBSERVATION	1267	1300	Clear to auscultation bilaterally
endocrinology_hypothyroidism_23	SYMPTOM	1306	1313	Abdomen
endocrinology_hypothyroidism_23	OBSERVATION	1336	1346	non-tender
endocrinology_hypothyroidism_23	OBSERVATION	1352	1364	Neurological
endocrinology_hypothyroidism_23	OBSERVATION	1366	1384	Alert and oriented
endocrinology_hypothyroidism_23	OBSERVATION	1386	1403	no focal deficits
endocrinology_hypothyroidism_23	PROCEDURE	1408	1425	Diagnostic Workup
endocrinology_hypothyroidism_23	DISEASE	1433	1442	Serum TSH
endocrinology_hypothyroidism_23	DISEASE	1444	1452	Elevated
endocrinology_hypothyroidism_23	DISEASE	1517	1520	Low
endocrinology_hypothyroidism_23	OBSERVATION	1584	1590	Normal
endocrinology_hypothyroidism_23	PROCEDURE	1596	1616	Complete Blood Count
endocrinology_hypothyroidism_24	DISEASE	350	372	Primary Hypothyroidism
endocrinology_hypothyroidism_24	DISEASE	400	430	Normocytic Normochromic Anemia
endocrinology_hypothyroidism_24	DISEASE	432	452	Hypercholesterolemia
endocrinology_hypothyroidism_24	DISEASE	580	592	hypertension
endocrinology_hypothyroidism_24	SYMPTOM	698	719	complaints of fatigue
endocrinology_hypothyroidism_24	SYMPTOM	721	732	weight gain
endocrinology_hypothyroidism_24	SYMPTOM	738	754	cold intolerance
endocrinology_hypothyroidism_24	PROCEDURE	792	810	Initial evaluation
endocrinology_hypothyroidism_24	PROCEDURE	822	851	comprehensive metabolic panel
endocrinology_hypothyroidism_24	PROCEDURE	853	856	CBC
endocrinology_hypothyroidism_24	PROCEDURE	858	871	lipid profile
endocrinology_hypothyroidism_24	PROCEDURE	877	899	thyroid function tests
endocrinology_hypothyroidism_24	DISEASE	1144	1166	primary hypothyroidism
endocrinology_hypothyroidism_24	DISEASE	1264	1294	normocytic-normochromic anemia
endocrinology_hypothyroidism_24	OBSERVATION	1297	1349	Given the patient's age and absence of heart disease
endocrinology_hypothyroidism_24	PROCEDURE	1351	1374	levothyroxine treatment
endocrinology_hypothyroidism_24	SYMPTOM	1466	1492	symptoms of hypothyroidism
endocrinology_hypothyroidism_24	MEDICATION	1609	1622	levothyroxine
endocrinology_hypothyroidism_24	MEDICATION	1719	1732	Levothyroxine
endocrinology_hypothyroidism_25	DISEASE	300	322	Primary Hypothyroidism
endocrinology_hypothyroidism_25	DISEASE	352	382	Normocytic Normochromic Anemia
endocrinology_hypothyroidism_25	PROCEDURE	388	420	History and Physical Examination
endocrinology_hypothyroidism_25	SYMPTOM	501	522	complaints of fatigue
endocrinology_hypothyroidism_25	SYMPTOM	524	535	weight gain
endocrinology_hypothyroidism_25	SYMPTOM	541	557	cold intolerance
endocrinology_hypothyroidism_25	PROCEDURE	585	605	Physical examination
endocrinology_hypothyroidism_25	SYMPTOM	615	623	dry skin
endocrinology_hypothyroidism_25	SYMPTOM	625	636	bradycardia
endocrinology_hypothyroidism_25	SYMPTOM	642	690	delayed relaxation phase of deep tendon reflexes
endocrinology_hypothyroidism_25	OBSERVATION	696	715	initial vital signs
endocrinology_hypothyroidism_25	OBSERVATION	780	814	Laboratory and Diagnostic Findings
endocrinology_hypothyroidism_25	DISEASE	867	875	Elevated
endocrinology_hypothyroidism_25	MEDICATION	926	945	Free Thyroxine (T4)
endocrinology_hypothyroidism_25	DISEASE	1173	1181	Elevated
endocrinology_hypothyroidism_25	DISEASE	1276	1298	primary hypothyroidism
endocrinology_hypothyroidism_25	DISEASE	1315	1345	normocytic normochromic anemia
endocrinology_hypothyroidism_25	DISEASE	1350	1358	elevated
endocrinology_hypothyroidism_25	PROCEDURE	1388	1397	Treatment
endocrinology_hypothyroidism_25	MEDICATION	1423	1436	Levothyroxine
endocrinology_hypothyroidism_26	DISEASE	246	268	Primary Hypothyroidism
endocrinology_hypothyroidism_26	DISEASE	296	326	Normocytic Normochromic Anemia
endocrinology_hypothyroidism_26	DISEASE	328	348	Hypercholesterolemia
endocrinology_hypothyroidism_26	SYMPTOM	496	506	complaints
endocrinology_hypothyroidism_26	SYMPTOM	510	517	fatigue
endocrinology_hypothyroidism_26	SYMPTOM	519	530	weight gain
endocrinology_hypothyroidism_26	SYMPTOM	532	548	cold intolerance
endocrinology_hypothyroidism_26	SYMPTOM	554	566	constipation
endocrinology_hypothyroidism_26	DISEASE	590	612	primary hypothyroidism
endocrinology_hypothyroidism_26	PROCEDURE	628	652	Initial laboratory tests
endocrinology_hypothyroidism_26	DISEASE	760	784	decreased free T4 levels
endocrinology_hypothyroidism_26	DISEASE	853	875	primary hypothyroidism
endocrinology_hypothyroidism_26	PROCEDURE	947	960	Anemia workup
endocrinology_hypothyroidism_26	DISEASE	968	998	normocytic normochromic anemia
endocrinology_hypothyroidism_26	DISEASE	1059	1067	elevated
endocrinology_hypothyroidism_26	MEDICATION	1109	1122	levothyroxine
endocrinology_hypothyroidism_26	OBSERVATION	1361	1400	the patient showed clinical improvement
endocrinology_hypothyroidism_26	SYMPTOM	1414	1421	fatigue
endocrinology_hypothyroidism_26	OBSERVATION	1426	1473	gradual normalization of TSH and free T4 levels
endocrinology_hypothyroidism_26	DISEASE	1644	1664	hypercholesterolemia
endocrinology_hypothyroidism_26	PROCEDURE	1666	1684	dietary counseling
endocrinology_hypothyroidism_26	PROCEDURE	1703	1717	statin therapy
endocrinology_hypothyroidism_27	DISEASE	333	347	hypothyroidism
endocrinology_hypothyroidism_27	SYMPTOM	359	366	fatigue
endocrinology_hypothyroidism_27	SYMPTOM	368	379	weight gain
endocrinology_hypothyroidism_27	SYMPTOM	381	397	cold intolerance
endocrinology_hypothyroidism_27	SYMPTOM	403	411	dry skin
endocrinology_hypothyroidism_27	PROCEDURE	556	587	comprehensive laboratory workup
endocrinology_hypothyroidism_27	PROCEDURE	615	637	thyroid function tests
endocrinology_hypothyroidism_27	DISEASE	850	872	primary hypothyroidism
endocrinology_hypothyroidism_27	DISEASE	960	990	normocytic-normochromic anemia
endocrinology_hypothyroidism_27	DISEASE	995	1028	elevated serum cholesterol levels
endocrinology_hypothyroidism_27	DISEASE	1060	1090	absence of known heart disease
endocrinology_hypothyroidism_27	MEDICATION	1107	1120	Levothyroxine
endocrinology_hypothyroidism_27	OBSERVATION	1175	1230	The patient was closely monitored for adverse reactions
endocrinology_hypothyroidism_27	OBSERVATION	1236	1274	no significant side effects were noted
endocrinology_hypothyroidism_27	DISEASE	1312	1326	hypothyroidism
endocrinology_hypothyroidism_27	MEDICATION	1628	1641	Levothyroxine
endocrinology_hypothyroidism_28	DISEASE	286	308	Primary Hypothyroidism
endocrinology_hypothyroidism_28	DISEASE	334	354	Hypercholesterolemia
endocrinology_hypothyroidism_28	DISEASE	367	373	Anemia
endocrinology_hypothyroidism_28	SYMPTOM	483	504	complaints of fatigue
endocrinology_hypothyroidism_28	SYMPTOM	506	517	weight gain
endocrinology_hypothyroidism_28	SYMPTOM	519	535	cold intolerance
endocrinology_hypothyroidism_28	SYMPTOM	541	553	constipation
endocrinology_hypothyroidism_28	OBSERVATION	625	683	The patient reported a family history of thyroid disorders
endocrinology_hypothyroidism_28	PROCEDURE	699	733	evaluation for thyroid dysfunction
endocrinology_hypothyroidism_28	PROCEDURE	738	759	Diagnostic Evaluation
endocrinology_hypothyroidism_28	PROCEDURE	779	795	laboratory tests
endocrinology_hypothyroidism_28	DISEASE	825	833	elevated
endocrinology_hypothyroidism_28	DISEASE	1028	1050	primary hypothyroidism
endocrinology_hypothyroidism_28	DISEASE	1114	1120	Anemia
endocrinology_hypothyroidism_28	DISEASE	1256	1262	anemia
endocrinology_hypothyroidism_28	MEDICATION	1363	1376	Levothyroxine
endocrinology_hypothyroidism_28	DISEASE	1395	1417	primary hypothyroidism
endocrinology_hypothyroidism_28	OBSERVATION	1470	1528	considering the patient’s age and absence of heart disease
endocrinology_hypothyroidism_28	MEDICATION	1542	1555	Levothyroxine
endocrinology_hypothyroidism_28	OBSERVATION	1777	1816	indicating an initial positive response
endocrinology_hypothyroidism_29	DISEASE	263	285	Primary Hypothyroidism
endocrinology_hypothyroidism_29	DISEASE	313	343	Normocytic-Normochromic Anemia
endocrinology_hypothyroidism_29	SYMPTOM	469	490	complaints of fatigue
endocrinology_hypothyroidism_29	SYMPTOM	492	503	weight gain
endocrinology_hypothyroidism_29	SYMPTOM	509	525	cold intolerance
endocrinology_hypothyroidism_29	DISEASE	597	609	hypertension
endocrinology_hypothyroidism_29	OBSERVATION	656	679	her initial vital signs
endocrinology_hypothyroidism_29	SYMPTOM	717	728	bradycardia
endocrinology_hypothyroidism_29	PROCEDURE	758	778	Physical examination
endocrinology_hypothyroidism_29	SYMPTOM	788	796	dry skin
endocrinology_hypothyroidism_29	SYMPTOM	798	809	coarse hair
endocrinology_hypothyroidism_29	OBSERVATION	815	863	delayed relaxation phase of deep tendon reflexes
endocrinology_hypothyroidism_29	PROCEDURE	866	882	Laboratory tests
endocrinology_hypothyroidism_29	PROCEDURE	918	936	full thyroid panel
endocrinology_hypothyroidism_29	PROCEDURE	941	944	CBC
endocrinology_hypothyroidism_29	DISEASE	1140	1162	primary hypothyroidism
endocrinology_hypothyroidism_29	PROCEDURE	1168	1171	CBC
endocrinology_hypothyroidism_29	DISEASE	1183	1213	normocytic-normochromic anemia
endocrinology_hypothyroidism_29	DISEASE	1337	1359	primary hypothyroidism
endocrinology_hypothyroidism_29	MEDICATION	1440	1453	levothyroxine
endocrinology_hypothyroidism_29	DISEASE	1573	1585	hypertension
endocrinology_hypothyroidism_29	MEDICATION	1652	1665	levothyroxine
endocrinology_hypothyroidism_29	DISEASE	1690	1696	anemia
endocrinology_hypothyroidism_29	PROCEDURE	1698	1725	nutritional supplementation
endocrinology_hypothyroidism_3	DISEASE	272	294	Primary Hypothyroidism
endocrinology_hypothyroidism_3	SYMPTOM	427	434	fatigue
endocrinology_hypothyroidism_3	SYMPTOM	436	447	weight gain
endocrinology_hypothyroidism_3	SYMPTOM	449	465	cold intolerance
endocrinology_hypothyroidism_3	SYMPTOM	471	483	constipation
endocrinology_hypothyroidism_3	DISEASE	592	615	Hashimoto's thyroiditis
endocrinology_hypothyroidism_3	PROCEDURE	657	684	thyroid replacement therapy
endocrinology_hypothyroidism_3	OBSERVATION	689	706	Clinical Findings
endocrinology_hypothyroidism_3	PROCEDURE	728	748	physical examination
endocrinology_hypothyroidism_3	SYMPTOM	758	766	dry skin
endocrinology_hypothyroidism_3	SYMPTOM	768	779	bradycardia
endocrinology_hypothyroidism_3	SYMPTOM	808	830	delayed ankle reflexes
endocrinology_hypothyroidism_3	PROCEDURE	832	856	Initial laboratory tests
endocrinology_hypothyroidism_3	DISEASE	864	912	elevated serum Thyroid Stimulating Hormone (TSH)
endocrinology_hypothyroidism_3	DISEASE	1053	1075	primary hypothyroidism
endocrinology_hypothyroidism_3	DISEASE	1099	1107	elevated
endocrinology_hypothyroidism_3	DISEASE	1161	1191	normocytic-normochromic anemia
endocrinology_hypothyroidism_3	MEDICATION	1299	1312	Levothyroxine
endocrinology_hypothyroidism_3	OBSERVATION	1574	1623	showing gradual normalization of thyroid function
endocrinology_hypothyroidism_3	PROCEDURE	1625	1661	Adjustment of the levothyroxine dose
endocrinology_hypothyroidism_3	SYMPTOM	1778	1794	cold intolerance
endocrinology_hypothyroidism_3	PROCEDURE	1822	1847	Cardiovascular monitoring
endocrinology_hypothyroidism_30	DISEASE	281	303	Primary Hypothyroidism
endocrinology_hypothyroidism_30	PROCEDURE	319	339	Physical Examination
endocrinology_hypothyroidism_30	SYMPTOM	435	442	fatigue
endocrinology_hypothyroidism_30	SYMPTOM	444	455	weight gain
endocrinology_hypothyroidism_30	SYMPTOM	461	477	cold intolerance
endocrinology_hypothyroidism_30	PROCEDURE	504	524	Physical examination
endocrinology_hypothyroidism_30	SYMPTOM	534	542	dry skin
endocrinology_hypothyroidism_30	SYMPTOM	544	555	bradycardia
endocrinology_hypothyroidism_30	SYMPTOM	561	609	delayed relaxation phase of deep tendon reflexes
endocrinology_hypothyroidism_30	DISEASE	791	799	Elevated
endocrinology_hypothyroidism_30	DISEASE	859	868	Decreased
endocrinology_hypothyroidism_30	PROCEDURE	981	1007	Complete Blood Count (CBC)
endocrinology_hypothyroidism_30	DISEASE	1009	1039	Normocytic-normochromic anemia
endocrinology_hypothyroidism_30	DISEASE	1090	1098	Elevated
endocrinology_hypothyroidism_30	DISEASE	1126	1134	elevated
endocrinology_hypothyroidism_30	DISEASE	1143	1152	decreased
endocrinology_hypothyroidism_30	DISEASE	1186	1208	primary hypothyroidism
endocrinology_hypothyroidism_30	PROCEDURE	1227	1251	Treatment and Management
endocrinology_hypothyroidism_30	MEDICATION	1284	1297	Levothyroxine
endocrinology_hypothyroidism_30	OBSERVATION	1325	1379	considering her age and absence of known heart disease
endocrinology_hypothyroidism_30	PROCEDURE	1381	1438	This dosage aimed to normalize the TSH and Free T4 levels
endocrinology_hypothyroidism_30	OBSERVATION	1485	1536	indicating a need for dose adjustment in the future
endocrinology_hypothyroidism_30	SYMPTOM	1633	1640	fatigue
endocrinology_hypothyroidism_30	SYMPTOM	1645	1661	cold intolerance
endocrinology_hypothyroidism_30	MEDICATION	1713	1726	Levothyroxine
endocrinology_hypothyroidism_30	OBSERVATION	1739	1764	Her heart rate normalized
endocrinology_hypothyroidism_30	PROCEDURE	1773	1776	ECG
endocrinology_hypothyroidism_31	SYMPTOM	342	353	weight gain
endocrinology_hypothyroidism_31	SYMPTOM	359	375	cold intolerance
endocrinology_hypothyroidism_31	SYMPTOM	563	586	unexplained weight gain
endocrinology_hypothyroidism_31	SYMPTOM	588	603	extreme fatigue
endocrinology_hypothyroidism_31	OBSERVATION	653	706	She noted a significant decrease in her energy levels
endocrinology_hypothyroidism_31	PROCEDURE	828	848	Physical Examination
endocrinology_hypothyroidism_31	OBSERVATION	870	928	the patient appeared mildly distressed due to her symptoms
endocrinology_hypothyroidism_31	SYMPTOM	930	941	Vital signs
endocrinology_hypothyroidism_31	PROCEDURE	969	989	Physical examination
endocrinology_hypothyroidism_31	SYMPTOM	999	1007	dry skin
endocrinology_hypothyroidism_31	SYMPTOM	1009	1025	facial puffiness
endocrinology_hypothyroidism_31	SYMPTOM	1031	1073	delayed relaxation of deep tendon reflexes
endocrinology_hypothyroidism_31	OBSERVATION	1075	1100	There was no goiter noted
endocrinology_hypothyroidism_31	PROCEDURE	1105	1126	Diagnostic Evaluation
endocrinology_hypothyroidism_31	MEDICATION	1136	1175	Serum Thyroid-Stimulating Hormone (TSH)
endocrinology_hypothyroidism_31	DISEASE	1179	1187	Elevated
endocrinology_hypothyroidism_31	MEDICATION	1232	1251	Free Thyroxine (T4)
endocrinology_hypothyroidism_31	MEDICATION	1302	1329	Serum Triiodothyronine (T3)
endocrinology_hypothyroidism_31	DISEASE	1360	1371	Cholesterol
endocrinology_hypothyroidism_31	DISEASE	1375	1383	Elevated
endocrinology_hypothyroidism_31	PROCEDURE	1403	1429	Complete Blood Count (CBC)
endocrinology_hypothyroidism_31	DISEASE	1433	1473	Indicated normocytic-normochromic anemia
endocrinology_hypothyroidism_31	PROCEDURE	1480	1520	Screening for autoimmune thyroid disease
endocrinology_hypothyroidism_31	DISEASE	1524	1566	Positive for thyroid peroxidase antibodies
endocrinology_hypothyroidism_31	DISEASE	1610	1632	primary hypothyroidism
endocrinology_hypothyroidism_31	PROCEDURE	1654	1669	Hospital Course
endocrinology_hypothyroidism_32	DISEASE	272	294	Primary Hypothyroidism
endocrinology_hypothyroidism_32	SYMPTOM	424	431	fatigue
endocrinology_hypothyroidism_32	SYMPTOM	433	444	weight gain
endocrinology_hypothyroidism_32	SYMPTOM	446	462	cold intolerance
endocrinology_hypothyroidism_32	SYMPTOM	468	480	constipation
endocrinology_hypothyroidism_32	PROCEDURE	482	510	Initial physical examination
endocrinology_hypothyroidism_32	SYMPTOM	520	528	dry skin
endocrinology_hypothyroidism_32	SYMPTOM	530	541	bradycardia
endocrinology_hypothyroidism_32	SYMPTOM	547	595	delayed relaxation phase of deep tendon reflexes
endocrinology_hypothyroidism_32	DISEASE	643	655	hypertension
endocrinology_hypothyroidism_32	DISEASE	660	684	type 2 diabetes mellitus
endocrinology_hypothyroidism_32	SYMPTOM	686	715	well-controlled on medication
endocrinology_hypothyroidism_32	OBSERVATION	717	759	No prior history of thyroid-related issues
endocrinology_hypothyroidism_32	PROCEDURE	777	795	Diagnostic Testing
endocrinology_hypothyroidism_32	PROCEDURE	820	836	laboratory tests
endocrinology_hypothyroidism_32	PROCEDURE	865	885	complete blood count
endocrinology_hypothyroidism_32	PROCEDURE	993	996	CBC
endocrinology_hypothyroidism_32	DISEASE	1006	1036	normocytic-normochromic anemia
endocrinology_hypothyroidism_32	DISEASE	1056	1078	significantly elevated
endocrinology_hypothyroidism_32	DISEASE	1220	1242	primary hypothyroidism
endocrinology_hypothyroidism_32	DISEASE	1371	1393	primary hypothyroidism
endocrinology_hypothyroidism_32	MEDICATION	1423	1436	Levothyroxine
endocrinology_hypothyroidism_32	OBSERVATION	1518	1576	considering the patient's age and absence of heart disease
endocrinology_hypothyroidism_33	DISEASE	376	398	Primary Hypothyroidism
endocrinology_hypothyroidism_33	SYMPTOM	515	536	complaints of fatigue
endocrinology_hypothyroidism_33	SYMPTOM	538	549	weight gain
endocrinology_hypothyroidism_33	SYMPTOM	555	571	cold intolerance
endocrinology_hypothyroidism_33	PROCEDURE	606	625	Initial blood tests
endocrinology_hypothyroidism_33	PROCEDURE	838	863	comprehensive evaluations
endocrinology_hypothyroidism_33	OBSERVATION	881	893	Key findings
endocrinology_hypothyroidism_33	DISEASE	1061	1091	normocytic-normochromic anemia
endocrinology_hypothyroidism_33	PROCEDURE	1094	1117	Electrocardiogram (ECG)
endocrinology_hypothyroidism_33	DISEASE	1125	1153	no significant abnormalities
endocrinology_hypothyroidism_33	DISEASE	1196	1218	primary hypothyroidism
endocrinology_hypothyroidism_33	MEDICATION	1259	1272	Levothyroxine
endocrinology_hypothyroidism_33	OBSERVATION	1479	1512	adjustments were made accordingly
endocrinology_hypothyroidism_33	OBSERVATION	1570	1599	showing a decrease to 7 mIU/L
endocrinology_hypothyroidism_33	OBSERVATION	1601	1648	indicating a positive response to the treatment
endocrinology_hypothyroidism_33	MEDICATION	1688	1701	Levothyroxine
endocrinology_hypothyroidism_34	DISEASE	272	294	Primary Hypothyroidism
endocrinology_hypothyroidism_34	SYMPTOM	407	417	complaints
endocrinology_hypothyroidism_34	SYMPTOM	421	428	fatigue
endocrinology_hypothyroidism_34	SYMPTOM	430	441	weight gain
endocrinology_hypothyroidism_34	SYMPTOM	443	459	cold intolerance
endocrinology_hypothyroidism_34	SYMPTOM	465	477	constipation
endocrinology_hypothyroidism_34	SYMPTOM	506	514	symptoms
endocrinology_hypothyroidism_34	PROCEDURE	652	673	Diagnostic Evaluation
endocrinology_hypothyroidism_34	PROCEDURE	695	706	blood tests
endocrinology_hypothyroidism_34	DISEASE	834	858	low serum free T4 levels
endocrinology_hypothyroidism_34	DISEASE	919	941	primary hypothyroidism
endocrinology_hypothyroidism_34	PROCEDURE	1005	1021	Anemia screening
endocrinology_hypothyroidism_34	DISEASE	1031	1061	normocytic-normochromic anemia
endocrinology_hypothyroidism_34	DISEASE	1185	1207	primary hypothyroidism
endocrinology_hypothyroidism_34	PROCEDURE	1212	1221	Treatment
endocrinology_hypothyroidism_34	MEDICATION	1250	1263	Levothyroxine
endocrinology_hypothyroidism_34	SYMPTOM	1403	1415	her symptoms
endocrinology_hypothyroidism_34	PROCEDURE	1445	1456	blood tests
endocrinology_hypothyroidism_34	OBSERVATION	1561	1606	indicating a positive response to the therapy
endocrinology_hypothyroidism_34	PROCEDURE	1648	1683	dietary and lifestyle modifications
endocrinology_hypothyroidism_34	DISEASE	1720	1734	hyperlipidemia
endocrinology_hypothyroidism_34	PROCEDURE	1745	1766	hypothyroid treatment
endocrinology_hypothyroidism_34	MEDICATION	1800	1813	Levothyroxine
endocrinology_hypothyroidism_35	SYMPTOM	402	417	extreme fatigue
endocrinology_hypothyroidism_35	SYMPTOM	419	430	weight gain
endocrinology_hypothyroidism_35	SYMPTOM	432	448	cold intolerance
endocrinology_hypothyroidism_35	SYMPTOM	454	462	dry skin
endocrinology_hypothyroidism_35	PROCEDURE	521	539	Initial evaluation
endocrinology_hypothyroidism_35	DISEASE	550	564	hypothyroidism
endocrinology_hypothyroidism_35	PROCEDURE	602	634	History and Physical Examination
endocrinology_hypothyroidism_35	PROCEDURE	658	684	thorough history was taken
endocrinology_hypothyroidism_35	PROCEDURE	763	783	Physical examination
endocrinology_hypothyroidism_35	SYMPTOM	791	799	dry skin
endocrinology_hypothyroidism_35	DISEASE	801	812	bradycardia
endocrinology_hypothyroidism_35	SYMPTOM	818	840	delayed ankle reflexes
endocrinology_hypothyroidism_35	SYMPTOM	863	874	Vital signs
endocrinology_hypothyroidism_35	OBSERVATION	939	958	Diagnostic Findings
endocrinology_hypothyroidism_35	DISEASE	1011	1019	Elevated
endocrinology_hypothyroidism_35	MEDICATION	1072	1091	Free Thyroxine (T4)
endocrinology_hypothyroidism_35	MEDICATION	1150	1171	Triiodothyronine (T3)
endocrinology_hypothyroidism_35	DISEASE	1223	1231	Elevated
endocrinology_hypothyroidism_35	PROCEDURE	1251	1277	Complete Blood Count (CBC)
endocrinology_hypothyroidism_35	DISEASE	1291	1321	normocytic-normochromic anemia
endocrinology_hypothyroidism_35	PROCEDURE	1328	1331	EKG
endocrinology_hypothyroidism_35	DISEASE	1342	1353	bradycardia
endocrinology_hypothyroidism_35	OBSERVATION	1359	1381	no other abnormalities
endocrinology_hypothyroidism_35	DISEASE	1432	1446	hypothyroidism
endocrinology_hypothyroidism_35	PROCEDURE	1451	1466	Hospital Course
endocrinology_hypothyroidism_35	MEDICATION	1492	1505	Levothyroxine
endocrinology_hypothyroidism_36	DISEASE	311	333	Primary Hypothyroidism
endocrinology_hypothyroidism_36	SYMPTOM	476	483	fatigue
endocrinology_hypothyroidism_36	SYMPTOM	485	496	weight gain
endocrinology_hypothyroidism_36	SYMPTOM	498	514	cold intolerance
endocrinology_hypothyroidism_36	SYMPTOM	520	532	constipation
endocrinology_hypothyroidism_36	PROCEDURE	644	664	Physical examination
endocrinology_hypothyroidism_36	SYMPTOM	678	686	dry skin
endocrinology_hypothyroidism_36	SYMPTOM	688	699	bradycardia
endocrinology_hypothyroidism_36	SYMPTOM	705	753	delayed relaxation phase of deep tendon reflexes
endocrinology_hypothyroidism_36	DISEASE	812	826	hypothyroidism
endocrinology_hypothyroidism_36	PROCEDURE	844	860	Laboratory tests
endocrinology_hypothyroidism_36	PROCEDURE	887	913	complete blood count (CBC)
endocrinology_hypothyroidism_36	PROCEDURE	915	932	serum cholesterol
endocrinology_hypothyroidism_36	PROCEDURE	938	960	thyroid function tests
endocrinology_hypothyroidism_36	PROCEDURE	962	973	CBC results
endocrinology_hypothyroidism_36	DISEASE	1011	1050	slightly normocytic-normochromic anemia
endocrinology_hypothyroidism_36	PROCEDURE	1123	1145	thyroid function tests
endocrinology_hypothyroidism_36	PROCEDURE	1191	1213	significantly elevated
endocrinology_hypothyroidism_36	MEDICATION	1258	1283	serum free Thyroxine (T4)
endocrinology_hypothyroidism_36	DISEASE	1363	1385	primary hypothyroidism
endocrinology_hypothyroidism_36	DISEASE	1467	1489	primary hypothyroidism
endocrinology_hypothyroidism_36	MEDICATION	1506	1519	Levothyroxine
endocrinology_hypothyroidism_37	DISEASE	359	383	Suspected hypothyroidism
endocrinology_hypothyroidism_37	SYMPTOM	393	410	clinical symptoms
endocrinology_hypothyroidism_37	SYMPTOM	421	428	fatigue
endocrinology_hypothyroidism_37	SYMPTOM	430	441	weight gain
endocrinology_hypothyroidism_37	SYMPTOM	443	459	cold intolerance
endocrinology_hypothyroidism_37	SYMPTOM	465	477	constipation
endocrinology_hypothyroidism_37	SYMPTOM	648	655	fatigue
endocrinology_hypothyroidism_37	SYMPTOM	657	679	noticeable weight gain
endocrinology_hypothyroidism_37	SYMPTOM	739	755	cold intolerance
endocrinology_hypothyroidism_37	SYMPTOM	761	773	constipation
endocrinology_hypothyroidism_37	PROCEDURE	881	916	further endocrinological assessment
endocrinology_hypothyroidism_37	PROCEDURE	921	949	potential hospital admission
endocrinology_hypothyroidism_37	PROCEDURE	954	990	comprehensive testing and management
endocrinology_hypothyroidism_37	MEDICATION	1144	1168	Medications on Admission
endocrinology_hypothyroidism_37	MEDICATION	1176	1198	No ongoing medications
endocrinology_hypothyroidism_37	PROCEDURE	1203	1223	Physical Examination
endocrinology_hypothyroidism_37	SYMPTOM	1231	1242	Vital signs
endocrinology_hypothyroidism_37	PROCEDURE	1287	1307	Physical examination
endocrinology_hypothyroidism_37	SYMPTOM	1317	1347	mild diffuse non-tender goiter
endocrinology_hypothyroidism_37	SYMPTOM	1400	1417	Skin appeared dry
endocrinology_hypothyroidism_37	SYMPTOM	1423	1443	Reflexes were normal
endocrinology_hypothyroidism_37	OBSERVATION	1448	1467	Diagnostic Findings
endocrinology_hypothyroidism_37	PROCEDURE	1475	1496	Serum TSH measurement
endocrinology_hypothyroidism_37	SYMPTOM	1516	1538	significantly elevated
endocrinology_hypothyroidism_37	DISEASE	1595	1617	primary hypothyroidism
endocrinology_hypothyroidism_38	SYMPTOM	421	436	extreme fatigue
endocrinology_hypothyroidism_38	SYMPTOM	438	449	weight gain
endocrinology_hypothyroidism_38	SYMPTOM	451	467	cold intolerance
endocrinology_hypothyroidism_38	SYMPTOM	473	485	constipation
endocrinology_hypothyroidism_38	SYMPTOM	493	501	symptoms
endocrinology_hypothyroidism_38	DISEASE	605	633	well-controlled hypertension
endocrinology_hypothyroidism_38	DISEASE	697	711	hypothyroidism
endocrinology_hypothyroidism_38	PROCEDURE	743	764	Diagnostic Assessment
endocrinology_hypothyroidism_38	PROCEDURE	775	786	examination
endocrinology_hypothyroidism_38	SYMPTOM	810	818	dry skin
endocrinology_hypothyroidism_38	SYMPTOM	820	831	bradycardia
endocrinology_hypothyroidism_38	SYMPTOM	837	859	delayed ankle reflexes
endocrinology_hypothyroidism_38	PROCEDURE	861	885	Initial laboratory tests
endocrinology_hypothyroidism_38	DISEASE	1066	1088	primary hypothyroidism
endocrinology_hypothyroidism_38	PROCEDURE	1152	1168	Anemia screening
endocrinology_hypothyroidism_38	DISEASE	1178	1208	normocytic-normochromic anemia
endocrinology_hypothyroidism_38	DISEASE	1332	1354	primary hypothyroidism
endocrinology_hypothyroidism_38	PROCEDURE	1359	1383	Treatment and Management
endocrinology_hypothyroidism_38	MEDICATION	1416	1429	Levothyroxine
endocrinology_hypothyroidism_38	PROCEDURE	1651	1666	high-fiber diet
endocrinology_hypothyroidism_38	PROCEDURE	1671	1693	increased fluid intake
endocrinology_hypothyroidism_38	SYMPTOM	1704	1716	constipation
endocrinology_hypothyroidism_38	PROCEDURE	1721	1736	Hospital Course
endocrinology_hypothyroidism_38	SYMPTOM	1756	1764	symptoms
endocrinology_hypothyroidism_38	PROCEDURE	1793	1834	Adjustments in blood pressure medications
endocrinology_hypothyroidism_39	DISEASE	327	349	Primary Hypothyroidism
endocrinology_hypothyroidism_39	SYMPTOM	456	475	symptoms of fatigue
endocrinology_hypothyroidism_39	SYMPTOM	477	488	weight gain
endocrinology_hypothyroidism_39	SYMPTOM	494	510	cold intolerance
endocrinology_hypothyroidism_39	PROCEDURE	545	565	Physical examination
endocrinology_hypothyroidism_39	SYMPTOM	575	583	dry skin
endocrinology_hypothyroidism_39	SYMPTOM	585	596	bradycardia
endocrinology_hypothyroidism_39	OBSERVATION	602	650	delayed relaxation phase of deep tendon reflexes
endocrinology_hypothyroidism_39	OBSERVATION	662	683	clinical presentation
endocrinology_hypothyroidism_39	DISEASE	962	984	primary hypothyroidism
endocrinology_hypothyroidism_39	PROCEDURE	1002	1028	complete blood count (CBC)
endocrinology_hypothyroidism_39	DISEASE	1044	1074	normocytic-normochromic anemia
endocrinology_hypothyroidism_39	MEDICATION	1201	1214	levothyroxine
endocrinology_hypothyroidism_39	SYMPTOM	1490	1498	symptoms
endocrinology_hypothyroidism_39	PROCEDURE	1741	1777	adequate thyroid hormone replacement
endocrinology_hypothyroidism_4	DISEASE	275	297	Primary Hypothyroidism
endocrinology_hypothyroidism_4	SYMPTOM	428	435	fatigue
endocrinology_hypothyroidism_4	SYMPTOM	437	448	weight gain
endocrinology_hypothyroidism_4	SYMPTOM	454	470	cold intolerance
endocrinology_hypothyroidism_4	SYMPTOM	516	529	thinning hair
endocrinology_hypothyroidism_4	SYMPTOM	534	542	dry skin
endocrinology_hypothyroidism_4	PROCEDURE	633	660	Investigations and Findings
endocrinology_hypothyroidism_4	PROCEDURE	680	691	blood tests
endocrinology_hypothyroidism_4	DISEASE	896	918	primary hypothyroidism
endocrinology_hypothyroidism_4	DISEASE	968	974	Anemia
endocrinology_hypothyroidism_4	DISEASE	1147	1169	primary hypothyroidism
endocrinology_hypothyroidism_4	PROCEDURE	1174	1193	Treatment Initiated
endocrinology_hypothyroidism_4	MEDICATION	1217	1230	levothyroxine
endocrinology_hypothyroidism_4	MEDICATION	1485	1498	levothyroxine
endocrinology_hypothyroidism_4	SYMPTOM	1639	1646	fatigue
endocrinology_hypothyroidism_4	SYMPTOM	1651	1667	cold intolerance
endocrinology_hypothyroidism_4	MEDICATION	1714	1727	levothyroxine
endocrinology_hypothyroidism_4	PROCEDURE	1795	1815	follow-up blood test
endocrinology_hypothyroidism_40	SYMPTOM	378	385	fatigue
endocrinology_hypothyroidism_40	SYMPTOM	387	398	weight gain
endocrinology_hypothyroidism_40	SYMPTOM	400	416	cold intolerance
endocrinology_hypothyroidism_40	SYMPTOM	422	434	constipation
endocrinology_hypothyroidism_40	SYMPTOM	556	563	fatigue
endocrinology_hypothyroidism_40	SYMPTOM	565	587	unintended weight gain
endocrinology_hypothyroidism_40	SYMPTOM	641	670	increased sensitivity to cold
endocrinology_hypothyroidism_40	SYMPTOM	676	688	constipation
endocrinology_hypothyroidism_40	OBSERVATION	690	732	She noted her symptoms gradually worsening
endocrinology_hypothyroidism_40	DISEASE	779	791	Hypertension
endocrinology_hypothyroidism_40	DISEASE	794	818	Type 2 Diabetes Mellitus
endocrinology_hypothyroidism_40	MEDICATION	852	861	Metformin
endocrinology_hypothyroidism_40	MEDICATION	874	889	Lisinopril 20mg
endocrinology_hypothyroidism_40	PROCEDURE	904	924	Physical Examination
endocrinology_hypothyroidism_40	OBSERVATION	943	982	Appears tired but is alert and oriented
endocrinology_hypothyroidism_40	SYMPTOM	1062	1072	Puffy face
endocrinology_hypothyroidism_40	OBSERVATION	1074	1115	loss of the lateral third of the eyebrows
endocrinology_hypothyroidism_40	DISEASE	1129	1149	Thyroid not enlarged
endocrinology_hypothyroidism_40	OBSERVATION	1151	1170	no nodules palpated
endocrinology_hypothyroidism_40	OBSERVATION	1194	1217	Regular rate and rhythm
endocrinology_hypothyroidism_40	SYMPTOM	1219	1229	no murmurs
endocrinology_hypothyroidism_40	OBSERVATION	1250	1283	Clear to auscultation bilaterally
endocrinology_hypothyroidism_40	DISEASE	1321	1336	no organomegaly
endocrinology_hypothyroidism_40	DISEASE	1433	1441	elevated
endocrinology_hypothyroidism_41	SYMPTOM	369	376	fatigue
endocrinology_hypothyroidism_41	SYMPTOM	378	389	weight gain
endocrinology_hypothyroidism_41	SYMPTOM	391	407	cold intolerance
endocrinology_hypothyroidism_41	SYMPTOM	413	421	dry skin
endocrinology_hypothyroidism_41	SYMPTOM	662	669	fatigue
endocrinology_hypothyroidism_41	SYMPTOM	683	694	weight gain
endocrinology_hypothyroidism_41	SYMPTOM	696	708	constipation
endocrinology_hypothyroidism_41	SYMPTOM	714	730	cold intolerance
endocrinology_hypothyroidism_41	PROCEDURE	882	902	Physical Examination
endocrinology_hypothyroidism_41	PROCEDURE	911	931	physical examination
endocrinology_hypothyroidism_41	OBSERVATION	933	970	the patient appeared mildly edematous
endocrinology_hypothyroidism_41	SYMPTOM	976	984	dry skin
endocrinology_hypothyroidism_41	SYMPTOM	986	997	Vital signs
endocrinology_hypothyroidism_41	PROCEDURE	1180	1197	Thyroid palpation
endocrinology_hypothyroidism_41	OBSERVATION	1207	1232	no enlargement or nodules
endocrinology_hypothyroidism_41	OBSERVATION	1237	1256	Diagnostic Findings
endocrinology_hypothyroidism_41	DISEASE	1277	1285	Elevated
endocrinology_hypothyroidism_41	DISEASE	1346	1349	Low
endocrinology_hypothyroidism_41	PROCEDURE	1468	1494	Complete Blood Count (CBC)
endocrinology_hypothyroidism_41	DISEASE	1498	1538	Indicated normocytic-normochromic anemia
endocrinology_hypothyroidism_42	SYMPTOM	389	404	extreme fatigue
endocrinology_hypothyroidism_42	SYMPTOM	406	417	weight gain
endocrinology_hypothyroidism_42	SYMPTOM	419	435	cold intolerance
endocrinology_hypothyroidism_42	SYMPTOM	441	453	constipation
endocrinology_hypothyroidism_42	SYMPTOM	543	550	fatigue
endocrinology_hypothyroidism_42	SYMPTOM	564	575	weight gain
endocrinology_hypothyroidism_42	SYMPTOM	643	655	constipation
endocrinology_hypothyroidism_42	SYMPTOM	660	668	dry skin
endocrinology_hypothyroidism_42	PROCEDURE	754	774	Physical Examination
endocrinology_hypothyroidism_42	OBSERVATION	794	831	the patient appeared mildly edematous
endocrinology_hypothyroidism_42	SYMPTOM	837	853	dry, coarse skin
endocrinology_hypothyroidism_42	SYMPTOM	855	866	Vital signs
endocrinology_hypothyroidism_42	OBSERVATION	880	912	The thyroid gland was non-tender
endocrinology_hypothyroidism_42	SYMPTOM	914	942	without palpable enlargement
endocrinology_hypothyroidism_42	OBSERVATION	944	981	There were no signs of overt myxedema
endocrinology_hypothyroidism_42	OBSERVATION	986	1005	Diagnostic Findings
endocrinology_hypothyroidism_42	DISEASE	1015	1024	Serum TSH
endocrinology_hypothyroidism_42	DISEASE	1028	1036	Elevated
endocrinology_hypothyroidism_42	DISEASE	1079	1086	Free T4
endocrinology_hypothyroidism_42	DISEASE	1090	1093	Low
endocrinology_hypothyroidism_42	DISEASE	1168	1179	Cholesterol
endocrinology_hypothyroidism_42	DISEASE	1183	1191	Elevated
endocrinology_hypothyroidism_42	PROCEDURE	1211	1214	CBC
endocrinology_hypothyroidism_42	DISEASE	1218	1248	Normocytic normochromic anemia
endocrinology_hypothyroidism_42	DISEASE	1327	1349	primary hypothyroidism
endocrinology_hypothyroidism_42	PROCEDURE	1375	1441	The patient was started on levothyroxine 100 mcg orally once a day
endocrinology_hypothyroidism_42	OBSERVATION	1513	1569	Her symptoms and thyroid function were closely monitored
endocrinology_hypothyroidism_42	OBSERVATION	1609	1635	her energy levels improved
endocrinology_hypothyroidism_43	DISEASE	329	351	Primary Hypothyroidism
endocrinology_hypothyroidism_43	DISEASE	379	409	Normocytic-Normochromic Anemia
endocrinology_hypothyroidism_43	DISEASE	411	431	Hypercholesterolemia
endocrinology_hypothyroidism_43	SYMPTOM	580	601	complaints of fatigue
endocrinology_hypothyroidism_43	SYMPTOM	603	614	weight gain
endocrinology_hypothyroidism_43	SYMPTOM	620	636	cold intolerance
endocrinology_hypothyroidism_43	OBSERVATION	674	724	The patient noted an increase in sleep requirement
endocrinology_hypothyroidism_43	SYMPTOM	729	741	constipation
endocrinology_hypothyroidism_43	PROCEDURE	881	895	Investigations
endocrinology_hypothyroidism_43	PROCEDURE	913	924	blood tests
endocrinology_hypothyroidism_43	DISEASE	1167	1189	primary hypothyroidism
endocrinology_hypothyroidism_43	PROCEDURE	1256	1269	Anemia workup
endocrinology_hypothyroidism_43	DISEASE	1316	1347	normocytic-normochromic picture
endocrinology_hypothyroidism_43	DISEASE	1436	1458	primary hypothyroidism
endocrinology_hypothyroidism_43	DISEASE	1475	1505	normocytic-normochromic anemia
endocrinology_hypothyroidism_43	DISEASE	1510	1530	hypercholesterolemia
endocrinology_hypothyroidism_43	PROCEDURE	1538	1547	Treatment
endocrinology_hypothyroidism_43	MEDICATION	1581	1594	Levothyroxine
endocrinology_hypothyroidism_43	MEDICATION	1733	1739	statin
endocrinology_hypothyroidism_44	DISEASE	163	187	Suspected hypothyroidism
endocrinology_hypothyroidism_44	DISEASE	211	233	Primary hypothyroidism
endocrinology_hypothyroidism_44	SYMPTOM	476	483	fatigue
endocrinology_hypothyroidism_44	SYMPTOM	485	496	weight gain
endocrinology_hypothyroidism_44	SYMPTOM	502	518	cold intolerance
endocrinology_hypothyroidism_44	OBSERVATION	577	612	family history of thyroid disorders
endocrinology_hypothyroidism_44	PROCEDURE	617	627	evaluation
endocrinology_hypothyroidism_44	PROCEDURE	633	653	physical examination
endocrinology_hypothyroidism_44	SYMPTOM	663	671	dry skin
endocrinology_hypothyroidism_44	SYMPTOM	673	684	bradycardia
endocrinology_hypothyroidism_44	SYMPTOM	690	712	delayed ankle reflexes
endocrinology_hypothyroidism_44	PROCEDURE	719	746	Investigations and Findings
endocrinology_hypothyroidism_44	OBSERVATION	874	900	indicating elevated levels
endocrinology_hypothyroidism_44	DISEASE	1008	1030	primary hypothyroidism
endocrinology_hypothyroidism_44	DISEASE	1054	1062	elevated
endocrinology_hypothyroidism_44	DISEASE	1077	1083	Anemia
endocrinology_hypothyroidism_44	DISEASE	1143	1166	normocytic-normochromic
endocrinology_hypothyroidism_44	PROCEDURE	1196	1212	Additional tests
endocrinology_hypothyroidism_44	PROCEDURE	1275	1294	Treatment Initiated
endocrinology_hypothyroidism_44	DISEASE	1323	1345	primary hypothyroidism
endocrinology_hypothyroidism_44	MEDICATION	1374	1387	levothyroxine
endocrinology_hypothyroidism_44	MEDICATION	1427	1440	levothyroxine
endocrinology_hypothyroidism_44	PROCEDURE	1554	1575	Response to Treatment
endocrinology_hypothyroidism_44	SYMPTOM	1685	1692	fatigue
endocrinology_hypothyroidism_44	SYMPTOM	1697	1716	sensitivity to cold
endocrinology_hypothyroidism_44	MEDICATION	1742	1755	levothyroxine
endocrinology_hypothyroidism_45	DISEASE	289	311	Primary Hypothyroidism
endocrinology_hypothyroidism_45	SYMPTOM	411	421	complaints
endocrinology_hypothyroidism_45	SYMPTOM	425	440	extreme fatigue
endocrinology_hypothyroidism_45	SYMPTOM	442	453	weight gain
endocrinology_hypothyroidism_45	SYMPTOM	459	475	cold intolerance
endocrinology_hypothyroidism_45	PROCEDURE	502	520	Initial evaluation
endocrinology_hypothyroidism_45	PROCEDURE	583	604	comprehensive history
endocrinology_hypothyroidism_45	PROCEDURE	606	626	physical examination
endocrinology_hypothyroidism_45	PROCEDURE	632	657	laboratory investigations
endocrinology_hypothyroidism_45	OBSERVATION	771	793	significantly elevated
endocrinology_hypothyroidism_45	DISEASE	966	988	primary hypothyroidism
endocrinology_hypothyroidism_45	DISEASE	1072	1102	normocytic-normochromic anemia
endocrinology_hypothyroidism_45	DISEASE	1107	1140	elevated serum cholesterol levels
endocrinology_hypothyroidism_45	DISEASE	1197	1219	primary hypothyroidism
endocrinology_hypothyroidism_45	PROCEDURE	1238	1247	Treatment
endocrinology_hypothyroidism_45	PROCEDURE	1316	1325	treatment
endocrinology_hypothyroidism_45	MEDICATION	1331	1344	Levothyroxine
endocrinology_hypothyroidism_45	SYMPTOM	1550	1572	signs of overtreatment
endocrinology_hypothyroidism_46	SYMPTOM	319	326	fatigue
endocrinology_hypothyroidism_46	SYMPTOM	328	339	weight gain
endocrinology_hypothyroidism_46	SYMPTOM	345	361	cold intolerance
endocrinology_hypothyroidism_46	SYMPTOM	471	490	symptoms of fatigue
endocrinology_hypothyroidism_46	SYMPTOM	492	515	unexplained weight gain
endocrinology_hypothyroidism_46	SYMPTOM	555	571	cold intolerance
endocrinology_hypothyroidism_46	SYMPTOM	573	585	constipation
endocrinology_hypothyroidism_46	SYMPTOM	591	599	dry skin
endocrinology_hypothyroidism_46	DISEASE	635	647	hypertension
endocrinology_hypothyroidism_46	MEDICATION	680	690	Lisinopril
endocrinology_hypothyroidism_46	OBSERVATION	707	736	Physical Examination Findings
endocrinology_hypothyroidism_46	PROCEDURE	745	765	physical examination
endocrinology_hypothyroidism_46	SYMPTOM	767	805	the patient appeared mildly overweight
endocrinology_hypothyroidism_46	SYMPTOM	807	819	Skin was dry
endocrinology_hypothyroidism_46	SYMPTOM	835	866	noticeable thinning of the hair
endocrinology_hypothyroidism_46	OBSERVATION	868	890	No goiter was palpated
endocrinology_hypothyroidism_46	OBSERVATION	892	929	Vital signs were within normal limits
endocrinology_hypothyroidism_46	PROCEDURE	931	955	Neurological examination
endocrinology_hypothyroidism_46	SYMPTOM	960	969	non-focal
endocrinology_hypothyroidism_46	PROCEDURE	974	991	Diagnostic Workup
endocrinology_hypothyroidism_46	DISEASE	1237	1259	primary hypothyroidism
endocrinology_hypothyroidism_46	PROCEDURE	1315	1335	Complete blood count
endocrinology_hypothyroidism_46	DISEASE	1343	1378	mild normocytic normochromic anemia
endocrinology_hypothyroidism_46	DISEASE	1479	1501	autoimmune thyroiditis
endocrinology_hypothyroidism_46	DISEASE	1552	1586	secondary causes of hypothyroidism
endocrinology_hypothyroidism_46	PROCEDURE	1591	1594	ECG
endocrinology_hypothyroidism_46	DISEASE	1641	1653	hypertension
endocrinology_hypothyroidism_46	OBSERVATION	1655	1708	showing normal sinus rhythm with no signs of ischemia
endocrinology_hypothyroidism_47	SYMPTOM	356	371	extreme fatigue
endocrinology_hypothyroidism_47	SYMPTOM	373	384	weight gain
endocrinology_hypothyroidism_47	SYMPTOM	390	406	cold intolerance
endocrinology_hypothyroidism_47	SYMPTOM	463	478	mild depression
endocrinology_hypothyroidism_47	SYMPTOM	483	495	constipation
endocrinology_hypothyroidism_47	DISEASE	521	533	Hypertension
endocrinology_hypothyroidism_47	PROCEDURE	610	630	Physical Examination
endocrinology_hypothyroidism_47	OBSERVATION	759	776	Physical findings
endocrinology_hypothyroidism_47	SYMPTOM	778	786	Dry skin
endocrinology_hypothyroidism_47	OBSERVATION	788	811	delayed Achilles reflex
endocrinology_hypothyroidism_47	OBSERVATION	817	863	mild nonpitting edema in the lower extremities
endocrinology_hypothyroidism_47	OBSERVATION	1023	1031	elevated
endocrinology_hypothyroidism_47	PROCEDURE	1035	1038	CBC
endocrinology_hypothyroidism_47	PROCEDURE	1115	1133	Thyroid ultrasound
endocrinology_hypothyroidism_47	DISEASE	1135	1191	Homogeneous thyroid gland without nodules or enlargement
endocrinology_hypothyroidism_47	DISEASE	1209	1231	Primary hypothyroidism
endocrinology_hypothyroidism_47	DISEASE	1272	1290	low free T4 levels
endocrinology_hypothyroidism_47	SYMPTOM	1321	1329	symptoms
endocrinology_hypothyroidism_47	PROCEDURE	1334	1349	Hospital Course
endocrinology_hypothyroidism_47	PROCEDURE	1388	1403	supportive care
endocrinology_hypothyroidism_47	SYMPTOM	1412	1420	symptoms
endocrinology_hypothyroidism_47	DISEASE	1456	1478	primary hypothyroidism
endocrinology_hypothyroidism_47	MEDICATION	1498	1511	Levothyroxine
endocrinology_hypothyroidism_47	SYMPTOM	1622	1630	symptoms
endocrinology_hypothyroidism_47	DISEASE	1705	1717	hypertension
endocrinology_hypothyroidism_48	DISEASE	306	328	Primary Hypothyroidism
endocrinology_hypothyroidism_48	SYMPTOM	480	487	fatigue
endocrinology_hypothyroidism_48	SYMPTOM	489	500	weight gain
endocrinology_hypothyroidism_48	SYMPTOM	502	518	cold intolerance
endocrinology_hypothyroidism_48	SYMPTOM	524	536	constipation
endocrinology_hypothyroidism_48	PROCEDURE	759	779	Physical Examination
endocrinology_hypothyroidism_48	PROCEDURE	801	821	physical examination
endocrinology_hypothyroidism_48	SYMPTOM	831	839	dry skin
endocrinology_hypothyroidism_48	SYMPTOM	841	852	bradycardia
endocrinology_hypothyroidism_48	SYMPTOM	854	902	delayed relaxation phase of deep tendon reflexes
endocrinology_hypothyroidism_48	SYMPTOM	908	954	mild nonpitting edema of the lower extremities
endocrinology_hypothyroidism_48	SYMPTOM	956	965	No goiter
endocrinology_hypothyroidism_48	PROCEDURE	983	1002	Laboratory Findings
endocrinology_hypothyroidism_48	PROCEDURE	1034	1045	Blood tests
endocrinology_hypothyroidism_48	DISEASE	1150	1167	low serum free T4
endocrinology_hypothyroidism_48	DISEASE	1240	1262	primary hypothyroidism
endocrinology_hypothyroidism_48	PROCEDURE	1311	1331	complete blood count
endocrinology_hypothyroidism_48	DISEASE	1341	1371	normocytic-normochromic anemia
endocrinology_hypothyroidism_48	PROCEDURE	1430	1443	Further tests
endocrinology_hypothyroidism_48	OBSERVATION	1552	1585	suggesting an autoimmune etiology
endocrinology_hypothyroidism_48	PROCEDURE	1590	1599	Treatment
endocrinology_hypothyroidism_48	DISEASE	1628	1650	primary hypothyroidism
endocrinology_hypothyroidism_48	PROCEDURE	1652	1661	treatment
endocrinology_hypothyroidism_48	MEDICATION	1667	1680	levothyroxine
endocrinology_hypothyroidism_49	PROCEDURE	229	246	Primary Diagnosis
endocrinology_hypothyroidism_49	DISEASE	248	270	Primary Hypothyroidism
endocrinology_hypothyroidism_49	PROCEDURE	288	308	Physical Examination
endocrinology_hypothyroidism_49	SYMPTOM	378	385	fatigue
endocrinology_hypothyroidism_49	SYMPTOM	387	398	weight gain
endocrinology_hypothyroidism_49	SYMPTOM	404	420	cold intolerance
endocrinology_hypothyroidism_49	PROCEDURE	458	478	Physical examination
endocrinology_hypothyroidism_49	SYMPTOM	488	496	dry skin
endocrinology_hypothyroidism_49	SYMPTOM	498	509	bradycardia
endocrinology_hypothyroidism_49	SYMPTOM	515	563	delayed relaxation phase of deep tendon reflexes
endocrinology_hypothyroidism_49	PROCEDURE	820	851	Laboratory Findings and Imaging
endocrinology_hypothyroidism_49	PROCEDURE	857	868	Blood tests
endocrinology_hypothyroidism_49	DISEASE	1096	1118	primary hypothyroidism
endocrinology_hypothyroidism_49	DISEASE	1182	1188	Anemia
endocrinology_hypothyroidism_49	PROCEDURE	1327	1358	ultrasound of the thyroid gland
endocrinology_hypothyroidism_49	OBSERVATION	1371	1419	homogeneous gland without nodules or enlargement
endocrinology_hypothyroidism_49	PROCEDURE	1424	1433	Treatment
endocrinology_hypothyroidism_49	MEDICATION	1478	1491	levothyroxine
endocrinology_hypothyroidism_49	PROCEDURE	1830	1839	treatment
endocrinology_hypothyroidism_49	PROCEDURE	1869	1878	Treatment
endocrinology_hypothyroidism_49	SYMPTOM	1910	1917	fatigue
endocrinology_hypothyroidism_49	SYMPTOM	1922	1938	cold intolerance
endocrinology_hypothyroidism_5	SYMPTOM	349	364	extreme fatigue
endocrinology_hypothyroidism_5	SYMPTOM	366	377	weight gain
endocrinology_hypothyroidism_5	SYMPTOM	379	395	cold intolerance
endocrinology_hypothyroidism_5	SYMPTOM	401	413	constipation
endocrinology_hypothyroidism_5	PROCEDURE	477	499	preliminary assessment
endocrinology_hypothyroidism_5	DISEASE	519	533	hypothyroidism
endocrinology_hypothyroidism_5	PROCEDURE	535	582	warranting further investigation and management
endocrinology_hypothyroidism_5	DISEASE	638	662	Type 2 diabetes mellitus
endocrinology_hypothyroidism_5	MEDICATION	677	686	metformin
endocrinology_hypothyroidism_5	DISEASE	710	722	Hypertension
endocrinology_hypothyroidism_5	MEDICATION	740	750	lisinopril
endocrinology_hypothyroidism_5	PROCEDURE	864	898	comprehensive panel of blood tests
endocrinology_hypothyroidism_5	PROCEDURE	926	946	complete blood count
endocrinology_hypothyroidism_5	DISEASE	1089	1126	slight normocytic-normochromic anemia
endocrinology_hypothyroidism_5	OBSERVATION	1205	1222	critical findings
endocrinology_hypothyroidism_5	DISEASE	1446	1468	primary hypothyroidism
endocrinology_hypothyroidism_5	PROCEDURE	1473	1497	Treatment and Management
endocrinology_hypothyroidism_5	MEDICATION	1530	1543	Levothyroxine
endocrinology_hypothyroidism_5	PROCEDURE	1545	1593	initially at a dose of 100 mcg orally once a day
endocrinology_hypothyroidism_5	DISEASE	1708	1722	hypothyroidism
endocrinology_hypothyroidism_5	MEDICATION	1724	1733	Metformin
endocrinology_hypothyroidism_5	MEDICATION	1738	1748	lisinopril
endocrinology_hypothyroidism_6	SYMPTOM	351	359	symptoms
endocrinology_hypothyroidism_6	SYMPTOM	363	370	fatigue
endocrinology_hypothyroidism_6	SYMPTOM	372	383	weight gain
endocrinology_hypothyroidism_6	SYMPTOM	385	397	constipation
endocrinology_hypothyroidism_6	SYMPTOM	403	419	cold intolerance
endocrinology_hypothyroidism_6	PROCEDURE	421	432	Blood tests
endocrinology_hypothyroidism_6	DISEASE	646	668	primary hypothyroidism
endocrinology_hypothyroidism_6	DISEASE	732	738	Anemia
endocrinology_hypothyroidism_6	DISEASE	902	924	primary hypothyroidism
endocrinology_hypothyroidism_6	PROCEDURE	938	962	Management and Treatment
endocrinology_hypothyroidism_6	MEDICATION	991	1004	Levothyroxine
endocrinology_hypothyroidism_6	PROCEDURE	1017	1024	therapy
endocrinology_hypothyroidism_6	SYMPTOM	1219	1227	symptoms
endocrinology_hypothyroidism_6	PROCEDURE	1299	1314	Follow-up Tests
endocrinology_hypothyroidism_6	PROCEDURE	1338	1358	follow-up blood test
endocrinology_hypothyroidism_6	OBSERVATION	1468	1529	indicating an improvement but still outside the desired range
endocrinology_hypothyroidism_6	MEDICATION	1549	1562	Levothyroxine
endocrinology_hypothyroidism_6	SYMPTOM	1714	1722	symptoms
endocrinology_hypothyroidism_6	SYMPTOM	1734	1757	increased energy levels
endocrinology_hypothyroidism_6	SYMPTOM	1762	1786	improved bowel movements
endocrinology_hypothyroidism_7	SYMPTOM	368	378	complaints
endocrinology_hypothyroidism_7	SYMPTOM	382	397	chronic fatigue
endocrinology_hypothyroidism_7	SYMPTOM	399	410	weight gain
endocrinology_hypothyroidism_7	SYMPTOM	416	432	cold intolerance
endocrinology_hypothyroidism_7	PROCEDURE	464	482	Initial evaluation
endocrinology_hypothyroidism_7	PROCEDURE	494	523	comprehensive metabolic panel
endocrinology_hypothyroidism_7	PROCEDURE	525	528	CBC
endocrinology_hypothyroidism_7	PROCEDURE	534	556	thyroid function tests
endocrinology_hypothyroidism_7	OBSERVATION	566	598	suspicion of thyroid dysfunction
endocrinology_hypothyroidism_7	OBSERVATION	603	622	Diagnostic Findings
endocrinology_hypothyroidism_7	PROCEDURE	632	654	Thyroid Function Tests
endocrinology_hypothyroidism_7	PROCEDURE	856	859	CBC
endocrinology_hypothyroidism_7	DISEASE	863	893	Normocytic normochromic anemia
endocrinology_hypothyroidism_7	DISEASE	961	969	Elevated
endocrinology_hypothyroidism_7	DISEASE	1036	1058	primary hypothyroidism
endocrinology_hypothyroidism_7	DISEASE	1064	1099	elevated TSH and low free T4 levels
endocrinology_hypothyroidism_7	MEDICATION	1199	1212	Levothyroxine
endocrinology_hypothyroidism_7	SYMPTOM	1580	1588	symptoms
endocrinology_hypothyroidism_7	PROCEDURE	1690	1711	levothyroxine therapy
endocrinology_hypothyroidism_8	DISEASE	282	304	Primary Hypothyroidism
endocrinology_hypothyroidism_8	DISEASE	332	362	Normocytic-Normochromic Anemia
endocrinology_hypothyroidism_8	SYMPTOM	487	508	complaints of fatigue
endocrinology_hypothyroidism_8	SYMPTOM	510	521	weight gain
endocrinology_hypothyroidism_8	SYMPTOM	523	539	cold intolerance
endocrinology_hypothyroidism_8	SYMPTOM	545	557	constipation
endocrinology_hypothyroidism_8	SYMPTOM	605	640	family history of thyroid disorders
endocrinology_hypothyroidism_8	PROCEDURE	661	679	initial evaluation
endocrinology_hypothyroidism_8	OBSERVATION	710	727	Clinical Findings
endocrinology_hypothyroidism_8	PROCEDURE	749	769	physical examination
endocrinology_hypothyroidism_8	SYMPTOM	779	787	dry skin
endocrinology_hypothyroidism_8	SYMPTOM	789	800	bradycardia
endocrinology_hypothyroidism_8	SYMPTOM	806	848	delayed relaxation of deep tendon reflexes
endocrinology_hypothyroidism_8	PROCEDURE	850	874	Initial laboratory tests
endocrinology_hypothyroidism_8	DISEASE	1078	1100	primary hypothyroidism
endocrinology_hypothyroidism_8	PROCEDURE	1166	1186	complete blood count
endocrinology_hypothyroidism_8	DISEASE	1198	1228	normocytic-normochromic anemia
endocrinology_hypothyroidism_8	MEDICATION	1343	1356	Levothyroxine
endocrinology_hypothyroidism_8	MEDICATION	1627	1640	levothyroxine
endocrinology_hypothyroidism_8	PROCEDURE	1684	1704	follow-up evaluation
endocrinology_hypothyroidism_8	PROCEDURE	1816	1831	supportive care
endocrinology_hypothyroidism_9	SYMPTOM	331	338	fatigue
endocrinology_hypothyroidism_9	SYMPTOM	340	351	weight gain
endocrinology_hypothyroidism_9	SYMPTOM	357	373	cold intolerance
endocrinology_hypothyroidism_9	SYMPTOM	451	458	fatigue
endocrinology_hypothyroidism_9	SYMPTOM	460	482	noticeable weight gain
endocrinology_hypothyroidism_9	SYMPTOM	491	530	inability to tolerate cold temperatures
endocrinology_hypothyroidism_9	SYMPTOM	619	627	symptoms
endocrinology_hypothyroidism_9	PROCEDURE	665	680	dietary changes
endocrinology_hypothyroidism_9	SYMPTOM	686	694	symptoms
endocrinology_hypothyroidism_9	DISEASE	782	794	Hypertension
endocrinology_hypothyroidism_9	PROCEDURE	895	916	Diagnostic Assessment
endocrinology_hypothyroidism_9	PROCEDURE	936	952	laboratory tests
endocrinology_hypothyroidism_9	PROCEDURE	979	999	complete blood count
endocrinology_hypothyroidism_9	PROCEDURE	1007	1024	serum cholesterol
endocrinology_hypothyroidism_9	PROCEDURE	1030	1052	thyroid function tests
endocrinology_hypothyroidism_9	OBSERVATION	1089	1109	significant findings
endocrinology_hypothyroidism_9	DISEASE	1315	1325	Normocytic
endocrinology_hypothyroidism_9	DISEASE	1349	1366	Serum cholesterol
endocrinology_hypothyroidism_9	DISEASE	1368	1376	Elevated
endocrinology_hypothyroidism_9	DISEASE	1402	1424	primary hypothyroidism
endocrinology_hypothyroidism_9	DISEASE	1446	1454	elevated
endocrinology_hypothyroidism_9	DISEASE	1528	1550	primary hypothyroidism
endocrinology_hypothyroidism_9	MEDICATION	1572	1585	levothyroxine
endocrinology_hypothyroidism_9	SYMPTOM	1744	1752	symptoms
endocrinology_hypothyroidism_9	PROCEDURE	1771	1823	Adjustments were made to her hypertension medication
endocrinology_hypothyroidism_9	PROCEDURE	1881	1960	Further education was provided regarding the importance of medication adherence
endocrinology_type 1 diabetes_0	DISEASE	311	335	Type 1 Diabetes Mellitus
endocrinology_type 1 diabetes_0	SYMPTOM	530	538	polyuria
endocrinology_type 1 diabetes_0	SYMPTOM	540	550	polydipsia
endocrinology_type 1 diabetes_0	SYMPTOM	556	581	unintentional weight loss
endocrinology_type 1 diabetes_0	OBSERVATION	618	639	clinical presentation
endocrinology_type 1 diabetes_0	PROCEDURE	641	693	blood samples were collected for laboratory analysis
endocrinology_type 1 diabetes_0	DISEASE	846	870	Type 1 Diabetes Mellitus
endocrinology_type 1 diabetes_0	DISEASE	919	931	ketoacidosis
endocrinology_type 1 diabetes_0	PROCEDURE	1165	1199	monitoring of blood glucose levels
endocrinology_type 1 diabetes_0	PROCEDURE	1228	1243	insulin therapy
endocrinology_type 1 diabetes_0	PROCEDURE	1261	1280	basal-bolus regimen
endocrinology_type 1 diabetes_0	MEDICATION	1282	1297	Insulin detemir
endocrinology_type 1 diabetes_0	MEDICATION	1391	1405	Insulin lispro
endocrinology_type 1 diabetes_0	OBSERVATION	1553	1606	The patient responded well to the initiated treatment
endocrinology_type 1 diabetes_0	OBSERVATION	1608	1663	showing significant improvement in blood glucose levels
endocrinology_type 1 diabetes_1	DISEASE	310	334	Type 1 Diabetes Mellitus
endocrinology_type 1 diabetes_1	SYMPTOM	530	550	symptoms of polyuria
endocrinology_type 1 diabetes_1	SYMPTOM	552	562	polydipsia
endocrinology_type 1 diabetes_1	SYMPTOM	568	598	recent unexplained weight loss
endocrinology_type 1 diabetes_1	SYMPTOM	658	676	nocturnal enuresis
endocrinology_type 1 diabetes_1	SYMPTOM	681	700	significant fatigue
endocrinology_type 1 diabetes_1	PROCEDURE	835	863	Fasting Plasma Glucose (FPG)
endocrinology_type 1 diabetes_1	PROCEDURE	957	967	Urinalysis
endocrinology_type 1 diabetes_1	PROCEDURE	969	1001	Positive for glucose and ketones
endocrinology_type 1 diabetes_1	DISEASE	1045	1069	Type 1 Diabetes Mellitus
endocrinology_type 1 diabetes_1	PROCEDURE	1074	1101	Oral Glucose Tolerance Test
endocrinology_type 1 diabetes_1	OBSERVATION	1137	1162	clear diagnostic findings
endocrinology_type 1 diabetes_1	SYMPTOM	1187	1195	symptoms
endocrinology_type 1 diabetes_1	PROCEDURE	1263	1286	insulin therapy regimen
endocrinology_type 1 diabetes_1	DISEASE	1297	1310	hyperglycemia
endocrinology_type 1 diabetes_1	MEDICATION	1336	1349	Basal insulin
endocrinology_type 1 diabetes_1	MEDICATION	1351	1367	Insulin Glargine
endocrinology_type 1 diabetes_1	MEDICATION	1405	1418	Bolus insulin
endocrinology_type 1 diabetes_1	MEDICATION	1420	1434	Insulin Lispro
endocrinology_type 1 diabetes_1	SYMPTOM	1743	1785	symptoms of hypoglycemia and hyperglycemia
endocrinology_type 1 diabetes_10	SYMPTOM	564	580	excessive thirst
endocrinology_type 1 diabetes_10	SYMPTOM	582	600	frequent urination
endocrinology_type 1 diabetes_10	SYMPTOM	602	625	unexplained weight loss
endocrinology_type 1 diabetes_10	SYMPTOM	631	646	general malaise
endocrinology_type 1 diabetes_10	OBSERVATION	658	679	clinical presentation
endocrinology_type 1 diabetes_10	DISEASE	699	716	diabetes mellitus
endocrinology_type 1 diabetes_10	PROCEDURE	772	800	fasting plasma glucose (FPG)
endocrinology_type 1 diabetes_10	OBSERVATION	928	973	significantly above the diagnostic thresholds
endocrinology_type 1 diabetes_10	DISEASE	978	995	diabetes mellitus
endocrinology_type 1 diabetes_10	OBSERVATION	1025	1046	clinical presentation
endocrinology_type 1 diabetes_10	DISEASE	1063	1087	Type 1 Diabetes Mellitus
endocrinology_type 1 diabetes_10	PROCEDURE	1213	1247	Oral Glucose Tolerance Test (OGTT)
endocrinology_type 1 diabetes_10	PROCEDURE	1308	1337	Random Plasma Glucose Measure
endocrinology_type 1 diabetes_10	OBSERVATION	1339	1365	Not required for diagnosis
endocrinology_type 1 diabetes_10	PROCEDURE	1412	1441	comprehensive metabolic panel
endocrinology_type 1 diabetes_10	PROCEDURE	1443	1465	thyroid function tests
endocrinology_type 1 diabetes_10	PROCEDURE	1474	1492	autoantibody panel
endocrinology_type 1 diabetes_10	PROCEDURE	1623	1648	Immediate insulin therapy
endocrinology_type 1 diabetes_10	PROCEDURE	1667	1693	acute metabolic management
endocrinology_type 1 diabetes_10	PROCEDURE	1702	1721	basal-bolus regimen
endocrinology_type 1 diabetes_10	MEDICATION	1759	1783	Basal Insulin (Glargine)
endocrinology_type 1 diabetes_11	SYMPTOM	385	393	polyuria
endocrinology_type 1 diabetes_11	SYMPTOM	395	405	polydipsia
endocrinology_type 1 diabetes_11	SYMPTOM	411	448	significant unintentional weight loss
endocrinology_type 1 diabetes_11	SYMPTOM	504	522	nocturnal enuresis
endocrinology_type 1 diabetes_11	SYMPTOM	527	541	blurred vision
endocrinology_type 1 diabetes_11	SYMPTOM	558	566	symptoms
endocrinology_type 1 diabetes_11	DISEASE	595	612	diabetes mellitus
endocrinology_type 1 diabetes_11	PROCEDURE	632	664	History and Physical Examination
endocrinology_type 1 diabetes_11	OBSERVATION	718	737	appeared dehydrated
endocrinology_type 1 diabetes_11	PROCEDURE	987	1004	Diagnostic Workup
endocrinology_type 1 diabetes_11	PROCEDURE	1123	1150	Oral Glucose Tolerance Test
endocrinology_type 1 diabetes_11	PROCEDURE	1222	1236	C-Peptide Test
endocrinology_type 1 diabetes_11	SYMPTOM	1240	1250	Low levels
endocrinology_type 1 diabetes_11	SYMPTOM	1263	1291	decreased insulin production
endocrinology_type 1 diabetes_11	SYMPTOM	1299	1313	Autoantibodies
endocrinology_type 1 diabetes_11	DISEASE	1388	1403	type 1 diabetes
endocrinology_type 1 diabetes_11	PROCEDURE	1530	1539	IV fluids
endocrinology_type 1 diabetes_11	MEDICATION	1560	1570	IV insulin
endocrinology_type 1 diabetes_11	PROCEDURE	1579	1598	basal-bolus regimen
endocrinology_type 1 diabetes_11	MEDICATION	1623	1643	subcutaneous insulin
endocrinology_type 1 diabetes_11	MEDICATION	1669	1685	Insulin Glargine
endocrinology_type 1 diabetes_12	DISEASE	253	277	Type 1 Diabetes Mellitus
endocrinology_type 1 diabetes_12	SYMPTOM	464	472	polyuria
endocrinology_type 1 diabetes_12	SYMPTOM	474	484	polydipsia
endocrinology_type 1 diabetes_12	SYMPTOM	490	513	unexplained weight loss
endocrinology_type 1 diabetes_12	OBSERVATION	619	663	increasing suspicion for a similar diagnosis
endocrinology_type 1 diabetes_12	PROCEDURE	735	761	series of diagnostic tests
endocrinology_type 1 diabetes_12	PROCEDURE	763	791	Fasting Plasma Glucose (FPG)
endocrinology_type 1 diabetes_12	OBSERVATION	888	930	significantly above the diabetes threshold
endocrinology_type 1 diabetes_12	PROCEDURE	935	969	Oral Glucose Tolerance Test (OGTT)
endocrinology_type 1 diabetes_12	PROCEDURE	1037	1067	Random plasma glucose measures
endocrinology_type 1 diabetes_12	DISEASE	1140	1164	type 1 diabetes mellitus
endocrinology_type 1 diabetes_12	PROCEDURE	1195	1220	Immediate insulin therapy
endocrinology_type 1 diabetes_12	DISEASE	1245	1258	hyperglycemia
endocrinology_type 1 diabetes_12	DISEASE	1271	1283	ketoacidosis
endocrinology_type 1 diabetes_12	PROCEDURE	1314	1341	basal-bolus insulin regimen
endocrinology_type 1 diabetes_12	MEDICATION	1356	1372	Insulin Glargine
endocrinology_type 1 diabetes_12	MEDICATION	1415	1429	Insulin Lispro
endocrinology_type 1 diabetes_13	SYMPTOM	310	318	polyuria
endocrinology_type 1 diabetes_13	SYMPTOM	320	330	polydipsia
endocrinology_type 1 diabetes_13	SYMPTOM	332	355	unexplained weight loss
endocrinology_type 1 diabetes_13	SYMPTOM	361	376	general fatigue
endocrinology_type 1 diabetes_13	PROCEDURE	402	434	History and Physical Examination
endocrinology_type 1 diabetes_13	PROCEDURE	497	517	physical examination
endocrinology_type 1 diabetes_13	SYMPTOM	556	608	significant increase in thirst and urinary frequency
endocrinology_type 1 diabetes_13	OBSERVATION	630	667	accompanied by a 10-pound weight loss
endocrinology_type 1 diabetes_13	OBSERVATION	701	729	No prior history of diabetes
endocrinology_type 1 diabetes_13	PROCEDURE	780	800	Physical examination
endocrinology_type 1 diabetes_13	OBSERVATION	833	889	the patient appeared dehydrated and slightly tachycardic
endocrinology_type 1 diabetes_13	PROCEDURE	923	940	Diagnostic Workup
endocrinology_type 1 diabetes_13	PROCEDURE	946	974	Fasting Plasma Glucose (FPG)
endocrinology_type 1 diabetes_13	PROCEDURE	1008	1039	Glycosylated Hemoglobin (HbA1C)
endocrinology_type 1 diabetes_13	PROCEDURE	1067	1101	Oral Glucose Tolerance Test (OGTT)
endocrinology_type 1 diabetes_13	PROCEDURE	1236	1278	Additional tests included C-peptide levels
endocrinology_type 1 diabetes_13	DISEASE	1290	1323	low endogenous insulin production
endocrinology_type 1 diabetes_13	DISEASE	1328	1351	positive autoantibodies
endocrinology_type 1 diabetes_13	DISEASE	1433	1457	type 1 diabetes mellitus
endocrinology_type 1 diabetes_13	OBSERVATION	1483	1548	The patient was immediately started on an insulin therapy regimen
endocrinology_type 1 diabetes_13	DISEASE	1559	1572	hyperglycemia
endocrinology_type 1 diabetes_13	PROCEDURE	1598	1625	basal-bolus insulin therapy
endocrinology_type 1 diabetes_13	MEDICATION	1654	1670	Insulin Glargine
endocrinology_type 1 diabetes_13	MEDICATION	1728	1742	Insulin Lispro
endocrinology_type 1 diabetes_13	OBSERVATION	1871	1920	The patient responded well to the insulin therapy
endocrinology_type 1 diabetes_13	PROCEDURE	2045	2085	Education on self-management of diabetes
endocrinology_type 1 diabetes_14	SYMPTOM	363	394	symptoms of uncontrolled thirst
endocrinology_type 1 diabetes_14	SYMPTOM	396	414	frequent urination
endocrinology_type 1 diabetes_14	SYMPTOM	420	449	recent unintended weight loss
endocrinology_type 1 diabetes_14	SYMPTOM	553	563	polydipsia
endocrinology_type 1 diabetes_14	SYMPTOM	565	573	polyuria
endocrinology_type 1 diabetes_14	SYMPTOM	579	589	polyphagia
endocrinology_type 1 diabetes_14	SYMPTOM	614	622	Symptoms
endocrinology_type 1 diabetes_14	PROCEDURE	756	776	Physical Examination
endocrinology_type 1 diabetes_14	PROCEDURE	1230	1258	Fasting Plasma Glucose (FPG)
endocrinology_type 1 diabetes_14	DISEASE	1317	1326	C-Peptide
endocrinology_type 1 diabetes_14	DISEASE	1328	1331	Low
endocrinology_type 1 diabetes_14	DISEASE	1367	1382	type 1 diabetes
endocrinology_type 1 diabetes_14	OBSERVATION	1418	1451	indicating an autoimmune etiology
endocrinology_type 1 diabetes_14	PROCEDURE	1457	1467	Urinalysis
endocrinology_type 1 diabetes_14	DISEASE	1611	1626	type 1 diabetes
endocrinology_type 1 diabetes_14	PROCEDURE	1670	1707	immediate management of hyperglycemia
endocrinology_type 1 diabetes_14	PROCEDURE	1723	1738	Insulin therapy
endocrinology_type 1 diabetes_14	PROCEDURE	1758	1777	basal-bolus regimen
endocrinology_type 1 diabetes_14	MEDICATION	1794	1810	Insulin Glargine
endocrinology_type 1 diabetes_14	MEDICATION	1869	1883	Insulin Lispro
endocrinology_type 1 diabetes_15	DISEASE	247	271	Type 1 Diabetes Mellitus
endocrinology_type 1 diabetes_15	SYMPTOM	391	429	symptoms consistent with hyperglycemia
endocrinology_type 1 diabetes_15	SYMPTOM	441	449	polyuria
endocrinology_type 1 diabetes_15	SYMPTOM	451	461	polydipsia
endocrinology_type 1 diabetes_15	SYMPTOM	467	490	unexplained weight loss
endocrinology_type 1 diabetes_15	PROCEDURE	512	536	Initial laboratory tests
endocrinology_type 1 diabetes_15	PROCEDURE	548	576	fasting plasma glucose (FPG)
endocrinology_type 1 diabetes_15	DISEASE	671	695	Type 1 Diabetes Mellitus
endocrinology_type 1 diabetes_15	OBSERVATION	740	783	presence of diabetes-related autoantibodies
endocrinology_type 1 diabetes_15	PROCEDURE	785	822	Oral glucose tolerance testing (OGTT)
endocrinology_type 1 diabetes_15	OBSERVATION	851	876	clear diagnostic findings
endocrinology_type 1 diabetes_15	SYMPTOM	901	909	symptoms
endocrinology_type 1 diabetes_15	PROCEDURE	958	981	insulin therapy regimen
endocrinology_type 1 diabetes_15	PROCEDURE	1030	1057	basal-bolus insulin therapy
endocrinology_type 1 diabetes_15	MEDICATION	1080	1088	Glargine
endocrinology_type 1 diabetes_15	MEDICATION	1107	1120	basal insulin
endocrinology_type 1 diabetes_15	MEDICATION	1125	1148	pre-meal Lispro insulin
endocrinology_type 1 diabetes_15	PROCEDURE	1719	1741	Nutritional counseling
endocrinology_type 1 diabetes_15	PROCEDURE	2008	2044	Screening for diabetic complications
endocrinology_type 1 diabetes_15	PROCEDURE	2072	2104	baseline funduscopic examination
endocrinology_type 1 diabetes_16	DISEASE	256	280	Type 1 Diabetes Mellitus
endocrinology_type 1 diabetes_16	SYMPTOM	444	452	polyuria
endocrinology_type 1 diabetes_16	SYMPTOM	454	464	polydipsia
endocrinology_type 1 diabetes_16	SYMPTOM	470	504	significant unintended weight loss
endocrinology_type 1 diabetes_16	PROCEDURE	526	544	Initial blood work
endocrinology_type 1 diabetes_16	DISEASE	680	704	Type 1 Diabetes Mellitus
endocrinology_type 1 diabetes_16	PROCEDURE	709	736	oral glucose tolerance test
endocrinology_type 1 diabetes_16	PROCEDURE	869	892	insulin therapy regimen
endocrinology_type 1 diabetes_16	PROCEDURE	904	931	basal-bolus insulin therapy
endocrinology_type 1 diabetes_16	DISEASE	942	955	hyperglycemia
endocrinology_type 1 diabetes_16	MEDICATION	1019	1035	Insulin Glargine
endocrinology_type 1 diabetes_16	MEDICATION	1037	1043	Lantus
endocrinology_type 1 diabetes_16	MEDICATION	1122	1136	Insulin Lispro
endocrinology_type 1 diabetes_16	MEDICATION	1138	1145	Humalog
endocrinology_type 1 diabetes_16	MEDICATION	1289	1301	Multivitamin
endocrinology_type 1 diabetes_16	MEDICATION	1536	1552	Insulin Glargine
endocrinology_type 1 diabetes_16	MEDICATION	1587	1601	Insulin Lispro
endocrinology_type 1 diabetes_17	DISEASE	230	254	Type 1 Diabetes Mellitus
endocrinology_type 1 diabetes_17	SYMPTOM	475	491	excessive thirst
endocrinology_type 1 diabetes_17	SYMPTOM	493	511	frequent urination
endocrinology_type 1 diabetes_17	SYMPTOM	513	536	unexplained weight loss
endocrinology_type 1 diabetes_17	SYMPTOM	542	557	general malaise
endocrinology_type 1 diabetes_17	PROCEDURE	581	614	fasting plasma glucose (FPG) test
endocrinology_type 1 diabetes_17	PROCEDURE	619	650	glycosylated hemoglobin (HbA1C)
endocrinology_type 1 diabetes_17	DISEASE	828	852	type 1 diabetes mellitus
endocrinology_type 1 diabetes_17	PROCEDURE	962	980	insulin management
endocrinology_type 1 diabetes_17	PROCEDURE	982	986	diet
endocrinology_type 1 diabetes_17	PROCEDURE	1002	1036	monitoring of blood glucose levels
endocrinology_type 1 diabetes_17	PROCEDURE	1058	1085	basal-bolus insulin regimen
endocrinology_type 1 diabetes_17	MEDICATION	1101	1117	insulin glargine
endocrinology_type 1 diabetes_17	MEDICATION	1161	1175	insulin lispro
endocrinology_type 1 diabetes_17	PROCEDURE	1506	1536	comprehensive foot examination
endocrinology_type 1 diabetes_17	OBSERVATION	1544	1577	no signs of peripheral neuropathy
endocrinology_type 1 diabetes_17	PROCEDURE	1582	1607	ophthalmologic evaluation
endocrinology_type 1 diabetes_17	DISEASE	1617	1640	no diabetic retinopathy
endocrinology_type 1 diabetes_17	DISEASE	1707	1723	microalbuminuria
endocrinology_type 1 diabetes_17	MEDICATION	1762	1775	ACE inhibitor
endocrinology_type 1 diabetes_17	PROCEDURE	1780	1796	renal protection
endocrinology_type 1 diabetes_17	PROCEDURE	1874	1896	lipid-lowering therapy
endocrinology_type 1 diabetes_18	DISEASE	265	289	Type 1 Diabetes Mellitus
endocrinology_type 1 diabetes_18	SYMPTOM	467	475	polyuria
endocrinology_type 1 diabetes_18	SYMPTOM	477	487	polydipsia
endocrinology_type 1 diabetes_18	SYMPTOM	489	512	unexplained weight loss
endocrinology_type 1 diabetes_18	SYMPTOM	518	533	general fatigue
endocrinology_type 1 diabetes_18	PROCEDURE	748	776	Fasting Plasma Glucose (FPG)
endocrinology_type 1 diabetes_18	PROCEDURE	790	821	Glycosylated Hemoglobin (HbA1C)
endocrinology_type 1 diabetes_18	PROCEDURE	831	852	Random Plasma Glucose
endocrinology_type 1 diabetes_18	PROCEDURE	866	876	Urinalysis
endocrinology_type 1 diabetes_18	PROCEDURE	878	910	Positive for ketones and glucose
endocrinology_type 1 diabetes_18	PROCEDURE	913	928	C-Peptide level
endocrinology_type 1 diabetes_18	DISEASE	930	933	Low
endocrinology_type 1 diabetes_18	PROCEDURE	936	995	Autoantibodies associated with type 1 diabetes were present
endocrinology_type 1 diabetes_18	DISEASE	1025	1049	type 1 diabetes mellitus
endocrinology_type 1 diabetes_18	PROCEDURE	1157	1196	continuous intravenous insulin infusion
endocrinology_type 1 diabetes_18	PROCEDURE	1299	1326	basal-bolus insulin regimen
endocrinology_type 1 diabetes_18	MEDICATION	1346	1362	Insulin Glargine
endocrinology_type 1 diabetes_18	MEDICATION	1405	1419	Insulin Lispro
endocrinology_type 1 diabetes_18	OBSERVATION	1684	1728	recognizing signs of hypo- and hyperglycemia
endocrinology_type 1 diabetes_19	SYMPTOM	397	413	excessive thirst
endocrinology_type 1 diabetes_19	SYMPTOM	415	433	frequent urination
endocrinology_type 1 diabetes_19	SYMPTOM	439	476	significant unintentional weight loss
endocrinology_type 1 diabetes_19	SYMPTOM	597	607	polydipsia
endocrinology_type 1 diabetes_19	SYMPTOM	609	617	polyuria
endocrinology_type 1 diabetes_19	SYMPTOM	731	748	increased fatigue
endocrinology_type 1 diabetes_19	SYMPTOM	753	767	blurred vision
endocrinology_type 1 diabetes_19	DISEASE	844	850	Asthma
endocrinology_type 1 diabetes_19	MEDICATION	873	896	inhaled corticosteroids
endocrinology_type 1 diabetes_19	OBSERVATION	1057	1075	General Appearance
endocrinology_type 1 diabetes_19	OBSERVATION	1077	1095	Alert and oriented
endocrinology_type 1 diabetes_19	OBSERVATION	1097	1122	appears mildly dehydrated
endocrinology_type 1 diabetes_19	PROCEDURE	1126	1141	Ophthalmic Exam
endocrinology_type 1 diabetes_19	OBSERVATION	1143	1181	No signs of diabetic retinopathy noted
endocrinology_type 1 diabetes_19	PROCEDURE	1185	1201	Foot Examination
endocrinology_type 1 diabetes_19	OBSERVATION	1203	1246	No signs of peripheral neuropathy or ulcers
endocrinology_type 1 diabetes_19	PROCEDURE	1409	1419	Urinalysis
endocrinology_type 1 diabetes_19	DISEASE	1421	1453	Positive for glucose and ketones
endocrinology_type 1 diabetes_19	PROCEDURE	1456	1470	C-Peptide Test
endocrinology_type 1 diabetes_19	DISEASE	1472	1482	Low levels
endocrinology_type 1 diabetes_19	DISEASE	1494	1522	decreased insulin production
endocrinology_type 1 diabetes_19	DISEASE	1526	1540	Autoantibodies
endocrinology_type 1 diabetes_19	DISEASE	1542	1560	Positive for GAD65
endocrinology_type 1 diabetes_19	DISEASE	1590	1614	Type 1 Diabetes Mellitus
endocrinology_type 1 diabetes_19	DISEASE	1673	1697	Type 1 Diabetes Mellitus
endocrinology_type 1 diabetes_19	PROCEDURE	1759	1774	insulin therapy
endocrinology_type 1 diabetes_19	PROCEDURE	1809	1836	basal-bolus insulin regimen
endocrinology_type 1 diabetes_2	DISEASE	251	275	Type 1 Diabetes Mellitus
endocrinology_type 1 diabetes_2	SYMPTOM	404	412	polyuria
endocrinology_type 1 diabetes_2	SYMPTOM	414	424	polydipsia
endocrinology_type 1 diabetes_2	SYMPTOM	430	467	significant unintentional weight loss
endocrinology_type 1 diabetes_2	OBSERVATION	504	525	clinical presentation
endocrinology_type 1 diabetes_2	PROCEDURE	529	555	series of diagnostic tests
endocrinology_type 1 diabetes_2	PROCEDURE	582	610	Fasting Plasma Glucose (FPG)
endocrinology_type 1 diabetes_2	PROCEDURE	652	686	Oral Glucose Tolerance Test (OGTT)
endocrinology_type 1 diabetes_2	DISEASE	815	839	Type 1 Diabetes Mellitus
endocrinology_type 1 diabetes_2	PROCEDURE	873	888	insulin therapy
endocrinology_type 1 diabetes_2	MEDICATION	954	970	Insulin Glargine
endocrinology_type 1 diabetes_2	PROCEDURE	1010	1024	basal coverage
endocrinology_type 1 diabetes_2	MEDICATION	1029	1043	Insulin Lispro
endocrinology_type 1 diabetes_2	PROCEDURE	1216	1240	blood glucose monitoring
endocrinology_type 1 diabetes_2	PROCEDURE	1429	1444	insulin therapy
endocrinology_type 1 diabetes_2	PROCEDURE	1450	1473	Complications Screening
endocrinology_type 1 diabetes_2	PROCEDURE	1558	1588	comprehensive foot examination
endocrinology_type 1 diabetes_2	OBSERVATION	1598	1631	no signs of peripheral neuropathy
endocrinology_type 1 diabetes_2	PROCEDURE	1635	1658	Funduscopic examination
endocrinology_type 1 diabetes_2	OBSERVATION	1688	1711	no signs of retinopathy
endocrinology_type 1 diabetes_2	PROCEDURE	1717	1732	spot urine test
endocrinology_type 1 diabetes_2	PROCEDURE	1753	1781	serum creatinine measurement
endocrinology_type 1 diabetes_2	OBSERVATION	1809	1849	indicating no current kidney involvement
endocrinology_type 1 diabetes_20	DISEASE	274	298	Type 1 Diabetes Mellitus
endocrinology_type 1 diabetes_20	SYMPTOM	481	497	excessive thirst
endocrinology_type 1 diabetes_20	SYMPTOM	499	517	frequent urination
endocrinology_type 1 diabetes_20	SYMPTOM	519	542	unexplained weight loss
endocrinology_type 1 diabetes_20	SYMPTOM	548	563	general fatigue
endocrinology_type 1 diabetes_20	OBSERVATION	612	653	his vital signs were within normal limits
endocrinology_type 1 diabetes_20	DISEASE	665	694	elevated blood glucose levels
endocrinology_type 1 diabetes_20	DISEASE	787	804	diabetes mellitus
endocrinology_type 1 diabetes_20	PROCEDURE	890	911	Diagnostic Evaluation
endocrinology_type 1 diabetes_20	PROCEDURE	1010	1044	Oral Glucose Tolerance Test (OGTT)
endocrinology_type 1 diabetes_20	PROCEDURE	1174	1190	C-Peptide Levels
endocrinology_type 1 diabetes_20	DISEASE	1194	1197	Low
endocrinology_type 1 diabetes_20	DISEASE	1210	1238	decreased insulin production
endocrinology_type 1 diabetes_20	DISEASE	1262	1296	Positive for islet cell antibodies
endocrinology_type 1 diabetes_20	DISEASE	1326	1350	Type 1 Diabetes Mellitus
endocrinology_type 1 diabetes_20	PROCEDURE	1422	1441	intravenous insulin
endocrinology_type 1 diabetes_20	PROCEDURE	1481	1499	Education sessions
endocrinology_type 1 diabetes_20	PROCEDURE	1556	1571	insulin therapy
endocrinology_type 1 diabetes_20	PROCEDURE	1573	1577	diet
endocrinology_type 1 diabetes_20	PROCEDURE	1579	1587	exercise
endocrinology_type 1 diabetes_20	PROCEDURE	1593	1620	monitoring of blood glucose
endocrinology_type 1 diabetes_20	PROCEDURE	1647	1674	basal-bolus insulin regimen
endocrinology_type 1 diabetes_20	MEDICATION	1685	1710	Insulin Glargine (Lantus)
endocrinology_type 1 diabetes_21	DISEASE	211	238	Suspected Diabetes Mellitus
endocrinology_type 1 diabetes_21	DISEASE	258	282	Type 1 Diabetes Mellitus
endocrinology_type 1 diabetes_21	PROCEDURE	349	381	History and Physical Examination
endocrinology_type 1 diabetes_21	SYMPTOM	493	501	polyuria
endocrinology_type 1 diabetes_21	SYMPTOM	503	513	polydipsia
endocrinology_type 1 diabetes_21	SYMPTOM	515	540	unintentional weight loss
endocrinology_type 1 diabetes_21	SYMPTOM	546	583	recent episodes of nocturnal enuresis
endocrinology_type 1 diabetes_21	PROCEDURE	585	605	Physical examination
endocrinology_type 1 diabetes_21	SYMPTOM	617	642	mildly dehydrated patient
endocrinology_type 1 diabetes_21	OBSERVATION	670	707	Vital signs were within normal limits
endocrinology_type 1 diabetes_21	SYMPTOM	721	739	slight tachycardia
endocrinology_type 1 diabetes_21	OBSERVATION	751	799	no apparent peripheral neuropathy or retinopathy
endocrinology_type 1 diabetes_21	PROCEDURE	829	850	Diagnostic Assessment
endocrinology_type 1 diabetes_21	PROCEDURE	861	889	Fasting Plasma Glucose (FPG)
endocrinology_type 1 diabetes_21	PROCEDURE	966	997	Glycosylated Hemoglobin (HbA1C)
endocrinology_type 1 diabetes_21	OBSERVATION	1020	1091	indicating uncontrolled blood glucose levels over the past three months
endocrinology_type 1 diabetes_21	PROCEDURE	1098	1132	Oral Glucose Tolerance Test (OGTT)
endocrinology_type 1 diabetes_21	PROCEDURE	1210	1231	Random Plasma Glucose
endocrinology_type 1 diabetes_21	PROCEDURE	1287	1320	C-Peptide Test and Autoantibodies
endocrinology_type 1 diabetes_21	DISEASE	1324	1344	Low C-peptide levels
endocrinology_type 1 diabetes_21	DISEASE	1349	1402	positive glutamic acid decarboxylase (GAD) antibodies
endocrinology_type 1 diabetes_21	DISEASE	1430	1454	Type 1 Diabetes Mellitus
endocrinology_type 1 diabetes_21	PROCEDURE	1528	1551	insulin therapy regimen
endocrinology_type 1 diabetes_21	PROCEDURE	1563	1590	basal-bolus insulin therapy
endocrinology_type 1 diabetes_21	MEDICATION	1654	1667	Basal Insulin
endocrinology_type 1 diabetes_21	MEDICATION	1671	1687	Insulin Glargine
endocrinology_type 1 diabetes_21	MEDICATION	1729	1742	Bolus Insulin
endocrinology_type 1 diabetes_21	MEDICATION	1746	1760	Insulin Lispro
endocrinology_type 1 diabetes_22	SYMPTOM	462	478	excessive thirst
endocrinology_type 1 diabetes_22	SYMPTOM	480	498	frequent urination
endocrinology_type 1 diabetes_22	SYMPTOM	504	534	recent unexplained weight loss
endocrinology_type 1 diabetes_22	PROCEDURE	536	554	Initial assessment
endocrinology_type 1 diabetes_22	PROCEDURE	566	601	comprehensive metabolic panel (CMP)
endocrinology_type 1 diabetes_22	PROCEDURE	603	631	fasting plasma glucose (FPG)
endocrinology_type 1 diabetes_22	PROCEDURE	637	668	glycosylated hemoglobin (HbA1C)
endocrinology_type 1 diabetes_22	PROCEDURE	781	802	Diagnostic Evaluation
endocrinology_type 1 diabetes_22	PROCEDURE	849	876	oral glucose tolerance test
endocrinology_type 1 diabetes_22	DISEASE	918	942	type 1 diabetes mellitus
endocrinology_type 1 diabetes_22	PROCEDURE	989	1009	Autoantibody testing
endocrinology_type 1 diabetes_22	OBSERVATION	1014	1048	positive for islet cell antibodies
endocrinology_type 1 diabetes_22	OBSERVATION	1050	1082	further supporting the diagnosis
endocrinology_type 1 diabetes_22	PROCEDURE	1084	1114	Random plasma glucose measures
endocrinology_type 1 diabetes_22	PROCEDURE	1195	1210	insulin therapy
endocrinology_type 1 diabetes_22	PROCEDURE	1460	1475	insulin therapy
endocrinology_type 1 diabetes_22	PROCEDURE	1479	1506	basal-bolus insulin regimen
endocrinology_type 1 diabetes_22	MEDICATION	1539	1555	Insulin glargine
endocrinology_type 1 diabetes_22	MEDICATION	1613	1627	Insulin lispro
endocrinology_type 1 diabetes_22	SYMPTOM	1835	1874	signs of hypoglycemia and hyperglycemia
endocrinology_type 1 diabetes_23	DISEASE	316	340	Type 1 Diabetes Mellitus
endocrinology_type 1 diabetes_23	SYMPTOM	457	465	symptoms
endocrinology_type 1 diabetes_23	SYMPTOM	476	484	polyuria
endocrinology_type 1 diabetes_23	SYMPTOM	486	496	polydipsia
endocrinology_type 1 diabetes_23	SYMPTOM	502	524	unexpected weight loss
endocrinology_type 1 diabetes_23	PROCEDURE	550	574	Initial laboratory tests
endocrinology_type 1 diabetes_23	DISEASE	723	747	Type 1 Diabetes Mellitus
endocrinology_type 1 diabetes_23	PROCEDURE	753	787	Oral Glucose Tolerance Test (OGTT)
endocrinology_type 1 diabetes_23	OBSERVATION	822	849	clear diagnostic indicators
endocrinology_type 1 diabetes_23	PROCEDURE	879	905	random plasma glucose test
endocrinology_type 1 diabetes_23	SYMPTOM	921	929	symptoms
endocrinology_type 1 diabetes_23	DISEASE	1012	1027	Type 1 Diabetes
endocrinology_type 1 diabetes_23	PROCEDURE	1029	1054	immediate insulin therapy
endocrinology_type 1 diabetes_23	PROCEDURE	1099	1126	basal-bolus insulin regimen
endocrinology_type 1 diabetes_23	MEDICATION	1144	1160	Insulin Glargine
endocrinology_type 1 diabetes_23	MEDICATION	1218	1232	Insulin Lispro
endocrinology_type 1 diabetes_23	PROCEDURE	1365	1394	continuous glucose monitoring
endocrinology_type 1 diabetes_23	SYMPTOM	1662	1670	symptoms
endocrinology_type 1 diabetes_23	PROCEDURE	1737	1757	Dietary consultation
endocrinology_type 1 diabetes_24	SYMPTOM	328	344	excessive thirst
endocrinology_type 1 diabetes_24	SYMPTOM	346	364	frequent urination
endocrinology_type 1 diabetes_24	SYMPTOM	370	393	unexplained weight loss
endocrinology_type 1 diabetes_24	SYMPTOM	597	607	polydipsia
endocrinology_type 1 diabetes_24	SYMPTOM	609	617	polyuria
endocrinology_type 1 diabetes_24	SYMPTOM	623	646	significant weight loss
endocrinology_type 1 diabetes_24	DISEASE	761	769	diabetes
endocrinology_type 1 diabetes_24	PROCEDURE	787	807	Physical Examination
endocrinology_type 1 diabetes_24	SYMPTOM	865	876	Vital signs
endocrinology_type 1 diabetes_24	SYMPTOM	914	937	elevated blood pressure
endocrinology_type 1 diabetes_24	PROCEDURE	992	1012	Physical examination
endocrinology_type 1 diabetes_24	OBSERVATION	1017	1029	unremarkable
endocrinology_type 1 diabetes_24	SYMPTOM	1041	1057	mild dehydration
endocrinology_type 1 diabetes_24	PROCEDURE	1062	1083	Diagnostic Evaluation
endocrinology_type 1 diabetes_24	PROCEDURE	1182	1196	C-Peptide Test
endocrinology_type 1 diabetes_24	DISEASE	1200	1210	Low levels
endocrinology_type 1 diabetes_24	SYMPTOM	1223	1251	decreased insulin production
endocrinology_type 1 diabetes_24	SYMPTOM	1257	1271	Autoantibodies
endocrinology_type 1 diabetes_24	DISEASE	1275	1309	Positive for islet cell antibodies
endocrinology_type 1 diabetes_24	DISEASE	1351	1359	diabetes
endocrinology_type 1 diabetes_24	DISEASE	1403	1427	Type 1 Diabetes Mellitus
endocrinology_type 1 diabetes_24	PROCEDURE	1489	1501	IV hydration
endocrinology_type 1 diabetes_24	PROCEDURE	1506	1521	insulin therapy
endocrinology_type 1 diabetes_24	PROCEDURE	1525	1552	basal-bolus insulin regimen
endocrinology_type 1 diabetes_24	MEDICATION	1607	1623	Insulin Glargine
endocrinology_type 1 diabetes_24	MEDICATION	1667	1681	Insulin Lispro
endocrinology_type 1 diabetes_24	PROCEDURE	1739	1778	self-monitoring of blood glucose levels
endocrinology_type 1 diabetes_25	SYMPTOM	367	387	symptoms of polyuria
endocrinology_type 1 diabetes_25	SYMPTOM	389	399	polydipsia
endocrinology_type 1 diabetes_25	SYMPTOM	401	424	unexplained weight loss
endocrinology_type 1 diabetes_25	SYMPTOM	430	445	general fatigue
endocrinology_type 1 diabetes_25	SYMPTOM	643	651	symptoms
endocrinology_type 1 diabetes_25	SYMPTOM	696	704	symptoms
endocrinology_type 1 diabetes_25	PROCEDURE	765	786	Diagnostic Assessment
endocrinology_type 1 diabetes_25	PROCEDURE	808	824	laboratory tests
endocrinology_type 1 diabetes_25	PROCEDURE	851	879	Fasting Plasma Glucose (FPG)
endocrinology_type 1 diabetes_25	PROCEDURE	881	912	Glycosylated Hemoglobin (HbA1C)
endocrinology_type 1 diabetes_25	PROCEDURE	921	955	Oral Glucose Tolerance Test (OGTT)
endocrinology_type 1 diabetes_25	DISEASE	1095	1119	type 1 diabetes mellitus
endocrinology_type 1 diabetes_25	DISEASE	1129	1166	significantly elevated glucose levels
endocrinology_type 1 diabetes_25	DISEASE	1171	1183	HbA1C ≥ 6.5%
endocrinology_type 1 diabetes_25	PROCEDURE	1258	1273	insulin therapy
endocrinology_type 1 diabetes_25	DISEASE	1284	1297	hyperglycemia
endocrinology_type 1 diabetes_25	SYMPTOM	1311	1319	symptoms
endocrinology_type 1 diabetes_25	MEDICATION	1494	1507	Basal insulin
endocrinology_type 1 diabetes_25	MEDICATION	1509	1525	Insulin Glargine
endocrinology_type 1 diabetes_25	MEDICATION	1564	1577	Bolus insulin
endocrinology_type 1 diabetes_25	MEDICATION	1579	1593	Insulin Lispro
endocrinology_type 1 diabetes_25	OBSERVATION	1701	1738	responded well to the insulin regimen
endocrinology_type 1 diabetes_26	DISEASE	462	486	Type 1 Diabetes Mellitus
endocrinology_type 1 diabetes_26	SYMPTOM	612	628	excessive thirst
endocrinology_type 1 diabetes_26	SYMPTOM	630	648	frequent urination
endocrinology_type 1 diabetes_26	SYMPTOM	650	668	sudden weight loss
endocrinology_type 1 diabetes_26	SYMPTOM	674	689	general fatigue
endocrinology_type 1 diabetes_26	PROCEDURE	711	737	Initial laboratory results
endocrinology_type 1 diabetes_26	DISEASE	872	896	Type 1 Diabetes Mellitus
endocrinology_type 1 diabetes_26	PROCEDURE	961	996	basal-bolus insulin therapy regimen
endocrinology_type 1 diabetes_26	MEDICATION	1008	1024	insulin glargine
endocrinology_type 1 diabetes_26	PROCEDURE	1049	1063	basal coverage
endocrinology_type 1 diabetes_26	MEDICATION	1068	1082	insulin lispro
endocrinology_type 1 diabetes_26	PROCEDURE	1193	1228	continuous glucose monitoring (CGM)
endocrinology_type 1 diabetes_26	PROCEDURE	1728	1744	foot examination
endocrinology_type 1 diabetes_26	PROCEDURE	1754	1787	no signs of peripheral neuropathy
endocrinology_type 1 diabetes_26	PROCEDURE	1789	1812	Funduscopic examination
endocrinology_type 1 diabetes_26	PROCEDURE	1842	1856	no retinopathy
endocrinology_type 1 diabetes_26	PROCEDURE	1858	1875	Annual screenings
endocrinology_type 1 diabetes_26	DISEASE	1914	1925	albuminuria
endocrinology_type 1 diabetes_26	PROCEDURE	1930	1958	serum creatinine measurement
endocrinology_type 1 diabetes_27	DISEASE	319	343	Type 1 Diabetes Mellitus
endocrinology_type 1 diabetes_27	SYMPTOM	512	522	polydipsia
endocrinology_type 1 diabetes_27	SYMPTOM	524	532	polyuria
endocrinology_type 1 diabetes_27	SYMPTOM	534	557	unexplained weight loss
endocrinology_type 1 diabetes_27	SYMPTOM	563	578	general fatigue
endocrinology_type 1 diabetes_27	OBSERVATION	730	747	Clinical Findings
endocrinology_type 1 diabetes_27	SYMPTOM	769	780	vital signs
endocrinology_type 1 diabetes_27	SYMPTOM	820	852	slightly elevated blood pressure
endocrinology_type 1 diabetes_27	PROCEDURE	940	969	random plasma glucose measure
endocrinology_type 1 diabetes_27	PROCEDURE	1005	1032	oral glucose tolerance test
endocrinology_type 1 diabetes_27	DISEASE	1255	1270	type 1 diabetes
endocrinology_type 1 diabetes_27	PROCEDURE	1353	1368	insulin therapy
endocrinology_type 1 diabetes_27	DISEASE	1379	1392	hyperglycemia
endocrinology_type 1 diabetes_27	PROCEDURE	1396	1423	basal-bolus insulin regimen
endocrinology_type 1 diabetes_27	MEDICATION	1457	1473	Insulin Glargine
endocrinology_type 1 diabetes_27	MEDICATION	1531	1545	Insulin Lispro
endocrinology_type 1 diabetes_27	PROCEDURE	1616	1649	Frequent blood glucose monitoring
endocrinology_type 1 diabetes_28	DISEASE	277	301	Type 1 Diabetes Mellitus
endocrinology_type 1 diabetes_28	SYMPTOM	466	474	polyuria
endocrinology_type 1 diabetes_28	SYMPTOM	476	486	polydipsia
endocrinology_type 1 diabetes_28	SYMPTOM	492	517	unintentional weight loss
endocrinology_type 1 diabetes_28	SYMPTOM	578	592	severe fatigue
endocrinology_type 1 diabetes_28	SYMPTOM	597	611	blurred vision
endocrinology_type 1 diabetes_28	PROCEDURE	741	757	laboratory tests
endocrinology_type 1 diabetes_28	PROCEDURE	970	980	Urinalysis
endocrinology_type 1 diabetes_28	DISEASE	982	1014	Positive for glucose and ketones
endocrinology_type 1 diabetes_28	PROCEDURE	1021	1048	Oral Glucose Tolerance Test
endocrinology_type 1 diabetes_28	OBSERVATION	1084	1106	clear clinical picture
endocrinology_type 1 diabetes_28	DISEASE	1169	1193	Type 1 Diabetes Mellitus
endocrinology_type 1 diabetes_28	PROCEDURE	1394	1417	metabolic stabilization
endocrinology_type 1 diabetes_28	PROCEDURE	1436	1451	insulin therapy
endocrinology_type 1 diabetes_28	PROCEDURE	1453	1468	Insulin therapy
endocrinology_type 1 diabetes_28	PROCEDURE	1488	1507	basal-bolus regimen
endocrinology_type 1 diabetes_28	MEDICATION	1523	1539	Insulin Glargine
endocrinology_type 1 diabetes_28	MEDICATION	1579	1593	Insulin Lispro
endocrinology_type 1 diabetes_29	DISEASE	347	371	Type 1 Diabetes Mellitus
endocrinology_type 1 diabetes_29	SYMPTOM	648	664	excessive thirst
endocrinology_type 1 diabetes_29	SYMPTOM	666	684	frequent urination
endocrinology_type 1 diabetes_29	SYMPTOM	693	718	unintentional weight loss
endocrinology_type 1 diabetes_29	SYMPTOM	750	764	blurred vision
endocrinology_type 1 diabetes_29	SYMPTOM	769	785	general weakness
endocrinology_type 1 diabetes_29	PROCEDURE	959	979	Physical examination
endocrinology_type 1 diabetes_29	SYMPTOM	996	1016	dry mucous membranes
endocrinology_type 1 diabetes_29	SYMPTOM	1021	1042	decreased skin turgor
endocrinology_type 1 diabetes_29	PROCEDURE	1048	1069	Diagnostic Evaluation
endocrinology_type 1 diabetes_29	PROCEDURE	1209	1224	C-Peptide Level
endocrinology_type 1 diabetes_29	DISEASE	1228	1231	Low
endocrinology_type 1 diabetes_29	DISEASE	1236	1250	Autoantibodies
endocrinology_type 1 diabetes_29	DISEASE	1254	1288	Positive for islet cell antibodies
endocrinology_type 1 diabetes_29	PROCEDURE	1293	1303	Urinalysis
endocrinology_type 1 diabetes_29	DISEASE	1307	1339	Positive for glucose and ketones
endocrinology_type 1 diabetes_29	DISEASE	1396	1420	Type 1 Diabetes Mellitus
endocrinology_type 1 diabetes_29	DISEASE	1422	1449	No evidence of ketoacidosis
endocrinology_type 1 diabetes_29	PROCEDURE	1544	1562	intravenous fluids
endocrinology_type 1 diabetes_29	PROCEDURE	1580	1607	basal-bolus insulin regimen
endocrinology_type 1 diabetes_3	DISEASE	345	369	Type 1 Diabetes Mellitus
endocrinology_type 1 diabetes_3	SYMPTOM	538	546	polyuria
endocrinology_type 1 diabetes_3	SYMPTOM	548	558	polydipsia
endocrinology_type 1 diabetes_3	SYMPTOM	560	585	unintentional weight loss
endocrinology_type 1 diabetes_3	SYMPTOM	591	606	general fatigue
endocrinology_type 1 diabetes_3	PROCEDURE	632	650	Initial assessment
endocrinology_type 1 diabetes_3	DISEASE	786	810	Type 1 Diabetes Mellitus
endocrinology_type 1 diabetes_3	PROCEDURE	815	849	Oral Glucose Tolerance Test (OGTT)
endocrinology_type 1 diabetes_3	OBSERVATION	879	906	clear diagnostic indicators
endocrinology_type 1 diabetes_3	PROCEDURE	996	1036	patient education on diabetes management
endocrinology_type 1 diabetes_3	PROCEDURE	1048	1071	dietary recommendations
endocrinology_type 1 diabetes_3	PROCEDURE	1073	1090	physical activity
endocrinology_type 1 diabetes_3	PROCEDURE	1096	1122	insulin therapy initiation
endocrinology_type 1 diabetes_3	PROCEDURE	1124	1151	Basal-bolus insulin therapy
endocrinology_type 1 diabetes_3	MEDICATION	1211	1227	Insulin Glargine
endocrinology_type 1 diabetes_3	MEDICATION	1229	1235	Lantus
endocrinology_type 1 diabetes_3	MEDICATION	1299	1313	Insulin Lispro
endocrinology_type 1 diabetes_3	MEDICATION	1315	1322	Humalog
endocrinology_type 1 diabetes_30	DISEASE	279	303	Type 1 Diabetes Mellitus
endocrinology_type 1 diabetes_30	SYMPTOM	547	567	symptoms of polyuria
endocrinology_type 1 diabetes_30	SYMPTOM	569	579	polydipsia
endocrinology_type 1 diabetes_30	SYMPTOM	581	604	unexplained weight loss
endocrinology_type 1 diabetes_30	SYMPTOM	610	625	general fatigue
endocrinology_type 1 diabetes_30	SYMPTOM	725	733	symptoms
endocrinology_type 1 diabetes_30	DISEASE	756	764	diabetes
endocrinology_type 1 diabetes_30	PROCEDURE	931	953	diagnostic evaluations
endocrinology_type 1 diabetes_30	PROCEDURE	976	1004	Fasting Plasma Glucose (FPG)
endocrinology_type 1 diabetes_30	DISEASE	1056	1075	suggesting diabetes
endocrinology_type 1 diabetes_30	PROCEDURE	1082	1113	Glycosylated Hemoglobin (HbA1C)
endocrinology_type 1 diabetes_30	DISEASE	1165	1186	poor glycemic control
endocrinology_type 1 diabetes_30	PROCEDURE	1220	1234	C-Peptide Test
endocrinology_type 1 diabetes_30	DISEASE	1238	1261	Low levels of C-peptide
endocrinology_type 1 diabetes_30	OBSERVATION	1281	1307	reduced insulin production
endocrinology_type 1 diabetes_30	DISEASE	1335	1359	Type 1 Diabetes Mellitus
endocrinology_type 1 diabetes_30	PROCEDURE	1366	1384	Autoantibody Tests
endocrinology_type 1 diabetes_30	DISEASE	1388	1422	Positive for islet cell antibodies
endocrinology_type 1 diabetes_30	DISEASE	1443	1467	Type 1 Diabetes Mellitus
endocrinology_type 1 diabetes_30	PROCEDURE	1474	1485	Other Tests
endocrinology_type 1 diabetes_30	PROCEDURE	1489	1509	Renal function tests
endocrinology_type 1 diabetes_30	PROCEDURE	1511	1524	lipid profile
endocrinology_type 1 diabetes_30	PROCEDURE	1530	1550	liver function tests
endocrinology_type 1 diabetes_30	PROCEDURE	1578	1589	Urine tests
endocrinology_type 1 diabetes_30	OBSERVATION	1597	1620	no signs of albuminuria
endocrinology_type 1 diabetes_30	DISEASE	1688	1712	Type 1 Diabetes Mellitus
endocrinology_type 1 diabetes_30	PROCEDURE	1756	1771	insulin therapy
endocrinology_type 1 diabetes_30	SYMPTOM	1809	1817	symptoms
endocrinology_type 1 diabetes_31	SYMPTOM	407	415	symptoms
endocrinology_type 1 diabetes_31	SYMPTOM	419	427	polyuria
endocrinology_type 1 diabetes_31	SYMPTOM	429	439	polydipsia
endocrinology_type 1 diabetes_31	SYMPTOM	441	464	unexplained weight loss
endocrinology_type 1 diabetes_31	SYMPTOM	470	485	general fatigue
endocrinology_type 1 diabetes_31	PROCEDURE	511	529	Initial assessment
endocrinology_type 1 diabetes_31	PROCEDURE	541	575	comprehensive physical examination
endocrinology_type 1 diabetes_31	PROCEDURE	580	596	laboratory tests
endocrinology_type 1 diabetes_31	SYMPTOM	623	631	symptoms
endocrinology_type 1 diabetes_31	OBSERVATION	644	663	Diagnostic Findings
endocrinology_type 1 diabetes_31	DISEASE	831	855	Type 1 Diabetes Mellitus
endocrinology_type 1 diabetes_31	PROCEDURE	873	918	Point-of-care finger-stick HbA1C measurements
endocrinology_type 1 diabetes_31	PROCEDURE	1039	1077	individualized insulin therapy regimen
endocrinology_type 1 diabetes_31	PROCEDURE	1124	1151	Basal-Bolus Insulin Therapy
endocrinology_type 1 diabetes_31	MEDICATION	1178	1194	Insulin Glargine
endocrinology_type 1 diabetes_31	MEDICATION	1241	1255	Insulin Lispro
endocrinology_type 1 diabetes_32	DISEASE	311	335	Type 1 Diabetes Mellitus
endocrinology_type 1 diabetes_32	SYMPTOM	517	525	polyuria
endocrinology_type 1 diabetes_32	SYMPTOM	527	537	polydipsia
endocrinology_type 1 diabetes_32	SYMPTOM	539	564	unintentional weight loss
endocrinology_type 1 diabetes_32	SYMPTOM	608	629	recent blurred vision
endocrinology_type 1 diabetes_32	SYMPTOM	650	658	symptoms
endocrinology_type 1 diabetes_32	DISEASE	662	675	hyperglycemia
endocrinology_type 1 diabetes_32	PROCEDURE	677	702	initial laboratory workup
endocrinology_type 1 diabetes_32	OBSERVATION	721	740	Diagnostic Findings
endocrinology_type 1 diabetes_32	PROCEDURE	917	951	Oral Glucose Tolerance Test (OGTT)
endocrinology_type 1 diabetes_32	PROCEDURE	1176	1191	insulin therapy
endocrinology_type 1 diabetes_32	DISEASE	1206	1219	hyperglycemia
endocrinology_type 1 diabetes_32	PROCEDURE	1333	1348	Insulin Therapy
endocrinology_type 1 diabetes_32	PROCEDURE	1369	1384	insulin therapy
endocrinology_type 1 diabetes_32	MEDICATION	1404	1420	Insulin Glargine
endocrinology_type 1 diabetes_32	MEDICATION	1479	1493	Insulin Lispro
endocrinology_type 1 diabetes_32	PROCEDURE	1564	1599	Continuous glucose monitoring (CGM)
endocrinology_type 1 diabetes_32	PROCEDURE	1665	1680	insulin therapy
endocrinology_type 1 diabetes_32	DISEASE	1769	1784	type 1 diabetes
endocrinology_type 1 diabetes_32	DISEASE	1899	1912	hyperglycemia
endocrinology_type 1 diabetes_33	DISEASE	276	300	Type 1 Diabetes Mellitus
endocrinology_type 1 diabetes_33	SYMPTOM	428	436	polyuria
endocrinology_type 1 diabetes_33	SYMPTOM	438	448	polydipsia
endocrinology_type 1 diabetes_33	SYMPTOM	454	479	unintentional weight loss
endocrinology_type 1 diabetes_33	PROCEDURE	505	529	Initial laboratory tests
endocrinology_type 1 diabetes_33	DISEASE	664	688	Type 1 Diabetes Mellitus
endocrinology_type 1 diabetes_33	OBSERVATION	763	795	further supporting the diagnosis
endocrinology_type 1 diabetes_33	PROCEDURE	864	887	insulin therapy regimen
endocrinology_type 1 diabetes_33	PROCEDURE	943	979	basal-bolus insulin therapy approach
endocrinology_type 1 diabetes_33	MEDICATION	994	1010	Insulin Glargine
endocrinology_type 1 diabetes_33	MEDICATION	1068	1082	Insulin Lispro
endocrinology_type 1 diabetes_33	PROCEDURE	1360	1375	insulin therapy
endocrinology_type 1 diabetes_33	PROCEDURE	1484	1507	annual foot examination
endocrinology_type 1 diabetes_33	SYMPTOM	1535	1565	signs of peripheral neuropathy
endocrinology_type 1 diabetes_33	PROCEDURE	1618	1648	annual funduscopic examination
endocrinology_type 1 diabetes_33	DISEASE	1663	1674	retinopathy
endocrinology_type 1 diabetes_33	PROCEDURE	1678	1696	Spot urine testing
endocrinology_type 1 diabetes_33	DISEASE	1701	1712	albuminuria
endocrinology_type 1 diabetes_33	PROCEDURE	1717	1745	serum creatinine measurement
endocrinology_type 1 diabetes_33	PROCEDURE	1761	1801	showing no signs of diabetic nephropathy
endocrinology_type 1 diabetes_33	PROCEDURE	1807	1820	lipid profile
endocrinology_type 1 diabetes_33	PROCEDURE	1835	1861	indicating no dyslipidemia
endocrinology_type 1 diabetes_33	PROCEDURE	1872	1889	annual monitoring
endocrinology_type 1 diabetes_34	SYMPTOM	420	436	excessive thirst
endocrinology_type 1 diabetes_34	SYMPTOM	438	456	frequent urination
endocrinology_type 1 diabetes_34	SYMPTOM	462	499	significant unintentional weight loss
endocrinology_type 1 diabetes_34	DISEASE	640	667	suspected diabetes mellitus
endocrinology_type 1 diabetes_34	SYMPTOM	690	726	symptoms indicative of hyperglycemia
endocrinology_type 1 diabetes_34	OBSERVATION	804	823	Diagnostic Findings
endocrinology_type 1 diabetes_34	PROCEDURE	833	861	Fasting Plasma Glucose (FPG)
endocrinology_type 1 diabetes_34	PROCEDURE	958	992	Oral Glucose Tolerance Test (OGTT)
endocrinology_type 1 diabetes_34	PROCEDURE	1115	1131	Additional tests
endocrinology_type 1 diabetes_34	DISEASE	1136	1177	autoantibodies typical of type 1 diabetes
endocrinology_type 1 diabetes_34	OBSERVATION	1197	1205	positive
endocrinology_type 1 diabetes_34	DISEASE	1235	1259	type 1 diabetes mellitus
endocrinology_type 1 diabetes_34	PROCEDURE	1324	1345	intravenous hydration
endocrinology_type 1 diabetes_34	PROCEDURE	1350	1365	insulin therapy
endocrinology_type 1 diabetes_34	PROCEDURE	1499	1521	insulin administration
endocrinology_type 1 diabetes_34	PROCEDURE	1633	1648	Insulin Therapy
endocrinology_type 1 diabetes_34	MEDICATION	1668	1681	Basal insulin
endocrinology_type 1 diabetes_34	MEDICATION	1683	1691	Glargine
endocrinology_type 1 diabetes_34	PROCEDURE	1742	1747	Bolus
endocrinology_type 1 diabetes_35	SYMPTOM	307	315	symptoms
endocrinology_type 1 diabetes_35	SYMPTOM	319	335	excessive thirst
endocrinology_type 1 diabetes_35	SYMPTOM	337	355	frequent urination
endocrinology_type 1 diabetes_35	SYMPTOM	357	394	significant unintentional weight loss
endocrinology_type 1 diabetes_35	SYMPTOM	400	415	general fatigue
endocrinology_type 1 diabetes_35	SYMPTOM	559	567	symptoms
endocrinology_type 1 diabetes_35	SYMPTOM	646	654	symptoms
endocrinology_type 1 diabetes_35	SYMPTOM	691	727	noticeable decrease in energy levels
endocrinology_type 1 diabetes_35	PROCEDURE	739	758	hospital evaluation
endocrinology_type 1 diabetes_35	PROCEDURE	763	783	Physical Examination
endocrinology_type 1 diabetes_35	SYMPTOM	803	814	vital signs
endocrinology_type 1 diabetes_35	PROCEDURE	828	848	Physical examination
endocrinology_type 1 diabetes_35	SYMPTOM	865	885	dry mucous membranes
endocrinology_type 1 diabetes_35	SYMPTOM	890	911	decreased skin turgor
endocrinology_type 1 diabetes_35	OBSERVATION	1034	1053	Diagnostic Findings
endocrinology_type 1 diabetes_35	PROCEDURE	1059	1087	Fasting Plasma Glucose (FPG)
endocrinology_type 1 diabetes_35	PROCEDURE	1219	1229	Urinalysis
endocrinology_type 1 diabetes_35	DISEASE	1239	1249	glycosuria
endocrinology_type 1 diabetes_35	DISEASE	1254	1263	ketonuria
endocrinology_type 1 diabetes_35	DISEASE	1306	1330	Type 1 Diabetes Mellitus
endocrinology_type 1 diabetes_35	PROCEDURE	1425	1440	insulin therapy
endocrinology_type 1 diabetes_35	PROCEDURE	1485	1512	basal-bolus insulin regimen
endocrinology_type 1 diabetes_35	MEDICATION	1527	1543	Insulin Glargine
endocrinology_type 1 diabetes_35	MEDICATION	1601	1615	Insulin Lispro
endocrinology_type 1 diabetes_35	PROCEDURE	1869	1903	monitoring of blood glucose levels
endocrinology_type 1 diabetes_36	DISEASE	333	357	Type 1 Diabetes Mellitus
endocrinology_type 1 diabetes_36	SYMPTOM	531	539	polyuria
endocrinology_type 1 diabetes_36	SYMPTOM	541	551	polydipsia
endocrinology_type 1 diabetes_36	SYMPTOM	557	580	unexplained weight loss
endocrinology_type 1 diabetes_36	PROCEDURE	602	621	Initial examination
endocrinology_type 1 diabetes_36	OBSERVATION	823	842	Diagnostic Findings
endocrinology_type 1 diabetes_36	PROCEDURE	865	891	series of diagnostic tests
endocrinology_type 1 diabetes_36	PROCEDURE	1042	1056	C-Peptide Test
endocrinology_type 1 diabetes_36	SYMPTOM	1060	1070	Low levels
endocrinology_type 1 diabetes_36	SYMPTOM	1083	1111	decreased insulin production
endocrinology_type 1 diabetes_36	DISEASE	1164	1188	Type 1 Diabetes Mellitus
endocrinology_type 1 diabetes_36	PROCEDURE	1308	1323	insulin therapy
endocrinology_type 1 diabetes_36	PROCEDURE	1436	1463	basal-bolus insulin regimen
endocrinology_type 1 diabetes_36	MEDICATION	1480	1496	Insulin Glargine
endocrinology_type 1 diabetes_36	MEDICATION	1498	1504	Lantus
endocrinology_type 1 diabetes_36	PROCEDURE	1548	1562	basal coverage
endocrinology_type 1 diabetes_36	MEDICATION	1568	1582	Insulin Lispro
endocrinology_type 1 diabetes_36	MEDICATION	1584	1591	Humalog
endocrinology_type 1 diabetes_37	SYMPTOM	408	416	polyuria
endocrinology_type 1 diabetes_37	SYMPTOM	418	428	polydipsia
endocrinology_type 1 diabetes_37	SYMPTOM	434	457	unexplained weight loss
endocrinology_type 1 diabetes_37	OBSERVATION	492	510	initial assessment
endocrinology_type 1 diabetes_37	DISEASE	515	546	elevated blood glucose readings
endocrinology_type 1 diabetes_37	DISEASE	575	592	diabetes mellitus
endocrinology_type 1 diabetes_37	OBSERVATION	612	631	Diagnostic Findings
endocrinology_type 1 diabetes_37	PROCEDURE	653	669	laboratory tests
endocrinology_type 1 diabetes_37	PROCEDURE	694	722	Fasting Plasma Glucose (FPG)
endocrinology_type 1 diabetes_37	OBSERVATION	826	878	significantly above the diabetes diagnostic criteria
endocrinology_type 1 diabetes_37	SYMPTOM	928	936	symptoms
endocrinology_type 1 diabetes_37	DISEASE	938	962	Type 1 Diabetes Mellitus
endocrinology_type 1 diabetes_37	PROCEDURE	981	1015	Oral Glucose Tolerance Test (OGTT)
endocrinology_type 1 diabetes_37	PROCEDURE	1100	1120	Autoantibody testing
endocrinology_type 1 diabetes_37	DISEASE	1135	1152	autoimmune nature
endocrinology_type 1 diabetes_37	PROCEDURE	1253	1268	insulin therapy
endocrinology_type 1 diabetes_37	PROCEDURE	1307	1334	basal-bolus insulin regimen
endocrinology_type 1 diabetes_37	MEDICATION	1364	1392	long-acting insulin glargine
endocrinology_type 1 diabetes_37	MEDICATION	1417	1444	rapid-acting insulin lispro
endocrinology_type 1 diabetes_37	PROCEDURE	1515	1550	continuous glucose monitoring (CGM)
endocrinology_type 1 diabetes_37	OBSERVATION	1791	1842	recognizing signs of hypoglycemia and hyperglycemia
endocrinology_type 1 diabetes_37	PROCEDURE	1916	1952	screening for diabetic complications
endocrinology_type 1 diabetes_37	PROCEDURE	1971	1996	thorough foot examination
endocrinology_type 1 diabetes_37	PROCEDURE	1998	2021	funduscopic examination
endocrinology_type 1 diabetes_37	PROCEDURE	2049	2078	baseline renal function tests
endocrinology_type 1 diabetes_38	DISEASE	228	245	Diabetes Mellitus
endocrinology_type 1 diabetes_38	DISEASE	265	289	Type 1 Diabetes Mellitus
endocrinology_type 1 diabetes_38	SYMPTOM	491	499	polyuria
endocrinology_type 1 diabetes_38	SYMPTOM	501	511	polydipsia
endocrinology_type 1 diabetes_38	SYMPTOM	517	542	unintentional weight loss
endocrinology_type 1 diabetes_38	OBSERVATION	589	610	clinical presentation
endocrinology_type 1 diabetes_38	PROCEDURE	614	640	series of diagnostic tests
endocrinology_type 1 diabetes_38	OBSERVATION	676	695	Diagnostic Findings
endocrinology_type 1 diabetes_38	PROCEDURE	705	733	Fasting Plasma Glucose (FPG)
endocrinology_type 1 diabetes_38	OBSERVATION	807	829	suggestive of diabetes
endocrinology_type 1 diabetes_38	DISEASE	951	968	diabetes mellitus
endocrinology_type 1 diabetes_38	PROCEDURE	974	1011	Oral Glucose Tolerance Testing (OGTT)
endocrinology_type 1 diabetes_38	PROCEDURE	1092	1113	Random Plasma Glucose
endocrinology_type 1 diabetes_38	PROCEDURE	1142	1171	random plasma glucose reading
endocrinology_type 1 diabetes_38	OBSERVATION	1201	1233	further supporting the diagnosis
endocrinology_type 1 diabetes_38	PROCEDURE	1239	1255	Additional Tests
endocrinology_type 1 diabetes_38	PROCEDURE	1259	1277	Autoantibody tests
endocrinology_type 1 diabetes_38	DISEASE	1322	1346	type 1 diabetes mellitus
endocrinology_type 1 diabetes_38	PROCEDURE	1436	1451	insulin therapy
endocrinology_type 1 diabetes_38	DISEASE	1462	1475	hyperglycemia
endocrinology_type 1 diabetes_38	MEDICATION	1559	1572	Basal Insulin
endocrinology_type 1 diabetes_38	MEDICATION	1576	1592	Insulin glargine
endocrinology_type 1 diabetes_38	MEDICATION	1634	1647	Bolus Insulin
endocrinology_type 1 diabetes_38	MEDICATION	1651	1665	Insulin lispro
endocrinology_type 1 diabetes_39	SYMPTOM	293	313	symptoms of polyuria
endocrinology_type 1 diabetes_39	SYMPTOM	315	325	polydipsia
endocrinology_type 1 diabetes_39	SYMPTOM	327	350	unexplained weight loss
endocrinology_type 1 diabetes_39	SYMPTOM	356	371	general fatigue
endocrinology_type 1 diabetes_39	DISEASE	553	570	diabetes mellitus
endocrinology_type 1 diabetes_39	SYMPTOM	628	645	urinary frequency
endocrinology_type 1 diabetes_39	SYMPTOM	659	681	noticeable weight loss
endocrinology_type 1 diabetes_39	SYMPTOM	716	747	despite an increase in appetite
endocrinology_type 1 diabetes_39	DISEASE	851	865	hypothyroidism
endocrinology_type 1 diabetes_39	MEDICATION	886	899	levothyroxine
endocrinology_type 1 diabetes_39	PROCEDURE	904	924	Physical Examination
endocrinology_type 1 diabetes_39	SYMPTOM	982	993	Vital signs
endocrinology_type 1 diabetes_39	SYMPTOM	1031	1054	elevated blood pressure
endocrinology_type 1 diabetes_39	PROCEDURE	1107	1127	Physical examination
endocrinology_type 1 diabetes_39	OBSERVATION	1132	1154	otherwise unremarkable
endocrinology_type 1 diabetes_39	SYMPTOM	1161	1230	no signs of diabetic ketoacidosis or hyperglycemic hyperosmolar state
endocrinology_type 1 diabetes_39	PROCEDURE	1438	1448	Urinalysis
endocrinology_type 1 diabetes_39	DISEASE	1456	1480	glycosuria and ketonuria
endocrinology_type 1 diabetes_39	DISEASE	1484	1500	C-Peptide levels
endocrinology_type 1 diabetes_39	DISEASE	1519	1548	indicating insulin deficiency
endocrinology_type 1 diabetes_39	DISEASE	1607	1631	Type 1 Diabetes Mellitus
endocrinology_type 1 diabetes_39	PROCEDURE	1715	1730	Hospital Course
endocrinology_type 1 diabetes_39	DISEASE	1753	1777	Type 1 Diabetes Mellitus
endocrinology_type 1 diabetes_4	DISEASE	281	305	Type 1 Diabetes Mellitus
endocrinology_type 1 diabetes_4	SYMPTOM	501	523	symptoms of polydipsia
endocrinology_type 1 diabetes_4	SYMPTOM	525	533	polyuria
endocrinology_type 1 diabetes_4	SYMPTOM	539	576	significant unintentional weight loss
endocrinology_type 1 diabetes_4	SYMPTOM	634	648	blurred vision
endocrinology_type 1 diabetes_4	SYMPTOM	653	660	fatigue
endocrinology_type 1 diabetes_4	OBSERVATION	722	749	his vital signs were stable
endocrinology_type 1 diabetes_4	OBSERVATION	755	777	his overall appearance
endocrinology_type 1 diabetes_4	SYMPTOM	818	826	symptoms
endocrinology_type 1 diabetes_4	DISEASE	981	1007	uncontrolled hyperglycemia
endocrinology_type 1 diabetes_4	PROCEDURE	1013	1040	Oral Glucose Tolerance Test
endocrinology_type 1 diabetes_4	PROCEDURE	1175	1189	C-Peptide Test
endocrinology_type 1 diabetes_4	DISEASE	1193	1203	Low levels
endocrinology_type 1 diabetes_4	DISEASE	1216	1242	reduced insulin production
endocrinology_type 1 diabetes_4	PROCEDURE	1248	1268	Autoantibody Testing
endocrinology_type 1 diabetes_4	DISEASE	1343	1367	Type 1 Diabetes Mellitus
endocrinology_type 1 diabetes_4	PROCEDURE	1373	1396	Funduscopic Examination
endocrinology_type 1 diabetes_4	OBSERVATION	1400	1432	No signs of retinopathy detected
endocrinology_type 1 diabetes_4	PROCEDURE	1438	1454	Foot Examination
endocrinology_type 1 diabetes_4	OBSERVATION	1458	1464	Normal
endocrinology_type 1 diabetes_4	OBSERVATION	1466	1499	no signs of peripheral neuropathy
endocrinology_type 1 diabetes_4	PROCEDURE	1598	1611	Lipid Profile
endocrinology_type 1 diabetes_4	DISEASE	1615	1648	LDL cholesterol slightly elevated
endocrinology_type 1 diabetes_4	MEDICATION	1650	1664	statin therapy
endocrinology_type 1 diabetes_4	PROCEDURE	1679	1698	Treatment Initiated
endocrinology_type 1 diabetes_40	PROCEDURE	200	209	Diagnosis
endocrinology_type 1 diabetes_40	DISEASE	213	237	Type 1 Diabetes Mellitus
endocrinology_type 1 diabetes_40	SYMPTOM	357	365	polyuria
endocrinology_type 1 diabetes_40	SYMPTOM	367	377	polydipsia
endocrinology_type 1 diabetes_40	SYMPTOM	383	405	unexpected weight loss
endocrinology_type 1 diabetes_40	SYMPTOM	443	454	vital signs
endocrinology_type 1 diabetes_40	PROCEDURE	472	496	initial laboratory tests
endocrinology_type 1 diabetes_40	PROCEDURE	521	549	Fasting Plasma Glucose (FPG)
endocrinology_type 1 diabetes_40	PROCEDURE	591	625	Oral Glucose Tolerance Test (OGTT)
endocrinology_type 1 diabetes_40	OBSERVATION	631	658	Initial Laboratory Findings
endocrinology_type 1 diabetes_40	PROCEDURE	706	710	OGTT
endocrinology_type 1 diabetes_40	DISEASE	714	737	Abnormal at 2-hour mark
endocrinology_type 1 diabetes_40	PROCEDURE	767	776	diagnosis
endocrinology_type 1 diabetes_40	DISEASE	780	804	Type 1 Diabetes Mellitus
endocrinology_type 1 diabetes_40	PROCEDURE	838	853	insulin therapy
endocrinology_type 1 diabetes_40	MEDICATION	917	941	Basal Insulin (Glargine)
endocrinology_type 1 diabetes_40	MEDICATION	969	991	Bolus Insulin (Aspart)
endocrinology_type 1 diabetes_40	PROCEDURE	1687	1710	Complications Screening
endocrinology_type 1 diabetes_40	PROCEDURE	1718	1734	Foot Examination
endocrinology_type 1 diabetes_40	OBSERVATION	1738	1771	No signs of peripheral neuropathy
endocrinology_type 1 diabetes_40	PROCEDURE	1777	1800	Funduscopic Examination
endocrinology_type 1 diabetes_41	SYMPTOM	371	387	excessive thirst
endocrinology_type 1 diabetes_41	SYMPTOM	389	407	frequent urination
endocrinology_type 1 diabetes_41	SYMPTOM	413	450	significant unintentional weight loss
endocrinology_type 1 diabetes_41	SYMPTOM	610	618	polyuria
endocrinology_type 1 diabetes_41	SYMPTOM	620	630	polydipsia
endocrinology_type 1 diabetes_41	DISEASE	786	807	diabetic ketoacidosis
endocrinology_type 1 diabetes_41	SYMPTOM	839	853	fatigue levels
endocrinology_type 1 diabetes_41	SYMPTOM	858	872	blurred vision
endocrinology_type 1 diabetes_41	PROCEDURE	962	974	Vaccinations
endocrinology_type 1 diabetes_41	MEDICATION	1012	1036	Medications on Admission
endocrinology_type 1 diabetes_41	MEDICATION	1040	1044	None
endocrinology_type 1 diabetes_41	PROCEDURE	1061	1084	No known drug allergies
endocrinology_type 1 diabetes_41	PROCEDURE	1089	1109	Physical Examination
endocrinology_type 1 diabetes_41	OBSERVATION	1285	1318	No retinal abnormalities observed
endocrinology_type 1 diabetes_41	OBSERVATION	1472	1499	Peripheral pulses were good
endocrinology_type 1 diabetes_41	PROCEDURE	1504	1535	Laboratory and Diagnostic Tests
endocrinology_type 1 diabetes_41	PROCEDURE	1622	1632	Urinalysis
endocrinology_type 1 diabetes_41	OBSERVATION	1634	1666	Positive for glucose and ketones
endocrinology_type 1 diabetes_41	PROCEDURE	1669	1684	C-Peptide Level
endocrinology_type 1 diabetes_41	OBSERVATION	1686	1689	Low
endocrinology_type 1 diabetes_41	DISEASE	1692	1738	Autoantibodies associated with type 1 diabetes
endocrinology_type 1 diabetes_42	SYMPTOM	396	416	symptoms of polyuria
endocrinology_type 1 diabetes_42	SYMPTOM	418	428	polydipsia
endocrinology_type 1 diabetes_42	SYMPTOM	430	453	unexplained weight loss
endocrinology_type 1 diabetes_42	SYMPTOM	459	474	general fatigue
endocrinology_type 1 diabetes_42	DISEASE	546	568	autoimmune thyroiditis
endocrinology_type 1 diabetes_42	SYMPTOM	663	674	vital signs
endocrinology_type 1 diabetes_42	OBSERVATION	692	744	the patient appeared dehydrated and in mild distress
endocrinology_type 1 diabetes_42	SYMPTOM	752	760	symptoms
endocrinology_type 1 diabetes_42	OBSERVATION	765	784	Diagnostic Findings
endocrinology_type 1 diabetes_42	PROCEDURE	885	912	Oral Glucose Tolerance Test
endocrinology_type 1 diabetes_42	DISEASE	1077	1080	Low
endocrinology_type 1 diabetes_42	SYMPTOM	1127	1141	Autoantibodies
endocrinology_type 1 diabetes_42	OBSERVATION	1145	1179	Positive for islet cell antibodies
endocrinology_type 1 diabetes_42	OBSERVATION	1181	1214	confirming an autoimmune etiology
endocrinology_type 1 diabetes_42	DISEASE	1257	1281	type 1 diabetes mellitus
endocrinology_type 1 diabetes_42	PROCEDURE	1295	1310	Hospital Course
endocrinology_type 1 diabetes_42	PROCEDURE	1316	1381	The patient was immediately started on an insulin therapy regimen
endocrinology_type 1 diabetes_42	MEDICATION	1402	1415	Basal Insulin
endocrinology_type 1 diabetes_42	MEDICATION	1419	1435	Insulin Glargine
endocrinology_type 1 diabetes_42	MEDICATION	1477	1490	Bolus Insulin
endocrinology_type 1 diabetes_42	MEDICATION	1494	1508	Insulin Lispro
endocrinology_type 1 diabetes_42	OBSERVATION	1627	1684	The patient's blood glucose levels were closely monitored
endocrinology_type 1 diabetes_42	PROCEDURE	1764	1799	The patient also received IV fluids
endocrinology_type 1 diabetes_42	SYMPTOM	5109	5129	symptoms of polyuria
endocrinology_type 1 diabetes_42	SYMPTOM	5131	5141	polydipsia
endocrinology_type 1 diabetes_42	SYMPTOM	5143	5166	unexplained weight loss
endocrinology_type 1 diabetes_42	SYMPTOM	5172	5187	general fatigue
endocrinology_type 1 diabetes_42	DISEASE	5259	5281	autoimmune thyroiditis
endocrinology_type 1 diabetes_42	SYMPTOM	5376	5387	vital signs
endocrinology_type 1 diabetes_42	OBSERVATION	5405	5457	the patient appeared dehydrated and in mild distress
endocrinology_type 1 diabetes_42	SYMPTOM	5465	5473	symptoms
endocrinology_type 1 diabetes_42	OBSERVATION	5478	5497	Diagnostic Findings
endocrinology_type 1 diabetes_42	PROCEDURE	5598	5625	Oral Glucose Tolerance Test
endocrinology_type 1 diabetes_42	DISEASE	5790	5793	Low
endocrinology_type 1 diabetes_42	SYMPTOM	5840	5854	Autoantibodies
endocrinology_type 1 diabetes_42	OBSERVATION	5858	5892	Positive for islet cell antibodies
endocrinology_type 1 diabetes_42	OBSERVATION	5894	5927	confirming an autoimmune etiology
endocrinology_type 1 diabetes_42	DISEASE	5970	5994	type 1 diabetes mellitus
endocrinology_type 1 diabetes_42	PROCEDURE	6008	6023	Hospital Course
endocrinology_type 1 diabetes_42	PROCEDURE	6029	6094	The patient was immediately started on an insulin therapy regimen
endocrinology_type 1 diabetes_42	MEDICATION	6115	6128	Basal Insulin
endocrinology_type 1 diabetes_42	MEDICATION	6132	6148	Insulin Glargine
endocrinology_type 1 diabetes_42	MEDICATION	6190	6203	Bolus Insulin
endocrinology_type 1 diabetes_42	MEDICATION	6207	6221	Insulin Lispro
endocrinology_type 1 diabetes_42	OBSERVATION	6340	6397	The patient's blood glucose levels were closely monitored
endocrinology_type 1 diabetes_42	PROCEDURE	6477	6512	The patient also received IV fluids
endocrinology_type 1 diabetes_43	DISEASE	268	292	Type 1 Diabetes Mellitus
endocrinology_type 1 diabetes_43	SYMPTOM	476	484	polyuria
endocrinology_type 1 diabetes_43	SYMPTOM	486	496	polydipsia
endocrinology_type 1 diabetes_43	SYMPTOM	502	527	unintentional weight loss
endocrinology_type 1 diabetes_43	OBSERVATION	554	621	The patient appeared clinically dehydrated and in moderate distress
endocrinology_type 1 diabetes_43	OBSERVATION	623	701	Vital signs on admission were within normal limits except for mild tachycardia
endocrinology_type 1 diabetes_43	OBSERVATION	806	825	Diagnostic Findings
endocrinology_type 1 diabetes_43	PROCEDURE	1096	1130	Oral Glucose Tolerance Test (OGTT)
endocrinology_type 1 diabetes_43	PROCEDURE	1221	1231	Urinalysis
endocrinology_type 1 diabetes_43	SYMPTOM	1239	1263	glycosuria and ketonuria
endocrinology_type 1 diabetes_43	DISEASE	1279	1291	ketoacidosis
endocrinology_type 1 diabetes_43	DISEASE	1464	1479	type 1 diabetes
endocrinology_type 1 diabetes_43	DISEASE	1503	1515	ketoacidosis
endocrinology_type 1 diabetes_43	PROCEDURE	1517	1535	Intravenous fluids
endocrinology_type 1 diabetes_43	PROCEDURE	1603	1620	metabolic control
endocrinology_type 1 diabetes_43	DISEASE	1692	1704	ketoacidosis
endocrinology_type 1 diabetes_43	PROCEDURE	1803	1849	transitioning to a basal-bolus insulin regimen
endocrinology_type 1 diabetes_43	MEDICATION	1864	1880	Insulin Glargine
endocrinology_type 1 diabetes_43	MEDICATION	1938	1952	Insulin Lispro
endocrinology_type 1 diabetes_44	SYMPTOM	401	409	polyuria
endocrinology_type 1 diabetes_44	SYMPTOM	411	421	polydipsia
endocrinology_type 1 diabetes_44	SYMPTOM	423	448	unintentional weight loss
endocrinology_type 1 diabetes_44	SYMPTOM	487	502	general fatigue
endocrinology_type 1 diabetes_44	SYMPTOM	542	556	blurred vision
endocrinology_type 1 diabetes_44	SYMPTOM	665	681	Initial symptoms
endocrinology_type 1 diabetes_44	DISEASE	838	846	diabetes
endocrinology_type 1 diabetes_44	DISEASE	885	899	Hypothyroidism
endocrinology_type 1 diabetes_44	PROCEDURE	901	940	managed with levothyroxine 50 mcg daily
endocrinology_type 1 diabetes_44	OBSERVATION	944	967	No known drug allergies
endocrinology_type 1 diabetes_44	PROCEDURE	972	992	Physical Examination
endocrinology_type 1 diabetes_44	OBSERVATION	1069	1087	General Appearance
endocrinology_type 1 diabetes_44	OBSERVATION	1091	1149	The patient appeared dehydrated but was alert and oriented
endocrinology_type 1 diabetes_44	SYMPTOM	1155	1159	Skin
endocrinology_type 1 diabetes_44	OBSERVATION	1163	1166	Dry
endocrinology_type 1 diabetes_44	OBSERVATION	1168	1188	no rashes or lesions
endocrinology_type 1 diabetes_44	SYMPTOM	1194	1208	Cardiovascular
endocrinology_type 1 diabetes_44	OBSERVATION	1212	1235	Regular rate and rhythm
endocrinology_type 1 diabetes_44	OBSERVATION	1237	1247	no murmurs
endocrinology_type 1 diabetes_44	SYMPTOM	1253	1264	Respiratory
endocrinology_type 1 diabetes_44	OBSERVATION	1268	1301	Clear to auscultation bilaterally
endocrinology_type 1 diabetes_44	SYMPTOM	1307	1319	Neurological
endocrinology_type 1 diabetes_44	OBSERVATION	1323	1351	Cranial nerves II-XII intact
endocrinology_type 1 diabetes_44	OBSERVATION	1353	1375	normal muscle strength
endocrinology_type 1 diabetes_44	OBSERVATION	1377	1392	reflexes normal
endocrinology_type 1 diabetes_44	PROCEDURE	1397	1414	Diagnostic Workup
endocrinology_type 1 diabetes_44	PROCEDURE	1513	1540	Oral Glucose Tolerance Test
endocrinology_type 1 diabetes_45	DISEASE	265	289	Type 1 Diabetes Mellitus
endocrinology_type 1 diabetes_45	SYMPTOM	453	469	excessive thirst
endocrinology_type 1 diabetes_45	SYMPTOM	471	489	frequent urination
endocrinology_type 1 diabetes_45	SYMPTOM	491	509	sudden weight loss
endocrinology_type 1 diabetes_45	SYMPTOM	515	530	general fatigue
endocrinology_type 1 diabetes_45	OBSERVATION	542	563	clinical presentation
endocrinology_type 1 diabetes_45	PROCEDURE	567	593	series of diagnostic tests
endocrinology_type 1 diabetes_45	DISEASE	637	654	diabetes mellitus
endocrinology_type 1 diabetes_45	OBSERVATION	659	678	Diagnostic Findings
endocrinology_type 1 diabetes_45	DISEASE	954	978	type 1 diabetes mellitus
endocrinology_type 1 diabetes_45	PROCEDURE	1027	1042	insulin therapy
endocrinology_type 1 diabetes_45	PROCEDURE	1156	1183	basal-bolus insulin regimen
endocrinology_type 1 diabetes_45	MEDICATION	1202	1218	Insulin Glargine
endocrinology_type 1 diabetes_45	MEDICATION	1261	1275	Insulin Lispro
endocrinology_type 1 diabetes_45	PROCEDURE	1499	1514	insulin therapy
endocrinology_type 1 diabetes_46	SYMPTOM	457	473	excessive thirst
endocrinology_type 1 diabetes_46	SYMPTOM	475	493	frequent urination
endocrinology_type 1 diabetes_46	SYMPTOM	495	509	severe fatigue
endocrinology_type 1 diabetes_46	SYMPTOM	515	540	unintentional weight loss
endocrinology_type 1 diabetes_46	SYMPTOM	567	604	family history of autoimmune diseases
endocrinology_type 1 diabetes_46	PROCEDURE	620	641	Diagnostic Evaluation
endocrinology_type 1 diabetes_46	PROCEDURE	732	760	Fasting Plasma Glucose (FPG)
endocrinology_type 1 diabetes_46	PROCEDURE	827	864	Oral Glucose Tolerance Testing (OGTT)
endocrinology_type 1 diabetes_46	DISEASE	1047	1071	Type 1 Diabetes Mellitus
endocrinology_type 1 diabetes_46	PROCEDURE	1073	1093	Further examinations
endocrinology_type 1 diabetes_46	PROCEDURE	1103	1125	annual screening tests
endocrinology_type 1 diabetes_46	PROCEDURE	1154	1220	revealing no current signs of peripheral neuropathy or retinopathy
endocrinology_type 1 diabetes_46	PROCEDURE	1222	1245	Serum creatinine levels
endocrinology_type 1 diabetes_46	PROCEDURE	1252	1267	spot urine test
endocrinology_type 1 diabetes_46	OBSERVATION	1284	1316	indicated normal kidney function
endocrinology_type 1 diabetes_46	PROCEDURE	1378	1401	insulin therapy regimen
endocrinology_type 1 diabetes_46	MEDICATION	1464	1477	Basal Insulin
endocrinology_type 1 diabetes_46	MEDICATION	1481	1497	Insulin Glargine
endocrinology_type 1 diabetes_46	MEDICATION	1524	1537	Bolus Insulin
endocrinology_type 1 diabetes_46	MEDICATION	1541	1555	Insulin Lispro
endocrinology_type 1 diabetes_47	SYMPTOM	360	368	polyuria
endocrinology_type 1 diabetes_47	SYMPTOM	370	380	polydipsia
endocrinology_type 1 diabetes_47	SYMPTOM	382	405	unexplained weight loss
endocrinology_type 1 diabetes_47	SYMPTOM	411	426	general fatigue
endocrinology_type 1 diabetes_47	OBSERVATION	463	484	clinical presentation
endocrinology_type 1 diabetes_47	PROCEDURE	488	517	comprehensive metabolic panel
endocrinology_type 1 diabetes_47	PROCEDURE	524	550	series of diagnostic tests
endocrinology_type 1 diabetes_47	DISEASE	580	597	diabetes mellitus
endocrinology_type 1 diabetes_47	PROCEDURE	767	781	C-Peptide Test
endocrinology_type 1 diabetes_47	SYMPTOM	785	795	Low levels
endocrinology_type 1 diabetes_47	SYMPTOM	807	833	reduced insulin production
endocrinology_type 1 diabetes_47	DISEASE	841	855	Autoantibodies
endocrinology_type 1 diabetes_47	DISEASE	859	893	Positive for islet cell antibodies
endocrinology_type 1 diabetes_47	DISEASE	906	930	type 1 diabetes mellitus
endocrinology_type 1 diabetes_47	DISEASE	985	1009	type 1 diabetes mellitus
endocrinology_type 1 diabetes_47	PROCEDURE	1014	1037	insulin therapy regimen
endocrinology_type 1 diabetes_47	MEDICATION	1089	1102	Basal Insulin
endocrinology_type 1 diabetes_47	MEDICATION	1106	1122	Insulin glargine
endocrinology_type 1 diabetes_47	MEDICATION	1163	1176	Bolus Insulin
endocrinology_type 1 diabetes_47	MEDICATION	1180	1194	Insulin lispro
endocrinology_type 1 diabetes_47	PROCEDURE	1311	1331	Dietary Consultation
endocrinology_type 1 diabetes_48	DISEASE	203	220	Diabetes Mellitus
endocrinology_type 1 diabetes_48	DISEASE	247	264	Diabetes Mellitus
endocrinology_type 1 diabetes_48	SYMPTOM	382	390	polyuria
endocrinology_type 1 diabetes_48	SYMPTOM	392	402	polydipsia
endocrinology_type 1 diabetes_48	SYMPTOM	408	445	significant unintentional weight loss
endocrinology_type 1 diabetes_48	PROCEDURE	472	496	Initial laboratory tests
endocrinology_type 1 diabetes_48	DISEASE	630	647	diabetes mellitus
endocrinology_type 1 diabetes_48	OBSERVATION	674	695	clinical presentation
endocrinology_type 1 diabetes_48	OBSERVATION	701	719	absence of obesity
endocrinology_type 1 diabetes_48	DISEASE	721	736	type 1 diabetes
endocrinology_type 1 diabetes_48	PROCEDURE	780	798	Subsequent testing
endocrinology_type 1 diabetes_48	PROCEDURE	808	824	C-peptide levels
endocrinology_type 1 diabetes_48	DISEASE	829	843	autoantibodies
endocrinology_type 1 diabetes_48	DISEASE	890	905	type 1 diabetes
endocrinology_type 1 diabetes_48	PROCEDURE	946	961	insulin therapy
endocrinology_type 1 diabetes_48	DISEASE	972	985	hyperglycemia
endocrinology_type 1 diabetes_48	PROCEDURE	989	1008	basal-bolus regimen
endocrinology_type 1 diabetes_48	MEDICATION	1028	1044	insulin glargine
endocrinology_type 1 diabetes_48	MEDICATION	1088	1102	insulin lispro
endocrinology_type 1 diabetes_48	MEDICATION	1285	1297	oral glucose
endocrinology_type 1 diabetes_48	PROCEDURE	1544	1566	insulin administration
endocrinology_type 1 diabetes_48	PROCEDURE	1868	1904	Screening for diabetic complications
endocrinology_type 1 diabetes_48	PROCEDURE	1916	1941	thorough foot examination
endocrinology_type 1 diabetes_48	OBSERVATION	1956	1989	no signs of peripheral neuropathy
endocrinology_type 1 diabetes_48	PROCEDURE	2034	2057	funduscopic examination
endocrinology_type 1 diabetes_48	PROCEDURE	2094	2107	Urine testing
endocrinology_type 1 diabetes_48	PROCEDURE	2130	2158	serum creatinine measurement
endocrinology_type 1 diabetes_49	SYMPTOM	392	400	polyuria
endocrinology_type 1 diabetes_49	SYMPTOM	402	412	polydipsia
endocrinology_type 1 diabetes_49	SYMPTOM	414	437	unexplained weight loss
endocrinology_type 1 diabetes_49	SYMPTOM	443	458	general fatigue
endocrinology_type 1 diabetes_49	OBSERVATION	639	660	clinical presentation
endocrinology_type 1 diabetes_49	DISEASE	689	713	type 1 diabetes mellitus
endocrinology_type 1 diabetes_49	PROCEDURE	847	881	Oral Glucose Tolerance Test (OGTT)
endocrinology_type 1 diabetes_49	PROCEDURE	963	991	Random plasma glucose levels
endocrinology_type 1 diabetes_49	DISEASE	1002	1015	hyperglycemia
endocrinology_type 1 diabetes_49	DISEASE	1060	1088	No ketonuria or ketoacidosis
endocrinology_type 1 diabetes_49	PROCEDURE	1132	1188	Comprehensive metabolic panel and thyroid function tests
endocrinology_type 1 diabetes_49	PROCEDURE	1223	1247	initial foot examination
endocrinology_type 1 diabetes_49	OBSERVATION	1255	1288	no signs of peripheral neuropathy
endocrinology_type 1 diabetes_49	PROCEDURE	1294	1317	Funduscopic examination
endocrinology_type 1 diabetes_49	DISEASE	1349	1363	no retinopathy
endocrinology_type 1 diabetes_49	PROCEDURE	1369	1382	Urine testing
endocrinology_type 1 diabetes_49	PROCEDURE	1403	1431	serum creatinine measurement
endocrinology_type 1 diabetes_49	DISEASE	1442	1464	normal kidney function
endocrinology_type 1 diabetes_49	PROCEDURE	1470	1483	Lipid profile
endocrinology_type 1 diabetes_49	PROCEDURE	1663	1678	insulin therapy
endocrinology_type 1 diabetes_49	DISEASE	1693	1706	hyperglycemia
endocrinology_type 1 diabetes_49	MEDICATION	1744	1757	Basal Insulin
endocrinology_type 1 diabetes_49	MEDICATION	1761	1777	Insulin Glargine
endocrinology_type 1 diabetes_49	MEDICATION	1820	1833	Bolus Insulin
endocrinology_type 1 diabetes_49	MEDICATION	1837	1851	Insulin Lispro
endocrinology_type 1 diabetes_5	SYMPTOM	332	352	symptoms of polyuria
endocrinology_type 1 diabetes_5	SYMPTOM	354	364	polydipsia
endocrinology_type 1 diabetes_5	SYMPTOM	366	389	unexplained weight loss
endocrinology_type 1 diabetes_5	SYMPTOM	395	410	general fatigue
endocrinology_type 1 diabetes_5	SYMPTOM	556	573	increasing thirst
endocrinology_type 1 diabetes_5	SYMPTOM	575	593	frequent urination
endocrinology_type 1 diabetes_5	OBSERVATION	643	689	She also noted a decrease in her energy levels
endocrinology_type 1 diabetes_5	OBSERVATION	691	721	affecting her daily activities
endocrinology_type 1 diabetes_5	SYMPTOM	807	815	symptoms
endocrinology_type 1 diabetes_5	PROCEDURE	850	871	Diagnostic Evaluation
endocrinology_type 1 diabetes_5	PROCEDURE	893	917	initial laboratory tests
endocrinology_type 1 diabetes_5	DISEASE	1068	1085	diabetes mellitus
endocrinology_type 1 diabetes_5	SYMPTOM	1124	1132	symptoms
endocrinology_type 1 diabetes_5	DISEASE	1134	1149	type 1 diabetes
endocrinology_type 1 diabetes_5	PROCEDURE	1168	1202	oral glucose tolerance test (OGTT)
endocrinology_type 1 diabetes_5	DISEASE	1307	1332	C-peptide levels were low
endocrinology_type 1 diabetes_5	DISEASE	1369	1384	type 1 diabetes
endocrinology_type 1 diabetes_5	OBSERVATION	1417	1449	further supporting the diagnosis
endocrinology_type 1 diabetes_5	PROCEDURE	1478	1504	complete blood count (CBC)
endocrinology_type 1 diabetes_5	PROCEDURE	1506	1526	renal function tests
endocrinology_type 1 diabetes_5	PROCEDURE	1532	1545	lipid profile
endocrinology_type 1 diabetes_5	DISEASE	1583	1605	elevated triglycerides
endocrinology_type 1 diabetes_5	DISEASE	1679	1696	diabetes mellitus
endocrinology_type 1 diabetes_5	PROCEDURE	1742	1757	insulin therapy
endocrinology_type 1 diabetes_5	MEDICATION	1774	1796	basal insulin glargine
endocrinology_type 1 diabetes_5	MEDICATION	1821	1844	prandial insulin lispro
endocrinology_type 1 diabetes_6	DISEASE	339	363	Type 1 Diabetes Mellitus
endocrinology_type 1 diabetes_6	SYMPTOM	548	556	polyuria
endocrinology_type 1 diabetes_6	SYMPTOM	558	568	polydipsia
endocrinology_type 1 diabetes_6	SYMPTOM	574	599	unintentional weight loss
endocrinology_type 1 diabetes_6	DISEASE	833	850	diabetes mellitus
endocrinology_type 1 diabetes_6	PROCEDURE	1097	1124	oral glucose tolerance test
endocrinology_type 1 diabetes_6	DISEASE	1149	1167	insulin deficiency
endocrinology_type 1 diabetes_6	DISEASE	1169	1194	C-peptide levels were low
endocrinology_type 1 diabetes_6	DISEASE	1271	1286	type 1 diabetes
endocrinology_type 1 diabetes_6	PROCEDURE	1317	1332	insulin therapy
endocrinology_type 1 diabetes_6	PROCEDURE	1350	1369	basal-bolus regimen
endocrinology_type 1 diabetes_6	MEDICATION	1380	1396	insulin glargine
endocrinology_type 1 diabetes_6	MEDICATION	1440	1454	insulin lispro
endocrinology_type 1 diabetes_6	SYMPTOM	1785	1810	symptoms of hyperglycemia
endocrinology_type 1 diabetes_7	DISEASE	296	320	Type 1 Diabetes Mellitus
endocrinology_type 1 diabetes_7	SYMPTOM	507	515	polyuria
endocrinology_type 1 diabetes_7	SYMPTOM	517	527	polydipsia
endocrinology_type 1 diabetes_7	SYMPTOM	529	554	unintentional weight loss
endocrinology_type 1 diabetes_7	SYMPTOM	593	608	general fatigue
endocrinology_type 1 diabetes_7	PROCEDURE	610	637	Initial laboratory findings
endocrinology_type 1 diabetes_7	DISEASE	773	797	type 1 diabetes mellitus
endocrinology_type 1 diabetes_7	PROCEDURE	863	886	insulin therapy regimen
endocrinology_type 1 diabetes_7	MEDICATION	942	966	basal insulin (glargine)
endocrinology_type 1 diabetes_7	MEDICATION	1013	1038	prandial insulin (lispro)
endocrinology_type 1 diabetes_7	PROCEDURE	1117	1154	self-monitoring blood glucose results
endocrinology_type 1 diabetes_7	PROCEDURE	1394	1423	continuous glucose monitoring
endocrinology_type 1 diabetes_7	SYMPTOM	1527	1569	symptoms of hypoglycemia and hyperglycemia
endocrinology_type 1 diabetes_7	PROCEDURE	1601	1637	screening for diabetic complications
endocrinology_type 1 diabetes_7	PROCEDURE	1656	1686	comprehensive foot examination
endocrinology_type 1 diabetes_7	PROCEDURE	1690	1713	funduscopic examination
endocrinology_type 1 diabetes_7	PROCEDURE	1741	1762	baseline measurements
endocrinology_type 1 diabetes_7	MEDICATION	1886	1902	Insulin Glargine
endocrinology_type 1 diabetes_8	DISEASE	318	342	Type 1 Diabetes Mellitus
endocrinology_type 1 diabetes_8	PROCEDURE	360	380	Physical Examination
endocrinology_type 1 diabetes_8	SYMPTOM	504	512	polyuria
endocrinology_type 1 diabetes_8	SYMPTOM	514	524	polydipsia
endocrinology_type 1 diabetes_8	SYMPTOM	526	551	unintentional weight loss
endocrinology_type 1 diabetes_8	SYMPTOM	557	572	general fatigue
endocrinology_type 1 diabetes_8	PROCEDURE	596	616	Physical examination
endocrinology_type 1 diabetes_8	SYMPTOM	633	653	dry mucous membranes
endocrinology_type 1 diabetes_8	PROCEDURE	655	679	Initial laboratory tests
endocrinology_type 1 diabetes_8	DISEASE	813	837	Type 1 Diabetes Mellitus
endocrinology_type 1 diabetes_8	PROCEDURE	903	926	insulin therapy regimen
endocrinology_type 1 diabetes_8	PROCEDURE	938	957	basal-bolus insulin
endocrinology_type 1 diabetes_8	MEDICATION	983	991	Glargine
endocrinology_type 1 diabetes_8	MEDICATION	995	1008	basal insulin
endocrinology_type 1 diabetes_8	MEDICATION	1024	1051	pre-prandial Lispro insulin
endocrinology_type 1 diabetes_8	PROCEDURE	1191	1224	finger-stick glucose measurements
endocrinology_type 1 diabetes_8	PROCEDURE	1346	1378	comprehensive diabetes education
endocrinology_type 1 diabetes_8	PROCEDURE	1390	1408	dietary counseling
endocrinology_type 1 diabetes_8	PROCEDURE	1449	1482	insulin administration techniques
endocrinology_type 1 diabetes_8	PROCEDURE	1746	1782	Screening for diabetic complications
endocrinology_type 1 diabetes_8	PROCEDURE	1810	1842	baseline funduscopic examination
endocrinology_type 1 diabetes_8	PROCEDURE	1906	1921	spot urine test
endocrinology_type 1 diabetes_8	DISEASE	1926	1937	albuminuria
endocrinology_type 1 diabetes_8	PROCEDURE	1944	1972	serum creatinine measurement
endocrinology_type 1 diabetes_8	OBSERVATION	2000	2040	suggesting no current kidney involvement
endocrinology_type 1 diabetes_9	DISEASE	360	384	Type 1 Diabetes Mellitus
endocrinology_type 1 diabetes_9	SYMPTOM	713	721	symptoms
endocrinology_type 1 diabetes_9	SYMPTOM	725	733	polyuria
endocrinology_type 1 diabetes_9	SYMPTOM	735	745	polydipsia
endocrinology_type 1 diabetes_9	SYMPTOM	751	774	unexplained weight loss
endocrinology_type 1 diabetes_9	PROCEDURE	801	825	Initial laboratory tests
endocrinology_type 1 diabetes_9	DISEASE	836	849	hyperglycemia
endocrinology_type 1 diabetes_9	DISEASE	857	877	elevated HbA1C level
endocrinology_type 1 diabetes_9	OBSERVATION	946	967	clinical presentation
endocrinology_type 1 diabetes_9	DISEASE	1014	1029	type 2 diabetes
endocrinology_type 1 diabetes_9	OBSERVATION	1033	1054	provisional diagnosis
endocrinology_type 1 diabetes_9	DISEASE	1058	1073	type 1 diabetes
endocrinology_type 1 diabetes_9	PROCEDURE	1088	1111	insulin therapy regimen
endocrinology_type 1 diabetes_9	DISEASE	1143	1156	hyperglycemia
endocrinology_type 1 diabetes_9	SYMPTOM	1170	1178	symptoms
endocrinology_type 1 diabetes_9	MEDICATION	1206	1219	Basal insulin
endocrinology_type 1 diabetes_9	MEDICATION	1223	1239	Insulin glargine
endocrinology_type 1 diabetes_9	MEDICATION	1281	1294	Bolus insulin
endocrinology_type 1 diabetes_9	MEDICATION	1298	1312	Insulin lispro
endocrinology_type 1 diabetes_9	PROCEDURE	1455	1470	insulin therapy
endocrinology_type 1 diabetes_9	DISEASE	1709	1722	hyperglycemia
endocrinology_type 2 diabetes_0	SYMPTOM	515	523	polyuria
endocrinology_type 2 diabetes_0	SYMPTOM	525	535	polydipsia
endocrinology_type 2 diabetes_0	SYMPTOM	541	564	unexplained weight loss
endocrinology_type 2 diabetes_0	SYMPTOM	617	631	blurred vision
endocrinology_type 2 diabetes_0	SYMPTOM	636	676	frequent episodes of nocturnal urination
endocrinology_type 2 diabetes_0	OBSERVATION	723	741	Admission Findings
endocrinology_type 2 diabetes_0	SYMPTOM	763	774	vital signs
endocrinology_type 2 diabetes_0	PROCEDURE	788	808	Physical examination
endocrinology_type 2 diabetes_0	SYMPTOM	848	879	absence of diabetic foot ulcers
endocrinology_type 2 diabetes_0	PROCEDURE	881	905	Initial laboratory tests
endocrinology_type 2 diabetes_0	DISEASE	1023	1044	uncontrolled diabetes
endocrinology_type 2 diabetes_0	PROCEDURE	1048	1068	random glucose value
endocrinology_type 2 diabetes_0	DISEASE	1176	1200	type 2 diabetes mellitus
endocrinology_type 2 diabetes_0	PROCEDURE	1256	1281	initial treatment regimen
endocrinology_type 2 diabetes_0	PROCEDURE	1292	1309	diet modification
endocrinology_type 2 diabetes_0	PROCEDURE	1311	1342	initiation of physical activity
endocrinology_type 2 diabetes_0	PROCEDURE	1348	1388	patient education on diabetes management
endocrinology_type 2 diabetes_0	MEDICATION	1390	1399	Metformin
endocrinology_type 2 diabetes_0	MEDICATION	1758	1780	GLP-1 receptor agonist
endocrinology_type 2 diabetes_0	MEDICATION	1782	1793	semaglutide
endocrinology_type 2 diabetes_1	SYMPTOM	276	291	Chief Complaint
endocrinology_type 2 diabetes_1	SYMPTOM	341	358	persistent thirst
endocrinology_type 2 diabetes_1	SYMPTOM	360	378	frequent urination
endocrinology_type 2 diabetes_1	SYMPTOM	384	414	recent unexplained weight loss
endocrinology_type 2 diabetes_1	SYMPTOM	485	493	symptoms
endocrinology_type 2 diabetes_1	SYMPTOM	591	599	symptoms
endocrinology_type 2 diabetes_1	PROCEDURE	669	690	Diagnostic Assessment
endocrinology_type 2 diabetes_1	PROCEDURE	789	817	Fasting Plasma Glucose (FPG)
endocrinology_type 2 diabetes_1	PROCEDURE	879	906	Oral Glucose Tolerance Test
endocrinology_type 2 diabetes_1	PROCEDURE	975	994	Random Glucose Test
endocrinology_type 2 diabetes_1	PROCEDURE	1079	1105	Urine Test for Albuminuria
endocrinology_type 2 diabetes_1	OBSERVATION	1109	1117	Negative
endocrinology_type 2 diabetes_1	OBSERVATION	1142	1162	Within normal limits
endocrinology_type 2 diabetes_1	PROCEDURE	1167	1180	Lipid Profile
endocrinology_type 2 diabetes_1	DISEASE	1184	1224	Slightly elevated LDL cholesterol levels
endocrinology_type 2 diabetes_1	DISEASE	1281	1305	Type 2 Diabetes Mellitus
endocrinology_type 2 diabetes_1	PROCEDURE	1310	1341	Treatment Initiated in Hospital
endocrinology_type 2 diabetes_1	MEDICATION	1351	1360	Metformin
endocrinology_type 2 diabetes_1	PROCEDURE	1499	1517	Dietary Counseling
endocrinology_type 2 diabetes_1	PROCEDURE	1641	1674	Physical Activity Recommendations
endocrinology_type 2 diabetes_10	SYMPTOM	386	406	symptoms of polyuria
endocrinology_type 2 diabetes_10	SYMPTOM	408	418	polydipsia
endocrinology_type 2 diabetes_10	SYMPTOM	424	447	unexplained weight loss
endocrinology_type 2 diabetes_10	SYMPTOM	487	503	classic symptoms
endocrinology_type 2 diabetes_10	DISEASE	568	585	diabetes mellitus
endocrinology_type 2 diabetes_10	PROCEDURE	604	636	History and Physical Examination
endocrinology_type 2 diabetes_10	OBSERVATION	658	716	the patient was alert and oriented but appeared dehydrated
endocrinology_type 2 diabetes_10	OBSERVATION	718	755	Vital signs were within normal limits
endocrinology_type 2 diabetes_10	DISEASE	770	802	slightly elevated blood pressure
endocrinology_type 2 diabetes_10	DISEASE	880	887	obesity
endocrinology_type 2 diabetes_10	MEDICATION	922	990	no significant use of medications known to affect glucose metabolism
endocrinology_type 2 diabetes_10	OBSERVATION	1004	1023	sedentary lifestyle
endocrinology_type 2 diabetes_10	PROCEDURE	1063	1080	Diagnostic Workup
endocrinology_type 2 diabetes_10	PROCEDURE	1178	1212	Oral Glucose Tolerance Test (OGTT)
endocrinology_type 2 diabetes_10	PROCEDURE	1275	1296	Random Plasma Glucose
endocrinology_type 2 diabetes_10	PROCEDURE	1386	1399	lipid profile
endocrinology_type 2 diabetes_10	PROCEDURE	1401	1421	renal function tests
endocrinology_type 2 diabetes_10	PROCEDURE	1429	1445	foot examination
endocrinology_type 2 diabetes_10	DISEASE	1457	1481	elevated LDL cholesterol
endocrinology_type 2 diabetes_10	DISEASE	1538	1562	Type 2 Diabetes Mellitus
endocrinology_type 2 diabetes_10	DISEASE	1633	1640	obesity
endocrinology_type 2 diabetes_10	DISEASE	1656	1680	elevated LDL cholesterol
endocrinology_type 2 diabetes_10	PROCEDURE	1784	1823	glycemic control and diabetes education
endocrinology_type 2 diabetes_11	DISEASE	287	313	Uncontrolled hyperglycemia
endocrinology_type 2 diabetes_11	DISEASE	325	349	type 2 diabetes mellitus
endocrinology_type 2 diabetes_11	DISEASE	369	393	Type 2 diabetes mellitus
endocrinology_type 2 diabetes_11	PROCEDURE	399	431	History and Physical Examination
endocrinology_type 2 diabetes_11	SYMPTOM	521	538	persistent thirst
endocrinology_type 2 diabetes_11	SYMPTOM	540	558	frequent urination
endocrinology_type 2 diabetes_11	SYMPTOM	560	583	unexplained weight loss
endocrinology_type 2 diabetes_11	SYMPTOM	589	603	blurred vision
endocrinology_type 2 diabetes_11	PROCEDURE	630	650	Physical examination
endocrinology_type 2 diabetes_11	OBSERVATION	747	772	No specific abnormalities
endocrinology_type 2 diabetes_11	PROCEDURE	858	891	Initial laboratory investigations
endocrinology_type 2 diabetes_11	DISEASE	1004	1030	uncontrolled hyperglycemia
endocrinology_type 2 diabetes_11	DISEASE	1063	1087	type 2 diabetes mellitus
endocrinology_type 2 diabetes_11	PROCEDURE	1151	1179	intravenous insulin infusion
endocrinology_type 2 diabetes_11	PROCEDURE	1429	1457	subcutaneous insulin regimen
endocrinology_type 2 diabetes_11	MEDICATION	1657	1673	Metformin 500 mg
endocrinology_type 2 diabetes_11	PROCEDURE	1705	1725	first-line treatment
endocrinology_type 2 diabetes_11	MEDICATION	1807	1825	semaglutide 2.4 mg
endocrinology_type 2 diabetes_11	PROCEDURE	1951	1972	Dietary consultations
endocrinology_type 2 diabetes_12	SYMPTOM	383	406	unexplained weight loss
endocrinology_type 2 diabetes_12	SYMPTOM	664	683	significant fatigue
endocrinology_type 2 diabetes_12	SYMPTOM	685	701	increased thirst
endocrinology_type 2 diabetes_12	SYMPTOM	703	721	frequent urination
endocrinology_type 2 diabetes_12	OBSERVATION	792	838	No previous diagnosis of diabetes was reported
endocrinology_type 2 diabetes_12	PROCEDURE	843	863	Physical Examination
endocrinology_type 2 diabetes_12	SYMPTOM	885	927	the patient appeared moderately dehydrated
endocrinology_type 2 diabetes_12	SYMPTOM	929	940	Vital signs
endocrinology_type 2 diabetes_12	PROCEDURE	1039	1069	comprehensive foot examination
endocrinology_type 2 diabetes_12	SYMPTOM	1079	1108	no ulcers or sensory deficits
endocrinology_type 2 diabetes_12	PROCEDURE	1113	1131	Diagnostic Testing
endocrinology_type 2 diabetes_12	PROCEDURE	1236	1255	Random Glucose Test
endocrinology_type 2 diabetes_12	PROCEDURE	1294	1328	Oral Glucose Tolerance Test (OGTT)
endocrinology_type 2 diabetes_12	DISEASE	1407	1433	Urine Test for Albuminuria
endocrinology_type 2 diabetes_12	PROCEDURE	1499	1512	Lipid Profile
endocrinology_type 2 diabetes_12	DISEASE	1516	1540	Elevated LDL cholesterol
endocrinology_type 2 diabetes_12	OBSERVATION	1544	1576	Based on the diagnostic findings
endocrinology_type 2 diabetes_12	DISEASE	1606	1630	type 2 diabetes mellitus
endocrinology_type 2 diabetes_12	PROCEDURE	1632	1680	Additional screenings for diabetic complications
endocrinology_type 2 diabetes_12	PROCEDURE	1707	1740	foot and funduscopic examinations
endocrinology_type 2 diabetes_12	OBSERVATION	1742	1776	which showed no immediate concerns
endocrinology_type 2 diabetes_12	PROCEDURE	1781	1796	Hospital Course
endocrinology_type 2 diabetes_13	SYMPTOM	385	401	excessive thirst
endocrinology_type 2 diabetes_13	SYMPTOM	403	421	frequent urination
endocrinology_type 2 diabetes_13	SYMPTOM	427	450	unexplained weight loss
endocrinology_type 2 diabetes_13	OBSERVATION	480	506	History of Present Illness
endocrinology_type 2 diabetes_13	SYMPTOM	600	638	symptoms consistent with hyperglycemia
endocrinology_type 2 diabetes_13	PROCEDURE	1097	1123	Urine Test for Albuminuria
endocrinology_type 2 diabetes_13	PROCEDURE	1142	1155	Lipid Profile
endocrinology_type 2 diabetes_13	DISEASE	1309	1324	type 2 diabetes
endocrinology_type 2 diabetes_13	DISEASE	1344	1367	presence of albuminuria
endocrinology_type 2 diabetes_13	DISEASE	1378	1404	early diabetic nephropathy
endocrinology_type 2 diabetes_13	PROCEDURE	1409	1433	Treatment and Management
endocrinology_type 2 diabetes_14	SYMPTOM	497	505	symptoms
endocrinology_type 2 diabetes_14	SYMPTOM	509	517	polyuria
endocrinology_type 2 diabetes_14	SYMPTOM	519	529	polydipsia
endocrinology_type 2 diabetes_14	SYMPTOM	535	557	unexpected weight loss
endocrinology_type 2 diabetes_14	SYMPTOM	611	632	clinical presentation
endocrinology_type 2 diabetes_14	DISEASE	652	669	diabetes mellitus
endocrinology_type 2 diabetes_14	OBSERVATION	703	722	Diagnostic Findings
endocrinology_type 2 diabetes_14	PROCEDURE	730	758	Fasting Plasma Glucose (FPG)
endocrinology_type 2 diabetes_14	DISEASE	788	801	hyperglycemia
endocrinology_type 2 diabetes_14	DISEASE	866	883	diabetes mellitus
endocrinology_type 2 diabetes_14	PROCEDURE	889	926	Oral Glucose Tolerance Testing (OGTT)
endocrinology_type 2 diabetes_14	DISEASE	960	986	impaired glucose tolerance
endocrinology_type 2 diabetes_14	PROCEDURE	1022	1041	Random Glucose Test
endocrinology_type 2 diabetes_14	OBSERVATION	1070	1102	further supporting the diagnosis
endocrinology_type 2 diabetes_14	DISEASE	1124	1139	type 2 diabetes
endocrinology_type 2 diabetes_14	OBSERVATION	1168	1176	findings
endocrinology_type 2 diabetes_14	PROCEDURE	1241	1264	Funduscopic Examination
endocrinology_type 2 diabetes_14	OBSERVATION	1269	1277	Findings
endocrinology_type 2 diabetes_14	PROCEDURE	1283	1299	Foot Examination
endocrinology_type 2 diabetes_14	OBSERVATION	1304	1312	Findings
endocrinology_type 2 diabetes_14	PROCEDURE	1318	1344	Urine Test for Albuminuria
endocrinology_type 2 diabetes_14	PROCEDURE	1393	1406	Lipid Profile
endocrinology_type 2 diabetes_14	PROCEDURE	1432	1451	Treatment Initiated
endocrinology_type 2 diabetes_14	MEDICATION	1459	1468	Metformin
endocrinology_type 2 diabetes_15	SYMPTOM	340	348	polyuria
endocrinology_type 2 diabetes_15	SYMPTOM	350	360	polydipsia
endocrinology_type 2 diabetes_15	SYMPTOM	366	389	unexplained weight loss
endocrinology_type 2 diabetes_15	DISEASE	600	630	uncontrolled diabetes mellitus
endocrinology_type 2 diabetes_15	SYMPTOM	641	661	significant polyuria
endocrinology_type 2 diabetes_15	SYMPTOM	663	673	polydipsia
endocrinology_type 2 diabetes_15	SYMPTOM	688	711	unexplained weight loss
endocrinology_type 2 diabetes_15	SYMPTOM	787	807	nocturnal leg cramps
endocrinology_type 2 diabetes_15	SYMPTOM	812	837	occasional blurred vision
endocrinology_type 2 diabetes_15	PROCEDURE	842	862	Physical Examination
endocrinology_type 2 diabetes_15	OBSERVATION	920	943	Vital signs were stable
endocrinology_type 2 diabetes_15	PROCEDURE	1033	1056	Funduscopic examination
endocrinology_type 2 diabetes_15	OBSERVATION	1064	1096	no signs of diabetic retinopathy
endocrinology_type 2 diabetes_15	OBSERVATION	1098	1129	Peripheral pulses were palpable
endocrinology_type 2 diabetes_15	OBSERVATION	1135	1172	no signs of neuropathy or foot ulcers
endocrinology_type 2 diabetes_15	OBSERVATION	1177	1196	Diagnostic Findings
endocrinology_type 2 diabetes_15	PROCEDURE	1296	1330	Oral Glucose Tolerance Test (OGTT)
endocrinology_type 2 diabetes_15	OBSERVATION	1464	1484	Within normal limits
endocrinology_type 2 diabetes_15	PROCEDURE	1489	1502	Lipid Profile
endocrinology_type 2 diabetes_15	DISEASE	1604	1610	Type 2
endocrinology_type 2 diabetes_16	DISEASE	330	354	Type 2 Diabetes Mellitus
endocrinology_type 2 diabetes_16	SYMPTOM	566	574	polyuria
endocrinology_type 2 diabetes_16	SYMPTOM	576	586	polydipsia
endocrinology_type 2 diabetes_16	SYMPTOM	592	615	unexplained weight loss
endocrinology_type 2 diabetes_16	PROCEDURE	718	728	management
endocrinology_type 2 diabetes_16	PROCEDURE	778	794	laboratory tests
endocrinology_type 2 diabetes_16	DISEASE	946	970	type 2 diabetes mellitus
endocrinology_type 2 diabetes_16	PROCEDURE	976	1010	oral glucose tolerance test (OGTT)
endocrinology_type 2 diabetes_16	PROCEDURE	1123	1153	comprehensive foot examination
endocrinology_type 2 diabetes_16	PROCEDURE	1155	1178	funduscopic examination
endocrinology_type 2 diabetes_16	PROCEDURE	1180	1209	urine testing for albuminuria
endocrinology_type 2 diabetes_16	PROCEDURE	1215	1264	measurement of serum creatinine and lipid profile
endocrinology_type 2 diabetes_16	DISEASE	1282	1324	mild nonproliferative diabetic retinopathy
endocrinology_type 2 diabetes_16	DISEASE	1329	1345	microalbuminuria
endocrinology_type 2 diabetes_16	PROCEDURE	1348	1358	Management
endocrinology_type 2 diabetes_16	PROCEDURE	1370	1387	patient education
endocrinology_type 2 diabetes_16	PROCEDURE	1466	1482	glycemic control
endocrinology_type 2 diabetes_16	PROCEDURE	1491	1495	diet
endocrinology_type 2 diabetes_16	PROCEDURE	1497	1505	exercise
endocrinology_type 2 diabetes_16	PROCEDURE	1523	1544	Dietary consultations
endocrinology_type 2 diabetes_16	MEDICATION	1711	1720	metformin
endocrinology_type 2 diabetes_16	PROCEDURE	1862	1879	treatment options
endocrinology_type 2 diabetes_16	MEDICATION	1883	1905	GLP-1 receptor agonist
endocrinology_type 2 diabetes_16	MEDICATION	1920	1931	semaglutide
endocrinology_type 2 diabetes_17	DISEASE	322	346	Type 2 Diabetes Mellitus
endocrinology_type 2 diabetes_17	SYMPTOM	465	473	polyuria
endocrinology_type 2 diabetes_17	SYMPTOM	475	485	polydipsia
endocrinology_type 2 diabetes_17	SYMPTOM	491	516	unintentional weight loss
endocrinology_type 2 diabetes_17	DISEASE	685	709	type 2 diabetes mellitus
endocrinology_type 2 diabetes_17	PROCEDURE	714	748	Oral Glucose Tolerance Test (OGTT)
endocrinology_type 2 diabetes_17	PROCEDURE	854	890	screening for diabetic complications
endocrinology_type 2 diabetes_17	PROCEDURE	918	959	initial foot and funduscopic examinations
endocrinology_type 2 diabetes_17	OBSERVATION	965	971	normal
endocrinology_type 2 diabetes_17	PROCEDURE	973	986	Urine testing
endocrinology_type 2 diabetes_17	DISEASE	996	1012	microalbuminuria
endocrinology_type 2 diabetes_17	OBSERVATION	1065	1071	normal
endocrinology_type 2 diabetes_17	DISEASE	1089	1111	elevated triglycerides
endocrinology_type 2 diabetes_17	PROCEDURE	1129	1148	Treatment Initiated
endocrinology_type 2 diabetes_17	MEDICATION	1158	1167	Metformin
endocrinology_type 2 diabetes_17	DISEASE	1227	1240	hyperglycemia
endocrinology_type 2 diabetes_17	PROCEDURE	1339	1359	first-line treatment
endocrinology_type 2 diabetes_17	DISEASE	1364	1379	type 2 diabetes
endocrinology_type 2 diabetes_17	PROCEDURE	1388	1411	Lifestyle Modifications
endocrinology_type 2 diabetes_18	DISEASE	253	277	Type 2 Diabetes Mellitus
endocrinology_type 2 diabetes_18	SYMPTOM	398	415	persistent thirst
endocrinology_type 2 diabetes_18	SYMPTOM	417	435	frequent urination
endocrinology_type 2 diabetes_18	SYMPTOM	441	464	unexplained weight loss
endocrinology_type 2 diabetes_18	SYMPTOM	520	534	blurred vision
endocrinology_type 2 diabetes_18	SYMPTOM	539	546	fatigue
endocrinology_type 2 diabetes_18	DISEASE	663	678	type 2 diabetes
endocrinology_type 2 diabetes_18	OBSERVATION	683	700	Clinical Findings
endocrinology_type 2 diabetes_18	PROCEDURE	706	726	Physical examination
endocrinology_type 2 diabetes_18	SYMPTOM	824	860	no signs of diabetic foot ulceration
endocrinology_type 2 diabetes_18	PROCEDURE	862	886	Initial laboratory tests
endocrinology_type 2 diabetes_18	DISEASE	1019	1034	type 2 diabetes
endocrinology_type 2 diabetes_18	PROCEDURE	1038	1064	urine test for albuminuria
endocrinology_type 2 diabetes_18	PROCEDURE	1071	1092	serum creatinine test
endocrinology_type 2 diabetes_18	DISEASE	1122	1139	early nephropathy
endocrinology_type 2 diabetes_18	OBSERVATION	1141	1174	results were within normal limits
endocrinology_type 2 diabetes_18	PROCEDURE	1178	1205	comprehensive lipid profile
endocrinology_type 2 diabetes_18	DISEASE	1232	1263	elevated LDL cholesterol levels
endocrinology_type 2 diabetes_18	MEDICATION	1395	1411	Metformin 500 mg
endocrinology_type 2 diabetes_18	MEDICATION	1445	1466	first-line medication
endocrinology_type 2 diabetes_18	DISEASE	1471	1486	type 2 diabetes
endocrinology_type 2 diabetes_18	OBSERVATION	1488	1514	Given his high HbA1C level
endocrinology_type 2 diabetes_18	MEDICATION	1518	1540	GLP-1 receptor agonist
endocrinology_type 2 diabetes_18	MEDICATION	1542	1553	semaglutide
endocrinology_type 2 diabetes_18	PROCEDURE	1662	1694	Diet and lifestyle modifications
endocrinology_type 2 diabetes_18	PROCEDURE	1731	1764	individualized dietary counseling
endocrinology_type 2 diabetes_19	DISEASE	235	259	Type 2 Diabetes Mellitus
endocrinology_type 2 diabetes_19	DISEASE	288	300	Hypertension
endocrinology_type 2 diabetes_19	DISEASE	302	309	Obesity
endocrinology_type 2 diabetes_19	SYMPTOM	413	432	presenting symptoms
endocrinology_type 2 diabetes_19	SYMPTOM	436	446	polydipsia
endocrinology_type 2 diabetes_19	SYMPTOM	448	456	polyuria
endocrinology_type 2 diabetes_19	SYMPTOM	462	485	unexplained weight loss
endocrinology_type 2 diabetes_19	PROCEDURE	510	529	Initial blood tests
endocrinology_type 2 diabetes_19	DISEASE	664	688	type 2 diabetes mellitus
endocrinology_type 2 diabetes_19	DISEASE	725	737	hypertension
endocrinology_type 2 diabetes_19	DISEASE	760	767	obesity
endocrinology_type 2 diabetes_19	PROCEDURE	806	835	comprehensive management plan
endocrinology_type 2 diabetes_19	PROCEDURE	861	882	dietary modifications
endocrinology_type 2 diabetes_19	PROCEDURE	887	903	exercise regimen
endocrinology_type 2 diabetes_19	PROCEDURE	905	922	patient education
endocrinology_type 2 diabetes_19	PROCEDURE	928	943	pharmacotherapy
endocrinology_type 2 diabetes_19	PROCEDURE	967	1004	oral glucose tolerance testing (OGTT)
endocrinology_type 2 diabetes_19	DISEASE	1054	1084	significant insulin resistance
endocrinology_type 2 diabetes_19	MEDICATION	1112	1121	Metformin
endocrinology_type 2 diabetes_19	MEDICATION	1248	1259	Semaglutide
endocrinology_type 2 diabetes_19	MEDICATION	1407	1417	Lisinopril
endocrinology_type 2 diabetes_19	DISEASE	1439	1451	hypertension
endocrinology_type 2 diabetes_19	PROCEDURE	1827	1844	Patient Education
endocrinology_type 2 diabetes_2	DISEASE	291	315	Type 2 Diabetes Mellitus
endocrinology_type 2 diabetes_2	DISEASE	345	357	Hypertension
endocrinology_type 2 diabetes_2	DISEASE	359	366	Obesity
endocrinology_type 2 diabetes_2	SYMPTOM	475	483	polyuria
endocrinology_type 2 diabetes_2	SYMPTOM	485	495	polydipsia
endocrinology_type 2 diabetes_2	SYMPTOM	501	524	unexplained weight loss
endocrinology_type 2 diabetes_2	SYMPTOM	579	598	presenting symptoms
endocrinology_type 2 diabetes_2	SYMPTOM	661	672	vital signs
endocrinology_type 2 diabetes_2	DISEASE	730	737	obesity
endocrinology_type 2 diabetes_2	PROCEDURE	739	755	Laboratory tests
endocrinology_type 2 diabetes_2	PROCEDURE	766	794	fasting plasma glucose (FPG)
endocrinology_type 2 diabetes_2	PROCEDURE	796	827	glycosylated hemoglobin (HbA1C)
endocrinology_type 2 diabetes_2	PROCEDURE	836	870	oral glucose tolerance test (OGTT)
endocrinology_type 2 diabetes_2	OBSERVATION	1003	1010	results
endocrinology_type 2 diabetes_2	DISEASE	1039	1054	type 2 diabetes
endocrinology_type 2 diabetes_2	PROCEDURE	1059	1083	Management and Treatment
endocrinology_type 2 diabetes_2	MEDICATION	1126	1135	Metformin
endocrinology_type 2 diabetes_2	MEDICATION	1277	1308	SGLT2 Inhibitor - Dapagliflozin
endocrinology_type 2 diabetes_2	DISEASE	1404	1411	obesity
endocrinology_type 2 diabetes_2	DISEASE	1416	1428	hypertension
endocrinology_type 2 diabetes_2	MEDICATION	1438	1448	Lisinopril
endocrinology_type 2 diabetes_2	DISEASE	1473	1485	hypertension
endocrinology_type 2 diabetes_2	PROCEDURE	1492	1521	Diet and Lifestyle Counseling
endocrinology_type 2 diabetes_20	DISEASE	366	390	Type 2 Diabetes Mellitus
endocrinology_type 2 diabetes_20	DISEASE	414	426	Hypertension
endocrinology_type 2 diabetes_20	DISEASE	428	440	Dyslipidemia
endocrinology_type 2 diabetes_20	SYMPTOM	588	596	polyuria
endocrinology_type 2 diabetes_20	SYMPTOM	598	608	polydipsia
endocrinology_type 2 diabetes_20	SYMPTOM	614	639	unintentional weight loss
endocrinology_type 2 diabetes_20	PROCEDURE	668	692	initial laboratory tests
endocrinology_type 2 diabetes_20	DISEASE	833	857	type 2 diabetes mellitus
endocrinology_type 2 diabetes_20	DISEASE	937	968	elevated LDL cholesterol levels
endocrinology_type 2 diabetes_20	PROCEDURE	1020	1047	oral glucose tolerance test
endocrinology_type 2 diabetes_20	PROCEDURE	1123	1161	comprehensive diabetes management plan
endocrinology_type 2 diabetes_20	PROCEDURE	1173	1188	dietary changes
endocrinology_type 2 diabetes_20	PROCEDURE	1190	1198	exercise
endocrinology_type 2 diabetes_20	OBSERVATION	1204	1214	medication
endocrinology_type 2 diabetes_20	MEDICATION	1265	1274	Metformin
endocrinology_type 2 diabetes_20	MEDICATION	1438	1449	Semaglutide
endocrinology_type 2 diabetes_20	MEDICATION	1451	1473	GLP-1 receptor agonist
endocrinology_type 2 diabetes_20	MEDICATION	1574	1584	medication
endocrinology_type 2 diabetes_20	MEDICATION	1641	1651	Lisinopril
endocrinology_type 2 diabetes_20	DISEASE	1657	1669	hypertension
endocrinology_type 2 diabetes_21	DISEASE	269	293	Type 2 Diabetes Mellitus
endocrinology_type 2 diabetes_21	DISEASE	317	329	Hypertension
endocrinology_type 2 diabetes_21	DISEASE	331	343	Dyslipidemia
endocrinology_type 2 diabetes_21	SYMPTOM	483	491	polyuria
endocrinology_type 2 diabetes_21	SYMPTOM	493	503	polydipsia
endocrinology_type 2 diabetes_21	SYMPTOM	509	532	unexplained weight loss
endocrinology_type 2 diabetes_21	SYMPTOM	583	597	blurred vision
endocrinology_type 2 diabetes_21	SYMPTOM	602	633	occasional tingling in the feet
endocrinology_type 2 diabetes_21	DISEASE	665	677	hypertension
endocrinology_type 2 diabetes_21	MEDICATION	694	704	lisinopril
endocrinology_type 2 diabetes_21	DISEASE	721	733	dyslipidemia
endocrinology_type 2 diabetes_21	MEDICATION	747	759	atorvastatin
endocrinology_type 2 diabetes_21	DISEASE	817	841	type 2 diabetes mellitus
endocrinology_type 2 diabetes_21	PROCEDURE	905	921	laboratory tests
endocrinology_type 2 diabetes_21	DISEASE	1073	1097	type 2 diabetes mellitus
endocrinology_type 2 diabetes_21	PROCEDURE	1103	1137	oral glucose tolerance test (OGTT)
endocrinology_type 2 diabetes_21	PROCEDURE	1243	1267	complete metabolic panel
endocrinology_type 2 diabetes_21	PROCEDURE	1269	1282	lipid profile
endocrinology_type 2 diabetes_21	PROCEDURE	1288	1302	urine analysis
endocrinology_type 2 diabetes_21	DISEASE	1307	1318	albuminuria
endocrinology_type 2 diabetes_21	DISEASE	1336	1360	elevated LDL cholesterol
endocrinology_type 2 diabetes_21	DISEASE	1381	1397	microalbuminuria
endocrinology_type 2 diabetes_21	PROCEDURE	1455	1502	initial regimen of metformin 500 mg twice daily
endocrinology_type 2 diabetes_21	PROCEDURE	1504	1535	titrated to 1000 mg twice daily
endocrinology_type 2 diabetes_21	MEDICATION	1696	1718	GLP-1 receptor agonist
endocrinology_type 2 diabetes_21	MEDICATION	1720	1731	semaglutide
endocrinology_type 2 diabetes_21	PROCEDURE	1766	1802	titrated to 1 mg weekly by discharge
endocrinology_type 2 diabetes_21	PROCEDURE	1865	1900	Dietary and lifestyle modifications
endocrinology_type 2 diabetes_21	DISEASE	4951	4975	Type 2 Diabetes Mellitus
endocrinology_type 2 diabetes_21	DISEASE	4999	5011	Hypertension
endocrinology_type 2 diabetes_21	DISEASE	5013	5025	Dyslipidemia
endocrinology_type 2 diabetes_21	SYMPTOM	5165	5173	polyuria
endocrinology_type 2 diabetes_21	SYMPTOM	5175	5185	polydipsia
endocrinology_type 2 diabetes_21	SYMPTOM	5191	5214	unexplained weight loss
endocrinology_type 2 diabetes_21	SYMPTOM	5265	5279	blurred vision
endocrinology_type 2 diabetes_21	SYMPTOM	5284	5315	occasional tingling in the feet
endocrinology_type 2 diabetes_21	DISEASE	5347	5359	hypertension
endocrinology_type 2 diabetes_21	MEDICATION	5376	5386	lisinopril
endocrinology_type 2 diabetes_21	DISEASE	5403	5415	dyslipidemia
endocrinology_type 2 diabetes_21	MEDICATION	5429	5441	atorvastatin
endocrinology_type 2 diabetes_21	DISEASE	5499	5523	type 2 diabetes mellitus
endocrinology_type 2 diabetes_21	PROCEDURE	5587	5603	laboratory tests
endocrinology_type 2 diabetes_21	DISEASE	5755	5779	type 2 diabetes mellitus
endocrinology_type 2 diabetes_21	PROCEDURE	5785	5819	oral glucose tolerance test (OGTT)
endocrinology_type 2 diabetes_21	PROCEDURE	5925	5949	complete metabolic panel
endocrinology_type 2 diabetes_21	PROCEDURE	5951	5964	lipid profile
endocrinology_type 2 diabetes_21	PROCEDURE	5970	5984	urine analysis
endocrinology_type 2 diabetes_21	DISEASE	5989	6000	albuminuria
endocrinology_type 2 diabetes_21	DISEASE	6018	6042	elevated LDL cholesterol
endocrinology_type 2 diabetes_21	DISEASE	6063	6079	microalbuminuria
endocrinology_type 2 diabetes_21	PROCEDURE	6137	6184	initial regimen of metformin 500 mg twice daily
endocrinology_type 2 diabetes_21	PROCEDURE	6186	6217	titrated to 1000 mg twice daily
endocrinology_type 2 diabetes_21	MEDICATION	6378	6400	GLP-1 receptor agonist
endocrinology_type 2 diabetes_21	MEDICATION	6402	6413	semaglutide
endocrinology_type 2 diabetes_21	PROCEDURE	6448	6484	titrated to 1 mg weekly by discharge
endocrinology_type 2 diabetes_21	PROCEDURE	6547	6582	Dietary and lifestyle modifications
endocrinology_type 2 diabetes_22	DISEASE	292	316	Type 2 Diabetes Mellitus
endocrinology_type 2 diabetes_22	DISEASE	319	332	Comorbidities
endocrinology_type 2 diabetes_22	DISEASE	334	346	Hypertension
endocrinology_type 2 diabetes_22	DISEASE	348	360	Dyslipidemia
endocrinology_type 2 diabetes_22	SYMPTOM	496	504	polyuria
endocrinology_type 2 diabetes_22	SYMPTOM	506	516	polydipsia
endocrinology_type 2 diabetes_22	SYMPTOM	522	545	unexplained weight loss
endocrinology_type 2 diabetes_22	PROCEDURE	574	598	Initial laboratory tests
endocrinology_type 2 diabetes_22	DISEASE	733	757	type 2 diabetes mellitus
endocrinology_type 2 diabetes_22	PROCEDURE	907	934	oral glucose tolerance test
endocrinology_type 2 diabetes_22	DISEASE	989	1015	impaired glucose tolerance
endocrinology_type 2 diabetes_22	PROCEDURE	1034	1065	comprehensive patient education
endocrinology_type 2 diabetes_22	PROCEDURE	1263	1284	dietary modifications
endocrinology_type 2 diabetes_22	PROCEDURE	1286	1340	focusing on whole foods and high-quality carbohydrates
endocrinology_type 2 diabetes_22	PROCEDURE	1348	1370	physical activity plan
endocrinology_type 2 diabetes_22	PROCEDURE	1441	1483	combining aerobic and resistance exercises
endocrinology_type 2 diabetes_22	PROCEDURE	1486	1522	Screening for diabetic complications
endocrinology_type 2 diabetes_22	DISEASE	1532	1575	mild non-proliferative diabetic retinopathy
endocrinology_type 2 diabetes_22	DISEASE	1596	1612	microalbuminuria
endocrinology_type 2 diabetes_22	DISEASE	1665	1677	dyslipidemia
endocrinology_type 2 diabetes_22	DISEASE	1703	1718	type 2 diabetes
endocrinology_type 2 diabetes_22	MEDICATION	1769	1778	Metformin
endocrinology_type 2 diabetes_22	MEDICATION	1920	1931	Semaglutide
endocrinology_type 2 diabetes_23	DISEASE	347	371	Type 2 Diabetes Mellitus
endocrinology_type 2 diabetes_23	SYMPTOM	494	502	polyuria
endocrinology_type 2 diabetes_23	SYMPTOM	504	514	polydipsia
endocrinology_type 2 diabetes_23	SYMPTOM	520	543	unexplained weight loss
endocrinology_type 2 diabetes_23	DISEASE	712	736	type 2 diabetes mellitus
endocrinology_type 2 diabetes_23	PROCEDURE	741	768	oral glucose tolerance test
endocrinology_type 2 diabetes_23	PROCEDURE	897	920	comprehensive screening
endocrinology_type 2 diabetes_23	PROCEDURE	953	969	foot examination
endocrinology_type 2 diabetes_23	OBSERVATION	979	1021	no signs of neuropathy or poor circulation
endocrinology_type 2 diabetes_23	PROCEDURE	1029	1052	funduscopic examination
endocrinology_type 2 diabetes_23	OBSERVATION	1060	1092	no signs of diabetic retinopathy
endocrinology_type 2 diabetes_23	PROCEDURE	1094	1107	Urine testing
endocrinology_type 2 diabetes_23	DISEASE	1118	1132	no albuminuria
endocrinology_type 2 diabetes_23	DISEASE	1207	1238	elevated LDL cholesterol levels
endocrinology_type 2 diabetes_23	PROCEDURE	1281	1302	Medication Management
endocrinology_type 2 diabetes_23	MEDICATION	1312	1321	Metformin
endocrinology_type 2 diabetes_23	MEDICATION	1463	1474	Semaglutide
endocrinology_type 2 diabetes_23	PROCEDURE	1491	1510	second-line therapy
endocrinology_type 2 diabetes_23	MEDICATION	1731	1743	Atorvastatin
endocrinology_type 2 diabetes_24	SYMPTOM	312	322	polydipsia
endocrinology_type 2 diabetes_24	SYMPTOM	328	353	unintentional weight loss
endocrinology_type 2 diabetes_24	SYMPTOM	576	595	excessive urination
endocrinology_type 2 diabetes_24	SYMPTOM	597	611	extreme thirst
endocrinology_type 2 diabetes_24	PROCEDURE	766	786	Physical Examination
endocrinology_type 2 diabetes_24	SYMPTOM	860	871	Vital signs
endocrinology_type 2 diabetes_24	SYMPTOM	909	932	elevated blood pressure
endocrinology_type 2 diabetes_24	PROCEDURE	951	978	comprehensive physical exam
endocrinology_type 2 diabetes_24	OBSERVATION	983	1005	otherwise unremarkable
endocrinology_type 2 diabetes_24	PROCEDURE	1010	1031	Diagnostic Evaluation
endocrinology_type 2 diabetes_24	PROCEDURE	1039	1067	Fasting Plasma Glucose (FPG)
endocrinology_type 2 diabetes_24	PROCEDURE	1182	1216	Oral Glucose Tolerance Test (OGTT)
endocrinology_type 2 diabetes_24	PROCEDURE	1302	1322	random glucose value
endocrinology_type 2 diabetes_24	PROCEDURE	1368	1389	Additional screenings
endocrinology_type 2 diabetes_24	PROCEDURE	1401	1417	foot examination
endocrinology_type 2 diabetes_24	OBSERVATION	1419	1473	which showed no sensory loss or circulatory impairment
endocrinology_type 2 diabetes_24	PROCEDURE	1481	1505	dilated funduscopic exam
endocrinology_type 2 diabetes_24	PROCEDURE	1523	1561	Urine testing indicated no albuminuria
endocrinology_type 2 diabetes_24	DISEASE	1724	1739	type 2 diabetes
endocrinology_type 2 diabetes_24	PROCEDURE	1797	1809	IV hydration
endocrinology_type 2 diabetes_24	MEDICATION	1825	1841	Metformin 500 mg
endocrinology_type 2 diabetes_24	OBSERVATION	1855	1879	which was well-tolerated
endocrinology_type 2 diabetes_24	MEDICATION	1947	1969	GLP-1 receptor agonist
endocrinology_type 2 diabetes_24	MEDICATION	1984	1995	semaglutide
endocrinology_type 2 diabetes_25	SYMPTOM	394	410	excessive thirst
endocrinology_type 2 diabetes_25	SYMPTOM	412	430	frequent urination
endocrinology_type 2 diabetes_25	SYMPTOM	436	466	recent unexplained weight loss
endocrinology_type 2 diabetes_25	PROCEDURE	514	532	initial assessment
endocrinology_type 2 diabetes_25	DISEASE	543	572	undiagnosed diabetes mellitus
endocrinology_type 2 diabetes_25	OBSERVATION	577	596	Diagnostic Findings
endocrinology_type 2 diabetes_25	PROCEDURE	685	713	Fasting Plasma Glucose (FPG)
endocrinology_type 2 diabetes_25	PROCEDURE	779	806	Oral Glucose Tolerance Test
endocrinology_type 2 diabetes_25	DISEASE	839	865	impaired glucose tolerance
endocrinology_type 2 diabetes_25	PROCEDURE	873	892	Random Glucose Test
endocrinology_type 2 diabetes_25	DISEASE	957	981	type 2 diabetes mellitus
endocrinology_type 2 diabetes_25	PROCEDURE	1030	1059	comprehensive management plan
endocrinology_type 2 diabetes_25	PROCEDURE	1108	1131	lifestyle interventions
endocrinology_type 2 diabetes_25	MEDICATION	1171	1187	Metformin 500 mg
endocrinology_type 2 diabetes_25	DISEASE	1357	1364	obesity
endocrinology_type 2 diabetes_25	MEDICATION	1366	1385	semaglutide 0.25 mg
endocrinology_type 2 diabetes_25	PROCEDURE	1565	1583	Dietary counseling
endocrinology_type 2 diabetes_25	DISEASE	1720	1727	obesity
endocrinology_type 2 diabetes_26	DISEASE	324	348	Type 2 Diabetes Mellitus
endocrinology_type 2 diabetes_26	DISEASE	376	388	Hypertension
endocrinology_type 2 diabetes_26	DISEASE	390	397	Obesity
endocrinology_type 2 diabetes_26	PROCEDURE	403	435	History and Physical Examination
endocrinology_type 2 diabetes_26	SYMPTOM	547	563	excessive thirst
endocrinology_type 2 diabetes_26	SYMPTOM	565	583	frequent urination
endocrinology_type 2 diabetes_26	SYMPTOM	585	608	unexplained weight loss
endocrinology_type 2 diabetes_26	SYMPTOM	614	628	blurred vision
endocrinology_type 2 diabetes_26	DISEASE	689	701	hypertension
endocrinology_type 2 diabetes_26	PROCEDURE	728	764	currently controlled with medication
endocrinology_type 2 diabetes_26	DISEASE	802	817	type 2 diabetes
endocrinology_type 2 diabetes_26	PROCEDURE	841	861	physical examination
endocrinology_type 2 diabetes_26	DISEASE	911	918	obesity
endocrinology_type 2 diabetes_26	OBSERVATION	920	931	Vital signs
endocrinology_type 2 diabetes_26	OBSERVATION	952	972	within normal limits
endocrinology_type 2 diabetes_26	DISEASE	985	1008	elevated blood pressure
endocrinology_type 2 diabetes_26	PROCEDURE	1190	1203	Lipid Profile
endocrinology_type 2 diabetes_26	DISEASE	1207	1237	Elevated LDL and triglycerides
endocrinology_type 2 diabetes_26	DISEASE	1239	1246	low HDL
endocrinology_type 2 diabetes_26	OBSERVATION	1271	1290	Within normal range
endocrinology_type 2 diabetes_26	DISEASE	1295	1328	Urine Albumin-to-Creatinine Ratio
endocrinology_type 2 diabetes_26	DISEASE	1332	1340	Elevated
endocrinology_type 2 diabetes_26	PROCEDURE	1345	1368	Funduscopic Examination
endocrinology_type 2 diabetes_26	DISEASE	1372	1414	Mild nonproliferative diabetic retinopathy
endocrinology_type 2 diabetes_26	DISEASE	1473	1497	type 2 diabetes mellitus
endocrinology_type 2 diabetes_26	MEDICATION	1534	1543	Metformin
endocrinology_type 2 diabetes_27	SYMPTOM	290	307	persistent thirst
endocrinology_type 2 diabetes_27	SYMPTOM	309	327	frequent urination
endocrinology_type 2 diabetes_27	SYMPTOM	329	352	unexplained weight loss
endocrinology_type 2 diabetes_27	SYMPTOM	358	373	general fatigue
endocrinology_type 2 diabetes_27	DISEASE	447	459	hypertension
endocrinology_type 2 diabetes_27	DISEASE	511	526	type 2 diabetes
endocrinology_type 2 diabetes_27	PROCEDURE	650	678	Fasting Plasma Glucose (FPG)
endocrinology_type 2 diabetes_27	PROCEDURE	774	789	Initial testing
endocrinology_type 2 diabetes_27	PROCEDURE	819	846	Oral Glucose Tolerance Test
endocrinology_type 2 diabetes_27	PROCEDURE	930	949	Random Glucose Test
endocrinology_type 2 diabetes_27	PROCEDURE	1017	1038	Additional screenings
endocrinology_type 2 diabetes_27	PROCEDURE	1094	1110	foot examination
endocrinology_type 2 diabetes_27	OBSERVATION	1112	1143	no ulcers or sensory loss noted
endocrinology_type 2 diabetes_27	PROCEDURE	1146	1169	funduscopic examination
endocrinology_type 2 diabetes_27	DISEASE	1171	1214	mild non-proliferative retinopathy detected
endocrinology_type 2 diabetes_27	PROCEDURE	1217	1246	urine testing for albuminuria
endocrinology_type 2 diabetes_27	PROCEDURE	1302	1315	lipid profile
endocrinology_type 2 diabetes_27	DISEASE	1317	1345	LDL cholesterol was elevated
endocrinology_type 2 diabetes_27	DISEASE	1425	1449	type 2 diabetes mellitus
endocrinology_type 2 diabetes_27	PROCEDURE	1454	1478	Treatment and Management
endocrinology_type 2 diabetes_27	OBSERVATION	1486	1507	Medications Initiated
endocrinology_type 2 diabetes_27	MEDICATION	1515	1531	Metformin 500 mg
endocrinology_type 2 diabetes_27	PROCEDURE	1550	1619	plans to increase the dosage as tolerated to improve glycemic control
endocrinology_type 2 diabetes_27	MEDICATION	1625	1642	Simvastatin 20 mg
endocrinology_type 2 diabetes_27	PROCEDURE	1669	1695	LDL cholesterol management
endocrinology_type 2 diabetes_27	MEDICATION	1701	1745	GLP-1 Receptor Agonists and SGLT2 Inhibitors
endocrinology_type 2 diabetes_28	DISEASE	241	265	Type 2 Diabetes Mellitus
endocrinology_type 2 diabetes_28	SYMPTOM	541	558	persistent thirst
endocrinology_type 2 diabetes_28	SYMPTOM	560	578	frequent urination
endocrinology_type 2 diabetes_28	SYMPTOM	584	613	recent unintended weight loss
endocrinology_type 2 diabetes_28	SYMPTOM	714	733	sedentary lifestyle
endocrinology_type 2 diabetes_28	PROCEDURE	773	793	Physical Examination
endocrinology_type 2 diabetes_28	PROCEDURE	839	859	physical examination
endocrinology_type 2 diabetes_28	SYMPTOM	941	980	no signs of diabetic foot or neuropathy
endocrinology_type 2 diabetes_28	PROCEDURE	982	1006	Initial laboratory tests
endocrinology_type 2 diabetes_28	DISEASE	1139	1163	type 2 diabetes mellitus
endocrinology_type 2 diabetes_28	PROCEDURE	1165	1176	Urine tests
endocrinology_type 2 diabetes_28	OBSERVATION	1187	1201	no albuminuria
endocrinology_type 2 diabetes_28	PROCEDURE	1228	1241	lipid profile
endocrinology_type 2 diabetes_28	DISEASE	1279	1310	elevated LDL cholesterol levels
endocrinology_type 2 diabetes_28	PROCEDURE	1368	1389	dietary modifications
endocrinology_type 2 diabetes_28	PROCEDURE	1394	1418	exercise recommendations
endocrinology_type 2 diabetes_28	MEDICATION	1791	1808	Metformin therapy
endocrinology_type 2 diabetes_29	SYMPTOM	397	417	symptoms of polyuria
endocrinology_type 2 diabetes_29	SYMPTOM	419	429	polydipsia
endocrinology_type 2 diabetes_29	SYMPTOM	435	458	unexplained weight loss
endocrinology_type 2 diabetes_29	DISEASE	514	526	hypertension
endocrinology_type 2 diabetes_29	DISEASE	531	545	hyperlipidemia
endocrinology_type 2 diabetes_29	DISEASE	601	609	diabetes
endocrinology_type 2 diabetes_29	DISEASE	623	638	type 2 diabetes
endocrinology_type 2 diabetes_29	PROCEDURE	644	662	initial assessment
endocrinology_type 2 diabetes_29	DISEASE	703	727	type 2 diabetes mellitus
endocrinology_type 2 diabetes_29	DISEASE	729	733	T2DM
endocrinology_type 2 diabetes_29	PROCEDURE	900	927	Oral Glucose Tolerance Test
endocrinology_type 2 diabetes_29	PROCEDURE	1022	1042	Random Glucose Value
endocrinology_type 2 diabetes_29	PROCEDURE	1080	1101	Additional screenings
endocrinology_type 2 diabetes_29	DISEASE	1111	1122	albuminuria
endocrinology_type 2 diabetes_29	DISEASE	1130	1161	elevated serum creatinine level
endocrinology_type 2 diabetes_29	DISEASE	1174	1191	early nephropathy
endocrinology_type 2 diabetes_29	PROCEDURE	1195	1222	comprehensive lipid profile
endocrinology_type 2 diabetes_29	DISEASE	1233	1245	dyslipidemia
endocrinology_type 2 diabetes_29	DISEASE	1301	1325	type 2 diabetes mellitus
endocrinology_type 2 diabetes_29	SYMPTOM	1461	1469	symptoms
endocrinology_type 2 diabetes_29	PROCEDURE	1541	1565	Treatment and Management
endocrinology_type 2 diabetes_29	MEDICATION	1604	1613	Metformin
endocrinology_type 2 diabetes_3	SYMPTOM	283	291	polyuria
endocrinology_type 2 diabetes_3	SYMPTOM	293	303	polydipsia
endocrinology_type 2 diabetes_3	SYMPTOM	309	332	unexplained weight loss
endocrinology_type 2 diabetes_3	SYMPTOM	538	557	excessive urination
endocrinology_type 2 diabetes_3	SYMPTOM	559	575	increased thirst
endocrinology_type 2 diabetes_3	DISEASE	680	704	type 2 diabetes mellitus
endocrinology_type 2 diabetes_3	OBSERVATION	752	771	Diagnostic Findings
endocrinology_type 2 diabetes_3	PROCEDURE	791	807	laboratory tests
endocrinology_type 2 diabetes_3	DISEASE	1016	1040	type 2 diabetes mellitus
endocrinology_type 2 diabetes_3	PROCEDURE	1105	1132	Oral Glucose Tolerance Test
endocrinology_type 2 diabetes_3	DISEASE	1169	1184	type 2 diabetes
endocrinology_type 2 diabetes_3	MEDICATION	1204	1220	Metformin 500 mg
endocrinology_type 2 diabetes_3	DISEASE	1350	1364	elevated HbA1C
endocrinology_type 2 diabetes_3	DISEASE	1385	1392	obesity
endocrinology_type 2 diabetes_3	MEDICATION	1412	1434	GLP-1 receptor agonist
endocrinology_type 2 diabetes_3	MEDICATION	1436	1455	Semaglutide 0.25 mg
endocrinology_type 2 diabetes_3	PROCEDURE	1499	1521	titration up to 2.4 mg
endocrinology_type 2 diabetes_3	PROCEDURE	1526	1564	glycemic control and weight management
endocrinology_type 2 diabetes_3	PROCEDURE	1614	1646	comprehensive diabetes education
endocrinology_type 2 diabetes_3	PROCEDURE	1724	1771	recognizing symptoms of hypo- and hyperglycemia
endocrinology_type 2 diabetes_3	PROCEDURE	1781	1817	management of diabetic complications
endocrinology_type 2 diabetes_30	SYMPTOM	427	435	polyuria
endocrinology_type 2 diabetes_30	SYMPTOM	437	447	polydipsia
endocrinology_type 2 diabetes_30	SYMPTOM	453	476	unexplained weight loss
endocrinology_type 2 diabetes_30	PROCEDURE	505	534	comprehensive metabolic panel
endocrinology_type 2 diabetes_30	DISEASE	651	675	type 2 diabetes mellitus
endocrinology_type 2 diabetes_30	DISEASE	677	681	T2DM
endocrinology_type 2 diabetes_30	PROCEDURE	748	767	thorough evaluation
endocrinology_type 2 diabetes_30	PROCEDURE	781	797	foot examination
endocrinology_type 2 diabetes_30	PROCEDURE	799	822	funduscopic examination
endocrinology_type 2 diabetes_30	PROCEDURE	824	837	urine testing
endocrinology_type 2 diabetes_30	DISEASE	842	853	albuminuria
endocrinology_type 2 diabetes_30	PROCEDURE	859	890	measurement of serum creatinine
endocrinology_type 2 diabetes_30	PROCEDURE	895	908	lipid profile
endocrinology_type 2 diabetes_30	OBSERVATION	969	1003	early nephropathy and dyslipidemia
endocrinology_type 2 diabetes_30	MEDICATION	1122	1131	metformin
endocrinology_type 2 diabetes_30	PROCEDURE	1186	1242	plans to titrate based on tolerance and glycemic control
endocrinology_type 2 diabetes_30	MEDICATION	1312	1334	GLP-1 receptor agonist
endocrinology_type 2 diabetes_30	MEDICATION	1336	1347	semaglutide
endocrinology_type 2 diabetes_30	PROCEDURE	1450	1470	Dietary consultation
endocrinology_type 2 diabetes_30	PROCEDURE	1559	1633	tailored to accommodate the patient's dietary preferences and requirements
endocrinology_type 2 diabetes_30	PROCEDURE	1686	1703	physical activity
endocrinology_type 2 diabetes_30	PROCEDURE	1799	1818	resistance training
endocrinology_type 2 diabetes_31	SYMPTOM	395	403	symptoms
endocrinology_type 2 diabetes_31	SYMPTOM	407	415	polyuria
endocrinology_type 2 diabetes_31	SYMPTOM	417	427	polydipsia
endocrinology_type 2 diabetes_31	SYMPTOM	433	458	unintentional weight loss
endocrinology_type 2 diabetes_31	SYMPTOM	495	503	symptoms
endocrinology_type 2 diabetes_31	PROCEDURE	507	513	workup
endocrinology_type 2 diabetes_31	DISEASE	518	535	diabetes mellitus
endocrinology_type 2 diabetes_31	OBSERVATION	554	573	Diagnostic Findings
endocrinology_type 2 diabetes_31	PROCEDURE	595	611	laboratory tests
endocrinology_type 2 diabetes_31	DISEASE	763	787	type 2 diabetes mellitus
endocrinology_type 2 diabetes_31	PROCEDURE	792	826	Oral Glucose Tolerance Test (OGTT)
endocrinology_type 2 diabetes_31	OBSERVATION	861	880	diagnostic findings
endocrinology_type 2 diabetes_31	PROCEDURE	911	924	Urine testing
endocrinology_type 2 diabetes_31	SYMPTOM	932	948	microalbuminuria
endocrinology_type 2 diabetes_31	PROCEDURE	950	984	Serum creatinine and lipid profile
endocrinology_type 2 diabetes_31	DISEASE	997	1012	abnormal ranges
endocrinology_type 2 diabetes_31	PROCEDURE	1036	1060	comprehensive management
endocrinology_type 2 diabetes_31	PROCEDURE	1065	1080	Hospital Course
endocrinology_type 2 diabetes_31	PROCEDURE	1108	1126	initial management
endocrinology_type 2 diabetes_31	PROCEDURE	1132	1153	dietary modifications
endocrinology_type 2 diabetes_31	PROCEDURE	1158	1182	initiation of medication
endocrinology_type 2 diabetes_31	MEDICATION	1184	1193	Metformin
endocrinology_type 2 diabetes_31	MEDICATION	1335	1344	metformin
endocrinology_type 2 diabetes_31	MEDICATION	1429	1444	SGLT2 inhibitor
endocrinology_type 2 diabetes_31	MEDICATION	1446	1459	empagliflozin
endocrinology_type 2 diabetes_31	SYMPTOM	1633	1665	signs of hypo- and hyperglycemia
endocrinology_type 2 diabetes_32	DISEASE	207	231	Type 2 Diabetes Mellitus
endocrinology_type 2 diabetes_32	DISEASE	259	271	Hypertension
endocrinology_type 2 diabetes_32	DISEASE	273	280	Obesity
endocrinology_type 2 diabetes_32	DISEASE	375	387	hypertension
endocrinology_type 2 diabetes_32	DISEASE	392	399	obesity
endocrinology_type 2 diabetes_32	SYMPTOM	482	501	persistent polyuria
endocrinology_type 2 diabetes_32	SYMPTOM	503	513	polydipsia
endocrinology_type 2 diabetes_32	SYMPTOM	519	542	unexplained weight loss
endocrinology_type 2 diabetes_32	SYMPTOM	641	659	increasing fatigue
endocrinology_type 2 diabetes_32	SYMPTOM	664	678	blurred vision
endocrinology_type 2 diabetes_32	SYMPTOM	732	743	vital signs
endocrinology_type 2 diabetes_32	PROCEDURE	782	800	Initial blood work
endocrinology_type 2 diabetes_32	DISEASE	935	959	type 2 diabetes mellitus
endocrinology_type 2 diabetes_32	PROCEDURE	963	983	random glucose value
endocrinology_type 2 diabetes_32	PROCEDURE	1030	1043	lipid profile
endocrinology_type 2 diabetes_32	DISEASE	1054	1066	dyslipidemia
endocrinology_type 2 diabetes_32	PROCEDURE	1126	1155	Urine testing for albuminuria
endocrinology_type 2 diabetes_32	PROCEDURE	1172	1202	comprehensive foot examination
endocrinology_type 2 diabetes_32	PROCEDURE	1262	1285	Funduscopic examination
endocrinology_type 2 diabetes_32	OBSERVATION	1290	1302	unremarkable
endocrinology_type 2 diabetes_32	MEDICATION	1374	1390	Metformin 500 mg
endocrinology_type 2 diabetes_32	MEDICATION	1486	1508	GLP-1 receptor agonist
endocrinology_type 2 diabetes_32	MEDICATION	1510	1528	Semaglutide 0.5 mg
endocrinology_type 2 diabetes_32	OBSERVATION	1600	1680	The patient showed good tolerance to the medications without any adverse effects
endocrinology_type 2 diabetes_32	PROCEDURE	1682	1705	Lifestyle modifications
endocrinology_type 2 diabetes_32	PROCEDURE	1717	1732	dietary changes
endocrinology_type 2 diabetes_32	PROCEDURE	1794	1830	structured physical activity program
endocrinology_type 2 diabetes_33	DISEASE	240	264	Type 2 Diabetes Mellitus
endocrinology_type 2 diabetes_33	DISEASE	292	304	Hypertension
endocrinology_type 2 diabetes_33	DISEASE	306	313	Obesity
endocrinology_type 2 diabetes_33	SYMPTOM	464	480	increased thirst
endocrinology_type 2 diabetes_33	SYMPTOM	482	500	frequent urination
endocrinology_type 2 diabetes_33	SYMPTOM	502	525	unexplained weight loss
endocrinology_type 2 diabetes_33	SYMPTOM	531	545	blurred vision
endocrinology_type 2 diabetes_33	DISEASE	599	611	hypertension
endocrinology_type 2 diabetes_33	DISEASE	641	648	obesity
endocrinology_type 2 diabetes_33	DISEASE	679	694	type 2 diabetes
endocrinology_type 2 diabetes_33	PROCEDURE	899	933	Oral Glucose Tolerance Test (OGTT)
endocrinology_type 2 diabetes_33	PROCEDURE	1013	1033	Complete Blood Count
endocrinology_type 2 diabetes_33	PROCEDURE	1041	1057	Serum Creatinine
endocrinology_type 2 diabetes_33	PROCEDURE	1059	1072	Lipid Profile
endocrinology_type 2 diabetes_33	PROCEDURE	1078	1104	Urine Test for Albuminuria
endocrinology_type 2 diabetes_33	DISEASE	1140	1164	elevated LDL cholesterol
endocrinology_type 2 diabetes_33	PROCEDURE	1185	1208	Funduscopic Examination
endocrinology_type 2 diabetes_33	DISEASE	1260	1302	mild nonproliferative diabetic retinopathy
endocrinology_type 2 diabetes_33	PROCEDURE	1310	1326	Foot Examination
endocrinology_type 2 diabetes_33	OBSERVATION	1330	1371	Revealed decreased sensation in both feet
endocrinology_type 2 diabetes_33	OBSERVATION	1430	1451	clinical presentation
endocrinology_type 2 diabetes_33	DISEASE	1480	1504	type 2 diabetes mellitus
endocrinology_type 2 diabetes_33	PROCEDURE	1509	1533	Treatment and Management
endocrinology_type 2 diabetes_33	MEDICATION	1576	1585	Metformin
endocrinology_type 2 diabetes_34	SYMPTOM	359	376	persistent thirst
endocrinology_type 2 diabetes_34	SYMPTOM	378	396	frequent urination
endocrinology_type 2 diabetes_34	SYMPTOM	402	425	unexplained weight loss
endocrinology_type 2 diabetes_34	DISEASE	553	568	type 2 diabetes
endocrinology_type 2 diabetes_34	SYMPTOM	712	731	significant fatigue
endocrinology_type 2 diabetes_34	SYMPTOM	733	747	blurred vision
endocrinology_type 2 diabetes_34	SYMPTOM	755	786	recent unquantified weight loss
endocrinology_type 2 diabetes_34	DISEASE	814	826	Hypertension
endocrinology_type 2 diabetes_34	DISEASE	859	873	Hyperlipidemia
endocrinology_type 2 diabetes_34	MEDICATION	967	977	Lisinopril
endocrinology_type 2 diabetes_34	MEDICATION	994	1012	Atorvastatin 40 mg
endocrinology_type 2 diabetes_34	PROCEDURE	1029	1049	Physical Examination
endocrinology_type 2 diabetes_34	SYMPTOM	1071	1105	the patient was alert and oriented
endocrinology_type 2 diabetes_34	SYMPTOM	1107	1118	Vital signs
endocrinology_type 2 diabetes_34	DISEASE	1156	1179	elevated blood pressure
endocrinology_type 2 diabetes_34	PROCEDURE	1195	1215	Physical examination
endocrinology_type 2 diabetes_34	SYMPTOM	1225	1282	no diabetic foot ulcers or signs of peripheral neuropathy
endocrinology_type 2 diabetes_34	PROCEDURE	1284	1307	Funduscopic examination
endocrinology_type 2 diabetes_34	PROCEDURE	1482	1495	Lipid Profile
endocrinology_type 2 diabetes_34	DISEASE	1497	1521	Elevated LDL cholesterol
endocrinology_type 2 diabetes_34	DISEASE	1544	1564	Within normal limits
endocrinology_type 2 diabetes_34	PROCEDURE	1569	1595	Urine Test for Albuminuria
endocrinology_type 2 diabetes_34	OBSERVATION	1597	1605	Negative
endocrinology_type 2 diabetes_34	DISEASE	1665	1689	type 2 diabetes mellitus
endocrinology_type 2 diabetes_34	PROCEDURE	1694	1709	Hospital Course
endocrinology_type 2 diabetes_34	MEDICATION	1744	1760	Metformin 500 mg
endocrinology_type 2 diabetes_34	DISEASE	1798	1811	hyperglycemia
endocrinology_type 2 diabetes_34	PROCEDURE	1813	1870	Education on diet, exercise, and diabetes self-management
endocrinology_type 2 diabetes_34	PROCEDURE	1911	2003	The patient showed good understanding and willingness to comply with lifestyle modifications
endocrinology_type 2 diabetes_35	DISEASE	249	273	Type 2 Diabetes Mellitus
endocrinology_type 2 diabetes_35	SYMPTOM	387	395	polyuria
endocrinology_type 2 diabetes_35	SYMPTOM	397	407	polydipsia
endocrinology_type 2 diabetes_35	SYMPTOM	413	438	unintentional weight loss
endocrinology_type 2 diabetes_35	PROCEDURE	467	491	Initial laboratory tests
endocrinology_type 2 diabetes_35	DISEASE	626	650	type 2 diabetes mellitus
endocrinology_type 2 diabetes_35	PROCEDURE	656	690	oral glucose tolerance test (OGTT)
endocrinology_type 2 diabetes_35	OBSERVATION	724	759	further substantiated the diagnosis
endocrinology_type 2 diabetes_35	DISEASE	781	806	significant hyperglycemia
endocrinology_type 2 diabetes_35	PROCEDURE	842	871	lifestyle modification advice
endocrinology_type 2 diabetes_35	PROCEDURE	908	923	pharmacotherapy
endocrinology_type 2 diabetes_35	MEDICATION	953	962	Metformin
endocrinology_type 2 diabetes_35	PROCEDURE	1471	1493	Complication Screening
endocrinology_type 2 diabetes_35	PROCEDURE	1499	1546	Comprehensive foot and funduscopic examinations
endocrinology_type 2 diabetes_35	OBSERVATION	1563	1617	revealing no immediate signs of diabetic complications
endocrinology_type 2 diabetes_35	PROCEDURE	1621	1634	Urine testing
endocrinology_type 2 diabetes_35	OBSERVATION	1706	1761	indicating no sign of diabetic nephropathy at discharge
endocrinology_type 2 diabetes_35	PROCEDURE	1767	1780	lipid profile
endocrinology_type 2 diabetes_35	OBSERVATION	1795	1827	showing elevated LDL cholesterol
endocrinology_type 2 diabetes_35	PROCEDURE	1905	1919	statin therapy
endocrinology_type 2 diabetes_36	SYMPTOM	332	340	polyuria
endocrinology_type 2 diabetes_36	SYMPTOM	342	352	polydipsia
endocrinology_type 2 diabetes_36	SYMPTOM	358	381	unexplained weight loss
endocrinology_type 2 diabetes_36	SYMPTOM	476	492	increased thirst
endocrinology_type 2 diabetes_36	SYMPTOM	494	512	frequent urination
endocrinology_type 2 diabetes_36	SYMPTOM	518	541	significant weight loss
endocrinology_type 2 diabetes_36	DISEASE	675	687	Hypertension
endocrinology_type 2 diabetes_36	MEDICATION	730	740	lisinopril
endocrinology_type 2 diabetes_36	DISEASE	756	770	Hyperlipidemia
endocrinology_type 2 diabetes_36	MEDICATION	779	790	simvastatin
endocrinology_type 2 diabetes_36	DISEASE	831	839	diabetes
endocrinology_type 2 diabetes_36	MEDICATION	888	898	Lisinopril
endocrinology_type 2 diabetes_36	DISEASE	915	927	hypertension
endocrinology_type 2 diabetes_36	MEDICATION	931	954	Simvastatin 40 mg daily
endocrinology_type 2 diabetes_36	DISEASE	959	973	hyperlipidemia
endocrinology_type 2 diabetes_36	PROCEDURE	978	998	Physical Examination
endocrinology_type 2 diabetes_36	PROCEDURE	1067	1087	Physical examination
endocrinology_type 2 diabetes_36	OBSERVATION	1092	1112	largely unremarkable
endocrinology_type 2 diabetes_36	PROCEDURE	1337	1348	Lipid Panel
endocrinology_type 2 diabetes_36	PROCEDURE	1405	1415	Urine Test
endocrinology_type 2 diabetes_36	DISEASE	1417	1441	Positive for albuminuria
endocrinology_type 2 diabetes_36	DISEASE	1551	1575	Type 2 diabetes mellitus
endocrinology_type 2 diabetes_36	DISEASE	1635	1643	diabetes
endocrinology_type 2 diabetes_37	SYMPTOM	414	422	polyuria
endocrinology_type 2 diabetes_37	SYMPTOM	424	434	polydipsia
endocrinology_type 2 diabetes_37	SYMPTOM	440	463	unexplained weight loss
endocrinology_type 2 diabetes_37	DISEASE	558	581	elevated blood pressure
endocrinology_type 2 diabetes_37	OBSERVATION	640	659	Diagnostic Findings
endocrinology_type 2 diabetes_37	PROCEDURE	763	790	Oral Glucose Tolerance Test
endocrinology_type 2 diabetes_37	PROCEDURE	861	880	Random Glucose Test
endocrinology_type 2 diabetes_37	PROCEDURE	950	963	Lipid Profile
endocrinology_type 2 diabetes_37	PROCEDURE	1049	1075	Urine Test for Albuminuria
endocrinology_type 2 diabetes_37	OBSERVATION	1157	1176	diagnostic findings
endocrinology_type 2 diabetes_37	DISEASE	1206	1221	type 2 diabetes
endocrinology_type 2 diabetes_37	OBSERVATION	1227	1256	elevated FPG and HbA1C levels
endocrinology_type 2 diabetes_37	DISEASE	1276	1284	diabetes
endocrinology_type 2 diabetes_37	PROCEDURE	1388	1407	Treatment Initiated
endocrinology_type 2 diabetes_37	MEDICATION	1440	1449	Metformin
endocrinology_type 2 diabetes_38	SYMPTOM	392	408	increased thirst
endocrinology_type 2 diabetes_38	SYMPTOM	410	428	frequent urination
endocrinology_type 2 diabetes_38	SYMPTOM	434	457	unexplained weight loss
endocrinology_type 2 diabetes_38	DISEASE	510	522	Hypertension
endocrinology_type 2 diabetes_38	DISEASE	527	541	Hyperlipidemia
endocrinology_type 2 diabetes_38	DISEASE	583	598	type 2 diabetes
endocrinology_type 2 diabetes_38	PROCEDURE	710	730	Physical Examination
endocrinology_type 2 diabetes_38	OBSERVATION	882	899	Physical Findings
endocrinology_type 2 diabetes_38	SYMPTOM	930	960	signs of peripheral neuropathy
endocrinology_type 2 diabetes_38	PROCEDURE	973	996	Funduscopic examination
endocrinology_type 2 diabetes_38	OBSERVATION	1001	1021	within normal limits
endocrinology_type 2 diabetes_38	PROCEDURE	1194	1207	Lipid Profile
endocrinology_type 2 diabetes_38	DISEASE	1211	1241	Elevated LDL and triglycerides
endocrinology_type 2 diabetes_38	PROCEDURE	1248	1274	Urine Test for Albuminuria
endocrinology_type 2 diabetes_38	OBSERVATION	1278	1286	Negative
endocrinology_type 2 diabetes_38	DISEASE	1350	1374	type 2 diabetes mellitus
endocrinology_type 2 diabetes_38	PROCEDURE	1439	1460	dietary modifications
endocrinology_type 2 diabetes_38	PROCEDURE	1465	1489	exercise recommendations
endocrinology_type 2 diabetes_38	MEDICATION	1491	1500	Metformin
endocrinology_type 2 diabetes_39	DISEASE	279	303	Type 2 Diabetes Mellitus
endocrinology_type 2 diabetes_39	SYMPTOM	421	438	persistent thirst
endocrinology_type 2 diabetes_39	SYMPTOM	440	458	frequent urination
endocrinology_type 2 diabetes_39	SYMPTOM	464	494	recent unexplained weight loss
endocrinology_type 2 diabetes_39	PROCEDURE	496	520	Initial laboratory tests
endocrinology_type 2 diabetes_39	DISEASE	655	679	Type 2 Diabetes Mellitus
endocrinology_type 2 diabetes_39	PROCEDURE	684	718	oral glucose tolerance test (OGTT)
endocrinology_type 2 diabetes_39	MEDICATION	847	856	Metformin
endocrinology_type 2 diabetes_39	MEDICATION	891	912	first-line medication
endocrinology_type 2 diabetes_39	DISEASE	917	932	Type 2 Diabetes
endocrinology_type 2 diabetes_39	DISEASE	1032	1053	poor glycemic control
endocrinology_type 2 diabetes_39	PROCEDURE	1057	1097	comprehensive diabetes education program
endocrinology_type 2 diabetes_39	PROCEDURE	1186	1222	Screening for diabetic complications
endocrinology_type 2 diabetes_39	PROCEDURE	1250	1266	foot examination
endocrinology_type 2 diabetes_39	OBSERVATION	1268	1334	which showed no signs of neuropathy or peripheral vascular disease
endocrinology_type 2 diabetes_39	PROCEDURE	1342	1365	funduscopic examination
endocrinology_type 2 diabetes_39	OBSERVATION	1377	1383	normal
endocrinology_type 2 diabetes_39	PROCEDURE	1385	1398	Urine testing
endocrinology_type 2 diabetes_39	DISEASE	1412	1423	albuminuria
endocrinology_type 2 diabetes_39	MEDICATION	1493	1513	lipid-lowering agent
endocrinology_type 2 diabetes_39	MEDICATION	1515	1539	Atorvastatin 20 mg daily
endocrinology_type 2 diabetes_39	PROCEDURE	1850	1879	resistance training exercises
endocrinology_type 2 diabetes_39	PROCEDURE	1881	1930	Adjustments for hypoglycemia risk during exercise
endocrinology_type 2 diabetes_39	MEDICATION	2021	2043	GLP-1 receptor agonist
endocrinology_type 2 diabetes_4	DISEASE	215	239	Type 2 Diabetes Mellitus
endocrinology_type 2 diabetes_4	PROCEDURE	243	275	History and Physical Examination
endocrinology_type 2 diabetes_4	DISEASE	338	353	type 2 diabetes
endocrinology_type 2 diabetes_4	SYMPTOM	424	432	polyuria
endocrinology_type 2 diabetes_4	SYMPTOM	434	444	polydipsia
endocrinology_type 2 diabetes_4	SYMPTOM	450	473	unexplained weight loss
endocrinology_type 2 diabetes_4	SYMPTOM	521	540	sedentary lifestyle
endocrinology_type 2 diabetes_4	SYMPTOM	547	564	high-calorie diet
endocrinology_type 2 diabetes_4	PROCEDURE	566	586	Physical examination
endocrinology_type 2 diabetes_4	SYMPTOM	651	690	no signs of diabetic foot complications
endocrinology_type 2 diabetes_4	OBSERVATION	696	715	Diagnostic Findings
endocrinology_type 2 diabetes_4	DISEASE	852	867	type 2 diabetes
endocrinology_type 2 diabetes_4	PROCEDURE	871	905	Oral Glucose Tolerance Test (OGTT)
endocrinology_type 2 diabetes_4	PROCEDURE	967	981	Urine analysis
endocrinology_type 2 diabetes_4	SYMPTOM	989	1003	no albuminuria
endocrinology_type 2 diabetes_4	PROCEDURE	1071	1094	Funduscopic examination
endocrinology_type 2 diabetes_4	PROCEDURE	1152	1176	Treatment and Management
endocrinology_type 2 diabetes_4	PROCEDURE	1221	1242	dietary modifications
endocrinology_type 2 diabetes_4	PROCEDURE	1249	1285	structured physical activity program
endocrinology_type 2 diabetes_4	PROCEDURE	1349	1364	pharmacotherapy
endocrinology_type 2 diabetes_4	MEDICATION	1397	1406	Metformin
endocrinology_type 2 diabetes_4	MEDICATION	1577	1599	GLP-1 Receptor Agonist
endocrinology_type 2 diabetes_4	MEDICATION	1603	1614	Semaglutide
endocrinology_type 2 diabetes_40	SYMPTOM	420	439	persistent polyuria
endocrinology_type 2 diabetes_40	SYMPTOM	441	451	polydipsia
endocrinology_type 2 diabetes_40	SYMPTOM	453	476	unexplained weight loss
endocrinology_type 2 diabetes_40	SYMPTOM	482	497	general fatigue
endocrinology_type 2 diabetes_40	PROCEDURE	549	581	evaluation for diabetes mellitus
endocrinology_type 2 diabetes_40	PROCEDURE	651	679	fasting plasma glucose (FPG)
endocrinology_type 2 diabetes_40	PROCEDURE	684	715	glycosylated hemoglobin (HbA1C)
endocrinology_type 2 diabetes_40	OBSERVATION	809	818	diagnosis
endocrinology_type 2 diabetes_40	DISEASE	822	846	type 2 diabetes mellitus
endocrinology_type 2 diabetes_40	PROCEDURE	851	885	oral glucose tolerance test (OGTT)
endocrinology_type 2 diabetes_40	DISEASE	926	935	diagnosis
endocrinology_type 2 diabetes_40	OBSERVATION	990	999	diagnosis
endocrinology_type 2 diabetes_40	PROCEDURE	1001	1031	immediate lifestyle counseling
endocrinology_type 2 diabetes_40	PROCEDURE	1058	1075	diet and exercise
endocrinology_type 2 diabetes_40	PROCEDURE	1173	1198	physical activity regimen
endocrinology_type 2 diabetes_40	PROCEDURE	1251	1269	Medication Therapy
endocrinology_type 2 diabetes_40	MEDICATION	1285	1294	Metformin
endocrinology_type 2 diabetes_40	MEDICATION	1484	1506	GLP-1 receptor agonist
endocrinology_type 2 diabetes_40	MEDICATION	1521	1532	semaglutide
endocrinology_type 2 diabetes_40	PROCEDURE	1942	1978	Screening for diabetic complications
endocrinology_type 2 diabetes_40	OBSERVATION	1988	2026	normal funduscopic examination results
endocrinology_type 2 diabetes_40	SYMPTOM	2028	2051	no signs of albuminuria
endocrinology_type 2 diabetes_41	SYMPTOM	322	330	polyuria
endocrinology_type 2 diabetes_41	SYMPTOM	332	342	polydipsia
endocrinology_type 2 diabetes_41	SYMPTOM	348	373	unintentional weight loss
endocrinology_type 2 diabetes_41	SYMPTOM	583	599	excessive thirst
endocrinology_type 2 diabetes_41	SYMPTOM	601	619	frequent urination
endocrinology_type 2 diabetes_41	SYMPTOM	686	705	visual disturbances
endocrinology_type 2 diabetes_41	SYMPTOM	707	727	neuropathic symptoms
endocrinology_type 2 diabetes_41	PROCEDURE	794	810	laboratory tests
endocrinology_type 2 diabetes_41	DISEASE	962	986	type 2 diabetes mellitus
endocrinology_type 2 diabetes_41	PROCEDURE	991	1025	oral glucose tolerance test (OGTT)
endocrinology_type 2 diabetes_41	PROCEDURE	1107	1128	Additional screenings
endocrinology_type 2 diabetes_41	PROCEDURE	1140	1156	foot examination
endocrinology_type 2 diabetes_41	OBSERVATION	1168	1174	normal
endocrinology_type 2 diabetes_41	PROCEDURE	1182	1205	funduscopic examination
endocrinology_type 2 diabetes_41	SYMPTOM	1220	1252	no signs of diabetic retinopathy
endocrinology_type 2 diabetes_41	PROCEDURE	1254	1267	Urine testing
endocrinology_type 2 diabetes_41	OBSERVATION	1288	1296	negative
endocrinology_type 2 diabetes_41	PROCEDURE	1349	1362	lipid profile
endocrinology_type 2 diabetes_41	PROCEDURE	1495	1516	dietary modifications
endocrinology_type 2 diabetes_41	PROCEDURE	1521	1551	education on physical activity
endocrinology_type 2 diabetes_41	PROCEDURE	1615	1630	pharmacotherapy
endocrinology_type 2 diabetes_41	MEDICATION	1632	1641	Metformin
endocrinology_type 2 diabetes_41	MEDICATION	1800	1814	GLP-1 receptor
endocrinology_type 2 diabetes_42	DISEASE	309	333	Type 2 Diabetes Mellitus
endocrinology_type 2 diabetes_42	DISEASE	361	373	Hypertension
endocrinology_type 2 diabetes_42	DISEASE	375	382	Obesity
endocrinology_type 2 diabetes_42	DISEASE	476	488	hypertension
endocrinology_type 2 diabetes_42	SYMPTOM	596	604	polyuria
endocrinology_type 2 diabetes_42	SYMPTOM	606	616	polydipsia
endocrinology_type 2 diabetes_42	SYMPTOM	622	645	unexplained weight loss
endocrinology_type 2 diabetes_42	DISEASE	716	731	type 2 diabetes
endocrinology_type 2 diabetes_42	OBSERVATION	736	753	Clinical Findings
endocrinology_type 2 diabetes_42	SYMPTOM	775	786	vital signs
endocrinology_type 2 diabetes_42	DISEASE	824	847	elevated blood pressure
endocrinology_type 2 diabetes_42	PROCEDURE	863	883	Physical examination
endocrinology_type 2 diabetes_42	DISEASE	941	948	obesity
endocrinology_type 2 diabetes_42	PROCEDURE	950	974	Initial laboratory tests
endocrinology_type 2 diabetes_42	DISEASE	1107	1122	type 2 diabetes
endocrinology_type 2 diabetes_42	PROCEDURE	1148	1172	comprehensive evaluation
endocrinology_type 2 diabetes_42	PROCEDURE	1184	1217	foot and funduscopic examinations
endocrinology_type 2 diabetes_42	PROCEDURE	1242	1271	urine testing for albuminuria
endocrinology_type 2 diabetes_42	OBSERVATION	1283	1291	negative
endocrinology_type 2 diabetes_42	PROCEDURE	1293	1327	Serum creatinine and lipid profile
endocrinology_type 2 diabetes_42	PROCEDURE	1457	1486	individualized treatment plan
endocrinology_type 2 diabetes_42	PROCEDURE	1498	1533	dietary and lifestyle modifications
endocrinology_type 2 diabetes_42	MEDICATION	1535	1544	Metformin
endocrinology_type 2 diabetes_42	MEDICATION	1607	1628	first-line medication
endocrinology_type 2 diabetes_42	DISEASE	1633	1648	type 2 diabetes
endocrinology_type 2 diabetes_42	DISEASE	1928	1935	obesity
endocrinology_type 2 diabetes_43	DISEASE	276	300	Type 2 Diabetes Mellitus
endocrinology_type 2 diabetes_43	SYMPTOM	503	511	polyuria
endocrinology_type 2 diabetes_43	SYMPTOM	513	523	polydipsia
endocrinology_type 2 diabetes_43	SYMPTOM	529	552	unexplained weight loss
endocrinology_type 2 diabetes_43	DISEASE	607	622	type 2 diabetes
endocrinology_type 2 diabetes_43	PROCEDURE	803	831	Fasting Plasma Glucose (FPG)
endocrinology_type 2 diabetes_43	PROCEDURE	893	927	Oral Glucose Tolerance Test (OGTT)
endocrinology_type 2 diabetes_43	PROCEDURE	991	1017	Urine test for albuminuria
endocrinology_type 2 diabetes_43	DISEASE	1034	1050	microalbuminuria
endocrinology_type 2 diabetes_43	PROCEDURE	1089	1102	Lipid Profile
endocrinology_type 2 diabetes_43	DISEASE	1200	1215	type 2 diabetes
endocrinology_type 2 diabetes_43	DISEASE	1266	1278	dyslipidemia
endocrinology_type 2 diabetes_43	DISEASE	1283	1300	early nephropathy
endocrinology_type 2 diabetes_43	DISEASE	1317	1333	microalbuminuria
endocrinology_type 2 diabetes_43	PROCEDURE	1406	1427	dietary modifications
endocrinology_type 2 diabetes_43	PROCEDURE	1432	1462	education on physical activity
endocrinology_type 2 diabetes_43	PROCEDURE	1500	1525	pharmacological treatment
endocrinology_type 2 diabetes_43	MEDICATION	1545	1554	Metformin
endocrinology_type 2 diabetes_44	DISEASE	324	348	Type 2 Diabetes Mellitus
endocrinology_type 2 diabetes_44	DISEASE	376	388	Hypertension
endocrinology_type 2 diabetes_44	DISEASE	390	397	Obesity
endocrinology_type 2 diabetes_44	DISEASE	515	527	hypertension
endocrinology_type 2 diabetes_44	DISEASE	532	539	obesity
endocrinology_type 2 diabetes_44	SYMPTOM	620	628	polyuria
endocrinology_type 2 diabetes_44	SYMPTOM	630	640	polydipsia
endocrinology_type 2 diabetes_44	SYMPTOM	646	669	unexplained weight loss
endocrinology_type 2 diabetes_44	SYMPTOM	671	682	Vital signs
endocrinology_type 2 diabetes_44	OBSERVATION	703	709	stable
endocrinology_type 2 diabetes_44	PROCEDURE	737	761	Initial laboratory tests
endocrinology_type 2 diabetes_44	DISEASE	900	924	type 2 diabetes mellitus
endocrinology_type 2 diabetes_44	PROCEDURE	952	976	comprehensive evaluation
endocrinology_type 2 diabetes_44	PROCEDURE	988	1021	foot and funduscopic examinations
endocrinology_type 2 diabetes_44	PROCEDURE	1023	1052	urine testing for albuminuria
endocrinology_type 2 diabetes_44	PROCEDURE	1058	1107	measurement of serum creatinine and lipid profile
endocrinology_type 2 diabetes_44	DISEASE	1140	1166	early diabetic nephropathy
endocrinology_type 2 diabetes_44	PROCEDURE	1191	1212	Medication Management
endocrinology_type 2 diabetes_44	MEDICATION	1257	1273	Metformin 500 mg
endocrinology_type 2 diabetes_44	PROCEDURE	1300	1327	to improve glycemic control
endocrinology_type 2 diabetes_44	DISEASE	1513	1520	obesity
endocrinology_type 2 diabetes_44	MEDICATION	1567	1586	semaglutide 0.25 mg
endocrinology_type 2 diabetes_44	PROCEDURE	1756	1808	Significant emphasis was placed on patient education
endocrinology_type 2 diabetes_45	DISEASE	294	318	Type 2 Diabetes Mellitus
endocrinology_type 2 diabetes_45	SYMPTOM	531	551	symptoms of polyuria
endocrinology_type 2 diabetes_45	SYMPTOM	553	563	polydipsia
endocrinology_type 2 diabetes_45	SYMPTOM	569	592	unexplained weight loss
endocrinology_type 2 diabetes_45	DISEASE	647	662	type 2 diabetes
endocrinology_type 2 diabetes_45	SYMPTOM	753	764	vital signs
endocrinology_type 2 diabetes_45	PROCEDURE	822	846	Initial laboratory tests
endocrinology_type 2 diabetes_45	DISEASE	977	992	type 2 diabetes
endocrinology_type 2 diabetes_45	PROCEDURE	998	1032	oral glucose tolerance test (OGTT)
endocrinology_type 2 diabetes_45	PROCEDURE	1167	1188	Additional screenings
endocrinology_type 2 diabetes_45	SYMPTOM	1198	1214	microalbuminuria
endocrinology_type 2 diabetes_45	DISEASE	1274	1291	early nephropathy
endocrinology_type 2 diabetes_45	PROCEDURE	1297	1310	lipid profile
endocrinology_type 2 diabetes_45	MEDICATION	1382	1396	statin therapy
endocrinology_type 2 diabetes_45	DISEASE	1401	1415	hyperlipidemia
endocrinology_type 2 diabetes_45	PROCEDURE	1440	1472	comprehensive diabetic education
endocrinology_type 2 diabetes_45	OBSERVATION	1510	1567	recognizing symptoms and signs of hypo- and hyperglycemia
endocrinology_type 2 diabetes_45	PROCEDURE	1621	1639	Dietary counseling
endocrinology_type 2 diabetes_45	PROCEDURE	1906	1925	Treatment Initiated
endocrinology_type 2 diabetes_46	PROCEDURE	262	271	Diagnosis
endocrinology_type 2 diabetes_46	DISEASE	275	299	Type 2 Diabetes Mellitus
endocrinology_type 2 diabetes_46	SYMPTOM	417	435	persistent fatigue
endocrinology_type 2 diabetes_46	SYMPTOM	437	453	excessive thirst
endocrinology_type 2 diabetes_46	SYMPTOM	459	477	frequent urination
endocrinology_type 2 diabetes_46	PROCEDURE	479	503	Initial laboratory tests
endocrinology_type 2 diabetes_46	PROCEDURE	625	634	diagnosis
endocrinology_type 2 diabetes_46	DISEASE	638	662	Type 2 Diabetes Mellitus
endocrinology_type 2 diabetes_46	PROCEDURE	719	746	oral glucose tolerance test
endocrinology_type 2 diabetes_46	PROCEDURE	787	796	diagnosis
endocrinology_type 2 diabetes_46	PROCEDURE	827	865	comprehensive diabetes management plan
endocrinology_type 2 diabetes_46	SYMPTOM	880	890	medication
endocrinology_type 2 diabetes_46	PROCEDURE	892	913	dietary modifications
endocrinology_type 2 diabetes_46	PROCEDURE	919	936	lifestyle changes
endocrinology_type 2 diabetes_46	MEDICATION	963	972	Metformin
endocrinology_type 2 diabetes_46	MEDICATION	1146	1157	Semaglutide
endocrinology_type 2 diabetes_46	MEDICATION	1159	1181	GLP-1 receptor agonist
endocrinology_type 2 diabetes_46	DISEASE	1441	1456	Type 2 Diabetes
endocrinology_type 2 diabetes_47	SYMPTOM	297	313	increased thirst
endocrinology_type 2 diabetes_47	SYMPTOM	315	333	frequent urination
endocrinology_type 2 diabetes_47	SYMPTOM	339	362	unexplained weight loss
endocrinology_type 2 diabetes_47	DISEASE	411	423	Hypertension
endocrinology_type 2 diabetes_47	DISEASE	454	468	Hyperlipidemia
endocrinology_type 2 diabetes_47	DISEASE	540	555	type 2 diabetes
endocrinology_type 2 diabetes_47	DISEASE	570	582	hypertension
endocrinology_type 2 diabetes_47	PROCEDURE	667	687	Physical Examination
endocrinology_type 2 diabetes_47	PROCEDURE	740	756	Foot examination
endocrinology_type 2 diabetes_47	OBSERVATION	758	794	No signs of ulceration or neuropathy
endocrinology_type 2 diabetes_47	PROCEDURE	797	820	Funduscopic examination
endocrinology_type 2 diabetes_47	OBSERVATION	822	845	No signs of retinopathy
endocrinology_type 2 diabetes_47	DISEASE	849	868	Laboratory Findings
endocrinology_type 2 diabetes_47	PROCEDURE	956	969	Lipid Profile
endocrinology_type 2 diabetes_47	DISEASE	971	995	Elevated LDL cholesterol
endocrinology_type 2 diabetes_47	DISEASE	998	1014	Serum Creatinine
endocrinology_type 2 diabetes_47	PROCEDURE	1038	1064	Urine Test for Albuminuria
endocrinology_type 2 diabetes_47	DISEASE	1066	1074	Negative
endocrinology_type 2 diabetes_47	DISEASE	1130	1149	laboratory findings
endocrinology_type 2 diabetes_47	DISEASE	1182	1206	type 2 diabetes mellitus
endocrinology_type 2 diabetes_47	PROCEDURE	1211	1235	Treatment and Management
endocrinology_type 2 diabetes_47	MEDICATION	1251	1260	Metformin
endocrinology_type 2 diabetes_47	MEDICATION	1381	1392	Semaglutide
endocrinology_type 2 diabetes_47	PROCEDURE	1483	1502	second-line therapy
endocrinology_type 2 diabetes_47	PROCEDURE	1572	1628	The patient received counseling on dietary modifications
endocrinology_type 2 diabetes_47	SYMPTOM	1880	1888	symptoms
endocrinology_type 2 diabetes_48	DISEASE	272	296	Type 2 Diabetes Mellitus
endocrinology_type 2 diabetes_48	DISEASE	320	332	Hypertension
endocrinology_type 2 diabetes_48	DISEASE	334	341	Obesity
endocrinology_type 2 diabetes_48	PROCEDURE	345	377	History and Physical Examination
endocrinology_type 2 diabetes_48	SYMPTOM	479	487	polyuria
endocrinology_type 2 diabetes_48	SYMPTOM	489	499	polydipsia
endocrinology_type 2 diabetes_48	SYMPTOM	505	528	unexplained weight loss
endocrinology_type 2 diabetes_48	DISEASE	609	621	hypertension
endocrinology_type 2 diabetes_48	PROCEDURE	626	646	physical examination
endocrinology_type 2 diabetes_48	OBSERVATION	721	772	no visible diabetic foot ulcers or sensory deficits
endocrinology_type 2 diabetes_48	OBSERVATION	777	796	Diagnostic Findings
endocrinology_type 2 diabetes_48	PROCEDURE	912	946	Oral Glucose Tolerance Test (OGTT)
endocrinology_type 2 diabetes_48	PROCEDURE	948	1001	Not performed due to conclusive FPG and HbA1C results
endocrinology_type 2 diabetes_48	PROCEDURE	1005	1031	Urine test for albuminuria
endocrinology_type 2 diabetes_48	PROCEDURE	1074	1087	Lipid profile
endocrinology_type 2 diabetes_48	PROCEDURE	1232	1256	comprehensive evaluation
endocrinology_type 2 diabetes_48	DISEASE	1285	1309	type 2 diabetes mellitus
endocrinology_type 2 diabetes_48	MEDICATION	1338	1347	Metformin
endocrinology_type 2 diabetes_48	PROCEDURE	1385	1432	educated on the importance of diet and exercise
endocrinology_type 2 diabetes_48	OBSERVATION	1440	1484	no significant gastrointestinal side effects
endocrinology_type 2 diabetes_48	DISEASE	1592	1599	obesity
endocrinology_type 2 diabetes_48	MEDICATION	1617	1628	Semaglutide
endocrinology_type 2 diabetes_48	PROCEDURE	1746	1766	Dietary consultation
endocrinology_type 2 diabetes_48	PROCEDURE	1781	1835	emphasizing whole foods and high-quality carbohydrates
endocrinology_type 2 diabetes_49	DISEASE	291	315	Type 2 Diabetes Mellitus
endocrinology_type 2 diabetes_49	SYMPTOM	533	543	polydipsia
endocrinology_type 2 diabetes_49	SYMPTOM	545	553	polyuria
endocrinology_type 2 diabetes_49	SYMPTOM	559	582	unexplained weight loss
endocrinology_type 2 diabetes_49	PROCEDURE	609	635	Initial laboratory results
endocrinology_type 2 diabetes_49	PROCEDURE	647	675	fasting plasma glucose level
endocrinology_type 2 diabetes_49	DISEASE	764	788	type 2 diabetes mellitus
endocrinology_type 2 diabetes_49	PROCEDURE	856	890	intensive diabetes management plan
endocrinology_type 2 diabetes_49	MEDICATION	925	941	Metformin 500 mg
endocrinology_type 2 diabetes_49	PROCEDURE	1152	1172	Dietary consultation
endocrinology_type 2 diabetes_49	PROCEDURE	1341	1365	Physical activity advice
endocrinology_type 2 diabetes_49	MEDICATION	1537	1559	GLP-1 receptor agonist
endocrinology_type 2 diabetes_49	MEDICATION	1561	1579	Semaglutide 2.4 mg
endocrinology_type 2 diabetes_49	PROCEDURE	1765	1801	Screening for diabetic complications
endocrinology_type 2 diabetes_49	PROCEDURE	1830	1860	comprehensive foot examination
endocrinology_type 2 diabetes_49	PROCEDURE	1932	1955	Funduscopic examination
endocrinology_type 2 diabetes_5	DISEASE	184	208	Type 2 Diabetes Mellitus
endocrinology_type 2 diabetes_5	SYMPTOM	338	346	polyuria
endocrinology_type 2 diabetes_5	SYMPTOM	348	358	polydipsia
endocrinology_type 2 diabetes_5	SYMPTOM	364	387	unexplained weight loss
endocrinology_type 2 diabetes_5	DISEASE	558	582	type 2 diabetes mellitus
endocrinology_type 2 diabetes_5	PROCEDURE	643	667	comprehensive evaluation
endocrinology_type 2 diabetes_5	PROCEDURE	678	708	oral glucose tolerance testing
endocrinology_type 2 diabetes_5	DISEASE	733	763	significant insulin resistance
endocrinology_type 2 diabetes_5	PROCEDURE	767	792	complete foot examination
endocrinology_type 2 diabetes_5	PROCEDURE	797	820	funduscopic examination
endocrinology_type 2 diabetes_5	OBSERVATION	837	891	revealing no immediate signs of diabetic complications
endocrinology_type 2 diabetes_5	PROCEDURE	893	906	Urine testing
endocrinology_type 2 diabetes_5	DISEASE	911	922	albuminuria
endocrinology_type 2 diabetes_5	PROCEDURE	927	956	serum creatinine measurements
endocrinology_type 2 diabetes_5	OBSERVATION	967	989	normal kidney function
endocrinology_type 2 diabetes_5	PROCEDURE	999	1012	lipid profile
endocrinology_type 2 diabetes_5	DISEASE	1054	1076	elevated triglycerides
endocrinology_type 2 diabetes_5	PROCEDURE	1121	1152	multifaceted treatment approach
endocrinology_type 2 diabetes_5	MEDICATION	1179	1189	medication
endocrinology_type 2 diabetes_5	PROCEDURE	1191	1213	lifestyle modification
endocrinology_type 2 diabetes_5	PROCEDURE	1219	1236	patient education
endocrinology_type 2 diabetes_5	MEDICATION	1238	1247	Metformin
endocrinology_type 2 diabetes_5	PROCEDURE	1717	1756	self-monitoring of blood glucose levels
endocrinology_type 2 diabetes_5	MEDICATION	2079	2088	Metformin
endocrinology_type 2 diabetes_6	DISEASE	197	221	Type 2 Diabetes Mellitus
endocrinology_type 2 diabetes_6	SYMPTOM	395	414	persistent polyuria
endocrinology_type 2 diabetes_6	SYMPTOM	416	426	polydipsia
endocrinology_type 2 diabetes_6	SYMPTOM	432	455	unexplained weight loss
endocrinology_type 2 diabetes_6	SYMPTOM	513	527	blurred vision
endocrinology_type 2 diabetes_6	SYMPTOM	532	563	occasional tingling in his feet
endocrinology_type 2 diabetes_6	PROCEDURE	709	725	laboratory tests
endocrinology_type 2 diabetes_6	DISEASE	877	901	type 2 diabetes mellitus
endocrinology_type 2 diabetes_6	PROCEDURE	903	914	Urine tests
endocrinology_type 2 diabetes_6	DISEASE	938	949	albuminuria
endocrinology_type 2 diabetes_6	PROCEDURE	1019	1035	foot examination
endocrinology_type 2 diabetes_6	SYMPTOM	1045	1064	decreased sensation
endocrinology_type 2 diabetes_6	OBSERVATION	1077	1101	without any overt ulcers
endocrinology_type 2 diabetes_6	PROCEDURE	1105	1128	funduscopic examination
endocrinology_type 2 diabetes_6	OBSERVATION	1133	1139	normal
endocrinology_type 2 diabetes_6	PROCEDURE	1189	1218	individualized treatment plan
endocrinology_type 2 diabetes_6	PROCEDURE	1230	1234	diet
endocrinology_type 2 diabetes_6	PROCEDURE	1236	1244	exercise
endocrinology_type 2 diabetes_6	PROCEDURE	1246	1263	patient education
endocrinology_type 2 diabetes_6	MEDICATION	1292	1308	Metformin 500 mg
endocrinology_type 2 diabetes_6	PROCEDURE	1342	1362	first-line treatment
endocrinology_type 2 diabetes_6	PROCEDURE	1396	1424	combination therapy approach
endocrinology_type 2 diabetes_6	MEDICATION	1453	1475	GLP-1 receptor agonist
endocrinology_type 2 diabetes_6	MEDICATION	1477	1495	Semaglutide 0.5 mg
endocrinology_type 2 diabetes_6	PROCEDURE	1575	1597	Nutritional counseling
endocrinology_type 2 diabetes_6	SYMPTOM	1792	1831	signs of hypoglycemia and hyperglycemia
endocrinology_type 2 diabetes_7	DISEASE	264	288	Type 2 Diabetes Mellitus
endocrinology_type 2 diabetes_7	DISEASE	318	330	Hypertension
endocrinology_type 2 diabetes_7	DISEASE	332	344	Dyslipidemia
endocrinology_type 2 diabetes_7	DISEASE	448	460	hypertension
endocrinology_type 2 diabetes_7	DISEASE	465	477	dyslipidemia
endocrinology_type 2 diabetes_7	SYMPTOM	551	559	polyuria
endocrinology_type 2 diabetes_7	SYMPTOM	561	571	polydipsia
endocrinology_type 2 diabetes_7	SYMPTOM	577	600	unexplained weight loss
endocrinology_type 2 diabetes_7	SYMPTOM	635	654	presenting symptoms
endocrinology_type 2 diabetes_7	PROCEDURE	679	711	evaluation for diabetes mellitus
endocrinology_type 2 diabetes_7	OBSERVATION	730	749	Diagnostic Findings
endocrinology_type 2 diabetes_7	PROCEDURE	853	880	Oral Glucose Tolerance Test
endocrinology_type 2 diabetes_7	PROCEDURE	952	965	Lipid Profile
endocrinology_type 2 diabetes_7	DISEASE	1094	1110	microalbuminuria
endocrinology_type 2 diabetes_7	DISEASE	1175	1199	type 2 diabetes mellitus
endocrinology_type 2 diabetes_7	OBSERVATION	1235	1256	poor glycemic control
endocrinology_type 2 diabetes_7	PROCEDURE	1258	1294	Screening for diabetic complications
endocrinology_type 2 diabetes_7	DISEASE	1304	1320	microalbuminuria
endocrinology_type 2 diabetes_7	OBSERVATION	1322	1357	suggesting early kidney involvement
endocrinology_type 2 diabetes_7	DISEASE	1363	1375	dyslipidemia
endocrinology_type 2 diabetes_7	OBSERVATION	1377	1408	warranting further intervention
endocrinology_type 2 diabetes_7	PROCEDURE	1413	1432	Treatment Initiated
endocrinology_type 2 diabetes_7	MEDICATION	1443	1452	Metformin
endocrinology_type 2 diabetes_7	PROCEDURE	1488	1550	titrated to 1000mg twice daily by the end of his hospital stay
endocrinology_type 2 diabetes_7	MEDICATION	1595	1617	GLP-1 Receptor Agonist
endocrinology_type 2 diabetes_8	DISEASE	213	237	Type 2 Diabetes Mellitus
endocrinology_type 2 diabetes_8	DISEASE	434	441	obesity
endocrinology_type 2 diabetes_8	SYMPTOM	515	523	polyuria
endocrinology_type 2 diabetes_8	SYMPTOM	525	535	polydipsia
endocrinology_type 2 diabetes_8	SYMPTOM	541	564	unexplained weight loss
endocrinology_type 2 diabetes_8	SYMPTOM	618	632	blurred vision
endocrinology_type 2 diabetes_8	SYMPTOM	637	644	fatigue
endocrinology_type 2 diabetes_8	DISEASE	682	706	type 2 diabetes mellitus
endocrinology_type 2 diabetes_8	PROCEDURE	735	755	Physical Examination
endocrinology_type 2 diabetes_8	SYMPTOM	791	796	obese
endocrinology_type 2 diabetes_8	SYMPTOM	840	851	Vital signs
endocrinology_type 2 diabetes_8	PROCEDURE	869	889	physical examination
endocrinology_type 2 diabetes_8	SYMPTOM	906	926	acanthosis nigricans
endocrinology_type 2 diabetes_8	PROCEDURE	949	973	Neurological examination
endocrinology_type 2 diabetes_8	PROCEDURE	1002	1018	Foot examination
endocrinology_type 2 diabetes_8	PROCEDURE	1102	1135	Fasting Plasma Glucose (FPG) Test
endocrinology_type 2 diabetes_8	PROCEDURE	1241	1275	Oral Glucose Tolerance Test (OGTT)
endocrinology_type 2 diabetes_8	PROCEDURE	1349	1362	Lipid Profile
endocrinology_type 2 diabetes_8	PROCEDURE	1447	1473	Urine Test for Albuminuria
endocrinology_type 2 diabetes_8	DISEASE	1577	1601	type 2 diabetes mellitus
endocrinology_type 2 diabetes_8	PROCEDURE	1607	1626	Treatment Initiated
endocrinology_type 2 diabetes_8	PROCEDURE	1665	1686	multifaceted approach
endocrinology_type 2 diabetes_9	DISEASE	308	332	Type 2 Diabetes Mellitus
endocrinology_type 2 diabetes_9	OBSERVATION	338	364	History of Present Illness
endocrinology_type 2 diabetes_9	SYMPTOM	454	473	persistent polyuria
endocrinology_type 2 diabetes_9	SYMPTOM	475	485	polydipsia
endocrinology_type 2 diabetes_9	SYMPTOM	491	516	unintentional weight loss
endocrinology_type 2 diabetes_9	OBSERVATION	687	696	diagnosis
endocrinology_type 2 diabetes_9	DISEASE	700	724	type 2 diabetes mellitus
endocrinology_type 2 diabetes_9	PROCEDURE	847	884	Oral Glucose Tolerance Testing (OGTT)
endocrinology_type 2 diabetes_9	PROCEDURE	949	975	Urine Test for Albuminuria
endocrinology_type 2 diabetes_9	OBSERVATION	979	987	Negative
endocrinology_type 2 diabetes_9	PROCEDURE	1041	1054	Lipid Profile
endocrinology_type 2 diabetes_9	DISEASE	1058	1082	LDL cholesterol elevated
endocrinology_type 2 diabetes_9	PROCEDURE	1101	1120	Treatment Initiated
endocrinology_type 2 diabetes_9	PROCEDURE	1130	1150	Dietary Consultation
endocrinology_type 2 diabetes_9	MEDICATION	1379	1388	Metformin
endocrinology_type 2 diabetes_9	MEDICATION	1500	1536	GLP-1 Receptor Agonist (Semaglutide)
infectious diseases_influenza_0	SYMPTOM	357	367	high fever
infectious diseases_influenza_0	SYMPTOM	369	388	severe muscle aches
infectious diseases_influenza_0	SYMPTOM	390	395	cough
infectious diseases_influenza_0	SYMPTOM	408	415	fatigue
infectious diseases_influenza_0	SYMPTOM	590	610	progressive symptoms
infectious diseases_influenza_0	DISEASE	627	636	influenza
infectious diseases_influenza_0	SYMPTOM	648	658	high fever
infectious diseases_influenza_0	SYMPTOM	690	695	cough
infectious diseases_influenza_0	SYMPTOM	697	717	significant myalgias
infectious diseases_influenza_0	SYMPTOM	723	730	fatigue
infectious diseases_influenza_0	DISEASE	821	830	influenza
infectious diseases_influenza_0	PROCEDURE	920	938	rapid antigen test
infectious diseases_influenza_0	DISEASE	982	991	Influenza
infectious diseases_influenza_0	PROCEDURE	1055	1066	RT-PCR test
infectious diseases_influenza_0	DISEASE	1116	1125	Influenza
infectious diseases_influenza_0	PROCEDURE	1142	1153	Chest X-ray
infectious diseases_influenza_0	PROCEDURE	1158	1172	pulse oximetry
infectious diseases_influenza_0	DISEASE	1243	1272	mild interstitial infiltrates
infectious diseases_influenza_0	SYMPTOM	1318	1355	oxygen saturation was 94% on room air
infectious diseases_influenza_0	SYMPTOM	1403	1418	severe symptoms
infectious diseases_influenza_0	DISEASE	1443	1452	influenza
infectious diseases_influenza_0	PROCEDURE	1464	1483	antiviral treatment
infectious diseases_influenza_0	MEDICATION	1561	1572	Oseltamivir
infectious diseases_influenza_0	PROCEDURE	1644	1665	Symptomatic treatment
infectious diseases_influenza_0	SYMPTOM	1670	1688	fever and myalgias
infectious diseases_influenza_0	MEDICATION	1698	1718	acetaminophen 650 mg
infectious diseases_influenza_0	MEDICATION	1744	1751	Aspirin
infectious diseases_influenza_1	SYMPTOM	340	345	fever
infectious diseases_influenza_1	SYMPTOM	347	352	cough
infectious diseases_influenza_1	SYMPTOM	354	364	body aches
infectious diseases_influenza_1	SYMPTOM	370	385	extreme fatigue
infectious diseases_influenza_1	SYMPTOM	431	436	fever
infectious diseases_influenza_1	MEDICATION	689	706	albuterol inhaler
infectious diseases_influenza_1	PROCEDURE	721	741	Physical Examination
infectious diseases_influenza_1	PROCEDURE	919	942	Respiratory examination
infectious diseases_influenza_1	SYMPTOM	952	978	bilateral diffuse wheezing
infectious diseases_influenza_1	OBSERVATION	1025	1037	unremarkable
infectious diseases_influenza_1	PROCEDURE	1042	1059	Diagnostic Workup
infectious diseases_influenza_1	DISEASE	1115	1124	influenza
infectious diseases_influenza_1	PROCEDURE	1145	1163	rapid antigen test
infectious diseases_influenza_1	DISEASE	1168	1177	influenza
infectious diseases_influenza_1	DISEASE	1218	1229	Influenza A
infectious diseases_influenza_1	PROCEDURE	1274	1285	RT-PCR test
infectious diseases_influenza_1	DISEASE	1319	1340	Influenza A infection
infectious diseases_influenza_1	PROCEDURE	1344	1355	chest x-ray
infectious diseases_influenza_1	SYMPTOM	1377	1404	severe respiratory symptoms
infectious diseases_influenza_1	OBSERVATION	1419	1430	clear lungs
infectious diseases_influenza_1	OBSERVATION	1532	1546	mild hypoxemia
infectious diseases_influenza_1	MEDICATION	1601	1612	Oseltamivir
infectious diseases_influenza_1	SYMPTOM	1728	1733	fever
infectious diseases_influenza_1	PROCEDURE	1894	1914	outpatient treatment
infectious diseases_influenza_1	PROCEDURE	1918	1933	Supportive care
infectious diseases_influenza_1	PROCEDURE	1943	1952	hydration
infectious diseases_influenza_1	MEDICATION	1954	1967	acetaminophen
infectious diseases_influenza_10	DISEASE	452	461	influenza
infectious diseases_influenza_10	SYMPTOM	473	483	high fever
infectious diseases_influenza_10	SYMPTOM	485	490	cough
infectious diseases_influenza_10	SYMPTOM	492	503	sore throat
infectious diseases_influenza_10	SYMPTOM	509	519	body aches
infectious diseases_influenza_10	DISEASE	605	614	influenza
infectious diseases_influenza_10	OBSERVATION	742	759	Clinical Findings
infectious diseases_influenza_10	SYMPTOM	810	821	temperature
infectious diseases_influenza_10	PROCEDURE	957	977	physical examination
infectious diseases_influenza_10	SYMPTOM	987	1003	nasal congestion
infectious diseases_influenza_10	SYMPTOM	1008	1024	diffuse wheezing
infectious diseases_influenza_10	PROCEDURE	1060	1074	pulse oximetry
infectious diseases_influenza_10	PROCEDURE	1079	1090	chest x-ray
infectious diseases_influenza_10	OBSERVATION	1117	1146	mild interstitial infiltrates
infectious diseases_influenza_10	DISEASE	1219	1228	influenza
infectious diseases_influenza_10	PROCEDURE	1243	1259	Diagnostic Tests
infectious diseases_influenza_10	PROCEDURE	1269	1293	Rapid Antigen Test (RAT)
infectious diseases_influenza_10	DISEASE	1350	1359	influenza
infectious diseases_influenza_10	PROCEDURE	1367	1378	RT-PCR Test
infectious diseases_influenza_10	DISEASE	1417	1426	influenza
infectious diseases_influenza_10	PROCEDURE	1499	1510	Chest X-Ray
infectious diseases_influenza_10	DISEASE	1546	1575	mild interstitial infiltrates
infectious diseases_influenza_10	PROCEDURE	1595	1615	Complete blood count
infectious diseases_influenza_10	PROCEDURE	1635	1655	renal function tests
infectious diseases_influenza_10	PROCEDURE	1718	1735	Antiviral Therapy
infectious diseases_influenza_11	SYMPTOM	397	407	high fever
infectious diseases_influenza_11	SYMPTOM	409	414	cough
infectious diseases_influenza_11	SYMPTOM	416	427	sore throat
infectious diseases_influenza_11	SYMPTOM	429	439	body aches
infectious diseases_influenza_11	SYMPTOM	445	452	fatigue
infectious diseases_influenza_11	DISEASE	580	589	influenza
infectious diseases_influenza_11	SYMPTOM	601	611	high fever
infectious diseases_influenza_11	SYMPTOM	638	643	cough
infectious diseases_influenza_11	SYMPTOM	645	659	severe myalgia
infectious diseases_influenza_11	SYMPTOM	665	679	marked fatigue
infectious diseases_influenza_11	MEDICATION	822	852	over-the-counter acetaminophen
infectious diseases_influenza_11	SYMPTOM	926	946	respiratory symptoms
infectious diseases_influenza_11	SYMPTOM	951	971	difficulty breathing
infectious diseases_influenza_11	DISEASE	1103	1112	influenza
infectious diseases_influenza_11	OBSERVATION	1125	1144	Diagnostic Findings
infectious diseases_influenza_11	PROCEDURE	1166	1184	rapid antigen test
infectious diseases_influenza_11	DISEASE	1189	1198	influenza
infectious diseases_influenza_11	DISEASE	1244	1255	Influenza A
infectious diseases_influenza_11	PROCEDURE	1346	1357	RT-PCR test
infectious diseases_influenza_11	OBSERVATION	1438	1454	initial findings
infectious diseases_influenza_11	PROCEDURE	1456	1467	Chest X-ray
infectious diseases_influenza_11	DISEASE	1477	1501	interstitial infiltrates
infectious diseases_influenza_11	DISEASE	1525	1534	influenza
infectious diseases_influenza_11	PROCEDURE	1546	1560	Pulse oximetry
infectious diseases_influenza_11	OBSERVATION	1609	1634	indicating mild hypoxemia
infectious diseases_influenza_11	PROCEDURE	1750	1767	antiviral therapy
infectious diseases_influenza_11	MEDICATION	1773	1784	Oseltamivir
infectious diseases_influenza_11	PROCEDURE	1857	1872	supportive care
infectious diseases_influenza_12	SYMPTOM	318	330	severe cough
infectious diseases_influenza_12	SYMPTOM	332	342	high fever
infectious diseases_influenza_12	SYMPTOM	352	362	body aches
infectious diseases_influenza_12	SYMPTOM	368	375	fatigue
infectious diseases_influenza_12	DISEASE	469	496	upper respiratory infection
infectious diseases_influenza_12	DISEASE	688	694	Asthma
infectious diseases_influenza_12	MEDICATION	718	725	inhaler
infectious diseases_influenza_12	OBSERVATION	951	984	Examination Findings on Admission
infectious diseases_influenza_12	PROCEDURE	1146	1159	Physical exam
infectious diseases_influenza_12	SYMPTOM	1169	1185	diffuse wheezing
infectious diseases_influenza_12	SYMPTOM	1187	1208	clear nasal discharge
infectious diseases_influenza_12	OBSERVATION	1214	1258	no signs of cyanosis or respiratory distress
infectious diseases_influenza_12	PROCEDURE	1263	1280	Diagnostic Workup
infectious diseases_influenza_12	PROCEDURE	1288	1320	Rapid antigen test for influenza
infectious diseases_influenza_12	OBSERVATION	1322	1330	Positive
infectious diseases_influenza_12	DISEASE	1335	1355	RT-PCR for Influenza
infectious diseases_influenza_12	DISEASE	1367	1378	influenza A
infectious diseases_influenza_12	PROCEDURE	1383	1394	Chest X-ray
infectious diseases_influenza_12	OBSERVATION	1396	1420	No evidence of pneumonia
infectious diseases_influenza_12	PROCEDURE	1425	1445	Complete blood count
infectious diseases_influenza_12	OBSERVATION	1481	1501	Within normal limits
infectious diseases_influenza_12	DISEASE	1603	1612	influenza
infectious diseases_influenza_12	DISEASE	1636	1642	asthma
infectious diseases_influenza_12	PROCEDURE	1685	1702	antiviral therapy
infectious diseases_influenza_13	DISEASE	252	261	Influenza
infectious diseases_influenza_13	SYMPTOM	470	486	high-grade fever
infectious diseases_influenza_13	SYMPTOM	488	493	cough
infectious diseases_influenza_13	SYMPTOM	495	502	myalgia
infectious diseases_influenza_13	SYMPTOM	508	515	malaise
infectious diseases_influenza_13	DISEASE	565	574	influenza
infectious diseases_influenza_13	DISEASE	602	611	influenza
infectious diseases_influenza_13	DISEASE	679	688	influenza
infectious diseases_influenza_13	PROCEDURE	905	925	Physical examination
infectious diseases_influenza_13	OBSERVATION	935	951	mild dehydration
infectious diseases_influenza_13	OBSERVATION	956	982	diffuse bilateral wheezing
infectious diseases_influenza_13	PROCEDURE	986	1003	lung auscultation
infectious diseases_influenza_13	PROCEDURE	1036	1054	symptomatic relief
infectious diseases_influenza_13	MEDICATION	1084	1104	acetaminophen 650 mg
infectious diseases_influenza_13	SYMPTOM	1123	1143	fever and body aches
infectious diseases_influenza_13	PROCEDURE	1149	1163	oral hydration
infectious diseases_influenza_13	MEDICATION	1165	1172	Aspirin
infectious diseases_influenza_13	PROCEDURE	1324	1343	nasopharyngeal swab
infectious diseases_influenza_13	PROCEDURE	1362	1376	RT-PCR testing
infectious diseases_influenza_13	DISEASE	1381	1390	influenza
infectious diseases_influenza_13	DISEASE	1434	1443	Influenza
infectious diseases_influenza_13	PROCEDURE	1497	1514	antiviral therapy
infectious diseases_influenza_13	MEDICATION	1590	1607	Oseltamivir 75 mg
infectious diseases_influenza_13	DISEASE	1820	1829	influenza
infectious diseases_influenza_13	PROCEDURE	1889	1900	chest x-ray
infectious diseases_influenza_13	PROCEDURE	1905	1919	pulse oximetry
infectious diseases_influenza_13	SYMPTOM	1994	1999	fever
infectious diseases_influenza_13	SYMPTOM	2004	2009	cough
infectious diseases_influenza_13	PROCEDURE	2015	2026	chest x-ray
infectious diseases_influenza_14	DISEASE	241	250	Influenza
infectious diseases_influenza_14	DISEASE	274	283	Influenza
infectious diseases_influenza_14	SYMPTOM	510	520	high fever
infectious diseases_influenza_14	SYMPTOM	522	527	cough
infectious diseases_influenza_14	SYMPTOM	529	540	sore throat
infectious diseases_influenza_14	SYMPTOM	542	552	body aches
infectious diseases_influenza_14	SYMPTOM	558	565	fatigue
infectious diseases_influenza_14	DISEASE	711	720	influenza
infectious diseases_influenza_14	DISEASE	748	757	influenza
infectious diseases_influenza_14	PROCEDURE	871	891	physical examination
infectious diseases_influenza_14	OBSERVATION	901	917	mild dehydration
infectious diseases_influenza_14	SYMPTOM	922	938	diffuse myalgias
infectious diseases_influenza_14	DISEASE	972	981	influenza
infectious diseases_influenza_14	PROCEDURE	1044	1063	nasopharyngeal swab
infectious diseases_influenza_14	PROCEDURE	1091	1105	RT-PCR testing
infectious diseases_influenza_14	DISEASE	1117	1126	influenza
infectious diseases_influenza_14	DISEASE	1173	1182	Influenza
infectious diseases_influenza_14	MEDICATION	1214	1225	Oseltamivir
infectious diseases_influenza_14	MEDICATION	1312	1323	Oseltamivir
infectious diseases_influenza_14	PROCEDURE	1487	1502	supportive care
infectious diseases_influenza_14	PROCEDURE	1514	1540	hydration and antipyretics
infectious diseases_influenza_14	MEDICATION	1552	1559	aspirin
infectious diseases_influenza_14	MEDICATION	1626	1633	Aspirin
infectious diseases_influenza_14	MEDICATION	1660	1673	acetaminophen
infectious diseases_influenza_14	SYMPTOM	1687	1705	fever and myalgias
infectious diseases_influenza_14	PROCEDURE	1708	1722	Pulse oximetry
infectious diseases_influenza_14	OBSERVATION	1748	1762	mild hypoxemia
infectious diseases_influenza_14	PROCEDURE	1817	1828	chest x-ray
infectious diseases_influenza_15	SYMPTOM	455	465	high fever
infectious diseases_influenza_15	SYMPTOM	467	486	severe muscle aches
infectious diseases_influenza_15	SYMPTOM	488	493	cough
infectious diseases_influenza_15	SYMPTOM	499	515	profound fatigue
infectious diseases_influenza_15	DISEASE	643	652	influenza
infectious diseases_influenza_15	PROCEDURE	733	753	Physical Examination
infectious diseases_influenza_15	PROCEDURE	935	955	Physical examination
infectious diseases_influenza_15	OBSERVATION	965	981	mild dehydration
infectious diseases_influenza_15	SYMPTOM	986	1000	diffused rales
infectious diseases_influenza_15	OBSERVATION	1020	1069	The remainder of the examination was unremarkable
infectious diseases_influenza_15	PROCEDURE	1074	1095	Diagnostic Evaluation
infectious diseases_influenza_15	DISEASE	1151	1160	influenza
infectious diseases_influenza_15	PROCEDURE	1181	1200	nasopharyngeal swab
infectious diseases_influenza_15	PROCEDURE	1228	1242	RT-PCR testing
infectious diseases_influenza_15	DISEASE	1247	1256	influenza
infectious diseases_influenza_15	DISEASE	1286	1297	Influenza A
infectious diseases_influenza_15	PROCEDURE	1299	1310	Chest x-ray
infectious diseases_influenza_15	PROCEDURE	1315	1329	pulse oximetry
infectious diseases_influenza_15	SYMPTOM	1355	1382	severe respiratory symptoms
infectious diseases_influenza_15	DISEASE	1394	1418	interstitial infiltrates
infectious diseases_influenza_15	DISEASE	1443	1452	influenza
infectious diseases_influenza_15	OBSERVATION	1464	1508	No evidence of secondary bacterial pneumonia
infectious diseases_influenza_15	MEDICATION	1572	1594	oral Oseltamivir 75 mg
infectious diseases_influenza_15	PROCEDURE	1689	1706	antiviral therapy
infectious diseases_influenza_15	PROCEDURE	1778	1805	Symptomatic relief measures
infectious diseases_influenza_15	PROCEDURE	1815	1841	hydration and antipyretics
infectious diseases_influenza_15	MEDICATION	1843	1860	excluding aspirin
infectious diseases_influenza_15	PROCEDURE	2020	2042	Oxygen supplementation
infectious diseases_influenza_16	DISEASE	264	273	Influenza
infectious diseases_influenza_16	SYMPTOM	466	471	fever
infectious diseases_influenza_16	SYMPTOM	473	478	cough
infectious diseases_influenza_16	SYMPTOM	480	490	body aches
infectious diseases_influenza_16	SYMPTOM	496	503	fatigue
infectious diseases_influenza_16	DISEASE	529	538	influenza
infectious diseases_influenza_16	DISEASE	605	614	influenza
infectious diseases_influenza_16	PROCEDURE	618	636	clinical diagnosis
infectious diseases_influenza_16	PROCEDURE	703	722	nasopharyngeal swab
infectious diseases_influenza_16	PROCEDURE	741	755	RT-PCR testing
infectious diseases_influenza_16	DISEASE	767	776	influenza
infectious diseases_influenza_16	DISEASE	815	824	Influenza
infectious diseases_influenza_16	PROCEDURE	828	847	Rapid antigen tests
infectious diseases_influenza_16	PROCEDURE	874	880	RT-PCR
infectious diseases_influenza_16	DISEASE	968	977	influenza
infectious diseases_influenza_16	PROCEDURE	1029	1043	Pulse oximetry
infectious diseases_influenza_16	PROCEDURE	1111	1122	chest x-ray
infectious diseases_influenza_16	OBSERVATION	1132	1153	no signs of pneumonia
infectious diseases_influenza_16	DISEASE	1174	1183	influenza
infectious diseases_influenza_16	PROCEDURE	1268	1285	Antiviral Therapy
infectious diseases_influenza_16	MEDICATION	1309	1320	Oseltamivir
infectious diseases_influenza_16	PROCEDURE	1514	1529	Supportive Care
infectious diseases_influenza_16	PROCEDURE	1533	1554	Symptomatic treatment
infectious diseases_influenza_16	MEDICATION	1564	1577	acetaminophen
infectious diseases_influenza_16	SYMPTOM	1603	1608	fever
infectious diseases_influenza_16	SYMPTOM	1613	1623	body aches
infectious diseases_influenza_16	PROCEDURE	1629	1647	adequate hydration
infectious diseases_influenza_16	MEDICATION	1664	1671	Aspirin
infectious diseases_influenza_16	SYMPTOM	1830	1835	fever
infectious diseases_influenza_17	DISEASE	211	220	Influenza
infectious diseases_influenza_17	DISEASE	244	253	Influenza
infectious diseases_influenza_17	SYMPTOM	490	506	high-grade fever
infectious diseases_influenza_17	SYMPTOM	508	513	cough
infectious diseases_influenza_17	SYMPTOM	515	526	sore throat
infectious diseases_influenza_17	SYMPTOM	532	542	body aches
infectious diseases_influenza_17	DISEASE	577	586	influenza
infectious diseases_influenza_17	DISEASE	618	627	influenza
infectious diseases_influenza_17	PROCEDURE	691	713	Initial investigations
infectious diseases_influenza_17	PROCEDURE	725	743	rapid antigen test
infectious diseases_influenza_17	DISEASE	748	757	influenza
infectious diseases_influenza_17	DISEASE	787	796	Influenza
infectious diseases_influenza_17	PROCEDURE	855	872	antiviral therapy
infectious diseases_influenza_17	PROCEDURE	877	888	RT-PCR test
infectious diseases_influenza_17	DISEASE	937	948	Influenza A
infectious diseases_influenza_17	PROCEDURE	950	964	Pulse oximetry
infectious diseases_influenza_17	DISEASE	975	989	mild hypoxemia
infectious diseases_influenza_17	PROCEDURE	1038	1049	chest x-ray
infectious diseases_influenza_17	OBSERVATION	1065	1099	revealing no evidence of pneumonia
infectious diseases_influenza_17	DISEASE	1106	1135	mild interstitial infiltrates
infectious diseases_influenza_17	PROCEDURE	1169	1180	Blood tests
infectious diseases_influenza_17	PROCEDURE	1194	1220	complete blood count (CBC)
infectious diseases_influenza_17	OBSERVATION	1249	1292	indicating no secondary bacterial infection
infectious diseases_influenza_17	PROCEDURE	1446	1463	antiviral therapy
infectious diseases_influenza_17	MEDICATION	1497	1508	Oseltamivir
infectious diseases_influenza_17	PROCEDURE	1658	1673	Supportive care
infectious diseases_influenza_17	PROCEDURE	1683	1692	hydration
infectious diseases_influenza_17	PROCEDURE	1694	1698	rest
infectious diseases_influenza_17	MEDICATION	1704	1717	acetaminophen
infectious diseases_influenza_17	SYMPTOM	1732	1742	body aches
infectious diseases_influenza_17	MEDICATION	1762	1769	aspirin
infectious diseases_influenza_17	SYMPTOM	1847	1855	symptoms
infectious diseases_influenza_18	DISEASE	295	304	Influenza
infectious diseases_influenza_18	SYMPTOM	443	448	fever
infectious diseases_influenza_18	SYMPTOM	450	455	cough
infectious diseases_influenza_18	SYMPTOM	457	467	body aches
infectious diseases_influenza_18	SYMPTOM	473	480	fatigue
infectious diseases_influenza_18	DISEASE	504	513	influenza
infectious diseases_influenza_18	SYMPTOM	539	558	presenting symptoms
infectious diseases_influenza_18	DISEASE	560	569	influenza
infectious diseases_influenza_18	PROCEDURE	585	603	Initial management
infectious diseases_influenza_18	PROCEDURE	617	632	supportive care
infectious diseases_influenza_18	PROCEDURE	643	652	hydration
infectious diseases_influenza_18	MEDICATION	684	704	acetaminophen 650 mg
infectious diseases_influenza_18	SYMPTOM	740	745	fever
infectious diseases_influenza_18	PROCEDURE	750	768	rapid antigen test
infectious diseases_influenza_18	DISEASE	773	782	influenza
infectious diseases_influenza_18	DISEASE	844	853	Influenza
infectious diseases_influenza_18	PROCEDURE	997	1008	RT-PCR test
infectious diseases_influenza_18	DISEASE	1057	1066	Influenza
infectious diseases_influenza_18	PROCEDURE	1146	1163	antiviral therapy
infectious diseases_influenza_18	MEDICATION	1179	1196	Oseltamivir 75 mg
infectious diseases_influenza_18	SYMPTOM	1396	1401	fever
infectious diseases_influenza_18	PROCEDURE	1674	1688	Pulse oximetry
infectious diseases_influenza_18	PROCEDURE	1769	1780	chest x-ray
infectious diseases_influenza_18	OBSERVATION	1818	1839	no signs of pneumonia
infectious diseases_influenza_18	OBSERVATION	1854	1894	findings consistent with viral infection
infectious diseases_influenza_19	DISEASE	239	250	Influenza A
infectious diseases_influenza_19	SYMPTOM	432	448	high-grade fever
infectious diseases_influenza_19	SYMPTOM	450	455	cough
infectious diseases_influenza_19	SYMPTOM	457	468	sore throat
infectious diseases_influenza_19	SYMPTOM	474	481	malaise
infectious diseases_influenza_19	SYMPTOM	955	966	temperature
infectious diseases_influenza_19	PROCEDURE	1079	1093	Pulse oximetry
infectious diseases_influenza_19	PROCEDURE	1142	1162	Physical examination
infectious diseases_influenza_19	OBSERVATION	1172	1188	mild dehydration
infectious diseases_influenza_19	SYMPTOM	1193	1209	diffuse wheezing
infectious diseases_influenza_19	PROCEDURE	1306	1324	initial management
infectious diseases_influenza_19	PROCEDURE	1334	1349	supportive care
infectious diseases_influenza_19	PROCEDURE	1354	1383	further diagnostic evaluation
infectious diseases_influenza_19	PROCEDURE	1388	1405	Diagnostic Workup
infectious diseases_influenza_19	PROCEDURE	1413	1432	nasopharyngeal swab
infectious diseases_influenza_19	PROCEDURE	1459	1473	RT-PCR testing
infectious diseases_influenza_19	DISEASE	1525	1536	Influenza A
infectious diseases_influenza_19	PROCEDURE	1538	1556	Rapid antigen test
infectious diseases_influenza_19	PROCEDURE	1645	1656	Chest X-ray
infectious diseases_influenza_19	OBSERVATION	1694	1758	which showed clear lung fields with no evidence of consolidation
infectious diseases_influenza_19	OBSERVATION	1760	1841	compatible with primary influenza pneumonia without secondary bacterial infection
infectious diseases_influenza_19	PROCEDURE	1843	1884	Routine blood tests including CBC and CMP
infectious diseases_influenza_19	DISEASE	1922	1939	mild leukocytosis
infectious diseases_influenza_19	PROCEDURE	1944	1953	Treatment
infectious diseases_influenza_19	DISEASE	1982	1993	Influenza A
infectious diseases_influenza_2	SYMPTOM	496	506	high fever
infectious diseases_influenza_2	SYMPTOM	508	523	severe headache
infectious diseases_influenza_2	SYMPTOM	525	537	muscle aches
infectious diseases_influenza_2	SYMPTOM	543	551	coughing
infectious diseases_influenza_2	SYMPTOM	869	875	asthma
infectious diseases_influenza_2	MEDICATION	913	923	medication
infectious diseases_influenza_2	PROCEDURE	928	948	Physical Examination
infectious diseases_influenza_2	SYMPTOM	1174	1190	diffuse wheezing
infectious diseases_influenza_2	OBSERVATION	1208	1261	likely exacerbated by the patient's underlying asthma
infectious diseases_influenza_2	OBSERVATION	1266	1285	Diagnostic Findings
infectious diseases_influenza_2	PROCEDURE	1295	1313	Rapid Antigen Test
infectious diseases_influenza_2	DISEASE	1373	1384	Influenza A
infectious diseases_influenza_2	PROCEDURE	1390	1401	RT-PCR Test
infectious diseases_influenza_2	DISEASE	1431	1455	Influenza A subtype H3N2
infectious diseases_influenza_2	PROCEDURE	1483	1494	Chest X-Ray
infectious diseases_influenza_2	OBSERVATION	1531	1582	indicated clear lungs with no evidence of pneumonia
infectious diseases_influenza_2	PROCEDURE	1588	1602	Pulse Oximetry
infectious diseases_influenza_2	OBSERVATION	1606	1652	Showed an oxygen saturation of 95% on room air
infectious diseases_influenza_20	DISEASE	406	415	influenza
infectious diseases_influenza_20	SYMPTOM	427	437	high fever
infectious diseases_influenza_20	SYMPTOM	439	458	severe muscle aches
infectious diseases_influenza_20	SYMPTOM	460	465	cough
infectious diseases_influenza_20	SYMPTOM	471	482	sore throat
infectious diseases_influenza_20	DISEASE	508	517	influenza
infectious diseases_influenza_20	SYMPTOM	549	568	presenting symptoms
infectious diseases_influenza_20	PROCEDURE	573	599	initial clinical diagnosis
infectious diseases_influenza_20	DISEASE	603	612	influenza
infectious diseases_influenza_20	PROCEDURE	643	662	nasopharyngeal swab
infectious diseases_influenza_20	PROCEDURE	690	704	RT-PCR testing
infectious diseases_influenza_20	DISEASE	749	758	influenza
infectious diseases_influenza_20	PROCEDURE	796	813	antiviral therapy
infectious diseases_influenza_20	PROCEDURE	819	830	RT-PCR test
infectious diseases_influenza_20	DISEASE	853	862	Influenza
infectious diseases_influenza_20	PROCEDURE	910	921	chest x-ray
infectious diseases_influenza_20	PROCEDURE	926	940	pulse oximetry
infectious diseases_influenza_20	SYMPTOM	973	1000	severe respiratory symptoms
infectious diseases_influenza_20	PROCEDURE	1012	1041	mild interstitial infiltrates
infectious diseases_influenza_20	OBSERVATION	1046	1090	no evidence of secondary bacterial pneumonia
infectious diseases_influenza_20	PROCEDURE	1187	1204	Antiviral Therapy
infectious diseases_influenza_20	MEDICATION	1231	1242	Oseltamivir
infectious diseases_influenza_20	DISEASE	1332	1341	Influenza
infectious diseases_influenza_20	PROCEDURE	1460	1481	Symptomatic Treatment
infectious diseases_influenza_20	MEDICATION	1511	1524	acetaminophen
infectious diseases_influenza_20	SYMPTOM	1560	1580	fever and body aches
infectious diseases_influenza_20	MEDICATION	1644	1651	Aspirin
infectious diseases_influenza_21	DISEASE	324	333	Influenza
infectious diseases_influenza_21	PROCEDURE	337	369	History and Physical Examination
infectious diseases_influenza_21	SYMPTOM	536	541	fever
infectious diseases_influenza_21	SYMPTOM	543	554	sore throat
infectious diseases_influenza_21	SYMPTOM	556	568	muscle aches
infectious diseases_influenza_21	SYMPTOM	574	579	cough
infectious diseases_influenza_21	DISEASE	603	612	influenza
infectious diseases_influenza_21	OBSERVATION	638	660	classical presentation
infectious diseases_influenza_21	PROCEDURE	664	682	clinical diagnosis
infectious diseases_influenza_21	DISEASE	686	695	influenza
infectious diseases_influenza_21	PROCEDURE	712	733	Rapid antigen testing
infectious diseases_influenza_21	DISEASE	789	798	Influenza
infectious diseases_influenza_21	PROCEDURE	802	843	Confirmation and subtyping through RT-PCR
infectious diseases_influenza_21	PROCEDURE	868	885	antiviral therapy
infectious diseases_influenza_21	OBSERVATION	1006	1017	vital signs
infectious diseases_influenza_21	SYMPTOM	1044	1049	fever
infectious diseases_influenza_21	SYMPTOM	1069	1080	tachycardic
infectious diseases_influenza_21	PROCEDURE	1124	1138	Pulse oximetry
infectious diseases_influenza_21	PROCEDURE	1189	1200	chest x-ray
infectious diseases_influenza_21	OBSERVATION	1251	1271	no acute infiltrates
infectious diseases_influenza_21	DISEASE	1292	1301	influenza
infectious diseases_influenza_21	PROCEDURE	1326	1337	Blood tests
infectious diseases_influenza_21	PROCEDURE	1351	1371	complete blood count
infectious diseases_influenza_21	PROCEDURE	1376	1391	metabolic panel
infectious diseases_influenza_21	OBSERVATION	1398	1418	within normal limits
infectious diseases_influenza_21	DISEASE	1454	1463	Influenza
infectious diseases_influenza_21	MEDICATION	1542	1553	Oseltamivir
infectious diseases_influenza_21	PROCEDURE	1665	1682	antiviral therapy
infectious diseases_influenza_21	PROCEDURE	1684	1706	symptomatic management
infectious diseases_influenza_21	MEDICATION	1716	1729	acetaminophen
infectious diseases_influenza_21	SYMPTOM	1734	1739	fever
infectious diseases_influenza_21	SYMPTOM	1744	1756	muscle aches
infectious diseases_influenza_21	PROCEDURE	1762	1780	ample fluid intake
infectious diseases_influenza_21	SYMPTOM	1827	1832	fever
infectious diseases_influenza_21	PROCEDURE	1935	1949	pulse oximetry
infectious diseases_influenza_22	DISEASE	235	244	Influenza
infectious diseases_influenza_22	SYMPTOM	369	379	high fever
infectious diseases_influenza_22	SYMPTOM	381	387	chills
infectious diseases_influenza_22	SYMPTOM	389	408	severe muscle aches
infectious diseases_influenza_22	SYMPTOM	410	415	cough
infectious diseases_influenza_22	SYMPTOM	421	432	sore throat
infectious diseases_influenza_22	DISEASE	473	482	influenza
infectious diseases_influenza_22	OBSERVATION	501	519	clinical suspicion
infectious diseases_influenza_22	DISEASE	524	533	influenza
infectious diseases_influenza_22	PROCEDURE	594	613	nasopharyngeal swab
infectious diseases_influenza_22	PROCEDURE	640	658	rapid antigen test
infectious diseases_influenza_22	PROCEDURE	663	669	RT-PCR
infectious diseases_influenza_22	DISEASE	674	683	influenza
infectious diseases_influenza_22	OBSERVATION	790	808	clinical suspicion
infectious diseases_influenza_22	PROCEDURE	883	897	RT-PCR results
infectious diseases_influenza_22	DISEASE	920	929	Influenza
infectious diseases_influenza_22	PROCEDURE	953	983	Chest X-ray and pulse oximetry
infectious diseases_influenza_22	SYMPTOM	1033	1053	difficulty breathing
infectious diseases_influenza_22	DISEASE	1067	1091	interstitial infiltrates
infectious diseases_influenza_22	DISEASE	1116	1125	influenza
infectious diseases_influenza_22	DISEASE	1140	1181	no signs of secondary bacterial pneumonia
infectious diseases_influenza_22	SYMPTOM	1274	1289	severe symptoms
infectious diseases_influenza_22	PROCEDURE	1291	1308	antiviral therapy
infectious diseases_influenza_22	MEDICATION	1328	1339	Oseltamivir
infectious diseases_influenza_22	PROCEDURE	1413	1434	symptomatic treatment
infectious diseases_influenza_22	MEDICATION	1460	1473	acetaminophen
infectious diseases_influenza_22	SYMPTOM	1772	1784	muscle aches
infectious diseases_influenza_22	MEDICATION	1864	1875	Oseltamivir
infectious diseases_influenza_22	MEDICATION	2009	2022	Acetaminophen
infectious diseases_influenza_23	SYMPTOM	420	430	high fever
infectious diseases_influenza_23	SYMPTOM	432	451	severe muscle aches
infectious diseases_influenza_23	SYMPTOM	453	458	cough
infectious diseases_influenza_23	SYMPTOM	464	484	difficulty breathing
infectious diseases_influenza_23	DISEASE	580	613	upper respiratory tract infection
infectious diseases_influenza_23	SYMPTOM	662	672	mild fever
infectious diseases_influenza_23	SYMPTOM	677	688	sore throat
infectious diseases_influenza_23	DISEASE	887	896	influenza
infectious diseases_influenza_23	PROCEDURE	935	955	Physical Examination
infectious diseases_influenza_23	PROCEDURE	1118	1143	Diagnostic Investigations
infectious diseases_influenza_23	PROCEDURE	1151	1169	Rapid antigen test
infectious diseases_influenza_23	DISEASE	1174	1183	influenza
infectious diseases_influenza_23	OBSERVATION	1219	1245	yielding a positive result
infectious diseases_influenza_23	PROCEDURE	1251	1262	RT-PCR test
infectious diseases_influenza_23	DISEASE	1267	1276	influenza
infectious diseases_influenza_23	DISEASE	1303	1312	Influenza
infectious diseases_influenza_23	PROCEDURE	1346	1357	Chest X-ray
infectious diseases_influenza_23	OBSERVATION	1389	1420	showed no evidence of pneumonia
infectious diseases_influenza_23	PROCEDURE	1426	1440	Pulse oximetry
infectious diseases_influenza_23	SYMPTOM	1548	1563	severe symptoms
infectious diseases_influenza_23	PROCEDURE	1587	1604	antiviral therapy
infectious diseases_influenza_23	MEDICATION	1626	1637	Oseltamivir
infectious diseases_influenza_24	SYMPTOM	437	447	high fever
infectious diseases_influenza_24	SYMPTOM	449	454	cough
infectious diseases_influenza_24	SYMPTOM	456	467	sore throat
infectious diseases_influenza_24	SYMPTOM	473	483	body aches
infectious diseases_influenza_24	DISEASE	485	494	Influenza
infectious diseases_influenza_24	SYMPTOM	532	548	typical symptoms
infectious diseases_influenza_24	PROCEDURE	630	648	rapid antigen test
infectious diseases_influenza_24	DISEASE	695	704	Influenza
infectious diseases_influenza_24	SYMPTOM	728	743	severe symptoms
infectious diseases_influenza_24	PROCEDURE	775	786	RT-PCR test
infectious diseases_influenza_24	PROCEDURE	841	858	antiviral therapy
infectious diseases_influenza_24	PROCEDURE	864	875	RT-PCR test
infectious diseases_influenza_24	DISEASE	898	907	Influenza
infectious diseases_influenza_24	PROCEDURE	925	939	Pulse oximetry
infectious diseases_influenza_24	DISEASE	950	964	mild hypoxemia
infectious diseases_influenza_24	PROCEDURE	1017	1028	chest x-ray
infectious diseases_influenza_24	DISEASE	1052	1076	interstitial infiltrates
infectious diseases_influenza_24	DISEASE	1101	1110	influenza
infectious diseases_influenza_24	OBSERVATION	1122	1163	No signs of secondary bacterial pneumonia
infectious diseases_influenza_24	SYMPTOM	1248	1263	severe symptoms
infectious diseases_influenza_24	PROCEDURE	1298	1315	antiviral therapy
infectious diseases_influenza_24	MEDICATION	1391	1402	Oseltamivir
infectious diseases_influenza_24	PROCEDURE	1471	1488	antiviral therapy
infectious diseases_influenza_24	PROCEDURE	1490	1511	symptomatic treatment
infectious diseases_influenza_24	PROCEDURE	1540	1558	Adequate hydration
infectious diseases_influenza_24	MEDICATION	1561	1573	Antipyretics
infectious diseases_influenza_24	MEDICATION	1575	1588	Acetaminophen
infectious diseases_influenza_24	SYMPTOM	1610	1620	body aches
infectious diseases_influenza_24	MEDICATION	1628	1635	Aspirin
infectious diseases_influenza_24	PROCEDURE	1709	1736	Supplemental oxygen therapy
infectious diseases_influenza_25	DISEASE	292	301	Influenza
infectious diseases_influenza_25	SYMPTOM	495	505	high fever
infectious diseases_influenza_25	SYMPTOM	507	526	severe muscle aches
infectious diseases_influenza_25	SYMPTOM	528	535	fatigue
infectious diseases_influenza_25	SYMPTOM	543	552	dry cough
infectious diseases_influenza_25	DISEASE	658	667	influenza
infectious diseases_influenza_25	DISEASE	724	733	influenza
infectious diseases_influenza_25	PROCEDURE	803	821	rapid antigen test
infectious diseases_influenza_25	DISEASE	867	876	Influenza
infectious diseases_influenza_25	PROCEDURE	915	932	antiviral therapy
infectious diseases_influenza_25	PROCEDURE	937	948	RT-PCR test
infectious diseases_influenza_25	DISEASE	985	994	Influenza
infectious diseases_influenza_25	PROCEDURE	1011	1025	Pulse oximetry
infectious diseases_influenza_25	DISEASE	1036	1050	mild hypoxemia
infectious diseases_influenza_25	PROCEDURE	1103	1114	chest x-ray
infectious diseases_influenza_25	DISEASE	1124	1148	interstitial infiltrates
infectious diseases_influenza_25	DISEASE	1173	1182	influenza
infectious diseases_influenza_25	OBSERVATION	1194	1238	No evidence of secondary bacterial pneumonia
infectious diseases_influenza_25	PROCEDURE	1323	1340	antiviral therapy
infectious diseases_influenza_25	MEDICATION	1375	1386	Oseltamivir
infectious diseases_influenza_25	MEDICATION	1509	1520	Oseltamivir
infectious diseases_influenza_25	PROCEDURE	1594	1615	Symptomatic treatment
infectious diseases_influenza_25	MEDICATION	1625	1638	acetaminophen
infectious diseases_influenza_25	SYMPTOM	1664	1684	fever and body aches
infectious diseases_influenza_25	MEDICATION	1746	1753	Aspirin
infectious diseases_influenza_26	SYMPTOM	389	399	high fever
infectious diseases_influenza_26	SYMPTOM	401	416	severe headache
infectious diseases_influenza_26	SYMPTOM	418	430	muscle aches
infectious diseases_influenza_26	SYMPTOM	438	447	dry cough
infectious diseases_influenza_26	SYMPTOM	617	633	mild sore throat
infectious diseases_influenza_26	SYMPTOM	638	648	rhinorrhea
infectious diseases_influenza_26	DISEASE	869	875	Asthma
infectious diseases_influenza_26	MEDICATION	913	932	albuterol as needed
infectious diseases_influenza_26	PROCEDURE	993	1013	Physical Examination
infectious diseases_influenza_26	SYMPTOM	1051	1058	febrile
infectious diseases_influenza_26	PROCEDURE	1197	1214	Lung auscultation
infectious diseases_influenza_26	SYMPTOM	1224	1237	mild wheezing
infectious diseases_influenza_26	SYMPTOM	1251	1262	no crackles
infectious diseases_influenza_26	SYMPTOM	1264	1307	The throat was erythematous without exudate
infectious diseases_influenza_26	PROCEDURE	1312	1328	Diagnostic Tests
infectious diseases_influenza_26	PROCEDURE	1336	1354	Rapid antigen test
infectious diseases_influenza_26	DISEASE	1359	1368	influenza
infectious diseases_influenza_26	PROCEDURE	1385	1391	RT-PCR
infectious diseases_influenza_26	DISEASE	1417	1438	Influenza A infection
infectious diseases_influenza_26	PROCEDURE	1442	1453	Chest x-ray
infectious diseases_influenza_26	OBSERVATION	1484	1508	no evidence of pneumonia
infectious diseases_influenza_26	PROCEDURE	1512	1526	Pulse oximetry
infectious diseases_influenza_26	DISEASE	1672	1678	asthma
infectious diseases_influenza_26	DISEASE	1744	1753	influenza
infectious diseases_influenza_26	DISEASE	1788	1794	asthma
infectious diseases_influenza_26	PROCEDURE	1796	1813	antiviral therapy
infectious diseases_influenza_26	MEDICATION	1832	1856	Medications Administered
infectious diseases_influenza_27	SYMPTOM	389	399	high fever
infectious diseases_influenza_27	SYMPTOM	401	406	cough
infectious diseases_influenza_27	SYMPTOM	408	418	body aches
infectious diseases_influenza_27	SYMPTOM	424	431	fatigue
infectious diseases_influenza_27	DISEASE	481	490	influenza
infectious diseases_influenza_27	DISEASE	518	527	influenza
infectious diseases_influenza_27	PROCEDURE	695	715	Physical examination
infectious diseases_influenza_27	OBSERVATION	732	748	diffuse wheezing
infectious diseases_influenza_27	OBSERVATION	753	776	decreased breath sounds
infectious diseases_influenza_27	PROCEDURE	809	833	Initial laboratory tests
infectious diseases_influenza_27	DISEASE	851	861	leukopenia
infectious diseases_influenza_27	PROCEDURE	865	883	rapid antigen test
infectious diseases_influenza_27	DISEASE	888	897	influenza
infectious diseases_influenza_27	DISEASE	944	953	Influenza
infectious diseases_influenza_27	PROCEDURE	1032	1043	RT-PCR test
infectious diseases_influenza_27	DISEASE	1048	1057	influenza
infectious diseases_influenza_27	PROCEDURE	1104	1121	antiviral therapy
infectious diseases_influenza_27	DISEASE	1146	1155	Influenza
infectious diseases_influenza_27	PROCEDURE	1222	1239	antiviral therapy
infectious diseases_influenza_27	PROCEDURE	1255	1266	Chest X-ray
infectious diseases_influenza_27	DISEASE	1292	1316	interstitial infiltrates
infectious diseases_influenza_27	DISEASE	1341	1350	influenza
infectious diseases_influenza_27	PROCEDURE	1362	1387	Pulse oximetry monitoring
infectious diseases_influenza_27	PROCEDURE	1407	1422	supportive care
infectious diseases_influenza_27	PROCEDURE	1447	1459	antipyretics
infectious diseases_influenza_27	MEDICATION	1533	1544	Oseltamivir
infectious diseases_influenza_27	MEDICATION	1761	1774	Acetaminophen
infectious diseases_influenza_27	SYMPTOM	1881	1886	fever
infectious diseases_influenza_28	DISEASE	307	316	Influenza
infectious diseases_influenza_28	SYMPTOM	492	502	high fever
infectious diseases_influenza_28	SYMPTOM	504	509	cough
infectious diseases_influenza_28	SYMPTOM	511	522	sore throat
infectious diseases_influenza_28	SYMPTOM	528	538	body aches
infectious diseases_influenza_28	OBSERVATION	544	571	initial clinical impression
infectious diseases_influenza_28	DISEASE	590	599	influenza
infectious diseases_influenza_28	DISEASE	632	641	influenza
infectious diseases_influenza_28	PROCEDURE	724	742	rapid antigen test
infectious diseases_influenza_28	DISEASE	794	803	influenza
infectious diseases_influenza_28	PROCEDURE	845	862	antiviral therapy
infectious diseases_influenza_28	PROCEDURE	867	878	RT-PCR test
infectious diseases_influenza_28	DISEASE	915	924	influenza
infectious diseases_influenza_28	SYMPTOM	958	985	severe respiratory symptoms
infectious diseases_influenza_28	PROCEDURE	987	1001	pulse oximetry
infectious diseases_influenza_28	DISEASE	1025	1039	mild hypoxemia
infectious diseases_influenza_28	PROCEDURE	1088	1099	chest x-ray
infectious diseases_influenza_28	DISEASE	1124	1148	interstitial infiltrates
infectious diseases_influenza_28	DISEASE	1173	1182	influenza
infectious diseases_influenza_28	DISEASE	1194	1235	No signs of secondary bacterial pneumonia
infectious diseases_influenza_28	PROCEDURE	1296	1313	antiviral therapy
infectious diseases_influenza_28	MEDICATION	1348	1359	Oseltamivir
infectious diseases_influenza_28	MEDICATION	1541	1548	Aspirin
infectious diseases_influenza_28	MEDICATION	1601	1614	acetaminophen
infectious diseases_influenza_28	PROCEDURE	1667	1691	Supportive care measures
infectious diseases_influenza_29	DISEASE	271	280	Influenza
infectious diseases_influenza_29	SYMPTOM	446	451	fever
infectious diseases_influenza_29	SYMPTOM	453	458	cough
infectious diseases_influenza_29	SYMPTOM	460	470	body aches
infectious diseases_influenza_29	SYMPTOM	476	483	fatigue
infectious diseases_influenza_29	DISEASE	533	542	influenza
infectious diseases_influenza_29	DISEASE	570	579	influenza
infectious diseases_influenza_29	SYMPTOM	688	699	Vital signs
infectious diseases_influenza_29	SYMPTOM	732	737	fever
infectious diseases_influenza_29	SYMPTOM	762	773	tachycardia
infectious diseases_influenza_29	SYMPTOM	779	815	normal oxygen saturation on room air
infectious diseases_influenza_29	PROCEDURE	846	861	supportive care
infectious diseases_influenza_29	MEDICATION	867	880	acetaminophen
infectious diseases_influenza_29	SYMPTOM	885	890	fever
infectious diseases_influenza_29	SYMPTOM	895	905	body aches
infectious diseases_influenza_29	PROCEDURE	1077	1092	laboratory test
infectious diseases_influenza_29	PROCEDURE	1096	1115	nasopharyngeal swab
infectious diseases_influenza_29	PROCEDURE	1143	1157	RT-PCR testing
infectious diseases_influenza_29	DISEASE	1162	1171	influenza
infectious diseases_influenza_29	DISEASE	1201	1210	Influenza
infectious diseases_influenza_29	DISEASE	1271	1280	influenza
infectious diseases_influenza_29	PROCEDURE	1339	1356	antiviral therapy
infectious diseases_influenza_29	MEDICATION	1372	1383	Oseltamivir
infectious diseases_influenza_29	PROCEDURE	1610	1624	pulse oximetry
infectious diseases_influenza_29	PROCEDURE	1628	1639	chest x-ray
infectious diseases_influenza_29	OBSERVATION	1675	1721	which did not reveal any evidence of pneumonia
infectious diseases_influenza_29	SYMPTOM	1829	1834	fever
infectious diseases_influenza_29	SYMPTOM	1853	1864	tachycardia
infectious diseases_influenza_3	DISEASE	412	421	influenza
infectious diseases_influenza_3	SYMPTOM	438	443	fever
infectious diseases_influenza_3	SYMPTOM	445	464	severe muscle aches
infectious diseases_influenza_3	SYMPTOM	466	471	cough
infectious diseases_influenza_3	SYMPTOM	477	488	sore throat
infectious diseases_influenza_3	DISEASE	722	731	influenza
infectious diseases_influenza_3	SYMPTOM	743	748	fever
infectious diseases_influenza_3	SYMPTOM	750	755	cough
infectious diseases_influenza_3	SYMPTOM	761	768	malaise
infectious diseases_influenza_3	PROCEDURE	999	1019	Physical Examination
infectious diseases_influenza_3	SYMPTOM	1227	1244	bilateral rhonchi
infectious diseases_influenza_3	PROCEDURE	1248	1266	chest auscultation
infectious diseases_influenza_3	PROCEDURE	1372	1390	Rapid antigen test
infectious diseases_influenza_3	DISEASE	1395	1404	influenza
infectious diseases_influenza_3	DISEASE	1419	1428	influenza
infectious diseases_influenza_3	PROCEDURE	1434	1445	RT-PCR test
infectious diseases_influenza_3	DISEASE	1472	1481	influenza
infectious diseases_influenza_3	PROCEDURE	1500	1511	Chest x-ray
infectious diseases_influenza_3	OBSERVATION	1548	1576	showed no signs of pneumonia
infectious diseases_influenza_3	PROCEDURE	1580	1594	Pulse oximetry
infectious diseases_influenza_3	DISEASE	1769	1778	influenza
infectious diseases_influenza_3	PROCEDURE	1792	1813	Symptomatic treatment
infectious diseases_influenza_3	PROCEDURE	1839	1848	hydration
infectious diseases_influenza_3	MEDICATION	1853	1865	antipyretics
infectious diseases_influenza_3	MEDICATION	1867	1880	acetaminophen
infectious diseases_influenza_30	SYMPTOM	319	329	high fever
infectious diseases_influenza_30	SYMPTOM	331	337	chills
infectious diseases_influenza_30	SYMPTOM	339	358	severe muscle aches
infectious diseases_influenza_30	SYMPTOM	360	365	cough
infectious diseases_influenza_30	SYMPTOM	371	386	general malaise
infectious diseases_influenza_30	SYMPTOM	523	533	high fever
infectious diseases_influenza_30	SYMPTOM	596	601	cough
infectious diseases_influenza_30	SYMPTOM	606	627	pronounced body aches
infectious diseases_influenza_30	DISEASE	849	861	Hypertension
infectious diseases_influenza_30	MEDICATION	951	961	Lisinopril
infectious diseases_influenza_30	DISEASE	990	1002	hypertension
infectious diseases_influenza_30	DISEASE	1048	1057	influenza
infectious diseases_influenza_30	PROCEDURE	1113	1131	rapid antigen test
infectious diseases_influenza_30	OBSERVATION	1173	1188	positive result
infectious diseases_influenza_30	DISEASE	1193	1204	Influenza A
infectious diseases_influenza_30	PROCEDURE	1206	1238	Confirmatory testing with RT-PCR
infectious diseases_influenza_30	DISEASE	1347	1359	hypertension
infectious diseases_influenza_30	PROCEDURE	1434	1445	Chest X-ray
infectious diseases_influenza_30	OBSERVATION	1469	1507	did not show any evidence of pneumonia
infectious diseases_influenza_30	PROCEDURE	1509	1532	Pulse oximetry readings
infectious diseases_influenza_30	OBSERVATION	1626	1646	absence of hypoxemia
infectious diseases_influenza_30	DISEASE	1691	1700	influenza
infectious diseases_influenza_30	DISEASE	1719	1728	pneumonia
infectious diseases_influenza_30	PROCEDURE	1751	1768	Antiviral Therapy
infectious diseases_influenza_30	MEDICATION	1795	1806	Oseltamivir
infectious diseases_influenza_31	DISEASE	304	313	Influenza
infectious diseases_influenza_31	SYMPTOM	449	459	high fever
infectious diseases_influenza_31	SYMPTOM	461	466	cough
infectious diseases_influenza_31	SYMPTOM	468	479	sore throat
infectious diseases_influenza_31	SYMPTOM	485	497	muscle aches
infectious diseases_influenza_31	DISEASE	504	513	influenza
infectious diseases_influenza_31	DISEASE	568	577	influenza
infectious diseases_influenza_31	PROCEDURE	644	662	Rapid antigen test
infectious diseases_influenza_31	DISEASE	716	725	Influenza
infectious diseases_influenza_31	PROCEDURE	752	763	RT-PCR test
infectious diseases_influenza_31	DISEASE	774	783	Influenza
infectious diseases_influenza_31	SYMPTOM	820	835	severe symptoms
infectious diseases_influenza_31	PROCEDURE	891	908	antiviral therapy
infectious diseases_influenza_31	PROCEDURE	933	947	Pulse oximetry
infectious diseases_influenza_31	PROCEDURE	996	1007	Chest X-ray
infectious diseases_influenza_31	SYMPTOM	1027	1054	severe respiratory symptoms
infectious diseases_influenza_31	DISEASE	1066	1090	interstitial infiltrates
infectious diseases_influenza_31	DISEASE	1115	1124	influenza
infectious diseases_influenza_31	OBSERVATION	1136	1177	No signs of secondary bacterial pneumonia
infectious diseases_influenza_31	DISEASE	1244	1253	influenza
infectious diseases_influenza_31	PROCEDURE	1255	1272	antiviral therapy
infectious diseases_influenza_31	MEDICATION	1292	1303	Oseltamivir
infectious diseases_influenza_31	PROCEDURE	1495	1516	Symptomatic Treatment
infectious diseases_influenza_31	MEDICATION	1561	1573	antipyretics
infectious diseases_influenza_31	MEDICATION	1575	1588	acetaminophen
infectious diseases_influenza_31	MEDICATION	1616	1623	Aspirin
infectious diseases_influenza_32	SYMPTOM	351	361	high fever
infectious diseases_influenza_32	SYMPTOM	363	369	chills
infectious diseases_influenza_32	SYMPTOM	371	390	severe muscle aches
infectious diseases_influenza_32	SYMPTOM	392	397	cough
infectious diseases_influenza_32	SYMPTOM	403	414	sore throat
infectious diseases_influenza_32	DISEASE	507	529	influenza-like illness
infectious diseases_influenza_32	PROCEDURE	559	585	initial self-care measures
infectious diseases_influenza_32	MEDICATION	597	628	over-the-counter fever reducers
infectious diseases_influenza_32	PROCEDURE	633	655	increased fluid intake
infectious diseases_influenza_32	MEDICATION	921	940	Medications at Home
infectious diseases_influenza_32	PROCEDURE	1109	1133	comprehensive evaluation
infectious diseases_influenza_32	PROCEDURE	1277	1297	Physical examination
infectious diseases_influenza_32	DISEASE	1307	1324	bilateral rhonchi
infectious diseases_influenza_32	PROCEDURE	1328	1345	lung auscultation
infectious diseases_influenza_32	OBSERVATION	1350	1391	no signs of secondary bacterial infection
infectious diseases_influenza_32	PROCEDURE	1476	1495	nasopharyngeal swab
infectious diseases_influenza_32	PROCEDURE	1523	1537	RT-PCR testing
infectious diseases_influenza_32	DISEASE	1567	1578	Influenza A
infectious diseases_influenza_32	PROCEDURE	1580	1591	Chest X-ray
infectious diseases_influenza_32	PROCEDURE	1596	1610	pulse oximetry
infectious diseases_influenza_32	PROCEDURE	1659	1670	chest X-ray
infectious diseases_influenza_32	OBSERVATION	1678	1699	no signs of pneumonia
infectious diseases_influenza_32	OBSERVATION	1747	1766	Diagnostic Findings
infectious diseases_influenza_32	DISEASE	1785	1796	Influenza A
infectious diseases_influenza_32	OBSERVATION	1798	1806	Positive
infectious diseases_influenza_33	SYMPTOM	362	372	high fever
infectious diseases_influenza_33	SYMPTOM	374	379	cough
infectious diseases_influenza_33	SYMPTOM	381	393	muscle aches
infectious diseases_influenza_33	SYMPTOM	399	413	severe fatigue
infectious diseases_influenza_33	DISEASE	490	509	influenza infection
infectious diseases_influenza_33	DISEASE	656	689	upper respiratory tract infection
infectious diseases_influenza_33	SYMPTOM	703	714	sore throat
infectious diseases_influenza_33	SYMPTOM	731	736	cough
infectious diseases_influenza_33	SYMPTOM	742	749	malaise
infectious diseases_influenza_33	SYMPTOM	779	789	high fever
infectious diseases_influenza_33	SYMPTOM	810	822	muscle aches
infectious diseases_influenza_33	SYMPTOM	828	847	significant fatigue
infectious diseases_influenza_33	SYMPTOM	860	894	impairment in his daily activities
infectious diseases_influenza_33	DISEASE	954	963	influenza
infectious diseases_influenza_33	DISEASE	1149	1158	influenza
infectious diseases_influenza_33	PROCEDURE	1238	1254	diagnostic tests
infectious diseases_influenza_33	PROCEDURE	1283	1301	rapid antigen test
infectious diseases_influenza_33	SYMPTOM	1362	1377	severe symptoms
infectious diseases_influenza_33	PROCEDURE	1415	1442	further testing with RT-PCR
infectious diseases_influenza_33	DISEASE	1469	1490	Influenza A infection
infectious diseases_influenza_33	PROCEDURE	1492	1503	Chest x-ray
infectious diseases_influenza_33	PROCEDURE	1508	1522	pulse oximetry
infectious diseases_influenza_33	OBSERVATION	1584	1641	findings were consistent with primary influenza pneumonia
infectious diseases_influenza_33	OBSERVATION	1651	1675	interstitial infiltrates
infectious diseases_influenza_33	PROCEDURE	1754	1771	antiviral therapy
infectious diseases_influenza_33	MEDICATION	1830	1841	Oseltamivir
infectious diseases_influenza_33	MEDICATION	1956	1967	Oseltamivir
infectious diseases_influenza_34	SYMPTOM	332	337	fever
infectious diseases_influenza_34	SYMPTOM	339	353	severe myalgia
infectious diseases_influenza_34	SYMPTOM	355	360	cough
infectious diseases_influenza_34	SYMPTOM	366	377	sore throat
infectious diseases_influenza_34	DISEASE	579	591	hypertension
infectious diseases_influenza_34	SYMPTOM	615	632	flu-like symptoms
infectious diseases_influenza_34	SYMPTOM	709	714	fever
infectious diseases_influenza_34	SYMPTOM	748	754	chills
infectious diseases_influenza_34	SYMPTOM	756	773	severe body aches
infectious diseases_influenza_34	SYMPTOM	775	795	non-productive cough
infectious diseases_influenza_34	SYMPTOM	803	814	sore throat
infectious diseases_influenza_34	OBSERVATION	919	938	Diagnostic Findings
infectious diseases_influenza_34	PROCEDURE	960	978	rapid antigen test
infectious diseases_influenza_34	DISEASE	1039	1050	Influenza A
infectious diseases_influenza_34	DISEASE	1117	1129	hypertension
infectious diseases_influenza_34	PROCEDURE	1134	1145	RT-PCR test
infectious diseases_influenza_34	OBSERVATION	1203	1244	which corroborated the rapid test results
infectious diseases_influenza_34	PROCEDURE	1248	1259	chest x-ray
infectious diseases_influenza_34	DISEASE	1286	1295	pneumonia
infectious diseases_influenza_34	OBSERVATION	1297	1326	which showed no acute disease
infectious diseases_influenza_34	PROCEDURE	1328	1342	Pulse oximetry
infectious diseases_influenza_34	MEDICATION	1510	1521	Oseltamivir
infectious diseases_influenza_34	PROCEDURE	1666	1687	Symptomatic treatment
infectious diseases_influenza_34	SYMPTOM	1692	1697	fever
infectious diseases_influenza_34	MEDICATION	1719	1739	acetaminophen 650 mg
infectious diseases_influenza_34	PROCEDURE	1826	1862	hydration was managed with IV fluids
infectious diseases_influenza_35	SYMPTOM	410	442	symptoms suggestive of influenza
infectious diseases_influenza_35	SYMPTOM	454	464	high fever
infectious diseases_influenza_35	SYMPTOM	466	485	severe muscle aches
infectious diseases_influenza_35	SYMPTOM	487	494	fatigue
infectious diseases_influenza_35	SYMPTOM	500	509	dry cough
infectious diseases_influenza_35	DISEASE	609	618	influenza
infectious diseases_influenza_35	DISEASE	673	692	influenza infection
infectious diseases_influenza_35	OBSERVATION	711	728	Clinical Findings
infectious diseases_influenza_35	SYMPTOM	791	802	temperature
infectious diseases_influenza_35	PROCEDURE	922	942	Physical examination
infectious diseases_influenza_35	SYMPTOM	952	968	mild dehydration
infectious diseases_influenza_35	SYMPTOM	973	989	diffuse wheezing
infectious diseases_influenza_35	SYMPTOM	1053	1059	asthma
infectious diseases_influenza_35	PROCEDURE	1103	1120	Diagnostic Workup
infectious diseases_influenza_35	PROCEDURE	1128	1146	Rapid Antigen Test
infectious diseases_influenza_35	OBSERVATION	1192	1208	positive finding
infectious diseases_influenza_35	DISEASE	1213	1222	influenza
infectious diseases_influenza_35	PROCEDURE	1230	1241	RT-PCR Test
infectious diseases_influenza_35	DISEASE	1283	1292	influenza
infectious diseases_influenza_35	OBSERVATION	1309	1344	ruled out other viral co-infections
infectious diseases_influenza_35	PROCEDURE	1350	1361	Chest X-Ray
infectious diseases_influenza_35	OBSERVATION	1393	1424	showed no evidence of pneumonia
infectious diseases_influenza_35	PROCEDURE	1430	1444	Pulse Oximetry
infectious diseases_influenza_35	PROCEDURE	1571	1588	Antiviral Therapy
infectious diseases_influenza_35	MEDICATION	1592	1603	Oseltamivir
infectious diseases_influenza_36	SYMPTOM	384	389	fever
infectious diseases_influenza_36	SYMPTOM	391	396	cough
infectious diseases_influenza_36	SYMPTOM	398	408	body aches
infectious diseases_influenza_36	SYMPTOM	414	429	general malaise
infectious diseases_influenza_36	DISEASE	582	615	upper respiratory tract infection
infectious diseases_influenza_36	SYMPTOM	645	650	fever
infectious diseases_influenza_36	SYMPTOM	674	693	severe muscle aches
infectious diseases_influenza_36	SYMPTOM	695	715	non-productive cough
infectious diseases_influenza_36	SYMPTOM	721	736	notable fatigue
infectious diseases_influenza_36	DISEASE	762	771	influenza
infectious diseases_influenza_36	DISEASE	823	832	influenza
infectious diseases_influenza_36	PROCEDURE	851	868	Diagnostic Workup
infectious diseases_influenza_36	PROCEDURE	941	959	Rapid antigen test
infectious diseases_influenza_36	DISEASE	964	973	influenza
infectious diseases_influenza_36	DISEASE	1002	1021	result was negative
infectious diseases_influenza_36	PROCEDURE	1027	1038	RT-PCR test
infectious diseases_influenza_36	DISEASE	1043	1052	influenza
infectious diseases_influenza_36	DISEASE	1113	1122	Influenza
infectious diseases_influenza_36	PROCEDURE	1144	1155	Chest X-Ray
infectious diseases_influenza_36	OBSERVATION	1184	1215	showed no evidence of pneumonia
infectious diseases_influenza_36	PROCEDURE	1221	1235	Pulse Oximetry
infectious diseases_influenza_36	OBSERVATION	1239	1267	Showed no signs of hypoxemia
infectious diseases_influenza_36	DISEASE	1416	1425	influenza
infectious diseases_influenza_36	PROCEDURE	1516	1533	antiviral therapy
infectious diseases_influenza_36	MEDICATION	1578	1589	Oseltamivir
infectious diseases_influenza_37	DISEASE	256	265	Influenza
infectious diseases_influenza_37	SYMPTOM	415	420	fever
infectious diseases_influenza_37	SYMPTOM	422	427	cough
infectious diseases_influenza_37	SYMPTOM	429	440	sore throat
infectious diseases_influenza_37	SYMPTOM	446	456	body aches
infectious diseases_influenza_37	DISEASE	520	529	influenza
infectious diseases_influenza_37	DISEASE	611	620	influenza
infectious diseases_influenza_37	PROCEDURE	666	683	antiviral therapy
infectious diseases_influenza_37	PROCEDURE	687	706	nasopharyngeal swab
infectious diseases_influenza_37	PROCEDURE	733	747	RT-PCR testing
infectious diseases_influenza_37	SYMPTOM	759	767	symptoms
infectious diseases_influenza_37	PROCEDURE	862	873	RT-PCR test
infectious diseases_influenza_37	DISEASE	896	905	Influenza
infectious diseases_influenza_37	SYMPTOM	973	981	symptoms
infectious diseases_influenza_37	PROCEDURE	1019	1036	antiviral therapy
infectious diseases_influenza_37	MEDICATION	1070	1081	Oseltamivir
infectious diseases_influenza_37	SYMPTOM	1147	1155	symptoms
infectious diseases_influenza_37	PROCEDURE	1159	1170	chest x-ray
infectious diseases_influenza_37	PROCEDURE	1175	1189	pulse oximetry
infectious diseases_influenza_37	DISEASE	1217	1226	pneumonia
infectious diseases_influenza_37	PROCEDURE	1246	1257	chest x-ray
infectious diseases_influenza_37	OBSERVATION	1265	1286	no signs of pneumonia
infectious diseases_influenza_37	PROCEDURE	1292	1306	pulse oximetry
infectious diseases_influenza_37	PROCEDURE	1408	1430	symptomatic management
infectious diseases_influenza_37	MEDICATION	1436	1449	acetaminophen
infectious diseases_influenza_37	SYMPTOM	1454	1459	fever
infectious diseases_influenza_37	SYMPTOM	1464	1474	body aches
infectious diseases_influenza_37	MEDICATION	1518	1525	Aspirin
infectious diseases_influenza_37	SYMPTOM	1670	1675	fever
infectious diseases_influenza_37	SYMPTOM	1694	1704	body aches
infectious diseases_influenza_37	SYMPTOM	1710	1715	cough
infectious diseases_influenza_37	SYMPTOM	1720	1731	sore throat
infectious diseases_influenza_37	MEDICATION	1814	1825	Oseltamivir
infectious diseases_influenza_37	MEDICATION	1928	1941	Acetaminophen
infectious diseases_influenza_38	SYMPTOM	340	345	fever
infectious diseases_influenza_38	SYMPTOM	347	352	cough
infectious diseases_influenza_38	SYMPTOM	354	365	sore throat
infectious diseases_influenza_38	SYMPTOM	371	381	body aches
infectious diseases_influenza_38	DISEASE	437	443	Asthma
infectious diseases_influenza_38	SYMPTOM	651	671	respiratory distress
infectious diseases_influenza_38	DISEASE	773	782	influenza
infectious diseases_influenza_38	PROCEDURE	919	937	rapid antigen test
infectious diseases_influenza_38	DISEASE	942	951	influenza
infectious diseases_influenza_38	DISEASE	1008	1017	influenza
infectious diseases_influenza_38	PROCEDURE	1024	1051	Confirmatory RT-PCR testing
infectious diseases_influenza_38	DISEASE	1056	1065	influenza
infectious diseases_influenza_38	OBSERVATION	1083	1119	corroborating the rapid test results
infectious diseases_influenza_38	PROCEDURE	1124	1135	Chest X-ray
infectious diseases_influenza_38	OBSERVATION	1145	1166	no signs of pneumonia
infectious diseases_influenza_38	MEDICATION	1316	1327	Oseltamivir
infectious diseases_influenza_38	PROCEDURE	1502	1519	antiviral therapy
infectious diseases_influenza_38	PROCEDURE	1600	1616	Symptomatic Care
infectious diseases_influenza_38	MEDICATION	1634	1647	Acetaminophen
infectious diseases_influenza_38	SYMPTOM	1690	1700	body aches
infectious diseases_influenza_38	PROCEDURE	1707	1716	Hydration
infectious diseases_influenza_38	MEDICATION	1806	1824	Salbutamol inhaler
infectious diseases_influenza_39	DISEASE	280	289	Influenza
infectious diseases_influenza_39	DISEASE	539	548	influenza
infectious diseases_influenza_39	SYMPTOM	560	570	high fever
infectious diseases_influenza_39	SYMPTOM	572	591	severe muscle aches
infectious diseases_influenza_39	SYMPTOM	593	598	cough
infectious diseases_influenza_39	SYMPTOM	604	611	fatigue
infectious diseases_influenza_39	DISEASE	637	646	influenza
infectious diseases_influenza_39	DISEASE	727	736	influenza
infectious diseases_influenza_39	PROCEDURE	772	791	nasopharyngeal swab
infectious diseases_influenza_39	PROCEDURE	811	825	RT-PCR testing
infectious diseases_influenza_39	DISEASE	830	839	influenza
infectious diseases_influenza_39	DISEASE	883	892	Influenza
infectious diseases_influenza_39	PROCEDURE	953	967	pulse oximetry
infectious diseases_influenza_39	DISEASE	979	993	mild hypoxemia
infectious diseases_influenza_39	PROCEDURE	1055	1066	chest x-ray
infectious diseases_influenza_39	DISEASE	1097	1106	pneumonia
infectious diseases_influenza_39	OBSERVATION	1124	1157	signs of interstitial infiltrates
infectious diseases_influenza_39	DISEASE	1183	1192	influenza
infectious diseases_influenza_39	PROCEDURE	1300	1317	antiviral therapy
infectious diseases_influenza_39	MEDICATION	1363	1374	Oseltamivir
infectious diseases_influenza_39	PROCEDURE	1457	1478	Symptomatic treatment
infectious diseases_influenza_39	MEDICATION	1515	1535	acetaminophen 650 mg
infectious diseases_influenza_39	DISEASE	1589	1603	mild hypoxemia
infectious diseases_influenza_39	SYMPTOM	1784	1822	signs of secondary bacterial infection
infectious diseases_influenza_4	SYMPTOM	347	355	symptoms
infectious diseases_influenza_4	SYMPTOM	359	369	high fever
infectious diseases_influenza_4	SYMPTOM	371	390	severe muscle aches
infectious diseases_influenza_4	SYMPTOM	392	397	cough
infectious diseases_influenza_4	SYMPTOM	403	417	marked fatigue
infectious diseases_influenza_4	SYMPTOM	465	473	symptoms
infectious diseases_influenza_4	DISEASE	478	497	influenza infection
infectious diseases_influenza_4	PROCEDURE	659	677	Initial management
infectious diseases_influenza_4	PROCEDURE	689	707	symptomatic relief
infectious diseases_influenza_4	MEDICATION	713	733	acetaminophen 650 mg
infectious diseases_influenza_4	SYMPTOM	752	757	fever
infectious diseases_influenza_4	PROCEDURE	854	873	Nasopharyngeal swab
infectious diseases_influenza_4	PROCEDURE	901	915	RT-PCR testing
infectious diseases_influenza_4	PROCEDURE	943	961	Rapid antigen test
infectious diseases_influenza_4	OBSERVATION	991	1035	indicating a positive result for Influenza A
infectious diseases_influenza_4	PROCEDURE	1041	1052	Chest X-ray
infectious diseases_influenza_4	SYMPTOM	1081	1086	cough
infectious diseases_influenza_4	OBSERVATION	1091	1119	showed no signs of pneumonia
infectious diseases_influenza_4	PROCEDURE	1125	1139	Pulse oximetry
infectious diseases_influenza_4	PROCEDURE	1211	1225	RT-PCR results
infectious diseases_influenza_4	DISEASE	1236	1262	Influenza A H1N1 infection
infectious diseases_influenza_4	SYMPTOM	1316	1331	severe symptoms
infectious diseases_influenza_4	PROCEDURE	1333	1350	antiviral therapy
infectious diseases_influenza_4	MEDICATION	1392	1409	Oseltamivir 75 mg
infectious diseases_influenza_4	PROCEDURE	1518	1539	Symptomatic treatment
infectious diseases_influenza_4	SYMPTOM	1544	1549	cough
infectious diseases_influenza_4	SYMPTOM	1651	1659	symptoms
infectious diseases_influenza_4	SYMPTOM	1684	1689	Fever
infectious diseases_influenza_4	SYMPTOM	1724	1729	cough
infectious diseases_influenza_40	SYMPTOM	375	391	high-grade fever
infectious diseases_influenza_40	SYMPTOM	393	398	cough
infectious diseases_influenza_40	SYMPTOM	400	411	sore throat
infectious diseases_influenza_40	SYMPTOM	417	427	body aches
infectious diseases_influenza_40	DISEASE	690	717	upper respiratory infection
infectious diseases_influenza_40	SYMPTOM	775	780	cough
infectious diseases_influenza_40	SYMPTOM	785	796	sore throat
infectious diseases_influenza_40	SYMPTOM	846	862	high-grade fever
infectious diseases_influenza_40	SYMPTOM	888	903	severe myalgias
infectious diseases_influenza_40	SYMPTOM	909	916	fatigue
infectious diseases_influenza_40	SYMPTOM	1207	1231	mild pharyngeal erythema
infectious diseases_influenza_40	OBSERVATION	1250	1279	clear lung fields bilaterally
infectious diseases_influenza_40	OBSERVATION	1285	1317	no signs of respiratory distress
infectious diseases_influenza_40	OBSERVATION	1319	1353	No additional significant findings
infectious diseases_influenza_40	PROCEDURE	1392	1424	Rapid antigen test for influenza
infectious diseases_influenza_40	DISEASE	1478	1489	Influenza A
infectious diseases_influenza_40	PROCEDURE	1493	1504	RT-PCR test
infectious diseases_influenza_40	PROCEDURE	1538	1549	Chest X-ray
infectious diseases_influenza_40	OBSERVATION	1581	1612	showed no evidence of pneumonia
infectious diseases_influenza_40	PROCEDURE	1616	1630	Pulse oximetry
infectious diseases_influenza_40	DISEASE	1819	1830	Influenza A
infectious diseases_influenza_41	SYMPTOM	405	415	high fever
infectious diseases_influenza_41	SYMPTOM	417	432	severe headache
infectious diseases_influenza_41	SYMPTOM	434	446	muscle aches
infectious diseases_influenza_41	SYMPTOM	452	468	persistent cough
infectious diseases_influenza_41	DISEASE	494	503	influenza
infectious diseases_influenza_41	DISEASE	552	561	influenza
infectious diseases_influenza_41	PROCEDURE	582	603	Diagnostic Assessment
infectious diseases_influenza_41	PROCEDURE	627	645	rapid antigen test
infectious diseases_influenza_41	DISEASE	689	698	Influenza
infectious diseases_influenza_41	PROCEDURE	711	728	antiviral therapy
infectious diseases_influenza_41	PROCEDURE	779	790	RT-PCR test
infectious diseases_influenza_41	DISEASE	822	831	Influenza
infectious diseases_influenza_41	PROCEDURE	848	862	Pulse oximetry
infectious diseases_influenza_41	DISEASE	873	887	mild hypoxemia
infectious diseases_influenza_41	PROCEDURE	933	944	chest x-ray
infectious diseases_influenza_41	OBSERVATION	968	992	no evidence of pneumonia
infectious diseases_influenza_41	OBSERVATION	1015	1056	absence of lobar or segmental infiltrates
infectious diseases_influenza_41	DISEASE	1077	1086	influenza
infectious diseases_influenza_41	PROCEDURE	1142	1158	Treatment Course
infectious diseases_influenza_41	MEDICATION	1184	1195	Oseltamivir
infectious diseases_influenza_41	DISEASE	1266	1280	mild hypoxemia
infectious diseases_influenza_41	PROCEDURE	1367	1388	Symptomatic treatment
infectious diseases_influenza_41	SYMPTOM	1403	1415	muscle aches
infectious diseases_influenza_41	MEDICATION	1425	1438	acetaminophen
infectious diseases_influenza_41	OBSERVATION	1540	1549	Hydration
infectious diseases_influenza_41	SYMPTOM	1702	1707	fever
infectious diseases_influenza_41	SYMPTOM	1756	1768	muscle aches
infectious diseases_influenza_41	MEDICATION	1811	1822	Oseltamivir
infectious diseases_influenza_42	SYMPTOM	361	369	symptoms
infectious diseases_influenza_42	DISEASE	386	395	influenza
infectious diseases_influenza_42	SYMPTOM	407	417	high fever
infectious diseases_influenza_42	SYMPTOM	419	424	cough
infectious diseases_influenza_42	SYMPTOM	426	437	sore throat
infectious diseases_influenza_42	SYMPTOM	439	449	body aches
infectious diseases_influenza_42	SYMPTOM	455	462	fatigue
infectious diseases_influenza_42	DISEASE	464	473	Influenza
infectious diseases_influenza_42	SYMPTOM	517	525	symptoms
infectious diseases_influenza_42	DISEASE	543	552	influenza
infectious diseases_influenza_42	PROCEDURE	648	672	comprehensive evaluation
infectious diseases_influenza_42	PROCEDURE	674	702	Initial physical examination
infectious diseases_influenza_42	SYMPTOM	737	746	tachypnea
infectious diseases_influenza_42	OBSERVATION	752	778	mild hypoxemia on room air
infectious diseases_influenza_42	PROCEDURE	825	839	pulse oximetry
infectious diseases_influenza_42	SYMPTOM	861	881	respiratory distress
infectious diseases_influenza_42	PROCEDURE	885	896	chest x-ray
infectious diseases_influenza_42	OBSERVATION	922	946	no evidence of pneumonia
infectious diseases_influenza_42	PROCEDURE	1035	1053	Diagnostic testing
infectious diseases_influenza_42	DISEASE	1058	1067	influenza
infectious diseases_influenza_42	PROCEDURE	1092	1103	RT-PCR test
infectious diseases_influenza_42	PROCEDURE	1162	1179	antiviral therapy
infectious diseases_influenza_42	DISEASE	1216	1225	Influenza
infectious diseases_influenza_42	PROCEDURE	1308	1327	antiviral treatment
infectious diseases_influenza_42	PROCEDURE	1380	1397	Antiviral Therapy
infectious diseases_influenza_42	MEDICATION	1428	1439	Oseltamivir
infectious diseases_influenza_42	PROCEDURE	1513	1530	Antiviral Therapy
infectious diseases_influenza_42	SYMPTOM	1653	1658	fever
infectious diseases_influenza_42	SYMPTOM	1663	1683	respiratory distress
infectious diseases_influenza_42	PROCEDURE	1692	1707	Supportive Care
infectious diseases_influenza_42	MEDICATION	1742	1755	acetaminophen
infectious diseases_influenza_42	SYMPTOM	1770	1780	body aches
infectious diseases_influenza_42	MEDICATION	1821	1828	Aspirin
infectious diseases_influenza_43	DISEASE	342	351	influenza
infectious diseases_influenza_43	SYMPTOM	363	373	high fever
infectious diseases_influenza_43	SYMPTOM	375	380	cough
infectious diseases_influenza_43	SYMPTOM	382	393	sore throat
infectious diseases_influenza_43	SYMPTOM	395	405	body aches
infectious diseases_influenza_43	SYMPTOM	411	418	fatigue
infectious diseases_influenza_43	DISEASE	444	453	influenza
infectious diseases_influenza_43	DISEASE	521	530	influenza
infectious diseases_influenza_43	PROCEDURE	589	607	rapid antigen test
infectious diseases_influenza_43	DISEASE	654	663	Influenza
infectious diseases_influenza_43	PROCEDURE	702	719	antiviral therapy
infectious diseases_influenza_43	PROCEDURE	724	735	RT-PCR test
infectious diseases_influenza_43	DISEASE	784	793	Influenza
infectious diseases_influenza_43	SYMPTOM	819	846	severe respiratory symptoms
infectious diseases_influenza_43	PROCEDURE	848	862	pulse oximetry
infectious diseases_influenza_43	DISEASE	886	900	mild hypoxemia
infectious diseases_influenza_43	PROCEDURE	908	919	chest x-ray
infectious diseases_influenza_43	PROCEDURE	937	948	chest x-ray
infectious diseases_influenza_43	DISEASE	958	982	interstitial infiltrates
infectious diseases_influenza_43	DISEASE	1007	1016	influenza
infectious diseases_influenza_43	OBSERVATION	1028	1077	without evidence of secondary bacterial pneumonia
infectious diseases_influenza_43	DISEASE	1130	1139	influenza
infectious diseases_influenza_43	PROCEDURE	1192	1209	antiviral therapy
infectious diseases_influenza_43	MEDICATION	1248	1265	Oseltamivir 75 mg
infectious diseases_influenza_43	PROCEDURE	1354	1375	Symptomatic treatment
infectious diseases_influenza_43	SYMPTOM	1380	1385	fever
infectious diseases_influenza_43	SYMPTOM	1390	1400	body aches
infectious diseases_influenza_43	MEDICATION	1402	1419	excluding aspirin
infectious diseases_influenza_43	MEDICATION	1464	1484	acetaminophen 650 mg
infectious diseases_influenza_43	SYMPTOM	1520	1525	fever
infectious diseases_influenza_43	DISEASE	1555	1569	mild hypoxemia
infectious diseases_influenza_43	PROCEDURE	1571	1608	supplemental oxygen via nasal cannula
infectious diseases_influenza_43	PROCEDURE	1661	1679	Hydration and rest
infectious diseases_influenza_43	DISEASE	1741	1755	mild hypoxemia
infectious diseases_influenza_43	PROCEDURE	1826	1838	chest x-rays
infectious diseases_influenza_43	PROCEDURE	1843	1857	pulse oximetry
infectious diseases_influenza_44	DISEASE	243	252	Influenza
infectious diseases_influenza_44	SYMPTOM	418	434	high-grade fever
infectious diseases_influenza_44	SYMPTOM	436	441	cough
infectious diseases_influenza_44	SYMPTOM	443	454	sore throat
infectious diseases_influenza_44	SYMPTOM	460	470	body aches
infectious diseases_influenza_44	DISEASE	532	541	influenza
infectious diseases_influenza_44	DISEASE	762	771	influenza
infectious diseases_influenza_44	PROCEDURE	775	793	rapid antigen test
infectious diseases_influenza_44	DISEASE	850	859	influenza
infectious diseases_influenza_44	PROCEDURE	898	915	antiviral therapy
infectious diseases_influenza_44	PROCEDURE	920	931	RT-PCR test
infectious diseases_influenza_44	DISEASE	968	977	influenza
infectious diseases_influenza_44	PROCEDURE	993	1004	chest X-ray
infectious diseases_influenza_44	PROCEDURE	1009	1023	pulse oximetry
infectious diseases_influenza_44	SYMPTOM	1050	1077	severe respiratory symptoms
infectious diseases_influenza_44	PROCEDURE	1083	1094	chest X-ray
infectious diseases_influenza_44	DISEASE	1104	1128	interstitial infiltrates
infectious diseases_influenza_44	DISEASE	1152	1161	influenza
infectious diseases_influenza_44	OBSERVATION	1177	1218	no signs of secondary bacterial pneumonia
infectious diseases_influenza_44	PROCEDURE	1258	1275	antiviral therapy
infectious diseases_influenza_44	PROCEDURE	1346	1363	Antiviral therapy
infectious diseases_influenza_44	DISEASE	1435	1444	influenza
infectious diseases_influenza_44	MEDICATION	1483	1494	Oseltamivir
infectious diseases_influenza_44	PROCEDURE	1563	1580	antiviral therapy
infectious diseases_influenza_44	PROCEDURE	1582	1603	symptomatic treatment
infectious diseases_influenza_44	SYMPTOM	1618	1628	body aches
infectious diseases_influenza_44	MEDICATION	1640	1653	Acetaminophen
infectious diseases_influenza_45	DISEASE	304	313	Influenza
infectious diseases_influenza_45	SYMPTOM	438	448	high fever
infectious diseases_influenza_45	SYMPTOM	450	455	cough
infectious diseases_influenza_45	SYMPTOM	457	468	sore throat
infectious diseases_influenza_45	SYMPTOM	470	480	body aches
infectious diseases_influenza_45	SYMPTOM	486	493	malaise
infectious diseases_influenza_45	DISEASE	519	528	influenza
infectious diseases_influenza_45	DISEASE	588	597	influenza
infectious diseases_influenza_45	PROCEDURE	633	651	rapid antigen test
infectious diseases_influenza_45	DISEASE	692	701	Influenza
infectious diseases_influenza_45	PROCEDURE	993	1004	chest x-ray
infectious diseases_influenza_45	PROCEDURE	1020	1054	revealing no evidence of pneumonia
infectious diseases_influenza_45	PROCEDURE	1060	1074	pulse oximetry
infectious diseases_influenza_45	OBSERVATION	1089	1135	absence of hypoxemia under supplemental oxygen
infectious diseases_influenza_45	PROCEDURE	1138	1144	RT-PCR
infectious diseases_influenza_45	DISEASE	1149	1158	influenza
infectious diseases_influenza_45	DISEASE	1185	1194	Influenza
infectious diseases_influenza_45	MEDICATION	1281	1292	Oseltamivir
infectious diseases_influenza_45	PROCEDURE	1425	1446	Symptomatic treatment
infectious diseases_influenza_45	MEDICATION	1456	1469	acetaminophen
infectious diseases_influenza_45	SYMPTOM	1495	1500	fever
infectious diseases_influenza_45	SYMPTOM	1505	1515	body aches
infectious diseases_influenza_45	PROCEDURE	1521	1539	adequate hydration
infectious diseases_influenza_45	MEDICATION	1556	1563	Aspirin
infectious diseases_influenza_45	SYMPTOM	1682	1700	respiratory status
infectious diseases_influenza_45	PROCEDURE	1729	1769	daily assessments by respiratory therapy
infectious diseases_influenza_46	SYMPTOM	369	379	high fever
infectious diseases_influenza_46	SYMPTOM	381	400	severe muscle aches
infectious diseases_influenza_46	SYMPTOM	402	407	cough
infectious diseases_influenza_46	SYMPTOM	413	433	generalized weakness
infectious diseases_influenza_46	DISEASE	588	600	hypertension
infectious diseases_influenza_46	DISEASE	652	661	influenza
infectious diseases_influenza_46	PROCEDURE	678	698	Physical Examination
infectious diseases_influenza_46	OBSERVATION	882	899	clear lung fields
infectious diseases_influenza_46	OBSERVATION	901	908	no rash
infectious diseases_influenza_46	OBSERVATION	914	933	normal heart sounds
infectious diseases_influenza_46	PROCEDURE	979	997	Rapid antigen test
infectious diseases_influenza_46	DISEASE	1002	1011	influenza
infectious diseases_influenza_46	DISEASE	1065	1076	Influenza A
infectious diseases_influenza_46	PROCEDURE	1080	1091	RT-PCR test
infectious diseases_influenza_46	DISEASE	1096	1105	influenza
infectious diseases_influenza_46	PROCEDURE	1139	1150	Chest X-ray
infectious diseases_influenza_46	OBSERVATION	1182	1213	showed no evidence of pneumonia
infectious diseases_influenza_46	PROCEDURE	1217	1231	Pulse oximetry
infectious diseases_influenza_46	DISEASE	1353	1371	influenza A (H3N2)
infectious diseases_influenza_46	DISEASE	1426	1438	hypertension
infectious diseases_influenza_46	PROCEDURE	1440	1457	antiviral therapy
infectious diseases_influenza_46	MEDICATION	1512	1523	Oseltamivir
infectious diseases_influenza_47	DISEASE	293	302	Influenza
infectious diseases_influenza_47	SYMPTOM	436	441	fever
infectious diseases_influenza_47	SYMPTOM	443	448	cough
infectious diseases_influenza_47	SYMPTOM	450	461	sore throat
infectious diseases_influenza_47	SYMPTOM	463	473	body aches
infectious diseases_influenza_47	SYMPTOM	479	486	fatigue
infectious diseases_influenza_47	SYMPTOM	488	496	Symptoms
infectious diseases_influenza_47	DISEASE	591	600	influenza
infectious diseases_influenza_47	DISEASE	649	658	influenza
infectious diseases_influenza_47	PROCEDURE	777	795	rapid antigen test
infectious diseases_influenza_47	DISEASE	852	861	influenza
infectious diseases_influenza_47	PROCEDURE	900	917	antiviral therapy
infectious diseases_influenza_47	PROCEDURE	922	933	RT-PCR test
infectious diseases_influenza_47	DISEASE	986	995	influenza
infectious diseases_influenza_47	PROCEDURE	1011	1025	Pulse oximetry
infectious diseases_influenza_47	DISEASE	1033	1047	mild hypoxemia
infectious diseases_influenza_47	PROCEDURE	1097	1108	chest x-ray
infectious diseases_influenza_47	OBSERVATION	1154	1165	clear lungs
infectious diseases_influenza_47	OBSERVATION	1171	1197	no evidence of infiltrates
infectious diseases_influenza_47	PROCEDURE	1248	1265	antiviral therapy
infectious diseases_influenza_47	MEDICATION	1318	1329	Oseltamivir
infectious diseases_influenza_47	PROCEDURE	1403	1424	Symptomatic treatment
infectious diseases_influenza_47	MEDICATION	1434	1447	acetaminophen
infectious diseases_influenza_47	SYMPTOM	1452	1457	fever
infectious diseases_influenza_47	SYMPTOM	1462	1472	body aches
infectious diseases_influenza_47	SYMPTOM	1628	1633	fever
infectious diseases_influenza_47	SYMPTOM	1694	1702	symptoms
infectious diseases_influenza_47	PROCEDURE	1727	1749	Oxygen supplementation
infectious diseases_influenza_47	PROCEDURE	1865	1876	RT-PCR test
infectious diseases_influenza_47	DISEASE	1924	1933	influenza
infectious diseases_influenza_48	SYMPTOM	421	426	fever
infectious diseases_influenza_48	SYMPTOM	428	433	cough
infectious diseases_influenza_48	SYMPTOM	435	454	significant fatigue
infectious diseases_influenza_48	SYMPTOM	460	470	body aches
infectious diseases_influenza_48	DISEASE	523	532	influenza
infectious diseases_influenza_48	DISEASE	578	587	influenza
infectious diseases_influenza_48	OBSERVATION	647	686	noting no significant chronic illnesses
infectious diseases_influenza_48	DISEASE	758	767	influenza
infectious diseases_influenza_48	PROCEDURE	780	801	Diagnostic Evaluation
infectious diseases_influenza_48	PROCEDURE	845	873	thorough clinical evaluation
infectious diseases_influenza_48	SYMPTOM	875	886	Vital signs
infectious diseases_influenza_48	SYMPTOM	913	918	fever
infectious diseases_influenza_48	OBSERVATION	930	968	with other vitals within normal ranges
infectious diseases_influenza_48	PROCEDURE	972	990	rapid antigen test
infectious diseases_influenza_48	DISEASE	1049	1058	influenza
infectious diseases_influenza_48	PROCEDURE	1098	1115	antiviral therapy
infectious diseases_influenza_48	PROCEDURE	1120	1131	RT-PCR test
infectious diseases_influenza_48	DISEASE	1193	1202	Influenza
infectious diseases_influenza_48	SYMPTOM	1226	1253	severe respiratory symptoms
infectious diseases_influenza_48	PROCEDURE	1255	1269	pulse oximetry
infectious diseases_influenza_48	DISEASE	1280	1304	revealing mild hypoxemia
infectious diseases_influenza_48	PROCEDURE	1312	1323	chest x-ray
infectious diseases_influenza_48	OBSERVATION	1339	1376	which did not show signs of pneumonia
infectious diseases_influenza_48	PROCEDURE	1434	1451	antiviral therapy
infectious diseases_influenza_48	MEDICATION	1486	1497	Oseltamivir
infectious diseases_influenza_48	PROCEDURE	1590	1611	symptomatic treatment
infectious diseases_influenza_48	PROCEDURE	1623	1627	rest
infectious diseases_influenza_48	PROCEDURE	1629	1638	hydration
infectious diseases_influenza_48	MEDICATION	1655	1668	acetaminophen
infectious diseases_influenza_48	SYMPTOM	1683	1693	body aches
infectious diseases_influenza_48	PROCEDURE	1896	1913	antiviral therapy
infectious diseases_influenza_49	SYMPTOM	376	386	high fever
infectious diseases_influenza_49	SYMPTOM	388	393	cough
infectious diseases_influenza_49	SYMPTOM	395	407	muscle aches
infectious diseases_influenza_49	SYMPTOM	413	427	severe fatigue
infectious diseases_influenza_49	DISEASE	429	438	Influenza
infectious diseases_influenza_49	PROCEDURE	752	772	Physical examination
infectious diseases_influenza_49	DISEASE	782	799	bilateral rhonchi
infectious diseases_influenza_49	DISEASE	805	828	decreased breath sounds
infectious diseases_influenza_49	OBSERVATION	881	893	unremarkable
infectious diseases_influenza_49	PROCEDURE	898	915	Diagnostic Workup
infectious diseases_influenza_49	PROCEDURE	921	939	Rapid antigen test
infectious diseases_influenza_49	DISEASE	944	953	influenza
infectious diseases_influenza_49	DISEASE	1000	1009	Influenza
infectious diseases_influenza_49	PROCEDURE	1086	1097	RT-PCR test
infectious diseases_influenza_49	DISEASE	1129	1138	Influenza
infectious diseases_influenza_49	PROCEDURE	1155	1166	Chest X-ray
infectious diseases_influenza_49	DISEASE	1193	1202	pneumonia
infectious diseases_influenza_49	OBSERVATION	1217	1266	clear lung fields without evidence of infiltrates
infectious diseases_influenza_49	OBSERVATION	1268	1311	indicating no secondary bacterial pneumonia
infectious diseases_influenza_49	PROCEDURE	1313	1327	Pulse oximetry
infectious diseases_influenza_49	DISEASE	1338	1352	mild hypoxemia
infectious diseases_influenza_49	PROCEDURE	1414	1431	antiviral therapy
infectious diseases_influenza_49	MEDICATION	1437	1448	Oseltamivir
infectious diseases_influenza_49	PROCEDURE	1581	1631	supplemental oxygen was provided via nasal cannula
infectious diseases_influenza_49	PROCEDURE	1718	1740	Symptomatic management
infectious diseases_influenza_49	MEDICATION	1768	1781	acetaminophen
infectious diseases_influenza_49	SYMPTOM	1796	1808	muscle aches
infectious diseases_influenza_49	MEDICATION	1849	1856	Aspirin
infectious diseases_influenza_5	SYMPTOM	481	491	high fever
infectious diseases_influenza_5	SYMPTOM	493	498	cough
infectious diseases_influenza_5	SYMPTOM	500	514	severe myalgia
infectious diseases_influenza_5	SYMPTOM	520	527	fatigue
infectious diseases_influenza_5	DISEASE	576	585	influenza
infectious diseases_influenza_5	DISEASE	607	626	influenza infection
infectious diseases_influenza_5	DISEASE	792	801	influenza
infectious diseases_influenza_5	OBSERVATION	831	850	Diagnostic Findings
infectious diseases_influenza_5	PROCEDURE	1053	1071	rapid antigen test
infectious diseases_influenza_5	DISEASE	1076	1085	influenza
infectious diseases_influenza_5	DISEASE	1142	1153	Influenza A
infectious diseases_influenza_5	PROCEDURE	1190	1207	antiviral therapy
infectious diseases_influenza_5	PROCEDURE	1212	1223	RT-PCR test
infectious diseases_influenza_5	DISEASE	1273	1282	Influenza
infectious diseases_influenza_5	PROCEDURE	1286	1316	Chest X-ray and pulse oximetry
infectious diseases_influenza_5	SYMPTOM	1353	1380	severe respiratory symptoms
infectious diseases_influenza_5	DISEASE	1392	1421	mild interstitial infiltrates
infectious diseases_influenza_5	PROCEDURE	1491	1508	antiviral therapy
infectious diseases_influenza_5	MEDICATION	1598	1609	Oseltamivir
infectious diseases_influenza_5	MEDICATION	1758	1767	Zanamivir
infectious diseases_influenza_6	SYMPTOM	404	414	high fever
infectious diseases_influenza_6	SYMPTOM	416	421	cough
infectious diseases_influenza_6	SYMPTOM	423	434	sore throat
infectious diseases_influenza_6	SYMPTOM	436	446	body aches
infectious diseases_influenza_6	SYMPTOM	452	468	profound fatigue
infectious diseases_influenza_6	DISEASE	650	659	influenza
infectious diseases_influenza_6	PROCEDURE	870	890	Physical Examination
infectious diseases_influenza_6	SYMPTOM	1119	1135	nasal congestion
infectious diseases_influenza_6	SYMPTOM	1137	1172	pharyngeal erythema without exudate
infectious diseases_influenza_6	SYMPTOM	1178	1199	mild diffuse myalgias
infectious diseases_influenza_6	PROCEDURE	1201	1218	Lung auscultation
infectious diseases_influenza_6	OBSERVATION	1223	1228	clear
infectious diseases_influenza_6	OBSERVATION	1234	1248	no skin rashes
infectious diseases_influenza_6	PROCEDURE	1267	1284	Diagnostic Workup
infectious diseases_influenza_6	PROCEDURE	1292	1310	Rapid antigen test
infectious diseases_influenza_6	DISEASE	1315	1324	influenza
infectious diseases_influenza_6	DISEASE	1339	1348	Influenza
infectious diseases_influenza_6	PROCEDURE	1356	1367	RT-PCR test
infectious diseases_influenza_6	DISEASE	1378	1387	Influenza
infectious diseases_influenza_6	PROCEDURE	1408	1419	Chest X-ray
infectious diseases_influenza_6	OBSERVATION	1421	1445	No evidence of pneumonia
infectious diseases_influenza_6	PROCEDURE	1451	1465	Pulse oximetry
infectious diseases_influenza_6	DISEASE	1549	1558	Influenza
infectious diseases_influenza_6	OBSERVATION	1570	1611	absence of bacterial superinfection signs
infectious diseases_influenza_6	PROCEDURE	1615	1626	chest X-ray
infectious diseases_influenza_6	DISEASE	1659	1668	influenza
infectious diseases_influenza_6	SYMPTOM	1728	1738	high fever
infectious diseases_influenza_6	PROCEDURE	1743	1765	Treatment Administered
infectious diseases_influenza_6	PROCEDURE	1792	1807	supportive care
infectious diseases_influenza_6	PROCEDURE	1819	1844	IV fluids for rehydration
infectious diseases_influenza_6	MEDICATION	1849	1862	acetaminophen
infectious diseases_influenza_6	SYMPTOM	1877	1887	body aches
infectious diseases_influenza_7	DISEASE	262	271	Influenza
infectious diseases_influenza_7	SYMPTOM	420	425	fever
infectious diseases_influenza_7	SYMPTOM	427	432	cough
infectious diseases_influenza_7	SYMPTOM	434	451	severe body aches
infectious diseases_influenza_7	SYMPTOM	457	464	fatigue
infectious diseases_influenza_7	DISEASE	586	595	influenza
infectious diseases_influenza_7	DISEASE	652	661	influenza
infectious diseases_influenza_7	PROCEDURE	718	736	rapid antigen test
infectious diseases_influenza_7	DISEASE	741	750	influenza
infectious diseases_influenza_7	DISEASE	780	789	Influenza
infectious diseases_influenza_7	PROCEDURE	831	848	antiviral therapy
infectious diseases_influenza_7	PROCEDURE	852	871	nasopharyngeal swab
infectious diseases_influenza_7	PROCEDURE	899	913	RT-PCR testing
infectious diseases_influenza_7	PROCEDURE	919	930	RT-PCR test
infectious diseases_influenza_7	DISEASE	941	950	Influenza
infectious diseases_influenza_7	SYMPTOM	1005	1020	severe symptoms
infectious diseases_influenza_7	PROCEDURE	1060	1091	Laboratory and Imaging Findings
infectious diseases_influenza_7	PROCEDURE	1099	1117	Rapid antigen test
infectious diseases_influenza_7	DISEASE	1122	1131	influenza
infectious diseases_influenza_7	DISEASE	1146	1155	Influenza
infectious diseases_influenza_7	PROCEDURE	1162	1173	RT-PCR test
infectious diseases_influenza_7	DISEASE	1178	1187	influenza
infectious diseases_influenza_7	DISEASE	1199	1208	Influenza
infectious diseases_influenza_7	PROCEDURE	1215	1229	Pulse oximetry
infectious diseases_influenza_7	PROCEDURE	1264	1275	Chest X-ray
infectious diseases_influenza_7	OBSERVATION	1277	1298	No signs of pneumonia
infectious diseases_influenza_7	OBSERVATION	1305	1343	findings suggestive of viral infection
infectious diseases_influenza_7	DISEASE	1426	1435	Influenza
infectious diseases_influenza_7	PROCEDURE	1466	1483	antiviral therapy
infectious diseases_influenza_7	MEDICATION	1485	1496	Oseltamivir
infectious diseases_influenza_7	PROCEDURE	1651	1666	supportive care
infectious diseases_influenza_7	PROCEDURE	1698	1710	antipyretics
infectious diseases_influenza_7	MEDICATION	1725	1738	Acetaminophen
infectious diseases_influenza_7	SYMPTOM	1753	1773	fever and body aches
infectious diseases_influenza_7	MEDICATION	1784	1791	aspirin
infectious diseases_influenza_7	PROCEDURE	1931	1948	antiviral therapy
infectious diseases_influenza_7	SYMPTOM	1950	1955	Fever
infectious diseases_influenza_8	SYMPTOM	372	382	high fever
infectious diseases_influenza_8	SYMPTOM	398	417	severe muscle aches
infectious diseases_influenza_8	SYMPTOM	419	424	cough
infectious diseases_influenza_8	SYMPTOM	430	444	marked fatigue
infectious diseases_influenza_8	DISEASE	667	676	influenza
infectious diseases_influenza_8	SYMPTOM	688	698	high fever
infectious diseases_influenza_8	SYMPTOM	700	705	cough
infectious diseases_influenza_8	SYMPTOM	711	718	myalgia
infectious diseases_influenza_8	DISEASE	778	787	influenza
infectious diseases_influenza_8	PROCEDURE	932	950	rapid antigen test
infectious diseases_influenza_8	DISEASE	999	1010	influenza A
infectious diseases_influenza_8	PROCEDURE	1086	1097	RT-PCR test
infectious diseases_influenza_8	OBSERVATION	1113	1145	confirming the initial diagnosis
infectious diseases_influenza_8	DISEASE	1170	1179	influenza
infectious diseases_influenza_8	PROCEDURE	1196	1210	Pulse oximetry
infectious diseases_influenza_8	DISEASE	1218	1232	mild hypoxemia
infectious diseases_influenza_8	PROCEDURE	1285	1296	chest x-ray
infectious diseases_influenza_8	DISEASE	1306	1330	interstitial infiltrates
infectious diseases_influenza_8	OBSERVATION	1332	1373	suggestive of primary influenza pneumonia
infectious diseases_influenza_8	PROCEDURE	1494	1511	antiviral therapy
infectious diseases_influenza_8	MEDICATION	1556	1567	Oseltamivir
infectious diseases_influenza_8	PROCEDURE	1659	1715	supplemental oxygen was administered via a nasal cannula
infectious diseases_influenza_8	PROCEDURE	1757	1778	Symptomatic treatment
infectious diseases_influenza_8	MEDICATION	1788	1801	acetaminophen
infectious diseases_influenza_8	SYMPTOM	1827	1832	fever
infectious diseases_influenza_8	PROCEDURE	1853	1871	adequate hydration
infectious diseases_influenza_8	MEDICATION	1888	1895	Aspirin
infectious diseases_influenza_9	SYMPTOM	357	362	fever
infectious diseases_influenza_9	SYMPTOM	364	379	severe headache
infectious diseases_influenza_9	SYMPTOM	381	393	muscle aches
infectious diseases_influenza_9	SYMPTOM	395	400	cough
infectious diseases_influenza_9	SYMPTOM	406	417	sore throat
infectious diseases_influenza_9	DISEASE	562	584	influenza-like illness
infectious diseases_influenza_9	DISEASE	769	778	influenza
infectious diseases_influenza_9	DISEASE	795	804	influenza
infectious diseases_influenza_9	PROCEDURE	1038	1058	Physical Examination
infectious diseases_influenza_9	SYMPTOM	1142	1182	displaying signs of respiratory distress
infectious diseases_influenza_9	SYMPTOM	1214	1230	diffuse wheezing
infectious diseases_influenza_9	SYMPTOM	1232	1247	bilateral rales
infectious diseases_influenza_9	OBSERVATION	1253	1288	normal heart sounds without murmurs
infectious diseases_influenza_9	OBSERVATION	1290	1330	No signs of cyanosis or peripheral edema
infectious diseases_influenza_9	PROCEDURE	1349	1366	Diagnostic Workup
infectious diseases_influenza_9	PROCEDURE	1377	1395	Rapid Antigen Test
infectious diseases_influenza_9	DISEASE	1452	1463	Influenza A
infectious diseases_influenza_9	PROCEDURE	1470	1481	RT-PCR Test
infectious diseases_influenza_9	DISEASE	1485	1519	Confirmed Influenza A H3N2 subtype
infectious diseases_influenza_9	PROCEDURE	1565	1576	Chest X-Ray
infectious diseases_influenza_9	DISEASE	1622	1646	interstitial infiltrates
infectious diseases_influenza_9	PROCEDURE	1697	1711	Pulse Oximetry
infectious diseases_influenza_9	PROCEDURE	1783	1807	Treatment and Management
infectious diseases_influenza_9	MEDICATION	1818	1829	Oseltamivir
neurology_intracerebral hemorrhage_0	SYMPTOM	438	453	severe headache
neurology_intracerebral hemorrhage_0	SYMPTOM	455	475	right-sided weakness
neurology_intracerebral hemorrhage_0	SYMPTOM	481	503	impaired consciousness
neurology_intracerebral hemorrhage_0	DISEASE	534	546	hypertension
neurology_intracerebral hemorrhage_0	MEDICATION	578	588	Lisinopril
neurology_intracerebral hemorrhage_0	PROCEDURE	717	745	bedside blood glucose levels
neurology_intracerebral hemorrhage_0	DISEASE	772	784	hypoglycemia
neurology_intracerebral hemorrhage_0	PROCEDURE	788	814	complete blood count (CBC)
neurology_intracerebral hemorrhage_0	PROCEDURE	819	838	coagulation studies
neurology_intracerebral hemorrhage_0	PROCEDURE	850	853	INR
neurology_intracerebral hemorrhage_0	PROCEDURE	855	858	PTT
neurology_intracerebral hemorrhage_0	PROCEDURE	864	878	platelet count
neurology_intracerebral hemorrhage_0	PROCEDURE	907	940	Immediate CT imaging of the brain
neurology_intracerebral hemorrhage_0	DISEASE	957	981	intracerebral hemorrhage
neurology_intracerebral hemorrhage_0	PROCEDURE	1010	1024	CT angiography
neurology_intracerebral hemorrhage_0	OBSERVATION	1050	1059	spot sign
neurology_intracerebral hemorrhage_0	DISEASE	1173	1197	intracerebral hemorrhage
neurology_intracerebral hemorrhage_0	MEDICATION	1199	1242	anticoagulants and antiplatelet medications
neurology_intracerebral hemorrhage_0	PROCEDURE	1265	1290	Blood pressure management
neurology_intracerebral hemorrhage_0	PROCEDURE	1322	1336	IV nicardipine
neurology_intracerebral hemorrhage_0	PROCEDURE	1366	1412	gradually increased to a maximum of 10 mg/hour
neurology_intracerebral hemorrhage_0	PROCEDURE	1581	1605	neurosurgical evaluation
neurology_intracerebral hemorrhage_0	PROCEDURE	1669	1690	surgical intervention
neurology_intracerebral hemorrhage_0	DISEASE	1772	1795	certain lobar hematomas
neurology_intracerebral hemorrhage_1	DISEASE	253	277	Intracerebral Hemorrhage
neurology_intracerebral hemorrhage_1	DISEASE	305	317	Hypertension
neurology_intracerebral hemorrhage_1	DISEASE	319	333	Hyperlipidemia
neurology_intracerebral hemorrhage_1	SYMPTOM	456	471	severe headache
neurology_intracerebral hemorrhage_1	SYMPTOM	473	493	right-sided weakness
neurology_intracerebral hemorrhage_1	SYMPTOM	499	518	difficulty speaking
neurology_intracerebral hemorrhage_1	DISEASE	603	615	hypertension
neurology_intracerebral hemorrhage_1	OBSERVATION	798	825	Important Clinical Findings
neurology_intracerebral hemorrhage_1	PROCEDURE	849	886	Immediate bedside blood glucose level
neurology_intracerebral hemorrhage_1	PROCEDURE	899	926	CBC and coagulation studies
neurology_intracerebral hemorrhage_1	PROCEDURE	928	931	INR
neurology_intracerebral hemorrhage_1	PROCEDURE	933	936	PTT
neurology_intracerebral hemorrhage_1	PROCEDURE	938	952	platelet count
neurology_intracerebral hemorrhage_1	OBSERVATION	959	979	within normal limits
neurology_intracerebral hemorrhage_1	PROCEDURE	993	1012	CT scan of the head
neurology_intracerebral hemorrhage_1	DISEASE	1043	1067	intracerebral hemorrhage
neurology_intracerebral hemorrhage_1	PROCEDURE	1096	1110	CT angiography
neurology_intracerebral hemorrhage_1	DISEASE	1124	1146	contrast extravasation
neurology_intracerebral hemorrhage_1	PROCEDURE	1224	1250	Neurosurgical consultation
neurology_intracerebral hemorrhage_1	MEDICATION	1410	1427	Antihypertensives
neurology_intracerebral hemorrhage_1	MEDICATION	1444	1455	nicardipine
neurology_intracerebral hemorrhage_1	PROCEDURE	1486	1519	increased gradually to 10 mg/hour
neurology_intracerebral hemorrhage_1	PROCEDURE	1570	1595	Blood Pressure Management
neurology_intracerebral hemorrhage_1	PROCEDURE	1649	1677	continuous IV administration
neurology_intracerebral hemorrhage_1	MEDICATION	1681	1692	nicardipine
neurology_intracerebral hemorrhage_10	SYMPTOM	336	351	severe headache
neurology_intracerebral hemorrhage_10	SYMPTOM	353	373	right-sided weakness
neurology_intracerebral hemorrhage_10	SYMPTOM	379	400	altered consciousness
neurology_intracerebral hemorrhage_10	DISEASE	431	443	hypertension
neurology_intracerebral hemorrhage_10	MEDICATION	455	482	antihypertensive medication
neurology_intracerebral hemorrhage_10	PROCEDURE	524	562	immediate bedside blood glucose levels
neurology_intracerebral hemorrhage_10	DISEASE	589	601	hypoglycemia
neurology_intracerebral hemorrhage_10	PROCEDURE	628	648	complete blood count
neurology_intracerebral hemorrhage_10	PROCEDURE	659	678	coagulation studies
neurology_intracerebral hemorrhage_10	PROCEDURE	680	683	INR
neurology_intracerebral hemorrhage_10	PROCEDURE	685	688	PTT
neurology_intracerebral hemorrhage_10	PROCEDURE	690	704	platelet count
neurology_intracerebral hemorrhage_10	PROCEDURE	722	760	revealing no significant abnormalities
neurology_intracerebral hemorrhage_10	PROCEDURE	765	791	urgent CT scan of the head
neurology_intracerebral hemorrhage_10	DISEASE	841	865	intracerebral hemorrhage
neurology_intracerebral hemorrhage_10	PROCEDURE	897	911	CT angiography
neurology_intracerebral hemorrhage_10	DISEASE	1053	1077	intracerebral hemorrhage
neurology_intracerebral hemorrhage_10	MEDICATION	1079	1125	all anticoagulant and antiplatelet medications
neurology_intracerebral hemorrhage_10	DISEASE	1257	1269	hypertension
neurology_intracerebral hemorrhage_10	MEDICATION	1271	1294	intravenous nicardipine
neurology_intracerebral hemorrhage_10	PROCEDURE	1710	1733	conservative management
neurology_intracerebral hemorrhage_10	PROCEDURE	1865	1900	No surgical evacuation was required
neurology_intracerebral hemorrhage_10	PROCEDURE	1903	1926	Antiseizure prophylaxis
neurology_intracerebral hemorrhage_10	PROCEDURE	2073	2106	physical and occupational therapy
neurology_intracerebral hemorrhage_10	SYMPTOM	2119	2139	right-sided weakness
neurology_intracerebral hemorrhage_11	DISEASE	376	388	hypertension
neurology_intracerebral hemorrhage_11	DISEASE	393	412	atrial fibrillation
neurology_intracerebral hemorrhage_11	SYMPTOM	488	503	severe headache
neurology_intracerebral hemorrhage_11	SYMPTOM	505	525	right-sided weakness
neurology_intracerebral hemorrhage_11	SYMPTOM	531	545	slurred speech
neurology_intracerebral hemorrhage_11	PROCEDURE	566	589	anticoagulation therapy
neurology_intracerebral hemorrhage_11	MEDICATION	591	599	Apixaban
neurology_intracerebral hemorrhage_11	DISEASE	605	624	atrial fibrillation
neurology_intracerebral hemorrhage_11	DISEASE	689	713	intracerebral hemorrhage
neurology_intracerebral hemorrhage_11	PROCEDURE	744	765	Diagnostic Evaluation
neurology_intracerebral hemorrhage_11	PROCEDURE	789	816	bedside blood glucose level
neurology_intracerebral hemorrhage_11	OBSERVATION	856	893	results showing normal glucose levels
neurology_intracerebral hemorrhage_11	PROCEDURE	897	917	complete blood count
neurology_intracerebral hemorrhage_11	PROCEDURE	928	947	coagulation studies
neurology_intracerebral hemorrhage_11	PROCEDURE	954	957	PTT
neurology_intracerebral hemorrhage_11	PROCEDURE	959	973	platelet count
neurology_intracerebral hemorrhage_11	DISEASE	1002	1021	altered coagulation
neurology_intracerebral hemorrhage_11	PROCEDURE	1036	1059	anticoagulation therapy
neurology_intracerebral hemorrhage_11	PROCEDURE	1074	1093	CT scan of the head
neurology_intracerebral hemorrhage_11	OBSERVATION	1109	1184	revealing a left basal ganglia hemorrhage without evidence of midline shift
neurology_intracerebral hemorrhage_11	PROCEDURE	1186	1200	CT angiography
neurology_intracerebral hemorrhage_11	PROCEDURE	1282	1305	anticoagulation therapy
neurology_intracerebral hemorrhage_11	MEDICATION	1307	1321	andexanet alfa
neurology_intracerebral hemorrhage_11	MEDICATION	1365	1373	Apixaban
neurology_intracerebral hemorrhage_11	PROCEDURE	1399	1423	Anticoagulation Reversal
neurology_intracerebral hemorrhage_11	MEDICATION	1427	1441	Andexanet alfa
neurology_intracerebral hemorrhage_11	MEDICATION	1501	1509	Apixaban
neurology_intracerebral hemorrhage_11	PROCEDURE	1516	1541	Blood Pressure Management
neurology_intracerebral hemorrhage_11	MEDICATION	1621	1644	Intravenous nicardipine
neurology_intracerebral hemorrhage_12	DISEASE	228	252	Intracerebral Hemorrhage
neurology_intracerebral hemorrhage_12	DISEASE	280	292	Hypertension
neurology_intracerebral hemorrhage_12	DISEASE	393	405	hypertension
neurology_intracerebral hemorrhage_12	SYMPTOM	508	523	severe headache
neurology_intracerebral hemorrhage_12	SYMPTOM	525	545	right-sided weakness
neurology_intracerebral hemorrhage_12	SYMPTOM	551	572	altered mental status
neurology_intracerebral hemorrhage_12	PROCEDURE	708	745	immediate bedside blood glucose level
neurology_intracerebral hemorrhage_12	OBSERVATION	760	798	confirming the absence of hypoglycemia
neurology_intracerebral hemorrhage_12	PROCEDURE	802	828	complete blood count (CBC)
neurology_intracerebral hemorrhage_12	PROCEDURE	830	849	coagulation studies
neurology_intracerebral hemorrhage_12	PROCEDURE	860	863	INR
neurology_intracerebral hemorrhage_12	PROCEDURE	865	868	PTT
neurology_intracerebral hemorrhage_12	PROCEDURE	874	888	platelet count
neurology_intracerebral hemorrhage_12	OBSERVATION	905	943	revealing no significant abnormalities
neurology_intracerebral hemorrhage_12	PROCEDURE	948	974	urgent CT scan of the head
neurology_intracerebral hemorrhage_12	OBSERVATION	1025	1049	intracerebral hemorrhage
neurology_intracerebral hemorrhage_12	PROCEDURE	1095	1109	CT angiography
neurology_intracerebral hemorrhage_12	DISEASE	1211	1235	intracerebral hemorrhage
neurology_intracerebral hemorrhage_12	PROCEDURE	1240	1256	Treatment Course
neurology_intracerebral hemorrhage_12	DISEASE	1285	1309	intracerebral hemorrhage
neurology_intracerebral hemorrhage_12	MEDICATION	1311	1357	all anticoagulant and antiplatelet medications
neurology_intracerebral hemorrhage_12	PROCEDURE	1474	1499	Blood pressure management
neurology_intracerebral hemorrhage_12	MEDICATION	1546	1560	IV nicardipine
neurology_intracerebral hemorrhage_12	PROCEDURE	1562	1585	starting at 2.5 mg/hour
neurology_intracerebral hemorrhage_12	MEDICATION	1761	1772	nicardipine
neurology_intracerebral hemorrhage_12	OBSERVATION	1774	1803	ensuring sustained BP control
neurology_intracerebral hemorrhage_12	PROCEDURE	1808	1829	Surgical Intervention
neurology_intracerebral hemorrhage_12	OBSERVATION	1896	1938	no evidence of midline shift or herniation
neurology_intracerebral hemorrhage_12	PROCEDURE	1977	1996	surgical evacuation
neurology_intracerebral hemorrhage_13	SYMPTOM	297	317	right-sided weakness
neurology_intracerebral hemorrhage_13	SYMPTOM	323	332	confusion
neurology_intracerebral hemorrhage_13	DISEASE	452	464	hypertension
neurology_intracerebral hemorrhage_13	DISEASE	469	493	type 2 diabetes mellitus
neurology_intracerebral hemorrhage_13	SYMPTOM	605	625	right-sided weakness
neurology_intracerebral hemorrhage_13	SYMPTOM	631	640	confusion
neurology_intracerebral hemorrhage_13	PROCEDURE	912	936	Neurological Examination
neurology_intracerebral hemorrhage_13	SYMPTOM	938	961	Noted right hemiparesis
neurology_intracerebral hemorrhage_13	SYMPTOM	963	977	slurred speech
neurology_intracerebral hemorrhage_13	SYMPTOM	983	1009	orientation to person only
neurology_intracerebral hemorrhage_13	PROCEDURE	1014	1036	Diagnostic Assessments
neurology_intracerebral hemorrhage_13	PROCEDURE	1047	1066	Blood Glucose Level
neurology_intracerebral hemorrhage_13	PROCEDURE	1100	1120	Complete Blood Count
neurology_intracerebral hemorrhage_13	PROCEDURE	1135	1154	Coagulation Studies
neurology_intracerebral hemorrhage_13	PROCEDURE	1158	1161	INR
neurology_intracerebral hemorrhage_13	PROCEDURE	1163	1166	PTT
neurology_intracerebral hemorrhage_13	PROCEDURE	1168	1182	platelet count
neurology_intracerebral hemorrhage_13	PROCEDURE	1218	1235	Immediate CT Scan
neurology_intracerebral hemorrhage_13	DISEASE	1267	1291	intracerebral hemorrhage
neurology_intracerebral hemorrhage_13	DISEASE	1325	1350	significant midline shift
neurology_intracerebral hemorrhage_13	PROCEDURE	1359	1373	CT Angiography
neurology_intracerebral hemorrhage_13	OBSERVATION	1376	1411	did not show contrast extravasation
neurology_intracerebral hemorrhage_13	SYMPTOM	1413	1422	spot sign
neurology_intracerebral hemorrhage_13	DISEASE	1469	1493	intracerebral hemorrhage
neurology_intracerebral hemorrhage_13	PROCEDURE	1585	1610	Blood pressure management
neurology_intracerebral hemorrhage_13	MEDICATION	1645	1656	Nicardipine
neurology_intracerebral hemorrhage_13	PROCEDURE	1680	1715	careful titration up to 7.5 mg/hour
neurology_intracerebral hemorrhage_14	SYMPTOM	285	300	severe headache
neurology_intracerebral hemorrhage_14	SYMPTOM	302	322	right-sided weakness
neurology_intracerebral hemorrhage_14	SYMPTOM	328	350	impaired consciousness
neurology_intracerebral hemorrhage_14	DISEASE	378	390	Hypertension
neurology_intracerebral hemorrhage_14	SYMPTOM	667	682	severe headache
neurology_intracerebral hemorrhage_14	SYMPTOM	684	704	right-sided weakness
neurology_intracerebral hemorrhage_14	SYMPTOM	710	731	altered consciousness
neurology_intracerebral hemorrhage_14	PROCEDURE	747	763	rapid assessment
neurology_intracerebral hemorrhage_14	PROCEDURE	791	818	bedside blood glucose level
neurology_intracerebral hemorrhage_14	DISEASE	871	883	hypoglycemia
neurology_intracerebral hemorrhage_14	PROCEDURE	913	932	Initial diagnostics
neurology_intracerebral hemorrhage_14	PROCEDURE	944	947	CBC
neurology_intracerebral hemorrhage_14	PROCEDURE	949	968	coagulation studies
neurology_intracerebral hemorrhage_14	PROCEDURE	970	973	INR
neurology_intracerebral hemorrhage_14	PROCEDURE	975	978	PTT
neurology_intracerebral hemorrhage_14	PROCEDURE	980	994	platelet count
neurology_intracerebral hemorrhage_14	PROCEDURE	1110	1130	CT scan of the brain
neurology_intracerebral hemorrhage_14	DISEASE	1142	1177	left-sided intracerebral hemorrhage
neurology_intracerebral hemorrhage_14	SYMPTOM	1186	1218	signs of subarachnoid hemorrhage
neurology_intracerebral hemorrhage_14	PROCEDURE	1289	1304	reversal agents
neurology_intracerebral hemorrhage_14	DISEASE	1337	1349	hypertension
neurology_intracerebral hemorrhage_14	PROCEDURE	1381	1395	IV nicardipine
neurology_intracerebral hemorrhage_14	DISEASE	1490	1502	hypertension
neurology_intracerebral hemorrhage_14	MEDICATION	1631	1645	IV nicardipine
neurology_intracerebral hemorrhage_14	PROCEDURE	1667	1688	Surgical intervention
neurology_intracerebral hemorrhage_14	SYMPTOM	2001	2041	signs of increased intracranial pressure
neurology_intracerebral hemorrhage_15	SYMPTOM	267	282	severe headache
neurology_intracerebral hemorrhage_15	SYMPTOM	284	304	right-sided weakness
neurology_intracerebral hemorrhage_15	SYMPTOM	310	329	difficulty speaking
neurology_intracerebral hemorrhage_15	DISEASE	370	382	Hypertension
neurology_intracerebral hemorrhage_15	MEDICATION	477	487	Amlodipine
neurology_intracerebral hemorrhage_15	DISEASE	504	516	hypertension
neurology_intracerebral hemorrhage_15	SYMPTOM	685	700	severe headache
neurology_intracerebral hemorrhage_15	SYMPTOM	702	722	right-sided weakness
neurology_intracerebral hemorrhage_15	SYMPTOM	728	742	slurred speech
neurology_intracerebral hemorrhage_15	PROCEDURE	744	762	Initial assessment
neurology_intracerebral hemorrhage_15	SYMPTOM	775	802	focal neurological deficits
neurology_intracerebral hemorrhage_15	SYMPTOM	807	829	impaired consciousness
neurology_intracerebral hemorrhage_15	DISEASE	911	923	hypoglycemia
neurology_intracerebral hemorrhage_15	PROCEDURE	949	965	Diagnostic tests
neurology_intracerebral hemorrhage_15	PROCEDURE	978	998	complete blood count
neurology_intracerebral hemorrhage_15	PROCEDURE	1006	1025	coagulation studies
neurology_intracerebral hemorrhage_15	PROCEDURE	1027	1030	INR
neurology_intracerebral hemorrhage_15	PROCEDURE	1032	1035	PTT
neurology_intracerebral hemorrhage_15	PROCEDURE	1037	1051	platelet count
neurology_intracerebral hemorrhage_15	PROCEDURE	1061	1090	immediate CT scan of the head
neurology_intracerebral hemorrhage_15	PROCEDURE	1111	1118	CT scan
neurology_intracerebral hemorrhage_15	DISEASE	1153	1177	intracerebral hemorrhage
neurology_intracerebral hemorrhage_15	OBSERVATION	1205	1238	without significant midline shift
neurology_intracerebral hemorrhage_15	PROCEDURE	1240	1254	CT angiography
neurology_intracerebral hemorrhage_15	OBSERVATION	1306	1359	suggesting no ongoing bleeding at the time of imaging
neurology_intracerebral hemorrhage_15	DISEASE	1393	1405	hypertension
neurology_intracerebral hemorrhage_15	PROCEDURE	1407	1432	blood pressure management
neurology_intracerebral hemorrhage_15	MEDICATION	1472	1483	Nicardipine
neurology_intracerebral hemorrhage_15	DISEASE	1867	1891	intracerebral hemorrhage
neurology_intracerebral hemorrhage_15	MEDICATION	1893	1903	Amlodipine
neurology_intracerebral hemorrhage_15	DISEASE	2029	2053	intracerebral hemorrhage
neurology_intracerebral hemorrhage_15	PROCEDURE	2062	2086	Neurosurgical evaluation
neurology_intracerebral hemorrhage_16	SYMPTOM	355	370	severe headache
neurology_intracerebral hemorrhage_16	SYMPTOM	372	392	right-sided weakness
neurology_intracerebral hemorrhage_16	SYMPTOM	398	428	altered level of consciousness
neurology_intracerebral hemorrhage_16	DISEASE	461	473	hypertension
neurology_intracerebral hemorrhage_16	MEDICATION	491	515	anticoagulant medication
neurology_intracerebral hemorrhage_16	MEDICATION	517	525	apixaban
neurology_intracerebral hemorrhage_16	DISEASE	531	550	atrial fibrillation
neurology_intracerebral hemorrhage_16	DISEASE	552	576	intracerebral hemorrhage
neurology_intracerebral hemorrhage_16	PROCEDURE	655	682	bedside blood glucose level
neurology_intracerebral hemorrhage_16	DISEASE	717	729	hypoglycemia
neurology_intracerebral hemorrhage_16	PROCEDURE	756	775	Initial vital signs
neurology_intracerebral hemorrhage_16	DISEASE	786	798	hypertension
neurology_intracerebral hemorrhage_16	PROCEDURE	840	866	complete blood count (CBC)
neurology_intracerebral hemorrhage_16	PROCEDURE	871	890	coagulation studies
neurology_intracerebral hemorrhage_16	OBSERVATION	907	939	revealing an elevated INR of 2.4
neurology_intracerebral hemorrhage_16	PROCEDURE	943	967	PTT within normal limits
neurology_intracerebral hemorrhage_16	PROCEDURE	1009	1036	urgent CT scan of the brain
neurology_intracerebral hemorrhage_16	DISEASE	1083	1107	intracerebral hemorrhage
neurology_intracerebral hemorrhage_16	OBSERVATION	1185	1223	No evidence of subarachnoid hemorrhage
neurology_intracerebral hemorrhage_16	PROCEDURE	1241	1256	lumbar puncture
neurology_intracerebral hemorrhage_16	PROCEDURE	1276	1290	CT angiography
neurology_intracerebral hemorrhage_16	DISEASE	1310	1332	vascular malformations
neurology_intracerebral hemorrhage_16	SYMPTOM	1350	1359	spot sign
neurology_intracerebral hemorrhage_16	OBSERVATION	1361	1391	suggestive of ongoing bleeding
neurology_intracerebral hemorrhage_16	PROCEDURE	1396	1420	Management and Treatment
neurology_intracerebral hemorrhage_16	MEDICATION	1452	1460	apixaban
neurology_intracerebral hemorrhage_16	MEDICATION	1462	1476	andexanet alfa
neurology_intracerebral hemorrhage_16	DISEASE	1543	1555	hypertension
neurology_intracerebral hemorrhage_16	PROCEDURE	1599	1622	intravenous nicardipine
neurology_intracerebral hemorrhage_16	PROCEDURE	1653	1691	titrated up to a maximum of 10 mg/hour
neurology_intracerebral hemorrhage_16	PROCEDURE	1989	2012	conservative management
neurology_intracerebral hemorrhage_17	SYMPTOM	426	441	severe headache
neurology_intracerebral hemorrhage_17	SYMPTOM	443	463	right-sided weakness
neurology_intracerebral hemorrhage_17	SYMPTOM	469	483	slurred speech
neurology_intracerebral hemorrhage_17	DISEASE	519	531	hypertension
neurology_intracerebral hemorrhage_17	DISEASE	536	560	type 2 diabetes mellitus
neurology_intracerebral hemorrhage_17	MEDICATION	577	596	aspirin 81 mg daily
neurology_intracerebral hemorrhage_17	MEDICATION	601	629	metformin 500 mg twice daily
neurology_intracerebral hemorrhage_17	OBSERVATION	734	753	Diagnostic Findings
neurology_intracerebral hemorrhage_17	PROCEDURE	759	792	Immediate bedside glucose testing
neurology_intracerebral hemorrhage_17	DISEASE	803	818	no hypoglycemia
neurology_intracerebral hemorrhage_17	PROCEDURE	822	842	complete blood count
neurology_intracerebral hemorrhage_17	PROCEDURE	853	872	coagulation studies
neurology_intracerebral hemorrhage_17	PROCEDURE	874	877	INR
neurology_intracerebral hemorrhage_17	PROCEDURE	879	882	PTT
neurology_intracerebral hemorrhage_17	PROCEDURE	884	898	platelet count
neurology_intracerebral hemorrhage_17	DISEASE	927	949	excluding coagulopathy
neurology_intracerebral hemorrhage_17	PROCEDURE	954	981	urgent CT scan of the brain
neurology_intracerebral hemorrhage_17	DISEASE	993	1036	left basal ganglia intracerebral hemorrhage
neurology_intracerebral hemorrhage_17	OBSERVATION	1064	1097	without significant midline shift
neurology_intracerebral hemorrhage_17	PROCEDURE	1099	1113	CT angiography
neurology_intracerebral hemorrhage_17	SYMPTOM	1180	1189	spot sign
neurology_intracerebral hemorrhage_17	PROCEDURE	1278	1294	Treatment Course
neurology_intracerebral hemorrhage_17	DISEASE	1310	1322	hypertension
neurology_intracerebral hemorrhage_17	PROCEDURE	1353	1367	IV nicardipine
neurology_intracerebral hemorrhage_17	PROCEDURE	1369	1393	initiated at 2.5 mg/hour
neurology_intracerebral hemorrhage_17	MEDICATION	1602	1616	IV nicardipine
neurology_intracerebral hemorrhage_17	PROCEDURE	1627	1681	which was later transitioned to oral antihypertensives
neurology_intracerebral hemorrhage_17	MEDICATION	1683	1705	lisinopril 20 mg daily
neurology_intracerebral hemorrhage_17	MEDICATION	1710	1731	amlodipine 5 mg daily
neurology_intracerebral hemorrhage_18	DISEASE	246	270	Intracerebral Hemorrhage
neurology_intracerebral hemorrhage_18	DISEASE	442	454	hypertension
neurology_intracerebral hemorrhage_18	DISEASE	459	478	atrial fibrillation
neurology_intracerebral hemorrhage_18	MEDICATION	500	510	dabigatran
neurology_intracerebral hemorrhage_18	SYMPTOM	584	599	severe headache
neurology_intracerebral hemorrhage_18	SYMPTOM	601	621	right-sided weakness
neurology_intracerebral hemorrhage_18	SYMPTOM	627	641	slurred speech
neurology_intracerebral hemorrhage_18	PROCEDURE	816	842	complete blood count (CBC)
neurology_intracerebral hemorrhage_18	PROCEDURE	847	866	coagulation studies
neurology_intracerebral hemorrhage_18	OBSERVATION	888	924	elevated above the therapeutic range
neurology_intracerebral hemorrhage_18	PROCEDURE	1009	1035	urgent CT scan of the head
neurology_intracerebral hemorrhage_18	DISEASE	1063	1092	left basal ganglia hemorrhage
neurology_intracerebral hemorrhage_18	OBSERVATION	1129	1146	surrounding edema
neurology_intracerebral hemorrhage_18	PROCEDURE	1181	1195	CT angiography
neurology_intracerebral hemorrhage_18	OBSERVATION	1260	1269	spot sign
neurology_intracerebral hemorrhage_18	PROCEDURE	1303	1330	reversal of anticoagulation
neurology_intracerebral hemorrhage_18	MEDICATION	1338	1348	dabigatran
neurology_intracerebral hemorrhage_18	MEDICATION	1354	1366	Idarucizumab
neurology_intracerebral hemorrhage_18	PROCEDURE	1418	1443	Blood pressure management
neurology_intracerebral hemorrhage_18	MEDICATION	1464	1475	nicardipine
neurology_intracerebral hemorrhage_18	PROCEDURE	1477	1503	starting at 2.5 mg/hour IV
neurology_intracerebral hemorrhage_18	PROCEDURE	1667	1697	neurological status assessment
neurology_intracerebral hemorrhage_18	SYMPTOM	1801	1821	right-sided weakness
neurology_intracerebral hemorrhage_19	SYMPTOM	327	343	intense headache
neurology_intracerebral hemorrhage_19	SYMPTOM	345	365	right-sided weakness
neurology_intracerebral hemorrhage_19	SYMPTOM	371	380	confusion
neurology_intracerebral hemorrhage_19	DISEASE	411	423	hypertension
neurology_intracerebral hemorrhage_19	DISEASE	439	460	myocardial infarction
neurology_intracerebral hemorrhage_19	MEDICATION	475	482	aspirin
neurology_intracerebral hemorrhage_19	MEDICATION	499	509	lisinopril
neurology_intracerebral hemorrhage_19	PROCEDURE	660	687	bedside glucose measurement
neurology_intracerebral hemorrhage_19	OBSERVATION	703	739	showing a glucose level of 112 mg/dL
neurology_intracerebral hemorrhage_19	DISEASE	752	764	hypoglycemia
neurology_intracerebral hemorrhage_19	PROCEDURE	791	817	complete blood count (CBC)
neurology_intracerebral hemorrhage_19	PROCEDURE	822	841	coagulation studies
neurology_intracerebral hemorrhage_19	PROCEDURE	852	855	INR
neurology_intracerebral hemorrhage_19	PROCEDURE	857	860	PTT
neurology_intracerebral hemorrhage_19	PROCEDURE	866	880	platelet count
neurology_intracerebral hemorrhage_19	PROCEDURE	911	941	emergency CT scan of the brain
neurology_intracerebral hemorrhage_19	DISEASE	988	1012	intracerebral hemorrhage
neurology_intracerebral hemorrhage_19	OBSERVATION	1055	1093	No evidence of subarachnoid hemorrhage
neurology_intracerebral hemorrhage_19	PROCEDURE	1110	1125	lumbar puncture
neurology_intracerebral hemorrhage_19	PROCEDURE	1145	1159	CT angiography
neurology_intracerebral hemorrhage_19	OBSERVATION	1170	1217	showing no contrast extravasation into the clot
neurology_intracerebral hemorrhage_19	OBSERVATION	1219	1231	no spot sign
neurology_intracerebral hemorrhage_19	OBSERVATION	1234	1287	suggesting no ongoing bleeding at the time of imaging
neurology_intracerebral hemorrhage_19	DISEASE	1321	1333	hypertension
neurology_intracerebral hemorrhage_19	PROCEDURE	1454	1477	Intravenous nicardipine
neurology_intracerebral hemorrhage_19	MEDICATION	1747	1754	aspirin
neurology_intracerebral hemorrhage_19	PROCEDURE	1756	1780	anticoagulation reversal
neurology_intracerebral hemorrhage_19	PROCEDURE	1800	1819	Surgical evacuation
neurology_intracerebral hemorrhage_2	DISEASE	305	329	Intracerebral Hemorrhage
neurology_intracerebral hemorrhage_2	SYMPTOM	455	470	severe headache
neurology_intracerebral hemorrhage_2	SYMPTOM	472	492	right-sided weakness
neurology_intracerebral hemorrhage_2	SYMPTOM	498	517	difficulty speaking
neurology_intracerebral hemorrhage_2	DISEASE	539	551	hypertension
neurology_intracerebral hemorrhage_2	PROCEDURE	650	680	immediate bedside glucose test
neurology_intracerebral hemorrhage_2	PROCEDURE	760	780	complete blood count
neurology_intracerebral hemorrhage_2	PROCEDURE	785	804	coagulation studies
neurology_intracerebral hemorrhage_2	DISEASE	829	857	no significant abnormalities
neurology_intracerebral hemorrhage_2	PROCEDURE	862	888	urgent CT scan of the head
neurology_intracerebral hemorrhage_2	DISEASE	922	951	left basal ganglia hemorrhage
neurology_intracerebral hemorrhage_2	DISEASE	1020	1048	no significant midline shift
neurology_intracerebral hemorrhage_2	DISEASE	1123	1147	intracerebral hemorrhage
neurology_intracerebral hemorrhage_2	MEDICATION	1149	1195	all anticoagulant and antiplatelet medications
neurology_intracerebral hemorrhage_2	MEDICATION	1238	1252	IV nicardipine
neurology_intracerebral hemorrhage_2	PROCEDURE	1280	1305	titrated up to 10 mg/hour
neurology_intracerebral hemorrhage_2	PROCEDURE	1405	1428	conservative management
neurology_intracerebral hemorrhage_2	OBSERVATION	1560	1603	He showed signs of neurological improvement
neurology_intracerebral hemorrhage_2	PROCEDURE	1605	1619	Speech therapy
neurology_intracerebral hemorrhage_2	PROCEDURE	1624	1640	physical therapy
neurology_intracerebral hemorrhage_2	PROCEDURE	1682	1699	follow-up CT scan
neurology_intracerebral hemorrhage_2	SYMPTOM	1769	1788	right-side weakness
neurology_intracerebral hemorrhage_20	SYMPTOM	443	458	severe headache
neurology_intracerebral hemorrhage_20	SYMPTOM	460	479	left-sided weakness
neurology_intracerebral hemorrhage_20	SYMPTOM	485	507	impaired consciousness
neurology_intracerebral hemorrhage_20	DISEASE	530	542	hypertension
neurology_intracerebral hemorrhage_20	SYMPTOM	547	584	recent complaints of severe headaches
neurology_intracerebral hemorrhage_20	PROCEDURE	599	606	CT scan
neurology_intracerebral hemorrhage_20	DISEASE	669	693	intracerebral hemorrhage
neurology_intracerebral hemorrhage_20	DISEASE	738	761	subarachnoid hemorrhage
neurology_intracerebral hemorrhage_20	PROCEDURE	838	841	CBC
neurology_intracerebral hemorrhage_20	OBSERVATION	845	865	Within normal limits
neurology_intracerebral hemorrhage_20	PROCEDURE	870	889	Coagulation Studies
neurology_intracerebral hemorrhage_20	PROCEDURE	902	905	PTT
neurology_intracerebral hemorrhage_20	PROCEDURE	948	956	CT Brain
neurology_intracerebral hemorrhage_20	DISEASE	960	990	Right basal ganglia hemorrhage
neurology_intracerebral hemorrhage_20	PROCEDURE	1015	1029	CT Angiography
neurology_intracerebral hemorrhage_20	OBSERVATION	1033	1064	No contrast extravasation noted
neurology_intracerebral hemorrhage_20	PROCEDURE	1082	1103	anticoagulant therapy
neurology_intracerebral hemorrhage_20	MEDICATION	1181	1192	nicardipine
neurology_intracerebral hemorrhage_20	PROCEDURE	1425	1444	Acute BP Management
neurology_intracerebral hemorrhage_20	MEDICATION	1448	1459	Nicardipine
neurology_intracerebral hemorrhage_20	PROCEDURE	1611	1632	Surgical Intervention
neurology_intracerebral hemorrhage_21	DISEASE	209	233	Intracerebral Hemorrhage
neurology_intracerebral hemorrhage_21	DISEASE	261	285	Intracerebral Hemorrhage
neurology_intracerebral hemorrhage_21	DISEASE	287	299	Hypertension
neurology_intracerebral hemorrhage_21	DISEASE	498	510	hypertension
neurology_intracerebral hemorrhage_21	SYMPTOM	587	602	severe headache
neurology_intracerebral hemorrhage_21	SYMPTOM	604	623	left-sided weakness
neurology_intracerebral hemorrhage_21	SYMPTOM	629	638	confusion
neurology_intracerebral hemorrhage_21	PROCEDURE	751	775	Glasgow Coma Scale score
neurology_intracerebral hemorrhage_21	SYMPTOM	820	845	focal neurologic deficits
neurology_intracerebral hemorrhage_21	PROCEDURE	924	961	Immediate bedside blood glucose level
neurology_intracerebral hemorrhage_21	OBSERVATION	976	1005	showing normal glucose levels
neurology_intracerebral hemorrhage_21	PROCEDURE	1029	1049	complete blood count
neurology_intracerebral hemorrhage_21	PROCEDURE	1060	1079	coagulation studies
neurology_intracerebral hemorrhage_21	PROCEDURE	1081	1084	INR
neurology_intracerebral hemorrhage_21	PROCEDURE	1086	1089	PTT
neurology_intracerebral hemorrhage_21	PROCEDURE	1091	1105	platelet count
neurology_intracerebral hemorrhage_21	OBSERVATION	1133	1154	normal platelet count
neurology_intracerebral hemorrhage_21	PROCEDURE	1209	1252	Urgent CT scan of the head without contrast
neurology_intracerebral hemorrhage_21	DISEASE	1262	1292	right basal ganglia hemorrhage
neurology_intracerebral hemorrhage_21	OBSERVATION	1298	1336	no evidence of subarachnoid hemorrhage
neurology_intracerebral hemorrhage_21	PROCEDURE	1358	1372	CT angiography
neurology_intracerebral hemorrhage_21	OBSERVATION	1387	1437	indicating no contrast extravasation into the clot
neurology_intracerebral hemorrhage_21	OBSERVATION	1439	1451	no spot sign
neurology_intracerebral hemorrhage_21	PROCEDURE	1474	1490	MRI of the brain
neurology_intracerebral hemorrhage_21	DISEASE	1532	1556	intracerebral hemorrhage
neurology_intracerebral hemorrhage_21	PROCEDURE	1649	1680	close monitoring and management
neurology_intracerebral hemorrhage_21	MEDICATION	1682	1696	Anticoagulants
neurology_intracerebral hemorrhage_21	MEDICATION	1701	1713	antiplatelet
neurology_intracerebral hemorrhage_22	DISEASE	332	356	Intracerebral Hemorrhage
neurology_intracerebral hemorrhage_22	DISEASE	384	396	Hypertension
neurology_intracerebral hemorrhage_22	DISEASE	398	417	Atrial Fibrillation
neurology_intracerebral hemorrhage_22	DISEASE	514	526	hypertension
neurology_intracerebral hemorrhage_22	DISEASE	547	566	atrial fibrillation
neurology_intracerebral hemorrhage_22	SYMPTOM	643	658	severe headache
neurology_intracerebral hemorrhage_22	SYMPTOM	660	679	left-sided weakness
neurology_intracerebral hemorrhage_22	SYMPTOM	685	704	difficulty speaking
neurology_intracerebral hemorrhage_22	PROCEDURE	999	1032	Immediate bedside glucose testing
neurology_intracerebral hemorrhage_22	PROCEDURE	1047	1067	complete blood count
neurology_intracerebral hemorrhage_22	PROCEDURE	1078	1097	coagulation studies
neurology_intracerebral hemorrhage_22	PROCEDURE	1099	1102	INR
neurology_intracerebral hemorrhage_22	PROCEDURE	1104	1107	PTT
neurology_intracerebral hemorrhage_22	PROCEDURE	1109	1123	platelet count
neurology_intracerebral hemorrhage_22	PROCEDURE	1152	1183	CT of the head without contrast
neurology_intracerebral hemorrhage_22	DISEASE	1195	1225	right basal ganglia hemorrhage
neurology_intracerebral hemorrhage_22	DISEASE	1258	1275	surrounding edema
neurology_intracerebral hemorrhage_22	OBSERVATION	1280	1316	no evidence of ventricular extension
neurology_intracerebral hemorrhage_22	DISEASE	1320	1345	significant midline shift
neurology_intracerebral hemorrhage_22	DISEASE	1378	1397	atrial fibrillation
neurology_intracerebral hemorrhage_22	PROCEDURE	1465	1509	thus ruling out the need for reversal agents
neurology_intracerebral hemorrhage_22	PROCEDURE	1604	1626	Blood Pressure Control
neurology_intracerebral hemorrhage_22	MEDICATION	1653	1664	nicardipine
neurology_intracerebral hemorrhage_22	PROCEDURE	1695	1720	titrated up to 10 mg/hour
neurology_intracerebral hemorrhage_23	DISEASE	232	256	Intracerebral Hemorrhage
neurology_intracerebral hemorrhage_23	SYMPTOM	389	404	severe headache
neurology_intracerebral hemorrhage_23	SYMPTOM	406	426	right-sided weakness
neurology_intracerebral hemorrhage_23	SYMPTOM	432	453	altered consciousness
neurology_intracerebral hemorrhage_23	DISEASE	492	504	hypertension
neurology_intracerebral hemorrhage_23	MEDICATION	538	548	amlodipine
neurology_intracerebral hemorrhage_23	DISEASE	583	607	intracerebral hemorrhage
neurology_intracerebral hemorrhage_23	DISEASE	626	638	hypertension
neurology_intracerebral hemorrhage_23	OBSERVATION	746	768	showing a normal level
neurology_intracerebral hemorrhage_23	DISEASE	786	798	hypoglycemia
neurology_intracerebral hemorrhage_23	PROCEDURE	830	850	complete blood count
neurology_intracerebral hemorrhage_23	PROCEDURE	855	874	coagulation studies
neurology_intracerebral hemorrhage_23	DISEASE	891	929	revealing no significant abnormalities
neurology_intracerebral hemorrhage_23	PROCEDURE	944	963	CT scan of the head
neurology_intracerebral hemorrhage_23	OBSERVATION	1024	1048	intracerebral hemorrhage
neurology_intracerebral hemorrhage_23	PROCEDURE	1098	1112	CT angiography
neurology_intracerebral hemorrhage_23	DISEASE	1188	1212	intracerebral hemorrhage
neurology_intracerebral hemorrhage_23	MEDICATION	1214	1257	anticoagulants and antiplatelet medications
neurology_intracerebral hemorrhage_23	MEDICATION	1324	1335	nicardipine
neurology_intracerebral hemorrhage_23	PROCEDURE	1337	1363	starting at 2.5 mg/hour IV
neurology_intracerebral hemorrhage_23	PROCEDURE	1448	1503	This treatment aimed to avoid high blood pressure peaks
neurology_intracerebral hemorrhage_23	PROCEDURE	1799	1823	Neurosurgical evaluation
neurology_intracerebral hemorrhage_24	SYMPTOM	313	332	left-sided weakness
neurology_intracerebral hemorrhage_24	SYMPTOM	502	508	nausea
neurology_intracerebral hemorrhage_24	SYMPTOM	510	518	vomiting
neurology_intracerebral hemorrhage_24	SYMPTOM	524	543	left-sided weakness
neurology_intracerebral hemorrhage_24	DISEASE	683	695	hypertension
neurology_intracerebral hemorrhage_24	MEDICATION	716	726	Lisinopril
neurology_intracerebral hemorrhage_24	DISEASE	744	759	type 2 diabetes
neurology_intracerebral hemorrhage_24	MEDICATION	773	789	Metformin 500 mg
neurology_intracerebral hemorrhage_24	PROCEDURE	974	998	Neurological Examination
neurology_intracerebral hemorrhage_24	OBSERVATION	1000	1028	Noted left-sided hemiparesis
neurology_intracerebral hemorrhage_24	SYMPTOM	1030	1044	slurred speech
neurology_intracerebral hemorrhage_24	SYMPTOM	1050	1059	confusion
neurology_intracerebral hemorrhage_24	PROCEDURE	1061	1079	Glasgow Coma Scale
neurology_intracerebral hemorrhage_24	PROCEDURE	1091	1108	Diagnostic Workup
neurology_intracerebral hemorrhage_24	PROCEDURE	1116	1153	Immediate bedside blood glucose level
neurology_intracerebral hemorrhage_24	PROCEDURE	1173	1193	Complete Blood Count
neurology_intracerebral hemorrhage_24	PROCEDURE	1204	1223	coagulation studies
neurology_intracerebral hemorrhage_24	PROCEDURE	1225	1228	INR
neurology_intracerebral hemorrhage_24	PROCEDURE	1230	1233	PTT
neurology_intracerebral hemorrhage_24	PROCEDURE	1235	1249	platelet count
neurology_intracerebral hemorrhage_24	PROCEDURE	1292	1312	CT scan of the brain
neurology_intracerebral hemorrhage_24	DISEASE	1344	1368	intracerebral hemorrhage
neurology_intracerebral hemorrhage_24	DISEASE	1401	1418	surrounding edema
neurology_intracerebral hemorrhage_24	PROCEDURE	1457	1471	CT angiography
neurology_intracerebral hemorrhage_24	SYMPTOM	1535	1544	spot sign
neurology_intracerebral hemorrhage_24	PROCEDURE	1551	1567	MRI of the brain
neurology_intracerebral hemorrhage_24	DISEASE	1594	1618	intracerebral hemorrhage
neurology_intracerebral hemorrhage_24	DISEASE	1714	1738	intracerebral hemorrhage
neurology_intracerebral hemorrhage_24	PROCEDURE	1740	1760	immediate management
neurology_intracerebral hemorrhage_24	PROCEDURE	1886	1900	IV Nicardipine
neurology_intracerebral hemorrhage_25	DISEASE	311	335	Intracerebral Hemorrhage
neurology_intracerebral hemorrhage_25	DISEASE	428	440	hypertension
neurology_intracerebral hemorrhage_25	SYMPTOM	536	567	sudden onset of severe headache
neurology_intracerebral hemorrhage_25	SYMPTOM	569	589	right-sided weakness
neurology_intracerebral hemorrhage_25	SYMPTOM	595	609	slurred speech
neurology_intracerebral hemorrhage_25	OBSERVATION	820	837	Clinical Findings
neurology_intracerebral hemorrhage_25	SYMPTOM	869	887	alert but confused
neurology_intracerebral hemorrhage_25	PROCEDURE	978	1002	Neurological examination
neurology_intracerebral hemorrhage_25	SYMPTOM	1012	1041	right hemiparesis and aphasia
neurology_intracerebral hemorrhage_25	DISEASE	1100	1112	hypoglycemia
neurology_intracerebral hemorrhage_25	PROCEDURE	1167	1187	complete blood count
neurology_intracerebral hemorrhage_25	PROCEDURE	1198	1217	coagulation studies
neurology_intracerebral hemorrhage_25	PROCEDURE	1219	1222	INR
neurology_intracerebral hemorrhage_25	PROCEDURE	1224	1227	PTT
neurology_intracerebral hemorrhage_25	PROCEDURE	1229	1243	platelet count
neurology_intracerebral hemorrhage_25	PROCEDURE	1276	1310	Urgent non-contrast CT of the head
neurology_intracerebral hemorrhage_25	DISEASE	1322	1351	left basal ganglia hemorrhage
neurology_intracerebral hemorrhage_25	SYMPTOM	1372	1394	mild surrounding edema
neurology_intracerebral hemorrhage_25	OBSERVATION	1399	1427	no significant midline shift
neurology_intracerebral hemorrhage_25	PROCEDURE	1433	1447	CT angiography
neurology_intracerebral hemorrhage_25	SYMPTOM	1511	1520	spot sign
neurology_intracerebral hemorrhage_25	PROCEDURE	1560	1584	Antihypertensive therapy
neurology_intracerebral hemorrhage_25	MEDICATION	1604	1615	nicardipine
neurology_intracerebral hemorrhage_25	PROCEDURE	1632	1657	titrated up to 10 mg/hour
neurology_intracerebral hemorrhage_25	PROCEDURE	1793	1816	conservative management
neurology_intracerebral hemorrhage_26	DISEASE	307	331	Intracerebral Hemorrhage
neurology_intracerebral hemorrhage_26	SYMPTOM	460	475	severe headache
neurology_intracerebral hemorrhage_26	SYMPTOM	477	497	right-sided weakness
neurology_intracerebral hemorrhage_26	SYMPTOM	503	525	impaired consciousness
neurology_intracerebral hemorrhage_26	DISEASE	561	573	hypertension
neurology_intracerebral hemorrhage_26	DISEASE	578	602	type 2 diabetes mellitus
neurology_intracerebral hemorrhage_26	OBSERVATION	753	770	Clinical Findings
neurology_intracerebral hemorrhage_26	DISEASE	891	903	hypoglycemia
neurology_intracerebral hemorrhage_26	PROCEDURE	932	951	Initial vital signs
neurology_intracerebral hemorrhage_26	PROCEDURE	995	1012	neurological exam
neurology_intracerebral hemorrhage_26	SYMPTOM	1022	1039	right hemiparesis
neurology_intracerebral hemorrhage_26	SYMPTOM	1044	1058	slurred speech
neurology_intracerebral hemorrhage_26	PROCEDURE	1062	1088	complete blood count (CBC)
neurology_intracerebral hemorrhage_26	PROCEDURE	1093	1112	coagulation studies
neurology_intracerebral hemorrhage_26	PROCEDURE	1124	1138	platelet count
neurology_intracerebral hemorrhage_26	OBSERVATION	1164	1192	no significant abnormalities
neurology_intracerebral hemorrhage_26	PROCEDURE	1197	1227	Diagnostic Imaging and Results
neurology_intracerebral hemorrhage_26	PROCEDURE	1236	1265	immediate CT scan of the head
neurology_intracerebral hemorrhage_26	OBSERVATION	1281	1322	revealing a left basal ganglia hemorrhage
neurology_intracerebral hemorrhage_26	OBSERVATION	1328	1366	no evidence of subarachnoid hemorrhage
neurology_intracerebral hemorrhage_26	PROCEDURE	1368	1382	CT angiography
neurology_intracerebral hemorrhage_26	SYMPTOM	1441	1450	spot sign
neurology_intracerebral hemorrhage_26	DISEASE	1493	1517	intracerebral hemorrhage
neurology_intracerebral hemorrhage_26	PROCEDURE	1531	1555	Treatment and Management
neurology_intracerebral hemorrhage_26	PROCEDURE	1565	1590	Blood Pressure Management
neurology_intracerebral hemorrhage_26	MEDICATION	1617	1640	intravenous nicardipine
neurology_intracerebral hemorrhage_27	DISEASE	274	298	Intracerebral Hemorrhage
neurology_intracerebral hemorrhage_27	SYMPTOM	425	440	severe headache
neurology_intracerebral hemorrhage_27	SYMPTOM	442	462	right-sided weakness
neurology_intracerebral hemorrhage_27	SYMPTOM	468	482	slurred speech
neurology_intracerebral hemorrhage_27	DISEASE	556	568	hypertension
neurology_intracerebral hemorrhage_27	MEDICATION	592	602	Lisinopril
neurology_intracerebral hemorrhage_27	PROCEDURE	840	866	complete blood count (CBC)
neurology_intracerebral hemorrhage_27	PROCEDURE	871	890	coagulation studies
neurology_intracerebral hemorrhage_27	PROCEDURE	901	904	INR
neurology_intracerebral hemorrhage_27	PROCEDURE	906	909	PTT
neurology_intracerebral hemorrhage_27	PROCEDURE	915	929	platelet count
neurology_intracerebral hemorrhage_27	PROCEDURE	975	1021	immediate CT scan of the head without contrast
neurology_intracerebral hemorrhage_27	DISEASE	1049	1078	left basal ganglia hemorrhage
neurology_intracerebral hemorrhage_27	PROCEDURE	1124	1138	CT angiography
neurology_intracerebral hemorrhage_27	OBSERVATION	1154	1209	which did not show contrast extravasation into the clot
neurology_intracerebral hemorrhage_27	PROCEDURE	1392	1415	Hypertension management
neurology_intracerebral hemorrhage_27	MEDICATION	1435	1446	nicardipine
neurology_intracerebral hemorrhage_27	PROCEDURE	1463	1501	titrated up to a maximum of 10 mg/hour
neurology_intracerebral hemorrhage_27	PROCEDURE	1911	1934	conservative management
neurology_intracerebral hemorrhage_27	OBSERVATION	1971	2056	John was closely observed for signs of hydrocephalus or worsening neurological status
neurology_intracerebral hemorrhage_28	SYMPTOM	350	365	severe headache
neurology_intracerebral hemorrhage_28	SYMPTOM	367	387	right-sided weakness
neurology_intracerebral hemorrhage_28	SYMPTOM	393	423	altered level of consciousness
neurology_intracerebral hemorrhage_28	DISEASE	445	457	hypertension
neurology_intracerebral hemorrhage_28	DISEASE	520	532	Hypertension
neurology_intracerebral hemorrhage_28	DISEASE	537	561	Type 2 Diabetes Mellitus
neurology_intracerebral hemorrhage_28	MEDICATION	619	627	Losartan
neurology_intracerebral hemorrhage_28	MEDICATION	644	653	Metformin
neurology_intracerebral hemorrhage_28	DISEASE	825	837	hypoglycemia
neurology_intracerebral hemorrhage_28	PROCEDURE	869	895	complete blood count (CBC)
neurology_intracerebral hemorrhage_28	PROCEDURE	900	919	coagulation studies
neurology_intracerebral hemorrhage_28	PROCEDURE	931	934	INR
neurology_intracerebral hemorrhage_28	PROCEDURE	939	942	PTT
neurology_intracerebral hemorrhage_28	PROCEDURE	974	1000	urgent CT scan of the head
neurology_intracerebral hemorrhage_28	DISEASE	1042	1066	intracerebral hemorrhage
neurology_intracerebral hemorrhage_28	OBSERVATION	1154	1192	no evidence of subarachnoid hemorrhage
neurology_intracerebral hemorrhage_28	PROCEDURE	1202	1217	lumbar puncture
neurology_intracerebral hemorrhage_28	PROCEDURE	1242	1256	CT angiography
neurology_intracerebral hemorrhage_28	OBSERVATION	1270	1306	contrast extravasation into the clot
neurology_intracerebral hemorrhage_28	OBSERVATION	1308	1317	spot sign
neurology_intracerebral hemorrhage_28	DISEASE	1344	1368	intracerebral hemorrhage
neurology_intracerebral hemorrhage_28	PROCEDURE	1370	1428	all anticoagulant and antiplatelet medications were halted
neurology_intracerebral hemorrhage_28	DISEASE	1491	1503	hypertension
neurology_intracerebral hemorrhage_28	MEDICATION	1534	1545	nicardipine
neurology_intracerebral hemorrhage_28	PROCEDURE	1547	1573	starting at 2.5 mg/hour IV
neurology_intracerebral hemorrhage_28	PROCEDURE	1578	1616	titrated up to a maximum of 10 mg/hour
neurology_intracerebral hemorrhage_28	MEDICATION	1906	1917	nicardipine
neurology_intracerebral hemorrhage_29	SYMPTOM	259	274	severe headache
neurology_intracerebral hemorrhage_29	SYMPTOM	276	296	right-sided weakness
neurology_intracerebral hemorrhage_29	SYMPTOM	302	311	confusion
neurology_intracerebral hemorrhage_29	SYMPTOM	451	466	severe headache
neurology_intracerebral hemorrhage_29	SYMPTOM	468	488	right-sided weakness
neurology_intracerebral hemorrhage_29	SYMPTOM	494	503	confusion
neurology_intracerebral hemorrhage_29	DISEASE	542	554	hypertension
neurology_intracerebral hemorrhage_29	MEDICATION	578	588	Lisinopril
neurology_intracerebral hemorrhage_29	PROCEDURE	734	771	immediate bedside blood glucose level
neurology_intracerebral hemorrhage_29	DISEASE	840	852	hypoglycemia
neurology_intracerebral hemorrhage_29	PROCEDURE	884	910	complete blood count (CBC)
neurology_intracerebral hemorrhage_29	PROCEDURE	915	934	coagulation studies
neurology_intracerebral hemorrhage_29	PROCEDURE	945	948	INR
neurology_intracerebral hemorrhage_29	PROCEDURE	950	953	PTT
neurology_intracerebral hemorrhage_29	PROCEDURE	959	973	platelet count
neurology_intracerebral hemorrhage_29	PROCEDURE	1005	1031	urgent CT scan of the head
neurology_intracerebral hemorrhage_29	DISEASE	1060	1084	intracerebral hemorrhage
neurology_intracerebral hemorrhage_29	DISEASE	1131	1154	subarachnoid hemorrhage
neurology_intracerebral hemorrhage_29	DISEASE	1177	1200	subarachnoid hemorrhage
neurology_intracerebral hemorrhage_29	PROCEDURE	1204	1219	lumbar puncture
neurology_intracerebral hemorrhage_29	PROCEDURE	1246	1271	subsequent CT angiography
neurology_intracerebral hemorrhage_29	OBSERVATION	1285	1321	contrast extravasation into the clot
neurology_intracerebral hemorrhage_29	SYMPTOM	1323	1332	spot sign
neurology_intracerebral hemorrhage_29	OBSERVATION	1335	1365	indicating no ongoing bleeding
neurology_intracerebral hemorrhage_29	MEDICATION	1574	1585	Nicardipine
neurology_intracerebral hemorrhage_29	PROCEDURE	1619	1681	increased gradually to achieve targeted blood pressure control
neurology_intracerebral hemorrhage_29	PROCEDURE	1831	1855	Management and Treatment
neurology_intracerebral hemorrhage_29	DISEASE	1959	1983	intracerebral hemorrhage
neurology_intracerebral hemorrhage_29	DISEASE	1999	2011	hypertension
neurology_intracerebral hemorrhage_3	DISEASE	265	289	Intracerebral Hemorrhage
neurology_intracerebral hemorrhage_3	DISEASE	384	396	hypertension
neurology_intracerebral hemorrhage_3	SYMPTOM	502	517	severe headache
neurology_intracerebral hemorrhage_3	SYMPTOM	519	539	right-sided weakness
neurology_intracerebral hemorrhage_3	SYMPTOM	545	564	difficulty speaking
neurology_intracerebral hemorrhage_3	PROCEDURE	780	813	immediate bedside glucose testing
neurology_intracerebral hemorrhage_3	DISEASE	840	852	hypoglycemia
neurology_intracerebral hemorrhage_3	PROCEDURE	883	909	complete blood count (CBC)
neurology_intracerebral hemorrhage_3	PROCEDURE	911	930	coagulation studies
neurology_intracerebral hemorrhage_3	PROCEDURE	941	944	INR
neurology_intracerebral hemorrhage_3	PROCEDURE	946	949	PTT
neurology_intracerebral hemorrhage_3	PROCEDURE	955	969	platelet count
neurology_intracerebral hemorrhage_3	OBSERVATION	986	1024	revealing no significant abnormalities
neurology_intracerebral hemorrhage_3	PROCEDURE	1029	1055	urgent CT scan of the head
neurology_intracerebral hemorrhage_3	OBSERVATION	1071	1114	identifying a left basal ganglia hemorrhage
neurology_intracerebral hemorrhage_3	DISEASE	1191	1203	hypertension
neurology_intracerebral hemorrhage_3	DISEASE	1208	1232	intracerebral hemorrhage
neurology_intracerebral hemorrhage_3	PROCEDURE	1248	1262	CT angiography
neurology_intracerebral hemorrhage_3	OBSERVATION	1314	1367	suggesting no ongoing bleeding at the time of imaging
neurology_intracerebral hemorrhage_3	PROCEDURE	1459	1479	Immediate management
neurology_intracerebral hemorrhage_3	MEDICATION	1507	1521	IV nicardipine
neurology_intracerebral hemorrhage_3	PROCEDURE	1523	1546	starting at 2.5 mg/hour
neurology_intracerebral hemorrhage_3	PROCEDURE	1551	1589	titrated up to a maximum of 10 mg/hour
neurology_intracerebral hemorrhage_3	PROCEDURE	1726	1765	adjustments to the nicardipine infusion
neurology_intracerebral hemorrhage_30	DISEASE	373	397	Intracerebral Hemorrhage
neurology_intracerebral hemorrhage_30	DISEASE	512	524	hypertension
neurology_intracerebral hemorrhage_30	DISEASE	529	553	type 2 diabetes mellitus
neurology_intracerebral hemorrhage_30	SYMPTOM	651	666	severe headache
neurology_intracerebral hemorrhage_30	SYMPTOM	668	688	right-sided weakness
neurology_intracerebral hemorrhage_30	SYMPTOM	694	703	confusion
neurology_intracerebral hemorrhage_30	DISEASE	855	868	hyperglycemia
neurology_intracerebral hemorrhage_30	DISEASE	881	893	hypoglycemia
neurology_intracerebral hemorrhage_30	PROCEDURE	962	982	complete blood count
neurology_intracerebral hemorrhage_30	PROCEDURE	993	1012	coagulation studies
neurology_intracerebral hemorrhage_30	PROCEDURE	1024	1027	INR
neurology_intracerebral hemorrhage_30	PROCEDURE	1029	1032	PTT
neurology_intracerebral hemorrhage_30	PROCEDURE	1038	1052	platelet count
neurology_intracerebral hemorrhage_30	PROCEDURE	1084	1087	INR
neurology_intracerebral hemorrhage_30	MEDICATION	1151	1158	aspirin
neurology_intracerebral hemorrhage_30	PROCEDURE	1198	1230	Immediate CT imaging of the head
neurology_intracerebral hemorrhage_30	DISEASE	1242	1271	left basal ganglia hemorrhage
neurology_intracerebral hemorrhage_30	DISEASE	1308	1325	surrounding edema
neurology_intracerebral hemorrhage_30	OBSERVATION	1330	1358	no evidence of midline shift
neurology_intracerebral hemorrhage_30	PROCEDURE	1360	1374	CT angiography
neurology_intracerebral hemorrhage_30	OBSERVATION	1388	1424	contrast extravasation into the clot
neurology_intracerebral hemorrhage_30	SYMPTOM	1426	1435	spot sign
neurology_intracerebral hemorrhage_30	PROCEDURE	1502	1517	lumbar puncture
neurology_intracerebral hemorrhage_30	DISEASE	1576	1588	hypertension
neurology_intracerebral hemorrhage_30	MEDICATION	1619	1642	intravenous nicardipine
neurology_intracerebral hemorrhage_30	PROCEDURE	1644	1668	initiated at 2.5 mg/hour
neurology_intracerebral hemorrhage_30	PROCEDURE	1673	1711	titrated up to a maximum of 10 mg/hour
neurology_intracerebral hemorrhage_31	SYMPTOM	272	303	Sudden onset of severe headache
neurology_intracerebral hemorrhage_31	SYMPTOM	305	325	right-sided weakness
neurology_intracerebral hemorrhage_31	SYMPTOM	331	350	difficulty speaking
neurology_intracerebral hemorrhage_31	DISEASE	378	390	Hypertension
neurology_intracerebral hemorrhage_31	MEDICATION	405	415	lisinopril
neurology_intracerebral hemorrhage_31	DISEASE	432	447	Type 2 diabetes
neurology_intracerebral hemorrhage_31	MEDICATION	465	474	metformin
neurology_intracerebral hemorrhage_31	PROCEDURE	595	632	immediate bedside blood glucose level
neurology_intracerebral hemorrhage_31	DISEASE	688	700	hypoglycemia
neurology_intracerebral hemorrhage_31	PROCEDURE	727	747	complete blood count
neurology_intracerebral hemorrhage_31	PROCEDURE	758	777	coagulation studies
neurology_intracerebral hemorrhage_31	PROCEDURE	779	782	INR
neurology_intracerebral hemorrhage_31	PROCEDURE	784	787	PTT
neurology_intracerebral hemorrhage_31	PROCEDURE	789	803	platelet count
neurology_intracerebral hemorrhage_31	OBSERVATION	832	853	normal platelet count
neurology_intracerebral hemorrhage_31	PROCEDURE	970	996	urgent CT scan of the head
neurology_intracerebral hemorrhage_31	DISEASE	1024	1067	left basal ganglia intracerebral hemorrhage
neurology_intracerebral hemorrhage_31	DISEASE	1090	1112	mild surrounding edema
neurology_intracerebral hemorrhage_31	OBSERVATION	1117	1145	no significant midline shift
neurology_intracerebral hemorrhage_31	PROCEDURE	1147	1161	CT angiography
neurology_intracerebral hemorrhage_31	OBSERVATION	1175	1197	contrast extravasation
neurology_intracerebral hemorrhage_31	OBSERVATION	1199	1228	suggesting no active bleeding
neurology_intracerebral hemorrhage_31	DISEASE	1261	1273	hypertension
neurology_intracerebral hemorrhage_31	MEDICATION	1395	1405	lisinopril
neurology_intracerebral hemorrhage_31	PROCEDURE	1424	1438	IV nicardipine
neurology_intracerebral hemorrhage_31	PROCEDURE	1578	1610	Strict blood pressure monitoring
neurology_intracerebral hemorrhage_31	MEDICATION	1733	1743	amlodipine
neurology_intracerebral hemorrhage_31	PROCEDURE	1868	1891	conservative management
neurology_intracerebral hemorrhage_32	SYMPTOM	284	315	Sudden onset of severe headache
neurology_intracerebral hemorrhage_32	SYMPTOM	317	337	right-sided weakness
neurology_intracerebral hemorrhage_32	SYMPTOM	343	362	difficulty speaking
neurology_intracerebral hemorrhage_32	DISEASE	434	446	Hypertension
neurology_intracerebral hemorrhage_32	MEDICATION	461	471	lisinopril
neurology_intracerebral hemorrhage_32	DISEASE	487	511	Type 2 Diabetes Mellitus
neurology_intracerebral hemorrhage_32	MEDICATION	526	535	metformin
neurology_intracerebral hemorrhage_32	SYMPTOM	710	741	sudden onset of severe headache
neurology_intracerebral hemorrhage_32	SYMPTOM	743	763	right-sided weakness
neurology_intracerebral hemorrhage_32	SYMPTOM	769	783	slurred speech
neurology_intracerebral hemorrhage_32	PROCEDURE	785	803	Initial evaluation
neurology_intracerebral hemorrhage_32	PROCEDURE	815	855	rapid assessment of blood glucose levels
neurology_intracerebral hemorrhage_32	OBSERVATION	857	900	which were found to be within normal limits
neurology_intracerebral hemorrhage_32	DISEASE	913	925	hypoglycemia
neurology_intracerebral hemorrhage_32	PROCEDURE	952	978	complete blood count (CBC)
neurology_intracerebral hemorrhage_32	PROCEDURE	983	1002	coagulation studies
neurology_intracerebral hemorrhage_32	PROCEDURE	1013	1016	INR
neurology_intracerebral hemorrhage_32	PROCEDURE	1018	1021	PTT
neurology_intracerebral hemorrhage_32	PROCEDURE	1027	1041	platelet count
neurology_intracerebral hemorrhage_32	OBSERVATION	1058	1096	revealing no significant abnormalities
neurology_intracerebral hemorrhage_32	PROCEDURE	1098	1130	Immediate CT imaging of the head
neurology_intracerebral hemorrhage_32	DISEASE	1146	1201	revealing a left basal ganglia intracerebral hemorrhage
neurology_intracerebral hemorrhage_32	PROCEDURE	1240	1254	CT angiography
neurology_intracerebral hemorrhage_32	PROCEDURE	1332	1370	the patient's antihypertensive regimen
neurology_intracerebral hemorrhage_32	PROCEDURE	1423	1446	Intravenous nicardipine
neurology_intracerebral hemorrhage_32	PROCEDURE	1601	1624	conservative management
neurology_intracerebral hemorrhage_32	MEDICATION	1688	1698	lisinopril
neurology_intracerebral hemorrhage_32	MEDICATION	1933	1946	Levetiracetam
neurology_intracerebral hemorrhage_33	DISEASE	262	274	hypertension
neurology_intracerebral hemorrhage_33	DISEASE	279	303	type 2 diabetes mellitus
neurology_intracerebral hemorrhage_33	SYMPTOM	386	401	severe headache
neurology_intracerebral hemorrhage_33	SYMPTOM	403	423	right-sided weakness
neurology_intracerebral hemorrhage_33	SYMPTOM	429	459	altered level of consciousness
neurology_intracerebral hemorrhage_33	PROCEDURE	684	721	Immediate bedside blood glucose level
neurology_intracerebral hemorrhage_33	DISEASE	778	790	hypoglycemia
neurology_intracerebral hemorrhage_33	PROCEDURE	821	847	complete blood count (CBC)
neurology_intracerebral hemorrhage_33	PROCEDURE	852	871	coagulation studies
neurology_intracerebral hemorrhage_33	PROCEDURE	878	881	PTT
neurology_intracerebral hemorrhage_33	PROCEDURE	883	897	platelet count
neurology_intracerebral hemorrhage_33	OBSERVATION	915	951	showing no significant abnormalities
neurology_intracerebral hemorrhage_33	PROCEDURE	956	985	emergency CT scan of the head
neurology_intracerebral hemorrhage_33	DISEASE	1018	1042	intracerebral hemorrhage
neurology_intracerebral hemorrhage_33	OBSERVATION	1070	1111	without evidence of ventricular extension
neurology_intracerebral hemorrhage_33	OBSERVATION	1121	1139	mild midline shift
neurology_intracerebral hemorrhage_33	PROCEDURE	1144	1168	Management and Treatment
neurology_intracerebral hemorrhage_33	DISEASE	1195	1219	intracerebral hemorrhage
neurology_intracerebral hemorrhage_33	DISEASE	1257	1269	hypertension
neurology_intracerebral hemorrhage_33	PROCEDURE	1271	1291	immediate management
neurology_intracerebral hemorrhage_33	PROCEDURE	1303	1325	blood pressure control
neurology_intracerebral hemorrhage_33	MEDICATION	1345	1356	nicardipine
neurology_intracerebral hemorrhage_33	PROCEDURE	1486	1507	Continuous monitoring
neurology_intracerebral hemorrhage_33	MEDICATION	1666	1709	Anticoagulants and antiplatelet medications
neurology_intracerebral hemorrhage_33	DISEASE	1735	1759	intracerebral hemorrhage
neurology_intracerebral hemorrhage_33	PROCEDURE	1968	1989	surgical intervention
neurology_intracerebral hemorrhage_34	DISEASE	284	308	Intracerebral Hemorrhage
neurology_intracerebral hemorrhage_34	SYMPTOM	430	445	severe headache
neurology_intracerebral hemorrhage_34	SYMPTOM	447	467	right-sided weakness
neurology_intracerebral hemorrhage_34	SYMPTOM	473	482	confusion
neurology_intracerebral hemorrhage_34	DISEASE	518	530	hypertension
neurology_intracerebral hemorrhage_34	PROCEDURE	634	664	immediate bedside glucose test
neurology_intracerebral hemorrhage_34	OBSERVATION	680	709	showing normal glucose levels
neurology_intracerebral hemorrhage_34	DISEASE	722	734	hypoglycemia
neurology_intracerebral hemorrhage_34	PROCEDURE	789	815	complete blood count (CBC)
neurology_intracerebral hemorrhage_34	PROCEDURE	820	839	coagulation studies
neurology_intracerebral hemorrhage_34	PROCEDURE	850	886	International Normalized Ratio (INR)
neurology_intracerebral hemorrhage_34	PROCEDURE	888	921	Partial Thromboplastin Time (PTT)
neurology_intracerebral hemorrhage_34	PROCEDURE	927	941	platelet count
neurology_intracerebral hemorrhage_34	OBSERVATION	958	996	revealing no significant abnormalities
neurology_intracerebral hemorrhage_34	PROCEDURE	1001	1028	urgent CT scan of the brain
neurology_intracerebral hemorrhage_34	OBSERVATION	1071	1095	intracerebral hemorrhage
neurology_intracerebral hemorrhage_34	PROCEDURE	1138	1152	CT angiography
neurology_intracerebral hemorrhage_34	PROCEDURE	1226	1241	lumbar puncture
neurology_intracerebral hemorrhage_34	MEDICATION	1286	1328	Anticoagulant and antiplatelet medications
neurology_intracerebral hemorrhage_34	PROCEDURE	1365	1390	Blood pressure management
neurology_intracerebral hemorrhage_34	MEDICATION	1411	1437	Nicardipine 2.5 mg/hour IV
neurology_intracerebral hemorrhage_34	PROCEDURE	1439	1464	titrated up to 10 mg/hour
neurology_intracerebral hemorrhage_34	PROCEDURE	1538	1570	Continuous monitoring in the ICU
neurology_intracerebral hemorrhage_34	MEDICATION	1716	1731	reversal agents
neurology_intracerebral hemorrhage_34	PROCEDURE	1844	1880	external ventricular drain placement
neurology_intracerebral hemorrhage_34	MEDICATION	1985	2007	Antiseizure medication
neurology_intracerebral hemorrhage_35	SYMPTOM	359	379	right-sided weakness
neurology_intracerebral hemorrhage_35	SYMPTOM	385	406	altered consciousness
neurology_intracerebral hemorrhage_35	DISEASE	494	506	hypertension
neurology_intracerebral hemorrhage_35	SYMPTOM	633	653	right-sided weakness
neurology_intracerebral hemorrhage_35	SYMPTOM	659	668	confusion
neurology_intracerebral hemorrhage_35	MEDICATION	825	853	antihypertensive medications
neurology_intracerebral hemorrhage_35	DISEASE	961	973	Hypertension
neurology_intracerebral hemorrhage_35	DISEASE	978	1002	Type 2 Diabetes Mellitus
neurology_intracerebral hemorrhage_35	MEDICATION	1075	1090	Metformin 500mg
neurology_intracerebral hemorrhage_35	MEDICATION	1107	1122	Lisinopril 20mg
neurology_intracerebral hemorrhage_35	MEDICATION	1138	1145	Aspirin
neurology_intracerebral hemorrhage_35	PROCEDURE	1324	1346	Neurologic Examination
neurology_intracerebral hemorrhage_35	SYMPTOM	1348	1366	Alert but confused
neurology_intracerebral hemorrhage_35	SYMPTOM	1368	1391	right-sided hemiparesis
neurology_intracerebral hemorrhage_35	PROCEDURE	1422	1447	Diagnostic Investigations
neurology_intracerebral hemorrhage_35	PROCEDURE	1455	1486	Immediate bedside glucose level
neurology_intracerebral hemorrhage_35	PROCEDURE	1506	1550	Complete blood count and coagulation studies
neurology_intracerebral hemorrhage_35	PROCEDURE	1627	1646	urgent head CT scan
neurology_intracerebral hemorrhage_35	DISEASE	1662	1691	left intracerebral hemorrhage
neurology_intracerebral hemorrhage_35	SYMPTOM	1724	1746	mild surrounding edema
neurology_intracerebral hemorrhage_35	OBSERVATION	1751	1779	no significant midline shift
neurology_intracerebral hemorrhage_35	PROCEDURE	1785	1799	CT angiography
neurology_intracerebral hemorrhage_35	OBSERVATION	1867	1902	no "spot sign").

**Hospital Course
neurology_intracerebral hemorrhage_36	DISEASE	402	414	hypertension
neurology_intracerebral hemorrhage_36	DISEASE	419	443	type 2 diabetes mellitus
neurology_intracerebral hemorrhage_36	SYMPTOM	547	562	severe headache
neurology_intracerebral hemorrhage_36	SYMPTOM	564	573	confusion
neurology_intracerebral hemorrhage_36	SYMPTOM	579	599	right-sided weakness
neurology_intracerebral hemorrhage_36	OBSERVATION	790	831	revealing a level within the normal range
neurology_intracerebral hemorrhage_36	DISEASE	848	860	hypoglycemia
neurology_intracerebral hemorrhage_36	PROCEDURE	886	918	Immediate CT imaging of the head
neurology_intracerebral hemorrhage_36	DISEASE	934	983	confirming an acute left intracerebral hemorrhage
neurology_intracerebral hemorrhage_36	PROCEDURE	1034	1060	Complete blood count (CBC)
neurology_intracerebral hemorrhage_36	PROCEDURE	1065	1084	coagulation studies
neurology_intracerebral hemorrhage_36	PROCEDURE	1095	1098	INR
neurology_intracerebral hemorrhage_36	PROCEDURE	1100	1103	PTT
neurology_intracerebral hemorrhage_36	PROCEDURE	1109	1123	platelet count
neurology_intracerebral hemorrhage_36	DISEASE	1140	1176	showing no significant abnormalities
neurology_intracerebral hemorrhage_36	MEDICATION	1178	1246	The patient was not on any anticoagulant or antiplatelet medications
neurology_intracerebral hemorrhage_36	PROCEDURE	1274	1294	Management initiated
neurology_intracerebral hemorrhage_36	PROCEDURE	1304	1326	blood pressure control
neurology_intracerebral hemorrhage_36	MEDICATION	1332	1346	IV nicardipine
neurology_intracerebral hemorrhage_36	PROCEDURE	1376	1414	titrated up to a maximum of 10 mg/hour
neurology_intracerebral hemorrhage_36	PROCEDURE	1525	1546	treatment adjustments
neurology_intracerebral hemorrhage_36	PROCEDURE	1689	1722	frequent neurological assessments
neurology_intracerebral hemorrhage_36	OBSERVATION	1724	1804	demonstrating gradual but significant improvement in focal neurological deficits
neurology_intracerebral hemorrhage_37	SYMPTOM	394	409	severe headache
neurology_intracerebral hemorrhage_37	SYMPTOM	411	430	left-sided weakness
neurology_intracerebral hemorrhage_37	SYMPTOM	436	466	altered level of consciousness
neurology_intracerebral hemorrhage_37	DISEASE	502	514	hypertension
neurology_intracerebral hemorrhage_37	DISEASE	565	589	intracerebral hemorrhage
neurology_intracerebral hemorrhage_37	PROCEDURE	646	661	bedside glucose
neurology_intracerebral hemorrhage_37	DISEASE	735	747	hypoglycemia
neurology_intracerebral hemorrhage_37	PROCEDURE	778	798	complete blood count
neurology_intracerebral hemorrhage_37	PROCEDURE	803	822	coagulation studies
neurology_intracerebral hemorrhage_37	OBSERVATION	839	875	showing no significant abnormalities
neurology_intracerebral hemorrhage_37	PROCEDURE	880	906	urgent CT scan of the head
neurology_intracerebral hemorrhage_37	DISEASE	933	963	right basal ganglia hemorrhage
neurology_intracerebral hemorrhage_37	PROCEDURE	1027	1041	CT angiography
neurology_intracerebral hemorrhage_37	OBSERVATION	1093	1146	suggesting no ongoing bleeding at the time of imaging
neurology_intracerebral hemorrhage_37	PROCEDURE	1151	1170	Treatment Initiated
neurology_intracerebral hemorrhage_37	DISEASE	1199	1223	intracerebral hemorrhage
neurology_intracerebral hemorrhage_37	MEDICATION	1225	1272	all anticoagulants and antiplatelet medications
neurology_intracerebral hemorrhage_37	MEDICATION	1423	1446	intravenous nicardipine
neurology_intracerebral hemorrhage_37	PROCEDURE	1448	1472	beginning at 2.5 mg/hour
neurology_intracerebral hemorrhage_37	PROCEDURE	1576	1656	This regimen successfully stabilized his blood pressure within the desired range
neurology_intracerebral hemorrhage_37	PROCEDURE	1661	1682	Surgical Intervention
neurology_intracerebral hemorrhage_37	OBSERVATION	1836	1863	without signs of herniation
neurology_intracerebral hemorrhage_38	SYMPTOM	339	354	severe headache
neurology_intracerebral hemorrhage_38	SYMPTOM	356	376	right-sided weakness
neurology_intracerebral hemorrhage_38	SYMPTOM	382	404	impaired consciousness
neurology_intracerebral hemorrhage_38	DISEASE	432	444	Hypertension
neurology_intracerebral hemorrhage_38	MEDICATION	459	469	lisinopril
neurology_intracerebral hemorrhage_38	DISEASE	487	511	Type 2 diabetes mellitus
neurology_intracerebral hemorrhage_38	MEDICATION	529	558	metformin 1000 mg twice daily
neurology_intracerebral hemorrhage_38	DISEASE	780	792	hypoglycemia
neurology_intracerebral hemorrhage_38	PROCEDURE	819	839	complete blood count
neurology_intracerebral hemorrhage_38	PROCEDURE	850	869	coagulation studies
neurology_intracerebral hemorrhage_38	PROCEDURE	871	874	INR
neurology_intracerebral hemorrhage_38	PROCEDURE	876	879	PTT
neurology_intracerebral hemorrhage_38	PROCEDURE	881	895	platelet count
neurology_intracerebral hemorrhage_38	DISEASE	921	949	no significant abnormalities
neurology_intracerebral hemorrhage_38	PROCEDURE	951	984	Immediate CT imaging of the brain
neurology_intracerebral hemorrhage_38	DISEASE	1026	1050	intracerebral hemorrhage
neurology_intracerebral hemorrhage_38	OBSERVATION	1091	1126	no signs of subarachnoid hemorrhage
neurology_intracerebral hemorrhage_38	PROCEDURE	1142	1157	lumbar puncture
neurology_intracerebral hemorrhage_38	PROCEDURE	1182	1196	CT angiography
neurology_intracerebral hemorrhage_38	DISEASE	1290	1314	intracerebral hemorrhage
neurology_intracerebral hemorrhage_38	OBSERVATION	1385	1452	The patient had not been on any such medications prior to admission
neurology_intracerebral hemorrhage_38	PROCEDURE	1454	1479	Blood pressure management
neurology_intracerebral hemorrhage_38	MEDICATION	1512	1523	nicardipine
neurology_intracerebral hemorrhage_38	OBSERVATION	1552	1622	which was increased gradually to maintain systolic BP around 140 mm Hg
neurology_intracerebral hemorrhage_38	PROCEDURE	1741	1762	surgical intervention
neurology_intracerebral hemorrhage_38	OBSERVATION	1855	1921	The patient exhibited signs of hydrocephalus on subsequent imaging
neurology_intracerebral hemorrhage_39	DISEASE	235	259	Intracerebral Hemorrhage
neurology_intracerebral hemorrhage_39	DISEASE	422	434	hypertension
neurology_intracerebral hemorrhage_39	DISEASE	439	454	type 2 diabetes
neurology_intracerebral hemorrhage_39	SYMPTOM	537	552	severe headache
neurology_intracerebral hemorrhage_39	SYMPTOM	554	574	right-sided weakness
neurology_intracerebral hemorrhage_39	SYMPTOM	580	601	altered consciousness
neurology_intracerebral hemorrhage_39	PROCEDURE	889	931	Immediate non-contrast CT scan of the head
neurology_intracerebral hemorrhage_39	DISEASE	962	986	intracerebral hemorrhage
neurology_intracerebral hemorrhage_39	DISEASE	1007	1024	surrounding edema
neurology_intracerebral hemorrhage_39	OBSERVATION	1029	1057	no evidence of hydrocephalus
neurology_intracerebral hemorrhage_39	PROCEDURE	1059	1085	Complete blood count (CBC)
neurology_intracerebral hemorrhage_39	PROCEDURE	1090	1109	coagulation studies
neurology_intracerebral hemorrhage_39	PROCEDURE	1111	1114	INR
neurology_intracerebral hemorrhage_39	PROCEDURE	1116	1119	PTT
neurology_intracerebral hemorrhage_39	PROCEDURE	1121	1135	platelet count
neurology_intracerebral hemorrhage_39	DISEASE	1175	1187	coagulopathy
neurology_intracerebral hemorrhage_39	PROCEDURE	1189	1203	CT angiography
neurology_intracerebral hemorrhage_39	OBSERVATION	1255	1264	spot sign
neurology_intracerebral hemorrhage_39	PROCEDURE	1293	1309	MRI of the brain
neurology_intracerebral hemorrhage_39	DISEASE	1336	1360	intracerebral hemorrhage
neurology_intracerebral hemorrhage_39	PROCEDURE	1484	1507	Anticoagulation therapy
neurology_intracerebral hemorrhage_39	PROCEDURE	1550	1575	Blood pressure management
neurology_intracerebral hemorrhage_39	MEDICATION	1595	1618	intravenous nicardipine
neurology_intracerebral hemorrhage_39	MEDICATION	1817	1828	Nicardipine
neurology_intracerebral hemorrhage_4	DISEASE	334	358	Intracerebral Hemorrhage
neurology_intracerebral hemorrhage_4	DISEASE	466	478	hypertension
neurology_intracerebral hemorrhage_4	DISEASE	483	507	type 2 diabetes mellitus
neurology_intracerebral hemorrhage_4	SYMPTOM	590	605	severe headache
neurology_intracerebral hemorrhage_4	SYMPTOM	607	627	right-sided weakness
neurology_intracerebral hemorrhage_4	SYMPTOM	633	655	impaired consciousness
neurology_intracerebral hemorrhage_4	PROCEDURE	823	851	antihypertensive medications
neurology_intracerebral hemorrhage_4	MEDICATION	868	875	aspirin
neurology_intracerebral hemorrhage_4	PROCEDURE	892	917	cardiovascular protection
neurology_intracerebral hemorrhage_4	OBSERVATION	922	939	Clinical Findings
neurology_intracerebral hemorrhage_4	SYMPTOM	961	972	vital signs
neurology_intracerebral hemorrhage_4	SYMPTOM	990	1013	elevated blood pressure
neurology_intracerebral hemorrhage_4	PROCEDURE	1037	1061	Neurological examination
neurology_intracerebral hemorrhage_4	SYMPTOM	1071	1088	right hemiparesis
neurology_intracerebral hemorrhage_4	SYMPTOM	1090	1102	facial droop
neurology_intracerebral hemorrhage_4	SYMPTOM	1108	1122	slurred speech
neurology_intracerebral hemorrhage_4	PROCEDURE	1128	1146	Glasgow Coma Scale
neurology_intracerebral hemorrhage_4	PROCEDURE	1161	1198	Immediate bedside glucose measurement
neurology_intracerebral hemorrhage_4	OBSERVATION	1203	1223	within normal limits
neurology_intracerebral hemorrhage_4	PROCEDURE	1260	1270	Blood Work
neurology_intracerebral hemorrhage_4	PROCEDURE	1284	1287	CBC
neurology_intracerebral hemorrhage_4	PROCEDURE	1292	1311	coagulation studies
neurology_intracerebral hemorrhage_4	PROCEDURE	1328	1331	CBC
neurology_intracerebral hemorrhage_4	OBSERVATION	1336	1356	within normal limits
neurology_intracerebral hemorrhage_4	PROCEDURE	1367	1386	coagulation studies
neurology_intracerebral hemorrhage_4	PROCEDURE	1445	1465	urgent CT brain scan
neurology_intracerebral hemorrhage_4	DISEASE	1585	1607	mild surrounding edema
neurology_intracerebral hemorrhage_4	OBSERVATION	1612	1640	no significant midline shift
neurology_intracerebral hemorrhage_4	PROCEDURE	1673	1687	CT angiography
neurology_intracerebral hemorrhage_4	MEDICATION	1829	1836	aspirin
neurology_intracerebral hemorrhage_4	PROCEDURE	1844	1862	coagulopathy panel
neurology_intracerebral hemorrhage_40	DISEASE	302	326	Intracerebral Hemorrhage
neurology_intracerebral hemorrhage_40	DISEASE	424	436	hypertension
neurology_intracerebral hemorrhage_40	DISEASE	441	456	type 2 diabetes
neurology_intracerebral hemorrhage_40	SYMPTOM	533	548	severe headache
neurology_intracerebral hemorrhage_40	SYMPTOM	550	570	right-sided weakness
neurology_intracerebral hemorrhage_40	SYMPTOM	576	590	slurred speech
neurology_intracerebral hemorrhage_40	DISEASE	1052	1064	hypoglycemia
neurology_intracerebral hemorrhage_40	PROCEDURE	1095	1121	complete blood count (CBC)
neurology_intracerebral hemorrhage_40	PROCEDURE	1126	1145	coagulation studies
neurology_intracerebral hemorrhage_40	PROCEDURE	1152	1155	PTT
neurology_intracerebral hemorrhage_40	PROCEDURE	1157	1171	platelet count
neurology_intracerebral hemorrhage_40	PROCEDURE	1213	1233	CT scan of the brain
neurology_intracerebral hemorrhage_40	DISEASE	1245	1280	left-sided intracerebral hemorrhage
neurology_intracerebral hemorrhage_40	OBSERVATION	1322	1355	without evidence of midline shift
neurology_intracerebral hemorrhage_40	PROCEDURE	1357	1371	CT angiography
neurology_intracerebral hemorrhage_40	SYMPTOM	1427	1436	spot sign
neurology_intracerebral hemorrhage_40	PROCEDURE	1629	1654	Blood pressure management
neurology_intracerebral hemorrhage_40	MEDICATION	1686	1697	nicardipine
neurology_intracerebral hemorrhage_41	SYMPTOM	457	472	severe headache
neurology_intracerebral hemorrhage_41	SYMPTOM	474	494	right-sided weakness
neurology_intracerebral hemorrhage_41	SYMPTOM	500	519	difficulty speaking
neurology_intracerebral hemorrhage_41	DISEASE	605	617	hypertension
neurology_intracerebral hemorrhage_41	MEDICATION	641	651	Lisinopril
neurology_intracerebral hemorrhage_41	DISEASE	711	735	type 2 diabetes mellitus
neurology_intracerebral hemorrhage_41	MEDICATION	750	778	Metformin 500 mg twice daily
neurology_intracerebral hemorrhage_41	PROCEDURE	783	804	Diagnostic Assessment
neurology_intracerebral hemorrhage_41	OBSERVATION	874	904	revealing a level of 180 mg/dL
neurology_intracerebral hemorrhage_41	DISEASE	917	929	hypoglycemia
neurology_intracerebral hemorrhage_41	PROCEDURE	960	980	complete blood count
neurology_intracerebral hemorrhage_41	PROCEDURE	985	1004	coagulation studies
neurology_intracerebral hemorrhage_41	OBSERVATION	1030	1066	showing no significant abnormalities
neurology_intracerebral hemorrhage_41	PROCEDURE	1071	1098	urgent CT scan of the brain
neurology_intracerebral hemorrhage_41	OBSERVATION	1114	1161	revealing a left-sided intracerebral hemorrhage
neurology_intracerebral hemorrhage_41	DISEASE	1279	1291	hypertension
neurology_intracerebral hemorrhage_41	PROCEDURE	1375	1391	Treatment Course
neurology_intracerebral hemorrhage_41	PROCEDURE	1397	1415	Initial management
neurology_intracerebral hemorrhage_41	PROCEDURE	1425	1454	strict blood pressure control
neurology_intracerebral hemorrhage_41	MEDICATION	1479	1502	intravenous nicardipine
neurology_intracerebral hemorrhage_41	PROCEDURE	1504	1528	beginning at 2.5 mg/hour
neurology_intracerebral hemorrhage_41	PROCEDURE	1533	1571	titrated up to a maximum of 10 mg/hour
neurology_intracerebral hemorrhage_42	DISEASE	256	280	Intracerebral Hemorrhage
neurology_intracerebral hemorrhage_42	DISEASE	302	314	Hypertension
neurology_intracerebral hemorrhage_42	DISEASE	327	346	Atrial Fibrillation
neurology_intracerebral hemorrhage_42	SYMPTOM	492	507	severe headache
neurology_intracerebral hemorrhage_42	SYMPTOM	509	529	right-sided weakness
neurology_intracerebral hemorrhage_42	SYMPTOM	535	557	impaired consciousness
neurology_intracerebral hemorrhage_42	DISEASE	587	599	hypertension
neurology_intracerebral hemorrhage_42	DISEASE	604	623	atrial fibrillation
neurology_intracerebral hemorrhage_42	PROCEDURE	649	694	his blood glucose was measured at the bedside
neurology_intracerebral hemorrhage_42	DISEASE	743	755	hypoglycemia
neurology_intracerebral hemorrhage_42	PROCEDURE	785	811	Initial laboratory results
neurology_intracerebral hemorrhage_42	PROCEDURE	821	847	Complete Blood Count (CBC)
neurology_intracerebral hemorrhage_42	PROCEDURE	874	893	coagulation studies
neurology_intracerebral hemorrhage_42	DISEASE	964	983	atrial fibrillation
neurology_intracerebral hemorrhage_42	MEDICATION	1013	1021	apixaban
neurology_intracerebral hemorrhage_42	PROCEDURE	1036	1055	CT scan of the head
neurology_intracerebral hemorrhage_42	DISEASE	1107	1131	intracerebral hemorrhage
neurology_intracerebral hemorrhage_42	DISEASE	1160	1203	without evidence of subarachnoid hemorrhage
neurology_intracerebral hemorrhage_42	PROCEDURE	1205	1219	CT angiography
neurology_intracerebral hemorrhage_42	OBSERVATION	1240	1272	which did not reveal a spot sign
neurology_intracerebral hemorrhage_42	PROCEDURE	1334	1343	Treatment
neurology_intracerebral hemorrhage_42	MEDICATION	1376	1384	apixaban
neurology_intracerebral hemorrhage_42	MEDICATION	1386	1400	andexanet alfa
neurology_intracerebral hemorrhage_42	PROCEDURE	1446	1468	to reverse its effects
neurology_intracerebral hemorrhage_42	PROCEDURE	1477	1495	bolus of 400 mg IV
neurology_intracerebral hemorrhage_42	MEDICATION	1640	1651	nicardipine
neurology_intracerebral hemorrhage_42	PROCEDURE	1653	1679	starting at 2.5 mg/hour IV
neurology_intracerebral hemorrhage_42	PROCEDURE	1685	1710	titrated up to 10 mg/hour
neurology_intracerebral hemorrhage_43	SYMPTOM	270	325	Sudden onset of severe headache and left-sided weakness
neurology_intracerebral hemorrhage_43	SYMPTOM	484	516	weakness in his left arm and leg
neurology_intracerebral hemorrhage_43	DISEASE	638	650	Hypertension
neurology_intracerebral hemorrhage_43	MEDICATION	665	675	lisinopril
neurology_intracerebral hemorrhage_43	DISEASE	693	708	Type 2 diabetes
neurology_intracerebral hemorrhage_43	MEDICATION	723	732	metformin
neurology_intracerebral hemorrhage_43	PROCEDURE	827	856	Blood Glucose Level (Bedside)
neurology_intracerebral hemorrhage_43	PROCEDURE	877	903	Complete Blood Count (CBC)
neurology_intracerebral hemorrhage_43	OBSERVATION	907	927	Within normal limits
neurology_intracerebral hemorrhage_43	PROCEDURE	935	954	Coagulation Studies
neurology_intracerebral hemorrhage_43	PROCEDURE	958	961	INR
neurology_intracerebral hemorrhage_43	PROCEDURE	967	970	PTT
neurology_intracerebral hemorrhage_43	PROCEDURE	983	1008	Platelet Count 250,000/μL
neurology_intracerebral hemorrhage_43	PROCEDURE	1016	1024	CT Brain
neurology_intracerebral hemorrhage_43	DISEASE	1054	1110	revealing a right basal ganglia intracerebral hemorrhage
neurology_intracerebral hemorrhage_43	PROCEDURE	1145	1159	CT Angiography
neurology_intracerebral hemorrhage_43	OBSERVATION	1195	1226	no contrast extravasation noted
neurology_intracerebral hemorrhage_43	PROCEDURE	1256	1276	Immediate management
neurology_intracerebral hemorrhage_43	MEDICATION	1305	1315	lisinopril
neurology_intracerebral hemorrhage_43	MEDICATION	1334	1345	nicardipine
neurology_intracerebral hemorrhage_43	PROCEDURE	1365	1403	titrated up to a maximum of 10 mg/hour
neurology_intracerebral hemorrhage_43	OBSERVATION	1472	1507	ensuring no episodes of hypotension
neurology_intracerebral hemorrhage_43	PROCEDURE	1604	1625	surgical intervention
neurology_intracerebral hemorrhage_43	OBSERVATION	1645	1718	The patient was closely monitored for signs of neurological deterioration
neurology_intracerebral hemorrhage_44	DISEASE	319	343	Intracerebral Hemorrhage
neurology_intracerebral hemorrhage_44	SYMPTOM	479	494	severe headache
neurology_intracerebral hemorrhage_44	SYMPTOM	496	516	right-sided weakness
neurology_intracerebral hemorrhage_44	SYMPTOM	522	552	altered level of consciousness
neurology_intracerebral hemorrhage_44	DISEASE	575	587	hypertension
neurology_intracerebral hemorrhage_44	SYMPTOM	592	622	recent complaints of headaches
neurology_intracerebral hemorrhage_44	DISEASE	627	651	intracerebral hemorrhage
neurology_intracerebral hemorrhage_44	OBSERVATION	696	707	vital signs
neurology_intracerebral hemorrhage_44	DISEASE	892	904	hypoglycemia
neurology_intracerebral hemorrhage_44	PROCEDURE	931	957	complete blood count (CBC)
neurology_intracerebral hemorrhage_44	PROCEDURE	962	981	coagulation studies
neurology_intracerebral hemorrhage_44	PROCEDURE	992	995	INR
neurology_intracerebral hemorrhage_44	PROCEDURE	997	1000	PTT
neurology_intracerebral hemorrhage_44	PROCEDURE	1006	1020	platelet count
neurology_intracerebral hemorrhage_44	OBSERVATION	1048	1087	indicating no pre-existing coagulopathy
neurology_intracerebral hemorrhage_44	PROCEDURE	1093	1119	urgent CT scan of the head
neurology_intracerebral hemorrhage_44	DISEASE	1147	1176	left basal ganglia hemorrhage
neurology_intracerebral hemorrhage_44	OBSERVATION	1209	1240	signs of mild surrounding edema
neurology_intracerebral hemorrhage_44	OBSERVATION	1245	1273	no significant midline shift
neurology_intracerebral hemorrhage_44	PROCEDURE	1275	1289	CT angiography
neurology_intracerebral hemorrhage_44	OBSERVATION	1323	1375	suggesting no active bleeding at the time of imaging
neurology_intracerebral hemorrhage_44	DISEASE	1401	1425	intracerebral hemorrhage
neurology_intracerebral hemorrhage_44	MEDICATION	1427	1473	all anticoagulant and antiplatelet medications
neurology_intracerebral hemorrhage_44	DISEASE	1627	1639	hypertension
neurology_intracerebral hemorrhage_44	MEDICATION	1641	1655	IV nicardipine
neurology_intracerebral hemorrhage_44	PROCEDURE	1689	1727	titrated up to a maximum of 10 mg/hour
neurology_intracerebral hemorrhage_44	PROCEDURE	1787	1799	This regimen
neurology_intracerebral hemorrhage_45	DISEASE	290	314	Intracerebral Hemorrhage
neurology_intracerebral hemorrhage_45	SYMPTOM	486	501	severe headache
neurology_intracerebral hemorrhage_45	SYMPTOM	503	523	right-sided weakness
neurology_intracerebral hemorrhage_45	SYMPTOM	529	559	altered level of consciousness
neurology_intracerebral hemorrhage_45	DISEASE	596	608	hypertension
neurology_intracerebral hemorrhage_45	MEDICATION	632	654	lisinopril 20 mg daily
neurology_intracerebral hemorrhage_45	DISEASE	763	775	hypoglycemia
neurology_intracerebral hemorrhage_45	PROCEDURE	850	867	Immediate CT Scan
neurology_intracerebral hemorrhage_45	DISEASE	882	911	left basal ganglia hemorrhage
neurology_intracerebral hemorrhage_45	DISEASE	930	973	without evidence of subarachnoid hemorrhage
neurology_intracerebral hemorrhage_45	PROCEDURE	979	1006	CBC and Coagulation Studies
neurology_intracerebral hemorrhage_45	OBSERVATION	1010	1030	Within normal limits
neurology_intracerebral hemorrhage_45	OBSERVATION	1032	1069	indicating no underlying coagulopathy
neurology_intracerebral hemorrhage_45	PROCEDURE	1084	1087	PTT
neurology_intracerebral hemorrhage_45	PROCEDURE	1135	1149	CT Angiography
neurology_intracerebral hemorrhage_45	OBSERVATION	1181	1236	showed no signs of contrast extravasation into the clot
neurology_intracerebral hemorrhage_45	OBSERVATION	1238	1268	suggesting no ongoing bleeding
neurology_intracerebral hemorrhage_45	PROCEDURE	1307	1332	Blood Pressure Management
neurology_intracerebral hemorrhage_45	PROCEDURE	1336	1360	Initiated nicardipine IV
neurology_intracerebral hemorrhage_45	PROCEDURE	1377	1415	titrated up to a maximum of 10 mg/hour
neurology_intracerebral hemorrhage_45	PROCEDURE	1555	1578	Neurological Monitoring
neurology_intracerebral hemorrhage_45	OBSERVATION	1693	1708	Serial CT scans
neurology_intracerebral hemorrhage_45	PROCEDURE	1851	1874	conservative management
neurology_intracerebral hemorrhage_46	SYMPTOM	419	434	severe headache
neurology_intracerebral hemorrhage_46	SYMPTOM	436	456	right-sided weakness
neurology_intracerebral hemorrhage_46	SYMPTOM	462	476	slurred speech
neurology_intracerebral hemorrhage_46	DISEASE	498	510	hypertension
neurology_intracerebral hemorrhage_46	MEDICATION	530	540	lisinopril
neurology_intracerebral hemorrhage_46	PROCEDURE	673	694	Diagnostic Assessment
neurology_intracerebral hemorrhage_46	PROCEDURE	705	722	Immediate Actions
neurology_intracerebral hemorrhage_46	PROCEDURE	726	760	Blood glucose was measured bedside
neurology_intracerebral hemorrhage_46	DISEASE	803	815	hypoglycemia
neurology_intracerebral hemorrhage_46	PROCEDURE	847	863	Laboratory Tests
neurology_intracerebral hemorrhage_46	PROCEDURE	867	894	CBC and coagulation studies
neurology_intracerebral hemorrhage_46	PROCEDURE	974	998	PTT within normal limits
neurology_intracerebral hemorrhage_46	PROCEDURE	1007	1014	Imaging
neurology_intracerebral hemorrhage_46	PROCEDURE	1021	1047	urgent CT scan of the head
neurology_intracerebral hemorrhage_46	DISEASE	1094	1118	intracerebral hemorrhage
neurology_intracerebral hemorrhage_46	PROCEDURE	1147	1161	CT angiography
neurology_intracerebral hemorrhage_46	OBSERVATION	1213	1227	no "spot sign"
neurology_intracerebral hemorrhage_46	PROCEDURE	1237	1252	Further Testing
neurology_intracerebral hemorrhage_46	PROCEDURE	1256	1285	MRI confirmed the CT findings
neurology_intracerebral hemorrhage_46	PROCEDURE	1320	1335	Lumbar puncture
neurology_intracerebral hemorrhage_46	DISEASE	1393	1417	intracerebral hemorrhage
neurology_intracerebral hemorrhage_46	PROCEDURE	1422	1437	Hospital Course
neurology_intracerebral hemorrhage_46	MEDICATION	1511	1522	nicardipine
neurology_intracerebral hemorrhage_46	PROCEDURE	1559	1584	titrated up to 10 mg/hour
neurology_intracerebral hemorrhage_46	PROCEDURE	1596	1613	target BP control
neurology_intracerebral hemorrhage_47	SYMPTOM	332	363	sudden onset of severe headache
neurology_intracerebral hemorrhage_47	SYMPTOM	365	385	right-sided weakness
neurology_intracerebral hemorrhage_47	SYMPTOM	391	412	altered consciousness
neurology_intracerebral hemorrhage_47	SYMPTOM	477	492	severe headache
neurology_intracerebral hemorrhage_47	SYMPTOM	505	546	loss of strength in his right arm and leg
neurology_intracerebral hemorrhage_47	SYMPTOM	552	571	difficulty speaking
neurology_intracerebral hemorrhage_47	DISEASE	677	689	hypertension
neurology_intracerebral hemorrhage_47	PROCEDURE	817	854	Immediate bedside blood glucose level
neurology_intracerebral hemorrhage_47	DISEASE	880	892	hypoglycemia
neurology_intracerebral hemorrhage_47	PROCEDURE	896	916	complete blood count
neurology_intracerebral hemorrhage_47	PROCEDURE	927	946	coagulation studies
neurology_intracerebral hemorrhage_47	PROCEDURE	948	951	INR
neurology_intracerebral hemorrhage_47	PROCEDURE	953	956	PTT
neurology_intracerebral hemorrhage_47	PROCEDURE	958	972	platelet count
neurology_intracerebral hemorrhage_47	PROCEDURE	990	1005	Initial CT scan
neurology_intracerebral hemorrhage_47	DISEASE	1018	1042	intracerebral hemorrhage
neurology_intracerebral hemorrhage_47	PROCEDURE	1163	1177	CT angiography
neurology_intracerebral hemorrhage_47	OBSERVATION	1193	1234	which did not show contrast extravasation
neurology_intracerebral hemorrhage_47	OBSERVATION	1236	1266	indicating no ongoing bleeding
neurology_intracerebral hemorrhage_47	MEDICATION	1300	1311	nicardipine
neurology_intracerebral hemorrhage_47	PROCEDURE	1313	1339	starting at 2.5 mg/hour IV
neurology_intracerebral hemorrhage_47	PROCEDURE	1396	1415	Neurological checks
neurology_intracerebral hemorrhage_47	PROCEDURE	1473	1497	Medications Administered
neurology_intracerebral hemorrhage_47	MEDICATION	1505	1516	Nicardipine
neurology_intracerebral hemorrhage_47	MEDICATION	1654	1666	Pantoprazole
neurology_intracerebral hemorrhage_47	MEDICATION	1706	1714	Mannitol
neurology_intracerebral hemorrhage_48	DISEASE	246	270	Intracerebral Hemorrhage
neurology_intracerebral hemorrhage_48	SYMPTOM	421	429	headache
neurology_intracerebral hemorrhage_48	SYMPTOM	431	458	focal neurological deficits
neurology_intracerebral hemorrhage_48	SYMPTOM	464	486	impaired consciousness
neurology_intracerebral hemorrhage_48	DISEASE	522	534	hypertension
neurology_intracerebral hemorrhage_48	DISEASE	561	580	atrial fibrillation
neurology_intracerebral hemorrhage_48	MEDICATION	615	623	apixaban
neurology_intracerebral hemorrhage_48	DISEASE	660	684	intracerebral hemorrhage
neurology_intracerebral hemorrhage_48	DISEASE	817	829	hypoglycemia
neurology_intracerebral hemorrhage_48	PROCEDURE	860	886	complete blood count (CBC)
neurology_intracerebral hemorrhage_48	PROCEDURE	891	910	coagulation studies
neurology_intracerebral hemorrhage_48	PROCEDURE	922	925	INR
neurology_intracerebral hemorrhage_48	PROCEDURE	927	930	PTT
neurology_intracerebral hemorrhage_48	PROCEDURE	936	950	platelet count
neurology_intracerebral hemorrhage_48	MEDICATION	1041	1049	apixaban
neurology_intracerebral hemorrhage_48	PROCEDURE	1064	1084	CT scan of the brain
neurology_intracerebral hemorrhage_48	DISEASE	1125	1149	intracerebral hemorrhage
neurology_intracerebral hemorrhage_48	MEDICATION	1219	1227	apixaban
neurology_intracerebral hemorrhage_48	MEDICATION	1229	1243	andexanet alfa
neurology_intracerebral hemorrhage_48	PROCEDURE	1287	1348	Continuous monitoring and control of Mr. Doe's blood pressure
neurology_intracerebral hemorrhage_48	MEDICATION	1370	1381	nicardipine
neurology_intracerebral hemorrhage_48	PROCEDURE	1383	1409	starting at 2.5 mg/hour IV
neurology_intracerebral hemorrhage_48	PROCEDURE	1709	1733	Neurological assessments
neurology_intracerebral hemorrhage_48	PROCEDURE	1766	1783	follow-up CT scan
neurology_intracerebral hemorrhage_48	OBSERVATION	1807	1844	showed no expansion of the hemorrhage
neurology_intracerebral hemorrhage_48	OBSERVATION	1858	1876	mild hydrocephalus
neurology_intracerebral hemorrhage_48	PROCEDURE	2009	2030	surgical intervention
neurology_intracerebral hemorrhage_49	DISEASE	473	485	hypertension
neurology_intracerebral hemorrhage_49	SYMPTOM	642	665	right-sided hemiparesis
neurology_intracerebral hemorrhage_49	SYMPTOM	671	690	difficulty speaking
neurology_intracerebral hemorrhage_49	PROCEDURE	891	908	Neurological Exam
neurology_intracerebral hemorrhage_49	SYMPTOM	910	939	Noted right-sided hemiparesis
neurology_intracerebral hemorrhage_49	SYMPTOM	941	959	expressive aphasia
neurology_intracerebral hemorrhage_49	PROCEDURE	1044	1071	bedside blood glucose level
neurology_intracerebral hemorrhage_49	DISEASE	1137	1149	hypoglycemia
neurology_intracerebral hemorrhage_49	PROCEDURE	1164	1190	complete blood count (CBC)
neurology_intracerebral hemorrhage_49	PROCEDURE	1195	1214	coagulation studies
neurology_intracerebral hemorrhage_49	PROCEDURE	1225	1228	INR
neurology_intracerebral hemorrhage_49	PROCEDURE	1230	1233	PTT
neurology_intracerebral hemorrhage_49	PROCEDURE	1239	1253	platelet count
neurology_intracerebral hemorrhage_49	PROCEDURE	1284	1311	urgent CT scan of the brain
neurology_intracerebral hemorrhage_49	DISEASE	1348	1372	intracerebral hemorrhage
neurology_intracerebral hemorrhage_49	OBSERVATION	1404	1437	without evidence of midline shift
neurology_intracerebral hemorrhage_49	PROCEDURE	1439	1453	CT angiography
neurology_intracerebral hemorrhage_49	OBSERVATION	1469	1524	which did not show contrast extravasation into the clot
neurology_intracerebral hemorrhage_49	SYMPTOM	1526	1535	spot sign
neurology_intracerebral hemorrhage_49	PROCEDURE	1541	1565	Treatment and Management
neurology_intracerebral hemorrhage_49	DISEASE	1594	1618	intracerebral hemorrhage
neurology_intracerebral hemorrhage_49	MEDICATION	1620	1663	anticoagulants and antiplatelet medications
neurology_intracerebral hemorrhage_49	DISEASE	1696	1708	hypertension
neurology_intracerebral hemorrhage_49	MEDICATION	1738	1749	nicardipine
neurology_intracerebral hemorrhage_5	SYMPTOM	304	335	Sudden onset of severe headache
neurology_intracerebral hemorrhage_5	SYMPTOM	337	357	right-sided weakness
neurology_intracerebral hemorrhage_5	SYMPTOM	363	382	difficulty speaking
neurology_intracerebral hemorrhage_5	SYMPTOM	530	545	severe headache
neurology_intracerebral hemorrhage_5	SYMPTOM	558	578	right-sided weakness
neurology_intracerebral hemorrhage_5	SYMPTOM	583	597	slurred speech
neurology_intracerebral hemorrhage_5	DISEASE	746	758	Hypertension
neurology_intracerebral hemorrhage_5	DISEASE	763	787	Type 2 Diabetes Mellitus
neurology_intracerebral hemorrhage_5	DISEASE	792	832	Previous transient ischemic attack (TIA)
neurology_intracerebral hemorrhage_5	MEDICATION	876	886	Lisinopril
neurology_intracerebral hemorrhage_5	MEDICATION	903	912	Metformin
neurology_intracerebral hemorrhage_5	MEDICATION	936	943	Aspirin
neurology_intracerebral hemorrhage_5	SYMPTOM	1072	1089	Alert but aphasic
neurology_intracerebral hemorrhage_5	SYMPTOM	1091	1108	right hemiparesis
neurology_intracerebral hemorrhage_5	PROCEDURE	1138	1155	Diagnostic Workup
neurology_intracerebral hemorrhage_5	PROCEDURE	1232	1259	CBC and coagulation studies
neurology_intracerebral hemorrhage_5	OBSERVATION	1262	1299	showed a slightly elevated INR of 1.2
neurology_intracerebral hemorrhage_5	OBSERVATION	1301	1322	normal platelet count
neurology_intracerebral hemorrhage_5	PROCEDURE	1330	1348	Immediate CT brain
neurology_intracerebral hemorrhage_5	DISEASE	1362	1391	left intracerebral hemorrhage
neurology_intracerebral hemorrhage_5	OBSERVATION	1438	1476	no evidence of subarachnoid hemorrhage
neurology_intracerebral hemorrhage_5	PROCEDURE	1484	1498	CT angiography
neurology_intracerebral hemorrhage_5	OBSERVATION	1501	1550	did not show contrast extravasation into the clot
neurology_intracerebral hemorrhage_5	PROCEDURE	1702	1731	His blood pressure management
neurology_intracerebral hemorrhage_5	MEDICATION	1749	1760	nicardipine
neurology_intracerebral hemorrhage_5	PROCEDURE	1791	1851	gradually increased to maintain systolic BP around 140 mm Hg
neurology_intracerebral hemorrhage_6	SYMPTOM	271	302	Sudden onset of severe headache
neurology_intracerebral hemorrhage_6	SYMPTOM	304	324	right-sided weakness
neurology_intracerebral hemorrhage_6	SYMPTOM	330	352	impaired consciousness
neurology_intracerebral hemorrhage_6	SYMPTOM	452	485	history of sudden severe headache
neurology_intracerebral hemorrhage_6	SYMPTOM	487	510	right-sided hemiparesis
neurology_intracerebral hemorrhage_6	SYMPTOM	516	525	confusion
neurology_intracerebral hemorrhage_6	DISEASE	608	620	hypertension
neurology_intracerebral hemorrhage_6	DISEASE	625	649	type 2 diabetes mellitus
neurology_intracerebral hemorrhage_6	PROCEDURE	762	789	bedside blood glucose level
neurology_intracerebral hemorrhage_6	OBSERVATION	804	834	revealing a value of 198 mg/dL
neurology_intracerebral hemorrhage_6	PROCEDURE	838	864	complete blood count (CBC)
neurology_intracerebral hemorrhage_6	PROCEDURE	869	888	coagulation studies
neurology_intracerebral hemorrhage_6	PROCEDURE	899	902	INR
neurology_intracerebral hemorrhage_6	PROCEDURE	904	907	PTT
neurology_intracerebral hemorrhage_6	PROCEDURE	913	927	platelet count
neurology_intracerebral hemorrhage_6	OBSERVATION	944	980	showing no significant abnormalities
neurology_intracerebral hemorrhage_6	PROCEDURE	982	1011	Immediate CT scan of the head
neurology_intracerebral hemorrhage_6	DISEASE	1039	1074	left-sided intracerebral hemorrhage
neurology_intracerebral hemorrhage_6	PROCEDURE	1107	1121	CT angiography
neurology_intracerebral hemorrhage_6	SYMPTOM	1185	1194	spot sign
neurology_intracerebral hemorrhage_6	MEDICATION	1298	1309	nicardipine
neurology_intracerebral hemorrhage_6	PROCEDURE	1329	1354	blood pressure management
neurology_intracerebral hemorrhage_6	PROCEDURE	1356	1381	titrated up to 10 mg/hour
neurology_intracerebral hemorrhage_6	PROCEDURE	1469	1492	conservative management
neurology_intracerebral hemorrhage_6	PROCEDURE	1546	1583	Serum electrolytes and renal function
neurology_intracerebral hemorrhage_6	PROCEDURE	1630	1644	Repeat CT scan
neurology_intracerebral hemorrhage_6	MEDICATION	1735	1748	acetaminophen
neurology_intracerebral hemorrhage_6	PROCEDURE	1756	1783	Physical therapy evaluation
neurology_intracerebral hemorrhage_7	PROCEDURE	326	358	History and Physical Examination
neurology_intracerebral hemorrhage_7	DISEASE	427	439	hypertension
neurology_intracerebral hemorrhage_7	DISEASE	444	463	atrial fibrillation
neurology_intracerebral hemorrhage_7	SYMPTOM	559	574	severe headache
neurology_intracerebral hemorrhage_7	SYMPTOM	576	596	right-sided weakness
neurology_intracerebral hemorrhage_7	SYMPTOM	602	611	confusion
neurology_intracerebral hemorrhage_7	PROCEDURE	730	753	anticoagulation therapy
neurology_intracerebral hemorrhage_7	MEDICATION	755	763	Apixaban
neurology_intracerebral hemorrhage_7	DISEASE	769	788	atrial fibrillation
neurology_intracerebral hemorrhage_7	PROCEDURE	822	841	Blood Glucose Level
neurology_intracerebral hemorrhage_7	DISEASE	914	926	hypoglycemia
neurology_intracerebral hemorrhage_7	PROCEDURE	957	984	CBC and Coagulation Studies
neurology_intracerebral hemorrhage_7	PROCEDURE	1045	1048	PTT
neurology_intracerebral hemorrhage_7	PROCEDURE	1098	1106	CT Brain
neurology_intracerebral hemorrhage_7	DISEASE	1205	1222	surrounding edema
neurology_intracerebral hemorrhage_7	PROCEDURE	1263	1277	CT Angiography
neurology_intracerebral hemorrhage_7	SYMPTOM	1350	1359	spot sign
neurology_intracerebral hemorrhage_7	PROCEDURE	1416	1425	MRI Brain
neurology_intracerebral hemorrhage_7	PROCEDURE	1559	1578	Medication Reversal
neurology_intracerebral hemorrhage_7	PROCEDURE	1582	1614	Administration of Andexanet Alfa
neurology_intracerebral hemorrhage_7	MEDICATION	1639	1647	Apixaban
neurology_intracerebral hemorrhage_7	PROCEDURE	1746	1768	Blood Pressure Control
neurology_intracerebral hemorrhage_7	MEDICATION	1772	1783	Nicardipine
neurology_intracerebral hemorrhage_8	SYMPTOM	384	399	severe headache
neurology_intracerebral hemorrhage_8	SYMPTOM	401	420	left-sided weakness
neurology_intracerebral hemorrhage_8	SYMPTOM	426	447	altered consciousness
neurology_intracerebral hemorrhage_8	DISEASE	475	487	Hypertension
neurology_intracerebral hemorrhage_8	DISEASE	492	516	Type 2 Diabetes Mellitus
neurology_intracerebral hemorrhage_8	MEDICATION	521	536	Previous smoker
neurology_intracerebral hemorrhage_8	MEDICATION	597	606	Metformin
neurology_intracerebral hemorrhage_8	MEDICATION	630	640	Lisinopril
neurology_intracerebral hemorrhage_8	MEDICATION	657	669	Atorvastatin
neurology_intracerebral hemorrhage_8	PROCEDURE	760	793	immediate bedside glucose testing
neurology_intracerebral hemorrhage_8	PROCEDURE	809	847	revealing a glucose level of 142 mg/dL
neurology_intracerebral hemorrhage_8	PROCEDURE	851	871	complete blood count
neurology_intracerebral hemorrhage_8	PROCEDURE	882	901	coagulation studies
neurology_intracerebral hemorrhage_8	PROCEDURE	903	906	INR
neurology_intracerebral hemorrhage_8	PROCEDURE	908	911	PTT
neurology_intracerebral hemorrhage_8	PROCEDURE	913	927	platelet count
neurology_intracerebral hemorrhage_8	PROCEDURE	1011	1043	non-contrast CT scan of the head
neurology_intracerebral hemorrhage_8	OBSERVATION	1068	1119	revealing a right parietal intracerebral hemorrhage
neurology_intracerebral hemorrhage_8	PROCEDURE	1152	1166	CT angiography
neurology_intracerebral hemorrhage_8	OBSERVATION	1233	1242	spot sign
neurology_intracerebral hemorrhage_8	PROCEDURE	1324	1380	MRI confirmed the diagnosis and extent of the hemorrhage
neurology_intracerebral hemorrhage_8	DISEASE	1414	1426	hypertension
neurology_intracerebral hemorrhage_8	PROCEDURE	1428	1448	immediate management
neurology_intracerebral hemorrhage_8	PROCEDURE	1460	1482	blood pressure control
neurology_intracerebral hemorrhage_8	MEDICATION	1484	1495	Nicardipine
neurology_intracerebral hemorrhage_8	PROCEDURE	1529	1575	gradually increased to a maximum of 10 mg/hour
neurology_intracerebral hemorrhage_8	PROCEDURE	1721	1762	ensuring no hypotensive episodes occurred
neurology_intracerebral hemorrhage_8	MEDICATION	1765	1808	Anticoagulants and antiplatelet medications
neurology_intracerebral hemorrhage_9	SYMPTOM	369	384	severe headache
neurology_intracerebral hemorrhage_9	SYMPTOM	386	406	right-sided weakness
neurology_intracerebral hemorrhage_9	SYMPTOM	412	426	slurred speech
neurology_intracerebral hemorrhage_9	DISEASE	448	460	hypertension
neurology_intracerebral hemorrhage_9	MEDICATION	484	494	Lisinopril
neurology_intracerebral hemorrhage_9	PROCEDURE	514	532	initial assessment
neurology_intracerebral hemorrhage_9	OBSERVATION	629	652	ruling out hypoglycemia
neurology_intracerebral hemorrhage_9	OBSERVATION	657	676	Diagnostic Findings
neurology_intracerebral hemorrhage_9	OBSERVATION	701	707	Normal
neurology_intracerebral hemorrhage_9	PROCEDURE	712	738	Complete Blood Count (CBC)
neurology_intracerebral hemorrhage_9	OBSERVATION	742	762	Within normal limits
neurology_intracerebral hemorrhage_9	PROCEDURE	767	786	Coagulation Studies
neurology_intracerebral hemorrhage_9	OBSERVATION	790	797	INR 1.0
neurology_intracerebral hemorrhage_9	PROCEDURE	799	802	PTT
neurology_intracerebral hemorrhage_9	PROCEDURE	845	853	CT Brain
neurology_intracerebral hemorrhage_9	DISEASE	857	900	Showed a 4 cm left basal ganglia hemorrhage
neurology_intracerebral hemorrhage_9	DISEASE	906	944	no evidence of subarachnoid hemorrhage
neurology_intracerebral hemorrhage_9	PROCEDURE	950	964	CT Angiography
neurology_intracerebral hemorrhage_9	OBSERVATION	968	999	No contrast extravasation noted
neurology_intracerebral hemorrhage_9	DISEASE	1001	1036	no vascular malformation identified
neurology_intracerebral hemorrhage_9	DISEASE	1078	1102	intracerebral hemorrhage
neurology_intracerebral hemorrhage_9	PROCEDURE	1114	1138	antihypertensive regimen
neurology_intracerebral hemorrhage_9	MEDICATION	1165	1176	Nicardipine
neurology_intracerebral hemorrhage_9	PROCEDURE	1211	1249	titrated up to a maximum of 15 mg/hour
neurology_intracerebral hemorrhage_9	PROCEDURE	1458	1533	Anticoagulant and antiplatelet medications were discontinued upon admission
neurology_intracerebral hemorrhage_9	MEDICATION	1567	1575	apixaban
neurology_intracerebral hemorrhage_9	DISEASE	1580	1599	atrial fibrillation
neurology_intracerebral hemorrhage_9	MEDICATION	1601	1615	andexanet alfa
neurology_ischemic stroke_0	SYMPTOM	273	309	sudden onset of right-sided weakness
neurology_ischemic stroke_0	SYMPTOM	314	328	slurred speech
neurology_ischemic stroke_0	DISEASE	454	466	Hypertension
neurology_ischemic stroke_0	DISEASE	469	493	Type 2 Diabetes Mellitus
neurology_ischemic stroke_0	PROCEDURE	602	652	National Institutes of Health Stroke Scale (NIHSS)
neurology_ischemic stroke_0	SYMPTOM	679	721	moderate level of impairment due to stroke
neurology_ischemic stroke_0	PROCEDURE	723	746	Bedside glucose testing
neurology_ischemic stroke_0	PROCEDURE	805	837	non-contrast CT scan of the head
neurology_ischemic stroke_0	OBSERVATION	887	932	revealing no signs of intracranial hemorrhage
neurology_ischemic stroke_0	PROCEDURE	1041	1063	diffusion-weighted MRI
neurology_ischemic stroke_0	DISEASE	1098	1119	acute ischemic stroke
neurology_ischemic stroke_0	PROCEDURE	1158	1161	ECG
neurology_ischemic stroke_0	OBSERVATION	1176	1195	normal sinus rhythm
neurology_ischemic stroke_0	PROCEDURE	1201	1221	telemetry monitoring
neurology_ischemic stroke_0	PROCEDURE	1254	1275	Serum troponin levels
neurology_ischemic stroke_0	PROCEDURE	1306	1320	echocardiogram
neurology_ischemic stroke_0	OBSERVATION	1331	1363	normal left ventricular function
neurology_ischemic stroke_0	PROCEDURE	1402	1418	Vascular imaging
neurology_ischemic stroke_0	PROCEDURE	1430	1450	MR angiography (MRA)
neurology_ischemic stroke_0	DISEASE	1465	1482	moderate stenosis
neurology_ischemic stroke_0	PROCEDURE	1520	1531	Blood tests
neurology_ischemic stroke_0	PROCEDURE	1542	1545	CBC
neurology_ischemic stroke_0	PROCEDURE	1547	1562	metabolic panel
neurology_ischemic stroke_0	PROCEDURE	1564	1570	PT/PTT
neurology_ischemic stroke_0	PROCEDURE	1572	1587	fasting glucose
neurology_ischemic stroke_0	PROCEDURE	1617	1631	hemoglobin A1C
neurology_ischemic stroke_0	PROCEDURE	1644	1657	lipid profile
neurology_ischemic stroke_0	DISEASE	1681	1707	poorly controlled diabetes
neurology_ischemic stroke_0	DISEASE	1712	1726	hyperlipidemia
neurology_ischemic stroke_0	PROCEDURE	1729	1753	Treatment and Management
neurology_ischemic stroke_0	MEDICATION	1787	1845	intravenous recombinant tissue plasminogen activator (tPA)
neurology_ischemic stroke_1	DISEASE	377	389	hypertension
neurology_ischemic stroke_1	DISEASE	394	409	type 2 diabetes
neurology_ischemic stroke_1	PROCEDURE	743	769	Complete neurological exam
neurology_ischemic stroke_1	SYMPTOM	779	803	right-sided facial droop
neurology_ischemic stroke_1	SYMPTOM	805	812	aphasia
neurology_ischemic stroke_1	SYMPTOM	818	844	right arm and leg weakness
neurology_ischemic stroke_1	PROCEDURE	875	899	CT Head without Contrast
neurology_ischemic stroke_1	OBSERVATION	917	942	No evidence of hemorrhage
neurology_ischemic stroke_1	SYMPTOM	944	967	early signs of ischemia
neurology_ischemic stroke_1	PROCEDURE	1018	1036	MRI Brain with DWI
neurology_ischemic stroke_1	PROCEDURE	1132	1135	ECG
neurology_ischemic stroke_1	OBSERVATION	1139	1158	Normal sinus rhythm
neurology_ischemic stroke_1	OBSERVATION	1164	1180	no acute changes
neurology_ischemic stroke_1	PROCEDURE	1186	1206	Telemetry Monitoring
neurology_ischemic stroke_1	OBSERVATION	1221	1244	No arrhythmias detected
neurology_ischemic stroke_1	PROCEDURE	1250	1266	Echocardiography
neurology_ischemic stroke_1	OBSERVATION	1284	1316	Normal left ventricular function
neurology_ischemic stroke_1	DISEASE	1318	1343	no valvular abnormalities
neurology_ischemic stroke_1	DISEASE	1345	1369	no intracardiac thrombus
neurology_ischemic stroke_1	PROCEDURE	1375	1391	Vascular Imaging
neurology_ischemic stroke_1	PROCEDURE	1395	1412	CTA head and neck
neurology_ischemic stroke_1	PROCEDURE	1488	1504	Laboratory Tests
neurology_ischemic stroke_1	PROCEDURE	1508	1511	CBC
neurology_ischemic stroke_1	PROCEDURE	1513	1528	metabolic panel
neurology_ischemic stroke_1	PROCEDURE	1530	1536	PT/PTT
neurology_ischemic stroke_1	PROCEDURE	1575	1588	lipid profile
neurology_ischemic stroke_10	DISEASE	308	329	Acute Ischemic Stroke
neurology_ischemic stroke_10	DISEASE	357	369	Hypertension
neurology_ischemic stroke_10	DISEASE	371	390	Atrial Fibrillation
neurology_ischemic stroke_10	DISEASE	492	504	hypertension
neurology_ischemic stroke_10	DISEASE	525	544	atrial fibrillation
neurology_ischemic stroke_10	SYMPTOM	621	641	right-sided weakness
neurology_ischemic stroke_10	SYMPTOM	646	665	difficulty speaking
neurology_ischemic stroke_10	PROCEDURE	869	919	National Institutes of Health Stroke Scale (NIHSS)
neurology_ischemic stroke_10	OBSERVATION	972	993	Neurological findings
neurology_ischemic stroke_10	SYMPTOM	1003	1010	aphasia
neurology_ischemic stroke_10	PROCEDURE	1034	1057	Bedside glucose testing
neurology_ischemic stroke_10	PROCEDURE	1073	1098	Diagnostic Investigations
neurology_ischemic stroke_10	PROCEDURE	1109	1117	CT Brain
neurology_ischemic stroke_10	OBSERVATION	1153	1178	no evidence of hemorrhage
neurology_ischemic stroke_10	PROCEDURE	1207	1227	thrombolytic therapy
neurology_ischemic stroke_10	PROCEDURE	1236	1270	MRI Brain with Diffusion Weighting
neurology_ischemic stroke_10	PROCEDURE	1373	1403	Carotid Duplex Ultrasonography
neurology_ischemic stroke_10	PROCEDURE	1473	1489	Echocardiography
neurology_ischemic stroke_10	DISEASE	1506	1525	atrial fibrillation
neurology_ischemic stroke_10	PROCEDURE	1573	1584	Blood Tests
neurology_ischemic stroke_10	PROCEDURE	1588	1591	CBC
neurology_ischemic stroke_10	PROCEDURE	1593	1608	metabolic panel
neurology_ischemic stroke_10	PROCEDURE	1610	1616	PT/PTT
neurology_ischemic stroke_10	PROCEDURE	1618	1633	fasting glucose
neurology_ischemic stroke_10	PROCEDURE	1635	1649	hemoglobin A1C
neurology_ischemic stroke_10	PROCEDURE	1655	1668	lipid profile
neurology_ischemic stroke_10	DISEASE	1706	1730	elevated LDL cholesterol
neurology_ischemic stroke_11	DISEASE	338	353	Ischemic Stroke
neurology_ischemic stroke_11	DISEASE	381	393	Hypertension
neurology_ischemic stroke_11	DISEASE	395	420	Type II Diabetes Mellitus
neurology_ischemic stroke_11	PROCEDURE	449	458	MRI Brain
neurology_ischemic stroke_11	PROCEDURE	460	476	Echocardiography
neurology_ischemic stroke_11	PROCEDURE	478	501	Mechanical Thrombectomy
neurology_ischemic stroke_11	MEDICATION	538	545	Aspirin
neurology_ischemic stroke_11	MEDICATION	565	576	Clopidogrel
neurology_ischemic stroke_11	MEDICATION	608	620	Atorvastatin
neurology_ischemic stroke_11	MEDICATION	642	651	Metformin
neurology_ischemic stroke_11	MEDICATION	678	688	Lisinopril
neurology_ischemic stroke_11	DISEASE	808	820	hypertension
neurology_ischemic stroke_11	DISEASE	825	850	type II diabetes mellitus
neurology_ischemic stroke_11	SYMPTOM	906	953	acute onset of right-sided weakness and aphasia
neurology_ischemic stroke_11	SYMPTOM	1096	1104	afebrile
neurology_ischemic stroke_11	PROCEDURE	1110	1141	initial bedside glucose testing
neurology_ischemic stroke_11	PROCEDURE	1176	1214	comprehensive neurological examination
neurology_ischemic stroke_11	PROCEDURE	1239	1289	National Institutes of Health Stroke Scale (NIHSS)
neurology_ischemic stroke_11	OBSERVATION	1314	1351	indicating a moderately severe stroke
neurology_ischemic stroke_11	PROCEDURE	1354	1389	Immediate neuroimaging with CT scan
neurology_ischemic stroke_11	PROCEDURE	1447	1480	Subsequent diffusion-weighted MRI
neurology_ischemic stroke_11	DISEASE	1491	1512	acute ischemic stroke
neurology_ischemic stroke_11	OBSERVATION	1559	1599	No significant hemorrhage was identified
neurology_ischemic stroke_11	PROCEDURE	1601	1618	ECG and telemetry
neurology_ischemic stroke_11	DISEASE	1629	1648	atrial fibrillation
neurology_ischemic stroke_11	PROCEDURE	1681	1702	Serum troponin levels
neurology_ischemic stroke_11	PROCEDURE	1730	1746	Echocardiography
neurology_ischemic stroke_11	DISEASE	1754	1777	left atrial enlargement
neurology_ischemic stroke_11	OBSERVATION	1810	1849	suggesting a cardiac source of embolism
neurology_ischemic stroke_11	PROCEDURE	1851	1876	Vascular imaging with MRA
neurology_ischemic stroke_11	OBSERVATION	1886	1918	no significant arterial stenosis
neurology_ischemic stroke_12	DISEASE	318	333	Ischemic Stroke
neurology_ischemic stroke_12	DISEASE	478	495	diabetes mellitus
neurology_ischemic stroke_12	SYMPTOM	551	609	acute onset of left-sided weakness and speech difficulties
neurology_ischemic stroke_12	SYMPTOM	771	799	irregularly irregular rhythm
neurology_ischemic stroke_12	PROCEDURE	944	977	Immediate bedside glucose testing
neurology_ischemic stroke_12	PROCEDURE	1011	1036	non-contrast head CT scan
neurology_ischemic stroke_12	OBSERVATION	1081	1114	showing no evidence of hemorrhage
neurology_ischemic stroke_12	SYMPTOM	1119	1173	early signs suggestive of right MCA territory ischemia
neurology_ischemic stroke_12	PROCEDURE	1175	1197	Diffusion-weighted MRI
neurology_ischemic stroke_12	PROCEDURE	1270	1300	Carotid duplex ultrasonography
neurology_ischemic stroke_12	PROCEDURE	1370	1398	comprehensive cardiac workup
neurology_ischemic stroke_12	PROCEDURE	1410	1413	ECG
neurology_ischemic stroke_12	PROCEDURE	1415	1424	telemetry
neurology_ischemic stroke_12	PROCEDURE	1426	1447	serum troponin levels
neurology_ischemic stroke_12	PROCEDURE	1453	1469	echocardiography
neurology_ischemic stroke_12	DISEASE	1481	1500	atrial fibrillation
neurology_ischemic stroke_12	PROCEDURE	1534	1549	Acute Treatment
neurology_ischemic stroke_12	MEDICATION	1675	1733	intravenous recombinant tissue plasminogen activator (tPA)
neurology_ischemic stroke_12	MEDICATION	1910	1930	IV antihypertensives
neurology_ischemic stroke_13	SYMPTOM	255	315	Sudden onset of right-sided weakness and difficulty speaking
neurology_ischemic stroke_13	SYMPTOM	540	554	slurred speech
neurology_ischemic stroke_13	DISEASE	749	761	Hypertension
neurology_ischemic stroke_13	DISEASE	766	790	Type 2 Diabetes Mellitus
neurology_ischemic stroke_13	DISEASE	795	809	Hyperlipidemia
neurology_ischemic stroke_13	MEDICATION	847	857	Lisinopril
neurology_ischemic stroke_13	MEDICATION	873	888	Metformin 500mg
neurology_ischemic stroke_13	MEDICATION	905	922	Atorvastatin 40mg
neurology_ischemic stroke_13	PROCEDURE	1025	1036	NIHSS score
neurology_ischemic stroke_13	SYMPTOM	1071	1095	moderate stroke severity
neurology_ischemic stroke_13	PROCEDURE	1101	1125	Neurological examination
neurology_ischemic stroke_13	SYMPTOM	1135	1142	aphasia
neurology_ischemic stroke_13	SYMPTOM	1144	1162	right facial droop
neurology_ischemic stroke_13	SYMPTOM	1168	1185	right hemiparesis
neurology_ischemic stroke_13	PROCEDURE	1226	1249	Bedside glucose testing
neurology_ischemic stroke_13	PROCEDURE	1282	1307	CT Brain without contrast
neurology_ischemic stroke_13	OBSERVATION	1331	1363	showed no evidence of hemorrhage
neurology_ischemic stroke_13	PROCEDURE	1452	1493	MRI Brain with diffusion-weighted imaging
neurology_ischemic stroke_13	OBSERVATION	1517	1564	confirmed acute ischemia in the left hemisphere
neurology_ischemic stroke_13	PROCEDURE	1570	1587	ECG and telemetry
neurology_ischemic stroke_13	DISEASE	1598	1617	atrial fibrillation
neurology_ischemic stroke_13	PROCEDURE	1651	1667	Echocardiography
neurology_ischemic stroke_13	DISEASE	1675	1698	left atrial enlargement
neurology_ischemic stroke_13	PROCEDURE	1704	1729	Vascular imaging with CTA
neurology_ischemic stroke_13	PROCEDURE	1793	1809	Laboratory tests
neurology_ischemic stroke_13	PROCEDURE	1901	1923	ongoing statin therapy
neurology_ischemic stroke_14	SYMPTOM	268	287	left-sided weakness
neurology_ischemic stroke_14	DISEASE	439	451	hypertension
neurology_ischemic stroke_14	DISEASE	456	480	type 2 diabetes mellitus
neurology_ischemic stroke_14	DISEASE	888	900	Hypertension
neurology_ischemic stroke_14	DISEASE	905	929	Type 2 diabetes mellitus
neurology_ischemic stroke_14	DISEASE	934	948	Hyperlipidemia
neurology_ischemic stroke_14	MEDICATION	986	996	Lisinopril
neurology_ischemic stroke_14	MEDICATION	1012	1028	Metformin 1000mg
neurology_ischemic stroke_14	MEDICATION	1045	1062	Atorvastatin 40mg
neurology_ischemic stroke_14	PROCEDURE	1221	1245	Neurological examination
neurology_ischemic stroke_14	OBSERVATION	1326	1342	notable findings
neurology_ischemic stroke_14	SYMPTOM	1353	1370	left facial droop
neurology_ischemic stroke_14	SYMPTOM	1372	1397	left arm and leg weakness
neurology_ischemic stroke_14	SYMPTOM	1403	1410	aphasia
neurology_ischemic stroke_14	PROCEDURE	1415	1443	Diagnostic Imaging and Tests
neurology_ischemic stroke_14	PROCEDURE	1453	1478	non-contrast head CT scan
neurology_ischemic stroke_14	OBSERVATION	1518	1543	no evidence of hemorrhage
neurology_ischemic stroke_14	PROCEDURE	1572	1592	thrombolytic therapy
neurology_ischemic stroke_14	PROCEDURE	1600	1635	diffusion-weighted MRI of the brain
neurology_ischemic stroke_14	SYMPTOM	1646	1660	acute ischemia
neurology_ischemic stroke_14	PROCEDURE	1712	1729	ECG and telemetry
neurology_ischemic stroke_14	PROCEDURE	1793	1807	Echocardiogram
neurology_ischemic stroke_14	OBSERVATION	1848	1880	without any clots or vegetations
neurology_ischemic stroke_14	PROCEDURE	1886	1911	Vascular imaging with CTA
neurology_ischemic stroke_14	DISEASE	1923	1961	right middle cerebral artery occlusion
neurology_ischemic stroke_14	PROCEDURE	1967	1992	Blood tests including CBC
neurology_ischemic stroke_15	SYMPTOM	393	452	acute onset of right-sided weakness and difficulty speaking
neurology_ischemic stroke_15	PROCEDURE	562	582	bedside glucose test
neurology_ischemic stroke_15	DISEASE	633	648	ischemic stroke
neurology_ischemic stroke_15	OBSERVATION	673	694	clinical presentation
neurology_ischemic stroke_15	OBSERVATION	699	718	Diagnostic Findings
neurology_ischemic stroke_15	PROCEDURE	824	856	non-contrast CT scan of the head
neurology_ischemic stroke_15	PROCEDURE	918	940	diffusion-weighted MRI
neurology_ischemic stroke_15	PROCEDURE	1034	1052	Cardiac Evaluation
neurology_ischemic stroke_15	PROCEDURE	1056	1059	ECG
neurology_ischemic stroke_15	PROCEDURE	1064	1073	telemetry
neurology_ischemic stroke_15	OBSERVATION	1081	1103	no acute abnormalities
neurology_ischemic stroke_15	PROCEDURE	1105	1126	Serum troponin levels
neurology_ischemic stroke_15	PROCEDURE	1157	1171	echocardiogram
neurology_ischemic stroke_15	DISEASE	1201	1221	cardioembolic stroke
neurology_ischemic stroke_15	PROCEDURE	1229	1245	Vascular Imaging
neurology_ischemic stroke_15	PROCEDURE	1249	1252	MRA
neurology_ischemic stroke_15	PROCEDURE	1332	1343	Blood Tests
neurology_ischemic stroke_15	PROCEDURE	1347	1350	CBC
neurology_ischemic stroke_15	PROCEDURE	1352	1367	metabolic panel
neurology_ischemic stroke_15	PROCEDURE	1369	1375	PT/PTT
neurology_ischemic stroke_15	PROCEDURE	1377	1392	fasting glucose
neurology_ischemic stroke_15	PROCEDURE	1394	1408	hemoglobin A1C
neurology_ischemic stroke_15	PROCEDURE	1414	1427	lipid profile
neurology_ischemic stroke_15	PROCEDURE	1534	1549	Acute Treatment
neurology_ischemic stroke_15	MEDICATION	1592	1632	recombinant tissue plasminogen activator
neurology_ischemic stroke_15	MEDICATION	1634	1637	tPA
neurology_ischemic stroke_15	MEDICATION	1758	1761	tPA
neurology_ischemic stroke_16	DISEASE	332	347	Ischemic stroke
neurology_ischemic stroke_16	DISEASE	375	387	Hypertension
neurology_ischemic stroke_16	DISEASE	389	403	Hyperlipidemia
neurology_ischemic stroke_16	DISEASE	506	518	hypertension
neurology_ischemic stroke_16	DISEASE	523	537	hyperlipidemia
neurology_ischemic stroke_16	SYMPTOM	623	643	right-sided weakness
neurology_ischemic stroke_16	SYMPTOM	648	667	difficulty speaking
neurology_ischemic stroke_16	SYMPTOM	763	771	afebrile
neurology_ischemic stroke_16	PROCEDURE	775	795	bedside glucose test
neurology_ischemic stroke_16	PROCEDURE	837	887	National Institutes of Health Stroke Scale (NIHSS)
neurology_ischemic stroke_16	PROCEDURE	1010	1032	Immediate neuroimaging
neurology_ischemic stroke_16	PROCEDURE	1040	1060	non-contrast CT scan
neurology_ischemic stroke_16	OBSERVATION	1088	1121	showing no evidence of hemorrhage
neurology_ischemic stroke_16	PROCEDURE	1207	1240	Subsequent diffusion-weighted MRI
neurology_ischemic stroke_16	PROCEDURE	1286	1303	ECG and telemetry
neurology_ischemic stroke_16	MEDICATION	1343	1364	serum troponin levels
neurology_ischemic stroke_16	PROCEDURE	1392	1406	echocardiogram
neurology_ischemic stroke_16	DISEASE	1452	1495	no thrombus or significant valvular disease
neurology_ischemic stroke_16	PROCEDURE	1497	1513	Vascular imaging
neurology_ischemic stroke_16	PROCEDURE	1525	1528	MRA
neurology_ischemic stroke_16	PROCEDURE	1533	1536	CTA
neurology_ischemic stroke_16	OBSERVATION	1587	1650	revealing moderate stenosis in the left internal carotid artery
neurology_ischemic stroke_16	PROCEDURE	1652	1663	Blood tests
neurology_ischemic stroke_16	PROCEDURE	1675	1678	CBC
neurology_ischemic stroke_16	PROCEDURE	1680	1695	metabolic panel
neurology_ischemic stroke_16	PROCEDURE	1697	1703	PT/PTT
neurology_ischemic stroke_16	PROCEDURE	1742	1755	lipid profile
neurology_ischemic stroke_16	DISEASE	1850	1865	ischemic stroke
neurology_ischemic stroke_17	SYMPTOM	400	426	acute right-sided weakness
neurology_ischemic stroke_17	SYMPTOM	431	438	aphasia
neurology_ischemic stroke_17	DISEASE	540	552	hypertension
neurology_ischemic stroke_17	DISEASE	554	568	hyperlipidemia
neurology_ischemic stroke_17	PROCEDURE	750	766	NIH Stroke Scale
neurology_ischemic stroke_17	OBSERVATION	782	792	scoring 15
neurology_ischemic stroke_17	PROCEDURE	834	871	Emergency neuroimaging with a CT scan
neurology_ischemic stroke_17	OBSERVATION	887	920	showing no evidence of hemorrhage
neurology_ischemic stroke_17	PROCEDURE	924	946	diffusion-weighted MRI
neurology_ischemic stroke_17	PROCEDURE	1034	1051	ECG and telemetry
neurology_ischemic stroke_17	DISEASE	1067	1086	atrial fibrillation
neurology_ischemic stroke_17	OBSERVATION	1098	1120	nonspecific ST changes
neurology_ischemic stroke_17	PROCEDURE	1122	1168	Duplex ultrasonography of the carotid arteries
neurology_ischemic stroke_17	PROCEDURE	1187	1198	Blood tests
neurology_ischemic stroke_17	PROCEDURE	1210	1213	CBC
neurology_ischemic stroke_17	PROCEDURE	1215	1230	metabolic panel
neurology_ischemic stroke_17	PROCEDURE	1232	1238	PT/PTT
neurology_ischemic stroke_17	PROCEDURE	1240	1255	fasting glucose
neurology_ischemic stroke_17	PROCEDURE	1257	1271	hemoglobin A1C
neurology_ischemic stroke_17	PROCEDURE	1277	1290	lipid profile
neurology_ischemic stroke_17	DISEASE	1329	1353	elevated LDL cholesterol
neurology_ischemic stroke_17	DISEASE	1437	1458	acute ischemic stroke
neurology_ischemic stroke_17	PROCEDURE	1463	1487	Treatment and Management
neurology_ischemic stroke_17	PROCEDURE	1493	1509	Acute Management
neurology_ischemic stroke_17	MEDICATION	1515	1555	Recombinant Tissue Plasminogen Activator
neurology_ischemic stroke_17	MEDICATION	1557	1560	tPA
neurology_ischemic stroke_17	MEDICATION	1582	1585	tPA
neurology_ischemic stroke_17	PROCEDURE	1752	1777	Blood Pressure Management
neurology_ischemic stroke_18	SYMPTOM	440	459	left-sided weakness
neurology_ischemic stroke_18	SYMPTOM	464	483	difficulty speaking
neurology_ischemic stroke_18	DISEASE	563	575	Hypertension
neurology_ischemic stroke_18	DISEASE	580	604	Type 2 Diabetes Mellitus
neurology_ischemic stroke_18	DISEASE	609	624	Previous Stroke
neurology_ischemic stroke_18	MEDICATION	698	708	Lisinopril
neurology_ischemic stroke_18	MEDICATION	725	734	Metformin
neurology_ischemic stroke_18	MEDICATION	758	765	Aspirin
neurology_ischemic stroke_18	PROCEDURE	866	877	NIHSS Score
neurology_ischemic stroke_18	SYMPTOM	926	945	Left-sided weakness
neurology_ischemic stroke_18	SYMPTOM	947	959	facial droop
neurology_ischemic stroke_18	SYMPTOM	965	972	aphasia
neurology_ischemic stroke_18	PROCEDURE	1008	1030	Immediate head CT scan
neurology_ischemic stroke_18	OBSERVATION	1041	1054	no hemorrhage
neurology_ischemic stroke_18	DISEASE	1067	1082	ischemic stroke
neurology_ischemic stroke_18	PROCEDURE	1088	1123	MRI with diffusion-weighted imaging
neurology_ischemic stroke_18	SYMPTOM	1157	1171	acute ischemia
neurology_ischemic stroke_18	PROCEDURE	1230	1233	ECG
neurology_ischemic stroke_18	DISEASE	1241	1260	atrial fibrillation
neurology_ischemic stroke_18	PROCEDURE	1266	1280	Holter monitor
neurology_ischemic stroke_18	DISEASE	1303	1322	atrial fibrillation
neurology_ischemic stroke_18	PROCEDURE	1328	1371	Duplex ultrasonography of the neck arteries
neurology_ischemic stroke_18	DISEASE	1381	1430	50% stenosis of the right internal carotid artery
neurology_ischemic stroke_18	PROCEDURE	1436	1447	Blood tests
neurology_ischemic stroke_18	DISEASE	1457	1481	elevated fasting glucose
neurology_ischemic stroke_18	OBSERVATION	1502	1522	normal lipid profile
neurology_ischemic stroke_18	DISEASE	1566	1581	ischemic stroke
neurology_ischemic stroke_18	PROCEDURE	1612	1670	intravenous recombinant tissue plasminogen activator (tPA)
neurology_ischemic stroke_19	DISEASE	369	381	Hypertension
neurology_ischemic stroke_19	DISEASE	383	402	Atrial Fibrillation
neurology_ischemic stroke_19	DISEASE	503	515	hypertension
neurology_ischemic stroke_19	DISEASE	536	555	atrial fibrillation
neurology_ischemic stroke_19	SYMPTOM	642	686	right-sided weakness and difficulty speaking
neurology_ischemic stroke_19	OBSERVATION	848	865	Clinical Findings
neurology_ischemic stroke_19	OBSERVATION	932	966	heart rate was irregular at 98 bpm
neurology_ischemic stroke_19	SYMPTOM	972	987	he was afebrile
neurology_ischemic stroke_19	PROCEDURE	993	1017	neurological examination
neurology_ischemic stroke_19	OBSERVATION	1090	1118	indicating a moderate stroke
neurology_ischemic stroke_19	PROCEDURE	1120	1143	Bedside glucose testing
neurology_ischemic stroke_19	PROCEDURE	1223	1242	urgent head CT scan
neurology_ischemic stroke_19	OBSERVATION	1280	1321	showing no signs of intracranial bleeding
neurology_ischemic stroke_19	PROCEDURE	1398	1420	diffusion-weighted MRI
neurology_ischemic stroke_19	PROCEDURE	1493	1511	Cardiac Evaluation
neurology_ischemic stroke_19	PROCEDURE	1515	1532	ECG and telemetry
neurology_ischemic stroke_19	DISEASE	1542	1561	atrial fibrillation
neurology_ischemic stroke_19	MEDICATION	1563	1584	Serum troponin levels
neurology_ischemic stroke_19	PROCEDURE	1615	1629	echocardiogram
neurology_ischemic stroke_19	DISEASE	1637	1660	left atrial enlargement
neurology_ischemic stroke_19	PROCEDURE	1703	1719	Vascular Imaging
neurology_ischemic stroke_19	PROCEDURE	1723	1747	CTA of the head and neck
neurology_ischemic stroke_19	OBSERVATION	1763	1831	revealing a significant stenosis in the left internal carotid artery
neurology_ischemic stroke_19	PROCEDURE	1833	1879	Duplex ultrasonography of the carotid arteries
neurology_ischemic stroke_19	PROCEDURE	1910	1921	Blood Tests
neurology_ischemic stroke_19	PROCEDURE	1925	1928	CBC
neurology_ischemic stroke_19	PROCEDURE	1930	1945	metabolic panel
neurology_ischemic stroke_2	DISEASE	272	287	Ischemic Stroke
neurology_ischemic stroke_2	SYMPTOM	456	476	right-sided weakness
neurology_ischemic stroke_2	SYMPTOM	481	500	difficulty speaking
neurology_ischemic stroke_2	DISEASE	590	602	hypertension
neurology_ischemic stroke_2	DISEASE	607	631	type 2 diabetes mellitus
neurology_ischemic stroke_2	SYMPTOM	940	969	The patient exhibited aphasia
neurology_ischemic stroke_2	SYMPTOM	971	989	right facial droop
neurology_ischemic stroke_2	SYMPTOM	995	1012	right hemiparesis
neurology_ischemic stroke_2	PROCEDURE	1045	1057	Neuroimaging
neurology_ischemic stroke_2	PROCEDURE	1061	1083	A non-contrast head CT
neurology_ischemic stroke_2	OBSERVATION	1124	1159	revealing no evidence of hemorrhage
neurology_ischemic stroke_2	PROCEDURE	1174	1209	MRI with diffusion-weighted imaging
neurology_ischemic stroke_2	DISEASE	1220	1275	acute left middle cerebral artery (MCA) ischemic stroke
neurology_ischemic stroke_2	PROCEDURE	1282	1300	Cardiac Evaluation
neurology_ischemic stroke_2	PROCEDURE	1307	1310	ECG
neurology_ischemic stroke_2	OBSERVATION	1338	1380	without evidence of acute ischemic changes
neurology_ischemic stroke_2	PROCEDURE	1382	1402	Telemetry monitoring
neurology_ischemic stroke_2	PROCEDURE	1435	1456	Serum troponin levels
neurology_ischemic stroke_2	PROCEDURE	1487	1501	echocardiogram
neurology_ischemic stroke_2	PROCEDURE	1565	1581	Vascular Imaging
neurology_ischemic stroke_2	PROCEDURE	1585	1609	CTA of the head and neck
neurology_ischemic stroke_2	OBSERVATION	1625	1671	revealing no significant stenosis or occlusion
neurology_ischemic stroke_2	PROCEDURE	1725	1741	Laboratory Tests
neurology_ischemic stroke_2	PROCEDURE	1745	1748	CBC
neurology_ischemic stroke_2	PROCEDURE	1750	1765	metabolic panel
neurology_ischemic stroke_2	PROCEDURE	1767	1773	PT/PTT
neurology_ischemic stroke_2	PROCEDURE	1812	1825	lipid profile
neurology_ischemic stroke_20	DISEASE	223	238	Ischemic Stroke
neurology_ischemic stroke_20	SYMPTOM	357	426	symptoms of sudden onset right-sided weakness and difficulty speaking
neurology_ischemic stroke_20	SYMPTOM	616	624	symptoms
neurology_ischemic stroke_20	PROCEDURE	626	680	The National Institutes of Health Stroke Scale (NIHSS)
neurology_ischemic stroke_20	PROCEDURE	765	802	Immediate neuroimaging with a CT scan
neurology_ischemic stroke_20	OBSERVATION	818	851	showing no evidence of hemorrhage
neurology_ischemic stroke_20	PROCEDURE	881	915	further ischemic stroke management
neurology_ischemic stroke_20	PROCEDURE	919	952	subsequent diffusion-weighted MRI
neurology_ischemic stroke_20	PROCEDURE	1034	1052	Cardiac evaluation
neurology_ischemic stroke_20	PROCEDURE	1065	1068	ECG
neurology_ischemic stroke_20	PROCEDURE	1073	1082	telemetry
neurology_ischemic stroke_20	DISEASE	1099	1118	atrial fibrillation
neurology_ischemic stroke_20	DISEASE	1142	1156	embolic stroke
neurology_ischemic stroke_20	PROCEDURE	1158	1179	Serum troponin levels
neurology_ischemic stroke_20	PROCEDURE	1211	1227	echocardiography
neurology_ischemic stroke_20	PROCEDURE	1286	1311	Vascular imaging with CTA
neurology_ischemic stroke_20	DISEASE	1325	1337	70% stenosis
neurology_ischemic stroke_20	PROCEDURE	1386	1411	comprehensive blood panel
neurology_ischemic stroke_20	PROCEDURE	1423	1426	CBC
neurology_ischemic stroke_20	PROCEDURE	1428	1443	metabolic panel
neurology_ischemic stroke_20	PROCEDURE	1445	1451	PT/PTT
neurology_ischemic stroke_20	PROCEDURE	1453	1468	fasting glucose
neurology_ischemic stroke_20	PROCEDURE	1470	1484	hemoglobin A1C
neurology_ischemic stroke_20	PROCEDURE	1490	1503	lipid profile
neurology_ischemic stroke_20	MEDICATION	1680	1729	IV recombinant tissue plasminogen activator (tPA)
neurology_ischemic stroke_21	SYMPTOM	353	412	Sudden onset of left-sided weakness and difficulty speaking
neurology_ischemic stroke_21	PROCEDURE	885	896	NIHSS score
neurology_ischemic stroke_21	SYMPTOM	1024	1051	Notable left-sided weakness
neurology_ischemic stroke_21	SYMPTOM	1053	1071	expressive aphasia
neurology_ischemic stroke_21	OBSERVATION	1090	1104	Regular rhythm
neurology_ischemic stroke_21	OBSERVATION	1106	1116	no murmurs
neurology_ischemic stroke_21	OBSERVATION	1119	1145	Other systems unremarkable
neurology_ischemic stroke_21	PROCEDURE	1172	1179	CT head
neurology_ischemic stroke_21	OBSERVATION	1202	1227	No evidence of hemorrhage
neurology_ischemic stroke_21	SYMPTOM	1229	1287	early signs of right MCA (Middle Cerebral Artery) ischemia
neurology_ischemic stroke_21	PROCEDURE	1291	1326	MRI with diffusion-weighted imaging
neurology_ischemic stroke_21	DISEASE	1359	1380	acute ischemic stroke
neurology_ischemic stroke_21	PROCEDURE	1411	1428	ECG and telemetry
neurology_ischemic stroke_21	DISEASE	1430	1456	Showed atrial fibrillation
neurology_ischemic stroke_21	PROCEDURE	1460	1476	Echocardiography
neurology_ischemic stroke_21	DISEASE	1478	1496	Normal LV function
neurology_ischemic stroke_21	OBSERVATION	1498	1506	no clots
neurology_ischemic stroke_21	PROCEDURE	1510	1532	Vascular imaging (CTA)
neurology_ischemic stroke_21	DISEASE	1534	1592	Revealed 70% stenosis in the right internal carotid artery
neurology_ischemic stroke_21	PROCEDURE	1596	1607	Blood tests
neurology_ischemic stroke_21	DISEASE	1609	1629	Elevated cholesterol
neurology_ischemic stroke_21	DISEASE	1631	1641	normal CBC
neurology_ischemic stroke_21	PROCEDURE	1643	1649	PT/PTT
neurology_ischemic stroke_21	DISEASE	1672	1696	elevated fasting glucose
neurology_ischemic stroke_21	PROCEDURE	1745	1769	Management and Treatment
neurology_ischemic stroke_21	MEDICATION	1790	1796	IV tPA
neurology_ischemic stroke_22	DISEASE	496	508	hypertension
neurology_ischemic stroke_22	DISEASE	513	527	hyperlipidemia
neurology_ischemic stroke_22	SYMPTOM	640	658	slurring his words
neurology_ischemic stroke_22	PROCEDURE	1037	1054	neurological exam
neurology_ischemic stroke_22	SYMPTOM	1163	1175	facial droop
neurology_ischemic stroke_22	SYMPTOM	1181	1188	aphasia
neurology_ischemic stroke_22	PROCEDURE	1190	1213	Bedside glucose testing
neurology_ischemic stroke_22	PROCEDURE	1281	1288	Imaging
neurology_ischemic stroke_22	PROCEDURE	1295	1334	urgent non-contrast CT scan of the head
neurology_ischemic stroke_22	OBSERVATION	1350	1383	showing no evidence of hemorrhage
neurology_ischemic stroke_22	PROCEDURE	1391	1413	diffusion-weighted MRI
neurology_ischemic stroke_22	PROCEDURE	1491	1509	Cardiac Evaluation
neurology_ischemic stroke_22	PROCEDURE	1513	1516	ECG
neurology_ischemic stroke_22	PROCEDURE	1521	1530	telemetry
neurology_ischemic stroke_22	PROCEDURE	1615	1636	Serum troponin levels
neurology_ischemic stroke_22	PROCEDURE	1667	1681	echocardiogram
neurology_ischemic stroke_22	PROCEDURE	1743	1759	Vascular Imaging
neurology_ischemic stroke_22	PROCEDURE	1763	1778	CTA of the head
neurology_ischemic stroke_23	SYMPTOM	336	368	right-sided weakness and aphasia
neurology_ischemic stroke_23	DISEASE	447	462	ischemic stroke
neurology_ischemic stroke_23	DISEASE	531	543	Hypertension
neurology_ischemic stroke_23	DISEASE	548	572	Type 2 diabetes mellitus
neurology_ischemic stroke_23	DISEASE	577	617	Previous transient ischemic attack (TIA)
neurology_ischemic stroke_23	MEDICATION	667	677	Lisinopril
neurology_ischemic stroke_23	MEDICATION	694	722	Metformin 500 mg twice daily
neurology_ischemic stroke_23	PROCEDURE	857	881	neurological examination
neurology_ischemic stroke_23	PROCEDURE	892	897	NIHSS
neurology_ischemic stroke_23	PROCEDURE	953	990	Immediate neuroimaging with a CT scan
neurology_ischemic stroke_23	OBSERVATION	1006	1036	showing no signs of hemorrhage
neurology_ischemic stroke_23	PROCEDURE	1040	1072	follow-up diffusion-weighted MRI
neurology_ischemic stroke_23	PROCEDURE	1294	1314	thrombolytic therapy
neurology_ischemic stroke_23	MEDICATION	1373	1422	IV recombinant tissue plasminogen activator (tPA)
neurology_ischemic stroke_23	PROCEDURE	1598	1616	Cardiac evaluation
neurology_ischemic stroke_23	PROCEDURE	1626	1629	ECG
neurology_ischemic stroke_23	PROCEDURE	1634	1659	24-hour Holter monitoring
neurology_ischemic stroke_23	DISEASE	1676	1695	atrial fibrillation
neurology_ischemic stroke_23	PROCEDURE	1697	1712	Serum troponins
neurology_ischemic stroke_23	PROCEDURE	1744	1760	echocardiography
neurology_ischemic stroke_23	OBSERVATION	1770	1794	normal ejection fraction
neurology_ischemic stroke_23	OBSERVATION	1800	1824	no intracardiac thrombus
neurology_ischemic stroke_23	PROCEDURE	1826	1851	Vascular imaging with CTA
neurology_ischemic stroke_23	OBSERVATION	1866	1906	absence of significant arterial stenosis
neurology_ischemic stroke_23	PROCEDURE	1909	1919	Blood work
neurology_ischemic stroke_23	DISEASE	1976	2002	poorly controlled diabetes
neurology_ischemic stroke_23	DISEASE	2040	2054	hyperlipidemia
neurology_ischemic stroke_23	SYMPTOM	5131	5163	right-sided weakness and aphasia
neurology_ischemic stroke_23	DISEASE	5242	5257	ischemic stroke
neurology_ischemic stroke_23	DISEASE	5326	5338	Hypertension
neurology_ischemic stroke_23	DISEASE	5343	5367	Type 2 diabetes mellitus
neurology_ischemic stroke_23	DISEASE	5372	5412	Previous transient ischemic attack (TIA)
neurology_ischemic stroke_23	MEDICATION	5462	5472	Lisinopril
neurology_ischemic stroke_23	MEDICATION	5489	5517	Metformin 500 mg twice daily
neurology_ischemic stroke_23	PROCEDURE	5652	5676	neurological examination
neurology_ischemic stroke_23	PROCEDURE	5687	5692	NIHSS
neurology_ischemic stroke_23	PROCEDURE	5748	5785	Immediate neuroimaging with a CT scan
neurology_ischemic stroke_23	OBSERVATION	5801	5831	showing no signs of hemorrhage
neurology_ischemic stroke_23	PROCEDURE	5835	5867	follow-up diffusion-weighted MRI
neurology_ischemic stroke_23	PROCEDURE	6089	6109	thrombolytic therapy
neurology_ischemic stroke_23	MEDICATION	6168	6217	IV recombinant tissue plasminogen activator (tPA)
neurology_ischemic stroke_23	PROCEDURE	6393	6411	Cardiac evaluation
neurology_ischemic stroke_23	PROCEDURE	6421	6424	ECG
neurology_ischemic stroke_23	PROCEDURE	6429	6454	24-hour Holter monitoring
neurology_ischemic stroke_23	DISEASE	6471	6490	atrial fibrillation
neurology_ischemic stroke_23	PROCEDURE	6492	6507	Serum troponins
neurology_ischemic stroke_23	PROCEDURE	6539	6555	echocardiography
neurology_ischemic stroke_23	OBSERVATION	6565	6589	normal ejection fraction
neurology_ischemic stroke_23	OBSERVATION	6595	6619	no intracardiac thrombus
neurology_ischemic stroke_23	PROCEDURE	6621	6646	Vascular imaging with CTA
neurology_ischemic stroke_23	OBSERVATION	6661	6701	absence of significant arterial stenosis
neurology_ischemic stroke_23	PROCEDURE	6704	6714	Blood work
neurology_ischemic stroke_23	DISEASE	6771	6797	poorly controlled diabetes
neurology_ischemic stroke_23	DISEASE	6835	6849	hyperlipidemia
neurology_ischemic stroke_24	DISEASE	293	308	Ischemic Stroke
neurology_ischemic stroke_24	SYMPTOM	429	454	acute left-sided weakness
neurology_ischemic stroke_24	SYMPTOM	459	478	difficulty speaking
neurology_ischemic stroke_24	DISEASE	590	602	hypertension
neurology_ischemic stroke_24	DISEASE	604	628	type 2 diabetes mellitus
neurology_ischemic stroke_24	DISEASE	634	648	hyperlipidemia
neurology_ischemic stroke_24	PROCEDURE	796	807	NIHSS score
neurology_ischemic stroke_24	PROCEDURE	846	869	Bedside glucose testing
neurology_ischemic stroke_24	PROCEDURE	901	926	non-contrast head CT scan
neurology_ischemic stroke_24	OBSERVATION	954	987	showing no evidence of hemorrhage
neurology_ischemic stroke_24	DISEASE	992	1035	suspicious areas for early ischemic changes
neurology_ischemic stroke_24	PROCEDURE	1089	1124	MRI with diffusion-weighted imaging
neurology_ischemic stroke_24	MEDICATION	1291	1334	IV recombinant tissue plasminogen activator
neurology_ischemic stroke_24	MEDICATION	1336	1339	tPA
neurology_ischemic stroke_24	MEDICATION	1615	1618	tPA
neurology_ischemic stroke_24	PROCEDURE	1636	1654	Cardiac evaluation
neurology_ischemic stroke_24	PROCEDURE	1665	1668	ECG
neurology_ischemic stroke_24	PROCEDURE	1670	1679	telemetry
neurology_ischemic stroke_24	PROCEDURE	1681	1695	serum troponin
neurology_ischemic stroke_24	PROCEDURE	1701	1717	echocardiography
neurology_ischemic stroke_24	PROCEDURE	1769	1821	Vascular imaging with CTA and duplex ultrasonography
neurology_ischemic stroke_25	SYMPTOM	343	369	acute right-sided weakness
neurology_ischemic stroke_25	SYMPTOM	374	394	difficulty in speech
neurology_ischemic stroke_25	DISEASE	520	532	Hypertension
neurology_ischemic stroke_25	MEDICATION	547	557	Lisinopril
neurology_ischemic stroke_25	DISEASE	572	596	Type 2 Diabetes Mellitus
neurology_ischemic stroke_25	MEDICATION	611	627	Metformin 500 mg
neurology_ischemic stroke_25	PROCEDURE	784	795	NIHSS score
neurology_ischemic stroke_25	PROCEDURE	845	869	Neurological examination
neurology_ischemic stroke_25	PROCEDURE	918	941	Bedside glucose testing
neurology_ischemic stroke_25	PROCEDURE	1006	1025	CT scan of the head
neurology_ischemic stroke_25	OBSERVATION	1050	1075	no evidence of hemorrhage
neurology_ischemic stroke_25	DISEASE	1105	1120	ischemic stroke
neurology_ischemic stroke_25	PROCEDURE	1124	1159	Diffusion-weighted MRI of the brain
neurology_ischemic stroke_25	OBSERVATION	1200	1223	early signs of ischemia
neurology_ischemic stroke_25	PROCEDURE	1272	1302	Carotid duplex ultrasonography
neurology_ischemic stroke_25	PROCEDURE	1370	1373	ECG
neurology_ischemic stroke_25	PROCEDURE	1378	1394	echocardiography
neurology_ischemic stroke_25	OBSERVATION	1402	1425	normal cardiac function
neurology_ischemic stroke_25	OBSERVATION	1431	1493	no evidence of atrial fibrillation or cardiac source of emboli
neurology_ischemic stroke_25	PROCEDURE	1497	1508	Blood tests
neurology_ischemic stroke_25	PROCEDURE	1510	1513	CBC
neurology_ischemic stroke_25	PROCEDURE	1515	1530	metabolic panel
neurology_ischemic stroke_25	PROCEDURE	1532	1538	PT/PTT
neurology_ischemic stroke_25	PROCEDURE	1596	1609	lipid profile
neurology_ischemic stroke_25	PROCEDURE	1717	1733	Acute Management
neurology_ischemic stroke_25	PROCEDURE	1742	1791	IV recombinant tissue plasminogen activator (tPA)
neurology_ischemic stroke_26	SYMPTOM	254	274	right-sided weakness
neurology_ischemic stroke_26	SYMPTOM	446	466	right-sided weakness
neurology_ischemic stroke_26	SYMPTOM	471	478	aphasia
neurology_ischemic stroke_26	DISEASE	700	712	hypertension
neurology_ischemic stroke_26	DISEASE	717	731	hyperlipidemia
neurology_ischemic stroke_26	DISEASE	762	774	Hypertension
neurology_ischemic stroke_26	DISEASE	777	791	Hyperlipidemia
neurology_ischemic stroke_26	MEDICATION	825	835	Lisinopril
neurology_ischemic stroke_26	MEDICATION	850	862	Atorvastatin
neurology_ischemic stroke_26	PROCEDURE	921	941	Physical Examination
neurology_ischemic stroke_26	PROCEDURE	1044	1068	Neurological examination
neurology_ischemic stroke_26	SYMPTOM	1078	1085	aphasia
neurology_ischemic stroke_26	SYMPTOM	1087	1105	right facial droop
neurology_ischemic stroke_26	SYMPTOM	1111	1128	right hemiparesis
neurology_ischemic stroke_26	PROCEDURE	1130	1180	National Institutes of Health Stroke Scale (NIHSS)
neurology_ischemic stroke_26	OBSERVATION	1202	1221	Diagnostic Findings
neurology_ischemic stroke_26	PROCEDURE	1227	1264	Immediate non-contrast CT of the head
neurology_ischemic stroke_26	OBSERVATION	1272	1297	no evidence of hemorrhage
neurology_ischemic stroke_26	PROCEDURE	1301	1336	Diffusion-weighted MRI of the brain
neurology_ischemic stroke_26	PROCEDURE	1406	1436	Carotid duplex ultrasonography
neurology_ischemic stroke_26	PROCEDURE	1513	1530	ECG and telemetry
neurology_ischemic stroke_26	OBSERVATION	1538	1557	normal sinus rhythm
neurology_ischemic stroke_26	OBSERVATION	1563	1597	no evidence of atrial fibrillation
neurology_ischemic stroke_26	PROCEDURE	1601	1615	Echocardiogram
neurology_ischemic stroke_26	OBSERVATION	1623	1655	normal left ventricular function
neurology_ischemic stroke_26	DISEASE	1661	1679	no cardiac thrombi
neurology_ischemic stroke_26	PROCEDURE	1683	1694	Blood tests
neurology_ischemic stroke_26	PROCEDURE	1696	1699	CBC
neurology_ischemic stroke_26	PROCEDURE	1701	1716	metabolic panel
neurology_ischemic stroke_26	PROCEDURE	1718	1724	PT/PTT
neurology_ischemic stroke_26	PROCEDURE	1763	1776	lipid profile
neurology_ischemic stroke_27	DISEASE	245	260	Ischemic stroke
neurology_ischemic stroke_27	SYMPTOM	372	406	acute onset of left-sided weakness
neurology_ischemic stroke_27	SYMPTOM	411	425	slurred speech
neurology_ischemic stroke_27	SYMPTOM	567	575	afebrile
neurology_ischemic stroke_27	DISEASE	631	643	hypertension
neurology_ischemic stroke_27	DISEASE	645	659	hyperlipidemia
neurology_ischemic stroke_27	DISEASE	665	689	type 2 diabetes mellitus
neurology_ischemic stroke_27	PROCEDURE	723	747	Neurological Examination
neurology_ischemic stroke_27	PROCEDURE	771	782	NIHSS score
neurology_ischemic stroke_27	PROCEDURE	860	885	non-contrast head CT scan
neurology_ischemic stroke_27	OBSERVATION	916	941	no evidence of hemorrhage
neurology_ischemic stroke_27	PROCEDURE	956	991	MRI with diffusion-weighted imaging
neurology_ischemic stroke_27	PROCEDURE	1089	1107	Cardiac Evaluation
neurology_ischemic stroke_27	PROCEDURE	1111	1114	ECG
neurology_ischemic stroke_27	PROCEDURE	1119	1128	telemetry
neurology_ischemic stroke_27	PROCEDURE	1168	1189	Serum troponin levels
neurology_ischemic stroke_27	PROCEDURE	1220	1234	echocardiogram
neurology_ischemic stroke_27	OBSERVATION	1242	1274	normal left ventricular function
neurology_ischemic stroke_27	DISEASE	1283	1305	valvular abnormalities
neurology_ischemic stroke_27	PROCEDURE	1313	1329	Vascular Imaging
neurology_ischemic stroke_27	PROCEDURE	1333	1357	CTA of the head and neck
neurology_ischemic stroke_27	PROCEDURE	1424	1440	Laboratory Tests
neurology_ischemic stroke_27	PROCEDURE	1444	1447	CBC
neurology_ischemic stroke_27	PROCEDURE	1449	1464	metabolic panel
neurology_ischemic stroke_27	PROCEDURE	1466	1472	PT/PTT
neurology_ischemic stroke_27	PROCEDURE	1474	1489	fasting glucose
neurology_ischemic stroke_27	PROCEDURE	1511	1524	lipid profile
neurology_ischemic stroke_27	PROCEDURE	1632	1648	Acute Management
neurology_ischemic stroke_27	PROCEDURE	1652	1672	Immediate management
neurology_ischemic stroke_27	MEDICATION	1716	1728	IV Labetalol
neurology_ischemic stroke_27	PROCEDURE	1800	1820	thrombolytic therapy
neurology_ischemic stroke_27	MEDICATION	1839	1888	IV recombinant tissue plasminogen activator (tPA)
neurology_ischemic stroke_28	SYMPTOM	449	483	acute onset of left-sided weakness
neurology_ischemic stroke_28	SYMPTOM	488	502	slurred speech
neurology_ischemic stroke_28	DISEASE	845	857	hypertension
neurology_ischemic stroke_28	DISEASE	862	886	type 2 diabetes mellitus
neurology_ischemic stroke_28	PROCEDURE	1056	1080	Neurological examination
neurology_ischemic stroke_28	OBSERVATION	1166	1194	indicating moderate severity
neurology_ischemic stroke_28	PROCEDURE	1196	1229	Immediate bedside glucose testing
neurology_ischemic stroke_28	DISEASE	1240	1253	hyperglycemia
neurology_ischemic stroke_28	PROCEDURE	1258	1275	Diagnostic Workup
neurology_ischemic stroke_28	PROCEDURE	1285	1297	Neuroimaging
neurology_ischemic stroke_28	PROCEDURE	1303	1335	non-contrast CT scan of the head
neurology_ischemic stroke_28	OBSERVATION	1360	1393	showing no evidence of hemorrhage
neurology_ischemic stroke_28	PROCEDURE	1442	1488	Subsequent MRI with diffusion-weighted imaging
neurology_ischemic stroke_28	PROCEDURE	1565	1583	Cardiac Evaluation
neurology_ischemic stroke_28	PROCEDURE	1587	1604	ECG and telemetry
neurology_ischemic stroke_28	DISEASE	1615	1634	atrial fibrillation
neurology_ischemic stroke_28	OBSERVATION	1667	1714	Serum troponin levels were within normal limits
neurology_ischemic stroke_28	PROCEDURE	1716	1732	Echocardiography
neurology_ischemic stroke_28	PROCEDURE	1783	1799	Vascular Imaging
neurology_ischemic stroke_29	PROCEDURE	275	284	Treatment
neurology_ischemic stroke_29	DISEASE	363	375	hypertension
neurology_ischemic stroke_29	DISEASE	380	395	type 2 diabetes
neurology_ischemic stroke_29	SYMPTOM	482	525	left-sided weakness and difficulty speaking
neurology_ischemic stroke_29	PROCEDURE	648	671	bedside glucose testing
neurology_ischemic stroke_29	PROCEDURE	701	755	The National Institutes of Health Stroke Scale (NIHSS)
neurology_ischemic stroke_29	PROCEDURE	822	859	Immediate neuroimaging with a CT scan
neurology_ischemic stroke_29	OBSERVATION	897	946	which confirmed the absence of hemorrhagic stroke
neurology_ischemic stroke_29	SYMPTOM	958	1008	early signs of ischemia in the right MCA territory
neurology_ischemic stroke_29	PROCEDURE	1026	1048	diffusion-weighted MRI
neurology_ischemic stroke_29	PROCEDURE	1105	1124	Cardiac evaluations
neurology_ischemic stroke_29	PROCEDURE	1135	1138	ECG
neurology_ischemic stroke_29	PROCEDURE	1140	1149	telemetry
neurology_ischemic stroke_29	PROCEDURE	1151	1172	serum troponin levels
neurology_ischemic stroke_29	PROCEDURE	1178	1194	echocardiography
neurology_ischemic stroke_29	PROCEDURE	1343	1376	Vascular imaging with CTA and MRA
neurology_ischemic stroke_29	OBSERVATION	1392	1456	revealing moderate stenosis in the right internal carotid artery
neurology_ischemic stroke_29	SYMPTOM	1458	1510	which was deemed responsible for the ischemic stroke
neurology_ischemic stroke_29	PROCEDURE	1512	1555	Duplex ultrasonography of the neck arteries
neurology_ischemic stroke_29	PROCEDURE	1582	1593	Blood tests
neurology_ischemic stroke_29	PROCEDURE	1604	1607	CBC
neurology_ischemic stroke_29	PROCEDURE	1609	1624	metabolic panel
neurology_ischemic stroke_29	PROCEDURE	1626	1632	PT/PTT
neurology_ischemic stroke_29	PROCEDURE	1634	1649	fasting glucose
neurology_ischemic stroke_29	PROCEDURE	1651	1665	hemoglobin A1C
neurology_ischemic stroke_29	PROCEDURE	1671	1684	lipid profile
neurology_ischemic stroke_29	DISEASE	1748	1760	hypertension
neurology_ischemic stroke_29	DISEASE	1765	1773	diabetes
neurology_ischemic stroke_29	PROCEDURE	1876	1885	treatment
neurology_ischemic stroke_29	MEDICATION	1891	1940	IV recombinant tissue plasminogen activator (tPA)
neurology_ischemic stroke_3	SYMPTOM	417	448	acute onset left-sided weakness
neurology_ischemic stroke_3	SYMPTOM	453	467	slurred speech
neurology_ischemic stroke_3	DISEASE	565	577	hypertension
neurology_ischemic stroke_3	DISEASE	579	603	type 2 diabetes mellitus
neurology_ischemic stroke_3	DISEASE	609	623	hyperlipidemia
neurology_ischemic stroke_3	PROCEDURE	700	723	bedside glucose testing
neurology_ischemic stroke_3	PROCEDURE	764	787	stat neuroimaging study
neurology_ischemic stroke_3	OBSERVATION	813	849	no evidence of hemorrhage on CT scan
neurology_ischemic stroke_3	PROCEDURE	855	877	diffusion-weighted MRI
neurology_ischemic stroke_3	MEDICATION	1201	1259	intravenous recombinant tissue plasminogen activator (tPA)
neurology_ischemic stroke_3	MEDICATION	1443	1463	IV antihypertensives
neurology_ischemic stroke_3	PROCEDURE	1589	1592	ECG
neurology_ischemic stroke_3	OBSERVATION	1607	1626	normal sinus rhythm
neurology_ischemic stroke_3	PROCEDURE	1628	1637	telemetry
neurology_ischemic stroke_3	PROCEDURE	1665	1679	serum troponin
neurology_ischemic stroke_3	PROCEDURE	1719	1733	echocardiogram
neurology_ischemic stroke_3	OBSERVATION	1746	1773	preserved ejection fraction
neurology_ischemic stroke_3	PROCEDURE	1816	1841	Vascular imaging with CTA
neurology_ischemic stroke_3	DISEASE	1851	1879	mild atherosclerotic changes
neurology_ischemic stroke_3	MEDICATION	1978	1992	aspirin 325 mg
neurology_ischemic stroke_3	DISEASE	2070	2084	hyperlipidemia
neurology_ischemic stroke_3	PROCEDURE	2086	2111	dual antiplatelet therapy
neurology_ischemic stroke_30	SYMPTOM	319	366	symptoms suggestive of an acute ischemic stroke
neurology_ischemic stroke_30	SYMPTOM	378	413	sudden onset of left-sided weakness
neurology_ischemic stroke_30	SYMPTOM	418	437	speech difficulties
neurology_ischemic stroke_30	DISEASE	489	501	hypertension
neurology_ischemic stroke_30	DISEASE	506	530	type 2 diabetes mellitus
neurology_ischemic stroke_30	PROCEDURE	610	634	neurological examination
neurology_ischemic stroke_30	PROCEDURE	749	772	Bedside glucose testing
neurology_ischemic stroke_30	PROCEDURE	826	848	Emergency neuroimaging
neurology_ischemic stroke_30	PROCEDURE	856	875	CT scan of the head
neurology_ischemic stroke_30	OBSERVATION	918	963	which did not show any evidence of hemorrhage
neurology_ischemic stroke_30	PROCEDURE	965	998	Subsequent diffusion-weighted MRI
neurology_ischemic stroke_30	DISEASE	1029	1050	acute ischemic stroke
neurology_ischemic stroke_30	PROCEDURE	1099	1118	Cardiac evaluations
neurology_ischemic stroke_30	PROCEDURE	1129	1132	ECG
neurology_ischemic stroke_30	PROCEDURE	1134	1159	24-hour Holter monitoring
neurology_ischemic stroke_30	PROCEDURE	1161	1182	serum troponin levels
neurology_ischemic stroke_30	PROCEDURE	1188	1204	echocardiography
neurology_ischemic stroke_30	DISEASE	1283	1302	atrial fibrillation
neurology_ischemic stroke_30	DISEASE	1304	1338	without cardiac troponin elevation
neurology_ischemic stroke_30	PROCEDURE	1340	1356	Vascular imaging
neurology_ischemic stroke_30	PROCEDURE	1368	1388	MR angiography (MRA)
neurology_ischemic stroke_30	DISEASE	1416	1436	significant stenosis
neurology_ischemic stroke_30	PROCEDURE	1476	1487	Blood tests
neurology_ischemic stroke_30	PROCEDURE	1500	1526	complete blood count (CBC)
neurology_ischemic stroke_30	PROCEDURE	1528	1557	comprehensive metabolic panel
neurology_ischemic stroke_30	PROCEDURE	1559	1565	PT/PTT
neurology_ischemic stroke_30	PROCEDURE	1567	1582	fasting glucose
neurology_ischemic stroke_30	PROCEDURE	1584	1598	hemoglobin A1C
neurology_ischemic stroke_30	PROCEDURE	1604	1617	lipid profile
neurology_ischemic stroke_30	PROCEDURE	1759	1774	Acute treatment
neurology_ischemic stroke_30	MEDICATION	1794	1852	intravenous recombinant tissue plasminogen activator (tPA)
neurology_ischemic stroke_30	PROCEDURE	2010	2033	Mechanical thrombectomy
neurology_ischemic stroke_31	SYMPTOM	348	374	acute right-sided weakness
neurology_ischemic stroke_31	SYMPTOM	379	396	speech difficulty
neurology_ischemic stroke_31	DISEASE	508	520	hypertension
neurology_ischemic stroke_31	DISEASE	522	546	type 2 diabetes mellitus
neurology_ischemic stroke_31	DISEASE	552	566	hyperlipidemia
neurology_ischemic stroke_31	OBSERVATION	705	724	Diagnostic Findings
neurology_ischemic stroke_31	PROCEDURE	753	773	urgent brain CT scan
neurology_ischemic stroke_31	OBSERVATION	804	839	revealing no evidence of hemorrhage
neurology_ischemic stroke_31	PROCEDURE	858	893	MRI with diffusion-weighted imaging
neurology_ischemic stroke_31	DISEASE	907	928	acute ischemic stroke
neurology_ischemic stroke_31	PROCEDURE	981	999	Cardiac Evaluation
neurology_ischemic stroke_31	PROCEDURE	1003	1006	ECG
neurology_ischemic stroke_31	PROCEDURE	1011	1020	telemetry
neurology_ischemic stroke_31	OBSERVATION	1028	1047	normal sinus rhythm
neurology_ischemic stroke_31	OBSERVATION	1053	1069	no acute changes
neurology_ischemic stroke_31	PROCEDURE	1071	1092	Serum troponin levels
neurology_ischemic stroke_31	PROCEDURE	1123	1137	echocardiogram
neurology_ischemic stroke_31	OBSERVATION	1148	1180	normal left ventricular function
neurology_ischemic stroke_31	PROCEDURE	1230	1246	Vascular Imaging
neurology_ischemic stroke_31	PROCEDURE	1250	1274	CTA of the head and neck
neurology_ischemic stroke_31	DISEASE	1282	1302	significant stenosis
neurology_ischemic stroke_31	PROCEDURE	1346	1362	Laboratory Tests
neurology_ischemic stroke_31	PROCEDURE	1366	1369	CBC
neurology_ischemic stroke_31	PROCEDURE	1371	1386	metabolic panel
neurology_ischemic stroke_31	PROCEDURE	1388	1394	PT/PTT
neurology_ischemic stroke_31	PROCEDURE	1452	1465	lipid profile
neurology_ischemic stroke_31	DISEASE	1531	1545	hyperlipidemia
neurology_ischemic stroke_31	PROCEDURE	1550	1559	Treatment
neurology_ischemic stroke_31	PROCEDURE	1565	1591	Immediately upon diagnosis
neurology_ischemic stroke_31	MEDICATION	1618	1624	IV tPA
neurology_ischemic stroke_31	MEDICATION	1850	1870	IV antihypertensives
neurology_ischemic stroke_32	SYMPTOM	358	378	right-sided weakness
neurology_ischemic stroke_32	SYMPTOM	383	402	difficulty speaking
neurology_ischemic stroke_32	SYMPTOM	563	589	right arm and leg weakness
neurology_ischemic stroke_32	SYMPTOM	591	603	facial droop
neurology_ischemic stroke_32	SYMPTOM	627	641	slurred speech
neurology_ischemic stroke_32	DISEASE	820	832	Hypertension
neurology_ischemic stroke_32	DISEASE	837	861	Type 2 Diabetes Mellitus
neurology_ischemic stroke_32	DISEASE	866	880	Hyperlipidemia
neurology_ischemic stroke_32	PROCEDURE	969	993	NIHSS score on admission
neurology_ischemic stroke_32	SYMPTOM	1030	1053	Right-sided hemiparesis
neurology_ischemic stroke_32	SYMPTOM	1055	1067	facial droop
neurology_ischemic stroke_32	SYMPTOM	1073	1080	aphasia
neurology_ischemic stroke_32	PROCEDURE	1123	1135	Neuroimaging
neurology_ischemic stroke_32	PROCEDURE	1142	1169	urgent non-contrast CT head
neurology_ischemic stroke_32	OBSERVATION	1185	1218	showing no evidence of hemorrhage
neurology_ischemic stroke_32	PROCEDURE	1233	1268	MRI with diffusion-weighted imaging
neurology_ischemic stroke_32	DISEASE	1313	1328	ischemic stroke
neurology_ischemic stroke_32	PROCEDURE	1334	1352	Cardiac Evaluation
neurology_ischemic stroke_32	PROCEDURE	1356	1359	ECG
neurology_ischemic stroke_32	OBSERVATION	1367	1386	normal sinus rhythm
neurology_ischemic stroke_32	PROCEDURE	1388	1397	Telemetry
neurology_ischemic stroke_32	MEDICATION	1430	1444	Serum troponin
neurology_ischemic stroke_32	PROCEDURE	1471	1487	Echocardiography
neurology_ischemic stroke_32	OBSERVATION	1495	1541	normal left ventricular function without clots
neurology_ischemic stroke_32	PROCEDURE	1547	1563	Vascular Imaging
neurology_ischemic stroke_32	PROCEDURE	1567	1591	MRA of the head and neck
neurology_ischemic stroke_32	DISEASE	1599	1635	significant stenosis of the left MCA
neurology_ischemic stroke_32	PROCEDURE	1642	1653	Blood Tests
neurology_ischemic stroke_32	PROCEDURE	1657	1660	CBC
neurology_ischemic stroke_32	PROCEDURE	1662	1677	metabolic panel
neurology_ischemic stroke_32	PROCEDURE	1679	1685	PT/PTT
neurology_ischemic stroke_32	PROCEDURE	1743	1756	lipid profile
neurology_ischemic stroke_33	DISEASE	285	300	Ischemic Stroke
neurology_ischemic stroke_33	PROCEDURE	326	335	Treatment
neurology_ischemic stroke_33	DISEASE	424	436	hypertension
neurology_ischemic stroke_33	DISEASE	441	465	type 2 diabetes mellitus
neurology_ischemic stroke_33	SYMPTOM	530	577	acute onset of right-sided weakness and aphasia
neurology_ischemic stroke_33	PROCEDURE	729	747	Initial assessment
neurology_ischemic stroke_33	PROCEDURE	869	892	Bedside glucose testing
neurology_ischemic stroke_33	PROCEDURE	919	968	Immediate neuroimaging with a CT scan of the head
neurology_ischemic stroke_33	OBSERVATION	984	1019	revealing no evidence of hemorrhage
neurology_ischemic stroke_33	PROCEDURE	1053	1081	pharmacological thrombolysis
neurology_ischemic stroke_33	PROCEDURE	1085	1107	diffusion-weighted MRI
neurology_ischemic stroke_33	PROCEDURE	1179	1197	Cardiac evaluation
neurology_ischemic stroke_33	PROCEDURE	1209	1212	ECG
neurology_ischemic stroke_33	PROCEDURE	1217	1226	telemetry
neurology_ischemic stroke_33	OBSERVATION	1235	1257	no acute abnormalities
neurology_ischemic stroke_33	PROCEDURE	1259	1280	Serum troponin levels
neurology_ischemic stroke_33	PROCEDURE	1308	1324	Echocardiography
neurology_ischemic stroke_33	PROCEDURE	1365	1390	Vascular imaging with CTA
neurology_ischemic stroke_33	PROCEDURE	1456	1472	Laboratory tests
neurology_ischemic stroke_33	PROCEDURE	1483	1486	CBC
neurology_ischemic stroke_33	PROCEDURE	1488	1503	metabolic panel
neurology_ischemic stroke_33	PROCEDURE	1505	1511	PT/PTT
neurology_ischemic stroke_33	PROCEDURE	1513	1528	fasting glucose
neurology_ischemic stroke_33	PROCEDURE	1530	1544	hemoglobin A1C
neurology_ischemic stroke_33	PROCEDURE	1550	1563	lipid profile
neurology_ischemic stroke_33	OBSERVATION	1580	1638	indicating mild hyperglycemia and elevated LDL cholesterol
neurology_ischemic stroke_33	DISEASE	1720	1741	acute ischemic stroke
neurology_ischemic stroke_33	PROCEDURE	1743	1775	treatment was promptly initiated
neurology_ischemic stroke_33	MEDICATION	1781	1839	intravenous recombinant tissue plasminogen activator (tPA)
neurology_ischemic stroke_34	DISEASE	207	232	Suspected Ischemic Stroke
neurology_ischemic stroke_34	DISEASE	323	335	hypertension
neurology_ischemic stroke_34	DISEASE	340	355	type 2 diabetes
neurology_ischemic stroke_34	SYMPTOM	430	450	right-sided weakness
neurology_ischemic stroke_34	SYMPTOM	455	469	slurred speech
neurology_ischemic stroke_34	MEDICATION	655	662	aspirin
neurology_ischemic stroke_34	SYMPTOM	809	817	afebrile
neurology_ischemic stroke_34	PROCEDURE	819	843	Neurological examination
neurology_ischemic stroke_34	SYMPTOM	853	875	right-sided hemiplegia
neurology_ischemic stroke_34	PROCEDURE	967	992	CT brain without contrast
neurology_ischemic stroke_34	OBSERVATION	1008	1033	No evidence of hemorrhage
neurology_ischemic stroke_34	OBSERVATION	1035	1058	early signs of ischemia
neurology_ischemic stroke_34	PROCEDURE	1113	1154	MRI brain with diffusion-weighted imaging
neurology_ischemic stroke_34	DISEASE	1180	1201	acute ischemic stroke
neurology_ischemic stroke_34	PROCEDURE	1231	1256	Carotid duplex ultrasound
neurology_ischemic stroke_34	OBSERVATION	1272	1332	Revealed 50-69% stenosis in the left internal carotid artery
neurology_ischemic stroke_34	PROCEDURE	1336	1350	Echocardiogram
neurology_ischemic stroke_34	OBSERVATION	1366	1398	Normal left ventricular function
neurology_ischemic stroke_34	DISEASE	1400	1431	no evidence of cardiac thrombus
neurology_ischemic stroke_34	PROCEDURE	1435	1446	Blood tests
neurology_ischemic stroke_34	PROCEDURE	1448	1451	CBC
neurology_ischemic stroke_34	PROCEDURE	1453	1468	metabolic panel
neurology_ischemic stroke_34	PROCEDURE	1470	1476	PT/PTT
neurology_ischemic stroke_34	PROCEDURE	1478	1493	fasting glucose
neurology_ischemic stroke_34	PROCEDURE	1495	1509	hemoglobin A1C
neurology_ischemic stroke_34	PROCEDURE	1515	1528	lipid profile
neurology_ischemic stroke_34	PROCEDURE	1635	1664	Hospital Course and Treatment
neurology_ischemic stroke_34	DISEASE	1686	1707	acute ischemic stroke
neurology_ischemic stroke_34	MEDICATION	1746	1795	IV recombinant tissue plasminogen activator (tPA)
neurology_ischemic stroke_35	DISEASE	550	562	hypertension
neurology_ischemic stroke_35	DISEASE	567	582	type 2 diabetes
neurology_ischemic stroke_35	SYMPTOM	612	635	right-sided hemiparesis
neurology_ischemic stroke_35	OBSERVATION	942	967	unable to follow commands
neurology_ischemic stroke_35	PROCEDURE	1047	1064	Neurological Exam
neurology_ischemic stroke_35	PROCEDURE	1068	1079	NIHSS score
neurology_ischemic stroke_35	SYMPTOM	1099	1112	severe stroke
neurology_ischemic stroke_35	OBSERVATION	1114	1130	Notable findings
neurology_ischemic stroke_35	SYMPTOM	1140	1163	right-sided hemiparesis
neurology_ischemic stroke_35	SYMPTOM	1165	1179	global aphasia
neurology_ischemic stroke_35	SYMPTOM	1185	1197	facial droop
neurology_ischemic stroke_35	SYMPTOM	1223	1246	Regular rate and rhythm
neurology_ischemic stroke_35	OBSERVATION	1248	1258	no murmurs
neurology_ischemic stroke_35	OBSERVATION	1280	1313	Clear to auscultation bilaterally
neurology_ischemic stroke_35	PROCEDURE	1353	1370	Diagnostic Workup
neurology_ischemic stroke_35	PROCEDURE	1399	1425	urgent CT scan of the head
neurology_ischemic stroke_35	OBSERVATION	1441	1476	revealing no evidence of hemorrhage
neurology_ischemic stroke_35	PROCEDURE	1478	1500	Diffusion-weighted MRI
neurology_ischemic stroke_35	PROCEDURE	1574	1592	Cardiac Evaluation
neurology_ischemic stroke_35	PROCEDURE	1596	1599	ECG
neurology_ischemic stroke_35	OBSERVATION	1625	1641	no acute changes
neurology_ischemic stroke_35	PROCEDURE	1643	1663	Telemetry monitoring
neurology_ischemic stroke_35	MEDICATION	1720	1741	Serum troponin levels
neurology_ischemic stroke_36	DISEASE	373	385	hypertension
neurology_ischemic stroke_36	DISEASE	390	414	type 2 diabetes mellitus
neurology_ischemic stroke_36	SYMPTOM	498	542	right-sided weakness and difficulty speaking
neurology_ischemic stroke_36	PROCEDURE	687	707	bedside glucose test
neurology_ischemic stroke_36	DISEASE	718	731	hyperglycemia
neurology_ischemic stroke_36	PROCEDURE	736	768	urgent non-contrast head CT scan
neurology_ischemic stroke_36	OBSERVATION	784	817	showing no evidence of hemorrhage
neurology_ischemic stroke_36	PROCEDURE	826	874	MRI of the brain with diffusion-weighted imaging
neurology_ischemic stroke_36	OBSERVATION	890	923	revealing early signs of ischemia
neurology_ischemic stroke_36	PROCEDURE	972	1026	The National Institutes of Health Stroke Scale (NIHSS)
neurology_ischemic stroke_36	OBSERVATION	1045	1071	resulting in a score of 15
neurology_ischemic stroke_36	OBSERVATION	1073	1108	indicating a moderate-severe stroke
neurology_ischemic stroke_36	PROCEDURE	1174	1194	thrombolytic therapy
neurology_ischemic stroke_36	MEDICATION	1349	1407	intravenous recombinant tissue plasminogen activator (tPA)
neurology_ischemic stroke_36	PROCEDURE	1651	1671	continuous telemetry
neurology_ischemic stroke_36	PROCEDURE	1676	1701	blood pressure management
neurology_ischemic stroke_36	MEDICATION	1787	1807	IV antihypertensives
neurology_ischemic stroke_36	MEDICATION	1824	1833	labetalol
neurology_ischemic stroke_36	MEDICATION	1856	1878	oral antihypertensives
neurology_ischemic stroke_36	PROCEDURE	1880	1898	Cardiac evaluation
neurology_ischemic stroke_36	PROCEDURE	1910	1913	ECG
neurology_ischemic stroke_36	PROCEDURE	1915	1924	telemetry
neurology_ischemic stroke_36	PROCEDURE	1926	1940	serum troponin
neurology_ischemic stroke_36	PROCEDURE	1946	1962	echocardiography
neurology_ischemic stroke_37	DISEASE	358	370	hypertension
neurology_ischemic stroke_37	DISEASE	375	399	type 2 diabetes mellitus
neurology_ischemic stroke_37	SYMPTOM	458	493	acute onset of right-sided weakness
neurology_ischemic stroke_37	SYMPTOM	498	512	slurred speech
neurology_ischemic stroke_37	SYMPTOM	685	693	afebrile
neurology_ischemic stroke_37	PROCEDURE	842	892	National Institutes of Health Stroke Scale (NIHSS)
neurology_ischemic stroke_37	OBSERVATION	894	906	scoring a 14
neurology_ischemic stroke_37	OBSERVATION	908	946	indicating a moderate to severe stroke
neurology_ischemic stroke_37	PROCEDURE	951	978	urgent non-contrast CT head
neurology_ischemic stroke_37	OBSERVATION	994	1027	showing no evidence of hemorrhage
neurology_ischemic stroke_37	PROCEDURE	1073	1095	diffusion-weighted MRI
neurology_ischemic stroke_37	OBSERVATION	1106	1129	early signs of ischemia
neurology_ischemic stroke_37	OBSERVATION	1210	1221	12-lead ECG
neurology_ischemic stroke_37	PROCEDURE	1251	1294	telemetry for continuous cardiac monitoring
neurology_ischemic stroke_37	PROCEDURE	1296	1317	serum troponin levels
neurology_ischemic stroke_37	OBSERVATION	1347	1361	echocardiogram
neurology_ischemic stroke_37	PROCEDURE	1399	1441	Vascular imaging with CT angiography (CTA)
neurology_ischemic stroke_37	DISEASE	1455	1475	significant stenosis
neurology_ischemic stroke_37	PROCEDURE	1592	1605	lipid profile
neurology_ischemic stroke_37	PROCEDURE	1715	1731	Acute management
neurology_ischemic stroke_37	MEDICATION	1751	1771	IV antihypertensives
neurology_ischemic stroke_37	PROCEDURE	1908	1928	thrombolytic therapy
neurology_ischemic stroke_38	DISEASE	433	445	hypertension
neurology_ischemic stroke_38	DISEASE	450	474	type 2 diabetes mellitus
neurology_ischemic stroke_38	SYMPTOM	562	582	right-sided weakness
neurology_ischemic stroke_38	SYMPTOM	587	601	slurred speech
neurology_ischemic stroke_38	PROCEDURE	943	967	neurological examination
neurology_ischemic stroke_38	SYMPTOM	1098	1121	right-sided hemiparesis
neurology_ischemic stroke_38	SYMPTOM	1123	1135	facial droop
neurology_ischemic stroke_38	SYMPTOM	1141	1151	dysarthria
neurology_ischemic stroke_38	PROCEDURE	1153	1176	Bedside glucose testing
neurology_ischemic stroke_38	PROCEDURE	1241	1276	immediate non-contrast head CT scan
neurology_ischemic stroke_38	OBSERVATION	1292	1325	showing no evidence of hemorrhage
neurology_ischemic stroke_38	PROCEDURE	1334	1356	diffusion-weighted MRI
neurology_ischemic stroke_38	DISEASE	1372	1431	confirming acute left middle cerebral artery (MCA) ischemia
neurology_ischemic stroke_38	PROCEDURE	1437	1455	Cardiac Evaluation
neurology_ischemic stroke_38	PROCEDURE	1459	1462	ECG
neurology_ischemic stroke_38	OBSERVATION	1470	1489	normal sinus rhythm
neurology_ischemic stroke_38	OBSERVATION	1495	1511	no acute changes
neurology_ischemic stroke_38	MEDICATION	1513	1534	Serum troponin levels
neurology_ischemic stroke_38	PROCEDURE	1564	1594	transthoracic echocardiography
neurology_ischemic stroke_38	OBSERVATION	1605	1654	normal left ventricular function without thrombus
neurology_ischemic stroke_38	PROCEDURE	1660	1676	Vascular Imaging
neurology_ischemic stroke_38	PROCEDURE	1680	1700	CT angiography (CTA)
neurology_ischemic stroke_38	PROCEDURE	1798	1801	CBC
neurology_ischemic stroke_38	PROCEDURE	1803	1818	metabolic panel
neurology_ischemic stroke_38	PROCEDURE	1820	1826	PT/PTT
neurology_ischemic stroke_39	DISEASE	308	320	hypertension
neurology_ischemic stroke_39	DISEASE	325	349	type 2 diabetes mellitus
neurology_ischemic stroke_39	SYMPTOM	429	461	right-sided weakness and aphasia
neurology_ischemic stroke_39	PROCEDURE	689	729	neurological examination using the NIHSS
neurology_ischemic stroke_39	OBSERVATION	756	792	indicating moderate-to-severe stroke
neurology_ischemic stroke_39	PROCEDURE	794	839	An immediate non-contrast CT scan of the head
neurology_ischemic stroke_39	OBSERVATION	855	888	showing no evidence of hemorrhage
neurology_ischemic stroke_39	PROCEDURE	987	1022	MRI with diffusion-weighted imaging
neurology_ischemic stroke_39	PROCEDURE	1068	1085	ECG and telemetry
neurology_ischemic stroke_39	OBSERVATION	1132	1161	nonspecific ST-T wave changes
neurology_ischemic stroke_39	PROCEDURE	1163	1177	Serum troponin
neurology_ischemic stroke_39	PROCEDURE	1207	1221	echocardiogram
neurology_ischemic stroke_39	PROCEDURE	1281	1311	Carotid duplex ultrasonography
neurology_ischemic stroke_39	PROCEDURE	1385	1396	Blood tests
neurology_ischemic stroke_39	PROCEDURE	1408	1411	CBC
neurology_ischemic stroke_39	PROCEDURE	1413	1428	metabolic panel
neurology_ischemic stroke_39	PROCEDURE	1430	1436	PT/PTT
neurology_ischemic stroke_39	PROCEDURE	1438	1453	fasting glucose
neurology_ischemic stroke_39	PROCEDURE	1482	1495	lipid profile
neurology_ischemic stroke_39	MEDICATION	1724	1730	IV tPA
neurology_ischemic stroke_4	DISEASE	320	335	Ischemic Stroke
neurology_ischemic stroke_4	SYMPTOM	466	486	right-sided weakness
neurology_ischemic stroke_4	SYMPTOM	491	510	difficulty speaking
neurology_ischemic stroke_4	PROCEDURE	724	735	NIHSS score
neurology_ischemic stroke_4	PROCEDURE	845	883	comprehensive neurological examination
neurology_ischemic stroke_4	SYMPTOM	893	910	right hemiparesis
neurology_ischemic stroke_4	SYMPTOM	912	924	facial droop
neurology_ischemic stroke_4	SYMPTOM	930	948	expressive aphasia
neurology_ischemic stroke_4	PROCEDURE	984	1011	CT Brain (without contrast)
neurology_ischemic stroke_4	OBSERVATION	1035	1060	No evidence of hemorrhage
neurology_ischemic stroke_4	SYMPTOM	1062	1085	early signs of ischemia
neurology_ischemic stroke_4	PROCEDURE	1144	1182	MRI Brain (Diffusion-weighted imaging)
neurology_ischemic stroke_4	PROCEDURE	1264	1289	Carotid Duplex Ultrasound
neurology_ischemic stroke_4	DISEASE	1313	1338	Mild to moderate stenosis
neurology_ischemic stroke_4	PROCEDURE	1382	1398	Echocardiography
neurology_ischemic stroke_4	OBSERVATION	1422	1454	Normal left ventricular function
neurology_ischemic stroke_4	OBSERVATION	1456	1495	no cardiac source of embolus identified
neurology_ischemic stroke_4	PROCEDURE	1503	1514	Blood Tests
neurology_ischemic stroke_4	PROCEDURE	1518	1521	CBC
neurology_ischemic stroke_4	PROCEDURE	1523	1538	metabolic panel
neurology_ischemic stroke_4	PROCEDURE	1540	1546	PT/PTT
neurology_ischemic stroke_4	PROCEDURE	1678	1700	Treatment Administered
neurology_ischemic stroke_4	MEDICATION	1711	1717	IV tPA
neurology_ischemic stroke_40	DISEASE	308	323	Ischemic Stroke
neurology_ischemic stroke_40	SYMPTOM	442	485	symptoms of acute onset left-sided weakness
neurology_ischemic stroke_40	SYMPTOM	490	504	slurred speech
neurology_ischemic stroke_40	PROCEDURE	648	681	immediate neurological assessment
neurology_ischemic stroke_40	DISEASE	774	789	moderate stroke
neurology_ischemic stroke_40	PROCEDURE	793	818	non-contrast head CT scan
neurology_ischemic stroke_40	OBSERVATION	843	878	revealing no evidence of hemorrhage
neurology_ischemic stroke_40	PROCEDURE	1008	1030	diffusion-weighted MRI
neurology_ischemic stroke_40	OBSERVATION	1045	1077	clear evidence of early ischemia
neurology_ischemic stroke_40	MEDICATION	1261	1307	recombinant tissue plasminogen activator (tPA)
neurology_ischemic stroke_40	PROCEDURE	1498	1517	cardiac assessments
neurology_ischemic stroke_40	PROCEDURE	1526	1529	ECG
neurology_ischemic stroke_40	PROCEDURE	1531	1540	telemetry
neurology_ischemic stroke_40	PROCEDURE	1542	1556	serum troponin
neurology_ischemic stroke_40	PROCEDURE	1598	1612	echocardiogram
neurology_ischemic stroke_40	OBSERVATION	1625	1657	normal left ventricular function
neurology_ischemic stroke_40	PROCEDURE	1659	1716	Vascular imaging was performed using MR angiography (MRA)
neurology_ischemic stroke_40	OBSERVATION	1718	1745	revealing moderate stenosis
neurology_ischemic stroke_40	PROCEDURE	1784	1795	Blood tests
neurology_ischemic stroke_40	PROCEDURE	1806	1809	CBC
neurology_ischemic stroke_40	PROCEDURE	1811	1826	metabolic panel
neurology_ischemic stroke_40	PROCEDURE	1828	1834	PT/PTT
neurology_ischemic stroke_40	PROCEDURE	1836	1851	fasting glucose
neurology_ischemic stroke_40	PROCEDURE	1853	1867	hemoglobin A1C
neurology_ischemic stroke_40	PROCEDURE	1873	1886	lipid profile
neurology_ischemic stroke_40	MEDICATION	1986	2006	aspirin 325 mg daily
neurology_ischemic stroke_41	DISEASE	243	258	Ischemic Stroke
neurology_ischemic stroke_41	SYMPTOM	399	443	right-sided weakness and difficulty speaking
neurology_ischemic stroke_41	OBSERVATION	522	533	NIHSS score
neurology_ischemic stroke_41	DISEASE	555	579	moderate severity stroke
neurology_ischemic stroke_41	PROCEDURE	581	614	Immediate bedside glucose testing
neurology_ischemic stroke_41	PROCEDURE	650	682	non-contrast CT scan of the head
neurology_ischemic stroke_41	OBSERVATION	717	742	no evidence of hemorrhage
neurology_ischemic stroke_41	SYMPTOM	747	789	suggestive signs of early ischemic changes
neurology_ischemic stroke_41	PROCEDURE	842	875	Subsequent diffusion-weighted MRI
neurology_ischemic stroke_41	DISEASE	886	900	acute ischemia
neurology_ischemic stroke_41	MEDICATION	1048	1106	intravenous recombinant tissue plasminogen activator (tPA)
neurology_ischemic stroke_41	PROCEDURE	1295	1358	Continuous monitoring of blood pressure and neurological status
neurology_ischemic stroke_41	MEDICATION	1390	1393	tPA
neurology_ischemic stroke_41	PROCEDURE	1441	1459	Cardiac evaluation
neurology_ischemic stroke_41	PROCEDURE	1469	1472	ECG
neurology_ischemic stroke_41	OBSERVATION	1487	1506	normal sinus rhythm
neurology_ischemic stroke_41	PROCEDURE	1512	1521	telemetry
neurology_ischemic stroke_41	PROCEDURE	1579	1600	Serum troponin levels
neurology_ischemic stroke_41	PROCEDURE	1631	1645	echocardiogram
neurology_ischemic stroke_41	OBSERVATION	1656	1688	normal left ventricular function
neurology_ischemic stroke_41	PROCEDURE	1738	1784	Vascular imaging with CTA of the head and neck
neurology_ischemic stroke_41	DISEASE	1796	1824	mild atherosclerotic changes
neurology_ischemic stroke_41	OBSERVATION	1829	1865	no significant stenosis or occlusion
neurology_ischemic stroke_41	PROCEDURE	1867	1878	Blood tests
neurology_ischemic stroke_41	PROCEDURE	1890	1893	CBC
neurology_ischemic stroke_41	PROCEDURE	1895	1910	metabolic panel
neurology_ischemic stroke_41	PROCEDURE	1912	1918	PT/PTT
neurology_ischemic stroke_41	PROCEDURE	1920	1935	fasting glucose
neurology_ischemic stroke_41	PROCEDURE	1937	1951	hemoglobin A1C
neurology_ischemic stroke_41	PROCEDURE	1957	1970	lipid profile
neurology_ischemic stroke_41	OBSERVATION	1988	2022	revealing only mild hyperlipidemia
neurology_ischemic stroke_41	PROCEDURE	2025	2050	Dual antiplatelet therapy
neurology_ischemic stroke_41	MEDICATION	2070	2077	aspirin
neurology_ischemic stroke_41	MEDICATION	2099	2110	clopidogrel
neurology_ischemic stroke_42	SYMPTOM	458	492	acute onset of left-sided weakness
neurology_ischemic stroke_42	SYMPTOM	497	516	difficulty speaking
neurology_ischemic stroke_42	DISEASE	604	616	hypertension
neurology_ischemic stroke_42	DISEASE	621	645	type 2 diabetes mellitus
neurology_ischemic stroke_42	PROCEDURE	674	685	NIHSS score
neurology_ischemic stroke_42	PROCEDURE	751	784	Immediate bedside glucose testing
neurology_ischemic stroke_42	PROCEDURE	812	844	non-contrast CT scan of the head
neurology_ischemic stroke_42	OBSERVATION	869	904	revealing no evidence of hemorrhage
neurology_ischemic stroke_42	PROCEDURE	991	1024	Subsequent diffusion-weighted MRI
neurology_ischemic stroke_42	PROCEDURE	1100	1124	CT Head without contrast
neurology_ischemic stroke_42	OBSERVATION	1128	1141	No hemorrhage
neurology_ischemic stroke_42	SYMPTOM	1143	1166	signs of early ischemia
neurology_ischemic stroke_42	PROCEDURE	1174	1192	MRI Brain with DWI
neurology_ischemic stroke_42	PROCEDURE	1253	1284	Cardiac and Vascular Evaluation
neurology_ischemic stroke_42	PROCEDURE	1294	1322	ECG and telemetry monitoring
neurology_ischemic stroke_42	OBSERVATION	1326	1391	Showed sinus rhythm with occasional premature atrial contractions
neurology_ischemic stroke_42	MEDICATION	1399	1413	Serum troponin
neurology_ischemic stroke_42	OBSERVATION	1417	1437	Within normal limits
neurology_ischemic stroke_42	PROCEDURE	1445	1461	Echocardiography
neurology_ischemic stroke_42	OBSERVATION	1465	1506	Normal left ventricular ejection fraction
neurology_ischemic stroke_42	OBSERVATION	1508	1539	no significant valvular disease
neurology_ischemic stroke_42	PROCEDURE	1547	1555	MRA Head
neurology_ischemic stroke_42	PROCEDURE	1603	1637	Duplex ultrasonography of the neck
neurology_ischemic stroke_42	OBSERVATION	1641	1672	No significant carotid stenosis
neurology_ischemic stroke_42	PROCEDURE	1677	1693	Laboratory Tests
neurology_ischemic stroke_42	PROCEDURE	1703	1706	CBC
neurology_ischemic stroke_42	PROCEDURE	1708	1723	metabolic panel
neurology_ischemic stroke_42	PROCEDURE	1725	1731	PT/PTT
neurology_ischemic stroke_43	DISEASE	238	253	Ischemic Stroke
neurology_ischemic stroke_43	DISEASE	277	289	Hypertension
neurology_ischemic stroke_43	DISEASE	291	315	Type 2 Diabetes Mellitus
neurology_ischemic stroke_43	DISEASE	420	432	hypertension
neurology_ischemic stroke_43	DISEASE	437	461	type 2 diabetes mellitus
neurology_ischemic stroke_43	SYMPTOM	517	564	acute onset of right-sided weakness and aphasia
neurology_ischemic stroke_43	PROCEDURE	786	829	immediate non-contrast CT scan of the brain
neurology_ischemic stroke_43	OBSERVATION	845	878	showing no evidence of hemorrhage
neurology_ischemic stroke_43	DISEASE	887	902	ischemic stroke
neurology_ischemic stroke_43	PROCEDURE	920	942	diffusion-weighted MRI
neurology_ischemic stroke_43	SYMPTOM	953	976	early signs of ischemia
neurology_ischemic stroke_43	PROCEDURE	1037	1048	NIHSS score
neurology_ischemic stroke_43	OBSERVATION	1070	1108	indicating a moderate to severe stroke
neurology_ischemic stroke_43	PROCEDURE	1110	1128	Cardiac evaluation
neurology_ischemic stroke_43	PROCEDURE	1139	1156	ECG and telemetry
neurology_ischemic stroke_43	DISEASE	1164	1183	atrial fibrillation
neurology_ischemic stroke_43	OBSERVATION	1190	1226	no evidence of myocardial infarction
neurology_ischemic stroke_43	PROCEDURE	1228	1249	Serum troponin levels
neurology_ischemic stroke_43	PROCEDURE	1277	1302	Vascular imaging with CTA
neurology_ischemic stroke_43	DISEASE	1312	1332	significant stenosis
neurology_ischemic stroke_43	PROCEDURE	1370	1381	Blood tests
neurology_ischemic stroke_43	DISEASE	1457	1483	poorly controlled diabetes
neurology_ischemic stroke_43	PROCEDURE	1491	1504	lipid profile
neurology_ischemic stroke_43	PROCEDURE	1558	1574	Acute management
neurology_ischemic stroke_43	MEDICATION	1594	1614	IV antihypertensives
neurology_ischemic stroke_43	MEDICATION	1793	1842	IV recombinant tissue plasminogen activator (tPA)
neurology_ischemic stroke_44	SYMPTOM	365	385	right-sided weakness
neurology_ischemic stroke_44	SYMPTOM	390	412	difficulty in speaking
neurology_ischemic stroke_44	DISEASE	561	573	hypertension
neurology_ischemic stroke_44	DISEASE	578	592	hyperlipidemia
neurology_ischemic stroke_44	SYMPTOM	622	645	right-sided hemiparesis
neurology_ischemic stroke_44	PROCEDURE	978	989	NIHSS score
neurology_ischemic stroke_44	SYMPTOM	1043	1066	Right-sided hemiparesis
neurology_ischemic stroke_44	SYMPTOM	1068	1080	facial droop
neurology_ischemic stroke_44	SYMPTOM	1086	1104	expressive aphasia
neurology_ischemic stroke_44	OBSERVATION	1166	1176	no murmurs
neurology_ischemic stroke_44	OBSERVATION	1199	1232	Clear to auscultation bilaterally
neurology_ischemic stroke_44	OBSERVATION	1257	1269	Unremarkable
neurology_ischemic stroke_44	PROCEDURE	1274	1291	Diagnostic Workup
neurology_ischemic stroke_44	PROCEDURE	1301	1308	CT Head
neurology_ischemic stroke_44	OBSERVATION	1348	1381	showing no evidence of hemorrhage
neurology_ischemic stroke_44	SYMPTOM	1383	1418	indicating possible ischemic stroke
neurology_ischemic stroke_44	PROCEDURE	1426	1467	MRI Brain with Diffusion-Weighted Imaging
neurology_ischemic stroke_44	OBSERVATION	1503	1568	confirmed acute left middle cerebral artery (MCA) ischemic stroke
neurology_ischemic stroke_44	PROCEDURE	1576	1606	Carotid Duplex Ultrasonography
neurology_ischemic stroke_44	PROCEDURE	1675	1689	Echocardiogram
neurology_ischemic stroke_44	OBSERVATION	1693	1725	Normal left ventricular function
neurology_ischemic stroke_44	OBSERVATION	1727	1735	no clots
neurology_ischemic stroke_44	PROCEDURE	1743	1746	ECG
neurology_ischemic stroke_45	SYMPTOM	307	321	slurred speech
neurology_ischemic stroke_45	SYMPTOM	519	545	right arm and leg weakness
neurology_ischemic stroke_45	DISEASE	632	644	Hypertension
neurology_ischemic stroke_45	DISEASE	646	670	Type 2 Diabetes Mellitus
neurology_ischemic stroke_45	DISEASE	672	686	Hyperlipidemia
neurology_ischemic stroke_45	PROCEDURE	789	800	NIHSS Score
neurology_ischemic stroke_45	SYMPTOM	837	863	Right arm and leg weakness
neurology_ischemic stroke_45	SYMPTOM	865	877	facial droop
neurology_ischemic stroke_45	SYMPTOM	883	897	slurred speech
neurology_ischemic stroke_45	OBSERVATION	914	948	No bleeding issues were identified
neurology_ischemic stroke_45	PROCEDURE	953	969	Diagnostic Tests
neurology_ischemic stroke_45	PROCEDURE	979	987	CT Brain
neurology_ischemic stroke_45	OBSERVATION	1007	1020	No hemorrhage
neurology_ischemic stroke_45	PROCEDURE	1107	1141	MRI Brain with Diffusion Weighting
neurology_ischemic stroke_45	PROCEDURE	1226	1252	ECG and Cardiac Monitoring
neurology_ischemic stroke_45	DISEASE	1256	1275	Normal sinus rhythm
neurology_ischemic stroke_45	OBSERVATION	1277	1293	no acute changes
neurology_ischemic stroke_45	PROCEDURE	1301	1317	Echocardiography
neurology_ischemic stroke_45	DISEASE	1321	1353	Normal left ventricular function
neurology_ischemic stroke_45	DISEASE	1355	1394	no cardiac source of embolus identified
neurology_ischemic stroke_45	PROCEDURE	1402	1418	Vascular Imaging
neurology_ischemic stroke_45	PROCEDURE	1422	1425	MRA
neurology_ischemic stroke_45	PROCEDURE	1514	1517	CBC
neurology_ischemic stroke_45	PROCEDURE	1519	1534	metabolic panel
neurology_ischemic stroke_45	PROCEDURE	1536	1542	PT/PTT
neurology_ischemic stroke_45	PROCEDURE	1544	1559	fasting glucose
neurology_ischemic stroke_45	PROCEDURE	1581	1594	lipid profile
neurology_ischemic stroke_45	DISEASE	1653	1667	hyperlipidemia
neurology_ischemic stroke_45	PROCEDURE	1672	1689	Treatment Summary
neurology_ischemic stroke_46	SYMPTOM	303	363	Sudden onset of right-sided weakness and difficulty speaking
neurology_ischemic stroke_46	DISEASE	510	534	type 2 diabetes mellitus
neurology_ischemic stroke_46	SYMPTOM	634	641	aphasia
neurology_ischemic stroke_46	SYMPTOM	966	973	aphasia
neurology_ischemic stroke_46	SYMPTOM	975	993	right facial droop
neurology_ischemic stroke_46	SYMPTOM	999	1016	right hemiparesis
neurology_ischemic stroke_46	PROCEDURE	1178	1210	non-contrast CT scan of the head
neurology_ischemic stroke_46	OBSERVATION	1251	1284	showing no evidence of hemorrhage
neurology_ischemic stroke_46	PROCEDURE	1286	1332	Subsequent MRI with diffusion-weighted imaging
neurology_ischemic stroke_46	DISEASE	1343	1392	acute left middle cerebral artery ischemic stroke
neurology_ischemic stroke_46	PROCEDURE	1396	1414	Cardiac Evaluation
neurology_ischemic stroke_46	PROCEDURE	1416	1433	ECG and telemetry
neurology_ischemic stroke_46	OBSERVATION	1466	1482	no acute changes
neurology_ischemic stroke_46	MEDICATION	1484	1505	Serum troponin levels
neurology_ischemic stroke_46	PROCEDURE	1536	1550	echocardiogram
neurology_ischemic stroke_46	PROCEDURE	1625	1641	Vascular Imaging
neurology_ischemic stroke_46	PROCEDURE	1643	1667	CTA of the head and neck
neurology_ischemic stroke_46	PROCEDURE	1737	1759	Duplex ultrasonography
neurology_ischemic stroke_46	PROCEDURE	1786	1802	Laboratory Tests
neurology_ischemic stroke_46	PROCEDURE	1804	1807	CBC
neurology_ischemic stroke_46	PROCEDURE	1809	1824	metabolic panel
neurology_ischemic stroke_46	PROCEDURE	1826	1832	PT/PTT
neurology_ischemic stroke_46	PROCEDURE	1871	1884	lipid profile
neurology_ischemic stroke_46	OBSERVATION	1904	1938	Elevated fasting glucose and HbA1c
neurology_ischemic stroke_47	DISEASE	246	261	Ischemic Stroke
neurology_ischemic stroke_47	DISEASE	289	301	Hypertension
neurology_ischemic stroke_47	DISEASE	303	327	Type 2 Diabetes Mellitus
neurology_ischemic stroke_47	DISEASE	415	427	hypertension
neurology_ischemic stroke_47	DISEASE	432	447	type 2 diabetes
neurology_ischemic stroke_47	SYMPTOM	520	576	sudden onset left-sided weakness and difficulty speaking
neurology_ischemic stroke_47	PROCEDURE	753	773	bedside glucose test
neurology_ischemic stroke_47	DISEASE	784	797	hyperglycemia
neurology_ischemic stroke_47	PROCEDURE	967	979	Neuroimaging
neurology_ischemic stroke_47	PROCEDURE	983	1020	Immediate non-contrast CT of the head
neurology_ischemic stroke_47	OBSERVATION	1036	1069	showing no evidence of hemorrhage
neurology_ischemic stroke_47	PROCEDURE	1083	1105	diffusion-weighted MRI
neurology_ischemic stroke_47	PROCEDURE	1188	1206	Cardiac Evaluation
neurology_ischemic stroke_47	PROCEDURE	1210	1227	ECG and telemetry
neurology_ischemic stroke_47	DISEASE	1235	1254	atrial fibrillation
neurology_ischemic stroke_47	OBSERVATION	1260	1285	no acute ischemic changes
neurology_ischemic stroke_47	PROCEDURE	1287	1301	Serum troponin
neurology_ischemic stroke_47	PROCEDURE	1328	1344	Echocardiography
neurology_ischemic stroke_47	DISEASE	1355	1378	left atrial enlargement
neurology_ischemic stroke_47	PROCEDURE	1384	1400	Vascular Imaging
neurology_ischemic stroke_47	PROCEDURE	1404	1428	CTA of the head and neck
neurology_ischemic stroke_47	PROCEDURE	1489	1535	Duplex ultrasonography of the carotid arteries
neurology_ischemic stroke_47	PROCEDURE	1569	1585	Laboratory Tests
neurology_ischemic stroke_47	PROCEDURE	1589	1592	CBC
neurology_ischemic stroke_47	PROCEDURE	1594	1609	metabolic panel
neurology_ischemic stroke_47	PROCEDURE	1611	1617	PT/PTT
neurology_ischemic stroke_47	PROCEDURE	1688	1701	lipid profile
neurology_ischemic stroke_47	PROCEDURE	1794	1816	Treatment Administered
neurology_ischemic stroke_47	PROCEDURE	1826	1842	Acute Management
neurology_ischemic stroke_48	SYMPTOM	464	483	left-sided weakness
neurology_ischemic stroke_48	SYMPTOM	488	502	slurred speech
neurology_ischemic stroke_48	PROCEDURE	762	786	neurological examination
neurology_ischemic stroke_48	DISEASE	876	909	moderate severity ischemic stroke
neurology_ischemic stroke_48	PROCEDURE	911	948	Immediate non-contrast CT of the head
neurology_ischemic stroke_48	OBSERVATION	964	1000	confirming the absence of hemorrhage
neurology_ischemic stroke_48	SYMPTOM	1005	1047	suggestive signs of early ischemic changes
neurology_ischemic stroke_48	PROCEDURE	1098	1133	MRI with diffusion-weighted imaging
neurology_ischemic stroke_48	OBSERVATION	1160	1204	confirming acute ischemia in the said region
neurology_ischemic stroke_48	PROCEDURE	1206	1238	Cardiac and vascular evaluations
neurology_ischemic stroke_48	PROCEDURE	1250	1253	ECG
neurology_ischemic stroke_48	PROCEDURE	1255	1264	telemetry
neurology_ischemic stroke_48	PROCEDURE	1266	1287	serum troponin levels
neurology_ischemic stroke_48	PROCEDURE	1289	1305	echocardiography
neurology_ischemic stroke_48	PROCEDURE	1307	1310	MRA
neurology_ischemic stroke_48	PROCEDURE	1316	1319	CTA
neurology_ischemic stroke_48	OBSERVATION	1375	1417	revealing moderate atherosclerotic changes
neurology_ischemic stroke_48	OBSERVATION	1422	1459	no immediate source of cardioembolism
neurology_ischemic stroke_48	PROCEDURE	1461	1472	Blood tests
neurology_ischemic stroke_48	PROCEDURE	1484	1487	CBC
neurology_ischemic stroke_48	PROCEDURE	1489	1504	metabolic panel
neurology_ischemic stroke_48	PROCEDURE	1506	1512	PT/PTT
neurology_ischemic stroke_48	PROCEDURE	1514	1529	fasting glucose
neurology_ischemic stroke_48	PROCEDURE	1531	1545	hemoglobin A1c
neurology_ischemic stroke_48	PROCEDURE	1551	1564	lipid profile
neurology_ischemic stroke_48	PROCEDURE	1661	1683	Treatment Administered
neurology_ischemic stroke_48	MEDICATION	1723	1772	IV recombinant tissue plasminogen activator (tPA)
neurology_ischemic stroke_49	SYMPTOM	258	318	Sudden onset of right-sided weakness and difficulty speaking
neurology_ischemic stroke_49	DISEASE	394	406	Hypertension
neurology_ischemic stroke_49	DISEASE	411	435	Type 2 Diabetes Mellitus
neurology_ischemic stroke_49	MEDICATION	524	546	Lisinopril 20 mg daily
neurology_ischemic stroke_49	MEDICATION	551	579	Metformin 500 mg twice daily
neurology_ischemic stroke_49	PROCEDURE	789	807	Initial evaluation
neurology_ischemic stroke_49	PROCEDURE	818	868	National Institutes of Health Stroke Scale (NIHSS)
neurology_ischemic stroke_49	OBSERVATION	880	917	indicating a moderate severity stroke
neurology_ischemic stroke_49	PROCEDURE	925	945	bedside glucose test
neurology_ischemic stroke_49	OBSERVATION	973	1015	showing a blood glucose level of 180 mg/dL
neurology_ischemic stroke_49	PROCEDURE	1024	1063	urgent non-contrast CT scan of the head
neurology_ischemic stroke_49	OBSERVATION	1079	1112	showing no evidence of hemorrhage
neurology_ischemic stroke_49	SYMPTOM	1117	1185	early signs suggestive of left middle cerebral artery (MCA) ischemia
neurology_ischemic stroke_49	PROCEDURE	1191	1232	MRI with diffusion-weighted imaging (DWI)
neurology_ischemic stroke_49	PROCEDURE	1325	1353	pharmacological thrombolysis
neurology_ischemic stroke_49	MEDICATION	1355	1401	Recombinant tissue plasminogen activator (tPA)
neurology_ischemic stroke_49	PROCEDURE	1561	1581	IV antihypertensives
neurology_ischemic stroke_49	MEDICATION	1697	1711	Aspirin 325 mg
neurology_ischemic stroke_5	SYMPTOM	287	347	sudden onset of right-sided weakness and difficulty speaking
neurology_ischemic stroke_5	PROCEDURE	425	457	History and Physical Examination
neurology_ischemic stroke_5	SYMPTOM	477	510	the patient was alert but anxious
neurology_ischemic stroke_5	SYMPTOM	517	559	noted right-sided facial droop and aphasia
neurology_ischemic stroke_5	PROCEDURE	565	581	NIH Stroke Scale
neurology_ischemic stroke_5	OBSERVATION	610	638	indicating moderate severity
neurology_ischemic stroke_5	PROCEDURE	700	723	Bedside glucose testing
neurology_ischemic stroke_5	PROCEDURE	758	786	Diagnostic Imaging and Tests
neurology_ischemic stroke_5	PROCEDURE	796	809	CT Brain Scan
neurology_ischemic stroke_5	OBSERVATION	851	884	showing no evidence of hemorrhage
neurology_ischemic stroke_5	SYMPTOM	889	912	early signs of ischemia
neurology_ischemic stroke_5	PROCEDURE	965	1006	MRI Brain with Diffusion-Weighted Imaging
neurology_ischemic stroke_5	DISEASE	1052	1073	acute ischemic stroke
neurology_ischemic stroke_5	PROCEDURE	1104	1122	Cardiac Evaluation
neurology_ischemic stroke_5	PROCEDURE	1126	1143	ECG and telemetry
neurology_ischemic stroke_5	PROCEDURE	1197	1218	Serum troponin levels
neurology_ischemic stroke_5	PROCEDURE	1246	1262	Echocardiography
neurology_ischemic stroke_5	DISEASE	1272	1331	no significant valvular disease or cardiac source of emboli
neurology_ischemic stroke_5	PROCEDURE	1339	1355	Vascular Imaging
neurology_ischemic stroke_5	PROCEDURE	1359	1383	MRA of the head and neck
neurology_ischemic stroke_5	OBSERVATION	1416	1480	identified moderate stenosis in the left internal carotid artery
neurology_ischemic stroke_5	PROCEDURE	1488	1504	Laboratory Tests
neurology_ischemic stroke_5	PROCEDURE	1508	1511	CBC
neurology_ischemic stroke_5	PROCEDURE	1513	1528	metabolic panel
neurology_ischemic stroke_5	PROCEDURE	1530	1536	PT/PTT
neurology_ischemic stroke_5	PROCEDURE	1538	1553	fasting glucose
neurology_ischemic stroke_5	PROCEDURE	1575	1588	lipid profile
neurology_ischemic stroke_5	PROCEDURE	1699	1728	Hospital Course and Treatment
neurology_ischemic stroke_5	MEDICATION	1775	1824	IV recombinant tissue plasminogen activator (tPA)
neurology_ischemic stroke_6	SYMPTOM	304	348	right-sided weakness and difficulty speaking
neurology_ischemic stroke_6	DISEASE	632	657	moderate to severe stroke
neurology_ischemic stroke_6	PROCEDURE	688	727	urgent non-contrast CT scan of the head
neurology_ischemic stroke_6	OBSERVATION	765	798	revealing early signs of ischemia
neurology_ischemic stroke_6	OBSERVATION	858	883	no evidence of hemorrhage
neurology_ischemic stroke_6	PROCEDURE	905	927	diffusion-weighted MRI
neurology_ischemic stroke_6	PROCEDURE	996	1014	Cardiac evaluation
neurology_ischemic stroke_6	PROCEDURE	1027	1030	ECG
neurology_ischemic stroke_6	PROCEDURE	1054	1063	telemetry
neurology_ischemic stroke_6	PROCEDURE	1146	1160	echocardiogram
neurology_ischemic stroke_6	OBSERVATION	1168	1200	normal left ventricular function
neurology_ischemic stroke_6	PROCEDURE	1248	1272	CTA of the head and neck
neurology_ischemic stroke_6	PROCEDURE	1277	1299	duplex ultrasonography
neurology_ischemic stroke_6	DISEASE	1328	1340	70% stenosis
neurology_ischemic stroke_6	PROCEDURE	1387	1403	Laboratory tests
neurology_ischemic stroke_6	PROCEDURE	1414	1417	CBC
neurology_ischemic stroke_6	PROCEDURE	1419	1434	metabolic panel
neurology_ischemic stroke_6	PROCEDURE	1436	1442	PT/PTT
neurology_ischemic stroke_6	PROCEDURE	1481	1494	lipid profile
neurology_ischemic stroke_6	MEDICATION	1629	1649	IV antihypertensives
neurology_ischemic stroke_6	PROCEDURE	1770	1790	thrombolytic therapy
neurology_ischemic stroke_6	MEDICATION	1812	1858	recombinant tissue plasminogen activator (tPA)
neurology_ischemic stroke_7	SYMPTOM	400	435	sudden onset of left-sided weakness
neurology_ischemic stroke_7	SYMPTOM	440	459	difficulty speaking
neurology_ischemic stroke_7	DISEASE	539	551	Hypertension
neurology_ischemic stroke_7	DISEASE	556	580	Type 2 diabetes mellitus
neurology_ischemic stroke_7	DISEASE	585	625	Previous transient ischemic attack (TIA)
neurology_ischemic stroke_7	SYMPTOM	769	777	afebrile
neurology_ischemic stroke_7	PROCEDURE	783	807	neurological examination
neurology_ischemic stroke_7	SYMPTOM	817	834	left facial droop
neurology_ischemic stroke_7	SYMPTOM	836	861	left arm and leg weakness
neurology_ischemic stroke_7	SYMPTOM	867	881	slurred speech
neurology_ischemic stroke_7	PROCEDURE	1023	1035	Neuroimaging
neurology_ischemic stroke_7	PROCEDURE	1041	1073	non-contrast CT scan of the head
neurology_ischemic stroke_7	OBSERVATION	1101	1134	showing no evidence of hemorrhage
neurology_ischemic stroke_7	PROCEDURE	1149	1184	MRI with diffusion-weighted imaging
neurology_ischemic stroke_7	PROCEDURE	1287	1305	Cardiac Evaluation
neurology_ischemic stroke_7	PROCEDURE	1309	1326	ECG and telemetry
neurology_ischemic stroke_7	OBSERVATION	1334	1353	normal sinus rhythm
neurology_ischemic stroke_7	DISEASE	1366	1398	mild elevation in serum troponin
neurology_ischemic stroke_7	PROCEDURE	1410	1426	Echocardiography
neurology_ischemic stroke_7	DISEASE	1436	1464	left ventricular hypertrophy
neurology_ischemic stroke_7	PROCEDURE	1494	1510	Vascular Imaging
neurology_ischemic stroke_7	PROCEDURE	1514	1538	CTA of the head and neck
neurology_ischemic stroke_7	DISEASE	1550	1570	significant stenosis
neurology_ischemic stroke_7	PROCEDURE	1615	1626	Blood Tests
neurology_ischemic stroke_7	PROCEDURE	1630	1633	CBC
neurology_ischemic stroke_7	PROCEDURE	1635	1650	metabolic panel
neurology_ischemic stroke_7	PROCEDURE	1652	1658	PT/PTT
neurology_ischemic stroke_7	PROCEDURE	1660	1675	fasting glucose
neurology_ischemic stroke_7	PROCEDURE	1681	1694	lipid profile
neurology_ischemic stroke_7	DISEASE	1778	1804	poorly controlled diabetes
neurology_ischemic stroke_7	PROCEDURE	1809	1818	Treatment
neurology_ischemic stroke_7	PROCEDURE	1828	1839	Acute Phase
neurology_ischemic stroke_7	MEDICATION	1884	1942	intravenous recombinant tissue plasminogen activator (tPA)
neurology_ischemic stroke_8	DISEASE	279	300	Acute Ischemic Stroke
neurology_ischemic stroke_8	SYMPTOM	428	471	left-sided weakness and difficulty speaking
neurology_ischemic stroke_8	PROCEDURE	655	678	Bedside glucose testing
neurology_ischemic stroke_8	OBSERVATION	706	729	yielding normal results
neurology_ischemic stroke_8	PROCEDURE	735	754	urgent head CT scan
neurology_ischemic stroke_8	OBSERVATION	785	817	revealing no signs of hemorrhage
neurology_ischemic stroke_8	PROCEDURE	847	867	thrombolytic therapy
neurology_ischemic stroke_8	PROCEDURE	871	893	diffusion-weighted MRI
neurology_ischemic stroke_8	DISEASE	923	944	acute ischemic stroke
neurology_ischemic stroke_8	PROCEDURE	992	1006	Cardiac workup
neurology_ischemic stroke_8	PROCEDURE	1017	1020	ECG
neurology_ischemic stroke_8	PROCEDURE	1022	1031	telemetry
neurology_ischemic stroke_8	PROCEDURE	1033	1047	serum troponin
neurology_ischemic stroke_8	PROCEDURE	1053	1069	echocardiography
neurology_ischemic stroke_8	DISEASE	1142	1167	significant abnormalities
neurology_ischemic stroke_8	PROCEDURE	1169	1211	Vascular imaging with CT angiography (CTA)
neurology_ischemic stroke_8	DISEASE	1225	1237	70% stenosis
neurology_ischemic stroke_8	PROCEDURE	1276	1287	Blood tests
neurology_ischemic stroke_8	PROCEDURE	1298	1301	CBC
neurology_ischemic stroke_8	PROCEDURE	1303	1318	metabolic panel
neurology_ischemic stroke_8	PROCEDURE	1320	1326	PT/PTT
neurology_ischemic stroke_8	PROCEDURE	1328	1343	fasting glucose
neurology_ischemic stroke_8	PROCEDURE	1345	1359	Hemoglobin A1C
neurology_ischemic stroke_8	PROCEDURE	1365	1378	lipid profile
neurology_ischemic stroke_8	DISEASE	1416	1440	elevated LDL cholesterol
neurology_ischemic stroke_8	MEDICATION	1478	1527	IV recombinant tissue plasminogen activator (tPA)
neurology_ischemic stroke_8	MEDICATION	1843	1846	tPA
neurology_ischemic stroke_8	PROCEDURE	1873	1893	thrombolytic therapy
neurology_ischemic stroke_8	OBSERVATION	1895	1918	significant improvement
neurology_ischemic stroke_8	PROCEDURE	1981	1996	Aspirin therapy
neurology_ischemic stroke_9	SYMPTOM	426	445	left-sided weakness
neurology_ischemic stroke_9	SYMPTOM	450	469	difficulty speaking
neurology_ischemic stroke_9	SYMPTOM	663	682	left-sided weakness
neurology_ischemic stroke_9	SYMPTOM	687	701	slurred speech
neurology_ischemic stroke_9	DISEASE	885	897	Hypertension
neurology_ischemic stroke_9	MEDICATION	915	925	lisinopril
neurology_ischemic stroke_9	DISEASE	942	966	Type 2 Diabetes Mellitus
neurology_ischemic stroke_9	PROCEDURE	981	1010	metformin 1000 mg twice daily
neurology_ischemic stroke_9	DISEASE	1015	1029	Hyperlipidemia
neurology_ischemic stroke_9	MEDICATION	1034	1046	atorvastatin
neurology_ischemic stroke_9	MEDICATION	1101	1111	Lisinopril
neurology_ischemic stroke_9	PROCEDURE	1128	1157	Metformin 1000 mg twice daily
neurology_ischemic stroke_9	MEDICATION	1162	1174	Atorvastatin
neurology_ischemic stroke_9	PROCEDURE	1235	1255	Physical Examination
neurology_ischemic stroke_9	PROCEDURE	1310	1334	Neurological Examination
neurology_ischemic stroke_9	PROCEDURE	1338	1349	NIHSS score
neurology_ischemic stroke_9	OBSERVATION	1358	1393	indicating moderate stroke severity
neurology_ischemic stroke_9	OBSERVATION	1395	1411	Notable findings
neurology_ischemic stroke_9	SYMPTOM	1421	1438	left facial droop
neurology_ischemic stroke_9	SYMPTOM	1440	1465	left arm and leg weakness
neurology_ischemic stroke_9	SYMPTOM	1471	1485	slurred speech
neurology_ischemic stroke_9	SYMPTOM	1511	1534	Regular rate and rhythm
neurology_ischemic stroke_9	SYMPTOM	1536	1546	no murmurs
neurology_ischemic stroke_9	OBSERVATION	1569	1602	Clear to auscultation bilaterally
neurology_ischemic stroke_9	OBSERVATION	1627	1639	Unremarkable
neurology_ischemic stroke_9	PROCEDURE	1644	1661	Diagnostic Workup
neurology_ischemic stroke_9	PROCEDURE	1671	1679	CT Brain
neurology_ischemic stroke_9	OBSERVATION	1719	1752	showing no evidence of hemorrhage
neurology_ischemic stroke_9	SYMPTOM	5220	5239	left-sided weakness
neurology_ischemic stroke_9	SYMPTOM	5244	5263	difficulty speaking
neurology_ischemic stroke_9	SYMPTOM	5457	5476	left-sided weakness
neurology_ischemic stroke_9	SYMPTOM	5481	5495	slurred speech
neurology_ischemic stroke_9	DISEASE	5679	5691	Hypertension
neurology_ischemic stroke_9	MEDICATION	5709	5719	lisinopril
neurology_ischemic stroke_9	DISEASE	5736	5760	Type 2 Diabetes Mellitus
neurology_ischemic stroke_9	PROCEDURE	5775	5804	metformin 1000 mg twice daily
neurology_ischemic stroke_9	DISEASE	5809	5823	Hyperlipidemia
neurology_ischemic stroke_9	MEDICATION	5828	5840	atorvastatin
neurology_ischemic stroke_9	MEDICATION	5895	5905	Lisinopril
neurology_ischemic stroke_9	PROCEDURE	5922	5951	Metformin 1000 mg twice daily
neurology_ischemic stroke_9	MEDICATION	5956	5968	Atorvastatin
neurology_ischemic stroke_9	PROCEDURE	6029	6049	Physical Examination
neurology_ischemic stroke_9	PROCEDURE	6104	6128	Neurological Examination
neurology_ischemic stroke_9	PROCEDURE	6132	6143	NIHSS score
neurology_ischemic stroke_9	OBSERVATION	6152	6187	indicating moderate stroke severity
neurology_ischemic stroke_9	OBSERVATION	6189	6205	Notable findings
neurology_ischemic stroke_9	SYMPTOM	6215	6232	left facial droop
neurology_ischemic stroke_9	SYMPTOM	6234	6259	left arm and leg weakness
neurology_ischemic stroke_9	SYMPTOM	6265	6279	slurred speech
neurology_ischemic stroke_9	SYMPTOM	6305	6328	Regular rate and rhythm
neurology_ischemic stroke_9	SYMPTOM	6330	6340	no murmurs
neurology_ischemic stroke_9	OBSERVATION	6363	6396	Clear to auscultation bilaterally
neurology_ischemic stroke_9	OBSERVATION	6421	6433	Unremarkable
neurology_ischemic stroke_9	PROCEDURE	6438	6455	Diagnostic Workup
neurology_ischemic stroke_9	PROCEDURE	6465	6473	CT Brain
neurology_ischemic stroke_9	OBSERVATION	6513	6546	showing no evidence of hemorrhage
traumatology_ankle fractures_0	SYMPTOM	549	601	The patient complained of severe pain in both ankles
traumatology_ankle fractures_0	SYMPTOM	608	637	notable swelling and bruising
traumatology_ankle fractures_0	SYMPTOM	662	713	The patient was unable to bear weight on either leg
traumatology_ankle fractures_0	PROCEDURE	718	738	immediate assessment
traumatology_ankle fractures_0	PROCEDURE	749	767	Ottawa ankle rules
traumatology_ankle fractures_0	PROCEDURE	911	929	Diagnostic Imaging
traumatology_ankle fractures_0	PROCEDURE	951	963	ankle x-rays
traumatology_ankle fractures_0	OBSERVATION	1160	1196	suggestion of tibiotalar subluxation
traumatology_ankle fractures_0	OBSERVATION	1198	1269	indicating possible deltoid ligament injury and ankle joint instability
traumatology_ankle fractures_0	PROCEDURE	1389	1399	knee x-ray
traumatology_ankle fractures_0	PROCEDURE	1551	1563	pain control
traumatology_ankle fractures_0	MEDICATION	1571	1587	Ibuprofen 400 mg
traumatology_ankle fractures_0	PROCEDURE	1625	1640	ice application
traumatology_ankle fractures_0	PROCEDURE	1800	1843	open reduction and internal fixation (ORIF)
traumatology_ankle fractures_1	SYMPTOM	621	664	inability to bear weight on his right ankle
traumatology_ankle fractures_1	SYMPTOM	683	763	the patient exhibited significant swelling and tenderness around the ankle joint
traumatology_ankle fractures_1	SYMPTOM	821	836	bone tenderness
traumatology_ankle fractures_1	SYMPTOM	845	869	inability to bear weight
traumatology_ankle fractures_1	OBSERVATION	1055	1077	suggesting instability
traumatology_ankle fractures_1	PROCEDURE	1082	1112	external rotation stress x-ray
traumatology_ankle fractures_1	OBSERVATION	1128	1166	which indicated tibiotalar subluxation
traumatology_ankle fractures_1	OBSERVATION	1168	1245	raising concerns for deltoid ligament involvement and ankle joint instability
traumatology_ankle fractures_1	PROCEDURE	1249	1259	knee x-ray
traumatology_ankle fractures_1	OBSERVATION	1323	1381	which confirmed the presence of a proximal fibula fracture
traumatology_ankle fractures_1	PROCEDURE	1504	1548	open reduction with internal fixation (ORIF)
traumatology_ankle fractures_1	MEDICATION	1822	1831	Ibuprofen
traumatology_ankle fractures_1	MEDICATION	1881	1894	Acetaminophen
traumatology_ankle fractures_1	MEDICATION	1945	1954	Cefazolin
traumatology_ankle fractures_10	PROCEDURE	383	403	Physical Examination
traumatology_ankle fractures_10	SYMPTOM	573	584	severe pain
traumatology_ankle fractures_10	SYMPTOM	589	628	inability to bear weight on both ankles
traumatology_ankle fractures_10	PROCEDURE	630	650	Physical examination
traumatology_ankle fractures_10	SYMPTOM	660	668	swelling
traumatology_ankle fractures_10	SYMPTOM	670	678	bruising
traumatology_ankle fractures_10	SYMPTOM	684	713	tenderness around both ankles
traumatology_ankle fractures_10	SYMPTOM	734	749	bone tenderness
traumatology_ankle fractures_10	OBSERVATION	877	944	meeting the Ottawa ankle rules criteria for radiographic evaluation
traumatology_ankle fractures_10	PROCEDURE	974	986	Ankle x-rays
traumatology_ankle fractures_10	PROCEDURE	1156	1186	external rotation stress x-ray
traumatology_ankle fractures_10	DISEASE	1250	1273	deltoid ligament injury
traumatology_ankle fractures_10	DISEASE	1278	1301	ankle joint instability
traumatology_ankle fractures_10	OBSERVATION	1332	1355	peroneal nerve function
traumatology_ankle fractures_10	OBSERVATION	1416	1449	ruling out immediate nerve injury
traumatology_ankle fractures_10	PROCEDURE	1583	1601	Initial management
traumatology_ankle fractures_10	PROCEDURE	1611	1653	immobilization of both ankles with splints
traumatology_ankle fractures_10	PROCEDURE	1658	1667	elevation
traumatology_ankle fractures_10	MEDICATION	1748	1761	Acetaminophen
traumatology_ankle fractures_10	PROCEDURE	1864	1908	open reduction with internal fixation (ORIF)
traumatology_ankle fractures_11	PROCEDURE	353	373	Physical Examination
traumatology_ankle fractures_11	SYMPTOM	524	550	severe pain in both ankles
traumatology_ankle fractures_11	SYMPTOM	557	573	notable swelling
traumatology_ankle fractures_11	SYMPTOM	581	605	inability to bear weight
traumatology_ankle fractures_11	PROCEDURE	607	627	Physical examination
traumatology_ankle fractures_11	SYMPTOM	647	698	tenderness near the posterior edge of both malleoli
traumatology_ankle fractures_11	SYMPTOM	700	720	significant swelling
traumatology_ankle fractures_11	SYMPTOM	726	734	bruising
traumatology_ankle fractures_11	PROCEDURE	740	758	Ottawa ankle rules
traumatology_ankle fractures_11	PROCEDURE	795	807	ankle X-rays
traumatology_ankle fractures_11	SYMPTOM	829	853	inability to bear weight
traumatology_ankle fractures_11	SYMPTOM	879	889	tenderness
traumatology_ankle fractures_11	PROCEDURE	920	932	Ankle X-rays
traumatology_ankle fractures_11	OBSERVATION	1076	1098	suggesting instability
traumatology_ankle fractures_11	OBSERVATION	1155	1191	suggestion of tibiotalar subluxation
traumatology_ankle fractures_11	OBSERVATION	1263	1300	suspicious for a Maisonneuve fracture
traumatology_ankle fractures_11	PROCEDURE	1302	1332	External rotation stress X-ray
traumatology_ankle fractures_11	DISEASE	1355	1377	tibiotalar subluxation
traumatology_ankle fractures_11	OBSERVATION	1392	1415	Peroneal nerve function
traumatology_ankle fractures_11	PROCEDURE	1592	1613	surgical intervention
traumatology_ankle fractures_11	PROCEDURE	1661	1705	open reduction with internal fixation (ORIF)
traumatology_ankle fractures_11	PROCEDURE	1997	2009	pain control
traumatology_ankle fractures_11	MEDICATION	2025	2038	Acetaminophen
traumatology_ankle fractures_11	MEDICATION	2063	2072	Ibuprofen
traumatology_ankle fractures_12	SYMPTOM	495	499	pain
traumatology_ankle fractures_12	PROCEDURE	585	618	Physical Examination and Findings
traumatology_ankle fractures_12	SYMPTOM	660	682	significant tenderness
traumatology_ankle fractures_12	SYMPTOM	840	844	pain
traumatology_ankle fractures_12	SYMPTOM	846	869	Swelling and ecchymosis
traumatology_ankle fractures_12	PROCEDURE	911	929	Diagnostic Imaging
traumatology_ankle fractures_12	PROCEDURE	931	943	Ankle x-rays
traumatology_ankle fractures_12	OBSERVATION	1030	1088	revealed fractures of both the medial and lateral malleoli
traumatology_ankle fractures_12	OBSERVATION	1090	1125	suggesting an unstable ankle injury
traumatology_ankle fractures_12	PROCEDURE	1130	1160	external rotation stress x-ray
traumatology_ankle fractures_12	DISEASE	1170	1192	tibiotalar subluxation
traumatology_ankle fractures_12	OBSERVATION	1194	1231	indicative of deltoid ligament injury
traumatology_ankle fractures_12	PROCEDURE	1327	1338	knee x-rays
traumatology_ankle fractures_12	PROCEDURE	1423	1432	Treatment
traumatology_ankle fractures_12	PROCEDURE	1469	1481	pain control
traumatology_ankle fractures_12	MEDICATION	1489	1505	Ibuprofen 400 mg
traumatology_ankle fractures_12	SYMPTOM	1534	1538	pain
traumatology_ankle fractures_12	PROCEDURE	1544	1559	ice application
traumatology_ankle fractures_12	PROCEDURE	1561	1596	His leg was immobilized in a splint
traumatology_ankle fractures_13	SYMPTOM	379	405	severe pain and immobility
traumatology_ankle fractures_13	SYMPTOM	464	516	significant swelling and tenderness around the ankle
traumatology_ankle fractures_13	SYMPTOM	526	571	inability to bear weight on the affected limb
traumatology_ankle fractures_13	PROCEDURE	599	617	Initial assessment
traumatology_ankle fractures_13	SYMPTOM	696	720	inability to bear weight
traumatology_ankle fractures_13	PROCEDURE	722	734	Ankle X-rays
traumatology_ankle fractures_13	DISEASE	893	916	unstable ankle fracture
traumatology_ankle fractures_13	PROCEDURE	921	951	external rotation stress X-ray
traumatology_ankle fractures_13	DISEASE	967	995	deltoid ligament involvement
traumatology_ankle fractures_13	DISEASE	1000	1028	tibiotalar joint instability
traumatology_ankle fractures_13	DISEASE	1063	1083	Maisonneuve fracture
traumatology_ankle fractures_13	PROCEDURE	1099	1110	knee X-rays
traumatology_ankle fractures_13	DISEASE	1215	1235	Maisonneuve fracture
traumatology_ankle fractures_13	PROCEDURE	1325	1346	surgical intervention
traumatology_ankle fractures_13	PROCEDURE	1409	1453	open reduction with internal fixation (ORIF)
traumatology_ankle fractures_13	DISEASE	1526	1546	Maisonneuve fracture
traumatology_ankle fractures_13	PROCEDURE	1629	1650	Post-operative X-rays
traumatology_ankle fractures_13	OBSERVATION	1658	1710	satisfactory alignment and fixation of the fractures
traumatology_ankle fractures_13	PROCEDURE	1761	1784	pain management regimen
traumatology_ankle fractures_13	MEDICATION	1796	1818	Acetaminophen 1,000 mg
traumatology_ankle fractures_13	MEDICATION	1837	1853	Ibuprofen 400 mg
traumatology_ankle fractures_13	MEDICATION	1983	1993	Enoxaparin
traumatology_ankle fractures_13	DISEASE	2046	2068	venous thromboembolism
traumatology_ankle fractures_14	SYMPTOM	577	599	significant ankle pain
traumatology_ankle fractures_14	SYMPTOM	601	609	swelling
traumatology_ankle fractures_14	SYMPTOM	619	661	unable to bear weight on the affected limb
traumatology_ankle fractures_14	PROCEDURE	663	675	Ankle X-rays
traumatology_ankle fractures_14	OBSERVATION	823	845	initial X-ray findings
traumatology_ankle fractures_14	OBSERVATION	884	927	substantiating the need for further imaging
traumatology_ankle fractures_14	PROCEDURE	1008	1038	external rotation stress X-ray
traumatology_ankle fractures_14	OBSERVATION	1054	1087	indicating tibiotalar subluxation
traumatology_ankle fractures_14	DISEASE	1123	1146	deltoid ligament injury
traumatology_ankle fractures_14	DISEASE	1151	1174	ankle joint instability
traumatology_ankle fractures_14	PROCEDURE	1276	1287	knee X-rays
traumatology_ankle fractures_14	DISEASE	1321	1345	proximal fibula fracture
traumatology_ankle fractures_14	PROCEDURE	1417	1438	surgical intervention
traumatology_ankle fractures_14	PROCEDURE	1474	1518	open reduction with internal fixation (ORIF)
traumatology_ankle fractures_14	PROCEDURE	1825	1840	pain management
traumatology_ankle fractures_14	MEDICATION	1924	1937	Acetaminophen
traumatology_ankle fractures_15	SYMPTOM	327	338	severe pain
traumatology_ankle fractures_15	SYMPTOM	340	348	swelling
traumatology_ankle fractures_15	PROCEDURE	707	727	Physical Examination
traumatology_ankle fractures_15	SYMPTOM	845	887	Bruising was noted around the ankle region
traumatology_ankle fractures_15	SYMPTOM	889	945	The patient was unable to bear weight without assistance
traumatology_ankle fractures_15	PROCEDURE	950	971	Diagnostic Assessment
traumatology_ankle fractures_15	PROCEDURE	977	989	Ankle X-rays
traumatology_ankle fractures_15	OBSERVATION	1059	1123	which revealed fractures of both the medial and lateral malleoli
traumatology_ankle fractures_15	OBSERVATION	1125	1160	suggesting an unstable ankle injury
traumatology_ankle fractures_15	PROCEDURE	1166	1184	Ottawa ankle rules
traumatology_ankle fractures_15	OBSERVATION	1278	1311	An external rotation stress x-ray
traumatology_ankle fractures_15	OBSERVATION	1349	1398	suggesting no significant deltoid ligament injury
traumatology_ankle fractures_15	PROCEDURE	1402	1413	Knee X-rays
traumatology_ankle fractures_15	OBSERVATION	1502	1544	No proximal fibula fracture was identified
traumatology_ankle fractures_15	PROCEDURE	1738	1756	Initial management
traumatology_ankle fractures_15	PROCEDURE	1766	1787	elevation of the limb
traumatology_ankle fractures_15	PROCEDURE	1789	1804	ice application
traumatology_ankle fractures_15	PROCEDURE	1810	1819	analgesia
traumatology_ankle fractures_15	MEDICATION	1825	1834	Ibuprofen
traumatology_ankle fractures_15	MEDICATION	1860	1895	Acetaminophen 1000 mg every 6 hours
traumatology_ankle fractures_16	SYMPTOM	453	477	severe pain and swelling
traumatology_ankle fractures_16	SYMPTOM	760	805	inability to bear weight on the affected limb
traumatology_ankle fractures_16	OBSERVATION	810	839	Physical Examination Findings
traumatology_ankle fractures_16	SYMPTOM	845	875	Severe swelling and tenderness
traumatology_ankle fractures_16	SYMPTOM	908	969	Bruising and deformity around the lateral aspect of the ankle
traumatology_ankle fractures_16	SYMPTOM	973	1025	Patient was unable to bear weight without assistance
traumatology_ankle fractures_16	OBSERVATION	1030	1049	Diagnostic Findings
traumatology_ankle fractures_16	PROCEDURE	1055	1067	Ankle x-rays
traumatology_ankle fractures_16	OBSERVATION	1151	1209	revealed fractures of both the medial and lateral malleoli
traumatology_ankle fractures_16	OBSERVATION	1211	1246	indicating an unstable ankle injury
traumatology_ankle fractures_16	PROCEDURE	1253	1283	external rotation stress x-ray
traumatology_ankle fractures_16	DISEASE	1310	1333	deltoid ligament injury
traumatology_ankle fractures_16	PROCEDURE	1365	1376	Knee x-rays
traumatology_ankle fractures_16	OBSERVATION	1424	1472	which were negative for proximal fibula fracture
traumatology_ankle fractures_16	PROCEDURE	1580	1598	Initial management
traumatology_ankle fractures_16	PROCEDURE	1608	1635	immobilization of the ankle
traumatology_ankle fractures_16	PROCEDURE	1637	1640	ice
traumatology_ankle fractures_16	PROCEDURE	1642	1651	elevation
traumatology_ankle fractures_16	PROCEDURE	1657	1666	analgesia
traumatology_ankle fractures_16	MEDICATION	1672	1692	Acetaminophen 1000mg
traumatology_ankle fractures_16	MEDICATION	1711	1740	Ibuprofen 400mg every 6 hours
traumatology_ankle fractures_16	PROCEDURE	1814	1835	surgical intervention
traumatology_ankle fractures_17	PROCEDURE	663	683	Physical Examination
traumatology_ankle fractures_17	OBSERVATION	689	741	Significant swelling and bruising of the right ankle
traumatology_ankle fractures_17	OBSERVATION	745	761	Tenderness noted
traumatology_ankle fractures_17	SYMPTOM	815	856	Inability to bear weight on the right leg
traumatology_ankle fractures_17	PROCEDURE	861	879	Diagnostic Imaging
traumatology_ankle fractures_17	PROCEDURE	885	897	Ankle X-rays
traumatology_ankle fractures_17	SYMPTOM	1036	1047	instability
traumatology_ankle fractures_17	PROCEDURE	1054	1084	external rotation stress X-ray
traumatology_ankle fractures_17	DISEASE	1095	1117	tibiotalar subluxation
traumatology_ankle fractures_17	OBSERVATION	1119	1174	suggesting deltoid ligament and ankle joint instability
traumatology_ankle fractures_17	PROCEDURE	1178	1189	Knee X-rays
traumatology_ankle fractures_17	OBSERVATION	1278	1320	No proximal fibula fracture was identified
traumatology_ankle fractures_17	SYMPTOM	1434	1445	instability
traumatology_ankle fractures_17	PROCEDURE	1490	1534	open reduction with internal fixation (ORIF)
traumatology_ankle fractures_17	MEDICATION	1856	1872	Ibuprofen 400 mg
traumatology_ankle fractures_18	SYMPTOM	544	558	immediate pain
traumatology_ankle fractures_18	SYMPTOM	560	568	swelling
traumatology_ankle fractures_18	SYMPTOM	578	617	inability to bear weight on both ankles
traumatology_ankle fractures_18	PROCEDURE	623	641	Ottawa ankle rules
traumatology_ankle fractures_18	PROCEDURE	680	692	ankle x-rays
traumatology_ankle fractures_18	SYMPTOM	704	728	inability to bear weight
traumatology_ankle fractures_18	SYMPTOM	733	772	localized tenderness near both malleoli
traumatology_ankle fractures_18	PROCEDURE	803	815	Ankle x-rays
traumatology_ankle fractures_18	SYMPTOM	998	1009	instability
traumatology_ankle fractures_18	PROCEDURE	1014	1044	external rotation stress x-ray
traumatology_ankle fractures_18	DISEASE	1058	1080	tibiotalar subluxation
traumatology_ankle fractures_18	SYMPTOM	1219	1253	peroneal nerve function was intact
traumatology_ankle fractures_18	SYMPTOM	1366	1377	instability
traumatology_ankle fractures_18	PROCEDURE	1466	1527	the decision for open reduction with internal fixation (ORIF)
traumatology_ankle fractures_18	PROCEDURE	1721	1733	pain control
traumatology_ankle fractures_18	MEDICATION	1749	1768	IV Acetaminophen 1g
traumatology_ankle fractures_18	MEDICATION	1819	1853	oral Ibuprofen 400mg every 8 hours
traumatology_ankle fractures_18	MEDICATION	1858	1893	oral Acetaminophen 1g every 8 hours
traumatology_ankle fractures_19	PROCEDURE	407	450	Open Reduction and Internal Fixation (ORIF)
traumatology_ankle fractures_19	PROCEDURE	467	488	Casting of left ankle
traumatology_ankle fractures_19	SYMPTOM	651	676	immediate and severe pain
traumatology_ankle fractures_19	PROCEDURE	751	769	Initial evaluation
traumatology_ankle fractures_19	PROCEDURE	825	843	Ottawa ankle rules
traumatology_ankle fractures_19	OBSERVATION	845	881	indicating the need for ankle X-rays
traumatology_ankle fractures_19	SYMPTOM	1058	1095	indications of a Maisonneuve fracture
traumatology_ankle fractures_19	SYMPTOM	1107	1145	notable instability in the right ankle
traumatology_ankle fractures_19	OBSERVATION	1147	1175	suggesting joint instability
traumatology_ankle fractures_19	PROCEDURE	1262	1272	knee X-ray
traumatology_ankle fractures_19	OBSERVATION	1293	1346	confirming the presence of a proximal fibula fracture
traumatology_ankle fractures_19	OBSERVATION	1348	1371	Peroneal nerve function
traumatology_ankle fractures_19	SYMPTOM	1391	1448	Mr. Doe reporting difficulty in dorsiflexion at the ankle
traumatology_ankle fractures_19	PROCEDURE	1481	1496	Pain Management
traumatology_ankle fractures_19	MEDICATION	1546	1559	Acetaminophen
traumatology_ankle fractures_19	MEDICATION	1585	1594	Ibuprofen
traumatology_ankle fractures_19	MEDICATION	1703	1712	Oxycodone
traumatology_ankle fractures_2	SYMPTOM	440	465	immediate and severe pain
traumatology_ankle fractures_2	SYMPTOM	501	509	swelling
traumatology_ankle fractures_2	SYMPTOM	514	559	inability to bear weight on the affected limb
traumatology_ankle fractures_2	PROCEDURE	575	593	initial assessment
traumatology_ankle fractures_2	SYMPTOM	655	665	ankle pain
traumatology_ankle fractures_2	SYMPTOM	667	691	inability to bear weight
traumatology_ankle fractures_2	SYMPTOM	697	725	tenderness near the malleoli
traumatology_ankle fractures_2	PROCEDURE	730	748	Diagnostic Imaging
traumatology_ankle fractures_2	PROCEDURE	778	790	Ankle x-rays
traumatology_ankle fractures_2	OBSERVATION	943	984	suggesting instability in the ankle joint
traumatology_ankle fractures_2	PROCEDURE	1015	1045	external rotation stress x-ray
traumatology_ankle fractures_2	OBSERVATION	1061	1094	indicating tibiotalar subluxation
traumatology_ankle fractures_2	DISEASE	1129	1152	deltoid ligament injury
traumatology_ankle fractures_2	DISEASE	1157	1180	ankle joint instability
traumatology_ankle fractures_2	PROCEDURE	1248	1266	further assessment
traumatology_ankle fractures_2	SYMPTOM	1316	1339	Peroneal nerve function
traumatology_ankle fractures_2	OBSERVATION	1352	1395	as the patient could dorsiflex at the ankle
traumatology_ankle fractures_2	PROCEDURE	1397	1408	Knee x-rays
traumatology_ankle fractures_2	OBSERVATION	1426	1478	which showed no evidence of proximal fibula fracture
traumatology_ankle fractures_2	PROCEDURE	1567	1611	open reduction with internal fixation (ORIF)
traumatology_ankle fractures_2	PROCEDURE	1641	1700	to realign the bone fragments and stabilize the ankle joint
traumatology_ankle fractures_2	PROCEDURE	1864	1879	Pain Management
traumatology_ankle fractures_2	MEDICATION	1889	1905	Ibuprofen 400 mg
traumatology_ankle fractures_20	SYMPTOM	263	274	severe pain
traumatology_ankle fractures_20	SYMPTOM	565	589	severe pain and swelling
traumatology_ankle fractures_20	PROCEDURE	702	722	Physical Examination
traumatology_ankle fractures_20	PROCEDURE	740	760	physical examination
traumatology_ankle fractures_20	SYMPTOM	836	844	Bruising
traumatology_ankle fractures_20	OBSERVATION	920	929	Palpation
traumatology_ankle fractures_20	SYMPTOM	940	950	tenderness
traumatology_ankle fractures_20	PROCEDURE	1108	1120	Ankle x-rays
traumatology_ankle fractures_20	PROCEDURE	1289	1319	external rotation stress x-ray
traumatology_ankle fractures_20	OBSERVATION	1330	1352	tibiotalar subluxation
traumatology_ankle fractures_20	PROCEDURE	1750	1794	open reduction with internal fixation (ORIF)
traumatology_ankle fractures_20	PROCEDURE	1796	1803	Surgery
traumatology_ankle fractures_21	SYMPTOM	558	569	severe pain
traumatology_ankle fractures_21	SYMPTOM	676	711	significant swelling and tenderness
traumatology_ankle fractures_21	PROCEDURE	785	791	X-Rays
traumatology_ankle fractures_21	OBSERVATION	898	957	revealing fractures of both the medial and lateral malleoli
traumatology_ankle fractures_21	OBSERVATION	1156	1189	indicating tibiotalar subluxation
traumatology_ankle fractures_21	PROCEDURE	1272	1283	Knee x-rays
traumatology_ankle fractures_21	PROCEDURE	1705	1748	open reduction and internal fixation (ORIF)
traumatology_ankle fractures_22	SYMPTOM	704	715	severe pain
traumatology_ankle fractures_22	SYMPTOM	717	725	swelling
traumatology_ankle fractures_22	SYMPTOM	731	770	inability to bear weight on both ankles
traumatology_ankle fractures_22	PROCEDURE	772	790	Initial assessment
traumatology_ankle fractures_22	PROCEDURE	842	854	ankle x-rays
traumatology_ankle fractures_22	SYMPTOM	896	920	inability to bear weight
traumatology_ankle fractures_22	SYMPTOM	925	968	significant tenderness around both malleoli
traumatology_ankle fractures_22	PROCEDURE	996	1008	Ankle x-rays
traumatology_ankle fractures_22	SYMPTOM	1194	1225	signs of tibiotalar subluxation
traumatology_ankle fractures_22	DISEASE	1256	1279	deltoid ligament injury
traumatology_ankle fractures_22	DISEASE	1284	1307	ankle joint instability
traumatology_ankle fractures_22	PROCEDURE	1312	1342	external rotation stress x-ray
traumatology_ankle fractures_22	PROCEDURE	1481	1492	knee x-rays
traumatology_ankle fractures_22	OBSERVATION	1594	1664	The patient demonstrated full peroneal nerve function upon examination
traumatology_ankle fractures_22	PROCEDURE	1725	1737	pain control
traumatology_ankle fractures_22	PROCEDURE	1784	1806	elevation of both legs
traumatology_ankle fractures_22	OBSERVATION	1817	1825	swelling
traumatology_ankle fractures_23	SYMPTOM	505	522	severe ankle pain
traumatology_ankle fractures_23	SYMPTOM	527	551	inability to bear weight
traumatology_ankle fractures_23	SYMPTOM	607	657	significant swelling and tenderness in both ankles
traumatology_ankle fractures_23	PROCEDURE	663	681	Ottawa ankle rules
traumatology_ankle fractures_23	PROCEDURE	720	732	ankle x-rays
traumatology_ankle fractures_23	SYMPTOM	754	778	inability to bear weight
traumatology_ankle fractures_23	SYMPTOM	1024	1066	signs of potential deltoid ligament injury
traumatology_ankle fractures_23	PROCEDURE	1198	1208	knee x-ray
traumatology_ankle fractures_23	SYMPTOM	1229	1287	which thankfully did not show any proximal fibula fracture
traumatology_ankle fractures_23	PROCEDURE	1338	1368	external rotation stress x-ray
traumatology_ankle fractures_23	OBSERVATION	1384	1422	which confirmed tibiotalar subluxation
traumatology_ankle fractures_23	DISEASE	1435	1458	deltoid ligament injury
traumatology_ankle fractures_23	PROCEDURE	1533	1536	ice
traumatology_ankle fractures_23	PROCEDURE	1538	1547	elevation
traumatology_ankle fractures_23	PROCEDURE	1553	1593	immobilization of both ankles in splints
traumatology_ankle fractures_23	PROCEDURE	1685	1746	the decision for open reduction with internal fixation (ORIF)
traumatology_ankle fractures_23	PROCEDURE	1882	1903	Post-operative x-rays
traumatology_ankle fractures_23	PROCEDURE	2002	2017	pain management
traumatology_ankle fractures_23	MEDICATION	2023	2043	Acetaminophen 500 mg
traumatology_ankle fractures_24	DISEASE	361	373	hypertension
traumatology_ankle fractures_24	DISEASE	378	393	type 2 diabetes
traumatology_ankle fractures_24	SYMPTOM	543	566	acute pain and swelling
traumatology_ankle fractures_24	SYMPTOM	651	673	significant tenderness
traumatology_ankle fractures_24	SYMPTOM	729	753	inability to bear weight
traumatology_ankle fractures_24	PROCEDURE	833	838	X-ray
traumatology_ankle fractures_24	PROCEDURE	857	875	Diagnostic Imaging
traumatology_ankle fractures_24	PROCEDURE	879	891	Ankle X-rays
traumatology_ankle fractures_24	OBSERVATION	1015	1050	indicating an unstable ankle injury
traumatology_ankle fractures_24	PROCEDURE	1052	1082	External rotation stress X-ray
traumatology_ankle fractures_24	DISEASE	1101	1124	deltoid ligament injury
traumatology_ankle fractures_24	DISEASE	1129	1157	tibiotalar joint instability
traumatology_ankle fractures_24	OBSERVATION	1159	1196	No evidence of a Maisonneuve fracture
traumatology_ankle fractures_24	PROCEDURE	1231	1242	knee X-rays
traumatology_ankle fractures_24	OBSERVATION	1264	1293	which returned normal results
traumatology_ankle fractures_24	PROCEDURE	1403	1446	open reduction and internal fixation (ORIF)
traumatology_ankle fractures_24	PROCEDURE	1691	1713	Antibiotic prophylaxis
traumatology_ankle fractures_24	MEDICATION	1719	1734	Cefazolin 1g IV
traumatology_ankle fractures_24	MEDICATION	1824	1837	Acetaminophen
traumatology_ankle fractures_24	PROCEDURE	1862	1877	pain management
traumatology_ankle fractures_24	PROCEDURE	1879	1894	avoiding NSAIDs
traumatology_ankle fractures_24	DISEASE	1917	1929	hypertension
traumatology_ankle fractures_24	PROCEDURE	1937	1952	DVT prophylaxis
traumatology_ankle fractures_24	MEDICATION	1954	1964	Enoxaparin
traumatology_ankle fractures_25	PROCEDURE	337	369	History and Physical Examination
traumatology_ankle fractures_25	SYMPTOM	528	567	severe pain and swelling in both ankles
traumatology_ankle fractures_25	SYMPTOM	577	601	inability to bear weight
traumatology_ankle fractures_25	PROCEDURE	603	623	Physical examination
traumatology_ankle fractures_25	SYMPTOM	633	697	tenderness around the lateral and medial malleoli of both ankles
traumatology_ankle fractures_25	SYMPTOM	699	720	Swelling and bruising
traumatology_ankle fractures_25	PROCEDURE	733	758	Neurovascular examination
traumatology_ankle fractures_25	PROCEDURE	775	793	Ottawa ankle rules
traumatology_ankle fractures_25	SYMPTOM	857	881	inability to bear weight
traumatology_ankle fractures_25	SYMPTOM	886	915	tenderness at malleolar zones
traumatology_ankle fractures_25	PROCEDURE	920	938	Diagnostic Imaging
traumatology_ankle fractures_25	PROCEDURE	944	956	Ankle x-rays
traumatology_ankle fractures_25	DISEASE	1196	1218	tibiotalar subluxation
traumatology_ankle fractures_25	SYMPTOM	1220	1282	indicating deltoid ligament injury and ankle joint instability
traumatology_ankle fractures_25	PROCEDURE	1284	1295	Knee x-rays
traumatology_ankle fractures_25	OBSERVATION	1356	1405	confirming the presence of a Maisonneuve fracture
traumatology_ankle fractures_25	PROCEDURE	1581	1624	open reduction and internal fixation (ORIF)
traumatology_ankle fractures_25	PROCEDURE	1721	1728	Surgery
traumatology_ankle fractures_25	PROCEDURE	1819	1840	Post-operative x-rays
traumatology_ankle fractures_25	MEDICATION	2012	2023	IV morphine
traumatology_ankle fractures_26	SYMPTOM	437	461	severe pain and swelling
traumatology_ankle fractures_26	SYMPTOM	490	535	inability to bear weight on the affected limb
traumatology_ankle fractures_26	PROCEDURE	756	774	Ottawa ankle rules
traumatology_ankle fractures_26	SYMPTOM	801	825	inability to bear weight
traumatology_ankle fractures_26	PROCEDURE	827	839	Ankle X-rays
traumatology_ankle fractures_26	OBSERVATION	899	963	which revealed fractures to both the medial and lateral malleoli
traumatology_ankle fractures_26	OBSERVATION	965	1000	suggesting an unstable ankle injury
traumatology_ankle fractures_26	PROCEDURE	1006	1036	external rotation stress X-ray
traumatology_ankle fractures_26	OBSERVATION	1046	1068	tibiotalar subluxation
traumatology_ankle fractures_26	OBSERVATION	1070	1115	indicating a probable deltoid ligament injury
traumatology_ankle fractures_26	PROCEDURE	1244	1255	knee X-rays
traumatology_ankle fractures_26	OBSERVATION	1277	1335	which confirmed the presence of a proximal fibula fracture
traumatology_ankle fractures_26	DISEASE	1357	1383	Bimalleolar ankle fracture
traumatology_ankle fractures_26	OBSERVATION	1422	1465	indicating a significant syndesmosis injury
traumatology_ankle fractures_26	PROCEDURE	1504	1548	open reduction with internal fixation (ORIF)
traumatology_ankle fractures_26	MEDICATION	1881	1897	Ibuprofen 400 mg
traumatology_ankle fractures_27	DISEASE	257	277	Maisonneuve Fracture
traumatology_ankle fractures_27	SYMPTOM	463	507	significant pain and swelling in both ankles
traumatology_ankle fractures_27	SYMPTOM	517	556	inability to bear weight on either foot
traumatology_ankle fractures_27	PROCEDURE	596	608	ankle x-rays
traumatology_ankle fractures_27	DISEASE	697	722	bilateral ankle fractures
traumatology_ankle fractures_27	PROCEDURE	869	879	knee x-ray
traumatology_ankle fractures_27	DISEASE	906	930	proximal fibula fracture
traumatology_ankle fractures_27	DISEASE	947	967	Maisonneuve fracture
traumatology_ankle fractures_27	DISEASE	1074	1094	Maisonneuve fracture
traumatology_ankle fractures_27	PROCEDURE	1119	1163	open reduction with internal fixation (ORIF)
traumatology_ankle fractures_27	MEDICATION	1535	1544	Ibuprofen
traumatology_ankle fractures_27	MEDICATION	1596	1609	Acetaminophen
traumatology_ankle fractures_27	MEDICATION	1662	1672	Enoxaparin
traumatology_ankle fractures_27	MEDICATION	1805	1815	Cephalexin
traumatology_ankle fractures_27	PROCEDURE	1900	1916	Physical therapy
traumatology_ankle fractures_28	SYMPTOM	534	545	severe pain
traumatology_ankle fractures_28	SYMPTOM	547	555	swelling
traumatology_ankle fractures_28	SYMPTOM	564	603	inability to bear weight on either foot
traumatology_ankle fractures_28	OBSERVATION	648	713	John exhibited tenderness around both medial and lateral malleoli
traumatology_ankle fractures_28	SYMPTOM	720	754	pronounced swelling and ecchymosis
traumatology_ankle fractures_28	PROCEDURE	760	778	Ottawa ankle rules
traumatology_ankle fractures_28	SYMPTOM	853	877	inability to bear weight
traumatology_ankle fractures_28	PROCEDURE	965	977	Ankle x-rays
traumatology_ankle fractures_28	PROCEDURE	1211	1241	external rotation stress x-ray
traumatology_ankle fractures_28	PROCEDURE	1484	1528	open reduction with internal fixation (ORIF)
traumatology_ankle fractures_29	SYMPTOM	431	442	severe pain
traumatology_ankle fractures_29	SYMPTOM	444	452	swelling
traumatology_ankle fractures_29	SYMPTOM	461	506	inability to bear weight on the affected limb
traumatology_ankle fractures_29	SYMPTOM	518	539	clinical presentation
traumatology_ankle fractures_29	PROCEDURE	659	665	X-Rays
traumatology_ankle fractures_29	OBSERVATION	833	874	suggesting instability of the ankle joint
traumatology_ankle fractures_29	PROCEDURE	880	910	External Rotation Stress X-Ray
traumatology_ankle fractures_29	OBSERVATION	938	970	indicated tibiotalar subluxation
traumatology_ankle fractures_29	OBSERVATION	972	1006	confirming deltoid ligament injury
traumatology_ankle fractures_29	PROCEDURE	1034	1062	Peroneal Nerve Function Test
traumatology_ankle fractures_29	OBSERVATION	1097	1123	no evidence of dysfunction
traumatology_ankle fractures_29	PROCEDURE	1129	1140	Knee X-Rays
traumatology_ankle fractures_29	PROCEDURE	1450	1468	Initial Management
traumatology_ankle fractures_29	PROCEDURE	1472	1521	Immediate immobilization of the ankle in a splint
traumatology_ankle fractures_29	PROCEDURE	1526	1535	elevation
traumatology_ankle fractures_29	SYMPTOM	1546	1554	swelling
traumatology_ankle fractures_29	PROCEDURE	1556	1571	Pain management
traumatology_ankle fractures_29	MEDICATION	1587	1596	Ibuprofen
traumatology_ankle fractures_29	MEDICATION	1622	1635	Acetaminophen
traumatology_ankle fractures_29	PROCEDURE	1682	1689	Surgery
traumatology_ankle fractures_3	SYMPTOM	425	449	severe pain and swelling
traumatology_ankle fractures_3	SYMPTOM	470	519	He was unable to bear weight on the affected limb
traumatology_ankle fractures_3	PROCEDURE	547	582	Immediate x-rays of the right ankle
traumatology_ankle fractures_3	OBSERVATION	655	714	revealing fractures of both the medial and lateral malleoli
traumatology_ankle fractures_3	OBSERVATION	716	751	indicating an unstable ankle injury
traumatology_ankle fractures_3	OBSERVATION	923	967	which suggested deltoid ligament involvement
traumatology_ankle fractures_3	DISEASE	972	1000	tibiotalar joint instability
traumatology_ankle fractures_3	OBSERVATION	1002	1063	Examination did not reveal any signs of peroneal nerve injury
traumatology_ankle fractures_3	OBSERVATION	1069	1105	dorsiflexion at the ankle was intact
traumatology_ankle fractures_3	OBSERVATION	1107	1140	ruling out a Maisonneuve fracture
traumatology_ankle fractures_3	OBSERVATION	1202	1249	which did not show any proximal fibula fracture
traumatology_ankle fractures_3	PROCEDURE	1633	1647	immobilization
traumatology_ankle fractures_3	PROCEDURE	1652	1661	elevation
traumatology_ankle fractures_3	PROCEDURE	1695	1710	Pain management
traumatology_ankle fractures_3	MEDICATION	1723	1739	IV Acetaminophen
traumatology_ankle fractures_3	MEDICATION	1795	1804	Ibuprofen
traumatology_ankle fractures_3	MEDICATION	1851	1860	Oxycodone
traumatology_ankle fractures_3	PROCEDURE	1906	1928	Antibiotic prophylaxis
traumatology_ankle fractures_3	MEDICATION	1967	1982	Cefazolin 2g IV
traumatology_ankle fractures_30	SYMPTOM	539	550	severe pain
traumatology_ankle fractures_30	SYMPTOM	552	560	swelling
traumatology_ankle fractures_30	SYMPTOM	566	605	inability to bear weight on both ankles
traumatology_ankle fractures_30	OBSERVATION	610	627	Clinical Findings
traumatology_ankle fractures_30	SYMPTOM	651	673	significant tenderness
traumatology_ankle fractures_30	PROCEDURE	725	737	Ankle x-rays
traumatology_ankle fractures_30	SYMPTOM	842	854	displacement
traumatology_ankle fractures_30	PROCEDURE	887	905	Ottawa ankle rules
traumatology_ankle fractures_30	SYMPTOM	928	952	inability to bear weight
traumatology_ankle fractures_30	PROCEDURE	1021	1051	external rotation stress x-ray
traumatology_ankle fractures_30	DISEASE	1062	1084	tibiotalar subluxation
traumatology_ankle fractures_30	DISEASE	1112	1135	deltoid ligament injury
traumatology_ankle fractures_30	OBSERVATION	1140	1157	joint instability
traumatology_ankle fractures_30	PROCEDURE	1260	1271	knee x-rays
traumatology_ankle fractures_30	PROCEDURE	1331	1340	Treatment
traumatology_ankle fractures_30	PROCEDURE	1382	1394	pain control
traumatology_ankle fractures_30	MEDICATION	1401	1412	IV morphine
traumatology_ankle fractures_30	PROCEDURE	1468	1483	ice application
traumatology_ankle fractures_30	OBSERVATION	1494	1502	swelling
traumatology_ankle fractures_30	PROCEDURE	1578	1599	surgical intervention
traumatology_ankle fractures_31	SYMPTOM	517	534	severe ankle pain
traumatology_ankle fractures_31	SYMPTOM	539	563	inability to bear weight
traumatology_ankle fractures_31	PROCEDURE	565	583	Initial assessment
traumatology_ankle fractures_31	PROCEDURE	647	659	ankle x-rays
traumatology_ankle fractures_31	SYMPTOM	701	725	inability to bear weight
traumatology_ankle fractures_31	SYMPTOM	730	771	significant tenderness near both malleoli
traumatology_ankle fractures_31	PROCEDURE	789	801	Ankle x-rays
traumatology_ankle fractures_31	SYMPTOM	1024	1060	suggestion of a Maisonneuve fracture
traumatology_ankle fractures_31	PROCEDURE	1085	1095	knee x-ray
traumatology_ankle fractures_31	PROCEDURE	1191	1211	Immediate management
traumatology_ankle fractures_31	PROCEDURE	1221	1233	pain control
traumatology_ankle fractures_31	MEDICATION	1239	1250	IV morphine
traumatology_ankle fractures_31	PROCEDURE	1278	1307	immobilization of both ankles
traumatology_ankle fractures_31	PROCEDURE	1382	1426	open reduction with internal fixation (ORIF)
traumatology_ankle fractures_31	MEDICATION	1639	1653	IV antibiotics
traumatology_ankle fractures_31	MEDICATION	1655	1664	Cefazolin
traumatology_ankle fractures_31	PROCEDURE	1721	1736	pain management
traumatology_ankle fractures_31	MEDICATION	1771	1784	Acetaminophen
traumatology_ankle fractures_31	MEDICATION	1809	1818	Ibuprofen
traumatology_ankle fractures_32	SYMPTOM	405	409	pain
traumatology_ankle fractures_32	SYMPTOM	444	489	inability to bear weight on the affected limb
traumatology_ankle fractures_32	DISEASE	542	554	hypertension
traumatology_ankle fractures_32	MEDICATION	569	591	lisinopril 20 mg daily
traumatology_ankle fractures_32	DISEASE	597	612	type 2 diabetes
traumatology_ankle fractures_32	MEDICATION	630	658	metformin 500 mg twice a day
traumatology_ankle fractures_32	PROCEDURE	742	775	Physical Examination and Findings
traumatology_ankle fractures_32	OBSERVATION	797	832	significant swelling and tenderness
traumatology_ankle fractures_32	OBSERVATION	871	940	especially within 6 cm of the posterior edge of the lateral malleolus
traumatology_ankle fractures_32	OBSERVATION	942	1006	indicating the need for an x-ray based on the Ottawa ankle rules
traumatology_ankle fractures_32	PROCEDURE	1067	1085	Diagnostic Imaging
traumatology_ankle fractures_32	PROCEDURE	1089	1101	Ankle x-rays
traumatology_ankle fractures_32	OBSERVATION	1267	1296	suggesting an unstable injury
traumatology_ankle fractures_32	PROCEDURE	1301	1331	external rotation stress x-ray
traumatology_ankle fractures_32	DISEASE	1342	1364	tibiotalar subluxation
traumatology_ankle fractures_32	DISEASE	1387	1410	deltoid ligament damage
traumatology_ankle fractures_32	PROCEDURE	1485	1496	knee x-rays
traumatology_ankle fractures_32	OBSERVATION	1518	1576	which confirmed the presence of a proximal fibula fracture
traumatology_ankle fractures_32	PROCEDURE	1621	1645	Treatment and Management
traumatology_ankle fractures_32	PROCEDURE	1653	1671	Initial Management
traumatology_ankle fractures_32	PROCEDURE	1730	1744	immobilization
traumatology_ankle fractures_32	PROCEDURE	1749	1764	ice application
traumatology_ankle fractures_32	MEDICATION	1807	1827	acetaminophen 650 mg
traumatology_ankle fractures_33	SYMPTOM	363	374	severe pain
traumatology_ankle fractures_33	SYMPTOM	379	422	inability to bear weight on his right ankle
traumatology_ankle fractures_33	DISEASE	448	460	Hypertension
traumatology_ankle fractures_33	MEDICATION	462	488	controlled with medication
traumatology_ankle fractures_33	OBSERVATION	525	578	No prior history of fractures or significant injuries
traumatology_ankle fractures_33	OBSERVATION	623	681	Significant swelling and tenderness around the right ankle
traumatology_ankle fractures_33	SYMPTOM	684	722	Unable to bear weight on the right leg
traumatology_ankle fractures_33	OBSERVATION	725	761	No open wounds or deformity observed
traumatology_ankle fractures_33	PROCEDURE	821	837	Diagnostic Tests
traumatology_ankle fractures_33	PROCEDURE	846	871	X-rays of the right ankle
traumatology_ankle fractures_33	OBSERVATION	1034	1069	indicating an unstable ankle injury
traumatology_ankle fractures_33	PROCEDURE	1079	1109	external rotation stress x-ray
traumatology_ankle fractures_33	OBSERVATION	1127	1168	which confirmed no tibiotalar subluxation
traumatology_ankle fractures_33	PROCEDURE	1259	1270	knee x-rays
traumatology_ankle fractures_33	OBSERVATION	1293	1340	which did not show any proximal fibula fracture
traumatology_ankle fractures_33	OBSERVATION	1342	1375	ruling out a Maisonneuve fracture
traumatology_ankle fractures_33	SYMPTOM	1456	1510	without tibiotalar subluxation or Maisonneuve fracture
traumatology_ankle fractures_33	PROCEDURE	1515	1524	Treatment
traumatology_ankle fractures_33	PROCEDURE	1597	1641	open reduction with internal fixation (ORIF)
traumatology_ankle fractures_34	SYMPTOM	675	686	severe pain
traumatology_ankle fractures_34	PROCEDURE	760	780	Physical Examination
traumatology_ankle fractures_34	SYMPTOM	875	885	Tenderness
traumatology_ankle fractures_34	PROCEDURE	1163	1175	Ankle x-rays
traumatology_ankle fractures_34	OBSERVATION	1631	1676	indicating a high degree of ankle instability
traumatology_ankle fractures_34	PROCEDURE	1681	1705	Treatment and Management
traumatology_ankle fractures_34	PROCEDURE	1758	1779	surgical intervention
traumatology_ankle fractures_34	PROCEDURE	1819	1863	open reduction with internal fixation (ORIF)
traumatology_ankle fractures_35	PROCEDURE	718	738	Physical Examination
traumatology_ankle fractures_35	OBSERVATION	832	904	The patient exhibited significant pain when attempting to move the ankle
traumatology_ankle fractures_35	OBSERVATION	906	946	No open wounds or neurovascular deficits
traumatology_ankle fractures_35	PROCEDURE	962	980	Diagnostic Imaging
traumatology_ankle fractures_35	PROCEDURE	990	996	X-Rays
traumatology_ankle fractures_35	OBSERVATION	1164	1199	suggesting an unstable ankle injury
traumatology_ankle fractures_35	PROCEDURE	1205	1235	External Rotation Stress X-Ray
traumatology_ankle fractures_35	OBSERVATION	1271	1310	indicated slight tibiotalar subluxation
traumatology_ankle fractures_35	OBSERVATION	1312	1356	raising concerns for deltoid ligament injury
traumatology_ankle fractures_35	PROCEDURE	1409	1419	Knee X-Ray
traumatology_ankle fractures_35	OBSERVATION	1491	1509	which was negative
traumatology_ankle fractures_35	PROCEDURE	1514	1523	Treatment
traumatology_ankle fractures_35	PROCEDURE	1641	1662	surgical intervention
traumatology_ankle fractures_35	PROCEDURE	1708	1752	open reduction with internal fixation (ORIF)
traumatology_ankle fractures_36	DISEASE	455	467	Hypertension
traumatology_ankle fractures_36	OBSERVATION	529	585	No previous history of fractures or orthopedic surgeries
traumatology_ankle fractures_36	PROCEDURE	590	610	Physical Examination
traumatology_ankle fractures_36	SYMPTOM	633	668	Significant swelling and tenderness
traumatology_ankle fractures_36	OBSERVATION	703	757	The patient was unable to bear weight on the right leg
traumatology_ankle fractures_36	SYMPTOM	763	778	Bone tenderness
traumatology_ankle fractures_36	OBSERVATION	843	889	No open wounds or neurovascular deficits noted
traumatology_ankle fractures_36	PROCEDURE	894	912	Diagnostic Imaging
traumatology_ankle fractures_36	PROCEDURE	920	932	Ankle x-rays
traumatology_ankle fractures_36	OBSERVATION	1019	1077	revealed fractures of both the medial and lateral malleoli
traumatology_ankle fractures_36	OBSERVATION	1079	1114	suggesting an unstable ankle injury
traumatology_ankle fractures_36	SYMPTOM	1120	1157	No evidence of tibiotalar subluxation
traumatology_ankle fractures_36	PROCEDURE	1308	1319	Knee x-rays
traumatology_ankle fractures_36	OBSERVATION	1367	1407	which showed no proximal fibula fracture
traumatology_ankle fractures_36	PROCEDURE	1435	1478	Immediate immobilization of the right ankle
traumatology_ankle fractures_36	MEDICATION	1535	1551	Ibuprofen 400 mg
traumatology_ankle fractures_36	PROCEDURE	1577	1592	pain management
traumatology_ankle fractures_36	PROCEDURE	1597	1652	instructed to keep the limb elevated to reduce swelling
traumatology_ankle fractures_36	PROCEDURE	1658	1679	Surgical consultation
traumatology_ankle fractures_36	PROCEDURE	1727	1771	open reduction with internal fixation (ORIF)
traumatology_ankle fractures_36	PROCEDURE	1826	1838	ORIF surgery
traumatology_ankle fractures_37	SYMPTOM	566	592	severe pain in both ankles
traumatology_ankle fractures_37	SYMPTOM	599	628	notable swelling and bruising
traumatology_ankle fractures_37	SYMPTOM	630	673	He was unable to bear weight on either foot
traumatology_ankle fractures_37	PROCEDURE	843	849	x-rays
traumatology_ankle fractures_37	PROCEDURE	1196	1226	external rotation stress x-ray
traumatology_ankle fractures_37	OBSERVATION	1242	1275	indicating tibiotalar subluxation
traumatology_ankle fractures_37	OBSERVATION	1295	1332	suggestive of deltoid ligament injury
traumatology_ankle fractures_37	DISEASE	1337	1360	ankle joint instability
traumatology_ankle fractures_37	PROCEDURE	1362	1373	Knee x-rays
traumatology_ankle fractures_37	PROCEDURE	1613	1631	Initial management
traumatology_ankle fractures_37	PROCEDURE	1641	1653	pain control
traumatology_ankle fractures_37	MEDICATION	1659	1670	IV morphine
traumatology_ankle fractures_37	PROCEDURE	1716	1748	application of ice and elevation
traumatology_ankle fractures_37	PROCEDURE	1814	1821	surgery
traumatology_ankle fractures_38	SYMPTOM	566	577	severe pain
traumatology_ankle fractures_38	SYMPTOM	579	587	swelling
traumatology_ankle fractures_38	SYMPTOM	593	632	inability to bear weight on both ankles
traumatology_ankle fractures_38	PROCEDURE	688	718	Initial evaluation with X-rays
traumatology_ankle fractures_38	OBSERVATION	813	872	The left ankle showed a displaced medial malleolus fracture
traumatology_ankle fractures_38	SYMPTOM	904	946	signs suggestive of a Maisonneuve fracture
traumatology_ankle fractures_38	PROCEDURE	1042	1072	external rotation stress X-ray
traumatology_ankle fractures_38	OBSERVATION	1107	1139	revealing tibiotalar subluxation
traumatology_ankle fractures_38	PROCEDURE	1207	1218	Knee X-rays
traumatology_ankle fractures_38	OBSERVATION	1283	1320	confirming a proximal fibula fracture
traumatology_ankle fractures_38	PROCEDURE	1324	1347	Peroneal nerve function
traumatology_ankle fractures_38	OBSERVATION	1362	1395	revealing no significant deficits
traumatology_ankle fractures_38	PROCEDURE	1419	1427	Surgical
traumatology_ankle fractures_38	PROCEDURE	1475	1519	open reduction with internal fixation (ORIF)
traumatology_ankle fractures_38	PROCEDURE	1657	1661	ORIF
traumatology_ankle fractures_38	PROCEDURE	1753	1768	Pain Management
traumatology_ankle fractures_38	MEDICATION	1772	1781	Ibuprofen
traumatology_ankle fractures_39	DISEASE	218	243	Bilateral ankle fractures
traumatology_ankle fractures_39	DISEASE	259	279	Maisonneuve fracture
traumatology_ankle fractures_39	SYMPTOM	458	468	acute pain
traumatology_ankle fractures_39	SYMPTOM	473	512	inability to bear weight on both ankles
traumatology_ankle fractures_39	PROCEDURE	514	532	Initial assessment
traumatology_ankle fractures_39	SYMPTOM	570	645	significant swelling and tenderness around both medial and lateral malleoli
traumatology_ankle fractures_39	PROCEDURE	651	669	Ottawa ankle rules
traumatology_ankle fractures_39	PROCEDURE	708	720	ankle x-rays
traumatology_ankle fractures_39	SYMPTOM	753	777	inability to bear weight
traumatology_ankle fractures_39	SYMPTOM	783	816	bone tenderness near the malleoli
traumatology_ankle fractures_39	PROCEDURE	819	825	X-rays
traumatology_ankle fractures_39	DISEASE	899	924	bilateral ankle fractures
traumatology_ankle fractures_39	DISEASE	951	986	displaced medial malleolus fracture
traumatology_ankle fractures_39	DISEASE	1052	1072	Maisonneuve fracture
traumatology_ankle fractures_39	PROCEDURE	1077	1107	external rotation stress x-ray
traumatology_ankle fractures_39	DISEASE	1138	1160	tibiotalar subluxation
traumatology_ankle fractures_39	DISEASE	1175	1198	deltoid ligament injury
traumatology_ankle fractures_39	DISEASE	1203	1226	ankle joint instability
traumatology_ankle fractures_39	PROCEDURE	1228	1239	Knee x-rays
traumatology_ankle fractures_39	DISEASE	1297	1321	proximal fibula fracture
traumatology_ankle fractures_39	DISEASE	1341	1361	Maisonneuve fracture
traumatology_ankle fractures_39	PROCEDURE	1519	1562	open reduction and internal fixation (ORIF)
traumatology_ankle fractures_39	DISEASE	1613	1631	syndesmosis injury
traumatology_ankle fractures_39	PROCEDURE	1646	1653	Surgery
traumatology_ankle fractures_39	PROCEDURE	1731	1752	Post-operative x-rays
traumatology_ankle fractures_39	PROCEDURE	1866	1881	pain management
traumatology_ankle fractures_39	MEDICATION	1951	1960	Ibuprofen
traumatology_ankle fractures_39	MEDICATION	2017	2030	Acetaminophen
traumatology_ankle fractures_39	MEDICATION	2099	2109	Enoxaparin
traumatology_ankle fractures_39	PROCEDURE	2163	2177	Rehabilitation
traumatology_ankle fractures_4	SYMPTOM	497	521	severe pain and swelling
traumatology_ankle fractures_4	SYMPTOM	618	663	inability to bear weight on the affected limb
traumatology_ankle fractures_4	PROCEDURE	706	726	Immediate assessment
traumatology_ankle fractures_4	OBSERVATION	741	759	Ottawa ankle rules
traumatology_ankle fractures_4	SYMPTOM	1001	1036	suggesting an unstable ankle injury
traumatology_ankle fractures_4	PROCEDURE	1103	1113	knee x-ray
traumatology_ankle fractures_4	OBSERVATION	1134	1186	which confirmed the integrity of the proximal fibula
traumatology_ankle fractures_4	OBSERVATION	1188	1221	ruling out a Maisonneuve fracture
traumatology_ankle fractures_4	PROCEDURE	1303	1333	external rotation stress x-ray
traumatology_ankle fractures_4	OBSERVATION	1349	1381	revealing tibiotalar subluxation
traumatology_ankle fractures_4	PROCEDURE	1493	1536	open reduction and internal fixation (ORIF)
traumatology_ankle fractures_4	PROCEDURE	1640	1661	surgical intervention
traumatology_ankle fractures_4	PROCEDURE	1780	1795	pain management
traumatology_ankle fractures_4	MEDICATION	1810	1823	Acetaminophen
traumatology_ankle fractures_4	MEDICATION	1850	1859	Ibuprofen
traumatology_ankle fractures_40	SYMPTOM	430	440	acute pain
traumatology_ankle fractures_40	SYMPTOM	442	450	swelling
traumatology_ankle fractures_40	SYMPTOM	456	499	inability to bear weight on the right ankle
traumatology_ankle fractures_40	PROCEDURE	501	519	Initial assessment
traumatology_ankle fractures_40	SYMPTOM	598	622	inability to bear weight
traumatology_ankle fractures_40	PROCEDURE	628	646	Diagnostic Imaging
traumatology_ankle fractures_40	PROCEDURE	652	674	Immediate ankle X-rays
traumatology_ankle fractures_40	OBSERVATION	747	801	revealing a displaced fracture of the medial malleolus
traumatology_ankle fractures_40	OBSERVATION	926	956	the injury was deemed unstable
traumatology_ankle fractures_40	DISEASE	1002	1024	tibiotalar subluxation
traumatology_ankle fractures_40	OBSERVATION	1026	1060	suggesting ankle joint instability
traumatology_ankle fractures_40	PROCEDURE	1139	1162	peroneal nerve function
traumatology_ankle fractures_40	OBSERVATION	1229	1264	showing no proximal fibula fracture
traumatology_ankle fractures_40	PROCEDURE	1313	1334	surgical intervention
traumatology_ankle fractures_40	PROCEDURE	1422	1466	open reduction with internal fixation (ORIF)
traumatology_ankle fractures_40	PROCEDURE	1512	1571	to realign the bone fragments and stabilize the ankle joint
traumatology_ankle fractures_40	MEDICATION	1909	1918	Ibuprofen
traumatology_ankle fractures_40	MEDICATION	1978	1999	Acetaminophen 1000 mg
traumatology_ankle fractures_40	MEDICATION	2064	2077	Cefazolin 1 g
traumatology_ankle fractures_41	SYMPTOM	535	546	severe pain
traumatology_ankle fractures_41	PROCEDURE	596	614	Initial evaluation
traumatology_ankle fractures_41	SYMPTOM	652	706	significant swelling and tenderness around both ankles
traumatology_ankle fractures_41	PROCEDURE	751	769	Ottawa ankle rules
traumatology_ankle fractures_41	SYMPTOM	793	817	inability to bear weight
traumatology_ankle fractures_41	SYMPTOM	823	843	localized tenderness
traumatology_ankle fractures_41	PROCEDURE	845	857	ankle x-rays
traumatology_ankle fractures_41	SYMPTOM	1079	1115	suggestion of a Maisonneuve fracture
traumatology_ankle fractures_41	PROCEDURE	1236	1255	further examination
traumatology_ankle fractures_41	SYMPTOM	1332	1369	weakness in dorsiflexion at the ankle
traumatology_ankle fractures_41	PROCEDURE	1385	1396	knee x-rays
traumatology_ankle fractures_41	OBSERVATION	1413	1484	confirming the presence of a proximal fibula fracture on the right side
traumatology_ankle fractures_41	PROCEDURE	1489	1507	Treatment Provided
traumatology_ankle fractures_41	PROCEDURE	1626	1670	open reduction with internal fixation (ORIF)
traumatology_ankle fractures_41	PROCEDURE	1691	1745	to realign the bone fragments and stabilize the injury
traumatology_ankle fractures_41	PROCEDURE	1793	1838	was treated nonsurgically with a walking boot
traumatology_ankle fractures_41	MEDICATION	1895	1939	analgesics and anti-inflammatory medications
traumatology_ankle fractures_42	SYMPTOM	302	326	inability to bear weight
traumatology_ankle fractures_42	SYMPTOM	659	683	inability to bear weight
traumatology_ankle fractures_42	PROCEDURE	765	785	Physical Examination
traumatology_ankle fractures_42	SYMPTOM	876	896	Significant swelling
traumatology_ankle fractures_42	SYMPTOM	898	908	ecchymosis
traumatology_ankle fractures_42	SYMPTOM	910	970	tenderness to palpation over the lateral and medial malleoli
traumatology_ankle fractures_42	SYMPTOM	976	1000	inability to bear weight
traumatology_ankle fractures_42	PROCEDURE	1089	1101	Ankle x-rays
traumatology_ankle fractures_42	SYMPTOM	1253	1272	slight displacement
traumatology_ankle fractures_42	SYMPTOM	1285	1296	instability
traumatology_ankle fractures_42	PROCEDURE	1305	1335	external rotation stress x-ray
traumatology_ankle fractures_42	PROCEDURE	1425	1436	knee x-rays
traumatology_ankle fractures_42	OBSERVATION	1458	1518	which did not reveal any associated proximal fibula fracture
traumatology_ankle fractures_42	OBSERVATION	1520	1553	ruling out a Maisonneuve fracture
traumatology_ankle fractures_43	SYMPTOM	439	450	severe pain
traumatology_ankle fractures_43	SYMPTOM	452	460	swelling
traumatology_ankle fractures_43	SYMPTOM	466	482	limited mobility
traumatology_ankle fractures_43	PROCEDURE	506	526	immediate assessment
traumatology_ankle fractures_43	PROCEDURE	541	559	Ottawa ankle rules
traumatology_ankle fractures_43	PROCEDURE	583	589	x-rays
traumatology_ankle fractures_43	SYMPTOM	601	625	inability to bear weight
traumatology_ankle fractures_43	SYMPTOM	630	650	localized tenderness
traumatology_ankle fractures_43	OBSERVATION	655	674	Diagnostic Findings
traumatology_ankle fractures_43	PROCEDURE	680	686	X-rays
traumatology_ankle fractures_43	OBSERVATION	810	845	suggesting an unstable ankle injury
traumatology_ankle fractures_43	PROCEDURE	864	894	external rotation stress x-ray
traumatology_ankle fractures_43	OBSERVATION	902	933	signs of tibiotalar subluxation
traumatology_ankle fractures_43	OBSERVATION	935	1001	indicating potential deltoid ligament damage and joint instability
traumatology_ankle fractures_43	PROCEDURE	1075	1086	knee x-rays
traumatology_ankle fractures_43	MEDICATION	1261	1287	pain management medication
traumatology_ankle fractures_43	MEDICATION	1303	1316	acetaminophen
traumatology_ankle fractures_43	MEDICATION	1344	1353	ibuprofen
traumatology_ankle fractures_43	OBSERVATION	1453	1472	diagnostic findings
traumatology_ankle fractures_43	PROCEDURE	1474	1495	surgical intervention
traumatology_ankle fractures_43	PROCEDURE	1556	1600	open reduction with internal fixation (ORIF)
traumatology_ankle fractures_43	PROCEDURE	1816	1838	Antibiotic prophylaxis
traumatology_ankle fractures_44	PROCEDURE	713	733	Physical Examination
traumatology_ankle fractures_44	OBSERVATION	757	777	tenderness was noted
traumatology_ankle fractures_44	OBSERVATION	904	958	The patient was unable to bear weight on the right leg
traumatology_ankle fractures_44	PROCEDURE	963	981	Diagnostic Imaging
traumatology_ankle fractures_44	PROCEDURE	1020	1032	Ankle x-rays
traumatology_ankle fractures_44	OBSERVATION	1095	1154	revealing fractures of both the medial and lateral malleoli
traumatology_ankle fractures_44	OBSERVATION	1156	1195	indicating a bimalleolar ankle fracture
traumatology_ankle fractures_44	OBSERVATION	1348	1403	No proximal fibula fracture was observed on knee x-rays
traumatology_ankle fractures_44	OBSERVATION	1405	1438	ruling out a Maisonneuve fracture
traumatology_ankle fractures_44	PROCEDURE	1443	1452	Treatment
traumatology_ankle fractures_44	PROCEDURE	1579	1626	the decision was made for surgical intervention
traumatology_ankle fractures_45	SYMPTOM	353	390	immediate and severe right ankle pain
traumatology_ankle fractures_45	SYMPTOM	471	527	exhibited significant tenderness around the ankle region
traumatology_ankle fractures_45	PROCEDURE	567	579	ankle x-rays
traumatology_ankle fractures_45	OBSERVATION	808	845	indicating an unstable ankle fracture
traumatology_ankle fractures_45	SYMPTOM	857	890	no evident tibiotalar subluxation
traumatology_ankle fractures_45	PROCEDURE	986	1016	external rotation stress x-ray
traumatology_ankle fractures_45	OBSERVATION	1032	1077	which did not show any additional instability
traumatology_ankle fractures_45	PROCEDURE	1127	1173	careful examination of peroneal nerve function
traumatology_ankle fractures_45	OBSERVATION	1175	1203	which was found to be intact
traumatology_ankle fractures_45	PROCEDURE	1209	1220	knee x-rays
traumatology_ankle fractures_45	OBSERVATION	1233	1282	These did not reveal any proximal fibula fracture
traumatology_ankle fractures_45	DISEASE	1311	1346	unstable bimalleolar ankle fracture
traumatology_ankle fractures_45	PROCEDURE	1458	1502	open reduction with internal fixation (ORIF)
traumatology_ankle fractures_45	PROCEDURE	1557	1578	Post-operative x-rays
traumatology_ankle fractures_45	PROCEDURE	1699	1721	post-operative regimen
traumatology_ankle fractures_45	PROCEDURE	1736	1751	Pain management
traumatology_ankle fractures_45	MEDICATION	1757	1770	Acetaminophen
traumatology_ankle fractures_45	MEDICATION	1815	1824	Ibuprofen
traumatology_ankle fractures_45	MEDICATION	1885	1909	Prophylactic antibiotics
traumatology_ankle fractures_45	MEDICATION	1911	1926	Cefazolin 1g IV
traumatology_ankle fractures_46	SYMPTOM	535	559	inability to bear weight
traumatology_ankle fractures_46	PROCEDURE	719	737	Ottawa ankle rules
traumatology_ankle fractures_46	SYMPTOM	954	976	inability to dorsiflex
traumatology_ankle fractures_46	PROCEDURE	1280	1311	MRI of the right ankle and knee
traumatology_ankle fractures_46	PROCEDURE	1434	1483	External rotation stress x-ray of the right ankle
traumatology_ankle fractures_46	PROCEDURE	1712	1756	open reduction with internal fixation (ORIF)
traumatology_ankle fractures_47	SYMPTOM	368	393	immediate and severe pain
traumatology_ankle fractures_47	SYMPTOM	451	473	significant tenderness
traumatology_ankle fractures_47	SYMPTOM	475	483	swelling
traumatology_ankle fractures_47	SYMPTOM	492	537	inability to bear weight on the affected limb
traumatology_ankle fractures_47	PROCEDURE	581	593	ankle X-rays
traumatology_ankle fractures_47	SYMPTOM	732	756	inability to bear weight
traumatology_ankle fractures_47	OBSERVATION	867	910	indicative of a bi-malleolar ankle fracture
traumatology_ankle fractures_47	PROCEDURE	1006	1063	further evaluation with an external rotation stress x-ray
traumatology_ankle fractures_47	DISEASE	1095	1117	tibiotalar subluxation
traumatology_ankle fractures_47	SYMPTOM	1119	1169	No evidence of a Maisonneuve fracture was observed
traumatology_ankle fractures_47	PROCEDURE	1208	1219	knee X-rays
traumatology_ankle fractures_47	OBSERVATION	1241	1262	which returned normal
traumatology_ankle fractures_47	DISEASE	1348	1370	tibiotalar subluxation
traumatology_ankle fractures_47	PROCEDURE	1390	1434	open reduction with internal fixation (ORIF)
traumatology_ankle fractures_47	PROCEDURE	1552	1573	Post-operative X-rays
traumatology_ankle fractures_47	MEDICATION	1693	1702	Ibuprofen
traumatology_ankle fractures_47	MEDICATION	1728	1741	Acetaminophen
traumatology_ankle fractures_48	SYMPTOM	341	365	severe pain and swelling
traumatology_ankle fractures_48	PROCEDURE	645	665	Physical Examination
traumatology_ankle fractures_48	SYMPTOM	687	744	tenderness was noted over the lateral and medial malleoli
traumatology_ankle fractures_48	SYMPTOM	746	804	The patient was unable to bear weight on the affected limb
traumatology_ankle fractures_48	PROCEDURE	809	827	Diagnostic Imaging
traumatology_ankle fractures_48	OBSERVATION	875	883	Findings
traumatology_ankle fractures_48	PROCEDURE	887	899	Ankle x-rays
traumatology_ankle fractures_48	OBSERVATION	1016	1048	without significant displacement
traumatology_ankle fractures_48	OBSERVATION	1050	1098	No evidence of Maisonneuve fracture was observed
traumatology_ankle fractures_48	SYMPTOM	1207	1217	tenderness
traumatology_ankle fractures_48	PROCEDURE	1312	1330	Initial Management
traumatology_ankle fractures_48	PROCEDURE	1373	1376	ice
traumatology_ankle fractures_48	PROCEDURE	1378	1387	elevation
traumatology_ankle fractures_48	MEDICATION	1393	1403	analgesics
traumatology_ankle fractures_48	PROCEDURE	1482	1501	Surgical Evaluation
traumatology_ankle fractures_48	PROCEDURE	1723	1745	Non-Surgical Treatment
traumatology_ankle fractures_49	SYMPTOM	466	477	severe pain
traumatology_ankle fractures_49	SYMPTOM	482	521	inability to bear weight on both ankles
traumatology_ankle fractures_49	PROCEDURE	523	541	Initial evaluation
traumatology_ankle fractures_49	SYMPTOM	584	623	bilateral ankle swelling and tenderness
traumatology_ankle fractures_49	SYMPTOM	687	711	inability to bear weight
traumatology_ankle fractures_49	PROCEDURE	713	725	ankle x-rays
traumatology_ankle fractures_49	DISEASE	885	901	fibular fracture
traumatology_ankle fractures_49	DISEASE	960	983	deltoid ligament injury
traumatology_ankle fractures_49	DISEASE	988	1011	ankle joint instability
traumatology_ankle fractures_49	OBSERVATION	1074	1097	peroneal nerve function
traumatology_ankle fractures_49	PROCEDURE	1164	1175	Knee x-rays
traumatology_ankle fractures_49	DISEASE	1231	1255	proximal fibula fracture
traumatology_ankle fractures_49	PROCEDURE	1462	1506	open reduction with internal fixation (ORIF)
traumatology_ankle fractures_49	PROCEDURE	1706	1725	Post-operative care
traumatology_ankle fractures_49	PROCEDURE	1735	1750	pain management
traumatology_ankle fractures_49	MEDICATION	1756	1769	Acetaminophen
traumatology_ankle fractures_49	MEDICATION	1805	1814	Ibuprofen
traumatology_ankle fractures_49	MEDICATION	1892	1902	Enoxaparin
traumatology_ankle fractures_49	PROCEDURE	2013	2035	Antibiotic prophylaxis
traumatology_ankle fractures_49	MEDICATION	2074	2089	Cefazolin 1g IV
traumatology_ankle fractures_49	PROCEDURE	2170	2192	Rehabilitation therapy
traumatology_ankle fractures_5	SYMPTOM	301	325	severe pain and swelling
traumatology_ankle fractures_5	PROCEDURE	667	687	Physical Examination
traumatology_ankle fractures_5	SYMPTOM	710	761	Severe swelling and tenderness over the right ankle
traumatology_ankle fractures_5	SYMPTOM	767	791	Positive bone tenderness
traumatology_ankle fractures_5	SYMPTOM	856	912	The patient was unable to bear weight on the right ankle
traumatology_ankle fractures_5	PROCEDURE	946	952	X-rays
traumatology_ankle fractures_5	OBSERVATION	1097	1138	suggesting instability of the ankle joint
traumatology_ankle fractures_5	PROCEDURE	1146	1176	External rotation stress x-ray
traumatology_ankle fractures_5	OBSERVATION	1180	1212	Indicated tibiotalar subluxation
traumatology_ankle fractures_5	DISEASE	1225	1248	deltoid ligament injury
traumatology_ankle fractures_5	OBSERVATION	1284	1307	Peroneal nerve function
traumatology_ankle fractures_5	OBSERVATION	1311	1324	Tested normal
traumatology_ankle fractures_5	OBSERVATION	1326	1377	ruling out significant injury to the peroneal nerve
traumatology_ankle fractures_5	DISEASE	1484	1507	deltoid ligament injury
traumatology_ankle fractures_5	DISEASE	1512	1534	tibiotalar subluxation
traumatology_ankle fractures_5	PROCEDURE	1539	1563	Treatment and Management
traumatology_ankle fractures_5	PROCEDURE	1641	1685	open reduction with internal fixation (ORIF)
traumatology_ankle fractures_5	PROCEDURE	1704	1763	to realign the bone fragments and stabilize the ankle joint
traumatology_ankle fractures_5	PROCEDURE	1814	1820	x-rays
traumatology_ankle fractures_5	MEDICATION	1899	1910	Medications
traumatology_ankle fractures_6	PROCEDURE	292	324	History and Physical Examination
traumatology_ankle fractures_6	SYMPTOM	482	506	severe pain and swelling
traumatology_ankle fractures_6	SYMPTOM	535	559	inability to bear weight
traumatology_ankle fractures_6	SYMPTOM	587	631	marked tenderness over the lateral malleolus
traumatology_ankle fractures_6	SYMPTOM	636	679	slight tenderness over the medial malleolus
traumatology_ankle fractures_6	PROCEDURE	685	703	Ottawa ankle rules
traumatology_ankle fractures_6	PROCEDURE	745	756	ankle X-ray
traumatology_ankle fractures_6	SYMPTOM	786	810	inability to bear weight
traumatology_ankle fractures_6	PROCEDURE	840	852	Ankle X-rays
traumatology_ankle fractures_6	OBSERVATION	1014	1049	suggesting an unstable ankle injury
traumatology_ankle fractures_6	PROCEDURE	1130	1151	prompting knee X-rays
traumatology_ankle fractures_6	OBSERVATION	1153	1202	which did not reveal any proximal fibula fracture
traumatology_ankle fractures_6	OBSERVATION	1204	1237	ruling out a Maisonneuve fracture
traumatology_ankle fractures_6	OBSERVATION	1293	1326	showing no tibiotalar subluxation
traumatology_ankle fractures_6	PROCEDURE	1510	1554	open reduction with internal fixation (ORIF)
traumatology_ankle fractures_6	PROCEDURE	1578	1662	to correctly align the bone fragments and maintain alignment during fracture healing
traumatology_ankle fractures_6	MEDICATION	1817	1832	Cefazolin 2g IV
traumatology_ankle fractures_6	MEDICATION	1878	1891	Acetaminophen
traumatology_ankle fractures_6	MEDICATION	1935	1944	Ibuprofen
traumatology_ankle fractures_6	MEDICATION	2008	2018	Enoxaparin
traumatology_ankle fractures_6	PROCEDURE	2128	2148	Postoperative Course
traumatology_ankle fractures_7	SYMPTOM	504	512	swelling
traumatology_ankle fractures_7	PROCEDURE	692	704	ankle X-rays
traumatology_ankle fractures_7	OBSERVATION	953	992	indicating a bimalleolar ankle fracture
traumatology_ankle fractures_7	SYMPTOM	994	1038	which suggested that the injury was unstable
traumatology_ankle fractures_7	PROCEDURE	1077	1107	external rotation stress x-ray
traumatology_ankle fractures_7	OBSERVATION	1128	1181	which did not show evidence of tibiotalar subluxation
traumatology_ankle fractures_7	SYMPTOM	1363	1411	suggesting possible injury to the peroneal nerve
traumatology_ankle fractures_7	PROCEDURE	1454	1465	Knee x-rays
traumatology_ankle fractures_7	PROCEDURE	1768	1812	open reduction with internal fixation (ORIF)
traumatology_ankle fractures_8	SYMPTOM	339	356	severe ankle pain
traumatology_ankle fractures_8	SYMPTOM	361	406	inability to bear weight on the affected limb
traumatology_ankle fractures_8	SYMPTOM	486	521	significant swelling and tenderness
traumatology_ankle fractures_8	PROCEDURE	567	585	Ottawa ankle rules
traumatology_ankle fractures_8	SYMPTOM	597	621	inability to bear weight
traumatology_ankle fractures_8	OBSERVATION	820	855	suggesting an unstable ankle injury
traumatology_ankle fractures_8	PROCEDURE	874	904	external rotation stress x-ray
traumatology_ankle fractures_8	DISEASE	915	937	tibiotalar subluxation
traumatology_ankle fractures_8	OBSERVATION	939	990	pointing towards a probable deltoid ligament injury
traumatology_ankle fractures_8	PROCEDURE	1052	1084	focused neurological examination
traumatology_ankle fractures_8	PROCEDURE	1197	1234	testing for dorsiflexion at the ankle
traumatology_ankle fractures_8	OBSERVATION	1236	1276	which Mr. Doe found painful but possible
traumatology_ankle fractures_8	OBSERVATION	1278	1310	suggesting intact nerve function
traumatology_ankle fractures_8	DISEASE	1405	1427	tibiotalar subluxation
traumatology_ankle fractures_8	PROCEDURE	1455	1499	open reduction with internal fixation (ORIF)
traumatology_ankle fractures_8	PROCEDURE	1716	1762	to immobilize the ankle and facilitate healing
traumatology_ankle fractures_8	MEDICATION	1795	1804	Ibuprofen
traumatology_ankle fractures_8	MEDICATION	1862	1875	Acetaminophen
traumatology_ankle fractures_8	MEDICATION	1933	1943	Cephalexin
traumatology_ankle fractures_9	SYMPTOM	880	904	Positive bone tenderness
traumatology_ankle fractures_9	SYMPTOM	969	1012	Inability to bear weight on the right ankle
traumatology_ankle fractures_9	PROCEDURE	1017	1035	Diagnostic Imaging
traumatology_ankle fractures_9	PROCEDURE	1043	1055	Ankle x-rays
traumatology_ankle fractures_9	OBSERVATION	1142	1201	revealing fractures of both the medial and lateral malleoli
traumatology_ankle fractures_9	PROCEDURE	1373	1384	Knee x-rays
traumatology_ankle fractures_9	PROCEDURE	1746	1790	open reduction with internal fixation (ORIF)
traumatology_distal humeral fractures_0	SYMPTOM	356	380	severe pain and swelling
traumatology_distal humeral fractures_0	SYMPTOM	592	596	pain
traumatology_distal humeral fractures_0	PROCEDURE	701	721	Physical Examination
traumatology_distal humeral fractures_0	SYMPTOM	765	772	swollen
traumatology_distal humeral fractures_0	SYMPTOM	774	793	tender to palpation
traumatology_distal humeral fractures_0	SYMPTOM	836	840	pain
traumatology_distal humeral fractures_0	PROCEDURE	842	867	Neurovascular examination
traumatology_distal humeral fractures_0	OBSERVATION	885	939	no evidence of median, radial, or ulnar nerve deficits
traumatology_distal humeral fractures_0	OBSERVATION	941	986	Distal pulses were equal to the opposite limb
traumatology_distal humeral fractures_0	OBSERVATION	993	1012	Diagnostic Findings
traumatology_distal humeral fractures_0	PROCEDURE	1022	1047	X-rays of the right elbow
traumatology_distal humeral fractures_0	OBSERVATION	1080	1124	revealed the presence of a posterior fat pad
traumatology_distal humeral fractures_0	DISEASE	1129	1167	deviation of the anterior humeral line
traumatology_distal humeral fractures_0	OBSERVATION	1169	1227	suggesting a posteriorly displaced distal humeral fracture
traumatology_distal humeral fractures_0	PROCEDURE	1235	1242	CT scan
traumatology_distal humeral fractures_0	PROCEDURE	1259	1266	CT scan
traumatology_distal humeral fractures_0	OBSERVATION	1318	1353	no involvement of the joint surface
traumatology_distal humeral fractures_0	PROCEDURE	1471	1507	open reduction and internal fixation
traumatology_distal humeral fractures_0	PROCEDURE	1576	1612	Open reduction and internal fixation
traumatology_distal humeral fractures_0	MEDICATION	1747	1762	Cefazolin 1g IV
traumatology_distal humeral fractures_1	PROCEDURE	320	352	History and Physical Examination
traumatology_distal humeral fractures_1	SYMPTOM	519	543	severe pain and swelling
traumatology_distal humeral fractures_1	PROCEDURE	563	581	Initial assessment
traumatology_distal humeral fractures_1	SYMPTOM	591	614	limited range of motion
traumatology_distal humeral fractures_1	SYMPTOM	622	639	pain and swelling
traumatology_distal humeral fractures_1	SYMPTOM	646	688	notable tenderness over the distal humerus
traumatology_distal humeral fractures_1	PROCEDURE	690	715	Neurovascular examination
traumatology_distal humeral fractures_1	OBSERVATION	732	784	no evidence of median, radial, or ulnar nerve injury
traumatology_distal humeral fractures_1	PROCEDURE	857	881	X-rays of the left elbow
traumatology_distal humeral fractures_1	OBSERVATION	907	929	posterior fat pad sign
traumatology_distal humeral fractures_1	OBSERVATION	957	1029	deviation of the anterior humeral line from the middle of the capitellum
traumatology_distal humeral fractures_1	OBSERVATION	1031	1089	suggesting a posteriorly displaced distal humeral fracture
traumatology_distal humeral fractures_1	OBSERVATION	1091	1124	No obvious supracondylar fracture
traumatology_distal humeral fractures_1	OBSERVATION	1136	1199	The radiocapitellar line did not bisect the capitellum properly
traumatology_distal humeral fractures_1	OBSERVATION	1201	1241	raising suspicion for an occult fracture
traumatology_distal humeral fractures_1	PROCEDURE	1246	1270	Treatment and Management
traumatology_distal humeral fractures_1	PROCEDURE	1360	1396	open reduction and internal fixation
traumatology_distal humeral fractures_1	PROCEDURE	1445	1452	surgery
traumatology_distal humeral fractures_1	PROCEDURE	1496	1530	immobilization and pain management
traumatology_distal humeral fractures_1	PROCEDURE	1605	1620	ice application
traumatology_distal humeral fractures_1	PROCEDURE	1642	1649	Surgery
traumatology_distal humeral fractures_10	SYMPTOM	519	523	pain
traumatology_distal humeral fractures_10	SYMPTOM	525	533	swelling
traumatology_distal humeral fractures_10	SYMPTOM	539	555	limited mobility
traumatology_distal humeral fractures_10	PROCEDURE	718	738	Physical Examination
traumatology_distal humeral fractures_10	SYMPTOM	785	792	swollen
traumatology_distal humeral fractures_10	SYMPTOM	799	839	tenderness noted over the distal humerus
traumatology_distal humeral fractures_10	SYMPTOM	884	888	pain
traumatology_distal humeral fractures_10	PROCEDURE	892	926	complete neurovascular examination
traumatology_distal humeral fractures_10	OBSERVATION	942	1006	revealing no deficits in median, radial, or ulnar nerve function
traumatology_distal humeral fractures_10	OBSERVATION	1072	1091	Diagnostic Findings
traumatology_distal humeral fractures_10	PROCEDURE	1099	1136	true lateral x-ray of the right elbow
traumatology_distal humeral fractures_10	SYMPTOM	1161	1183	posterior fat pad sign
traumatology_distal humeral fractures_10	OBSERVATION	1188	1226	deviation of the anterior humeral line
traumatology_distal humeral fractures_10	OBSERVATION	1228	1286	suggesting a posteriorly displaced distal humeral fracture
traumatology_distal humeral fractures_10	PROCEDURE	1524	1543	surgical management
traumatology_distal humeral fractures_10	PROCEDURE	1581	1625	open reduction with internal fixation (ORIF)
traumatology_distal humeral fractures_10	PROCEDURE	1751	1772	Post-operative x-rays
traumatology_distal humeral fractures_10	PROCEDURE	1833	1852	Post-Operative Care
traumatology_distal humeral fractures_10	PROCEDURE	1925	1948	pain management regimen
traumatology_distal humeral fractures_10	MEDICATION	1959	1972	Acetaminophen
traumatology_distal humeral fractures_10	MEDICATION	2016	2025	Ibuprofen
traumatology_distal humeral fractures_11	OBSERVATION	609	627	Initial assessment
traumatology_distal humeral fractures_11	PROCEDURE	723	748	X-rays of the right elbow
traumatology_distal humeral fractures_11	SYMPTOM	765	810	revealing a displaced distal humeral fracture
traumatology_distal humeral fractures_11	SYMPTOM	814	836	posterior fat pad sign
traumatology_distal humeral fractures_11	SYMPTOM	843	881	deviation of the anterior humeral line
traumatology_distal humeral fractures_11	SYMPTOM	894	952	indicating a posteriorly displaced distal humeral fracture
traumatology_distal humeral fractures_11	SYMPTOM	954	1017	The radiocapitellar line did not properly bisect the capitellum
traumatology_distal humeral fractures_11	PROCEDURE	1080	1098	Initial Management
traumatology_distal humeral fractures_11	MEDICATION	1140	1163	IV morphine sulfate 5mg
traumatology_distal humeral fractures_11	PROCEDURE	1168	1180	pain control
traumatology_distal humeral fractures_11	PROCEDURE	1182	1230	which was adjusted as needed throughout his stay
traumatology_distal humeral fractures_11	PROCEDURE	1234	1268	complete neurovascular examination
traumatology_distal humeral fractures_11	OBSERVATION	1284	1352	showing no immediate signs of nerve damage or compromised blood flow
traumatology_distal humeral fractures_11	PROCEDURE	1437	1458	Surgical Intervention
traumatology_distal humeral fractures_11	PROCEDURE	1498	1512	open reduction
traumatology_distal humeral fractures_11	PROCEDURE	1700	1721	Post-operative X-rays
traumatology_distal humeral fractures_11	MEDICATION	1860	1875	Cefazolin 1g IV
traumatology_distal humeral fractures_12	SYMPTOM	466	477	severe pain
traumatology_distal humeral fractures_12	PROCEDURE	517	535	Initial assessment
traumatology_distal humeral fractures_12	SYMPTOM	576	635	significant swelling and tenderness around the elbow region
traumatology_distal humeral fractures_12	PROCEDURE	665	698	A true lateral x-ray of the elbow
traumatology_distal humeral fractures_12	OBSERVATION	738	760	posterior fat pad sign
traumatology_distal humeral fractures_12	OBSERVATION	765	837	deviation of the anterior humeral line from the middle of the capitellum
traumatology_distal humeral fractures_12	OBSERVATION	839	897	suggesting a posteriorly displaced distal humeral fracture
traumatology_distal humeral fractures_12	OBSERVATION	899	953	The radiocapitellar line did not bisect the capitellum
traumatology_distal humeral fractures_12	OBSERVATION	955	984	indicating an occult fracture
traumatology_distal humeral fractures_12	PROCEDURE	988	1022	complete neurovascular examination
traumatology_distal humeral fractures_12	OBSERVATION	1038	1106	showing no immediate signs of nerve damage or compromised blood flow
traumatology_distal humeral fractures_12	PROCEDURE	1239	1282	open reduction and internal fixation (ORIF)
traumatology_distal humeral fractures_12	PROCEDURE	1469	1484	pain management
traumatology_distal humeral fractures_12	PROCEDURE	1489	1509	infection prevention
traumatology_distal humeral fractures_12	PROCEDURE	1515	1530	Pain Management
traumatology_distal humeral fractures_12	MEDICATION	1534	1547	Acetaminophen
traumatology_distal humeral fractures_12	PROCEDURE	1594	1614	Infection Prevention
traumatology_distal humeral fractures_12	MEDICATION	1618	1627	Cefazolin
traumatology_distal humeral fractures_12	PROCEDURE	1818	1834	Physical therapy
traumatology_distal humeral fractures_13	SYMPTOM	587	610	swelling and tenderness
traumatology_distal humeral fractures_13	PROCEDURE	643	674	true lateral x-ray of the elbow
traumatology_distal humeral fractures_13	OBSERVATION	700	722	posterior fat pad sign
traumatology_distal humeral fractures_13	DISEASE	738	752	joint effusion
traumatology_distal humeral fractures_13	SYMPTOM	758	796	deviation of the anterior humeral line
traumatology_distal humeral fractures_13	DISEASE	811	856	posteriorly displaced distal humeral fracture
traumatology_distal humeral fractures_13	PROCEDURE	883	917	complete neurovascular examination
traumatology_distal humeral fractures_13	OBSERVATION	942	1001	confirming intact median, radial, and ulnar nerves function
traumatology_distal humeral fractures_13	OBSERVATION	1007	1032	symmetrical distal pulses
traumatology_distal humeral fractures_13	PROCEDURE	1320	1366	immobilization of the right arm using a splint
traumatology_distal humeral fractures_13	MEDICATION	1381	1391	analgesics
traumatology_distal humeral fractures_13	PROCEDURE	1396	1411	pain management
traumatology_distal humeral fractures_13	MEDICATION	1413	1426	Acetaminophen
traumatology_distal humeral fractures_13	MEDICATION	1478	1487	Ibuprofen
traumatology_distal humeral fractures_13	PROCEDURE	1581	1602	surgical intervention
traumatology_distal humeral fractures_13	PROCEDURE	1669	1683	open reduction
traumatology_distal humeral fractures_14	SYMPTOM	470	481	severe pain
traumatology_distal humeral fractures_14	SYMPTOM	483	491	swelling
traumatology_distal humeral fractures_14	SYMPTOM	497	520	limited range of motion
traumatology_distal humeral fractures_14	PROCEDURE	569	580	Examination
traumatology_distal humeral fractures_14	SYMPTOM	590	625	significant swelling and tenderness
traumatology_distal humeral fractures_14	PROCEDURE	661	686	Neurovascular examination
traumatology_distal humeral fractures_14	OBSERVATION	704	756	no evidence of median, radial, or ulnar nerve injury
traumatology_distal humeral fractures_14	OBSERVATION	761	786	symmetrical distal pulses
traumatology_distal humeral fractures_14	PROCEDURE	825	862	True lateral x-ray of the right elbow
traumatology_distal humeral fractures_14	SYMPTOM	878	900	posterior fat pad sign
traumatology_distal humeral fractures_14	OBSERVATION	905	943	deviation of the anterior humeral line
traumatology_distal humeral fractures_14	PROCEDURE	1007	1029	Additional x-ray views
traumatology_distal humeral fractures_14	PROCEDURE	1096	1114	Treatment Provided
traumatology_distal humeral fractures_14	PROCEDURE	1226	1270	open reduction with internal fixation (ORIF)
traumatology_distal humeral fractures_14	PROCEDURE	1355	1376	post-operative x-rays
traumatology_distal humeral fractures_14	SYMPTOM	1475	1494	Post-operative pain
traumatology_distal humeral fractures_14	MEDICATION	1512	1523	IV Morphine
traumatology_distal humeral fractures_14	MEDICATION	1590	1608	oral Acetaminophen
traumatology_distal humeral fractures_14	MEDICATION	1634	1643	Ibuprofen
traumatology_distal humeral fractures_14	MEDICATION	1685	1700	Cefazolin 1g IV
traumatology_distal humeral fractures_15	PROCEDURE	476	505	detailed clinical examination
traumatology_distal humeral fractures_15	PROCEDURE	510	533	radiographic assessment
traumatology_distal humeral fractures_15	OBSERVATION	602	640	deviation of the anterior humeral line
traumatology_distal humeral fractures_15	PROCEDURE	646	664	true lateral x-ray
traumatology_distal humeral fractures_15	OBSERVATION	666	724	suggesting a posteriorly displaced distal humeral fracture
traumatology_distal humeral fractures_15	PROCEDURE	754	791	True lateral x-ray of the right elbow
traumatology_distal humeral fractures_15	OBSERVATION	823	861	deviation of the anterior humeral line
traumatology_distal humeral fractures_15	OBSERVATION	863	921	indicating a posteriorly displaced distal humeral fracture
traumatology_distal humeral fractures_15	OBSERVATION	925	979	The radiocapitellar line did not bisect the capitellum
traumatology_distal humeral fractures_15	OBSERVATION	981	1010	suggesting an occult fracture
traumatology_distal humeral fractures_15	PROCEDURE	1016	1050	complete neurovascular examination
traumatology_distal humeral fractures_15	SYMPTOM	1101	1132	without any noticeable deficits
traumatology_distal humeral fractures_15	PROCEDURE	1309	1330	surgical intervention
traumatology_distal humeral fractures_15	PROCEDURE	1359	1402	open reduction and internal fixation (ORIF)
traumatology_distal humeral fractures_15	MEDICATION	1626	1642	Ibuprofen 400 mg
traumatology_distal humeral fractures_15	MEDICATION	1697	1712	Paracetamol 1 g
traumatology_distal humeral fractures_15	MEDICATION	1772	1789	Cephalexin 500 mg
traumatology_distal humeral fractures_15	PROCEDURE	1866	1884	Postoperative Care
traumatology_distal humeral fractures_16	SYMPTOM	343	367	severe pain and swelling
traumatology_distal humeral fractures_16	SYMPTOM	580	584	pain
traumatology_distal humeral fractures_16	PROCEDURE	673	693	Physical Examination
traumatology_distal humeral fractures_16	SYMPTOM	740	770	marked swelling and tenderness
traumatology_distal humeral fractures_16	SYMPTOM	823	827	pain
traumatology_distal humeral fractures_16	PROCEDURE	831	865	complete neurovascular examination
traumatology_distal humeral fractures_16	OBSERVATION	881	931	revealing intact sensation and blood flow distally
traumatology_distal humeral fractures_16	PROCEDURE	1040	1064	X-rays of the left elbow
traumatology_distal humeral fractures_16	OBSERVATION	1174	1202	suggestive of joint effusion
traumatology_distal humeral fractures_16	OBSERVATION	1285	1343	indicating a posteriorly displaced distal humeral fracture
traumatology_distal humeral fractures_16	OBSERVATION	1345	1399	The radiocapitellar line did not bisect the capitellum
traumatology_distal humeral fractures_16	OBSERVATION	1401	1438	further suggesting an occult fracture
traumatology_distal humeral fractures_16	PROCEDURE	1444	1451	CT Scan
traumatology_distal humeral fractures_16	PROCEDURE	1671	1692	surgical intervention
traumatology_distal humeral fractures_16	PROCEDURE	1697	1722	neurovascular observation
traumatology_distal humeral fractures_16	PROCEDURE	1820	1863	Open Reduction and Internal Fixation (ORIF)
traumatology_distal humeral fractures_17	PROCEDURE	1138	1170	Distal neurovascular examination
traumatology_distal humeral fractures_17	PROCEDURE	1294	1300	X-rays
traumatology_distal humeral fractures_17	OBSERVATION	1333	1377	revealed a displaced distal humeral fracture
traumatology_distal humeral fractures_17	DISEASE	1415	1453	deviation of the anterior humeral line
traumatology_distal humeral fractures_17	OBSERVATION	1455	1498	suggesting a posteriorly displaced fracture
traumatology_distal humeral fractures_17	OBSERVATION	1500	1554	The radiocapitellar line did not bisect the capitellum
traumatology_distal humeral fractures_17	PROCEDURE	1591	1598	CT Scan
traumatology_distal humeral fractures_17	OBSERVATION	1635	1696	confirmed the presence of a displaced distal humeral fracture
traumatology_distal humeral fractures_18	PROCEDURE	760	780	Physical Examination
traumatology_distal humeral fractures_18	PROCEDURE	949	983	complete neurovascular examination
traumatology_distal humeral fractures_18	PROCEDURE	1096	1103	Imaging
traumatology_distal humeral fractures_18	PROCEDURE	1111	1135	X-rays of the left elbow
traumatology_distal humeral fractures_18	SYMPTOM	1163	1207	revealed a displaced distal humeral fracture
traumatology_distal humeral fractures_18	SYMPTOM	1215	1245	visible posterior fat pad sign
traumatology_distal humeral fractures_18	SYMPTOM	1247	1272	indicating joint effusion
traumatology_distal humeral fractures_18	SYMPTOM	1353	1396	suggesting a posteriorly displaced fracture
traumatology_distal humeral fractures_18	OBSERVATION	1400	1455	No abnormalities were noted in the radiocapitellar line
traumatology_distal humeral fractures_18	DISEASE	1475	1508	Displaced distal humeral fracture
traumatology_distal humeral fractures_18	PROCEDURE	1525	1554	Treatment and Hospital Course
traumatology_distal humeral fractures_18	PROCEDURE	1630	1678	An initial splint was applied for immobilization
traumatology_distal humeral fractures_18	PROCEDURE	1684	1699	pain management
traumatology_distal humeral fractures_18	MEDICATION	1719	1732	Acetaminophen
traumatology_distal humeral fractures_18	MEDICATION	1758	1767	Ibuprofen
traumatology_distal humeral fractures_19	SYMPTOM	454	486	severe pain and limited mobility
traumatology_distal humeral fractures_19	PROCEDURE	507	525	Initial assessment
traumatology_distal humeral fractures_19	SYMPTOM	535	583	swelling and deformity around the distal humerus
traumatology_distal humeral fractures_19	PROCEDURE	687	721	complete neurovascular examination
traumatology_distal humeral fractures_19	PROCEDURE	860	884	X-ray of the right elbow
traumatology_distal humeral fractures_19	DISEASE	993	1007	joint effusion
traumatology_distal humeral fractures_19	OBSERVATION	1035	1107	Deviation of the anterior humeral line from the middle of the capitellum
traumatology_distal humeral fractures_19	OBSERVATION	1122	1180	indicating a posteriorly displaced distal humeral fracture
traumatology_distal humeral fractures_19	OBSERVATION	1185	1250	The radiocapitellar line failed to bisect the capitellum properly
traumatology_distal humeral fractures_19	OBSERVATION	1252	1289	further suggesting an occult fracture
traumatology_distal humeral fractures_19	PROCEDURE	1498	1559	the decision for open reduction with internal fixation (ORIF)
traumatology_distal humeral fractures_19	PROCEDURE	1670	1691	Post-operative x-rays
traumatology_distal humeral fractures_19	PROCEDURE	1838	1853	Pain Management
traumatology_distal humeral fractures_19	MEDICATION	1882	1904	Acetaminophen 1,000 mg
traumatology_distal humeral fractures_19	MEDICATION	1930	1946	Ibuprofen 400 mg
traumatology_distal humeral fractures_19	PROCEDURE	1986	2001	Pain management
traumatology_distal humeral fractures_19	MEDICATION	2051	2062	Antibiotics
traumatology_distal humeral fractures_19	MEDICATION	2064	2080	Cefazolin 1 g IV
traumatology_distal humeral fractures_2	SYMPTOM	509	520	severe pain
traumatology_distal humeral fractures_2	SYMPTOM	522	530	swelling
traumatology_distal humeral fractures_2	SYMPTOM	536	561	decreased range of motion
traumatology_distal humeral fractures_2	PROCEDURE	584	604	physical examination
traumatology_distal humeral fractures_2	SYMPTOM	616	675	noticeable deformity and tenderness over the distal humerus
traumatology_distal humeral fractures_2	PROCEDURE	677	702	Neurovascular examination
traumatology_distal humeral fractures_2	OBSERVATION	719	737	no evident deficit
traumatology_distal humeral fractures_2	OBSERVATION	742	763	Radiological Findings
traumatology_distal humeral fractures_2	PROCEDURE	769	783	Initial X-rays
traumatology_distal humeral fractures_2	DISEASE	838	885	abnormal deviation of the anterior humeral line
traumatology_distal humeral fractures_2	DISEASE	947	1001	The radiocapitellar line did not bisect the capitellum
traumatology_distal humeral fractures_2	OBSERVATION	1003	1040	indicating a possible occult fracture
traumatology_distal humeral fractures_2	OBSERVATION	1042	1075	No evident supracondylar fracture
traumatology_distal humeral fractures_2	PROCEDURE	1440	1461	Post-operative X-rays
traumatology_distal humeral fractures_2	PROCEDURE	1528	1547	Post-operative Care
traumatology_distal humeral fractures_2	MEDICATION	1620	1629	Cefazolin
traumatology_distal humeral fractures_2	PROCEDURE	1738	1753	Pain management
traumatology_distal humeral fractures_2	MEDICATION	1763	1776	Acetaminophen
traumatology_distal humeral fractures_2	MEDICATION	1808	1817	Ibuprofen
traumatology_distal humeral fractures_2	MEDICATION	1851	1860	Oxycodone
traumatology_distal humeral fractures_20	SYMPTOM	581	610	marked swelling and deformity
traumatology_distal humeral fractures_20	PROCEDURE	613	632	Initial examination
traumatology_distal humeral fractures_20	SYMPTOM	642	684	limited range of motion in the right elbow
traumatology_distal humeral fractures_20	PROCEDURE	692	717	neurovascular examination
traumatology_distal humeral fractures_20	SYMPTOM	794	822	which was found to be intact
traumatology_distal humeral fractures_20	OBSERVATION	824	837	Distal pulses
traumatology_distal humeral fractures_20	PROCEDURE	903	935	True lateral x-rays of the elbow
traumatology_distal humeral fractures_20	OBSERVATION	963	985	posterior fat pad sign
traumatology_distal humeral fractures_20	OBSERVATION	990	1062	deviation of the anterior humeral line from the middle of the capitellum
traumatology_distal humeral fractures_20	SYMPTOM	1064	1122	suggesting a posteriorly displaced distal humeral fracture
traumatology_distal humeral fractures_20	PROCEDURE	1332	1376	open reduction with internal fixation (ORIF)
traumatology_distal humeral fractures_20	PROCEDURE	1495	1513	Treatment Provided
traumatology_distal humeral fractures_20	PROCEDURE	1568	1608	pain management and infection prevention
traumatology_distal humeral fractures_20	MEDICATION	1628	1637	Ibuprofen
traumatology_distal humeral fractures_20	MEDICATION	1694	1707	Acetaminophen
traumatology_distal humeral fractures_20	MEDICATION	1767	1777	Cephalexin
traumatology_distal humeral fractures_20	PROCEDURE	1868	1883	pharmacotherapy
traumatology_distal humeral fractures_20	PROCEDURE	1909	1922	physiotherapy
traumatology_distal humeral fractures_21	SYMPTOM	574	591	pain and swelling
traumatology_distal humeral fractures_21	PROCEDURE	611	629	Initial assessment
traumatology_distal humeral fractures_21	OBSERVATION	639	662	limited range of motion
traumatology_distal humeral fractures_21	SYMPTOM	670	687	pain and swelling
traumatology_distal humeral fractures_21	PROCEDURE	748	767	True lateral X-rays
traumatology_distal humeral fractures_21	SYMPTOM	792	814	posterior fat pad sign
traumatology_distal humeral fractures_21	SYMPTOM	819	857	deviation of the anterior humeral line
traumatology_distal humeral fractures_21	OBSERVATION	971	1008	indicating a possible occult fracture
traumatology_distal humeral fractures_21	PROCEDURE	1248	1282	complete neurovascular examination
traumatology_distal humeral fractures_21	OBSERVATION	1298	1326	noting no immediate deficits
traumatology_distal humeral fractures_21	OBSERVATION	1328	1389	The limb's distal pulses were comparable to the opposite limb
traumatology_distal humeral fractures_21	PROCEDURE	1509	1552	open reduction and internal fixation (ORIF)
traumatology_distal humeral fractures_21	MEDICATION	1864	1879	Cefazolin 1g IV
traumatology_distal humeral fractures_22	PROCEDURE	575	595	Physical Examination
traumatology_distal humeral fractures_22	PROCEDURE	617	637	physical examination
traumatology_distal humeral fractures_22	SYMPTOM	647	705	significant swelling and tenderness around the right elbow
traumatology_distal humeral fractures_22	SYMPTOM	707	764	The patient exhibited limited range of motion due to pain
traumatology_distal humeral fractures_22	PROCEDURE	768	802	complete neurovascular examination
traumatology_distal humeral fractures_22	OBSERVATION	818	882	showing intact sensation and motor function distal to the injury
traumatology_distal humeral fractures_22	SYMPTOM	889	925	no evidence of neurovascular deficit
traumatology_distal humeral fractures_22	PROCEDURE	930	948	Diagnostic Imaging
traumatology_distal humeral fractures_22	PROCEDURE	970	1009	A true lateral x-ray of the right elbow
traumatology_distal humeral fractures_22	DISEASE	1036	1058	posterior fat pad sign
traumatology_distal humeral fractures_22	DISEASE	1063	1101	deviation of the anterior humeral line
traumatology_distal humeral fractures_22	OBSERVATION	1103	1161	suggesting a posteriorly displaced distal humeral fracture
traumatology_distal humeral fractures_22	SYMPTOM	1177	1231	the radiocapitellar line did not bisect the capitellum
traumatology_distal humeral fractures_22	SYMPTOM	1233	1270	indicating a possible occult fracture
traumatology_distal humeral fractures_22	PROCEDURE	1386	1404	initial management
traumatology_distal humeral fractures_22	PROCEDURE	1414	1459	immobilization of the right elbow in a splint
traumatology_distal humeral fractures_22	PROCEDURE	1464	1492	elevation to reduce swelling
traumatology_distal humeral fractures_22	PROCEDURE	1494	1509	Pain management
traumatology_distal humeral fractures_22	MEDICATION	1529	1551	Acetaminophen 1,000 mg
traumatology_distal humeral fractures_22	MEDICATION	1570	1586	Ibuprofen 600 mg
traumatology_distal humeral fractures_22	PROCEDURE	1767	1810	Open reduction and internal fixation (ORIF)
traumatology_distal humeral fractures_23	SYMPTOM	605	616	severe pain
traumatology_distal humeral fractures_23	SYMPTOM	618	626	swelling
traumatology_distal humeral fractures_23	SYMPTOM	632	655	limited range of motion
traumatology_distal humeral fractures_23	OBSERVATION	707	738	positive posterior fat pad sign
traumatology_distal humeral fractures_23	OBSERVATION	822	851	suggesting an occult fracture
traumatology_distal humeral fractures_23	OBSERVATION	853	924	The anterior humeral line did not transect the middle of the capitellum
traumatology_distal humeral fractures_23	OBSERVATION	986	1044	indicating a posteriorly displaced distal humeral fracture
traumatology_distal humeral fractures_23	PROCEDURE	1048	1082	complete neurovascular examination
traumatology_distal humeral fractures_23	OBSERVATION	1183	1248	Distal pulses were symmetrical when compared to the opposite limb
traumatology_distal humeral fractures_23	PROCEDURE	1253	1271	Treatment Provided
traumatology_distal humeral fractures_23	PROCEDURE	1359	1403	open reduction with internal fixation (ORIF)
traumatology_distal humeral fractures_23	PROCEDURE	1607	1630	pain management regimen
traumatology_distal humeral fractures_23	MEDICATION	1641	1654	Acetaminophen
traumatology_distal humeral fractures_23	MEDICATION	1680	1689	Ibuprofen
traumatology_distal humeral fractures_23	PROCEDURE	1747	1762	as needed (PRN)
traumatology_distal humeral fractures_23	OBSERVATION	1839	1888	showing no signs of nerve or radial artery injury
traumatology_distal humeral fractures_24	SYMPTOM	364	368	pain
traumatology_distal humeral fractures_24	SYMPTOM	473	477	pain
traumatology_distal humeral fractures_24	SYMPTOM	502	529	inability to move the elbow
traumatology_distal humeral fractures_24	MEDICATION	794	813	regular medications
traumatology_distal humeral fractures_24	PROCEDURE	846	866	Physical Examination
traumatology_distal humeral fractures_24	SYMPTOM	909	936	swollen and tender to touch
traumatology_distal humeral fractures_24	SYMPTOM	976	980	pain
traumatology_distal humeral fractures_24	OBSERVATION	982	1007	Distal pulses were intact
traumatology_distal humeral fractures_24	PROCEDURE	1015	1049	complete neurovascular examination
traumatology_distal humeral fractures_24	SYMPTOM	1147	1151	pain
traumatology_distal humeral fractures_24	PROCEDURE	1226	1231	X-Ray
traumatology_distal humeral fractures_24	PROCEDURE	1258	1276	true lateral x-ray
traumatology_distal humeral fractures_24	DISEASE	1301	1318	posterior fat pad
traumatology_distal humeral fractures_24	DISEASE	1334	1348	joint effusion
traumatology_distal humeral fractures_24	DISEASE	1350	1384	The anterior humeral line deviated
traumatology_distal humeral fractures_24	OBSERVATION	1386	1444	suggesting a posteriorly displaced distal humeral fracture
traumatology_distal humeral fractures_24	OBSERVATION	1446	1509	The radiocapitellar line did not bisect the capitellum properly
traumatology_distal humeral fractures_24	OBSERVATION	1511	1540	suggesting an occult fracture
traumatology_distal humeral fractures_24	PROCEDURE	1546	1553	CT Scan
traumatology_distal humeral fractures_24	OBSERVATION	1578	1639	Confirmed the presence of a displaced distal humeral fracture
traumatology_distal humeral fractures_24	PROCEDURE	1695	1704	Treatment
traumatology_distal humeral fractures_25	SYMPTOM	557	568	severe pain
traumatology_distal humeral fractures_25	SYMPTOM	570	578	swelling
traumatology_distal humeral fractures_25	SYMPTOM	584	607	limited range of motion
traumatology_distal humeral fractures_25	PROCEDURE	630	663	A true lateral x-ray of the elbow
traumatology_distal humeral fractures_25	DISEASE	699	737	deviation of the anterior humeral line
traumatology_distal humeral fractures_25	DISEASE	774	797	distal humeral fracture
traumatology_distal humeral fractures_25	OBSERVATION	799	834	The presence of a posterior fat pad
traumatology_distal humeral fractures_25	DISEASE	845	859	joint effusion
traumatology_distal humeral fractures_25	DISEASE	885	948	The radiocapitellar line did not properly bisect the capitellum
traumatology_distal humeral fractures_25	DISEASE	988	1011	distal humeral fracture
traumatology_distal humeral fractures_25	PROCEDURE	1016	1050	complete neurovascular examination
traumatology_distal humeral fractures_25	OBSERVATION	1150	1213	Distal pulses were symmetric when compared to the opposite limb
traumatology_distal humeral fractures_25	OBSERVATION	1219	1269	no immediate neurovascular compromise was detected
traumatology_distal humeral fractures_25	PROCEDURE	1312	1373	the decision for open reduction with internal fixation (ORIF)
traumatology_distal humeral fractures_25	PROCEDURE	1441	1490	The procedure was performed without complications
traumatology_distal humeral fractures_25	PROCEDURE	1528	1549	Post-operative x-rays
traumatology_distal humeral fractures_25	MEDICATION	1709	1722	Acetaminophen
traumatology_distal humeral fractures_25	MEDICATION	1749	1758	Ibuprofen
traumatology_distal humeral fractures_25	MEDICATION	1832	1841	Cefazolin
traumatology_distal humeral fractures_26	SYMPTOM	358	382	severe pain and swelling
traumatology_distal humeral fractures_26	PROCEDURE	532	564	History and Physical Examination
traumatology_distal humeral fractures_26	SYMPTOM	666	682	Visible bruising
traumatology_distal humeral fractures_26	PROCEDURE	772	797	neurovascular examination
traumatology_distal humeral fractures_26	PROCEDURE	992	998	X-Rays
traumatology_distal humeral fractures_26	PROCEDURE	1023	1062	lateral and AP views of the right elbow
traumatology_distal humeral fractures_26	DISEASE	1072	1094	posterior fat pad sign
traumatology_distal humeral fractures_26	DISEASE	1099	1137	deviation of the anterior humeral line
traumatology_distal humeral fractures_26	OBSERVATION	1139	1197	suggesting a posteriorly displaced distal humeral fracture
traumatology_distal humeral fractures_26	OBSERVATION	1199	1262	The radiocapitellar line did not bisect the capitellum properly
traumatology_distal humeral fractures_26	OBSERVATION	1264	1312	indicating the possibility of an occult fracture
traumatology_distal humeral fractures_26	PROCEDURE	1318	1325	CT Scan
traumatology_distal humeral fractures_26	OBSERVATION	1377	1439	confirming the presence of a displaced distal humeral fracture
traumatology_distal humeral fractures_26	PROCEDURE	1483	1506	orthopedic consultation
traumatology_distal humeral fractures_26	PROCEDURE	1555	1580	neurovascular observation
traumatology_distal humeral fractures_26	PROCEDURE	1585	1600	pain management
traumatology_distal humeral fractures_26	PROCEDURE	1676	1685	Splinting
traumatology_distal humeral fractures_26	PROCEDURE	1790	1805	Pain Management
traumatology_distal humeral fractures_27	PROCEDURE	788	808	Physical Examination
traumatology_distal humeral fractures_27	SYMPTOM	831	854	Swelling and tenderness
traumatology_distal humeral fractures_27	PROCEDURE	954	979	Neurovascular examination
traumatology_distal humeral fractures_27	PROCEDURE	1125	1143	Diagnostic Imaging
traumatology_distal humeral fractures_27	PROCEDURE	1186	1204	true lateral x-ray
traumatology_distal humeral fractures_27	DISEASE	1234	1256	posterior fat pad sign
traumatology_distal humeral fractures_27	OBSERVATION	1263	1335	deviation of the anterior humeral line from the middle of the capitellum
traumatology_distal humeral fractures_27	OBSERVATION	1401	1457	The radiocapitellar line failed to bisect the capitellum
traumatology_distal humeral fractures_27	PROCEDURE	1696	1706	management
traumatology_distal humeral fractures_27	PROCEDURE	1743	1761	Initial Management
traumatology_distal humeral fractures_28	SYMPTOM	645	656	severe pain
traumatology_distal humeral fractures_28	SYMPTOM	658	666	swelling
traumatology_distal humeral fractures_28	SYMPTOM	672	688	limited mobility
traumatology_distal humeral fractures_28	PROCEDURE	761	795	complete neurovascular examination
traumatology_distal humeral fractures_28	OBSERVATION	821	841	intact distal pulses
traumatology_distal humeral fractures_28	SYMPTOM	847	880	no evident neurovascular deficits
traumatology_distal humeral fractures_28	PROCEDURE	956	979	radiographic evaluation
traumatology_distal humeral fractures_28	PROCEDURE	997	1015	true lateral x-ray
traumatology_distal humeral fractures_28	DISEASE	1046	1068	posterior fat pad sign
traumatology_distal humeral fractures_28	DISEASE	1075	1113	deviation of the anterior humeral line
traumatology_distal humeral fractures_28	PROCEDURE	1438	1482	open reduction with internal fixation (ORIF)
traumatology_distal humeral fractures_28	OBSERVATION	1586	1607	without complications
traumatology_distal humeral fractures_28	PROCEDURE	1656	1679	pain management regimen
traumatology_distal humeral fractures_28	MEDICATION	1690	1703	Acetaminophen
traumatology_distal humeral fractures_28	MEDICATION	1729	1738	Ibuprofen
traumatology_distal humeral fractures_28	MEDICATION	1807	1817	Cephalexin
traumatology_distal humeral fractures_29	SYMPTOM	389	421	severe pain and limited mobility
traumatology_distal humeral fractures_29	PROCEDURE	442	461	Initial examination
traumatology_distal humeral fractures_29	SYMPTOM	471	494	swelling and tenderness
traumatology_distal humeral fractures_29	PROCEDURE	536	566	urgent radiological assessment
traumatology_distal humeral fractures_29	PROCEDURE	568	599	True lateral x-ray of the elbow
traumatology_distal humeral fractures_29	OBSERVATION	615	637	posterior fat pad sign
traumatology_distal humeral fractures_29	SYMPTOM	642	680	deviation of the anterior humeral line
traumatology_distal humeral fractures_29	SYMPTOM	752	806	the radiocapitellar line did not bisect the capitellum
traumatology_distal humeral fractures_29	PROCEDURE	863	897	complete neurovascular examination
traumatology_distal humeral fractures_29	SYMPTOM	926	985	no immediate signs of median, radial, or ulnar nerve damage
traumatology_distal humeral fractures_29	OBSERVATION	987	1052	Distal pulses were symmetrical when compared to the opposite limb
traumatology_distal humeral fractures_29	PROCEDURE	1279	1300	Surgical Intervention
traumatology_distal humeral fractures_29	PROCEDURE	1430	1476	anatomical reduction of the fracture fragments
traumatology_distal humeral fractures_29	PROCEDURE	1481	1518	stabilization using plates and screws
traumatology_distal humeral fractures_29	PROCEDURE	1520	1541	Post-operative x-rays
traumatology_distal humeral fractures_29	PROCEDURE	1613	1632	Post-operative Care
traumatology_distal humeral fractures_29	PROCEDURE	1685	1725	pain management and infection prevention
traumatology_distal humeral fractures_29	MEDICATION	1745	1754	Ibuprofen
traumatology_distal humeral fractures_29	PROCEDURE	1787	1802	pain management
traumatology_distal humeral fractures_29	MEDICATION	1806	1819	Acetaminophen
traumatology_distal humeral fractures_29	MEDICATION	1890	1900	Cephalexin
traumatology_distal humeral fractures_29	PROCEDURE	1977	1993	Physical therapy
traumatology_distal humeral fractures_3	PROCEDURE	621	653	History and Physical Examination
traumatology_distal humeral fractures_3	SYMPTOM	710	726	notable bruising
traumatology_distal humeral fractures_3	SYMPTOM	750	767	pain on palpation
traumatology_distal humeral fractures_3	PROCEDURE	815	849	complete neurovascular examination
traumatology_distal humeral fractures_3	OBSERVATION	865	930	which showed intact sensation and blood flow distal to the injury
traumatology_distal humeral fractures_3	OBSERVATION	995	1040	There was no evidence of compartment syndrome
traumatology_distal humeral fractures_3	PROCEDURE	1045	1063	Diagnostic Imaging
traumatology_distal humeral fractures_3	PROCEDURE	1073	1078	X-Ray
traumatology_distal humeral fractures_3	PROCEDURE	1103	1121	True lateral x-ray
traumatology_distal humeral fractures_3	DISEASE	1151	1173	posterior fat pad sign
traumatology_distal humeral fractures_3	DISEASE	1178	1216	deviation of the anterior humeral line
traumatology_distal humeral fractures_3	OBSERVATION	1278	1332	The radiocapitellar line did not bisect the capitellum
traumatology_distal humeral fractures_3	OBSERVATION	1334	1371	indicating a possible occult fracture
traumatology_distal humeral fractures_3	PROCEDURE	1377	1384	CT Scan
traumatology_distal humeral fractures_3	OBSERVATION	1409	1494	Confirmed the presence of a displaced distal humeral fracture with multiple fragments
traumatology_distal humeral fractures_3	PROCEDURE	1592	1610	Initial Management
traumatology_distal humeral fractures_3	PROCEDURE	1635	1693	The limb was immobilized in a splint in the position found
traumatology_distal humeral fractures_3	PROCEDURE	1695	1723	without attempting reduction
traumatology_distal humeral fractures_3	MEDICATION	1747	1766	IV morphine sulfate
traumatology_distal humeral fractures_30	SYMPTOM	554	565	severe pain
traumatology_distal humeral fractures_30	SYMPTOM	567	575	swelling
traumatology_distal humeral fractures_30	SYMPTOM	581	597	limited mobility
traumatology_distal humeral fractures_30	OBSERVATION	657	679	posterior fat pad sign
traumatology_distal humeral fractures_30	PROCEDURE	685	716	true lateral x-ray of the elbow
traumatology_distal humeral fractures_30	DISEASE	729	743	joint effusion
traumatology_distal humeral fractures_30	DISEASE	759	774	occult fracture
traumatology_distal humeral fractures_30	PROCEDURE	806	839	A true lateral x-ray of the elbow
traumatology_distal humeral fractures_30	OBSERVATION	849	871	posterior fat pad sign
traumatology_distal humeral fractures_30	OBSERVATION	873	912	highly indicative of an occult fracture
traumatology_distal humeral fractures_30	OBSERVATION	1002	1060	suggesting a posteriorly displaced distal humeral fracture
traumatology_distal humeral fractures_30	OBSERVATION	1064	1118	The radiocapitellar line did not bisect the capitellum
traumatology_distal humeral fractures_30	OBSERVATION	1120	1173	further indicating the presence of an occult fracture
traumatology_distal humeral fractures_30	PROCEDURE	1177	1213	A complete neurovascular examination
traumatology_distal humeral fractures_30	OBSERVATION	1229	1283	revealing no immediate nerve damage or vascular injury
traumatology_distal humeral fractures_30	PROCEDURE	1409	1452	open reduction and internal fixation (ORIF)
traumatology_distal humeral fractures_30	PROCEDURE	1597	1637	pain management and infection prevention
traumatology_distal humeral fractures_30	MEDICATION	1657	1666	Ibuprofen
traumatology_distal humeral fractures_30	MEDICATION	1724	1746	Acetaminophen 1,000 mg
traumatology_distal humeral fractures_30	MEDICATION	1809	1826	Cephalexin 500 mg
traumatology_distal humeral fractures_31	SYMPTOM	651	668	pain and swelling
traumatology_distal humeral fractures_31	PROCEDURE	754	774	Physical Examination
traumatology_distal humeral fractures_31	SYMPTOM	808	863	notable swelling and tenderness over the distal humerus
traumatology_distal humeral fractures_31	PROCEDURE	917	942	Neurovascular examination
traumatology_distal humeral fractures_31	OBSERVATION	959	1011	no evidence of median, radial, or ulnar nerve injury
traumatology_distal humeral fractures_31	PROCEDURE	1098	1122	X-rays of the left elbow
traumatology_distal humeral fractures_31	DISEASE	1134	1156	posterior fat pad sign
traumatology_distal humeral fractures_31	OBSERVATION	1161	1199	deviation of the anterior humeral line
traumatology_distal humeral fractures_31	OBSERVATION	1201	1259	suggesting a posteriorly displaced distal humeral fracture
traumatology_distal humeral fractures_31	OBSERVATION	1265	1314	The radiocapitellar line was found to be deviated
traumatology_distal humeral fractures_31	OBSERVATION	1316	1353	indicating a possible occult fracture
traumatology_distal humeral fractures_31	PROCEDURE	1358	1367	Treatment
traumatology_distal humeral fractures_31	PROCEDURE	1470	1513	open reduction and internal fixation (ORIF)
traumatology_distal humeral fractures_31	PROCEDURE	1658	1699	regimen of analgesics for pain management
traumatology_distal humeral fractures_31	MEDICATION	1705	1714	Ibuprofen
traumatology_distal humeral fractures_31	MEDICATION	1767	1780	Acetaminophen
traumatology_distal humeral fractures_31	MEDICATION	1830	1841	Antibiotics
traumatology_distal humeral fractures_32	SYMPTOM	339	363	severe pain and swelling
traumatology_distal humeral fractures_32	SYMPTOM	516	533	pain and swelling
traumatology_distal humeral fractures_32	OBSERVATION	659	688	Physical Examination Findings
traumatology_distal humeral fractures_32	OBSERVATION	710	760	the left elbow was swollen and tender to palpation
traumatology_distal humeral fractures_32	PROCEDURE	762	798	A complete neurovascular examination
traumatology_distal humeral fractures_32	OBSERVATION	814	872	noting no deficits in the median, radial, and ulnar nerves
traumatology_distal humeral fractures_32	OBSERVATION	874	935	Distal pulses were intact and comparable to the opposite limb
traumatology_distal humeral fractures_32	PROCEDURE	1012	1045	A true lateral x-ray of the elbow
traumatology_distal humeral fractures_32	SYMPTOM	1109	1118	sail sign
traumatology_distal humeral fractures_32	DISEASE	1132	1146	joint effusion
traumatology_distal humeral fractures_32	DISEASE	1154	1169	occult fracture
traumatology_distal humeral fractures_32	SYMPTOM	1173	1245	Deviation of the anterior humeral line from the middle of the capitellum
traumatology_distal humeral fractures_32	OBSERVATION	1260	1318	suggesting a posteriorly displaced distal humeral fracture
traumatology_distal humeral fractures_32	OBSERVATION	1322	1376	The radiocapitellar line did not bisect the capitellum
traumatology_distal humeral fractures_32	OBSERVATION	1378	1415	indicating a possible occult fracture
traumatology_distal humeral fractures_32	DISEASE	1461	1484	distal humeral fracture
traumatology_distal humeral fractures_32	PROCEDURE	1581	1625	open reduction with internal fixation (ORIF)
traumatology_distal humeral fractures_32	PROCEDURE	1649	1696	The surgery was performed without complications
traumatology_distal humeral fractures_32	PROCEDURE	1698	1719	Post-operative x-rays
traumatology_distal humeral fractures_32	MEDICATION	1832	1841	Cefazolin
traumatology_distal humeral fractures_33	PROCEDURE	765	785	Physical Examination
traumatology_distal humeral fractures_33	SYMPTOM	902	919	pain on palpation
traumatology_distal humeral fractures_33	PROCEDURE	963	997	complete neurovascular examination
traumatology_distal humeral fractures_33	OBSERVATION	1013	1063	revealing intact sensation and blood flow distally
traumatology_distal humeral fractures_33	SYMPTOM	1095	1114	tingling sensations
traumatology_distal humeral fractures_33	OBSERVATION	1158	1177	Diagnostic Findings
traumatology_distal humeral fractures_33	PROCEDURE	1187	1193	X-rays
traumatology_distal humeral fractures_33	DISEASE	1251	1273	posterior fat pad sign
traumatology_distal humeral fractures_33	DISEASE	1281	1311	abnormal anterior humeral line
traumatology_distal humeral fractures_33	OBSERVATION	1313	1349	suggesting a distal humeral fracture
traumatology_distal humeral fractures_33	PROCEDURE	1400	1407	CT scan
traumatology_distal humeral fractures_33	OBSERVATION	1473	1512	no signs of intra-articular involvement
traumatology_distal humeral fractures_33	PROCEDURE	1517	1526	Treatment
traumatology_distal humeral fractures_33	PROCEDURE	1572	1593	surgical intervention
traumatology_distal humeral fractures_33	PROCEDURE	1656	1699	open reduction and internal fixation (ORIF)
traumatology_distal humeral fractures_33	MEDICATION	1762	1780	general anesthesia
traumatology_distal humeral fractures_34	SYMPTOM	511	522	severe pain
traumatology_distal humeral fractures_34	SYMPTOM	524	532	swelling
traumatology_distal humeral fractures_34	SYMPTOM	538	561	limited range of motion
traumatology_distal humeral fractures_34	PROCEDURE	652	683	true lateral x-ray of the elbow
traumatology_distal humeral fractures_34	OBSERVATION	699	733	revealing a posterior fat pad sign
traumatology_distal humeral fractures_34	DISEASE	738	776	deviation of the anterior humeral line
traumatology_distal humeral fractures_34	OBSERVATION	778	839	suggestive of a posteriorly displaced distal humeral fracture
traumatology_distal humeral fractures_34	OBSERVATION	841	895	The radiocapitellar line did not bisect the capitellum
traumatology_distal humeral fractures_34	SYMPTOM	897	935	indicating a potential occult fracture
traumatology_distal humeral fractures_34	PROCEDURE	939	973	complete neurovascular examination
traumatology_distal humeral fractures_34	PROCEDURE	1443	1458	pain management
traumatology_distal humeral fractures_34	PROCEDURE	1468	1483	pain management
traumatology_distal humeral fractures_34	MEDICATION	1493	1515	Acetaminophen 1,000 mg
traumatology_distal humeral fractures_34	MEDICATION	1534	1550	Ibuprofen 400 mg
traumatology_distal humeral fractures_35	SYMPTOM	426	437	severe pain
traumatology_distal humeral fractures_35	SYMPTOM	439	447	swelling
traumatology_distal humeral fractures_35	SYMPTOM	453	476	limited range of motion
traumatology_distal humeral fractures_35	SYMPTOM	586	590	pain
traumatology_distal humeral fractures_35	SYMPTOM	661	669	swelling
traumatology_distal humeral fractures_35	OBSERVATION	719	761	Physical Examination Findings on Admission
traumatology_distal humeral fractures_35	SYMPTOM	769	792	Swelling and tenderness
traumatology_distal humeral fractures_35	OBSERVATION	829	877	A positive posterior fat pad sign on examination
traumatology_distal humeral fractures_35	SYMPTOM	882	936	Limited range of motion in the right elbow due to pain
traumatology_distal humeral fractures_35	PROCEDURE	945	970	neurovascular examination
traumatology_distal humeral fractures_35	OBSERVATION	988	1040	no evidence of median, radial, or ulnar nerve injury
traumatology_distal humeral fractures_35	PROCEDURE	1139	1164	X-rays of the right elbow
traumatology_distal humeral fractures_35	DISEASE	1176	1221	posteriorly displaced distal humeral fracture
traumatology_distal humeral fractures_35	OBSERVATION	1344	1369	suggesting joint effusion
traumatology_distal humeral fractures_35	PROCEDURE	1450	1465	pain management
traumatology_distal humeral fractures_35	MEDICATION	1471	1484	Acetaminophen
traumatology_distal humeral fractures_35	MEDICATION	1510	1519	Ibuprofen
traumatology_distal humeral fractures_35	SYMPTOM	1545	1553	swelling
traumatology_distal humeral fractures_35	PROCEDURE	1642	1654	pain control
traumatology_distal humeral fractures_35	PROCEDURE	1750	1794	open reduction with internal fixation (ORIF)
traumatology_distal humeral fractures_36	SYMPTOM	475	507	severe pain and limited mobility
traumatology_distal humeral fractures_36	PROCEDURE	527	549	Preliminary assessment
traumatology_distal humeral fractures_36	OBSERVATION	600	617	Clinical Findings
traumatology_distal humeral fractures_36	SYMPTOM	658	682	severe pain and swelling
traumatology_distal humeral fractures_36	PROCEDURE	709	742	A true lateral x-ray of the elbow
traumatology_distal humeral fractures_36	OBSERVATION	831	856	suggesting joint effusion
traumatology_distal humeral fractures_36	OBSERVATION	918	989	The anterior humeral line did not transect the middle of the capitellum
traumatology_distal humeral fractures_36	OBSERVATION	991	1049	suggesting a posteriorly displaced distal humeral fracture
traumatology_distal humeral fractures_36	PROCEDURE	1053	1087	complete neurovascular examination
traumatology_distal humeral fractures_36	OBSERVATION	1103	1165	revealing intact sensation and blood flow distal to the injury
traumatology_distal humeral fractures_36	OBSERVATION	1172	1224	no evidence of median, radial, or ulnar nerve damage
traumatology_distal humeral fractures_36	OBSERVATION	1251	1268	clinical findings
traumatology_distal humeral fractures_36	PROCEDURE	1373	1382	Treatment
traumatology_distal humeral fractures_36	PROCEDURE	1444	1488	open reduction with internal fixation (ORIF)
traumatology_distal humeral fractures_36	PROCEDURE	1680	1703	pain management regimen
traumatology_distal humeral fractures_36	MEDICATION	1715	1728	Acetaminophen
traumatology_distal humeral fractures_36	MEDICATION	1793	1802	Ibuprofen
traumatology_distal humeral fractures_37	SYMPTOM	501	515	immediate pain
traumatology_distal humeral fractures_37	SYMPTOM	517	525	swelling
traumatology_distal humeral fractures_37	SYMPTOM	531	547	limited mobility
traumatology_distal humeral fractures_37	PROCEDURE	635	655	Physical Examination
traumatology_distal humeral fractures_37	SYMPTOM	719	754	significant swelling and tenderness
traumatology_distal humeral fractures_37	PROCEDURE	756	781	Neurovascular examination
traumatology_distal humeral fractures_37	SYMPTOM	798	850	no evidence of median, radial, or ulnar nerve injury
traumatology_distal humeral fractures_37	OBSERVATION	926	945	Diagnostic Findings
traumatology_distal humeral fractures_37	PROCEDURE	953	977	X-rays of the left elbow
traumatology_distal humeral fractures_37	OBSERVATION	1013	1063	revealing the presence of a posterior fat pad sign
traumatology_distal humeral fractures_37	DISEASE	1068	1106	deviation of the anterior humeral line
traumatology_distal humeral fractures_37	OBSERVATION	1108	1166	suggesting a posteriorly displaced distal humeral fracture
traumatology_distal humeral fractures_37	OBSERVATION	1170	1233	The radiocapitellar line did not properly bisect the capitellum
traumatology_distal humeral fractures_37	OBSERVATION	1235	1270	indicating possible occult fracture
traumatology_distal humeral fractures_37	PROCEDURE	1609	1630	Post-operative X-rays
traumatology_distal humeral fractures_37	PROCEDURE	1691	1710	Post-Operative Care
traumatology_distal humeral fractures_37	PROCEDURE	1718	1733	Pain management
traumatology_distal humeral fractures_37	MEDICATION	1753	1766	Acetaminophen
traumatology_distal humeral fractures_37	MEDICATION	1792	1801	Ibuprofen
traumatology_distal humeral fractures_37	PROCEDURE	1859	1868	as needed
traumatology_distal humeral fractures_38	SYMPTOM	550	561	severe pain
traumatology_distal humeral fractures_38	SYMPTOM	563	571	swelling
traumatology_distal humeral fractures_38	SYMPTOM	577	600	limited range of motion
traumatology_distal humeral fractures_38	PROCEDURE	623	656	Physical Examination and Findings
traumatology_distal humeral fractures_38	PROCEDURE	680	714	complete neurovascular examination
traumatology_distal humeral fractures_38	SYMPTOM	740	759	decreased sensation
traumatology_distal humeral fractures_38	OBSERVATION	806	829	preserved distal pulses
traumatology_distal humeral fractures_38	PROCEDURE	866	906	Initial true lateral x-rays of the elbow
traumatology_distal humeral fractures_38	DISEASE	922	944	posterior fat pad sign
traumatology_distal humeral fractures_38	DISEASE	949	987	deviation of the anterior humeral line
traumatology_distal humeral fractures_38	DISEASE	989	1047	suggesting a posteriorly displaced distal humeral fracture
traumatology_distal humeral fractures_38	PROCEDURE	1381	1430	the affected limb was splinted for immobilization
traumatology_distal humeral fractures_38	PROCEDURE	1435	1450	pain management
traumatology_distal humeral fractures_38	MEDICATION	1470	1483	Acetaminophen
traumatology_distal humeral fractures_38	MEDICATION	1535	1544	Ibuprofen
traumatology_distal humeral fractures_38	MEDICATION	1642	1661	Cefazolin 1 gram IV
traumatology_distal humeral fractures_38	PROCEDURE	1719	1739	Neurovascular status
traumatology_distal humeral fractures_38	OBSERVATION	1767	1798	no signs of compromise observed
traumatology_distal humeral fractures_39	SYMPTOM	696	707	severe pain
traumatology_distal humeral fractures_39	SYMPTOM	709	717	swelling
traumatology_distal humeral fractures_39	SYMPTOM	723	746	limited range of motion
traumatology_distal humeral fractures_39	SYMPTOM	793	848	notable swelling and tenderness over the distal humerus
traumatology_distal humeral fractures_39	PROCEDURE	850	875	Neurovascular examination
traumatology_distal humeral fractures_39	PROCEDURE	1037	1042	X-Ray
traumatology_distal humeral fractures_39	DISEASE	1083	1110	displaced posterior fat pad
traumatology_distal humeral fractures_39	DISEASE	1115	1153	deviation of the anterior humeral line
traumatology_distal humeral fractures_39	DISEASE	1269	1298	indicating an occult fracture
traumatology_distal humeral fractures_39	PROCEDURE	1304	1311	CT Scan
traumatology_distal humeral fractures_39	PROCEDURE	1534	1546	pain control
traumatology_distal humeral fractures_39	PROCEDURE	1551	1582	immobilization of the right arm
traumatology_distal humeral fractures_39	MEDICATION	1602	1615	Acetaminophen
traumatology_distal humeral fractures_39	PROCEDURE	1650	1665	pain management
traumatology_distal humeral fractures_39	MEDICATION	1707	1716	Ibuprofen
traumatology_distal humeral fractures_4	SYMPTOM	596	607	severe pain
traumatology_distal humeral fractures_4	PROCEDURE	648	667	Initial examination
traumatology_distal humeral fractures_4	SYMPTOM	677	700	swelling and tenderness
traumatology_distal humeral fractures_4	PROCEDURE	741	766	Neurovascular examination
traumatology_distal humeral fractures_4	OBSERVATION	795	815	intact distal pulses
traumatology_distal humeral fractures_4	OBSERVATION	820	872	no evidence of median, radial, or ulnar nerve injury
traumatology_distal humeral fractures_4	PROCEDURE	879	925	immediate true lateral x-ray of the left elbow
traumatology_distal humeral fractures_4	OBSERVATION	950	972	posterior fat pad sign
traumatology_distal humeral fractures_4	OBSERVATION	977	1049	deviation of the anterior humeral line from the middle of the capitellum
traumatology_distal humeral fractures_4	PROCEDURE	1113	1144	radiocapitellar line evaluation
traumatology_distal humeral fractures_4	OBSERVATION	1160	1169	deviation
traumatology_distal humeral fractures_4	PROCEDURE	1383	1426	open reduction and internal fixation (ORIF)
traumatology_distal humeral fractures_4	PROCEDURE	1428	1454	Pre-operative preparations
traumatology_distal humeral fractures_4	PROCEDURE	1464	1506	administration of prophylactic antibiotics
traumatology_distal humeral fractures_4	MEDICATION	1508	1524	Cefazolin 1 g IV
traumatology_distal humeral fractures_4	PROCEDURE	1640	1666	ORIF of the distal humerus
traumatology_distal humeral fractures_4	MEDICATION	1795	1815	acetaminophen 650 mg
traumatology_distal humeral fractures_4	PROCEDURE	1841	1856	pain management
traumatology_distal humeral fractures_4	MEDICATION	1871	1887	ibuprofen 400 mg
traumatology_distal humeral fractures_4	MEDICATION	1970	1983	Cefazolin 1 g
traumatology_distal humeral fractures_40	PROCEDURE	322	354	History and Physical Examination
traumatology_distal humeral fractures_40	SYMPTOM	559	594	significant swelling and tenderness
traumatology_distal humeral fractures_40	PROCEDURE	635	660	Neurovascular examination
traumatology_distal humeral fractures_40	SYMPTOM	677	729	no evidence of median, radial, or ulnar nerve injury
traumatology_distal humeral fractures_40	OBSERVATION	731	744	Distal pulses
traumatology_distal humeral fractures_40	PROCEDURE	783	820	Initial radiographs of the left elbow
traumatology_distal humeral fractures_40	SYMPTOM	832	854	posterior fat pad sign
traumatology_distal humeral fractures_40	SYMPTOM	859	897	deviation of the anterior humeral line
traumatology_distal humeral fractures_40	PROCEDURE	1062	1089	regimen for pain management
traumatology_distal humeral fractures_40	MEDICATION	1101	1122	Acetaminophen 1,000mg
traumatology_distal humeral fractures_40	MEDICATION	1141	1156	Ibuprofen 400mg
traumatology_distal humeral fractures_40	PROCEDURE	1330	1374	open reduction with internal fixation (ORIF)
traumatology_distal humeral fractures_40	MEDICATION	1588	1604	Cephalexin 500mg
traumatology_distal humeral fractures_40	PROCEDURE	1675	1702	Serial neurovascular checks
traumatology_distal humeral fractures_40	DISEASE	1753	1775	no abnormalities noted
traumatology_distal humeral fractures_41	SYMPTOM	400	431	acute pain and limited mobility
traumatology_distal humeral fractures_41	PROCEDURE	452	470	Initial assessment
traumatology_distal humeral fractures_41	SYMPTOM	511	546	significant swelling and tenderness
traumatology_distal humeral fractures_41	PROCEDURE	619	639	radiographic imaging
traumatology_distal humeral fractures_41	PROCEDURE	688	719	true lateral x-ray of the elbow
traumatology_distal humeral fractures_41	DISEASE	782	820	deviation of the anterior humeral line
traumatology_distal humeral fractures_41	DISEASE	822	883	suggestive of a posteriorly displaced distal humeral fracture
traumatology_distal humeral fractures_41	OBSERVATION	899	953	the radiocapitellar line did not bisect the capitellum
traumatology_distal humeral fractures_41	OBSERVATION	955	993	indicating a potential occult fracture
traumatology_distal humeral fractures_41	PROCEDURE	997	1031	complete neurovascular examination
traumatology_distal humeral fractures_41	OBSERVATION	1060	1122	no immediate evidence of median, radial, or ulnar nerve damage
traumatology_distal humeral fractures_41	OBSERVATION	1128	1193	distal pulses were symmetrical when compared to the opposite limb
traumatology_distal humeral fractures_41	PROCEDURE	1392	1435	open reduction and internal fixation (ORIF)
traumatology_distal humeral fractures_41	PROCEDURE	1674	1697	pain management regimen
traumatology_distal humeral fractures_41	MEDICATION	1712	1734	Acetaminophen 1,000 mg
traumatology_distal humeral fractures_41	MEDICATION	1779	1795	Ibuprofen 400 mg
traumatology_distal humeral fractures_41	MEDICATION	1907	1922	Cefazolin 1g IV
traumatology_distal humeral fractures_42	OBSERVATION	646	664	Initial assessment
traumatology_distal humeral fractures_42	SYMPTOM	674	699	decreased range of motion
traumatology_distal humeral fractures_42	SYMPTOM	704	747	pain exacerbated by any attempt at movement
traumatology_distal humeral fractures_42	PROCEDURE	751	782	true lateral x-ray of the elbow
traumatology_distal humeral fractures_42	SYMPTOM	810	832	posterior fat pad sign
traumatology_distal humeral fractures_42	SYMPTOM	837	909	deviation of the anterior humeral line from the middle of the capitellum
traumatology_distal humeral fractures_42	OBSERVATION	911	969	suggesting a posteriorly displaced distal humeral fracture
traumatology_distal humeral fractures_42	PROCEDURE	971	996	Neurovascular examination
traumatology_distal humeral fractures_42	OBSERVATION	1007	1080	intact but slightly diminished sensation in the radial nerve distribution
traumatology_distal humeral fractures_42	SYMPTOM	1087	1117	no evident vascular compromise
traumatology_distal humeral fractures_42	PROCEDURE	1222	1237	Pain management
traumatology_distal humeral fractures_42	MEDICATION	1257	1279	Acetaminophen 1,000 mg
traumatology_distal humeral fractures_42	MEDICATION	1305	1321	Ibuprofen 400 mg
traumatology_distal humeral fractures_42	PROCEDURE	1403	1437	ice was applied to reduce swelling
traumatology_distal humeral fractures_42	PROCEDURE	1541	1548	CT scan
traumatology_distal humeral fractures_42	PROCEDURE	1655	1676	surgical intervention
traumatology_distal humeral fractures_42	PROCEDURE	1730	1744	open reduction
traumatology_distal humeral fractures_43	SYMPTOM	579	595	significant pain
traumatology_distal humeral fractures_43	SYMPTOM	597	605	swelling
traumatology_distal humeral fractures_43	SYMPTOM	611	634	limited range of motion
traumatology_distal humeral fractures_43	OBSERVATION	659	688	Physical Examination Findings
traumatology_distal humeral fractures_43	SYMPTOM	712	743	notable swelling and tenderness
traumatology_distal humeral fractures_43	PROCEDURE	785	810	Neurovascular examination
traumatology_distal humeral fractures_43	OBSERVATION	828	880	no evidence of median, radial, or ulnar nerve injury
traumatology_distal humeral fractures_43	OBSERVATION	882	895	Distal pulses
traumatology_distal humeral fractures_43	PROCEDURE	937	955	Diagnostic Imaging
traumatology_distal humeral fractures_43	PROCEDURE	963	994	true lateral x-ray of the elbow
traumatology_distal humeral fractures_43	OBSERVATION	1031	1053	posterior fat pad sign
traumatology_distal humeral fractures_43	OBSERVATION	1132	1193	suggestive of a posteriorly displaced distal humeral fracture
traumatology_distal humeral fractures_43	OBSERVATION	1195	1245	The radiocapitellar line was also noted to deviate
traumatology_distal humeral fractures_43	PROCEDURE	1384	1402	Initial management
traumatology_distal humeral fractures_43	PROCEDURE	1415	1462	Immobilization of the right elbow with a splint
traumatology_distal humeral fractures_43	PROCEDURE	1466	1481	Pain management
traumatology_distal humeral fractures_43	MEDICATION	1497	1510	Acetaminophen
traumatology_distal humeral fractures_43	MEDICATION	1537	1546	Ibuprofen
traumatology_distal humeral fractures_43	PROCEDURE	1827	1853	Post-operative radiographs
traumatology_distal humeral fractures_44	SYMPTOM	468	479	severe pain
traumatology_distal humeral fractures_44	PROCEDURE	521	540	Initial examination
traumatology_distal humeral fractures_44	SYMPTOM	550	599	swelling and tenderness around the distal humerus
traumatology_distal humeral fractures_44	PROCEDURE	603	634	true lateral x-ray of the elbow
traumatology_distal humeral fractures_44	OBSERVATION	677	699	posterior fat pad sign
traumatology_distal humeral fractures_44	SYMPTOM	712	726	joint effusion
traumatology_distal humeral fractures_44	SYMPTOM	732	770	deviation of the anterior humeral line
traumatology_distal humeral fractures_44	PROCEDURE	857	891	complete neurovascular examination
traumatology_distal humeral fractures_44	OBSERVATION	923	943	intact distal pulses
traumatology_distal humeral fractures_44	PROCEDURE	1205	1226	Surgical Intervention
traumatology_distal humeral fractures_44	PROCEDURE	1273	1277	ORIF
traumatology_distal humeral fractures_44	PROCEDURE	1425	1446	Post-operative x-rays
traumatology_distal humeral fractures_44	OBSERVATION	1457	1499	proper alignment of the fracture fragments
traumatology_distal humeral fractures_44	PROCEDURE	1504	1523	Post-Operative Care
traumatology_distal humeral fractures_44	PROCEDURE	1568	1591	pain management regimen
traumatology_distal humeral fractures_44	MEDICATION	1602	1615	Acetaminophen
traumatology_distal humeral fractures_44	MEDICATION	1661	1670	Ibuprofen
traumatology_distal humeral fractures_44	PROCEDURE	1716	1738	Antibiotic prophylaxis
traumatology_distal humeral fractures_44	MEDICATION	1762	1771	Cefazolin
traumatology_distal humeral fractures_45	SYMPTOM	391	415	severe pain and swelling
traumatology_distal humeral fractures_45	PROCEDURE	435	454	Initial examination
traumatology_distal humeral fractures_45	SYMPTOM	522	534	intense pain
traumatology_distal humeral fractures_45	SYMPTOM	571	614	limited range of motion in the affected arm
traumatology_distal humeral fractures_45	PROCEDURE	648	653	X-Ray
traumatology_distal humeral fractures_45	OBSERVATION	676	709	A true lateral x-ray of the elbow
traumatology_distal humeral fractures_45	OBSERVATION	782	810	suggestive of joint effusion
traumatology_distal humeral fractures_45	OBSERVATION	905	963	indicating a posteriorly displaced distal humeral fracture
traumatology_distal humeral fractures_45	OBSERVATION	965	1038	The radiocapitellar line was also noted to deviate from its normal course
traumatology_distal humeral fractures_45	OBSERVATION	1040	1072	further confirming the diagnosis
traumatology_distal humeral fractures_45	PROCEDURE	1078	1103	Neurovascular Examination
traumatology_distal humeral fractures_45	PROCEDURE	1109	1134	comprehensive examination
traumatology_distal humeral fractures_45	OBSERVATION	1221	1284	Distal pulses were symmetric when compared to the opposite limb
traumatology_distal humeral fractures_45	PROCEDURE	1289	1307	Treatment Provided
traumatology_distal humeral fractures_45	PROCEDURE	1410	1453	open reduction and internal fixation (ORIF)
traumatology_distal humeral fractures_45	PROCEDURE	1455	1477	Pre-operative measures
traumatology_distal humeral fractures_45	MEDICATION	1521	1544	Intravenous Paracetamol
traumatology_distal humeral fractures_45	MEDICATION	1583	1611	prophylactic Cefazolin 2g IV
traumatology_distal humeral fractures_46	SYMPTOM	529	540	severe pain
traumatology_distal humeral fractures_46	SYMPTOM	542	550	swelling
traumatology_distal humeral fractures_46	SYMPTOM	556	572	limited mobility
traumatology_distal humeral fractures_46	PROCEDURE	596	616	immediate assessment
traumatology_distal humeral fractures_46	PROCEDURE	649	683	complete neurovascular examination
traumatology_distal humeral fractures_46	PROCEDURE	804	824	Radiographic imaging
traumatology_distal humeral fractures_46	OBSERVATION	859	903	revealed the presence of a posterior fat pad
traumatology_distal humeral fractures_46	DISEASE	910	948	deviation of the anterior humeral line
traumatology_distal humeral fractures_46	OBSERVATION	987	1045	suggesting a posteriorly displaced distal humeral fracture
traumatology_distal humeral fractures_46	OBSERVATION	1047	1114	The radiocapitellar line failed to bisect the capitellum accurately
traumatology_distal humeral fractures_46	OBSERVATION	1116	1164	indicating the possibility of an occult fracture
traumatology_distal humeral fractures_46	PROCEDURE	1285	1299	Immediate Care
traumatology_distal humeral fractures_46	PROCEDURE	1387	1408	Surgical Intervention
traumatology_distal humeral fractures_46	PROCEDURE	1453	1497	open reduction with internal fixation (ORIF)
traumatology_distal humeral fractures_46	MEDICATION	1796	1805	Ibuprofen
traumatology_distal humeral fractures_46	MEDICATION	1859	1872	Acetaminophen
traumatology_distal humeral fractures_47	SYMPTOM	509	520	severe pain
traumatology_distal humeral fractures_47	SYMPTOM	525	541	limited mobility
traumatology_distal humeral fractures_47	PROCEDURE	562	585	Immediate x-ray imaging
traumatology_distal humeral fractures_47	DISEASE	679	693	joint effusion
traumatology_distal humeral fractures_47	PROCEDURE	729	748	Further diagnostics
traumatology_distal humeral fractures_47	PROCEDURE	762	793	true lateral x-ray of the elbow
traumatology_distal humeral fractures_47	DISEASE	802	840	deviation in the anterior humeral line
traumatology_distal humeral fractures_47	PROCEDURE	986	1020	complete neurovascular examination
traumatology_distal humeral fractures_47	PROCEDURE	1287	1331	open reduction with internal fixation (ORIF)
traumatology_distal humeral fractures_47	PROCEDURE	1559	1603	Open Reduction with Internal Fixation (ORIF)
traumatology_distal humeral fractures_48	SYMPTOM	699	757	inability to move the joint without significant discomfort
traumatology_distal humeral fractures_48	PROCEDURE	762	782	Physical Examination
traumatology_distal humeral fractures_48	PROCEDURE	804	824	physical examination
traumatology_distal humeral fractures_48	SYMPTOM	834	887	marked swelling and tenderness around the right elbow
traumatology_distal humeral fractures_48	PROCEDURE	891	925	complete neurovascular examination
traumatology_distal humeral fractures_48	OBSERVATION	941	985	noting intact sensation and capillary refill
traumatology_distal humeral fractures_48	OBSERVATION	1026	1076	especially in the distribution of the radial nerve
traumatology_distal humeral fractures_48	PROCEDURE	1139	1164	X-rays of the Right Elbow
traumatology_distal humeral fractures_48	DISEASE	1168	1212	Revealed a displaced distal humeral fracture
traumatology_distal humeral fractures_48	SYMPTOM	1220	1248	clear posterior fat pad sign
traumatology_distal humeral fractures_48	SYMPTOM	1253	1325	deviation of the anterior humeral line from the middle of the capitellum
traumatology_distal humeral fractures_48	SYMPTOM	1327	1381	The radiocapitellar line did not bisect the capitellum
traumatology_distal humeral fractures_48	OBSERVATION	1383	1412	suggesting an occult fracture
traumatology_distal humeral fractures_48	PROCEDURE	1418	1425	CT Scan
traumatology_distal humeral fractures_48	SYMPTOM	1540	1584	minimal involvement of the articular surface
traumatology_distal humeral fractures_48	PROCEDURE	1636	1648	pain control
traumatology_distal humeral fractures_48	MEDICATION	1660	1673	Acetaminophen
traumatology_distal humeral fractures_48	MEDICATION	1699	1708	Ibuprofen
traumatology_distal humeral fractures_48	PROCEDURE	1735	1771	immediate splinting of the right arm
traumatology_distal humeral fractures_48	PROCEDURE	1838	1859	surgical intervention
traumatology_distal humeral fractures_49	SYMPTOM	579	603	severe pain and swelling
traumatology_distal humeral fractures_49	PROCEDURE	624	642	Initial assessment
traumatology_distal humeral fractures_49	SYMPTOM	706	726	significant swelling
traumatology_distal humeral fractures_49	SYMPTOM	732	742	tenderness
traumatology_distal humeral fractures_49	PROCEDURE	822	842	Physical Examination
traumatology_distal humeral fractures_49	PROCEDURE	931	956	Neurovascular examination
traumatology_distal humeral fractures_49	PROCEDURE	1192	1224	True lateral x-rays of the elbow
traumatology_distal humeral fractures_49	DISEASE	1256	1278	posterior fat pad sign
traumatology_distal humeral fractures_49	DISEASE	1283	1321	deviation of the anterior humeral line
traumatology_distal humeral fractures_49	OBSERVATION	1323	1381	suggesting a posteriorly displaced distal humeral fracture
traumatology_distal humeral fractures_49	OBSERVATION	1383	1445	The radiocapitellar line was also not bisecting the capitellum
traumatology_distal humeral fractures_49	OBSERVATION	1447	1483	indicating potential occult fracture
traumatology_distal humeral fractures_49	OBSERVATION	1485	1537	No additional injuries were noted on the radiographs
traumatology_distal humeral fractures_49	PROCEDURE	1542	1558	Treatment Course
traumatology_distal humeral fractures_49	MEDICATION	1605	1618	IV analgesics
traumatology_distal humeral fractures_49	PROCEDURE	1623	1638	pain management
traumatology_distal humeral fractures_49	MEDICATION	1654	1662	morphine
traumatology_distal humeral fractures_49	PROCEDURE	1691	1748	followed by 2 mg every 4 hours as needed for pain control
traumatology_distal humeral fractures_49	PROCEDURE	1807	1851	open reduction with internal fixation (ORIF)
traumatology_distal humeral fractures_5	SYMPTOM	564	588	severe pain and swelling
traumatology_distal humeral fractures_5	SYMPTOM	613	636	limited range of motion
traumatology_distal humeral fractures_5	OBSERVATION	638	701	Initial assessment revealed a deformity around the elbow region
traumatology_distal humeral fractures_5	PROCEDURE	776	809	A true lateral x-ray of the elbow
traumatology_distal humeral fractures_5	DISEASE	819	841	posterior fat pad sign
traumatology_distal humeral fractures_5	DISEASE	848	874	displaced anterior fat pad
traumatology_distal humeral fractures_5	DISEASE	890	904	joint effusion
traumatology_distal humeral fractures_5	OBSERVATION	985	1043	suggesting a posteriorly displaced distal humeral fracture
traumatology_distal humeral fractures_5	OBSERVATION	1045	1101	The radiocapitellar line failed to bisect the capitellum
traumatology_distal humeral fractures_5	OBSERVATION	1103	1143	raising suspicion for an occult fracture
traumatology_distal humeral fractures_5	PROCEDURE	1210	1244	complete neurovascular examination
traumatology_distal humeral fractures_5	OBSERVATION	1349	1412	Distal pulses were symmetric when compared to the opposite limb
traumatology_distal humeral fractures_5	PROCEDURE	1558	1572	immobilization
traumatology_distal humeral fractures_5	PROCEDURE	1577	1592	pain management
traumatology_distal humeral fractures_5	MEDICATION	1608	1621	Acetaminophen
traumatology_distal humeral fractures_5	PROCEDURE	1727	1748	surgical intervention
traumatology_distal humeral fractures_5	PROCEDURE	1814	1858	open reduction with internal fixation (ORIF)
traumatology_distal humeral fractures_5	MEDICATION	2016	2026	Cephalexin
traumatology_distal humeral fractures_6	SYMPTOM	474	485	severe pain
traumatology_distal humeral fractures_6	SYMPTOM	487	495	swelling
traumatology_distal humeral fractures_6	SYMPTOM	501	524	limited range of motion
traumatology_distal humeral fractures_6	PROCEDURE	592	625	complete neurovascular assessment
traumatology_distal humeral fractures_6	SYMPTOM	683	737	decreased sensation along the ulnar nerve distribution
traumatology_distal humeral fractures_6	PROCEDURE	739	758	Initial radiographs
traumatology_distal humeral fractures_6	OBSERVATION	770	792	posterior fat pad sign
traumatology_distal humeral fractures_6	DISEASE	797	835	deviation of the anterior humeral line
traumatology_distal humeral fractures_6	SYMPTOM	850	895	posteriorly displaced distal humeral fracture
traumatology_distal humeral fractures_6	PROCEDURE	899	906	CT scan
traumatology_distal humeral fractures_6	PROCEDURE	1096	1153	decision for open reduction with internal fixation (ORIF)
traumatology_distal humeral fractures_6	MEDICATION	1273	1282	Ibuprofen
traumatology_distal humeral fractures_6	MEDICATION	1344	1357	Acetaminophen
traumatology_distal humeral fractures_6	MEDICATION	1413	1422	Cefazolin
traumatology_distal humeral fractures_6	PROCEDURE	1909	1924	pain management
traumatology_distal humeral fractures_7	SYMPTOM	783	836	significant swelling and tenderness in the left elbow
traumatology_distal humeral fractures_7	PROCEDURE	838	870	True lateral x-rays of the elbow
traumatology_distal humeral fractures_7	SYMPTOM	899	921	posterior fat pad sign
traumatology_distal humeral fractures_7	SYMPTOM	926	964	deviation of the anterior humeral line
traumatology_distal humeral fractures_7	DISEASE	1001	1024	distal humeral fracture
traumatology_distal humeral fractures_7	PROCEDURE	1028	1062	complete neurovascular examination
traumatology_distal humeral fractures_7	OBSERVATION	1078	1135	showing no signs of median, radial, or ulnar nerve damage
traumatology_distal humeral fractures_7	PROCEDURE	1361	1405	open reduction with internal fixation (ORIF)
traumatology_distal humeral fractures_7	PROCEDURE	1447	1481	Pre-operative labs and assessments
traumatology_distal humeral fractures_7	PROCEDURE	1604	1625	Post-operative x-rays
traumatology_distal humeral fractures_7	MEDICATION	1710	1725	IV Cefazolin 1g
traumatology_distal humeral fractures_8	PROCEDURE	318	338	Physical Examination
traumatology_distal humeral fractures_8	SYMPTOM	561	569	swelling
traumatology_distal humeral fractures_8	PROCEDURE	590	610	Physical examination
traumatology_distal humeral fractures_8	SYMPTOM	620	661	marked tenderness over the distal humerus
traumatology_distal humeral fractures_8	SYMPTOM	663	698	limited range of motion due to pain
traumatology_distal humeral fractures_8	SYMPTOM	704	712	swelling
traumatology_distal humeral fractures_8	PROCEDURE	716	750	complete neurovascular examination
traumatology_distal humeral fractures_8	OBSERVATION	776	788	unremarkable
traumatology_distal humeral fractures_8	OBSERVATION	794	814	intact distal pulses
traumatology_distal humeral fractures_8	OBSERVATION	819	871	no evidence of median, radial, or ulnar nerve injury
traumatology_distal humeral fractures_8	PROCEDURE	900	925	X-rays of the right elbow
traumatology_distal humeral fractures_8	OBSERVATION	941	975	revealing a posterior fat pad sign
traumatology_distal humeral fractures_8	OBSERVATION	1000	1030	suggestive of a joint effusion
traumatology_distal humeral fractures_8	OBSERVATION	1111	1169	indicating a posteriorly displaced distal humeral fracture
traumatology_distal humeral fractures_8	OBSERVATION	1171	1208	No evidence of supracondylar fracture
traumatology_distal humeral fractures_8	PROCEDURE	1328	1346	Initial management
traumatology_distal humeral fractures_8	PROCEDURE	1356	1368	pain control
traumatology_distal humeral fractures_8	MEDICATION	1374	1387	acetaminophen
traumatology_distal humeral fractures_8	PROCEDURE	1414	1467	immobilization of the right arm in a posterior splint
traumatology_distal humeral fractures_8	PROCEDURE	1532	1576	open reduction with internal fixation (ORIF)
traumatology_distal humeral fractures_8	MEDICATION	1897	1910	acetaminophen
traumatology_distal humeral fractures_8	SYMPTOM	1975	1986	severe pain
traumatology_distal humeral fractures_9	SYMPTOM	469	480	severe pain
traumatology_distal humeral fractures_9	SYMPTOM	482	490	swelling
traumatology_distal humeral fractures_9	SYMPTOM	496	512	reduced mobility
traumatology_distal humeral fractures_9	PROCEDURE	533	551	Initial assessment
traumatology_distal humeral fractures_9	SYMPTOM	644	661	posterior fat pad
traumatology_distal humeral fractures_9	OBSERVATION	719	744	indicating joint effusion
traumatology_distal humeral fractures_9	OBSERVATION	749	778	suggesting an occult fracture
traumatology_distal humeral fractures_9	OBSERVATION	780	814	The anterior humeral line deviated
traumatology_distal humeral fractures_9	OBSERVATION	816	874	suggesting a posteriorly displaced distal humeral fracture
traumatology_distal humeral fractures_9	PROCEDURE	878	912	complete neurovascular examination
traumatology_distal humeral fractures_9	SYMPTOM	943	971	intact sensorimotor function
traumatology_distal humeral fractures_9	SYMPTOM	977	1006	mild radial nerve paresthesia
traumatology_distal humeral fractures_9	OBSERVATION	1008	1021	Distal pulses
traumatology_distal humeral fractures_9	PROCEDURE	1171	1214	open reduction and internal fixation (ORIF)
traumatology_distal humeral fractures_9	PROCEDURE	1411	1453	pain management and antibiotic prophylaxis
traumatology_distal humeral fractures_9	MEDICATION	1458	1467	Ibuprofen
traumatology_distal humeral fractures_9	PROCEDURE	1500	1515	pain management
traumatology_distal humeral fractures_9	MEDICATION	1519	1540	Acetaminophen 1000 mg
traumatology_distal humeral fractures_9	MEDICATION	1603	1620	Cephalexin 500 mg
traumatology_distal humeral fractures_9	PROCEDURE	1767	1787	Neurovascular checks
traumatology_distal humeral fractures_9	PROCEDURE	1881	1897	Physical therapy
