filename	entity_label	start_span	end_span	text
cardiovascular_arterial hypertension_0_BGgpt	DISEASE	344	365	артериална хипертония
cardiovascular_arterial hypertension_0_BGgpt	SYMPTOM	434	450	силно главоболие
cardiovascular_arterial hypertension_0_BGgpt	SYMPTOM	452	472	епизоди на замайване
cardiovascular_arterial hypertension_0_BGgpt	PROCEDURE	484	486	АН
cardiovascular_arterial hypertension_0_BGgpt	DISEASE	628	648	захарен диабет тип 2
cardiovascular_arterial hypertension_0_BGgpt	MEDICATION	670	679	метформин
cardiovascular_arterial hypertension_0_BGgpt	DISEASE	706	725	хиперхолестеролемия
cardiovascular_arterial hypertension_0_BGgpt	MEDICATION	738	750	аторвастатин
cardiovascular_arterial hypertension_0_BGgpt	PROCEDURE	873	875	АН
cardiovascular_arterial hypertension_0_BGgpt	PROCEDURE	986	988	АН
cardiovascular_arterial hypertension_0_BGgpt	PROCEDURE	1036	1052	подробен преглед
cardiovascular_arterial hypertension_0_BGgpt	PROCEDURE	1172	1187	анализ на урина
cardiovascular_arterial hypertension_0_BGgpt	PROCEDURE	1189	1203	липиден профил
cardiovascular_arterial hypertension_0_BGgpt	PROCEDURE	1295	1298	ЕКГ
cardiovascular_arterial hypertension_0_BGgpt	PROCEDURE	1417	1419	АН
cardiovascular_arterial hypertension_0_BGgpt	DISEASE	1434	1444	хипертония
cardiovascular_arterial hypertension_0_BGgpt	PROCEDURE	1559	1561	АН
cardiovascular_arterial hypertension_0_BGgpt	MEDICATION	1728	1750	натрий под 1500 mg/ден
cardiovascular_arterial hypertension_0_BGgpt	PROCEDURE	1793	1815	фармакологично лечение
cardiovascular_arterial hypertension_0_BGgpt	MEDICATION	1818	1828	лизиноприл
cardiovascular_arterial hypertension_0_BGgpt	MEDICATION	1830	1843	АСЕ-инхибитор
cardiovascular_arterial hypertension_0_BGgpt	PROCEDURE	1901	1903	АН
cardiovascular_arterial hypertension_10_BGgpt	SYMPTOM	405	425	постоянни главоболия
cardiovascular_arterial hypertension_10_BGgpt	SYMPTOM	427	449	епизоди на световъртеж
cardiovascular_arterial hypertension_10_BGgpt	SYMPTOM	452	468	скорошен анамнез
cardiovascular_arterial hypertension_10_BGgpt	DISEASE	616	637	артериална хипертония
cardiovascular_arterial hypertension_10_BGgpt	PROCEDURE	1040	1054	липиден профил
cardiovascular_arterial hypertension_10_BGgpt	PROCEDURE	1056	1078	пълен биохимичен панел
cardiovascular_arterial hypertension_10_BGgpt	PROCEDURE	1080	1102	кръвна захар на гладно
cardiovascular_arterial hypertension_10_BGgpt	PROCEDURE	1104	1140	нива на тиреостимулиращ хормон (TSH)
cardiovascular_arterial hypertension_10_BGgpt	PROCEDURE	1143	1167	електрокардиограма (ЕКГ)
cardiovascular_arterial hypertension_10_BGgpt	PROCEDURE	1259	1283	кръвната захар на гладно
cardiovascular_arterial hypertension_10_BGgpt	PROCEDURE	1347	1381	24-часово амбулаторно мониториране
cardiovascular_arterial hypertension_10_BGgpt	DISEASE	1438	1459	артериална хипертония
cardiovascular_arterial hypertension_10_BGgpt	DISEASE	1626	1654	първичен хипералдостеронизъм
cardiovascular_arterial hypertension_10_BGgpt	PROCEDURE	1719	1726	Лечение
cardiovascular_arterial hypertension_10_BGgpt	PROCEDURE	1732	1754	Първоначалното лечение
cardiovascular_arterial hypertension_10_BGgpt	PROCEDURE	1770	1795	промяна в начина на живот
cardiovascular_arterial hypertension_10_BGgpt	PROCEDURE	1809	1824	хранителен план
cardiovascular_arterial hypertension_10_BGgpt	MEDICATION	1836	1858	натрий под 1500 mg/ден
cardiovascular_arterial hypertension_10_BGgpt	PROCEDURE	1860	1896	увеличаване на физическата активност
cardiovascular_arterial hypertension_10_BGgpt	PROCEDURE	1899	1944	структурирана програма за редукция на теглото
cardiovascular_arterial hypertension_11_BGgpt	DISEASE	212	233	Артериална хипертония
cardiovascular_arterial hypertension_11_BGgpt	DISEASE	239	247	Анамнеза
cardiovascular_arterial hypertension_11_BGgpt	DISEASE	327	347	захарен диабет тип 2
cardiovascular_arterial hypertension_11_BGgpt	SYMPTOM	429	450	епизодични главоболия
cardiovascular_arterial hypertension_11_BGgpt	SYMPTOM	452	463	световъртеж
cardiovascular_arterial hypertension_11_BGgpt	SYMPTOM	466	493	епизоди на замъглено зрение
cardiovascular_arterial hypertension_11_BGgpt	DISEASE	569	590	артериална хипертония
cardiovascular_arterial hypertension_11_BGgpt	DISEASE	593	620	сърдечно-съдови заболявания
cardiovascular_arterial hypertension_11_BGgpt	MEDICATION	656	683	антихипертензивни лекарства
cardiovascular_arterial hypertension_11_BGgpt	PROCEDURE	1358	1361	TSH
cardiovascular_arterial hypertension_11_BGgpt	PROCEDURE	1388	1407	Домашното измерване
cardiovascular_arterial hypertension_11_BGgpt	DISEASE	1441	1464	персистираща хипертония
cardiovascular_arterial hypertension_11_BGgpt	PROCEDURE	1511	1520	лечението
cardiovascular_arterial hypertension_11_BGgpt	PROCEDURE	1579	1586	лечение
cardiovascular_arterial hypertension_11_BGgpt	MEDICATION	1589	1599	Лизиноприл
cardiovascular_arterial hypertension_11_BGgpt	MEDICATION	1645	1667	Хидрохлоротиазид (ХЦТ)
cardiovascular_arterial hypertension_12_BGgpt	DISEASE	288	309	Артериална хипертония
cardiovascular_arterial hypertension_12_BGgpt	DISEASE	405	425	захарен диабет тип 2
cardiovascular_arterial hypertension_12_BGgpt	DISEASE	428	442	хиперлипидемия
cardiovascular_arterial hypertension_12_BGgpt	SYMPTOM	511	521	главоболие
cardiovascular_arterial hypertension_12_BGgpt	SYMPTOM	524	546	епизоди на световъртеж
cardiovascular_arterial hypertension_12_BGgpt	DISEASE	764	785	артериална хипертония
cardiovascular_arterial hypertension_12_BGgpt	PROCEDURE	1185	1204	изследване на урина
cardiovascular_arterial hypertension_12_BGgpt	PROCEDURE	1206	1220	липиден профил
cardiovascular_arterial hypertension_12_BGgpt	PROCEDURE	1222	1245	пълна метаболитна панел
cardiovascular_arterial hypertension_12_BGgpt	PROCEDURE	1247	1269	кръвна захар на гладно
cardiovascular_arterial hypertension_12_BGgpt	PROCEDURE	1272	1275	ЕКГ
cardiovascular_arterial hypertension_12_BGgpt	DISEASE	1337	1360	артериалната хипертония
cardiovascular_arterial hypertension_12_BGgpt	MEDICATION	1396	1399	ТСХ
cardiovascular_arterial hypertension_12_BGgpt	PROCEDURE	1620	1645	промени в начина на живот
cardiovascular_arterial hypertension_12_BGgpt	PROCEDURE	1659	1675	хранителен режим
cardiovascular_arterial hypertension_12_BGgpt	MEDICATION	1687	1693	натрий
cardiovascular_arterial hypertension_12_BGgpt	PROCEDURE	1745	1776	стратегия за контрол на теглото
cardiovascular_arterial hypertension_12_BGgpt	PROCEDURE	1806	1830	Фармакологичното лечение
cardiovascular_arterial hypertension_12_BGgpt	MEDICATION	1845	1855	Лизиноприл
cardiovascular_arterial hypertension_12_BGgpt	MEDICATION	1857	1870	АСЕ-инхибитор
cardiovascular_arterial hypertension_13_BGgpt	DISEASE	264	285	Артериална хипертония
cardiovascular_arterial hypertension_13_BGgpt	SYMPTOM	484	494	главоболия
cardiovascular_arterial hypertension_13_BGgpt	SYMPTOM	497	519	епизоди на световъртеж
cardiovascular_arterial hypertension_13_BGgpt	PROCEDURE	844	868	амбулаторно мониториране
cardiovascular_arterial hypertension_13_BGgpt	DISEASE	1029	1050	артериална хипертония
cardiovascular_arterial hypertension_13_BGgpt	MEDICATION	1125	1136	медикаменти
cardiovascular_arterial hypertension_13_BGgpt	PROCEDURE	1296	1320	диагностични изследвания
cardiovascular_arterial hypertension_13_BGgpt	PROCEDURE	1334	1347	уринен анализ
cardiovascular_arterial hypertension_13_BGgpt	PROCEDURE	1349	1368	пълен липиден панел
cardiovascular_arterial hypertension_13_BGgpt	PROCEDURE	1370	1393	пълен метаболитен панел
cardiovascular_arterial hypertension_13_BGgpt	PROCEDURE	1395	1417	кръвна захар на гладно
cardiovascular_arterial hypertension_13_BGgpt	PROCEDURE	1420	1438	електрокардиограма
cardiovascular_arterial hypertension_13_BGgpt	DISEASE	1617	1637	тиреоидна дисфункция
cardiovascular_arterial hypertension_13_BGgpt	PROCEDURE	1686	1716	начална медикаментозна терапия
cardiovascular_arterial hypertension_13_BGgpt	MEDICATION	1719	1729	Лизиноприл
cardiovascular_arterial hypertension_13_BGgpt	MEDICATION	1731	1744	АСЕ-инхибитор
cardiovascular_arterial hypertension_14_BGgpt	DISEASE	302	323	Артериална хипертония
cardiovascular_arterial hypertension_14_BGgpt	SYMPTOM	475	498	персистиращи главоболия
cardiovascular_arterial hypertension_14_BGgpt	SYMPTOM	500	520	епизоди на замайване
cardiovascular_arterial hypertension_14_BGgpt	SYMPTOM	523	540	скорошна анамнеза
cardiovascular_arterial hypertension_14_BGgpt	SYMPTOM	544	575	необясними кръвотечения от носа
cardiovascular_arterial hypertension_14_BGgpt	SYMPTOM	591	607	фамилна анамнеза
cardiovascular_arterial hypertension_14_BGgpt	DISEASE	652	673	артериална хипертония
cardiovascular_arterial hypertension_14_BGgpt	SYMPTOM	716	738	нездравословно хранене
cardiovascular_arterial hypertension_14_BGgpt	PROCEDURE	807	809	АН
cardiovascular_arterial hypertension_14_BGgpt	PROCEDURE	945	954	лечението
cardiovascular_arterial hypertension_14_BGgpt	PROCEDURE	1015	1017	АН
cardiovascular_arterial hypertension_14_BGgpt	PROCEDURE	1185	1187	АН
cardiovascular_arterial hypertension_14_BGgpt	SYMPTOM	1328	1340	затлъстяване
cardiovascular_arterial hypertension_14_BGgpt	PROCEDURE	1430	1445	анализ на урина
cardiovascular_arterial hypertension_14_BGgpt	PROCEDURE	1447	1467	пълен липиден профил
cardiovascular_arterial hypertension_14_BGgpt	PROCEDURE	1469	1492	пълен метаболитен панел
cardiovascular_arterial hypertension_14_BGgpt	PROCEDURE	1494	1520	плазмена глюкоза на гладно
cardiovascular_arterial hypertension_14_BGgpt	PROCEDURE	1523	1526	ЕКГ
cardiovascular_arterial hypertension_14_BGgpt	DISEASE	1568	1589	артериална хипертония
cardiovascular_arterial hypertension_14_BGgpt	PROCEDURE	1788	1795	Лечение
cardiovascular_arterial hypertension_14_BGgpt	PROCEDURE	1822	1855	първоначален медикаментозен режим
cardiovascular_arterial hypertension_14_BGgpt	MEDICATION	1858	1868	Лизиноприл
cardiovascular_arterial hypertension_14_BGgpt	MEDICATION	1870	1883	АСЕ инхибитор
cardiovascular_arterial hypertension_15_BGgpt	SYMPTOM	359	379	епизоди на замайване
cardiovascular_arterial hypertension_15_BGgpt	SYMPTOM	405	413	Анамнеза
cardiovascular_arterial hypertension_15_BGgpt	DISEASE	491	511	захарен диабет тип 2
cardiovascular_arterial hypertension_15_BGgpt	SYMPTOM	588	604	тежко главоболие
cardiovascular_arterial hypertension_15_BGgpt	SYMPTOM	607	627	периодично замайване
cardiovascular_arterial hypertension_15_BGgpt	SYMPTOM	729	743	повишена умора
cardiovascular_arterial hypertension_15_BGgpt	SYMPTOM	746	773	епизоди на замъглено зрение
cardiovascular_arterial hypertension_15_BGgpt	SYMPTOM	795	803	анамнеза
cardiovascular_arterial hypertension_15_BGgpt	PROCEDURE	1113	1136	Диагностично изследване
cardiovascular_arterial hypertension_15_BGgpt	PROCEDURE	1144	1163	Изследване на урина
cardiovascular_arterial hypertension_15_BGgpt	SYMPTOM	1167	1174	В норма
cardiovascular_arterial hypertension_15_BGgpt	PROCEDURE	1179	1193	Липиден профил
cardiovascular_arterial hypertension_15_BGgpt	PROCEDURE	1224	1241	Метаболитен панел
cardiovascular_arterial hypertension_15_BGgpt	PROCEDURE	1310	1332	медикаментозно лечение
cardiovascular_arterial hypertension_15_BGgpt	DISEASE	1336	1356	захарен диабет тип 2
cardiovascular_arterial hypertension_15_BGgpt	OBSERVATION	1382	1395	Леко повишена
cardiovascular_arterial hypertension_15_BGgpt	PROCEDURE	1400	1403	ЕКГ
cardiovascular_arterial hypertension_16_BGgpt	SYMPTOM	273	293	постоянни главоболия
cardiovascular_arterial hypertension_16_BGgpt	SYMPTOM	296	318	епизоди на световъртеж
cardiovascular_arterial hypertension_16_BGgpt	OBSERVATION	375	383	Анамнеза
cardiovascular_arterial hypertension_16_BGgpt	DISEASE	387	407	захарен диабет тип 2
cardiovascular_arterial hypertension_16_BGgpt	MEDICATION	474	483	Метформин
cardiovascular_arterial hypertension_16_BGgpt	DISEASE	533	554	артериална хипертония
cardiovascular_arterial hypertension_16_BGgpt	OBSERVATION	590	597	Непушач
cardiovascular_arterial hypertension_16_BGgpt	PROCEDURE	976	996	диагностични тестове
cardiovascular_arterial hypertension_16_BGgpt	DISEASE	1055	1076	артериална хипертония
cardiovascular_arterial hypertension_16_BGgpt	PROCEDURE	1243	1262	Изследване на урина
cardiovascular_arterial hypertension_16_BGgpt	DISEASE	1575	1596	артериална хипертония
cardiovascular_arterial hypertension_16_BGgpt	DISEASE	1612	1632	захарен диабет тип 2
cardiovascular_arterial hypertension_16_BGgpt	PROCEDURE	1872	1904	Приложена медикаментозна терапия
cardiovascular_arterial hypertension_16_BGgpt	MEDICATION	1910	1920	Лизиноприл
cardiovascular_arterial hypertension_16_BGgpt	MEDICATION	1922	1935	АСЕ-инхибитор
cardiovascular_arterial hypertension_17_BGgpt	SYMPTOM	354	370	силни главоболия
cardiovascular_arterial hypertension_17_BGgpt	SYMPTOM	373	393	епизоди на замаяност
cardiovascular_arterial hypertension_17_BGgpt	DISEASE	442	463	Артериална хипертония
cardiovascular_arterial hypertension_17_BGgpt	DISEASE	498	518	Захарен диабет тип 2
cardiovascular_arterial hypertension_17_BGgpt	DISEASE	523	556	Няма известни лекарствени алергии
cardiovascular_arterial hypertension_17_BGgpt	PROCEDURE	595	604	лечението
cardiovascular_arterial hypertension_17_BGgpt	PROCEDURE	1025	1044	Диагностична оценка
cardiovascular_arterial hypertension_17_BGgpt	PROCEDURE	1054	1084	Измерване на кръвното налягане
cardiovascular_arterial hypertension_17_BGgpt	PROCEDURE	1359	1382	Лабораторни изследвания
cardiovascular_arterial hypertension_17_BGgpt	PROCEDURE	1396	1415	изследване на урина
cardiovascular_arterial hypertension_17_BGgpt	OBSERVATION	1417	1431	липиден профил
cardiovascular_arterial hypertension_17_BGgpt	PROCEDURE	1483	1486	ЕКГ
cardiovascular_arterial hypertension_17_BGgpt	PROCEDURE	1561	1585	Допълнителни изследвания
cardiovascular_arterial hypertension_17_BGgpt	PROCEDURE	1817	1824	Лечение
cardiovascular_arterial hypertension_17_BGgpt	PROCEDURE	1859	1866	лечение
cardiovascular_arterial hypertension_17_BGgpt	MEDICATION	1869	1879	Лизиноприл
cardiovascular_arterial hypertension_17_BGgpt	MEDICATION	1881	1894	АСЕ-инхибитор
cardiovascular_arterial hypertension_18_BGgpt	SYMPTOM	354	376	епизоди на световъртеж
cardiovascular_arterial hypertension_18_BGgpt	DISEASE	422	438	фамилна анамнеза
cardiovascular_arterial hypertension_18_BGgpt	DISEASE	442	463	артериална хипертония
cardiovascular_arterial hypertension_18_BGgpt	DISEASE	553	569	Фамилна анамнеза
cardiovascular_arterial hypertension_18_BGgpt	DISEASE	573	594	артериална хипертония
cardiovascular_arterial hypertension_18_BGgpt	DISEASE	597	624	исхемична болест на сърцето
cardiovascular_arterial hypertension_18_BGgpt	DISEASE	697	704	Непушач
cardiovascular_arterial hypertension_18_BGgpt	MEDICATION	726	733	алкохол
cardiovascular_arterial hypertension_18_BGgpt	MEDICATION	739	757	Приети медикаменти
cardiovascular_arterial hypertension_18_BGgpt	MEDICATION	774	778	Няма
cardiovascular_arterial hypertension_18_BGgpt	PROCEDURE	1103	1129	Общо изследване на урината
cardiovascular_arterial hypertension_18_BGgpt	PROCEDURE	1131	1145	липиден профил
cardiovascular_arterial hypertension_18_BGgpt	PROCEDURE	1147	1173	разширен биохимичен анализ
cardiovascular_arterial hypertension_18_BGgpt	PROCEDURE	1175	1197	кръвна захар на гладно
cardiovascular_arterial hypertension_18_BGgpt	MEDICATION	1232	1235	TSH
cardiovascular_arterial hypertension_18_BGgpt	PROCEDURE	1264	1267	ЕКГ
cardiovascular_arterial hypertension_18_BGgpt	PROCEDURE	1348	1366	домашен мониторинг
cardiovascular_arterial hypertension_18_BGgpt	PROCEDURE	1514	1523	лечението
cardiovascular_arterial hypertension_18_BGgpt	PROCEDURE	1575	1594	допълнителна оценка
cardiovascular_arterial hypertension_18_BGgpt	PROCEDURE	1597	1604	лечение
cardiovascular_arterial hypertension_18_BGgpt	DISEASE	1620	1641	артериална хипертония
cardiovascular_arterial hypertension_18_BGgpt	PROCEDURE	1722	1740	диетични препоръки
cardiovascular_arterial hypertension_18_BGgpt	MEDICATION	1761	1767	натрий
cardiovascular_arterial hypertension_18_BGgpt	PROCEDURE	1798	1843	структурирана програма за физическа активност
cardiovascular_arterial hypertension_18_BGgpt	PROCEDURE	1930	1952	медикаментозна терапия
cardiovascular_arterial hypertension_19_BGgpt	SYMPTOM	467	483	силни главоболия
cardiovascular_arterial hypertension_19_BGgpt	SYMPTOM	486	508	епизодичен световъртеж
cardiovascular_arterial hypertension_19_BGgpt	DISEASE	591	612	артериална хипертония
cardiovascular_arterial hypertension_19_BGgpt	DISEASE	761	771	Хипертония
cardiovascular_arterial hypertension_19_BGgpt	DISEASE	790	810	Захарен диабет тип 2
cardiovascular_arterial hypertension_19_BGgpt	MEDICATION	826	842	Метформин 500 mg
cardiovascular_arterial hypertension_19_BGgpt	DISEASE	864	878	Хиперлипидемия
cardiovascular_arterial hypertension_19_BGgpt	MEDICATION	895	913	Аторвастатин 20 mg
cardiovascular_arterial hypertension_19_BGgpt	MEDICATION	966	982	Метформин 500 mg
cardiovascular_arterial hypertension_19_BGgpt	MEDICATION	1003	1021	Аторвастатин 20 mg
cardiovascular_arterial hypertension_19_BGgpt	PROCEDURE	1329	1345	подробен преглед
cardiovascular_arterial hypertension_19_BGgpt	PROCEDURE	1348	1364	физикален статус
cardiovascular_arterial hypertension_19_BGgpt	PROCEDURE	1440	1464	диагностични изследвания
cardiovascular_arterial hypertension_19_BGgpt	PROCEDURE	1559	1562	ЕКГ
cardiovascular_arterial hypertension_19_BGgpt	DISEASE	1675	1696	артериална хипертония
cardiovascular_arterial hypertension_19_BGgpt	MEDICATION	1721	1737	Лизиноприл 10 mg
cardiovascular_arterial hypertension_19_BGgpt	SYMPTOM	1782	1807	промени в начина на живот
cardiovascular_arterial hypertension_19_BGgpt	SYMPTOM	1821	1848	промени в хранителния режим
cardiovascular_arterial hypertension_19_BGgpt	PROCEDURE	2051	2071	домашно мониториране
cardiovascular_arterial hypertension_19_BGgpt	DISEASE	2118	2128	хипертония
cardiovascular_arterial hypertension_1_BGgpt	SYMPTOM	392	412	епизоди на замайване
cardiovascular_arterial hypertension_1_BGgpt	DISEASE	464	480	фамилна анамнеза
cardiovascular_arterial hypertension_1_BGgpt	DISEASE	484	511	сърдечно-съдови заболявания
cardiovascular_arterial hypertension_1_BGgpt	DISEASE	525	535	хипертония
cardiovascular_arterial hypertension_1_BGgpt	SYMPTOM	556	566	симптомите
cardiovascular_arterial hypertension_1_BGgpt	DISEASE	721	737	Фамилна анамнеза
cardiovascular_arterial hypertension_1_BGgpt	DISEASE	741	751	хипертония
cardiovascular_arterial hypertension_1_BGgpt	DISEASE	754	781	сърдечно-съдови заболявания
cardiovascular_arterial hypertension_1_BGgpt	DISEASE	807	817	хипертония
cardiovascular_arterial hypertension_1_BGgpt	DISEASE	851	858	Непушач
cardiovascular_arterial hypertension_1_BGgpt	PROCEDURE	1310	1326	Сфигмоманометрия
cardiovascular_arterial hypertension_1_BGgpt	PROCEDURE	1407	1430	Домашно измерване на АН
cardiovascular_arterial hypertension_1_BGgpt	DISEASE	1469	1479	хипертония
cardiovascular_arterial hypertension_1_BGgpt	PROCEDURE	1541	1565	Общо изследване на урина
cardiovascular_arterial hypertension_1_BGgpt	MEDICATION	1613	1627	LDL холестерол
cardiovascular_arterial hypertension_20_BGgpt	DISEASE	208	229	Артериална хипертония
cardiovascular_arterial hypertension_20_BGgpt	SYMPTOM	346	366	постоянни главоболия
cardiovascular_arterial hypertension_20_BGgpt	SYMPTOM	368	388	епизоди на замайване
cardiovascular_arterial hypertension_20_BGgpt	PROCEDURE	413	415	АН
cardiovascular_arterial hypertension_20_BGgpt	PROCEDURE	459	461	АН
cardiovascular_arterial hypertension_20_BGgpt	PROCEDURE	579	581	АН
cardiovascular_arterial hypertension_20_BGgpt	SYMPTOM	658	675	подробна анамнеза
cardiovascular_arterial hypertension_20_BGgpt	SYMPTOM	714	719	диета
cardiovascular_arterial hypertension_20_BGgpt	MEDICATION	743	749	натрий
cardiovascular_arterial hypertension_20_BGgpt	SYMPTOM	752	768	фамилна анамнеза
cardiovascular_arterial hypertension_20_BGgpt	DISEASE	772	793	артериална хипертония
cardiovascular_arterial hypertension_20_BGgpt	PROCEDURE	806	823	физикален преглед
cardiovascular_arterial hypertension_20_BGgpt	PROCEDURE	864	883	обиколка на талията
cardiovascular_arterial hypertension_20_BGgpt	PROCEDURE	1121	1134	уринен анализ
cardiovascular_arterial hypertension_20_BGgpt	PROCEDURE	1136	1150	липиден профил
cardiovascular_arterial hypertension_20_BGgpt	PROCEDURE	1152	1175	пълен метаболитен панел
cardiovascular_arterial hypertension_20_BGgpt	PROCEDURE	1177	1194	глюкоза на гладно
cardiovascular_arterial hypertension_20_BGgpt	PROCEDURE	1197	1200	ЕКГ
cardiovascular_arterial hypertension_20_BGgpt	PROCEDURE	1392	1401	Терапията
cardiovascular_arterial hypertension_20_BGgpt	PROCEDURE	1455	1471	хранителен режим
cardiovascular_arterial hypertension_20_BGgpt	MEDICATION	1506	1512	натрий
cardiovascular_arterial hypertension_20_BGgpt	PROCEDURE	1605	1629	Фармакологичното лечение
cardiovascular_arterial hypertension_20_BGgpt	MEDICATION	1644	1654	Лизиноприл
cardiovascular_arterial hypertension_20_BGgpt	MEDICATION	1717	1730	АСЕ-инхибитор
cardiovascular_arterial hypertension_20_BGgpt	PROCEDURE	1763	1765	АН
cardiovascular_arterial hypertension_20_BGgpt	PROCEDURE	1885	1887	АН
cardiovascular_arterial hypertension_21_BGgpt	DISEASE	396	417	Артериална хипертония
cardiovascular_arterial hypertension_21_BGgpt	PROCEDURE	491	500	лечението
cardiovascular_arterial hypertension_21_BGgpt	SYMPTOM	584	600	силно главоболие
cardiovascular_arterial hypertension_21_BGgpt	SYMPTOM	603	623	епизоди на замайване
cardiovascular_arterial hypertension_21_BGgpt	PROCEDURE	793	800	лечение
cardiovascular_arterial hypertension_21_BGgpt	DISEASE	817	838	артериална хипертония
cardiovascular_arterial hypertension_21_BGgpt	SYMPTOM	873	890	подробна анамнеза
cardiovascular_arterial hypertension_21_BGgpt	DISEASE	933	954	артериална хипертония
cardiovascular_arterial hypertension_21_BGgpt	PROCEDURE	1255	1274	изследване на урина
cardiovascular_arterial hypertension_21_BGgpt	PROCEDURE	1276	1290	липиден профил
cardiovascular_arterial hypertension_21_BGgpt	PROCEDURE	1292	1309	метаболитен панел
cardiovascular_arterial hypertension_21_BGgpt	PROCEDURE	1311	1333	кръвна захар на гладно
cardiovascular_arterial hypertension_21_BGgpt	PROCEDURE	1336	1339	ЕКГ
cardiovascular_arterial hypertension_21_BGgpt	MEDICATION	1425	1439	LDL холестерол
cardiovascular_arterial hypertension_21_BGgpt	PROCEDURE	1519	1547	домашното мониториране на КН
cardiovascular_arterial hypertension_21_BGgpt	DISEASE	1781	1802	артериална хипертония
cardiovascular_arterial hypertension_21_BGgpt	PROCEDURE	1804	1813	Лечението
cardiovascular_arterial hypertension_21_BGgpt	MEDICATION	1831	1847	Лизиноприл 10 mg
cardiovascular_arterial hypertension_21_BGgpt	OBSERVATION	1915	1942	липсата на противопоказания
cardiovascular_arterial hypertension_21_BGgpt	MEDICATION	1946	1960	АСЕ-инхибитори
cardiovascular_arterial hypertension_21_BGgpt	OBSERVATION	2020	2036	диетични промени
cardiovascular_arterial hypertension_22_BGgpt	SYMPTOM	330	352	епизоди на световъртеж
cardiovascular_arterial hypertension_22_BGgpt	DISEASE	420	438	Фамилната анамнеза
cardiovascular_arterial hypertension_22_BGgpt	DISEASE	484	505	артериална хипертония
cardiovascular_arterial hypertension_22_BGgpt	PROCEDURE	649	651	АН
cardiovascular_arterial hypertension_22_BGgpt	PROCEDURE	842	844	АН
cardiovascular_arterial hypertension_22_BGgpt	PROCEDURE	1029	1051	амбулаторен мониторинг
cardiovascular_arterial hypertension_22_BGgpt	PROCEDURE	1055	1057	АН
cardiovascular_arterial hypertension_22_BGgpt	SYMPTOM	1077	1104	синдром на бялата престилка
cardiovascular_arterial hypertension_22_BGgpt	DISEASE	1171	1192	артериална хипертония
cardiovascular_arterial hypertension_22_BGgpt	PROCEDURE	1432	1447	анализ на урина
cardiovascular_arterial hypertension_22_BGgpt	PROCEDURE	1449	1463	липиден профил
cardiovascular_arterial hypertension_22_BGgpt	PROCEDURE	1465	1490	основен метаболитен панел
cardiovascular_arterial hypertension_22_BGgpt	PROCEDURE	1492	1518	плазмена глюкоза на гладно
cardiovascular_arterial hypertension_22_BGgpt	PROCEDURE	1521	1539	електрокардиограма
cardiovascular_arterial hypertension_22_BGgpt	DISEASE	1684	1712	първичен хипералдостеронизъм
cardiovascular_arterial hypertension_22_BGgpt	MEDICATION	1893	1903	Лизиноприл
cardiovascular_arterial hypertension_22_BGgpt	MEDICATION	1905	1918	АСЕ-инхибитор
cardiovascular_arterial hypertension_22_BGgpt	PROCEDURE	1977	1986	титриране
cardiovascular_arterial hypertension_22_BGgpt	PROCEDURE	2038	2040	АН
cardiovascular_arterial hypertension_22_BGgpt	MEDICATION	2061	2070	Амлодипин
cardiovascular_arterial hypertension_22_BGgpt	MEDICATION	2072	2107	дихидропиридинов калциев антагонист
cardiovascular_arterial hypertension_23_BGgpt	DISEASE	255	271	Основна диагноза
cardiovascular_arterial hypertension_23_BGgpt	DISEASE	275	296	Артериална хипертония
cardiovascular_arterial hypertension_23_BGgpt	DISEASE	329	349	Захарен диабет тип 2
cardiovascular_arterial hypertension_23_BGgpt	SYMPTOM	480	500	постоянни главоболия
cardiovascular_arterial hypertension_23_BGgpt	SYMPTOM	503	525	епизоди на световъртеж
cardiovascular_arterial hypertension_23_BGgpt	PROCEDURE	793	812	Диагностична оценка
cardiovascular_arterial hypertension_23_BGgpt	DISEASE	946	967	артериална хипертония
cardiovascular_arterial hypertension_23_BGgpt	DISEASE	987	1007	захарен диабет тип 2
cardiovascular_arterial hypertension_23_BGgpt	MEDICATION	1072	1081	метформин
cardiovascular_arterial hypertension_23_BGgpt	MEDICATION	1113	1142	антихипертензивни медикаменти
cardiovascular_arterial hypertension_23_BGgpt	PROCEDURE	1172	1191	Изследване на урина
cardiovascular_arterial hypertension_23_BGgpt	PROCEDURE	1597	1616	допълнителна оценка
cardiovascular_arterial hypertension_23_BGgpt	PROCEDURE	1628	1676	измерване на плазмена алдостеронова концентрация
cardiovascular_arterial hypertension_23_BGgpt	PROCEDURE	1760	1777	Назначено лечение
cardiovascular_arterial hypertension_24_BGgpt	DISEASE	242	263	Артериална хипертония
cardiovascular_arterial hypertension_24_BGgpt	PROCEDURE	288	295	терапия
cardiovascular_arterial hypertension_24_BGgpt	SYMPTOM	399	415	силно главоболие
cardiovascular_arterial hypertension_24_BGgpt	SYMPTOM	418	440	епизоди на световъртеж
cardiovascular_arterial hypertension_24_BGgpt	PROCEDURE	442	466	Първоначалното измерване
cardiovascular_arterial hypertension_24_BGgpt	PROCEDURE	493	495	АН
cardiovascular_arterial hypertension_24_BGgpt	PROCEDURE	604	606	АН
cardiovascular_arterial hypertension_24_BGgpt	DISEASE	624	645	артериална хипертония
cardiovascular_arterial hypertension_24_BGgpt	DISEASE	650	660	Анамнезата
cardiovascular_arterial hypertension_24_BGgpt	MEDICATION	722	728	натрий
cardiovascular_arterial hypertension_24_BGgpt	PROCEDURE	922	937	анализ на урина
cardiovascular_arterial hypertension_24_BGgpt	PROCEDURE	1003	1006	ЕКГ
cardiovascular_arterial hypertension_24_BGgpt	DISEASE	1079	1089	анамнезата
cardiovascular_arterial hypertension_24_BGgpt	DISEASE	1137	1158	артериална хипертония
cardiovascular_arterial hypertension_24_BGgpt	PROCEDURE	1163	1172	Терапията
cardiovascular_arterial hypertension_24_BGgpt	PROCEDURE	1230	1252	медикаментозно лечение
cardiovascular_arterial hypertension_24_BGgpt	MEDICATION	1375	1381	натрий
cardiovascular_arterial hypertension_24_BGgpt	PROCEDURE	1473	1495	Медикаментозно лечение
cardiovascular_arterial hypertension_24_BGgpt	MEDICATION	1513	1523	Лизиноприл
cardiovascular_arterial hypertension_24_BGgpt	MEDICATION	1545	1549	доза
cardiovascular_arterial hypertension_24_BGgpt	PROCEDURE	1677	1694	контролен преглед
cardiovascular_arterial hypertension_24_BGgpt	PROCEDURE	1711	1713	АН
cardiovascular_arterial hypertension_24_BGgpt	PROCEDURE	1776	1778	АН
cardiovascular_arterial hypertension_24_BGgpt	PROCEDURE	1881	1883	АН
cardiovascular_arterial hypertension_24_BGgpt	PROCEDURE	2027	2036	терапията
cardiovascular_arterial hypertension_25_BGgpt	DISEASE	228	249	Артериална хипертония
cardiovascular_arterial hypertension_25_BGgpt	SYMPTOM	355	365	оплаквания
cardiovascular_arterial hypertension_25_BGgpt	SYMPTOM	369	385	силно главоболие
cardiovascular_arterial hypertension_25_BGgpt	SYMPTOM	388	408	епизоди на замаяност
cardiovascular_arterial hypertension_25_BGgpt	DISEASE	694	715	артериална хипертония
cardiovascular_arterial hypertension_25_BGgpt	PROCEDURE	835	850	цялостна оценка
cardiovascular_arterial hypertension_25_BGgpt	PROCEDURE	881	901	обективно изследване
cardiovascular_arterial hypertension_25_BGgpt	PROCEDURE	904	924	диагностични тестове
cardiovascular_arterial hypertension_25_BGgpt	PROCEDURE	981	1003	обективното изследване
cardiovascular_arterial hypertension_25_BGgpt	PROCEDURE	1083	1103	диагностични тестове
cardiovascular_arterial hypertension_25_BGgpt	SYMPTOM	1134	1148	липиден профил
cardiovascular_arterial hypertension_25_BGgpt	DISEASE	1200	1203	ЕКГ
cardiovascular_arterial hypertension_25_BGgpt	SYMPTOM	1376	1386	оплаквания
cardiovascular_arterial hypertension_25_BGgpt	DISEASE	1409	1430	артериална хипертония
cardiovascular_arterial hypertension_25_BGgpt	PROCEDURE	1540	1559	хранителни корекции
cardiovascular_arterial hypertension_25_BGgpt	MEDICATION	1587	1593	натрий
cardiovascular_arterial hypertension_25_BGgpt	DISEASE	1803	1826	артериалната хипертония
cardiovascular_arterial hypertension_25_BGgpt	PROCEDURE	1829	1853	Фармакологичното лечение
cardiovascular_arterial hypertension_25_BGgpt	MEDICATION	1871	1897	АСЕ-инхибитор – Лизиноприл
cardiovascular_arterial hypertension_25_BGgpt	SYMPTOM	1980	2007	липсата на противопоказания
cardiovascular_arterial hypertension_25_BGgpt	DISEASE	2080	2101	артериална хипертония
cardiovascular_arterial hypertension_26_BGgpt	SYMPTOM	281	299	упорито главоболие
cardiovascular_arterial hypertension_26_BGgpt	SYMPTOM	302	324	епизоди на световъртеж
cardiovascular_arterial hypertension_26_BGgpt	DISEASE	329	337	Анамнеза
cardiovascular_arterial hypertension_26_BGgpt	PROCEDURE	373	375	КН
cardiovascular_arterial hypertension_26_BGgpt	DISEASE	566	574	анамнеза
cardiovascular_arterial hypertension_26_BGgpt	DISEASE	605	626	артериална хипертония
cardiovascular_arterial hypertension_26_BGgpt	DISEASE	654	662	анамнеза
cardiovascular_arterial hypertension_26_BGgpt	MEDICATION	797	803	натрий
cardiovascular_arterial hypertension_26_BGgpt	PROCEDURE	1237	1240	ЕКГ
cardiovascular_arterial hypertension_26_BGgpt	DISEASE	1408	1429	артериална хипертония
cardiovascular_arterial hypertension_26_BGgpt	PROCEDURE	1431	1433	КН
cardiovascular_arterial hypertension_26_BGgpt	PROCEDURE	1643	1650	терапия
cardiovascular_arterial hypertension_26_BGgpt	PROCEDURE	1690	1712	медикаментозно лечение
cardiovascular_arterial hypertension_26_BGgpt	MEDICATION	1726	1736	Лизиноприл
cardiovascular_arterial hypertension_26_BGgpt	MEDICATION	1738	1751	АСЕ-инхибитор
cardiovascular_arterial hypertension_26_BGgpt	MEDICATION	1859	1865	натрий
cardiovascular_arterial hypertension_26_BGgpt	PROCEDURE	2061	2063	КН
cardiovascular_arterial hypertension_27_BGgpt	OBSERVATION	296	312	Основна диагноза
cardiovascular_arterial hypertension_27_BGgpt	DISEASE	314	335	Артериална хипертония
cardiovascular_arterial hypertension_27_BGgpt	SYMPTOM	451	461	оплаквания
cardiovascular_arterial hypertension_27_BGgpt	SYMPTOM	465	481	тежко главоболие
cardiovascular_arterial hypertension_27_BGgpt	SYMPTOM	483	505	епизоди на световъртеж
cardiovascular_arterial hypertension_27_BGgpt	PROCEDURE	522	539	домашно измерване
cardiovascular_arterial hypertension_27_BGgpt	DISEASE	599	607	анамнеза
cardiovascular_arterial hypertension_27_BGgpt	DISEASE	611	632	артериална хипертония
cardiovascular_arterial hypertension_27_BGgpt	PROCEDURE	678	700	медикаментозна терапия
cardiovascular_arterial hypertension_27_BGgpt	PROCEDURE	1163	1187	амбулаторно мониториране
cardiovascular_arterial hypertension_27_BGgpt	DISEASE	1323	1344	артериална хипертония
cardiovascular_arterial hypertension_27_BGgpt	DISEASE	1382	1390	анамнеза
cardiovascular_arterial hypertension_27_BGgpt	PROCEDURE	1393	1410	обективен преглед
cardiovascular_arterial hypertension_27_BGgpt	PROCEDURE	1532	1537	урина
cardiovascular_arterial hypertension_27_BGgpt	PROCEDURE	1595	1598	ЕКГ
cardiovascular_arterial hypertension_27_BGgpt	DISEASE	1621	1635	хиперлипидемия
cardiovascular_arterial hypertension_27_BGgpt	PROCEDURE	1679	1682	ЕКГ
cardiovascular_arterial hypertension_27_BGgpt	PROCEDURE	1733	1740	Лечение
cardiovascular_arterial hypertension_27_BGgpt	PROCEDURE	1770	1792	медикаментозна терапия
cardiovascular_arterial hypertension_27_BGgpt	MEDICATION	1804	1814	Лизиноприл
cardiovascular_arterial hypertension_27_BGgpt	DISEASE	1849	1872	артериалната хипертония
cardiovascular_arterial hypertension_27_BGgpt	MEDICATION	1920	1936	Хидрохлоротиазид
cardiovascular_arterial hypertension_28_BGgpt	DISEASE	252	273	Артериална хипертония
cardiovascular_arterial hypertension_28_BGgpt	SYMPTOM	277	285	Анамнеза
cardiovascular_arterial hypertension_28_BGgpt	SYMPTOM	404	424	постоянни главоболия
cardiovascular_arterial hypertension_28_BGgpt	SYMPTOM	426	446	епизоди на замайване
cardiovascular_arterial hypertension_28_BGgpt	SYMPTOM	449	457	анамнеза
cardiovascular_arterial hypertension_28_BGgpt	DISEASE	681	701	захарен диабет тип 2
cardiovascular_arterial hypertension_28_BGgpt	DISEASE	704	718	хиперлипидемия
cardiovascular_arterial hypertension_28_BGgpt	PROCEDURE	1092	1111	Изследване на урина
cardiovascular_arterial hypertension_28_BGgpt	MEDICATION	1147	1169	Повишен LDL холестерол
cardiovascular_arterial hypertension_28_BGgpt	MEDICATION	1224	1229	HbA1c
cardiovascular_arterial hypertension_28_BGgpt	DISEASE	1358	1361	TSH
cardiovascular_arterial hypertension_28_BGgpt	PROCEDURE	1496	1540	Лечебно-диагностичен план и ход на лечението
cardiovascular_arterial hypertension_28_BGgpt	PROCEDURE	1582	1620	препоръки за промяна в начина на живот
cardiovascular_arterial hypertension_28_BGgpt	MEDICATION	1660	1663	сол
cardiovascular_arterial hypertension_28_BGgpt	PROCEDURE	1665	1686	намаляване на теглото
cardiovascular_arterial hypertension_28_BGgpt	PROCEDURE	1689	1717	повишена физическа активност
cardiovascular_arterial hypertension_29_BGgpt	SYMPTOM	368	392	продължителни главоболия
cardiovascular_arterial hypertension_29_BGgpt	SYMPTOM	394	414	епизоди на замайване
cardiovascular_arterial hypertension_29_BGgpt	DISEASE	507	515	анамнеза
cardiovascular_arterial hypertension_29_BGgpt	DISEASE	519	539	захарен диабет тип 2
cardiovascular_arterial hypertension_29_BGgpt	DISEASE	542	556	хиперлипидемия
cardiovascular_arterial hypertension_29_BGgpt	DISEASE	598	619	артериална хипертония
cardiovascular_arterial hypertension_29_BGgpt	DISEASE	626	634	Анамнеза
cardiovascular_arterial hypertension_29_BGgpt	DISEASE	642	662	Захарен диабет тип 2
cardiovascular_arterial hypertension_29_BGgpt	DISEASE	667	681	Хиперлипидемия
cardiovascular_arterial hypertension_29_BGgpt	DISEASE	686	702	Фамилна анамнеза
cardiovascular_arterial hypertension_29_BGgpt	PROCEDURE	739	771	Предходна медикаментозна терапия
cardiovascular_arterial hypertension_29_BGgpt	MEDICATION	779	788	Метформин
cardiovascular_arterial hypertension_29_BGgpt	MEDICATION	816	828	Аторвастатин
cardiovascular_arterial hypertension_29_BGgpt	PROCEDURE	933	945	пълна оценка
cardiovascular_arterial hypertension_29_BGgpt	DISEASE	968	976	анамнеза
cardiovascular_arterial hypertension_29_BGgpt	PROCEDURE	978	995	физикален преглед
cardiovascular_arterial hypertension_29_BGgpt	PROCEDURE	998	1022	диагностични изследвания
cardiovascular_arterial hypertension_29_BGgpt	PROCEDURE	1200	1219	Физикалният преглед
cardiovascular_arterial hypertension_29_BGgpt	PROCEDURE	1269	1295	Диагностичните изследвания
cardiovascular_arterial hypertension_29_BGgpt	OBSERVATION	1387	1390	ЕКГ
cardiovascular_arterial hypertension_29_BGgpt	DISEASE	1568	1600	есенциална артериална хипертония
cardiovascular_arterial hypertension_29_BGgpt	MEDICATION	1658	1668	Лизиноприл
cardiovascular_arterial hypertension_29_BGgpt	MEDICATION	1698	1714	Хидрохлоротиазид
cardiovascular_arterial hypertension_29_BGgpt	DISEASE	1772	1780	анамнеза
cardiovascular_arterial hypertension_29_BGgpt	DISEASE	1784	1798	захарен диабет
cardiovascular_arterial hypertension_29_BGgpt	SYMPTOM	1821	1846	промени в начина на живот
cardiovascular_arterial hypertension_29_BGgpt	SYMPTOM	1860	1876	диетични промени
cardiovascular_arterial hypertension_29_BGgpt	SYMPTOM	2050	2077	промените в начина на живот
cardiovascular_arterial hypertension_2_BGgpt	DISEASE	284	305	артериална хипертония
cardiovascular_arterial hypertension_2_BGgpt	DISEASE	384	405	артериална хипертония
cardiovascular_arterial hypertension_2_BGgpt	SYMPTOM	486	509	персистиращи главоболия
cardiovascular_arterial hypertension_2_BGgpt	SYMPTOM	511	531	епизоди на замайване
cardiovascular_arterial hypertension_2_BGgpt	SYMPTOM	534	569	скорошен епизод на замъглено зрение
cardiovascular_arterial hypertension_2_BGgpt	PROCEDURE	857	876	Физикалният преглед
cardiovascular_arterial hypertension_2_BGgpt	PROCEDURE	939	971	Детайлният кардиологичен преглед
cardiovascular_arterial hypertension_2_BGgpt	PROCEDURE	1021	1056	Първоначалните диагностични тестове
cardiovascular_arterial hypertension_2_BGgpt	PROCEDURE	1066	1081	анализ на урина
cardiovascular_arterial hypertension_2_BGgpt	PROCEDURE	1083	1097	липиден профил
cardiovascular_arterial hypertension_2_BGgpt	PROCEDURE	1099	1116	метаболитен панел
cardiovascular_arterial hypertension_2_BGgpt	PROCEDURE	1118	1144	плазмена глюкоза на гладно
cardiovascular_arterial hypertension_2_BGgpt	PROCEDURE	1147	1165	електрокардиограма
cardiovascular_arterial hypertension_2_BGgpt	PROCEDURE	1256	1280	домашен мониторинг на АН
cardiovascular_arterial hypertension_2_BGgpt	DISEASE	1496	1517	артериална хипертония
cardiovascular_arterial hypertension_2_BGgpt	SYMPTOM	1532	1569	персистиращо повишени стойности на АН
cardiovascular_arterial hypertension_2_BGgpt	PROCEDURE	1743	1771	нефармакологични интервенции
cardiovascular_arterial hypertension_2_BGgpt	PROCEDURE	1783	1800	промени в диетата
cardiovascular_arterial hypertension_2_BGgpt	MEDICATION	1831	1837	натрий
cardiovascular_arterial hypertension_2_BGgpt	PROCEDURE	1866	1902	увеличаване на физическата активност
cardiovascular_arterial hypertension_2_BGgpt	PROCEDURE	1905	1936	стратегии за контрол на теглото
cardiovascular_arterial hypertension_30_BGgpt	DISEASE	235	256	Артериална хипертония
cardiovascular_arterial hypertension_30_BGgpt	DISEASE	260	268	Анамнеза
cardiovascular_arterial hypertension_30_BGgpt	DISEASE	299	307	анамнеза
cardiovascular_arterial hypertension_30_BGgpt	DISEASE	326	346	захарен диабет тип 2
cardiovascular_arterial hypertension_30_BGgpt	SYMPTOM	413	421	симптоми
cardiovascular_arterial hypertension_30_BGgpt	SYMPTOM	425	445	постоянни главоболия
cardiovascular_arterial hypertension_30_BGgpt	SYMPTOM	448	470	епизоди на световъртеж
cardiovascular_arterial hypertension_30_BGgpt	DISEASE	523	531	анамнеза
cardiovascular_arterial hypertension_30_BGgpt	PROCEDURE	617	637	Домашните измервания
cardiovascular_arterial hypertension_30_BGgpt	PROCEDURE	1106	1120	липиден профил
cardiovascular_arterial hypertension_30_BGgpt	PROCEDURE	1122	1154	комплексно биохимично изследване
cardiovascular_arterial hypertension_30_BGgpt	PROCEDURE	1156	1178	кръвна захар на гладно
cardiovascular_arterial hypertension_30_BGgpt	PROCEDURE	1181	1199	електрокардиограма
cardiovascular_arterial hypertension_30_BGgpt	PROCEDURE	1201	1204	ЕКГ
cardiovascular_arterial hypertension_30_BGgpt	PROCEDURE	1207	1231	Кръвната захар на гладно
cardiovascular_arterial hypertension_30_BGgpt	PROCEDURE	1286	1302	Липидният профил
cardiovascular_arterial hypertension_30_BGgpt	PROCEDURE	1343	1346	ЕКГ
cardiovascular_arterial hypertension_30_BGgpt	DISEASE	1440	1461	артериална хипертония
cardiovascular_arterial hypertension_30_BGgpt	PROCEDURE	1516	1538	медикаментозна терапия
cardiovascular_arterial hypertension_30_BGgpt	MEDICATION	1573	1583	Лизиноприл
cardiovascular_arterial hypertension_30_BGgpt	MEDICATION	1587	1600	АКЕ-инхибитор
cardiovascular_arterial hypertension_30_BGgpt	MEDICATION	1743	1759	Хидрохлоротиазид
cardiovascular_arterial hypertension_30_BGgpt	MEDICATION	1763	1780	тиазиден диуретик
cardiovascular_arterial hypertension_30_BGgpt	MEDICATION	1840	1850	Лизиноприл
cardiovascular_arterial hypertension_31_BGgpt	OBSERVATION	289	299	Подозрение
cardiovascular_arterial hypertension_31_BGgpt	DISEASE	303	324	артериална хипертония
cardiovascular_arterial hypertension_31_BGgpt	SYMPTOM	330	338	Анамнеза
cardiovascular_arterial hypertension_31_BGgpt	SYMPTOM	438	458	постоянни главоболия
cardiovascular_arterial hypertension_31_BGgpt	SYMPTOM	460	482	епизоди на световъртеж
cardiovascular_arterial hypertension_31_BGgpt	SYMPTOM	485	501	фамилна анамнеза
cardiovascular_arterial hypertension_31_BGgpt	DISEASE	910	930	захарен диабет тип 2
cardiovascular_arterial hypertension_31_BGgpt	PROCEDURE	1031	1050	Изследване на урина
cardiovascular_arterial hypertension_31_BGgpt	PROCEDURE	1069	1083	Липиден профил
cardiovascular_arterial hypertension_31_BGgpt	MEDICATION	1104	1118	LDL холестерол
cardiovascular_arterial hypertension_31_BGgpt	PROCEDURE	1125	1142	Метаболитен панел
cardiovascular_arterial hypertension_31_BGgpt	PROCEDURE	1252	1255	ЕКГ
cardiovascular_arterial hypertension_31_BGgpt	MEDICATION	1367	1370	TSH
cardiovascular_arterial hypertension_31_BGgpt	DISEASE	1481	1502	артериална хипертония
cardiovascular_arterial hypertension_31_BGgpt	DISEASE	1558	1586	първичен хипералдостеронизъм
cardiovascular_arterial hypertension_31_BGgpt	PROCEDURE	1689	1696	Лечение
cardiovascular_arterial hypertension_31_BGgpt	PROCEDURE	1714	1721	терапия
cardiovascular_arterial hypertension_31_BGgpt	PROCEDURE	1774	1781	терапия
cardiovascular_arterial hypertension_31_BGgpt	PROCEDURE	1821	1837	хранителен режим
cardiovascular_arterial hypertension_32_BGgpt	DISEASE	265	286	Артериална хипертония
cardiovascular_arterial hypertension_32_BGgpt	DISEASE	367	379	затлъстяване
cardiovascular_arterial hypertension_32_BGgpt	DISEASE	382	402	захарен диабет тип 2
cardiovascular_arterial hypertension_32_BGgpt	SYMPTOM	471	494	персистиращи главоболия
cardiovascular_arterial hypertension_32_BGgpt	SYMPTOM	496	507	световъртеж
cardiovascular_arterial hypertension_32_BGgpt	SYMPTOM	510	537	епизоди на замъглено зрение
cardiovascular_arterial hypertension_32_BGgpt	DISEASE	755	776	артериална хипертония
cardiovascular_arterial hypertension_32_BGgpt	SYMPTOM	987	1010	наличие на затлъстяване
cardiovascular_arterial hypertension_32_BGgpt	PROCEDURE	1114	1133	изследване на урина
cardiovascular_arterial hypertension_32_BGgpt	PROCEDURE	1135	1149	липиден профил
cardiovascular_arterial hypertension_32_BGgpt	PROCEDURE	1151	1172	общ метаболитен панел
cardiovascular_arterial hypertension_32_BGgpt	PROCEDURE	1174	1196	кръвна захар на гладно
cardiovascular_arterial hypertension_32_BGgpt	PROCEDURE	1199	1202	ЕКГ
cardiovascular_arterial hypertension_32_BGgpt	PROCEDURE	1639	1646	терапия
cardiovascular_arterial hypertension_32_BGgpt	PROCEDURE	1672	1689	терапевтичен план
cardiovascular_arterial hypertension_32_BGgpt	MEDICATION	1844	1854	Лизиноприл
cardiovascular_arterial hypertension_32_BGgpt	MEDICATION	1857	1870	АСЕ инхибитор
cardiovascular_arterial hypertension_33_BGgpt	DISEASE	274	295	Артериална хипертония
cardiovascular_arterial hypertension_33_BGgpt	SYMPTOM	427	437	оплаквания
cardiovascular_arterial hypertension_33_BGgpt	SYMPTOM	441	457	силно главоболие
cardiovascular_arterial hypertension_33_BGgpt	SYMPTOM	460	482	епизоди на световъртеж
cardiovascular_arterial hypertension_33_BGgpt	PROCEDURE	879	899	Диагностични находки
cardiovascular_arterial hypertension_33_BGgpt	PROCEDURE	934	950	подробен преглед
cardiovascular_arterial hypertension_33_BGgpt	PROCEDURE	1194	1213	Изследване на урина
cardiovascular_arterial hypertension_33_BGgpt	MEDICATION	1243	1265	Повишен LDL-холестерол
cardiovascular_arterial hypertension_33_BGgpt	DISEASE	1362	1365	ЕКГ
cardiovascular_arterial hypertension_33_BGgpt	DISEASE	1605	1626	артериална хипертония
cardiovascular_arterial hypertension_33_BGgpt	PROCEDURE	1776	1783	Лечение
cardiovascular_arterial hypertension_33_BGgpt	PROCEDURE	1804	1811	лечение
cardiovascular_arterial hypertension_34_BGgpt	SYMPTOM	332	352	постоянни главоболия
cardiovascular_arterial hypertension_34_BGgpt	SYMPTOM	354	376	епизоди на световъртеж
cardiovascular_arterial hypertension_34_BGgpt	DISEASE	473	493	захарен диабет тип 2
cardiovascular_arterial hypertension_34_BGgpt	DISEASE	496	510	хиперлипидемия
cardiovascular_arterial hypertension_34_BGgpt	DISEASE	548	560	тютюнопушене
cardiovascular_arterial hypertension_34_BGgpt	SYMPTOM	562	596	приблизително половин кутия на ден
cardiovascular_arterial hypertension_34_BGgpt	PROCEDURE	831	850	Изследване на урина
cardiovascular_arterial hypertension_34_BGgpt	PROCEDURE	987	990	ЕКГ
cardiovascular_arterial hypertension_34_BGgpt	DISEASE	1182	1203	артериална хипертония
cardiovascular_arterial hypertension_34_BGgpt	PROCEDURE	1357	1377	здравословно хранене
cardiovascular_arterial hypertension_34_BGgpt	PROCEDURE	1478	1502	Медикаментозното лечение
cardiovascular_arterial hypertension_34_BGgpt	MEDICATION	1517	1527	лизиноприл
cardiovascular_arterial hypertension_34_BGgpt	MEDICATION	1529	1542	АСЕ-инхибитор
cardiovascular_arterial hypertension_34_BGgpt	MEDICATION	1574	1591	тиазиден диуретик
cardiovascular_arterial hypertension_34_BGgpt	MEDICATION	1593	1609	хидрохлоротиазид
cardiovascular_arterial hypertension_34_BGgpt	DISEASE	1664	1684	захарен диабет тип 2
cardiovascular_arterial hypertension_35_BGgpt	SYMPTOM	374	394	епизоди на замаяност
cardiovascular_arterial hypertension_35_BGgpt	DISEASE	397	413	фамилна анамнеза
cardiovascular_arterial hypertension_35_BGgpt	DISEASE	417	444	сърдечно-съдови заболявания
cardiovascular_arterial hypertension_35_BGgpt	PROCEDURE	446	471	Първоначалните измервания
cardiovascular_arterial hypertension_35_BGgpt	DISEASE	784	805	артериална хипертония
cardiovascular_arterial hypertension_35_BGgpt	DISEASE	987	1008	артериална хипертония
cardiovascular_arterial hypertension_35_BGgpt	PROCEDURE	1317	1336	Изследване на урина
cardiovascular_arterial hypertension_35_BGgpt	PROCEDURE	1348	1362	Липиден профил
cardiovascular_arterial hypertension_35_BGgpt	PROCEDURE	1398	1415	Метаболитен панел
cardiovascular_arterial hypertension_35_BGgpt	PROCEDURE	1438	1455	Глюкоза на гладно
cardiovascular_arterial hypertension_35_BGgpt	PROCEDURE	1473	1476	ЕКГ
cardiovascular_arterial hypertension_35_BGgpt	DISEASE	1696	1717	артериална хипертония
cardiovascular_arterial hypertension_35_BGgpt	PROCEDURE	1870	1879	лечението
cardiovascular_arterial hypertension_35_BGgpt	PROCEDURE	1883	1892	Лечението
cardiovascular_arterial hypertension_35_BGgpt	MEDICATION	2002	2008	натрий
cardiovascular_arterial hypertension_35_BGgpt	MEDICATION	2050	2060	DASH диета
cardiovascular_arterial hypertension_35_BGgpt	MEDICATION	2096	2106	лизиноприл
cardiovascular_arterial hypertension_36_BGgpt	DISEASE	345	366	Артериална хипертония
cardiovascular_arterial hypertension_36_BGgpt	SYMPTOM	711	731	епизоди на замайване
cardiovascular_arterial hypertension_36_BGgpt	DISEASE	877	898	артериална хипертония
cardiovascular_arterial hypertension_36_BGgpt	PROCEDURE	931	933	АН
cardiovascular_arterial hypertension_36_BGgpt	DISEASE	989	1010	артериална хипертония
cardiovascular_arterial hypertension_36_BGgpt	PROCEDURE	1118	1130	пълна оценка
cardiovascular_arterial hypertension_36_BGgpt	PROCEDURE	1198	1220	кръвна захар на гладно
cardiovascular_arterial hypertension_36_BGgpt	PROCEDURE	1223	1241	електрокардиограма
cardiovascular_arterial hypertension_36_BGgpt	DISEASE	1498	1501	ИТМ
cardiovascular_arterial hypertension_36_BGgpt	SYMPTOM	1560	1606	липса на данни за увреждане на таргетни органи
cardiovascular_arterial hypertension_36_BGgpt	PROCEDURE	1673	1689	хранителен режим
cardiovascular_arterial hypertension_36_BGgpt	MEDICATION	1745	1751	натрий
cardiovascular_arterial hypertension_36_BGgpt	PROCEDURE	1781	1817	увеличаване на физическата активност
cardiovascular_arterial hypertension_36_BGgpt	PROCEDURE	1833	1855	медикаментозна терапия
cardiovascular_arterial hypertension_36_BGgpt	MEDICATION	1858	1868	Лизиноприл
cardiovascular_arterial hypertension_37_BGgpt	SYMPTOM	263	273	оплаквания
cardiovascular_arterial hypertension_37_BGgpt	SYMPTOM	325	335	оплаквания
cardiovascular_arterial hypertension_37_BGgpt	SYMPTOM	339	355	силно главоболие
cardiovascular_arterial hypertension_37_BGgpt	SYMPTOM	357	379	епизоди на световъртеж
cardiovascular_arterial hypertension_37_BGgpt	SYMPTOM	382	418	скорошна история на замъглено зрение
cardiovascular_arterial hypertension_37_BGgpt	DISEASE	533	553	захарен диабет тип 2
cardiovascular_arterial hypertension_37_BGgpt	DISEASE	606	622	силно главоболие
cardiovascular_arterial hypertension_37_BGgpt	DISEASE	1146	1170	хипертонична ретинопатия
cardiovascular_arterial hypertension_37_BGgpt	PROCEDURE	1203	1221	Сърдечният преглед
cardiovascular_arterial hypertension_37_BGgpt	PROCEDURE	1333	1356	Лабораторни изследвания
cardiovascular_arterial hypertension_37_BGgpt	SYMPTOM	1360	1383	Пълен метаболитен панел
cardiovascular_arterial hypertension_37_BGgpt	SYMPTOM	1385	1399	липиден профил
cardiovascular_arterial hypertension_37_BGgpt	SYMPTOM	1401	1423	кръвна захар на гладно
cardiovascular_arterial hypertension_37_BGgpt	PROCEDURE	1584	1603	Изследване на урина
cardiovascular_arterial hypertension_37_BGgpt	PROCEDURE	1622	1625	ЕКГ
cardiovascular_arterial hypertension_37_BGgpt	PROCEDURE	1698	1735	Мониториране на артериалното налягане
cardiovascular_arterial hypertension_37_BGgpt	PROCEDURE	1763	1819	24-часово амбулаторно измерване на артериалното налягане
cardiovascular_arterial hypertension_37_BGgpt	DISEASE	1850	1860	хипертония
cardiovascular_arterial hypertension_38_BGgpt	DISEASE	279	298	Хипертонична болест
cardiovascular_arterial hypertension_38_BGgpt	DISEASE	302	310	Анамнеза
cardiovascular_arterial hypertension_38_BGgpt	DISEASE	353	361	анамнеза
cardiovascular_arterial hypertension_38_BGgpt	DISEASE	571	579	анамнеза
cardiovascular_arterial hypertension_38_BGgpt	PROCEDURE	671	673	КН
cardiovascular_arterial hypertension_38_BGgpt	PROCEDURE	1059	1073	липиден профил
cardiovascular_arterial hypertension_38_BGgpt	PROCEDURE	1075	1092	метаболитен панел
cardiovascular_arterial hypertension_38_BGgpt	PROCEDURE	1094	1116	кръвна захар на гладно
cardiovascular_arterial hypertension_38_BGgpt	PROCEDURE	1119	1122	ЕКГ
cardiovascular_arterial hypertension_38_BGgpt	PROCEDURE	1124	1148	Кръвната захар на гладно
cardiovascular_arterial hypertension_38_BGgpt	PROCEDURE	1209	1212	ЕКГ
cardiovascular_arterial hypertension_38_BGgpt	DISEASE	1307	1326	хипертонична болест
cardiovascular_arterial hypertension_38_BGgpt	PROCEDURE	1468	1486	здравословна диета
cardiovascular_arterial hypertension_38_BGgpt	PROCEDURE	1529	1565	увеличаване на физическата активност
cardiovascular_arterial hypertension_38_BGgpt	PROCEDURE	1568	1589	отказ от тютюнопушене
cardiovascular_arterial hypertension_38_BGgpt	MEDICATION	1667	1677	Лизиноприл
cardiovascular_arterial hypertension_38_BGgpt	MEDICATION	1681	1694	АСЕ-инхибитор
cardiovascular_arterial hypertension_39_BGgpt	DISEASE	263	284	Артериална хипертония
cardiovascular_arterial hypertension_39_BGgpt	DISEASE	288	296	Анамнеза
cardiovascular_arterial hypertension_39_BGgpt	SYMPTOM	416	432	силни главоболия
cardiovascular_arterial hypertension_39_BGgpt	SYMPTOM	434	456	епизоди на световъртеж
cardiovascular_arterial hypertension_39_BGgpt	SYMPTOM	459	475	замъглено зрение
cardiovascular_arterial hypertension_39_BGgpt	DISEASE	522	530	анамнеза
cardiovascular_arterial hypertension_39_BGgpt	DISEASE	534	544	хипертония
cardiovascular_arterial hypertension_39_BGgpt	PROCEDURE	623	648	промяна в начина на живот
cardiovascular_arterial hypertension_39_BGgpt	DISEASE	663	671	анамнеза
cardiovascular_arterial hypertension_39_BGgpt	DISEASE	730	740	хипертония
cardiovascular_arterial hypertension_39_BGgpt	DISEASE	743	749	инсулт
cardiovascular_arterial hypertension_39_BGgpt	PROCEDURE	1055	1078	пълен физикален преглед
cardiovascular_arterial hypertension_39_BGgpt	PROCEDURE	1211	1214	ЕКГ
cardiovascular_arterial hypertension_39_BGgpt	PROCEDURE	1438	1447	Лечението
cardiovascular_arterial hypertension_39_BGgpt	PROCEDURE	1469	1510	консултиране за промяна в начина на живот
cardiovascular_arterial hypertension_39_BGgpt	PROCEDURE	1524	1541	промени в диетата
cardiovascular_arterial hypertension_39_BGgpt	PROCEDURE	1648	1684	увеличаване на физическата активност
cardiovascular_arterial hypertension_39_BGgpt	PROCEDURE	1686	1710	Фармакологичното лечение
cardiovascular_arterial hypertension_39_BGgpt	MEDICATION	1721	1731	Лизиноприл
cardiovascular_arterial hypertension_39_BGgpt	MEDICATION	1733	1746	АСЕ-инхибитор
cardiovascular_arterial hypertension_39_BGgpt	MEDICATION	1774	1791	тиазиден диуретик
cardiovascular_arterial hypertension_39_BGgpt	MEDICATION	1793	1809	Хидрохлоротиазид
cardiovascular_arterial hypertension_39_BGgpt	DISEASE	1864	1872	анамнеза
cardiovascular_arterial hypertension_3_BGgpt	DISEASE	259	280	Артериална хипертония
cardiovascular_arterial hypertension_3_BGgpt	DISEASE	368	376	Анамнеза
cardiovascular_arterial hypertension_3_BGgpt	DISEASE	421	441	захарен диабет тип 2
cardiovascular_arterial hypertension_3_BGgpt	SYMPTOM	546	566	епизоди на замаяност
cardiovascular_arterial hypertension_3_BGgpt	DISEASE	757	778	артериална хипертония
cardiovascular_arterial hypertension_3_BGgpt	PROCEDURE	1038	1057	Физикалният преглед
cardiovascular_arterial hypertension_3_BGgpt	PROCEDURE	1209	1233	диагностични изследвания
cardiovascular_arterial hypertension_3_BGgpt	PROCEDURE	1328	1331	ЕКГ
cardiovascular_arterial hypertension_3_BGgpt	DISEASE	1354	1368	хиперлипидемия
cardiovascular_arterial hypertension_3_BGgpt	PROCEDURE	1401	1404	ЕКГ
cardiovascular_arterial hypertension_3_BGgpt	PROCEDURE	1506	1544	програма за промяна на начина на живот
cardiovascular_arterial hypertension_3_BGgpt	PROCEDURE	1551	1565	диетичен режим
cardiovascular_arterial hypertension_3_BGgpt	MEDICATION	1593	1615	натрий под 1500 mg/ден
cardiovascular_arterial hypertension_3_BGgpt	PROCEDURE	1617	1653	увеличаване на физическата активност
cardiovascular_arterial hypertension_3_BGgpt	PROCEDURE	1669	1700	програма за редукция на теглото
cardiovascular_arterial hypertension_3_BGgpt	PROCEDURE	1702	1726	Медикаментозното лечение
cardiovascular_arterial hypertension_3_BGgpt	MEDICATION	1744	1754	Лизиноприл
cardiovascular_arterial hypertension_3_BGgpt	MEDICATION	1876	1890	АСЕ-инхибитори
cardiovascular_arterial hypertension_3_BGgpt	PROCEDURE	1892	1911	Контролно измерване
cardiovascular_arterial hypertension_40_BGgpt	SYMPTOM	332	354	епизоди на световъртеж
cardiovascular_arterial hypertension_40_BGgpt	DISEASE	373	398	неконтролирана хипертония
cardiovascular_arterial hypertension_40_BGgpt	PROCEDURE	549	558	лечението
cardiovascular_arterial hypertension_40_BGgpt	DISEASE	604	612	анамнеза
cardiovascular_arterial hypertension_40_BGgpt	DISEASE	733	741	анамнеза
cardiovascular_arterial hypertension_40_BGgpt	DISEASE	745	755	хипертония
cardiovascular_arterial hypertension_40_BGgpt	PROCEDURE	855	873	физикалния преглед
cardiovascular_arterial hypertension_40_BGgpt	DISEASE	1020	1032	хипертонията
cardiovascular_arterial hypertension_40_BGgpt	PROCEDURE	1048	1072	диагностични изследвания
cardiovascular_arterial hypertension_40_BGgpt	PROCEDURE	1107	1128	пълна липидна картина
cardiovascular_arterial hypertension_40_BGgpt	PROCEDURE	1130	1153	пълна метаболитна панел
cardiovascular_arterial hypertension_40_BGgpt	PROCEDURE	1155	1177	кръвна захар на гладно
cardiovascular_arterial hypertension_40_BGgpt	PROCEDURE	1180	1198	електрокардиограма
cardiovascular_arterial hypertension_40_BGgpt	DISEASE	1301	1315	хиперлипидемия
cardiovascular_arterial hypertension_40_BGgpt	DISEASE	1397	1407	хипертония
cardiovascular_arterial hypertension_40_BGgpt	DISEASE	1448	1469	артериална хипертония
cardiovascular_arterial hypertension_40_BGgpt	PROCEDURE	1474	1481	Лечение
cardiovascular_arterial hypertension_40_BGgpt	PROCEDURE	1499	1506	лечение
cardiovascular_arterial hypertension_40_BGgpt	PROCEDURE	1588	1616	диета за редукция на теглото
cardiovascular_arterial hypertension_40_BGgpt	PROCEDURE	1724	1731	лечение
cardiovascular_arterial hypertension_40_BGgpt	MEDICATION	1746	1756	Лизиноприл
cardiovascular_arterial hypertension_40_BGgpt	MEDICATION	1758	1771	АСЕ-инхибитор
cardiovascular_arterial hypertension_40_BGgpt	MEDICATION	1806	1823	тиазиден диуретик
cardiovascular_arterial hypertension_40_BGgpt	MEDICATION	1825	1841	Хидрохлоротиазид
cardiovascular_arterial hypertension_40_BGgpt	DISEASE	1904	1916	хипертонията
cardiovascular_arterial hypertension_41_BGgpt	SYMPTOM	243	253	оплаквания
cardiovascular_arterial hypertension_41_BGgpt	SYMPTOM	305	315	оплаквания
cardiovascular_arterial hypertension_41_BGgpt	SYMPTOM	319	342	персистиращи главоболия
cardiovascular_arterial hypertension_41_BGgpt	SYMPTOM	344	364	епизоди на замайване
cardiovascular_arterial hypertension_41_BGgpt	DISEASE	514	534	захарен диабет тип 2
cardiovascular_arterial hypertension_41_BGgpt	DISEASE	537	551	хиперлипидемия
cardiovascular_arterial hypertension_41_BGgpt	SYMPTOM	607	617	оплаквания
cardiovascular_arterial hypertension_41_BGgpt	SYMPTOM	621	644	персистиращи главоболия
cardiovascular_arterial hypertension_41_BGgpt	SYMPTOM	781	807	наличие на болка в гърдите
cardiovascular_arterial hypertension_41_BGgpt	DISEASE	861	882	артериална хипертония
cardiovascular_arterial hypertension_41_BGgpt	PROCEDURE	1232	1256	Общо изследване на урина
cardiovascular_arterial hypertension_41_BGgpt	PROCEDURE	1358	1387	Биохимично изследване на кръв
cardiovascular_arterial hypertension_41_BGgpt	DISEASE	1645	1666	артериална хипертония
cardiovascular_arterial hypertension_41_BGgpt	PROCEDURE	1731	1746	клинична оценка
cardiovascular_arterial hypertension_41_BGgpt	PROCEDURE	1780	1802	медикаментозно лечение
cardiovascular_arterial hypertension_41_BGgpt	SYMPTOM	1818	1843	промени в начина на живот
cardiovascular_arterial hypertension_42_BGgpt	DISEASE	252	273	Артериална хипертония
cardiovascular_arterial hypertension_42_BGgpt	PROCEDURE	279	323	Лечебно-диагностичен план и ход на лечението
cardiovascular_arterial hypertension_42_BGgpt	SYMPTOM	417	433	силно главоболие
cardiovascular_arterial hypertension_42_BGgpt	SYMPTOM	435	457	епизоди на световъртеж
cardiovascular_arterial hypertension_42_BGgpt	PROCEDURE	493	495	АН
cardiovascular_arterial hypertension_42_BGgpt	PROCEDURE	673	675	АН
cardiovascular_arterial hypertension_42_BGgpt	MEDICATION	917	943	подходящо оразмерен маншет
cardiovascular_arterial hypertension_42_BGgpt	DISEASE	1067	1088	артериална хипертония
cardiovascular_arterial hypertension_42_BGgpt	SYMPTOM	1166	1189	заседнал начин на живот
cardiovascular_arterial hypertension_42_BGgpt	OBSERVATION	1191	1207	хранителен режим
cardiovascular_arterial hypertension_42_BGgpt	OBSERVATION	1371	1383	затлъстяване
cardiovascular_arterial hypertension_42_BGgpt	OBSERVATION	1387	1406	обиколка на талията
cardiovascular_arterial hypertension_42_BGgpt	PROCEDURE	1617	1654	допълнителни диагностични изследвания
cardiovascular_arterial hypertension_42_BGgpt	PROCEDURE	1668	1687	изследване на урина
cardiovascular_arterial hypertension_42_BGgpt	PROCEDURE	1689	1703	липиден профил
cardiovascular_arterial hypertension_42_BGgpt	PROCEDURE	1705	1731	цялостен метаболитен панел
cardiovascular_arterial hypertension_42_BGgpt	PROCEDURE	1733	1755	кръвна захар на гладно
cardiovascular_arterial hypertension_42_BGgpt	PROCEDURE	1758	1761	ЕКГ
cardiovascular_arterial hypertension_42_BGgpt	PROCEDURE	1852	1868	Липидният профил
cardiovascular_arterial hypertension_42_BGgpt	PROCEDURE	1916	1940	кръвната захар на гладно
cardiovascular_arterial hypertension_42_BGgpt	PROCEDURE	1955	1958	ЕКГ
cardiovascular_arterial hypertension_43_BGgpt	SYMPTOM	315	325	оплаквания
cardiovascular_arterial hypertension_43_BGgpt	SYMPTOM	329	345	силно главоболие
cardiovascular_arterial hypertension_43_BGgpt	SYMPTOM	347	367	епизоди на замайване
cardiovascular_arterial hypertension_43_BGgpt	DISEASE	566	587	артериална хипертония
cardiovascular_arterial hypertension_43_BGgpt	PROCEDURE	604	621	комплексна оценка
cardiovascular_arterial hypertension_43_BGgpt	DISEASE	627	635	анамнеза
cardiovascular_arterial hypertension_43_BGgpt	PROCEDURE	637	654	физикален преглед
cardiovascular_arterial hypertension_43_BGgpt	PROCEDURE	657	681	допълнителни изследвания
cardiovascular_arterial hypertension_43_BGgpt	OBSERVATION	771	791	Диагностични находки
cardiovascular_arterial hypertension_43_BGgpt	PROCEDURE	1122	1146	амбулаторно мониториране
cardiovascular_arterial hypertension_43_BGgpt	DISEASE	1223	1244	артериална хипертония
cardiovascular_arterial hypertension_43_BGgpt	MEDICATION	1346	1357	медикаменти
cardiovascular_arterial hypertension_43_BGgpt	DISEASE	1414	1422	анамнеза
cardiovascular_arterial hypertension_43_BGgpt	PROCEDURE	1637	1656	Общ анализ на урина
cardiovascular_arterial hypertension_43_BGgpt	DISEASE	1787	1790	ЕКГ
cardiovascular_arterial hypertension_43_BGgpt	PROCEDURE	2028	2037	лечението
cardiovascular_arterial hypertension_44_BGgpt	DISEASE	239	260	Артериална хипертония
cardiovascular_arterial hypertension_44_BGgpt	DISEASE	293	314	Артериална хипертония
cardiovascular_arterial hypertension_44_BGgpt	SYMPTOM	465	481	силно главоболие
cardiovascular_arterial hypertension_44_BGgpt	SYMPTOM	484	504	епизоди на замайване
cardiovascular_arterial hypertension_44_BGgpt	PROCEDURE	554	576	кръвното налягане (КН)
cardiovascular_arterial hypertension_44_BGgpt	DISEASE	787	806	Цялостната анамнеза
cardiovascular_arterial hypertension_44_BGgpt	MEDICATION	1017	1023	натрий
cardiovascular_arterial hypertension_44_BGgpt	PROCEDURE	1358	1382	диагностични изследвания
cardiovascular_arterial hypertension_44_BGgpt	PROCEDURE	1417	1431	липиден профил
cardiovascular_arterial hypertension_44_BGgpt	PROCEDURE	1433	1450	метаболитен панел
cardiovascular_arterial hypertension_44_BGgpt	PROCEDURE	1452	1474	кръвна захар на гладно
cardiovascular_arterial hypertension_44_BGgpt	PROCEDURE	1477	1501	електрокардиограма (ЕКГ)
cardiovascular_arterial hypertension_44_BGgpt	DISEASE	1619	1639	тиреоидна дисфункция
cardiovascular_arterial hypertension_44_BGgpt	DISEASE	1713	1734	артериална хипертония
cardiovascular_arterial hypertension_44_BGgpt	PROCEDURE	1736	1758	Първоначалното лечение
cardiovascular_arterial hypertension_44_BGgpt	PROCEDURE	1774	1799	промяна в начина на живот
cardiovascular_arterial hypertension_44_BGgpt	PROCEDURE	1813	1829	хранителен режим
cardiovascular_arterial hypertension_44_BGgpt	MEDICATION	1848	1854	натрий
cardiovascular_arterial hypertension_44_BGgpt	PROCEDURE	1899	1917	контрол на теглото
cardiovascular_arterial hypertension_45_BGgpt	DISEASE	368	384	силно главоболие
cardiovascular_arterial hypertension_45_BGgpt	SYMPTOM	398	407	замаяност
cardiovascular_arterial hypertension_45_BGgpt	DISEASE	436	444	Анамнеза
cardiovascular_arterial hypertension_45_BGgpt	DISEASE	514	534	захарен диабет тип 2
cardiovascular_arterial hypertension_45_BGgpt	DISEASE	537	551	хиперлипидемия
cardiovascular_arterial hypertension_45_BGgpt	DISEASE	629	645	силно главоболие
cardiovascular_arterial hypertension_45_BGgpt	SYMPTOM	648	657	замаяност
cardiovascular_arterial hypertension_45_BGgpt	DISEASE	1101	1111	хипертония
cardiovascular_arterial hypertension_45_BGgpt	PROCEDURE	1162	1181	изследване на урина
cardiovascular_arterial hypertension_45_BGgpt	PROCEDURE	1183	1197	липиден профил
cardiovascular_arterial hypertension_45_BGgpt	PROCEDURE	1199	1216	метаболитен панел
cardiovascular_arterial hypertension_45_BGgpt	PROCEDURE	1218	1240	кръвна захар на гладно
cardiovascular_arterial hypertension_45_BGgpt	PROCEDURE	1243	1246	ЕКГ
cardiovascular_arterial hypertension_45_BGgpt	PROCEDURE	1455	1464	лечението
cardiovascular_arterial hypertension_45_BGgpt	PROCEDURE	1510	1517	лечение
cardiovascular_arterial hypertension_45_BGgpt	MEDICATION	1520	1530	Лизиноприл
cardiovascular_arterial hypertension_45_BGgpt	PROCEDURE	1782	1802	физически упражнения
cardiovascular_arterial hypertension_46_BGgpt	SYMPTOM	346	362	силни главоболия
cardiovascular_arterial hypertension_46_BGgpt	DISEASE	496	516	захарен диабет тип 2
cardiovascular_arterial hypertension_46_BGgpt	DISEASE	519	533	хиперлипидемия
cardiovascular_arterial hypertension_46_BGgpt	DISEASE	765	785	Захарен диабет тип 2
cardiovascular_arterial hypertension_46_BGgpt	DISEASE	790	804	Хиперлипидемия
cardiovascular_arterial hypertension_46_BGgpt	MEDICATION	885	908	Метформин 500 mg 2x дн.
cardiovascular_arterial hypertension_46_BGgpt	MEDICATION	910	935	Аторвастатин 20 mg 1x дн.
cardiovascular_arterial hypertension_46_BGgpt	PROCEDURE	1272	1300	Измерване на кръвно налягане
cardiovascular_arterial hypertension_46_BGgpt	DISEASE	1315	1336	артериална хипертония
cardiovascular_arterial hypertension_46_BGgpt	PROCEDURE	1401	1424	Лабораторни изследвания
cardiovascular_arterial hypertension_46_BGgpt	PROCEDURE	1428	1447	Изследване на урина
cardiovascular_arterial hypertension_46_BGgpt	PROCEDURE	1449	1463	липиден профил
cardiovascular_arterial hypertension_46_BGgpt	PROCEDURE	1603	1606	ЕКГ
cardiovascular_arterial hypertension_46_BGgpt	PROCEDURE	1730	1756	Рентгенография на бял дроб
cardiovascular_arterial hypertension_46_BGgpt	PROCEDURE	1822	1848	Ход на лечението в болница
cardiovascular_arterial hypertension_46_BGgpt	DISEASE	1882	1903	артериална хипертония
cardiovascular_arterial hypertension_47_BGgpt	DISEASE	368	384	силно главоболие
cardiovascular_arterial hypertension_47_BGgpt	DISEASE	398	409	световъртеж
cardiovascular_arterial hypertension_47_BGgpt	SYMPTOM	453	475	епизодични сърцебиения
cardiovascular_arterial hypertension_47_BGgpt	DISEASE	573	584	световъртеж
cardiovascular_arterial hypertension_47_BGgpt	PROCEDURE	667	689	медикаментозно лечение
cardiovascular_arterial hypertension_47_BGgpt	PROCEDURE	1171	1195	Диагностични изследвания
cardiovascular_arterial hypertension_47_BGgpt	PROCEDURE	1203	1231	Измерване на кръвно налягане
cardiovascular_arterial hypertension_47_BGgpt	DISEASE	1246	1267	артериална хипертония
cardiovascular_arterial hypertension_47_BGgpt	PROCEDURE	1324	1343	Изследване на урина
cardiovascular_arterial hypertension_47_BGgpt	SYMPTOM	1347	1354	В норма
cardiovascular_arterial hypertension_47_BGgpt	MEDICATION	1386	1400	LDL холестерол
cardiovascular_arterial hypertension_47_BGgpt	MEDICATION	1439	1459	Нормални електролити
cardiovascular_arterial hypertension_47_BGgpt	MEDICATION	1484	1493	креатинин
cardiovascular_arterial hypertension_47_BGgpt	MEDICATION	1574	1587	Синусов ритъм
cardiovascular_arterial hypertension_48_BGgpt	SYMPTOM	326	334	симптоми
cardiovascular_arterial hypertension_48_BGgpt	SYMPTOM	356	376	епизоди на замайване
cardiovascular_arterial hypertension_48_BGgpt	SYMPTOM	399	417	носни кръвотечения
cardiovascular_arterial hypertension_48_BGgpt	SYMPTOM	479	487	симптоми
cardiovascular_arterial hypertension_48_BGgpt	DISEASE	685	695	Хипертония
cardiovascular_arterial hypertension_48_BGgpt	DISEASE	697	708	новооткрита
cardiovascular_arterial hypertension_48_BGgpt	DISEASE	712	732	Захарен диабет тип 2
cardiovascular_arterial hypertension_48_BGgpt	MEDICATION	775	784	метформин
cardiovascular_arterial hypertension_48_BGgpt	OBSERVATION	1023	1040	Физикални находки
cardiovascular_arterial hypertension_48_BGgpt	PROCEDURE	1107	1131	Диагностични изследвания
cardiovascular_arterial hypertension_48_BGgpt	PROCEDURE	1139	1172	Мониториране на кръвното налягане
cardiovascular_arterial hypertension_48_BGgpt	DISEASE	1187	1197	хипертония
cardiovascular_arterial hypertension_48_BGgpt	PROCEDURE	1261	1280	Изследване на урина
cardiovascular_arterial hypertension_48_BGgpt	OBSERVATION	1307	1321	Липиден профил
cardiovascular_arterial hypertension_49_BGgpt	SYMPTOM	361	381	епизоди на замаяност
cardiovascular_arterial hypertension_49_BGgpt	SYMPTOM	384	392	анамнеза
cardiovascular_arterial hypertension_49_BGgpt	SYMPTOM	396	426	неконтролирано кръвно налягане
cardiovascular_arterial hypertension_49_BGgpt	DISEASE	469	479	хипертония
cardiovascular_arterial hypertension_49_BGgpt	PROCEDURE	537	561	медикаментозната терапия
cardiovascular_arterial hypertension_49_BGgpt	DISEASE	625	635	Хипертония
cardiovascular_arterial hypertension_49_BGgpt	DISEASE	672	692	Захарен диабет тип 2
cardiovascular_arterial hypertension_49_BGgpt	DISEASE	697	711	Хиперлипидемия
cardiovascular_arterial hypertension_49_BGgpt	PROCEDURE	1065	1089	Общо изследване на урина
cardiovascular_arterial hypertension_49_BGgpt	DISEASE	1177	1185	Биохимия
cardiovascular_arterial hypertension_49_BGgpt	PROCEDURE	1293	1311	Електрокардиограма
cardiovascular_arterial hypertension_49_BGgpt	PROCEDURE	1313	1316	ЕКГ
cardiovascular_arterial hypertension_49_BGgpt	MEDICATION	1352	1374	Тиреостимулиращ хормон
cardiovascular_arterial hypertension_49_BGgpt	PROCEDURE	1657	1660	ЕКГ
cardiovascular_arterial hypertension_49_BGgpt	DISEASE	1713	1723	хипертония
cardiovascular_arterial hypertension_49_BGgpt	PROCEDURE	1866	1890	медикаментозната терапия
cardiovascular_arterial hypertension_49_BGgpt	MEDICATION	1975	1985	Лизиноприл
cardiovascular_arterial hypertension_49_BGgpt	MEDICATION	1987	2000	АСЕ-инхибитор
cardiovascular_arterial hypertension_4_BGgpt	DISEASE	471	491	захарен диабет тип 2
cardiovascular_arterial hypertension_4_BGgpt	DISEASE	494	513	хиперхолестеролемия
cardiovascular_arterial hypertension_4_BGgpt	DISEASE	796	816	Захарен диабет тип 2
cardiovascular_arterial hypertension_4_BGgpt	DISEASE	821	840	Хиперхолестеролемия
cardiovascular_arterial hypertension_4_BGgpt	DISEASE	885	906	артериална хипертония
cardiovascular_arterial hypertension_4_BGgpt	MEDICATION	966	998	Метформин 500 мг два пъти дневно
cardiovascular_arterial hypertension_4_BGgpt	MEDICATION	1003	1035	Аторвастатин 20 мг преди нощувка
cardiovascular_arterial hypertension_4_BGgpt	DISEASE	1420	1441	артериална хипертония
cardiovascular_arterial hypertension_4_BGgpt	PROCEDURE	1588	1603	анализ на урина
cardiovascular_arterial hypertension_4_BGgpt	PROCEDURE	1605	1619	липиден профил
cardiovascular_arterial hypertension_4_BGgpt	PROCEDURE	1621	1638	метаболитен панел
cardiovascular_arterial hypertension_4_BGgpt	PROCEDURE	1640	1662	кръвна захар на гладно
cardiovascular_arterial hypertension_4_BGgpt	PROCEDURE	1665	1668	ЕКГ
cardiovascular_arterial hypertension_4_BGgpt	DISEASE	1733	1743	хипертония
cardiovascular_arterial hypertension_4_BGgpt	SYMPTOM	1873	1898	промени в начина на живот
cardiovascular_arterial hypertension_4_BGgpt	SYMPTOM	1904	1932	повишена физическа активност
cardiovascular_arterial hypertension_4_BGgpt	PROCEDURE	2010	2032	медикаментозна терапия
cardiovascular_arterial hypertension_4_BGgpt	MEDICATION	2058	2074	Лизиноприл 10 мг
cardiovascular_arterial hypertension_4_BGgpt	DISEASE	2118	2128	хипертония
cardiovascular_arterial hypertension_5_BGgpt	SYMPTOM	412	434	епизодични сърцебиения
cardiovascular_arterial hypertension_5_BGgpt	DISEASE	533	545	затлъстяване
cardiovascular_arterial hypertension_5_BGgpt	DISEASE	548	568	захарен диабет тип 2
cardiovascular_arterial hypertension_5_BGgpt	SYMPTOM	811	833	епизодични сърцебиения
cardiovascular_arterial hypertension_5_BGgpt	DISEASE	917	937	Захарен диабет тип 2
cardiovascular_arterial hypertension_5_BGgpt	MEDICATION	978	995	Метформин 1000 mg
cardiovascular_arterial hypertension_5_BGgpt	DISEASE	1017	1029	Затлъстяване
cardiovascular_arterial hypertension_5_BGgpt	SYMPTOM	1062	1069	Непушач
cardiovascular_arterial hypertension_5_BGgpt	MEDICATION	1137	1154	Метформин 1000 mg
cardiovascular_arterial hypertension_5_BGgpt	PROCEDURE	1187	1209	Няма предходно лечение
cardiovascular_arterial hypertension_5_BGgpt	DISEASE	1213	1234	артериална хипертония
cardiovascular_arterial hypertension_5_BGgpt	DISEASE	1479	1500	артериална хипертония
cardiovascular_arterial hypertension_5_BGgpt	PROCEDURE	1619	1643	диагностични изследвания
cardiovascular_arterial hypertension_5_BGgpt	PROCEDURE	1655	1678	пълен биохимичен профил
cardiovascular_arterial hypertension_5_BGgpt	PROCEDURE	1680	1693	уринен анализ
cardiovascular_arterial hypertension_5_BGgpt	PROCEDURE	1695	1717	кръвна захар на гладно
cardiovascular_arterial hypertension_5_BGgpt	PROCEDURE	1719	1733	липиден профил
cardiovascular_arterial hypertension_5_BGgpt	PROCEDURE	1736	1754	електрокардиограма
cardiovascular_arterial hypertension_5_BGgpt	DISEASE	1786	1818	липса на допълнителни отклонения
cardiovascular_arterial hypertension_5_BGgpt	DISEASE	1839	1859	захарен диабет тип 2
cardiovascular_arterial hypertension_6_BGgpt	SYMPTOM	392	412	епизоди на замайване
cardiovascular_arterial hypertension_6_BGgpt	SYMPTOM	415	431	замъглено зрение
cardiovascular_arterial hypertension_6_BGgpt	SYMPTOM	526	547	съобщаваните симптоми
cardiovascular_arterial hypertension_6_BGgpt	PROCEDURE	561	580	първоначална оценка
cardiovascular_arterial hypertension_6_BGgpt	DISEASE	621	642	артериална хипертония
cardiovascular_arterial hypertension_6_BGgpt	PROCEDURE	1173	1196	лабораторни изследвания
cardiovascular_arterial hypertension_6_BGgpt	PROCEDURE	1231	1245	липиден профил
cardiovascular_arterial hypertension_6_BGgpt	PROCEDURE	1247	1270	пълна метаболитна панел
cardiovascular_arterial hypertension_6_BGgpt	PROCEDURE	1272	1294	кръвна захар на гладно
cardiovascular_arterial hypertension_6_BGgpt	PROCEDURE	1297	1300	ЕКГ
cardiovascular_arterial hypertension_6_BGgpt	PROCEDURE	1375	1399	Кръвната захар на гладно
cardiovascular_arterial hypertension_6_BGgpt	DISEASE	1427	1445	диабетно състояние
cardiovascular_arterial hypertension_6_BGgpt	DISEASE	1560	1568	диагноза
cardiovascular_arterial hypertension_6_BGgpt	PROCEDURE	1643	1652	Лечението
cardiovascular_arterial hypertension_6_BGgpt	PROCEDURE	1724	1729	диета
cardiovascular_arterial hypertension_6_BGgpt	PROCEDURE	1838	1862	Фармакологичното лечение
cardiovascular_arterial hypertension_6_BGgpt	MEDICATION	1877	1909	АСЕ-инхибитор – Лизиноприл 10 mg
cardiovascular_arterial hypertension_6_BGgpt	SYMPTOM	1933	1960	липсата на противопоказания
cardiovascular_arterial hypertension_6_BGgpt	PROCEDURE	2051	2075	медикаментозното лечение
cardiovascular_arterial hypertension_6_BGgpt	DISEASE	2103	2126	артериалната хипертония
cardiovascular_arterial hypertension_7_BGgpt	DISEASE	230	251	Артериална хипертония
cardiovascular_arterial hypertension_7_BGgpt	SYMPTOM	390	410	постоянни главоболия
cardiovascular_arterial hypertension_7_BGgpt	SYMPTOM	413	435	епизоди на световъртеж
cardiovascular_arterial hypertension_7_BGgpt	PROCEDURE	490	507	кръвното налягане
cardiovascular_arterial hypertension_7_BGgpt	PROCEDURE	509	511	КН
cardiovascular_arterial hypertension_7_BGgpt	DISEASE	592	613	артериална хипертония
cardiovascular_arterial hypertension_7_BGgpt	PROCEDURE	686	688	КН
cardiovascular_arterial hypertension_7_BGgpt	PROCEDURE	876	895	Физикалният преглед
cardiovascular_arterial hypertension_7_BGgpt	PROCEDURE	1069	1109	лабораторни и инструментални изследвания
cardiovascular_arterial hypertension_7_BGgpt	DISEASE	1144	1158	липиден профил
cardiovascular_arterial hypertension_7_BGgpt	PROCEDURE	1185	1207	кръвна захар на гладно
cardiovascular_arterial hypertension_7_BGgpt	PROCEDURE	1209	1227	електрокардиограма
cardiovascular_arterial hypertension_7_BGgpt	PROCEDURE	1236	1268	нива на тиреостимулиращия хормон
cardiovascular_arterial hypertension_7_BGgpt	DISEASE	1412	1433	артериална хипертония
cardiovascular_arterial hypertension_7_BGgpt	PROCEDURE	1460	1482	медикаментозна терапия
cardiovascular_arterial hypertension_7_BGgpt	MEDICATION	1494	1504	Лизиноприл
cardiovascular_arterial hypertension_7_BGgpt	MEDICATION	1506	1519	АСЕ-инхибитор
cardiovascular_arterial hypertension_7_BGgpt	MEDICATION	1553	1570	тиазиден диуретик
cardiovascular_arterial hypertension_7_BGgpt	MEDICATION	1572	1588	Хидрохлоротиазид
cardiovascular_arterial hypertension_7_BGgpt	SYMPTOM	1763	1790	редовна физическа активност
cardiovascular_arterial hypertension_7_BGgpt	SYMPTOM	1793	1814	отказ от тютюнопушене
cardiovascular_arterial hypertension_7_BGgpt	PROCEDURE	1879	1903	медикаментозната терапия
cardiovascular_arterial hypertension_8_BGgpt	DISEASE	362	383	Артериална хипертония
cardiovascular_arterial hypertension_8_BGgpt	SYMPTOM	652	672	постоянни главоболия
cardiovascular_arterial hypertension_8_BGgpt	SYMPTOM	674	694	епизодично замайване
cardiovascular_arterial hypertension_8_BGgpt	DISEASE	971	973	АН
cardiovascular_arterial hypertension_8_BGgpt	DISEASE	998	1019	артериална хипертония
cardiovascular_arterial hypertension_8_BGgpt	DISEASE	1119	1140	артериална хипертония
cardiovascular_arterial hypertension_8_BGgpt	MEDICATION	1156	1167	медикаменти
cardiovascular_arterial hypertension_8_BGgpt	PROCEDURE	1357	1383	Диагностичните изследвания
cardiovascular_arterial hypertension_8_BGgpt	PROCEDURE	1393	1406	уринен анализ
cardiovascular_arterial hypertension_8_BGgpt	PROCEDURE	1408	1422	липиден профил
cardiovascular_arterial hypertension_8_BGgpt	PROCEDURE	1424	1457	комплексни биохимични изследвания
cardiovascular_arterial hypertension_8_BGgpt	PROCEDURE	1459	1481	кръвна захар на гладно
cardiovascular_arterial hypertension_8_BGgpt	PROCEDURE	1484	1487	ЕКГ
cardiovascular_arterial hypertension_8_BGgpt	PROCEDURE	1559	1595	24-часовото амбулаторно мониториране
cardiovascular_arterial hypertension_8_BGgpt	DISEASE	1641	1662	артериална хипертония
cardiovascular_arterial hypertension_8_BGgpt	PROCEDURE	1710	1733	домашно измерване на АН
cardiovascular_arterial hypertension_9_BGgpt	DISEASE	220	241	Артериална хипертония
cardiovascular_arterial hypertension_9_BGgpt	DISEASE	543	564	артериална хипертония
cardiovascular_arterial hypertension_9_BGgpt	PROCEDURE	605	626	артериалното налягане
cardiovascular_arterial hypertension_9_BGgpt	PROCEDURE	628	630	АН
cardiovascular_arterial hypertension_9_BGgpt	PROCEDURE	833	835	АН
cardiovascular_arterial hypertension_9_BGgpt	DISEASE	859	880	артериална хипертония
cardiovascular_arterial hypertension_9_BGgpt	PROCEDURE	931	965	комплексно диагностично изследване
cardiovascular_arterial hypertension_9_BGgpt	PROCEDURE	1057	1075	електрокардиограма
cardiovascular_arterial hypertension_9_BGgpt	PROCEDURE	1084	1114	нива на тиреостимулиращ хормон
cardiovascular_arterial hypertension_9_BGgpt	PROCEDURE	1183	1185	АН
cardiovascular_arterial hypertension_9_BGgpt	SYMPTOM	1194	1215	липса на хипокалиемия
cardiovascular_arterial hypertension_9_BGgpt	PROCEDURE	1273	1295	индекс на телесна маса
cardiovascular_arterial hypertension_9_BGgpt	PROCEDURE	1297	1300	ИТМ
cardiovascular_arterial hypertension_9_BGgpt	SYMPTOM	1323	1335	затлъстяване
cardiovascular_arterial hypertension_9_BGgpt	SYMPTOM	1505	1524	редукция на теглото
cardiovascular_arterial hypertension_9_BGgpt	PROCEDURE	1561	1563	АН
cardiovascular_arterial hypertension_9_BGgpt	PROCEDURE	1616	1638	медикаментозна терапия
cardiovascular_arterial hypertension_9_BGgpt	MEDICATION	1641	1651	Лизиноприл
cardiovascular_arterial hypertension_9_BGgpt	MEDICATION	1653	1666	АСЕ инхибитор
cardiovascular_arterial hypertension_9_BGgpt	PROCEDURE	1720	1722	АН
cardiovascular_arterial hypertension_9_BGgpt	SYMPTOM	1748	1781	недостатъчен терапевтичен отговор
cardiovascular_arterial hypertension_9_BGgpt	PROCEDURE	1783	1785	АН
cardiovascular_arterial hypertension_9_BGgpt	MEDICATION	1843	1878	дихидропиридинов калциев антагонист
cardiovascular_arterial hypertension_9_BGgpt	MEDICATION	1880	1889	Амлодипин
endocrinology_hypothyroidism_0_BGgpt	DISEASE	287	311	Първичен хипотиреоидизъм
endocrinology_hypothyroidism_0_BGgpt	SYMPTOM	439	444	умора
endocrinology_hypothyroidism_0_BGgpt	SYMPTOM	446	464	наддаване на тегло
endocrinology_hypothyroidism_0_BGgpt	SYMPTOM	466	486	студова непоносимост
endocrinology_hypothyroidism_0_BGgpt	SYMPTOM	489	494	запек
endocrinology_hypothyroidism_0_BGgpt	SYMPTOM	534	543	суха кожа
endocrinology_hypothyroidism_0_BGgpt	SYMPTOM	545	556	брадикардия
endocrinology_hypothyroidism_0_BGgpt	PROCEDURE	868	886	кръвни изследвания
endocrinology_hypothyroidism_0_BGgpt	DISEASE	1064	1088	първичен хипотиреоидизъм
endocrinology_hypothyroidism_0_BGgpt	PROCEDURE	1133	1157	Допълнителни изследвания
endocrinology_hypothyroidism_0_BGgpt	DISEASE	1297	1321	първичен хипотиреоидизъм
endocrinology_hypothyroidism_0_BGgpt	PROCEDURE	1326	1333	Лечение
endocrinology_hypothyroidism_0_BGgpt	PROCEDURE	1339	1346	Терапия
endocrinology_hypothyroidism_0_BGgpt	MEDICATION	1349	1361	левотироксин
endocrinology_hypothyroidism_0_BGgpt	SYMPTOM	1483	1513	липсата на сърдечно заболяване
endocrinology_hypothyroidism_0_BGgpt	SYMPTOM	1733	1738	умора
endocrinology_hypothyroidism_0_BGgpt	SYMPTOM	1741	1761	студова непоносимост
endocrinology_hypothyroidism_10_BGgpt	DISEASE	231	255	Първичен хипотиреоидизъм
endocrinology_hypothyroidism_10_BGgpt	SYMPTOM	389	394	умора
endocrinology_hypothyroidism_10_BGgpt	SYMPTOM	396	414	наддаване на тегло
endocrinology_hypothyroidism_10_BGgpt	SYMPTOM	416	437	непоносимост към студ
endocrinology_hypothyroidism_10_BGgpt	SYMPTOM	440	445	запек
endocrinology_hypothyroidism_10_BGgpt	PROCEDURE	491	509	обективния преглед
endocrinology_hypothyroidism_10_BGgpt	SYMPTOM	524	533	суха кожа
endocrinology_hypothyroidism_10_BGgpt	SYMPTOM	535	546	брадикардия
endocrinology_hypothyroidism_10_BGgpt	SYMPTOM	549	567	забавено отпускане
endocrinology_hypothyroidism_10_BGgpt	DISEASE	639	649	хипертония
endocrinology_hypothyroidism_10_BGgpt	DISEASE	652	671	хиперхолестеролемия
endocrinology_hypothyroidism_10_BGgpt	MEDICATION	961	978	Свободен тироксин
endocrinology_hypothyroidism_10_BGgpt	MEDICATION	1038	1051	Трийодтиронин
endocrinology_hypothyroidism_10_BGgpt	DISEASE	1350	1374	първичен хипотиреоидизъм
endocrinology_hypothyroidism_10_BGgpt	PROCEDURE	1381	1388	Лечение
endocrinology_hypothyroidism_10_BGgpt	PROCEDURE	1421	1428	терапия
endocrinology_hypothyroidism_10_BGgpt	MEDICATION	1431	1443	левотироксин
endocrinology_hypothyroidism_10_BGgpt	DISEASE	1630	1654	първичен хипотиреоидизъм
endocrinology_hypothyroidism_10_BGgpt	MEDICATION	1706	1718	левотироксин
endocrinology_hypothyroidism_10_BGgpt	PROCEDURE	1749	1766	клиничния отговор
endocrinology_hypothyroidism_10_BGgpt	SYMPTOM	1869	1874	умора
endocrinology_hypothyroidism_10_BGgpt	SYMPTOM	1877	1898	непоносимост към студ
endocrinology_hypothyroidism_11_BGgpt	SYMPTOM	368	382	изразена умора
endocrinology_hypothyroidism_11_BGgpt	SYMPTOM	384	400	наднормено тегло
endocrinology_hypothyroidism_11_BGgpt	SYMPTOM	402	422	студова непоносимост
endocrinology_hypothyroidism_11_BGgpt	SYMPTOM	425	430	запек
endocrinology_hypothyroidism_11_BGgpt	PROCEDURE	443	461	клиничната картина
endocrinology_hypothyroidism_11_BGgpt	PROCEDURE	475	498	ендокринологична оценка
endocrinology_hypothyroidism_11_BGgpt	SYMPTOM	731	736	умора
endocrinology_hypothyroidism_11_BGgpt	SYMPTOM	746	762	наднормено тегло
endocrinology_hypothyroidism_11_BGgpt	SYMPTOM	813	818	запек
endocrinology_hypothyroidism_11_BGgpt	DISEASE	856	873	щитовидната жлеза
endocrinology_hypothyroidism_11_BGgpt	DISEASE	937	954	щитовидната жлеза
endocrinology_hypothyroidism_11_BGgpt	PROCEDURE	1018	1041	лабораторни изследвания
endocrinology_hypothyroidism_11_BGgpt	PROCEDURE	1055	1075	пълна кръвна картина
endocrinology_hypothyroidism_11_BGgpt	PROCEDURE	1083	1101	серумен холестерол
endocrinology_hypothyroidism_11_BGgpt	DISEASE	1132	1149	щитовидната жлеза
endocrinology_hypothyroidism_11_BGgpt	DISEASE	1324	1341	щитовидната жлеза
endocrinology_hypothyroidism_11_BGgpt	MEDICATION	1375	1397	тиреостимулиращ хормон
endocrinology_hypothyroidism_11_BGgpt	MEDICATION	1399	1402	TSH
endocrinology_hypothyroidism_11_BGgpt	DISEASE	1574	1598	първичен хипотиреоидизъм
endocrinology_hypothyroidism_11_BGgpt	MEDICATION	1600	1623	Серумният трийодтиронин
endocrinology_hypothyroidism_11_BGgpt	MEDICATION	1625	1627	T3
endocrinology_hypothyroidism_11_BGgpt	DISEASE	1739	1763	първичен хипотиреоидизъм
endocrinology_hypothyroidism_11_BGgpt	PROCEDURE	1797	1804	терапия
endocrinology_hypothyroidism_12_BGgpt	DISEASE	340	364	Първичен хипотиреоидизъм
endocrinology_hypothyroidism_12_BGgpt	DISEASE	468	489	артериална хипертония
endocrinology_hypothyroidism_12_BGgpt	DISEASE	492	506	хиперлипидемия
endocrinology_hypothyroidism_12_BGgpt	SYMPTOM	597	602	умора
endocrinology_hypothyroidism_12_BGgpt	SYMPTOM	604	625	повишаване на теглото
endocrinology_hypothyroidism_12_BGgpt	SYMPTOM	628	649	непоносимост към студ
endocrinology_hypothyroidism_12_BGgpt	SYMPTOM	720	725	запек
endocrinology_hypothyroidism_12_BGgpt	PROCEDURE	854	865	Изследвания
endocrinology_hypothyroidism_12_BGgpt	PROCEDURE	908	919	изследвания
endocrinology_hypothyroidism_12_BGgpt	DISEASE	1136	1165	Нормоцитна-нормохромна анемия
endocrinology_hypothyroidism_12_BGgpt	DISEASE	1343	1367	първичен хипотиреоидизъм
endocrinology_hypothyroidism_12_BGgpt	PROCEDURE	1372	1379	Лечение
endocrinology_hypothyroidism_12_BGgpt	PROCEDURE	1406	1413	лечение
endocrinology_hypothyroidism_12_BGgpt	MEDICATION	1416	1428	Левотироксин
endocrinology_hypothyroidism_12_BGgpt	SYMPTOM	1505	1535	липсата на сърдечно заболяване
endocrinology_hypothyroidism_12_BGgpt	PROCEDURE	1664	1673	лечението
endocrinology_hypothyroidism_12_BGgpt	SYMPTOM	1759	1766	Умората
endocrinology_hypothyroidism_12_BGgpt	SYMPTOM	1769	1792	непоносимостта към студ
endocrinology_hypothyroidism_12_BGgpt	PROCEDURE	1817	1838	Контролно ниво на TSH
endocrinology_hypothyroidism_13_BGgpt	DISEASE	264	288	Първичен хипотиреоидизъм
endocrinology_hypothyroidism_13_BGgpt	SYMPTOM	438	449	напълняване
endocrinology_hypothyroidism_13_BGgpt	SYMPTOM	451	471	студова непоносимост
endocrinology_hypothyroidism_13_BGgpt	SYMPTOM	474	479	запек
endocrinology_hypothyroidism_13_BGgpt	SYMPTOM	481	491	Симптомите
endocrinology_hypothyroidism_13_BGgpt	SYMPTOM	573	582	суха кожа
endocrinology_hypothyroidism_13_BGgpt	SYMPTOM	585	592	косопад
endocrinology_hypothyroidism_13_BGgpt	PROCEDURE	645	667	хирургични интервенции
endocrinology_hypothyroidism_13_BGgpt	SYMPTOM	946	955	суха кожа
endocrinology_hypothyroidism_13_BGgpt	SYMPTOM	957	974	забавени рефлекси
endocrinology_hypothyroidism_13_BGgpt	SYMPTOM	977	980	лек
endocrinology_hypothyroidism_13_BGgpt	PROCEDURE	1041	1064	Лабораторни изследвания
endocrinology_hypothyroidism_13_BGgpt	MEDICATION	1072	1102	Серумен тиреостимулиращ хормон
endocrinology_hypothyroidism_13_BGgpt	MEDICATION	1163	1182	Серумен свободен Т4
endocrinology_hypothyroidism_13_BGgpt	MEDICATION	1236	1257	Серумен трийодтиронин
endocrinology_hypothyroidism_13_BGgpt	DISEASE	1317	1346	нормоцитна нормохромна анемия
endocrinology_hypothyroidism_13_BGgpt	MEDICATION	1351	1369	Серумен холестерол
endocrinology_hypothyroidism_13_BGgpt	OBSERVATION	1408	1423	горните находки
endocrinology_hypothyroidism_13_BGgpt	DISEASE	1445	1469	първичен хипотиреоидизъм
endocrinology_hypothyroidism_13_BGgpt	PROCEDURE	1536	1543	терапия
endocrinology_hypothyroidism_13_BGgpt	MEDICATION	1546	1558	левотироксин
endocrinology_hypothyroidism_13_BGgpt	SYMPTOM	1737	1747	Симптомите
endocrinology_hypothyroidism_14_BGgpt	SYMPTOM	293	298	умора
endocrinology_hypothyroidism_14_BGgpt	SYMPTOM	300	318	наддаване на тегло
endocrinology_hypothyroidism_14_BGgpt	DISEASE	484	502	6-месечна анамнеза
endocrinology_hypothyroidism_14_BGgpt	SYMPTOM	506	522	нарастваща умора
endocrinology_hypothyroidism_14_BGgpt	SYMPTOM	524	553	необяснимо наддаване на тегло
endocrinology_hypothyroidism_14_BGgpt	SYMPTOM	582	616	непоносимост към ниски температури
endocrinology_hypothyroidism_14_BGgpt	PROCEDURE	845	860	цялостна оценка
endocrinology_hypothyroidism_14_BGgpt	PROCEDURE	894	917	лабораторни изследвания
endocrinology_hypothyroidism_14_BGgpt	DISEASE	1413	1437	първичен хипотиреоидизъм
endocrinology_hypothyroidism_14_BGgpt	PROCEDURE	1551	1558	терапия
endocrinology_hypothyroidism_14_BGgpt	MEDICATION	1561	1573	Левотироксин
endocrinology_hypothyroidism_15_BGgpt	OBSERVATION	222	232	Подозрение
endocrinology_hypothyroidism_15_BGgpt	DISEASE	236	251	хипотиреоидизъм
endocrinology_hypothyroidism_15_BGgpt	DISEASE	278	302	Първичен хипотиреоидизъм
endocrinology_hypothyroidism_15_BGgpt	DISEASE	412	428	фамилна анамнеза
endocrinology_hypothyroidism_15_BGgpt	DISEASE	1073	1097	първичен хипотиреоидизъм
endocrinology_hypothyroidism_15_BGgpt	PROCEDURE	1151	1159	Скрининг
endocrinology_hypothyroidism_15_BGgpt	DISEASE	1177	1206	нормоцитна-нормохромна анемия
endocrinology_hypothyroidism_15_BGgpt	MEDICATION	1339	1351	левотироксин
endocrinology_hypothyroidism_15_BGgpt	MEDICATION	1500	1512	левотироксин
endocrinology_hypothyroidism_15_BGgpt	SYMPTOM	1715	1738	първоначалните симптоми
endocrinology_hypothyroidism_15_BGgpt	DISEASE	1742	1757	хипотиреоидизъм
endocrinology_hypothyroidism_15_BGgpt	PROCEDURE	1980	1989	терапията
endocrinology_hypothyroidism_15_BGgpt	MEDICATION	1992	2004	левотироксин
endocrinology_hypothyroidism_15_BGgpt	MEDICATION	2044	2056	Левотироксин
endocrinology_hypothyroidism_16_BGgpt	DISEASE	257	281	Първичен хипотиреоидизъм
endocrinology_hypothyroidism_16_BGgpt	DISEASE	303	332	Нормоцитна-нормохромна анемия
endocrinology_hypothyroidism_16_BGgpt	SYMPTOM	456	475	оплаквания от умора
endocrinology_hypothyroidism_16_BGgpt	SYMPTOM	477	495	наддаване на тегло
endocrinology_hypothyroidism_16_BGgpt	SYMPTOM	497	517	студова непоносимост
endocrinology_hypothyroidism_16_BGgpt	SYMPTOM	519	524	запек
endocrinology_hypothyroidism_16_BGgpt	SYMPTOM	527	536	суха кожа
endocrinology_hypothyroidism_16_BGgpt	PROCEDURE	761	799	Първоначалните лабораторни изследвания
endocrinology_hypothyroidism_16_BGgpt	DISEASE	1010	1034	първичен хипотиреоидизъм
endocrinology_hypothyroidism_16_BGgpt	DISEASE	1124	1153	нормоцитна-нормохромна анемия
endocrinology_hypothyroidism_16_BGgpt	PROCEDURE	1258	1265	терапия
endocrinology_hypothyroidism_16_BGgpt	MEDICATION	1268	1280	левотироксин
endocrinology_hypothyroidism_16_BGgpt	MEDICATION	1532	1544	левотироксин
endocrinology_hypothyroidism_16_BGgpt	DISEASE	1768	1797	нормоцитна-нормохромна анемия
endocrinology_hypothyroidism_17_BGgpt	SYMPTOM	339	350	силна умора
endocrinology_hypothyroidism_17_BGgpt	SYMPTOM	352	370	наддаване на тегло
endocrinology_hypothyroidism_17_BGgpt	SYMPTOM	373	393	студова непоносимост
endocrinology_hypothyroidism_17_BGgpt	DISEASE	443	464	артериална хипертония
endocrinology_hypothyroidism_17_BGgpt	PROCEDURE	541	549	прегледа
endocrinology_hypothyroidism_17_BGgpt	SYMPTOM	565	574	суха кожа
endocrinology_hypothyroidism_17_BGgpt	SYMPTOM	576	587	брадикардия
endocrinology_hypothyroidism_17_BGgpt	SYMPTOM	613	641	дълбоките сухожилни рефлекси
endocrinology_hypothyroidism_17_BGgpt	PROCEDURE	643	668	Лабораторните изследвания
endocrinology_hypothyroidism_17_BGgpt	DISEASE	877	901	първичен хипотиреоидизъм
endocrinology_hypothyroidism_17_BGgpt	DISEASE	985	1014	нормоцитна-нормохромна анемия
endocrinology_hypothyroidism_17_BGgpt	DISEASE	1106	1130	Първичен хипотиреоидизъм
endocrinology_hypothyroidism_17_BGgpt	MEDICATION	1157	1169	Левотироксин
endocrinology_hypothyroidism_17_BGgpt	DISEASE	1261	1291	липсата на сърдечно заболяване
endocrinology_hypothyroidism_17_BGgpt	MEDICATION	1353	1365	левотироксин
endocrinology_hypothyroidism_17_BGgpt	PROCEDURE	1639	1646	терапия
endocrinology_hypothyroidism_17_BGgpt	MEDICATION	1649	1661	левотироксин
endocrinology_hypothyroidism_17_BGgpt	SYMPTOM	1757	1777	студова непоносимост
endocrinology_hypothyroidism_18_BGgpt	SYMPTOM	385	396	силна умора
endocrinology_hypothyroidism_18_BGgpt	SYMPTOM	398	416	наддаване на тегло
endocrinology_hypothyroidism_18_BGgpt	SYMPTOM	418	439	непоносимост към студ
endocrinology_hypothyroidism_18_BGgpt	SYMPTOM	442	447	запек
endocrinology_hypothyroidism_18_BGgpt	OBSERVATION	449	470	Първоначалната оценка
endocrinology_hypothyroidism_18_BGgpt	PROCEDURE	516	539	допълнително изследване
endocrinology_hypothyroidism_18_BGgpt	OBSERVATION	578	598	Диагностични находки
endocrinology_hypothyroidism_18_BGgpt	PROCEDURE	632	655	лабораторни изследвания
endocrinology_hypothyroidism_18_BGgpt	MEDICATION	870	880	Хемоглобин
endocrinology_hypothyroidism_18_BGgpt	DISEASE	895	924	Нормоцитна-нормохромна анемия
endocrinology_hypothyroidism_18_BGgpt	DISEASE	1030	1054	първичен хипотиреоидизъм
endocrinology_hypothyroidism_18_BGgpt	DISEASE	1113	1137	първичен хипотиреоидизъм
endocrinology_hypothyroidism_18_BGgpt	PROCEDURE	1204	1227	Левотироксинова терапия
endocrinology_hypothyroidism_18_BGgpt	MEDICATION	1271	1283	левотироксин
endocrinology_hypothyroidism_18_BGgpt	PROCEDURE	1459	1477	диетични препоръки
endocrinology_hypothyroidism_18_BGgpt	PROCEDURE	1744	1769	левотироксиновата терапия
endocrinology_hypothyroidism_18_BGgpt	PROCEDURE	1780	1803	лабораторни изследвания
endocrinology_hypothyroidism_19_BGgpt	DISEASE	214	238	Първичен хипотиреоидизъм
endocrinology_hypothyroidism_19_BGgpt	PROCEDURE	263	270	терапия
endocrinology_hypothyroidism_19_BGgpt	SYMPTOM	362	373	отпадналост
endocrinology_hypothyroidism_19_BGgpt	SYMPTOM	375	386	напълняване
endocrinology_hypothyroidism_19_BGgpt	SYMPTOM	389	421	повишена чувствителност към студ
endocrinology_hypothyroidism_19_BGgpt	DISEASE	489	499	хипертония
endocrinology_hypothyroidism_19_BGgpt	DISEASE	502	516	хиперлипидемия
endocrinology_hypothyroidism_19_BGgpt	DISEASE	624	632	анамнеза
endocrinology_hypothyroidism_19_BGgpt	DISEASE	647	662	хипотиреоидизъм
endocrinology_hypothyroidism_19_BGgpt	SYMPTOM	822	839	забавени рефлекси
endocrinology_hypothyroidism_19_BGgpt	DISEASE	1103	1127	първичен хипотиреоидизъм
endocrinology_hypothyroidism_19_BGgpt	PROCEDURE	1302	1322	Електрокардиограмата
endocrinology_hypothyroidism_19_BGgpt	PROCEDURE	1475	1482	терапия
endocrinology_hypothyroidism_19_BGgpt	DISEASE	1513	1537	първичен хипотиреоидизъм
endocrinology_hypothyroidism_19_BGgpt	MEDICATION	1565	1577	Левотироксин
endocrinology_hypothyroidism_19_BGgpt	PROCEDURE	1827	1836	лечението
endocrinology_hypothyroidism_19_BGgpt	SYMPTOM	1891	1904	отпадналостта
endocrinology_hypothyroidism_19_BGgpt	SYMPTOM	1907	1941	повишената чувствителност към студ
endocrinology_hypothyroidism_1_BGgpt	SYMPTOM	293	304	отпадналост
endocrinology_hypothyroidism_1_BGgpt	SYMPTOM	306	324	наддаване на тегло
endocrinology_hypothyroidism_1_BGgpt	SYMPTOM	326	366	повишена чувствителност към студ и запек
endocrinology_hypothyroidism_1_BGgpt	SYMPTOM	423	431	симптоми
endocrinology_hypothyroidism_1_BGgpt	SYMPTOM	507	518	отпадналост
endocrinology_hypothyroidism_1_BGgpt	SYMPTOM	520	546	неволно наддаване на тегло
endocrinology_hypothyroidism_1_BGgpt	SYMPTOM	571	611	повишена чувствителност към студ и запек
endocrinology_hypothyroidism_1_BGgpt	DISEASE	794	804	Хипертония
endocrinology_hypothyroidism_1_BGgpt	DISEASE	809	821	Дислипидемия
endocrinology_hypothyroidism_1_BGgpt	MEDICATION	861	871	Лизиноприл
endocrinology_hypothyroidism_1_BGgpt	MEDICATION	889	901	Аторвастатин
endocrinology_hypothyroidism_1_BGgpt	PROCEDURE	1034	1052	физикалния преглед
endocrinology_hypothyroidism_1_BGgpt	MEDICATION	1322	1332	Хемоглобин
endocrinology_hypothyroidism_1_BGgpt	MEDICATION	1348	1350	T3
endocrinology_hypothyroidism_1_BGgpt	OBSERVATION	1388	1406	клиничната картина
endocrinology_hypothyroidism_1_BGgpt	DISEASE	1463	1478	хипотиреоидизъм
endocrinology_hypothyroidism_1_BGgpt	PROCEDURE	1532	1539	терапия
endocrinology_hypothyroidism_1_BGgpt	MEDICATION	1542	1554	левотироксин
endocrinology_hypothyroidism_1_BGgpt	DISEASE	1619	1649	липсата на сърдечно заболяване
endocrinology_hypothyroidism_1_BGgpt	DISEASE	1709	1724	хипотиреоидизъм
endocrinology_hypothyroidism_1_BGgpt	SYMPTOM	1770	1780	симптомите
endocrinology_hypothyroidism_1_BGgpt	SYMPTOM	1879	1887	симптоми
endocrinology_hypothyroidism_20_BGgpt	DISEASE	286	301	хипотиреоидизъм
endocrinology_hypothyroidism_20_BGgpt	SYMPTOM	464	469	умора
endocrinology_hypothyroidism_20_BGgpt	SYMPTOM	471	489	покачване на тегло
endocrinology_hypothyroidism_20_BGgpt	SYMPTOM	491	512	непоносимост към студ
endocrinology_hypothyroidism_20_BGgpt	SYMPTOM	515	520	запек
endocrinology_hypothyroidism_20_BGgpt	SYMPTOM	562	596	Симптомите прогресивно се засилват
endocrinology_hypothyroidism_20_BGgpt	PROCEDURE	611	622	консултация
endocrinology_hypothyroidism_20_BGgpt	DISEASE	704	719	хипотиреоидизъм
endocrinology_hypothyroidism_20_BGgpt	SYMPTOM	721	754	Няма данни за сърдечно заболяване
endocrinology_hypothyroidism_20_BGgpt	OBSERVATION	965	983	Няма данни за гуша
endocrinology_hypothyroidism_20_BGgpt	PROCEDURE	1028	1051	Лабораторни изследвания
endocrinology_hypothyroidism_20_BGgpt	MEDICATION	1059	1089	Серумен тиреостимулиращ хормон
endocrinology_hypothyroidism_20_BGgpt	MEDICATION	1137	1156	Серумен свободен Т4
endocrinology_hypothyroidism_20_BGgpt	MEDICATION	1197	1223	Серумен трийодтиронин (Т3)
endocrinology_hypothyroidism_20_BGgpt	PROCEDURE	1374	1404	Ехография на щитовидната жлеза
endocrinology_hypothyroidism_20_BGgpt	DISEASE	1513	1528	хипотиреоидизъм
endocrinology_hypothyroidism_20_BGgpt	MEDICATION	1593	1605	Левотироксин
endocrinology_hypothyroidism_20_BGgpt	SYMPTOM	1817	1827	симптомите
endocrinology_hypothyroidism_20_BGgpt	MEDICATION	1850	1861	медикамента
endocrinology_hypothyroidism_21_BGgpt	SYMPTOM	445	456	отпадналост
endocrinology_hypothyroidism_21_BGgpt	SYMPTOM	458	478	покачване на теглото
endocrinology_hypothyroidism_21_BGgpt	SYMPTOM	481	501	студова непоносимост
endocrinology_hypothyroidism_21_BGgpt	SYMPTOM	658	669	отпадналост
endocrinology_hypothyroidism_21_BGgpt	SYMPTOM	671	702	необяснимо покачване на теглото
endocrinology_hypothyroidism_21_BGgpt	SYMPTOM	750	782	повишена чувствителност към студ
endocrinology_hypothyroidism_21_BGgpt	DISEASE	860	877	щитовидната жлеза
endocrinology_hypothyroidism_21_BGgpt	DISEASE	909	924	хипотиреоидизъм
endocrinology_hypothyroidism_21_BGgpt	PROCEDURE	1358	1378	Пълна кръвна картина
endocrinology_hypothyroidism_21_BGgpt	SYMPTOM	1434	1454	Серумният холестерол
endocrinology_hypothyroidism_21_BGgpt	PROCEDURE	1494	1503	Ехография
endocrinology_hypothyroidism_21_BGgpt	DISEASE	1507	1524	щитовидната жлеза
endocrinology_hypothyroidism_21_BGgpt	PROCEDURE	1597	1615	клиничната картина
endocrinology_hypothyroidism_21_BGgpt	PROCEDURE	1670	1678	диагноза
endocrinology_hypothyroidism_21_BGgpt	DISEASE	1688	1703	хипотиреоидизъм
endocrinology_hypothyroidism_21_BGgpt	PROCEDURE	1708	1715	Лечение
endocrinology_hypothyroidism_21_BGgpt	PROCEDURE	1748	1755	лечение
endocrinology_hypothyroidism_21_BGgpt	MEDICATION	1758	1770	левотироксин
endocrinology_hypothyroidism_21_BGgpt	DISEASE	1788	1803	хипотиреоидизма
endocrinology_hypothyroidism_22_BGgpt	SYMPTOM	381	386	запек
endocrinology_hypothyroidism_22_BGgpt	DISEASE	770	780	Хипертония
endocrinology_hypothyroidism_22_BGgpt	DISEASE	864	881	щитовидната жлеза
endocrinology_hypothyroidism_22_BGgpt	MEDICATION	957	967	Лизиноприл
endocrinology_hypothyroidism_22_BGgpt	DISEASE	984	994	хипертония
endocrinology_hypothyroidism_22_BGgpt	PROCEDURE	1450	1473	Ултразвуково изследване
endocrinology_hypothyroidism_22_BGgpt	DISEASE	1477	1494	щитовидната жлеза
endocrinology_hypothyroidism_22_BGgpt	SYMPTOM	1554	1573	без възли или кисти
endocrinology_hypothyroidism_22_BGgpt	DISEASE	1589	1613	Първичен хипотиреоидизъм
endocrinology_hypothyroidism_22_BGgpt	DISEASE	1688	1712	първичен хипотиреоидизъм
endocrinology_hypothyroidism_22_BGgpt	PROCEDURE	1739	1746	терапия
endocrinology_hypothyroidism_22_BGgpt	MEDICATION	1749	1761	Левотироксин
endocrinology_hypothyroidism_23_BGgpt	SYMPTOM	259	269	оплаквания
endocrinology_hypothyroidism_23_BGgpt	SYMPTOM	298	308	оплаквания
endocrinology_hypothyroidism_23_BGgpt	SYMPTOM	312	323	силна умора
endocrinology_hypothyroidism_23_BGgpt	DISEASE	325	343	наддаване на тегло
endocrinology_hypothyroidism_23_BGgpt	SYMPTOM	345	365	студова непоносимост
endocrinology_hypothyroidism_23_BGgpt	SYMPTOM	368	377	суха кожа
endocrinology_hypothyroidism_23_BGgpt	SYMPTOM	524	529	умора
endocrinology_hypothyroidism_23_BGgpt	PROCEDURE	559	577	наддаване на тегло
endocrinology_hypothyroidism_23_BGgpt	SYMPTOM	691	696	запек
endocrinology_hypothyroidism_23_BGgpt	DISEASE	895	916	Артериална хипертония
endocrinology_hypothyroidism_23_BGgpt	MEDICATION	933	956	лизиноприл 20 mg дневно
endocrinology_hypothyroidism_23_BGgpt	DISEASE	1045	1062	щитовидната жлеза
endocrinology_hypothyroidism_23_BGgpt	DISEASE	1204	1221	Леко затлъстяване
endocrinology_hypothyroidism_23_BGgpt	SYMPTOM	1223	1248	без признаци на страдание
endocrinology_hypothyroidism_23_BGgpt	SYMPTOM	1307	1320	Редовен ритъм
endocrinology_hypothyroidism_23_BGgpt	SYMPTOM	1357	1386	Двустранно везикуларно дишане
endocrinology_hypothyroidism_23_BGgpt	SYMPTOM	1392	1397	Корем
endocrinology_hypothyroidism_23_BGgpt	SYMPTOM	1399	1402	Мек
endocrinology_hypothyroidism_23_BGgpt	DISEASE	1443	1465	Неврологично състояние
endocrinology_hypothyroidism_23_BGgpt	SYMPTOM	1479	1490	ориентирана
endocrinology_hypothyroidism_23_BGgpt	PROCEDURE	1517	1555	Допълнителни изследвания и диагностика
endocrinology_hypothyroidism_23_BGgpt	MEDICATION	1563	1566	TSH
endocrinology_hypothyroidism_23_BGgpt	MEDICATION	1568	1590	тиреостимулиращ хормон
endocrinology_hypothyroidism_24_BGgpt	PROCEDURE	106	109	МРН
endocrinology_hypothyroidism_24_BGgpt	PROCEDURE	114	117	МРН
endocrinology_hypothyroidism_24_BGgpt	DISEASE	366	390	Първичен хипотиреоидизъм
endocrinology_hypothyroidism_24_BGgpt	DISEASE	419	448	Нормоцитна нормохромна анемия
endocrinology_hypothyroidism_24_BGgpt	DISEASE	450	469	Хиперхолестеролемия
endocrinology_hypothyroidism_24_BGgpt	PROCEDURE	510	519	лечението
endocrinology_hypothyroidism_24_BGgpt	SYMPTOM	758	763	умора
endocrinology_hypothyroidism_24_BGgpt	SYMPTOM	765	783	наддаване на тегло
endocrinology_hypothyroidism_24_BGgpt	SYMPTOM	786	807	непоносимост към студ
endocrinology_hypothyroidism_24_BGgpt	PROCEDURE	849	870	Първоначалната оценка
endocrinology_hypothyroidism_24_BGgpt	PROCEDURE	911	914	ПКК
endocrinology_hypothyroidism_24_BGgpt	OBSERVATION	916	930	липиден профил
endocrinology_hypothyroidism_24_BGgpt	PROCEDURE	995	1033	първоначалните лабораторни изследвания
endocrinology_hypothyroidism_24_BGgpt	DISEASE	1208	1232	първичен хипотиреоидизъм
endocrinology_hypothyroidism_24_BGgpt	DISEASE	1337	1366	нормоцитна нормохромна анемия
endocrinology_hypothyroidism_24_BGgpt	PROCEDURE	1474	1481	лечение
endocrinology_hypothyroidism_24_BGgpt	MEDICATION	1484	1496	левотироксин
endocrinology_hypothyroidism_24_BGgpt	MEDICATION	1737	1750	левотироксина
endocrinology_hypothyroidism_24_BGgpt	MEDICATION	1790	1802	Левотироксин
endocrinology_hypothyroidism_24_BGgpt	MEDICATION	1856	1872	Хидрохлоротиазид
endocrinology_hypothyroidism_25_BGgpt	DISEASE	285	309	Първичен хипотиреоидизъм
endocrinology_hypothyroidism_25_BGgpt	DISEASE	340	369	Нормоцитна нормохромна анемия
endocrinology_hypothyroidism_25_BGgpt	SYMPTOM	375	383	Анамнеза
endocrinology_hypothyroidism_25_BGgpt	SYMPTOM	627	638	брадикардия
endocrinology_hypothyroidism_25_BGgpt	SYMPTOM	672	692	сухожилните рефлекси
endocrinology_hypothyroidism_25_BGgpt	PROCEDURE	793	827	Лабораторни и диагностични находки
endocrinology_hypothyroidism_25_BGgpt	MEDICATION	1118	1128	Хемоглобин
endocrinology_hypothyroidism_25_BGgpt	PROCEDURE	1285	1300	горните находки
endocrinology_hypothyroidism_25_BGgpt	DISEASE	1336	1360	първичен хипотиреоидизъм
endocrinology_hypothyroidism_25_BGgpt	DISEASE	1375	1404	нормоцитна нормохромна анемия
endocrinology_hypothyroidism_25_BGgpt	PROCEDURE	1448	1455	Лечение
endocrinology_hypothyroidism_25_BGgpt	PROCEDURE	1481	1488	лечение
endocrinology_hypothyroidism_25_BGgpt	MEDICATION	1491	1503	Левотироксин
endocrinology_hypothyroidism_26_BGgpt	DISEASE	265	289	Първичен хипотиреоидизъм
endocrinology_hypothyroidism_26_BGgpt	DISEASE	318	347	Нормоцитна нормохромна анемия
endocrinology_hypothyroidism_26_BGgpt	DISEASE	349	368	Хиперхолестеролемия
endocrinology_hypothyroidism_26_BGgpt	SYMPTOM	542	567	оплаквания от отпадналост
endocrinology_hypothyroidism_26_BGgpt	SYMPTOM	569	598	повишаване на телесното тегло
endocrinology_hypothyroidism_26_BGgpt	SYMPTOM	600	629	непоносимост към студ и запек
endocrinology_hypothyroidism_26_BGgpt	DISEASE	675	699	първичен хипотиреоидизъм
endocrinology_hypothyroidism_26_BGgpt	PROCEDURE	701	739	Първоначалните лабораторни изследвания
endocrinology_hypothyroidism_26_BGgpt	DISEASE	940	964	първичен хипотиреоидизъм
endocrinology_hypothyroidism_26_BGgpt	MEDICATION	976	989	трийодтиронин
endocrinology_hypothyroidism_26_BGgpt	DISEASE	1065	1094	нормоцитна нормохромна анемия
endocrinology_hypothyroidism_26_BGgpt	PROCEDURE	1177	1186	Лечението
endocrinology_hypothyroidism_26_BGgpt	MEDICATION	1197	1209	левотироксин
endocrinology_hypothyroidism_26_BGgpt	SYMPTOM	1360	1376	нежелани реакции
endocrinology_hypothyroidism_26_BGgpt	SYMPTOM	1498	1509	отпадналост
endocrinology_hypothyroidism_26_BGgpt	DISEASE	1569	1577	Анемията
endocrinology_hypothyroidism_26_BGgpt	PROCEDURE	1645	1665	заместителна терапия
endocrinology_hypothyroidism_26_BGgpt	MEDICATION	1668	1685	тиреоидни хормони
endocrinology_hypothyroidism_26_BGgpt	DISEASE	1733	1752	хиперхолестеролемия
endocrinology_hypothyroidism_26_BGgpt	DISEASE	1768	1783	хипотиреоидизъм
endocrinology_hypothyroidism_27_BGgpt	SYMPTOM	301	309	симптоми
endocrinology_hypothyroidism_27_BGgpt	DISEASE	325	340	хипотиреоидизъм
endocrinology_hypothyroidism_27_BGgpt	SYMPTOM	354	359	умора
endocrinology_hypothyroidism_27_BGgpt	SYMPTOM	361	377	качване на тегло
endocrinology_hypothyroidism_27_BGgpt	SYMPTOM	379	399	студова непоносимост
endocrinology_hypothyroidism_27_BGgpt	SYMPTOM	402	411	суха кожа
endocrinology_hypothyroidism_27_BGgpt	PROCEDURE	577	611	комплексна лабораторна диагностика
endocrinology_hypothyroidism_27_BGgpt	DISEASE	908	923	хипотиреоидизъм
endocrinology_hypothyroidism_27_BGgpt	PROCEDURE	989	1000	изследвания
endocrinology_hypothyroidism_27_BGgpt	DISEASE	1010	1039	нормоцитна-нормохромна анемия
endocrinology_hypothyroidism_27_BGgpt	PROCEDURE	1172	1179	терапия
endocrinology_hypothyroidism_27_BGgpt	MEDICATION	1182	1194	левотироксин
endocrinology_hypothyroidism_27_BGgpt	DISEASE	1372	1387	хипотиреоидизма
endocrinology_hypothyroidism_27_BGgpt	MEDICATION	1738	1750	Левотироксин
endocrinology_hypothyroidism_28_BGgpt	DISEASE	304	328	Първичен хипотиреоидизъм
endocrinology_hypothyroidism_28_BGgpt	DISEASE	355	374	Хиперхолестеролемия
endocrinology_hypothyroidism_28_BGgpt	DISEASE	376	393	Нормоцитна анемия
endocrinology_hypothyroidism_28_BGgpt	DISEASE	397	405	Анамнеза
endocrinology_hypothyroidism_28_BGgpt	SYMPTOM	483	502	оплаквания от умора
endocrinology_hypothyroidism_28_BGgpt	SYMPTOM	504	515	напълняване
endocrinology_hypothyroidism_28_BGgpt	SYMPTOM	517	538	непоносимост към студ
endocrinology_hypothyroidism_28_BGgpt	SYMPTOM	541	546	запек
endocrinology_hypothyroidism_28_BGgpt	DISEASE	650	658	анамнеза
endocrinology_hypothyroidism_28_BGgpt	DISEASE	677	694	щитовидната жлеза
endocrinology_hypothyroidism_28_BGgpt	PROCEDURE	709	719	изследване
endocrinology_hypothyroidism_28_BGgpt	DISEASE	723	754	дисфункция на щитовидната жлеза
endocrinology_hypothyroidism_28_BGgpt	PROCEDURE	814	837	лабораторни изследвания
endocrinology_hypothyroidism_28_BGgpt	DISEASE	1057	1081	първичен хипотиреоидизъм
endocrinology_hypothyroidism_28_BGgpt	DISEASE	1240	1269	нормоцитна-нормохромна анемия
endocrinology_hypothyroidism_28_BGgpt	PROCEDURE	1319	1326	Лечение
endocrinology_hypothyroidism_28_BGgpt	PROCEDURE	1357	1364	терапия
endocrinology_hypothyroidism_28_BGgpt	MEDICATION	1367	1379	Левотироксин
endocrinology_hypothyroidism_28_BGgpt	PROCEDURE	1383	1390	лечение
endocrinology_hypothyroidism_28_BGgpt	DISEASE	1394	1418	първичен хипотиреоидизъм
endocrinology_hypothyroidism_28_BGgpt	SYMPTOM	1517	1547	липсата на сърдечно заболяване
endocrinology_hypothyroidism_28_BGgpt	MEDICATION	1559	1571	Левотироксин
endocrinology_hypothyroidism_28_BGgpt	PROCEDURE	1855	1864	лечението
endocrinology_hypothyroidism_29_BGgpt	DISEASE	255	279	Първичен хипотиреоидизъм
endocrinology_hypothyroidism_29_BGgpt	DISEASE	308	337	Нормоцитна-нормохромна анемия
endocrinology_hypothyroidism_29_BGgpt	SYMPTOM	474	485	отпадналост
endocrinology_hypothyroidism_29_BGgpt	SYMPTOM	487	498	напълняване
endocrinology_hypothyroidism_29_BGgpt	SYMPTOM	501	522	непоносимост към студ
endocrinology_hypothyroidism_29_BGgpt	SYMPTOM	596	617	наличие на хипертония
endocrinology_hypothyroidism_29_BGgpt	SYMPTOM	713	724	брадикардия
endocrinology_hypothyroidism_29_BGgpt	SYMPTOM	793	802	суха кожа
endocrinology_hypothyroidism_29_BGgpt	SYMPTOM	804	814	груба коса
endocrinology_hypothyroidism_29_BGgpt	SYMPTOM	817	836	забавена релаксация
endocrinology_hypothyroidism_29_BGgpt	SYMPTOM	840	868	дълбоките сухожилни рефлекси
endocrinology_hypothyroidism_29_BGgpt	PROCEDURE	894	917	лабораторни изследвания
endocrinology_hypothyroidism_29_BGgpt	PROCEDURE	931	952	пълен тиреоиден панел
endocrinology_hypothyroidism_29_BGgpt	PROCEDURE	955	975	пълна кръвна картина
endocrinology_hypothyroidism_29_BGgpt	PROCEDURE	977	988	Резултатите
endocrinology_hypothyroidism_29_BGgpt	DISEASE	1143	1167	първичен хипотиреоидизъм
endocrinology_hypothyroidism_29_BGgpt	PROCEDURE	1169	1191	Пълната кръвна картина
endocrinology_hypothyroidism_29_BGgpt	DISEASE	1200	1229	нормоцитна-нормохромна анемия
endocrinology_hypothyroidism_29_BGgpt	DISEASE	1346	1370	първичен хипотиреоидизъм
endocrinology_hypothyroidism_29_BGgpt	PROCEDURE	1469	1476	терапия
endocrinology_hypothyroidism_29_BGgpt	MEDICATION	1479	1491	левотироксин
endocrinology_hypothyroidism_29_BGgpt	MEDICATION	1564	1595	антихипертензивните медикаменти
endocrinology_hypothyroidism_29_BGgpt	PROCEDURE	1628	1635	терапия
endocrinology_hypothyroidism_29_BGgpt	MEDICATION	1638	1650	левотироксин
endocrinology_hypothyroidism_29_BGgpt	MEDICATION	1689	1707	хранителна добавка
endocrinology_hypothyroidism_29_BGgpt	MEDICATION	1719	1725	желязо
endocrinology_hypothyroidism_29_BGgpt	MEDICATION	1727	1738	витамин B12
endocrinology_hypothyroidism_29_BGgpt	MEDICATION	1741	1757	фолиева киселина
endocrinology_hypothyroidism_2_BGgpt	DISEASE	294	318	Първичен хипотиреоидизъм
endocrinology_hypothyroidism_2_BGgpt	PROCEDURE	357	366	лечението
endocrinology_hypothyroidism_2_BGgpt	SYMPTOM	485	490	умора
endocrinology_hypothyroidism_2_BGgpt	SYMPTOM	492	508	наднормено тегло
endocrinology_hypothyroidism_2_BGgpt	SYMPTOM	510	530	студова непоносимост
endocrinology_hypothyroidism_2_BGgpt	SYMPTOM	533	542	суха кожа
endocrinology_hypothyroidism_2_BGgpt	DISEASE	662	678	Фамилна анамнеза
endocrinology_hypothyroidism_2_BGgpt	PROCEDURE	741	758	физикален преглед
endocrinology_hypothyroidism_2_BGgpt	SYMPTOM	773	788	леко оточен вид
endocrinology_hypothyroidism_2_BGgpt	SYMPTOM	793	802	суха кожа
endocrinology_hypothyroidism_2_BGgpt	PROCEDURE	843	868	Лабораторните изследвания
endocrinology_hypothyroidism_2_BGgpt	DISEASE	1077	1101	първичен хипотиреоидизъм
endocrinology_hypothyroidism_2_BGgpt	DISEASE	1278	1302	първичен хипотиреоидизъм
endocrinology_hypothyroidism_2_BGgpt	PROCEDURE	1351	1358	лечение
endocrinology_hypothyroidism_2_BGgpt	MEDICATION	1361	1373	Левотироксин
endocrinology_hypothyroidism_2_BGgpt	MEDICATION	1623	1629	сутрин
endocrinology_hypothyroidism_2_BGgpt	PROCEDURE	1766	1786	Повторни изследвания
endocrinology_hypothyroidism_30_BGgpt	DISEASE	276	300	Първичен хипотиреоидизъм
endocrinology_hypothyroidism_30_BGgpt	SYMPTOM	423	428	умора
endocrinology_hypothyroidism_30_BGgpt	SYMPTOM	430	448	наддаване на тегло
endocrinology_hypothyroidism_30_BGgpt	SYMPTOM	451	472	непоносимост към студ
endocrinology_hypothyroidism_30_BGgpt	SYMPTOM	540	549	суха кожа
endocrinology_hypothyroidism_30_BGgpt	SYMPTOM	551	562	брадикардия
endocrinology_hypothyroidism_30_BGgpt	SYMPTOM	565	584	забавена релаксация
endocrinology_hypothyroidism_30_BGgpt	SYMPTOM	588	616	дълбоките сухожилни рефлекси
endocrinology_hypothyroidism_30_BGgpt	DISEASE	1022	1051	Нормоцитна нормохромна анемия
endocrinology_hypothyroidism_30_BGgpt	DISEASE	1185	1209	първичен хипотиреоидизъм
endocrinology_hypothyroidism_30_BGgpt	PROCEDURE	1230	1274	Лечебно-диагностичен план и ход на лечението
endocrinology_hypothyroidism_30_BGgpt	MEDICATION	1310	1322	Левотироксин
endocrinology_hypothyroidism_30_BGgpt	PROCEDURE	1422	1433	Дозировката
endocrinology_hypothyroidism_30_BGgpt	PROCEDURE	1452	1465	нормализиране
endocrinology_hypothyroidism_30_BGgpt	SYMPTOM	1711	1716	умора
endocrinology_hypothyroidism_30_BGgpt	MEDICATION	1808	1820	Левотироксин
endocrinology_hypothyroidism_31_BGgpt	SYMPTOM	267	277	оплаквания
endocrinology_hypothyroidism_31_BGgpt	SYMPTOM	312	323	силна умора
endocrinology_hypothyroidism_31_BGgpt	SYMPTOM	339	360	непоносимост към студ
endocrinology_hypothyroidism_31_BGgpt	SYMPTOM	526	536	оплаквания
endocrinology_hypothyroidism_31_BGgpt	SYMPTOM	540	562	необяснимо напълняване
endocrinology_hypothyroidism_31_BGgpt	SYMPTOM	564	575	силна умора
endocrinology_hypothyroidism_31_BGgpt	SYMPTOM	578	599	непоносимост към студ
endocrinology_hypothyroidism_31_BGgpt	SYMPTOM	915	927	оплакванията
endocrinology_hypothyroidism_31_BGgpt	MEDICATION	1128	1158	Серумен тиреостимулиращ хормон
endocrinology_hypothyroidism_31_BGgpt	MEDICATION	1218	1235	Свободен тироксин
endocrinology_hypothyroidism_31_BGgpt	MEDICATION	1291	1312	Серумен трийодтиронин
endocrinology_hypothyroidism_31_BGgpt	MEDICATION	1335	1345	Холестерол
endocrinology_hypothyroidism_31_BGgpt	DISEASE	1405	1434	Нормоцитна-нормохромна анемия
endocrinology_hypothyroidism_31_BGgpt	PROCEDURE	1441	1449	Скрининг
endocrinology_hypothyroidism_31_BGgpt	DISEASE	1453	1473	автоимунен тиреоидит
endocrinology_hypothyroidism_31_BGgpt	MEDICATION	1477	1528	Положителен за антитела срещу тиреоидна пероксидаза
endocrinology_hypothyroidism_31_BGgpt	DISEASE	1577	1601	първичен хипотиреоидизъм
endocrinology_hypothyroidism_31_BGgpt	PROCEDURE	1685	1692	терапия
endocrinology_hypothyroidism_32_BGgpt	DISEASE	282	306	Първичен хипотиреоидизъм
endocrinology_hypothyroidism_32_BGgpt	SYMPTOM	434	445	отпадналост
endocrinology_hypothyroidism_32_BGgpt	SYMPTOM	447	465	наддаване на тегло
endocrinology_hypothyroidism_32_BGgpt	SYMPTOM	467	487	нетърпимост към студ
endocrinology_hypothyroidism_32_BGgpt	SYMPTOM	490	495	запек
endocrinology_hypothyroidism_32_BGgpt	PROCEDURE	501	518	първичния преглед
endocrinology_hypothyroidism_32_BGgpt	SYMPTOM	533	542	суха кожа
endocrinology_hypothyroidism_32_BGgpt	SYMPTOM	544	555	брадикардия
endocrinology_hypothyroidism_32_BGgpt	SYMPTOM	558	577	забавена релаксация
endocrinology_hypothyroidism_32_BGgpt	SYMPTOM	581	607	дълбоки сухожилни рефлекси
endocrinology_hypothyroidism_32_BGgpt	SYMPTOM	634	644	хипертония
endocrinology_hypothyroidism_32_BGgpt	DISEASE	647	667	захарен диабет тип 2
endocrinology_hypothyroidism_32_BGgpt	PROCEDURE	690	712	медикаментозно лечение
endocrinology_hypothyroidism_32_BGgpt	PROCEDURE	852	875	лабораторни изследвания
endocrinology_hypothyroidism_32_BGgpt	PROCEDURE	889	909	пълна кръвна картина
endocrinology_hypothyroidism_32_BGgpt	PROCEDURE	911	914	ПКК
endocrinology_hypothyroidism_32_BGgpt	MEDICATION	955	972	свободен тироксин
endocrinology_hypothyroidism_32_BGgpt	PROCEDURE	1000	1003	ПКК
endocrinology_hypothyroidism_32_BGgpt	DISEASE	1011	1040	нормоцитна-нормохромна анемия
endocrinology_hypothyroidism_32_BGgpt	DISEASE	1240	1264	първичен хипотиреоидизъм
endocrinology_hypothyroidism_32_BGgpt	DISEASE	1385	1409	първичен хипотиреоидизъм
endocrinology_hypothyroidism_32_BGgpt	PROCEDURE	1468	1475	терапия
endocrinology_hypothyroidism_32_BGgpt	MEDICATION	1478	1490	левотироксин
endocrinology_hypothyroidism_32_BGgpt	SYMPTOM	1568	1598	липсата на сърдечно заболяване
endocrinology_hypothyroidism_32_BGgpt	SYMPTOM	1626	1654	нежелани лекарствени реакции
endocrinology_hypothyroidism_32_BGgpt	MEDICATION	1750	1762	левотироксин
endocrinology_hypothyroidism_33_BGgpt	DISEASE	362	386	Първичен хипотиреоидизъм
endocrinology_hypothyroidism_33_BGgpt	SYMPTOM	516	533	симптоми на умора
endocrinology_hypothyroidism_33_BGgpt	SYMPTOM	535	553	наддаване на тегло
endocrinology_hypothyroidism_33_BGgpt	SYMPTOM	556	577	непоносимост към студ
endocrinology_hypothyroidism_33_BGgpt	PROCEDURE	618	649	Първоначални кръвни изследвания
endocrinology_hypothyroidism_33_BGgpt	PROCEDURE	1158	1176	Електрокардиограма
endocrinology_hypothyroidism_33_BGgpt	DISEASE	1271	1295	първичен хипотиреоидизъм
endocrinology_hypothyroidism_33_BGgpt	PROCEDURE	1327	1334	терапия
endocrinology_hypothyroidism_33_BGgpt	MEDICATION	1337	1349	Левотироксин
endocrinology_hypothyroidism_33_BGgpt	PROCEDURE	1531	1550	стриктно наблюдение
endocrinology_hypothyroidism_33_BGgpt	MEDICATION	1816	1828	Левотироксин
endocrinology_hypothyroidism_34_BGgpt	DISEASE	253	277	Първичен хипотиреоидизъм
endocrinology_hypothyroidism_34_BGgpt	SYMPTOM	281	289	Анамнеза
endocrinology_hypothyroidism_34_BGgpt	SYMPTOM	292	302	оплаквания
endocrinology_hypothyroidism_34_BGgpt	SYMPTOM	390	400	оплаквания
endocrinology_hypothyroidism_34_BGgpt	SYMPTOM	404	415	отпадналост
endocrinology_hypothyroidism_34_BGgpt	SYMPTOM	417	433	наднормено тегло
endocrinology_hypothyroidism_34_BGgpt	SYMPTOM	435	455	студова непоносимост
endocrinology_hypothyroidism_34_BGgpt	SYMPTOM	458	463	запек
endocrinology_hypothyroidism_34_BGgpt	PROCEDURE	599	622	допълнително изследване
endocrinology_hypothyroidism_34_BGgpt	PROCEDURE	625	632	лечение
endocrinology_hypothyroidism_34_BGgpt	PROCEDURE	711	734	лабораторни изследвания
endocrinology_hypothyroidism_34_BGgpt	DISEASE	945	969	първичен хипотиреоидизъм
endocrinology_hypothyroidism_34_BGgpt	DISEASE	1054	1083	нормоцитна-нормохромна анемия
endocrinology_hypothyroidism_34_BGgpt	DISEASE	1192	1216	първичен хипотиреоидизъм
endocrinology_hypothyroidism_34_BGgpt	PROCEDURE	1221	1228	Лечение
endocrinology_hypothyroidism_34_BGgpt	PROCEDURE	1281	1288	лечение
endocrinology_hypothyroidism_34_BGgpt	MEDICATION	1291	1303	левотироксин
endocrinology_hypothyroidism_34_BGgpt	PROCEDURE	1487	1498	изследвания
endocrinology_hypothyroidism_34_BGgpt	PROCEDURE	1635	1644	терапията
endocrinology_hypothyroidism_34_BGgpt	PROCEDURE	1786	1795	лечението
endocrinology_hypothyroidism_34_BGgpt	MEDICATION	1852	1864	Левотироксин
endocrinology_hypothyroidism_35_BGgpt	DISEASE	4	12	ЕПИКРИЗА
endocrinology_hypothyroidism_35_BGgpt	SYMPTOM	407	417	оплаквания
endocrinology_hypothyroidism_35_BGgpt	SYMPTOM	421	441	изразена отпадналост
endocrinology_hypothyroidism_35_BGgpt	SYMPTOM	443	454	напълняване
endocrinology_hypothyroidism_35_BGgpt	SYMPTOM	456	476	нетърпимост към студ
endocrinology_hypothyroidism_35_BGgpt	SYMPTOM	479	488	суха кожа
endocrinology_hypothyroidism_35_BGgpt	OBSERVATION	557	578	Първоначалната оценка
endocrinology_hypothyroidism_35_BGgpt	DISEASE	591	606	хипотиреоидизъм
endocrinology_hypothyroidism_35_BGgpt	PROCEDURE	621	645	допълнителни изследвания
endocrinology_hypothyroidism_35_BGgpt	DISEASE	872	881	суха кожа
endocrinology_hypothyroidism_35_BGgpt	SYMPTOM	926	930	Гуша
endocrinology_hypothyroidism_35_BGgpt	PROCEDURE	1029	1049	Диагностични находки
endocrinology_hypothyroidism_35_BGgpt	DISEASE	1372	1401	Нормоцитна-нормохромна анемия
endocrinology_hypothyroidism_35_BGgpt	DISEASE	1408	1411	ЕКГ
endocrinology_hypothyroidism_35_BGgpt	DISEASE	1415	1426	Брадикардия
endocrinology_hypothyroidism_35_BGgpt	DISEASE	1497	1512	хипотиреоидизъм
endocrinology_hypothyroidism_35_BGgpt	PROCEDURE	1524	1533	лечението
endocrinology_hypothyroidism_35_BGgpt	PROCEDURE	1590	1597	лечение
endocrinology_hypothyroidism_35_BGgpt	MEDICATION	1600	1612	Левотироксин
endocrinology_hypothyroidism_36_BGgpt	DISEASE	306	330	Първичен хипотиреоидизъм
endocrinology_hypothyroidism_36_BGgpt	SYMPTOM	512	532	студова непоносимост
endocrinology_hypothyroidism_36_BGgpt	SYMPTOM	535	540	запек
endocrinology_hypothyroidism_36_BGgpt	SYMPTOM	542	559	Подробна анамнеза
endocrinology_hypothyroidism_36_BGgpt	SYMPTOM	678	687	суха кожа
endocrinology_hypothyroidism_36_BGgpt	SYMPTOM	689	700	брадикардия
endocrinology_hypothyroidism_36_BGgpt	SYMPTOM	703	722	забавена релаксация
endocrinology_hypothyroidism_36_BGgpt	SYMPTOM	726	754	дълбоките сухожилни рефлекси
endocrinology_hypothyroidism_36_BGgpt	SYMPTOM	795	816	първоначално съмнение
endocrinology_hypothyroidism_36_BGgpt	PROCEDURE	851	874	лабораторни изследвания
endocrinology_hypothyroidism_36_BGgpt	PROCEDURE	888	908	пълна кръвна картина
endocrinology_hypothyroidism_36_BGgpt	PROCEDURE	910	913	ПКК
endocrinology_hypothyroidism_36_BGgpt	PROCEDURE	916	934	серумен холестерол
endocrinology_hypothyroidism_36_BGgpt	PROCEDURE	937	982	изследвания на функцията на щитовидната жлеза
endocrinology_hypothyroidism_36_BGgpt	PROCEDURE	1022	1025	ПКК
endocrinology_hypothyroidism_36_BGgpt	SYMPTOM	1057	1091	лека нормоцитна-нормохромна анемия
endocrinology_hypothyroidism_36_BGgpt	PROCEDURE	1093	1113	Серумният холестерол
endocrinology_hypothyroidism_36_BGgpt	DISEASE	1449	1473	първичен хипотиреоидизъм
endocrinology_hypothyroidism_36_BGgpt	DISEASE	1549	1573	първичен хипотиреоидизъм
endocrinology_hypothyroidism_36_BGgpt	PROCEDURE	1586	1593	терапия
endocrinology_hypothyroidism_36_BGgpt	MEDICATION	1596	1608	Левотироксин
endocrinology_hypothyroidism_36_BGgpt	SYMPTOM	1799	1839	евентуални нежелани реакции или симптоми
endocrinology_hypothyroidism_37_BGgpt	DISEASE	407	422	хипотиреоидизъм
endocrinology_hypothyroidism_37_BGgpt	SYMPTOM	436	453	клинични симптоми
endocrinology_hypothyroidism_37_BGgpt	SYMPTOM	467	472	умора
endocrinology_hypothyroidism_37_BGgpt	SYMPTOM	474	494	покачване на теглото
endocrinology_hypothyroidism_37_BGgpt	SYMPTOM	496	525	непоносимост към студ и запек
endocrinology_hypothyroidism_37_BGgpt	SYMPTOM	695	700	умора
endocrinology_hypothyroidism_37_BGgpt	SYMPTOM	713	733	покачване на теглото
endocrinology_hypothyroidism_37_BGgpt	SYMPTOM	819	848	непоносимост към студ и запек
endocrinology_hypothyroidism_37_BGgpt	PROCEDURE	944	980	допълнителна ендокринологична оценка
endocrinology_hypothyroidism_37_BGgpt	PROCEDURE	983	1008	евентуална хоспитализация
endocrinology_hypothyroidism_37_BGgpt	PROCEDURE	1012	1031	цялостно изследване
endocrinology_hypothyroidism_37_BGgpt	PROCEDURE	1034	1041	лечение
endocrinology_hypothyroidism_37_BGgpt	MEDICATION	1232	1252	Приемани медикаменти
endocrinology_hypothyroidism_37_BGgpt	MEDICATION	1290	1311	постоянни медикаменти
endocrinology_hypothyroidism_37_BGgpt	SYMPTOM	1463	1479	неболезнена гуша
endocrinology_hypothyroidism_37_BGgpt	SYMPTOM	1561	1571	Рефлексите
endocrinology_hypothyroidism_37_BGgpt	PROCEDURE	1590	1610	Диагностични находки
endocrinology_hypothyroidism_37_BGgpt	DISEASE	1734	1749	хипотиреоидизъм
endocrinology_hypothyroidism_38_BGgpt	SYMPTOM	405	430	оплаквания от силна умора
endocrinology_hypothyroidism_38_BGgpt	SYMPTOM	432	450	наддаване на тегло
endocrinology_hypothyroidism_38_BGgpt	SYMPTOM	452	481	непоносимост към студ и запек
endocrinology_hypothyroidism_38_BGgpt	DISEASE	554	564	Анамнезата
endocrinology_hypothyroidism_38_BGgpt	SYMPTOM	616	662	липса на известни проблеми с щитовидната жлеза
endocrinology_hypothyroidism_38_BGgpt	DISEASE	664	682	Семейната анамнеза
endocrinology_hypothyroidism_38_BGgpt	DISEASE	696	711	хипотиреоидизъм
endocrinology_hypothyroidism_38_BGgpt	PROCEDURE	857	895	Първоначалните лабораторни изследвания
endocrinology_hypothyroidism_38_BGgpt	DISEASE	1059	1074	хипотиреоидизъм
endocrinology_hypothyroidism_38_BGgpt	PROCEDURE	1138	1148	Скринингът
endocrinology_hypothyroidism_38_BGgpt	DISEASE	1166	1195	нормоцитна-нормохромна анемия
endocrinology_hypothyroidism_38_BGgpt	DISEASE	1318	1333	хипотиреоидизъм
endocrinology_hypothyroidism_38_BGgpt	PROCEDURE	1415	1422	терапия
endocrinology_hypothyroidism_38_BGgpt	MEDICATION	1425	1437	Левотироксин
endocrinology_hypothyroidism_38_BGgpt	SYMPTOM	1525	1555	липсата на сърдечно заболяване
endocrinology_hypothyroidism_38_BGgpt	DISEASE	1589	1614	хипотиреоидното състояние
endocrinology_hypothyroidism_38_BGgpt	SYMPTOM	1628	1638	симптомите
endocrinology_hypothyroidism_38_BGgpt	SYMPTOM	2007	2030	признаци на предозиране
endocrinology_hypothyroidism_38_BGgpt	MEDICATION	2033	2045	Левотироксин
endocrinology_hypothyroidism_39_BGgpt	DISEASE	310	334	Първичен хипотиреоидизъм
endocrinology_hypothyroidism_39_BGgpt	SYMPTOM	459	467	симптоми
endocrinology_hypothyroidism_39_BGgpt	SYMPTOM	471	482	отпадналост
endocrinology_hypothyroidism_39_BGgpt	SYMPTOM	484	502	наддаване на тегло
endocrinology_hypothyroidism_39_BGgpt	SYMPTOM	505	526	непоносимост към студ
endocrinology_hypothyroidism_39_BGgpt	PROCEDURE	571	589	обективния преглед
endocrinology_hypothyroidism_39_BGgpt	SYMPTOM	613	624	брадикардия
endocrinology_hypothyroidism_39_BGgpt	SYMPTOM	658	686	дълбоките сухожилни рефлекси
endocrinology_hypothyroidism_39_BGgpt	PROCEDURE	696	714	клиничната картина
endocrinology_hypothyroidism_39_BGgpt	DISEASE	972	996	първичен хипотиреоидизъм
endocrinology_hypothyroidism_39_BGgpt	PROCEDURE	1012	1032	пълна кръвна картина
endocrinology_hypothyroidism_39_BGgpt	DISEASE	1046	1075	нормоцитна-нормохромна анемия
endocrinology_hypothyroidism_39_BGgpt	PROCEDURE	1207	1214	терапия
endocrinology_hypothyroidism_39_BGgpt	MEDICATION	1217	1229	левотироксин
endocrinology_hypothyroidism_39_BGgpt	MEDICATION	1443	1449	сутрин
endocrinology_hypothyroidism_39_BGgpt	SYMPTOM	1514	1524	симптомите
endocrinology_hypothyroidism_39_BGgpt	SYMPTOM	1578	1589	отпадналост
endocrinology_hypothyroidism_39_BGgpt	DISEASE	1625	1633	Анемията
endocrinology_hypothyroidism_3_BGgpt	DISEASE	262	286	Първичен хипотиреоидизъм
endocrinology_hypothyroidism_3_BGgpt	SYMPTOM	397	407	оплаквания
endocrinology_hypothyroidism_3_BGgpt	SYMPTOM	411	416	умора
endocrinology_hypothyroidism_3_BGgpt	SYMPTOM	418	436	наддаване на тегло
endocrinology_hypothyroidism_3_BGgpt	SYMPTOM	438	458	студена непоносимост
endocrinology_hypothyroidism_3_BGgpt	SYMPTOM	461	466	запек
endocrinology_hypothyroidism_3_BGgpt	PROCEDURE	641	648	терапия
endocrinology_hypothyroidism_3_BGgpt	OBSERVATION	673	689	Клинични находки
endocrinology_hypothyroidism_3_BGgpt	PROCEDURE	812	850	Първоначалните лабораторни изследвания
endocrinology_hypothyroidism_3_BGgpt	DISEASE	1063	1087	първичен хипотиреоидизъм
endocrinology_hypothyroidism_3_BGgpt	PROCEDURE	1327	1334	терапия
endocrinology_hypothyroidism_3_BGgpt	MEDICATION	1337	1349	Левотироксин
endocrinology_hypothyroidism_3_BGgpt	MEDICATION	1767	1779	левотироксин
endocrinology_hypothyroidism_3_BGgpt	SYMPTOM	1863	1885	студената непоносимост
endocrinology_hypothyroidism_3_BGgpt	PROCEDURE	1915	1946	Кардиоваскуларното проследяване
endocrinology_hypothyroidism_3_BGgpt	MEDICATION	2055	2067	левотироксин
endocrinology_hypothyroidism_40_BGgpt	DISEASE	403	414	отпадналост
endocrinology_hypothyroidism_40_BGgpt	SYMPTOM	416	434	наддаване на тегло
endocrinology_hypothyroidism_40_BGgpt	SYMPTOM	436	465	непоносимост към студ и запек
endocrinology_hypothyroidism_40_BGgpt	SYMPTOM	589	600	отпадналост
endocrinology_hypothyroidism_40_BGgpt	SYMPTOM	602	629	нежелано наддаване на тегло
endocrinology_hypothyroidism_40_BGgpt	SYMPTOM	679	719	повишена чувствителност към студ и запек
endocrinology_hypothyroidism_40_BGgpt	PROCEDURE	815	831	медицинска помощ
endocrinology_hypothyroidism_40_BGgpt	DISEASE	866	887	Артериална хипертония
endocrinology_hypothyroidism_40_BGgpt	DISEASE	890	910	Захарен диабет тип 2
endocrinology_hypothyroidism_40_BGgpt	MEDICATION	938	954	Метформин 500 mg
endocrinology_hypothyroidism_40_BGgpt	MEDICATION	973	989	Лизиноприл 20 mg
endocrinology_hypothyroidism_41_BGgpt	SYMPTOM	293	303	оплаквания
endocrinology_hypothyroidism_41_BGgpt	SYMPTOM	342	352	оплаквания
endocrinology_hypothyroidism_41_BGgpt	SYMPTOM	362	373	отпадналост
endocrinology_hypothyroidism_41_BGgpt	SYMPTOM	375	391	наднормено тегло
endocrinology_hypothyroidism_41_BGgpt	SYMPTOM	393	414	непоносимост към студ
endocrinology_hypothyroidism_41_BGgpt	SYMPTOM	417	426	суха кожа
endocrinology_hypothyroidism_41_BGgpt	SYMPTOM	627	637	оплаквания
endocrinology_hypothyroidism_41_BGgpt	SYMPTOM	641	652	отпадналост
endocrinology_hypothyroidism_41_BGgpt	SYMPTOM	654	676	необяснимо напълняване
endocrinology_hypothyroidism_41_BGgpt	SYMPTOM	678	683	запек
endocrinology_hypothyroidism_41_BGgpt	SYMPTOM	686	707	непоносимост към студ
endocrinology_hypothyroidism_41_BGgpt	PROCEDURE	957	975	физикалния преглед
endocrinology_hypothyroidism_41_BGgpt	OBSERVATION	1276	1296	Диагностични находки
endocrinology_hypothyroidism_41_BGgpt	MEDICATION	1372	1383	Свободен Т4
endocrinology_hypothyroidism_41_BGgpt	MEDICATION	1449	1459	Серумен Т3
endocrinology_hypothyroidism_41_BGgpt	DISEASE	1554	1583	Нормоцитна-нормохромна анемия
endocrinology_hypothyroidism_41_BGgpt	MEDICATION	1589	1607	Серумен холестерол
endocrinology_hypothyroidism_42_BGgpt	SYMPTOM	387	401	изразена умора
endocrinology_hypothyroidism_42_BGgpt	SYMPTOM	403	421	наддаване на тегло
endocrinology_hypothyroidism_42_BGgpt	SYMPTOM	423	444	непоносимост към студ
endocrinology_hypothyroidism_42_BGgpt	SYMPTOM	447	452	запек
endocrinology_hypothyroidism_42_BGgpt	SYMPTOM	518	549	постепенно увеличаваща се умора
endocrinology_hypothyroidism_42_BGgpt	SYMPTOM	551	580	необяснимо наддаване на тегло
endocrinology_hypothyroidism_42_BGgpt	SYMPTOM	583	604	непоносимост към студ
endocrinology_hypothyroidism_42_BGgpt	SYMPTOM	655	660	запек
endocrinology_hypothyroidism_42_BGgpt	SYMPTOM	679	687	симптоми
endocrinology_hypothyroidism_42_BGgpt	PROCEDURE	1001	1021	Диагностични находки
endocrinology_hypothyroidism_42_BGgpt	DISEASE	1260	1278	нормохромна анемия
endocrinology_hypothyroidism_42_BGgpt	DISEASE	1329	1353	първичен хипотиреоидизъм
endocrinology_hypothyroidism_42_BGgpt	PROCEDURE	1435	1442	терапия
endocrinology_hypothyroidism_42_BGgpt	MEDICATION	1445	1457	левотироксин
endocrinology_hypothyroidism_42_BGgpt	SYMPTOM	1572	1580	симптоми
endocrinology_hypothyroidism_43_BGgpt	DISEASE	329	353	Първичен хипотиреоидизъм
endocrinology_hypothyroidism_43_BGgpt	DISEASE	382	411	Нормоцитна-нормохромна анемия
endocrinology_hypothyroidism_43_BGgpt	DISEASE	413	432	Хиперхолестеролемия
endocrinology_hypothyroidism_43_BGgpt	DISEASE	441	449	Анамнеза
endocrinology_hypothyroidism_43_BGgpt	SYMPTOM	576	593	симптоми на умора
endocrinology_hypothyroidism_43_BGgpt	SYMPTOM	595	613	покачване на тегло
endocrinology_hypothyroidism_43_BGgpt	SYMPTOM	616	637	непоносимост към студ
endocrinology_hypothyroidism_43_BGgpt	PROCEDURE	848	859	Изследвания
endocrinology_hypothyroidism_43_BGgpt	PROCEDURE	889	907	кръвни изследвания
endocrinology_hypothyroidism_43_BGgpt	MEDICATION	1022	1039	свободен тироксин
endocrinology_hypothyroidism_43_BGgpt	DISEASE	1113	1137	първичен хипотиреоидизъм
endocrinology_hypothyroidism_43_BGgpt	PROCEDURE	1193	1206	Изследванията
endocrinology_hypothyroidism_43_BGgpt	MEDICATION	1226	1236	хемоглобин
endocrinology_hypothyroidism_43_BGgpt	DISEASE	1251	1281	нормоцитна-нормохромна картина
endocrinology_hypothyroidism_43_BGgpt	DISEASE	1368	1392	първичен хипотиреоидизъм
endocrinology_hypothyroidism_43_BGgpt	DISEASE	1404	1433	нормоцитна-нормохромна анемия
endocrinology_hypothyroidism_43_BGgpt	DISEASE	1436	1455	хиперхолестеролемия
endocrinology_hypothyroidism_43_BGgpt	PROCEDURE	1463	1470	Лечение
endocrinology_hypothyroidism_43_BGgpt	PROCEDURE	1509	1516	лечение
endocrinology_hypothyroidism_43_BGgpt	MEDICATION	1519	1531	Левотироксин
endocrinology_hypothyroidism_43_BGgpt	MEDICATION	1659	1665	статин
endocrinology_hypothyroidism_43_BGgpt	PROCEDURE	1714	1743	хормонозаместителната терапия
endocrinology_hypothyroidism_44_BGgpt	DISEASE	157	186	Подозрение за хипотиреоидизъм
endocrinology_hypothyroidism_44_BGgpt	DISEASE	215	239	Първичен хипотиреоидизъм
endocrinology_hypothyroidism_44_BGgpt	SYMPTOM	486	491	умора
endocrinology_hypothyroidism_44_BGgpt	SYMPTOM	493	509	качване на тегло
endocrinology_hypothyroidism_44_BGgpt	SYMPTOM	512	533	непоносимост към студ
endocrinology_hypothyroidism_44_BGgpt	PROCEDURE	628	635	преглед
endocrinology_hypothyroidism_44_BGgpt	SYMPTOM	651	660	суха кожа
endocrinology_hypothyroidism_44_BGgpt	SYMPTOM	662	673	брадикардия
endocrinology_hypothyroidism_44_BGgpt	SYMPTOM	676	703	забавени ахилесови рефлекси
endocrinology_hypothyroidism_44_BGgpt	DISEASE	985	1009	първичен хипотиреоидизъм
endocrinology_hypothyroidism_44_BGgpt	PROCEDURE	1175	1199	Допълнителни изследвания
endocrinology_hypothyroidism_44_BGgpt	PROCEDURE	1267	1274	лечение
endocrinology_hypothyroidism_44_BGgpt	DISEASE	1299	1323	първичен хипотиреоидизъм
endocrinology_hypothyroidism_44_BGgpt	PROCEDURE	1352	1359	терапия
endocrinology_hypothyroidism_44_BGgpt	MEDICATION	1362	1374	левотироксин
endocrinology_hypothyroidism_44_BGgpt	PROCEDURE	1406	1415	Лечението
endocrinology_hypothyroidism_44_BGgpt	MEDICATION	1418	1430	левотироксин
endocrinology_hypothyroidism_44_BGgpt	SYMPTOM	1713	1718	умора
endocrinology_hypothyroidism_44_BGgpt	MEDICATION	1781	1794	левотироксина
endocrinology_hypothyroidism_45_BGgpt	DISEASE	272	296	Първичен хипотиреоидизъм
endocrinology_hypothyroidism_45_BGgpt	PROCEDURE	496	517	Първоначалната оценка
endocrinology_hypothyroidism_45_BGgpt	SYMPTOM	609	617	анамнеза
endocrinology_hypothyroidism_45_BGgpt	SYMPTOM	619	638	обективно състояние
endocrinology_hypothyroidism_45_BGgpt	PROCEDURE	641	664	лабораторни изследвания
endocrinology_hypothyroidism_45_BGgpt	DISEASE	977	1001	първичен хипотиреоидизъм
endocrinology_hypothyroidism_45_BGgpt	PROCEDURE	1057	1081	Допълнителни изследвания
endocrinology_hypothyroidism_45_BGgpt	DISEASE	1091	1120	нормоцитна нормохромна анемия
endocrinology_hypothyroidism_45_BGgpt	DISEASE	1211	1235	първичен хипотиреоидизъм
endocrinology_hypothyroidism_45_BGgpt	PROCEDURE	1267	1274	лечение
endocrinology_hypothyroidism_45_BGgpt	PROCEDURE	1347	1354	лечение
endocrinology_hypothyroidism_45_BGgpt	MEDICATION	1357	1369	Левотироксин
endocrinology_hypothyroidism_46_BGgpt	SYMPTOM	332	337	умора
endocrinology_hypothyroidism_46_BGgpt	SYMPTOM	360	381	непоносимост към студ
endocrinology_hypothyroidism_46_BGgpt	SYMPTOM	507	512	умора
endocrinology_hypothyroidism_46_BGgpt	SYMPTOM	514	543	необяснимо покачване на тегло
endocrinology_hypothyroidism_46_BGgpt	SYMPTOM	583	604	непоносимост към студ
endocrinology_hypothyroidism_46_BGgpt	SYMPTOM	606	611	запек
endocrinology_hypothyroidism_46_BGgpt	DISEASE	656	666	хипертония
endocrinology_hypothyroidism_46_BGgpt	MEDICATION	688	698	Лизиноприл
endocrinology_hypothyroidism_46_BGgpt	PROCEDURE	984	1008	Диагностични изследвания
endocrinology_hypothyroidism_46_BGgpt	DISEASE	1284	1299	хипотиреоидизъм
endocrinology_hypothyroidism_46_BGgpt	DISEASE	1560	1581	тиреоидна пероксидаза
endocrinology_hypothyroidism_46_BGgpt	DISEASE	1605	1620	хипотиреоидизъм
endocrinology_hypothyroidism_46_BGgpt	PROCEDURE	1622	1625	ЕКГ
endocrinology_hypothyroidism_46_BGgpt	DISEASE	1657	1667	хипертония
endocrinology_hypothyroidism_46_BGgpt	PROCEDURE	1736	1745	лечението
endocrinology_hypothyroidism_47_BGgpt	SYMPTOM	343	354	силна умора
endocrinology_hypothyroidism_47_BGgpt	SYMPTOM	356	374	наддаване на тегло
endocrinology_hypothyroidism_47_BGgpt	SYMPTOM	377	398	непоносимост към студ
endocrinology_hypothyroidism_47_BGgpt	SYMPTOM	466	471	запек
endocrinology_hypothyroidism_47_BGgpt	DISEASE	490	511	Артериална хипертония
endocrinology_hypothyroidism_47_BGgpt	MEDICATION	528	539	медикаменти
endocrinology_hypothyroidism_47_BGgpt	OBSERVATION	754	771	Физикални находки
endocrinology_hypothyroidism_47_BGgpt	SYMPTOM	773	782	Суха кожа
endocrinology_hypothyroidism_47_BGgpt	SYMPTOM	784	808	забавен ахилесов рефлекс
endocrinology_hypothyroidism_47_BGgpt	SYMPTOM	811	848	лек непитинг едем на долните крайници
endocrinology_hypothyroidism_47_BGgpt	PROCEDURE	1081	1111	Ехография на щитовидната жлеза
endocrinology_hypothyroidism_47_BGgpt	DISEASE	1113	1138	Хомогенна щитовидна жлеза
endocrinology_hypothyroidism_47_BGgpt	DISEASE	1202	1226	първичен хипотиреоидизъм
endocrinology_hypothyroidism_47_BGgpt	SYMPTOM	1282	1301	клиничните симптоми
endocrinology_hypothyroidism_47_BGgpt	PROCEDURE	1313	1322	лечението
endocrinology_hypothyroidism_47_BGgpt	DISEASE	1421	1445	първичен хипотиреоидизъм
endocrinology_hypothyroidism_47_BGgpt	PROCEDURE	1459	1466	лечение
endocrinology_hypothyroidism_47_BGgpt	MEDICATION	1469	1481	Левотироксин
endocrinology_hypothyroidism_47_BGgpt	PROCEDURE	1681	1690	лечението
endocrinology_hypothyroidism_47_BGgpt	PROCEDURE	1718	1727	терапията
endocrinology_hypothyroidism_47_BGgpt	DISEASE	1731	1752	артериална хипертония
endocrinology_hypothyroidism_47_BGgpt	MEDICATION	1828	1839	Медикаменти
endocrinology_hypothyroidism_48_BGgpt	DISEASE	303	327	Първичен хипотиреоидизъм
endocrinology_hypothyroidism_48_BGgpt	SYMPTOM	463	482	оплаквания от умора
endocrinology_hypothyroidism_48_BGgpt	SYMPTOM	484	502	наддаване на тегло
endocrinology_hypothyroidism_48_BGgpt	SYMPTOM	504	544	повишена чувствителност към студ и запек
endocrinology_hypothyroidism_48_BGgpt	PROCEDURE	841	860	физикалният преглед
endocrinology_hypothyroidism_48_BGgpt	SYMPTOM	952	986	непитичен оток на долните крайници
endocrinology_hypothyroidism_48_BGgpt	PROCEDURE	1011	1034	Лабораторни изследвания
endocrinology_hypothyroidism_48_BGgpt	PROCEDURE	1068	1088	Кръвните изследвания
endocrinology_hypothyroidism_48_BGgpt	DISEASE	1283	1307	първичен хипотиреоидизъм
endocrinology_hypothyroidism_48_BGgpt	PROCEDURE	1468	1492	Допълнителни изследвания
endocrinology_hypothyroidism_48_BGgpt	PROCEDURE	1658	1665	Лечение
endocrinology_hypothyroidism_48_BGgpt	DISEASE	1693	1717	първичен хипотиреоидизъм
endocrinology_hypothyroidism_48_BGgpt	PROCEDURE	1731	1738	лечение
endocrinology_hypothyroidism_48_BGgpt	MEDICATION	1741	1753	левотироксин
endocrinology_hypothyroidism_49_BGgpt	DISEASE	247	271	Първичен хипотиреоидизъм
endocrinology_hypothyroidism_49_BGgpt	SYMPTOM	389	400	отпадналост
endocrinology_hypothyroidism_49_BGgpt	SYMPTOM	402	413	напълняване
endocrinology_hypothyroidism_49_BGgpt	SYMPTOM	416	437	непоносимост към студ
endocrinology_hypothyroidism_49_BGgpt	PROCEDURE	485	502	обективен преглед
endocrinology_hypothyroidism_49_BGgpt	SYMPTOM	517	526	суха кожа
endocrinology_hypothyroidism_49_BGgpt	SYMPTOM	528	539	брадикардия
endocrinology_hypothyroidism_49_BGgpt	PROCEDURE	903	936	Лабораторни и образни изследвания
endocrinology_hypothyroidism_49_BGgpt	PROCEDURE	952	975	лабораторни изследвания
endocrinology_hypothyroidism_49_BGgpt	DISEASE	1185	1209	първичен хипотиреоидизъм
endocrinology_hypothyroidism_49_BGgpt	DISEASE	1273	1279	анемия
endocrinology_hypothyroidism_49_BGgpt	PROCEDURE	1489	1496	Лечение
endocrinology_hypothyroidism_49_BGgpt	PROCEDURE	1499	1506	терапия
endocrinology_hypothyroidism_49_BGgpt	PROCEDURE	1549	1556	лечение
endocrinology_hypothyroidism_49_BGgpt	MEDICATION	1559	1571	левотироксин
endocrinology_hypothyroidism_49_BGgpt	PROCEDURE	1969	1978	лечението
endocrinology_hypothyroidism_49_BGgpt	PROCEDURE	2007	2016	лечението
endocrinology_hypothyroidism_49_BGgpt	SYMPTOM	2047	2058	отпадналост
endocrinology_hypothyroidism_49_BGgpt	SYMPTOM	2061	2082	непоносимост към студ
endocrinology_hypothyroidism_4_BGgpt	DISEASE	277	301	Първичен хипотиреоидизъм
endocrinology_hypothyroidism_4_BGgpt	SYMPTOM	437	442	умора
endocrinology_hypothyroidism_4_BGgpt	SYMPTOM	457	462	тегло
endocrinology_hypothyroidism_4_BGgpt	SYMPTOM	465	485	студова непоносимост
endocrinology_hypothyroidism_4_BGgpt	PROCEDURE	732	750	кръвни изследвания
endocrinology_hypothyroidism_4_BGgpt	DISEASE	917	941	първичен хипотиреоидизъм
endocrinology_hypothyroidism_4_BGgpt	DISEASE	1000	1006	анемия
endocrinology_hypothyroidism_4_BGgpt	DISEASE	1154	1178	първичен хипотиреоидизъм
endocrinology_hypothyroidism_4_BGgpt	PROCEDURE	1193	1200	лечение
endocrinology_hypothyroidism_4_BGgpt	PROCEDURE	1225	1232	лечение
endocrinology_hypothyroidism_4_BGgpt	MEDICATION	1235	1247	левотироксин
endocrinology_hypothyroidism_4_BGgpt	MEDICATION	1515	1527	левотироксин
endocrinology_hypothyroidism_4_BGgpt	SYMPTOM	1655	1660	умора
endocrinology_hypothyroidism_4_BGgpt	SYMPTOM	1663	1683	студова непоносимост
endocrinology_hypothyroidism_4_BGgpt	MEDICATION	1762	1774	левотироксин
endocrinology_hypothyroidism_4_BGgpt	PROCEDURE	1859	1876	кръвно изследване
endocrinology_hypothyroidism_5_BGgpt	SYMPTOM	334	344	оплаквания
endocrinology_hypothyroidism_5_BGgpt	SYMPTOM	348	359	силна умора
endocrinology_hypothyroidism_5_BGgpt	SYMPTOM	361	372	напълняване
endocrinology_hypothyroidism_5_BGgpt	SYMPTOM	374	395	непоносимост към студ
endocrinology_hypothyroidism_5_BGgpt	SYMPTOM	398	403	запек
endocrinology_hypothyroidism_5_BGgpt	SYMPTOM	405	415	Симптомите
endocrinology_hypothyroidism_5_BGgpt	DISEASE	500	515	хипотиреоидизъм
endocrinology_hypothyroidism_5_BGgpt	PROCEDURE	556	563	лечение
endocrinology_hypothyroidism_5_BGgpt	SYMPTOM	584	619	Няма данни за алергии към лекарства
endocrinology_hypothyroidism_5_BGgpt	DISEASE	624	644	Захарен диабет тип 2
endocrinology_hypothyroidism_5_BGgpt	MEDICATION	660	669	метформин
endocrinology_hypothyroidism_5_BGgpt	DISEASE	697	718	Артериална хипертония
endocrinology_hypothyroidism_5_BGgpt	MEDICATION	735	745	лизиноприл
endocrinology_hypothyroidism_5_BGgpt	PROCEDURE	886	906	пълна кръвна картина
endocrinology_hypothyroidism_5_BGgpt	PROCEDURE	908	911	ПКК
endocrinology_hypothyroidism_5_BGgpt	MEDICATION	977	990	трийодтиронин
endocrinology_hypothyroidism_5_BGgpt	PROCEDURE	997	1000	ПКК
endocrinology_hypothyroidism_5_BGgpt	MEDICATION	1064	1074	Хемоглобин
endocrinology_hypothyroidism_5_BGgpt	DISEASE	1369	1384	хипотиреоидизъм
endocrinology_hypothyroidism_5_BGgpt	PROCEDURE	1424	1433	лечението
endocrinology_hypothyroidism_5_BGgpt	PROCEDURE	1466	1473	лечение
endocrinology_hypothyroidism_5_BGgpt	MEDICATION	1476	1488	левотироксин
endocrinology_hypothyroidism_5_BGgpt	SYMPTOM	1570	1600	липсата на сърдечно заболяване
endocrinology_hypothyroidism_5_BGgpt	PROCEDURE	1641	1648	лечение
endocrinology_hypothyroidism_5_BGgpt	DISEASE	1652	1667	хипотиреоидизъм
endocrinology_hypothyroidism_5_BGgpt	MEDICATION	1669	1678	Метформин
endocrinology_hypothyroidism_5_BGgpt	MEDICATION	1681	1691	лизиноприл
endocrinology_hypothyroidism_6_BGgpt	SYMPTOM	309	317	симптоми
endocrinology_hypothyroidism_6_BGgpt	SYMPTOM	321	326	умора
endocrinology_hypothyroidism_6_BGgpt	SYMPTOM	328	349	повишаване на теглото
endocrinology_hypothyroidism_6_BGgpt	SYMPTOM	351	356	запек
endocrinology_hypothyroidism_6_BGgpt	SYMPTOM	359	379	студова непоносимост
endocrinology_hypothyroidism_6_BGgpt	PROCEDURE	394	412	кръвни изследвания
endocrinology_hypothyroidism_6_BGgpt	DISEASE	638	662	първичен хипотиреоидизъм
endocrinology_hypothyroidism_6_BGgpt	DISEASE	727	733	анемия
endocrinology_hypothyroidism_6_BGgpt	DISEASE	888	912	първичен хипотиреоидизъм
endocrinology_hypothyroidism_6_BGgpt	PROCEDURE	993	1000	терапия
endocrinology_hypothyroidism_6_BGgpt	MEDICATION	1003	1015	Левотироксин
endocrinology_hypothyroidism_6_BGgpt	PROCEDURE	1382	1399	кръвно изследване
endocrinology_hypothyroidism_6_BGgpt	MEDICATION	1587	1599	Левотироксин
endocrinology_hypothyroidism_7_BGgpt	SYMPTOM	390	404	хронична умора
endocrinology_hypothyroidism_7_BGgpt	SYMPTOM	406	424	покачване на тегло
endocrinology_hypothyroidism_7_BGgpt	SYMPTOM	427	448	непоносимост към студ
endocrinology_hypothyroidism_7_BGgpt	PROCEDURE	479	500	Първоначалната оценка
endocrinology_hypothyroidism_7_BGgpt	PROCEDURE	536	539	ПКК
endocrinology_hypothyroidism_7_BGgpt	PROCEDURE	542	586	изследване на функцията на щитовидната жлеза
endocrinology_hypothyroidism_7_BGgpt	DISEASE	606	626	щитовидна дисфункция
endocrinology_hypothyroidism_7_BGgpt	PROCEDURE	663	707	Изследване на функцията на щитовидната жлеза
endocrinology_hypothyroidism_7_BGgpt	MEDICATION	865	891	Серумен трийодтиронин (T3)
endocrinology_hypothyroidism_7_BGgpt	PROCEDURE	907	910	ПКК
endocrinology_hypothyroidism_7_BGgpt	DISEASE	1093	1117	първичен хипотиреоидизъм
endocrinology_hypothyroidism_7_BGgpt	PROCEDURE	1269	1276	Терапия
endocrinology_hypothyroidism_7_BGgpt	MEDICATION	1279	1291	левотироксин
endocrinology_hypothyroidism_7_BGgpt	MEDICATION	1654	1667	левотироксина
endocrinology_hypothyroidism_7_BGgpt	SYMPTOM	1721	1731	Симптомите
endocrinology_hypothyroidism_7_BGgpt	MEDICATION	1867	1879	левотироксин
endocrinology_hypothyroidism_8_BGgpt	DISEASE	271	295	Първичен хипотиреоидизъм
endocrinology_hypothyroidism_8_BGgpt	DISEASE	321	350	Нормоцитна-нормохромна анемия
endocrinology_hypothyroidism_8_BGgpt	SYMPTOM	473	481	симптоми
endocrinology_hypothyroidism_8_BGgpt	SYMPTOM	485	496	отпадналост
endocrinology_hypothyroidism_8_BGgpt	SYMPTOM	498	516	наддаване на тегло
endocrinology_hypothyroidism_8_BGgpt	SYMPTOM	518	539	непоносимост към студ
endocrinology_hypothyroidism_8_BGgpt	SYMPTOM	542	547	запек
endocrinology_hypothyroidism_8_BGgpt	OBSERVATION	738	754	Клинични находки
endocrinology_hypothyroidism_8_BGgpt	PROCEDURE	872	910	Първоначалните лабораторни изследвания
endocrinology_hypothyroidism_8_BGgpt	DISEASE	1096	1120	първичен хипотиреоидизъм
endocrinology_hypothyroidism_8_BGgpt	DISEASE	1193	1222	нормоцитна-нормохромна анемия
endocrinology_hypothyroidism_8_BGgpt	PROCEDURE	1397	1404	терапия
endocrinology_hypothyroidism_8_BGgpt	MEDICATION	1407	1419	левотироксин
endocrinology_hypothyroidism_8_BGgpt	MEDICATION	1764	1776	левотироксин
endocrinology_hypothyroidism_9_BGgpt	SYMPTOM	325	330	умора
endocrinology_hypothyroidism_9_BGgpt	SYMPTOM	332	353	повишаване на теглото
endocrinology_hypothyroidism_9_BGgpt	SYMPTOM	356	376	студова непоносимост
endocrinology_hypothyroidism_9_BGgpt	SYMPTOM	442	447	умора
endocrinology_hypothyroidism_9_BGgpt	SYMPTOM	460	481	повишаване на теглото
endocrinology_hypothyroidism_9_BGgpt	DISEASE	774	784	Хипертония
endocrinology_hypothyroidism_9_BGgpt	PROCEDURE	961	984	лабораторни изследвания
endocrinology_hypothyroidism_9_BGgpt	PROCEDURE	998	1018	пълна кръвна картина
endocrinology_hypothyroidism_9_BGgpt	PROCEDURE	1020	1023	ПКК
endocrinology_hypothyroidism_9_BGgpt	PROCEDURE	1026	1044	серумен холестерол
endocrinology_hypothyroidism_9_BGgpt	PROCEDURE	1340	1343	ПКК
endocrinology_hypothyroidism_9_BGgpt	PROCEDURE	1378	1396	Серумен холестерол
endocrinology_hypothyroidism_9_BGgpt	SYMPTOM	1398	1405	Повишен
endocrinology_hypothyroidism_9_BGgpt	DISEASE	1437	1452	хипотиреоидизъм
endocrinology_hypothyroidism_9_BGgpt	DISEASE	1465	1476	повишен ТСХ
endocrinology_hypothyroidism_9_BGgpt	DISEASE	1561	1576	хипотиреоидизъм
endocrinology_hypothyroidism_9_BGgpt	PROCEDURE	1602	1609	терапия
endocrinology_hypothyroidism_9_BGgpt	MEDICATION	1612	1624	левотироксин
endocrinology_hypothyroidism_9_BGgpt	PROCEDURE	1858	1867	терапията
endocrinology_hypothyroidism_9_BGgpt	DISEASE	1871	1881	хипертония
endocrinology_hypothyroidism_9_BGgpt	DISEASE	1926	1943	абсорбцията на Т4
endocrinology_hypothyroidism_9_BGgpt	PROCEDURE	2034	2041	терапия
endocrinology_type 1 diabetes_0_BGgpt	DISEASE	338	358	Захарен диабет тип 1
endocrinology_type 1 diabetes_0_BGgpt	SYMPTOM	568	576	полиурия
endocrinology_type 1 diabetes_0_BGgpt	SYMPTOM	578	588	полидипсия
endocrinology_type 1 diabetes_0_BGgpt	SYMPTOM	591	618	неволно отслабване на тегло
endocrinology_type 1 diabetes_0_BGgpt	PROCEDURE	688	700	кръвни проби
endocrinology_type 1 diabetes_0_BGgpt	PROCEDURE	704	726	лабораторно изследване
endocrinology_type 1 diabetes_0_BGgpt	DISEASE	851	871	Захарен диабет тип 1
endocrinology_type 1 diabetes_0_BGgpt	PROCEDURE	896	908	кетонни тела
endocrinology_type 1 diabetes_0_BGgpt	PROCEDURE	943	962	допълнителна оценка
endocrinology_type 1 diabetes_0_BGgpt	PROCEDURE	1107	1123	хранителен режим
endocrinology_type 1 diabetes_0_BGgpt	PROCEDURE	1146	1168	медикаментозно лечение
endocrinology_type 1 diabetes_0_BGgpt	PROCEDURE	1171	1201	мониториране на кръвната захар
endocrinology_type 1 diabetes_0_BGgpt	PROCEDURE	1230	1248	инсулинова терапия
endocrinology_type 1 diabetes_0_BGgpt	PROCEDURE	1252	1273	базално-болусен режим
endocrinology_type 1 diabetes_0_BGgpt	MEDICATION	1275	1290	Инсулин детемир
endocrinology_type 1 diabetes_0_BGgpt	MEDICATION	1310	1325	базален инсулин
endocrinology_type 1 diabetes_0_BGgpt	MEDICATION	1376	1390	Инсулин лизпро
endocrinology_type 1 diabetes_10_BGgpt	SYMPTOM	619	635	прекомерна жажда
endocrinology_type 1 diabetes_10_BGgpt	SYMPTOM	637	652	често уриниране
endocrinology_type 1 diabetes_10_BGgpt	SYMPTOM	654	680	необяснима загуба на тегло
endocrinology_type 1 diabetes_10_BGgpt	SYMPTOM	683	702	общо неразположение
endocrinology_type 1 diabetes_10_BGgpt	OBSERVATION	712	730	клиничната картина
endocrinology_type 1 diabetes_10_BGgpt	PROCEDURE	743	753	изследване
endocrinology_type 1 diabetes_10_BGgpt	DISEASE	757	771	захарен диабет
endocrinology_type 1 diabetes_10_BGgpt	PROCEDURE	824	835	изследвания
endocrinology_type 1 diabetes_10_BGgpt	SYMPTOM	839	856	глюкоза на гладно
endocrinology_type 1 diabetes_10_BGgpt	DISEASE	999	1013	захарен диабет
endocrinology_type 1 diabetes_10_BGgpt	OBSERVATION	1040	1058	клиничната картина
endocrinology_type 1 diabetes_10_BGgpt	DISEASE	1080	1100	Захарен диабет тип 1
endocrinology_type 1 diabetes_10_BGgpt	DISEASE	1102	1110	ЗД тип 1
endocrinology_type 1 diabetes_10_BGgpt	PROCEDURE	1226	1256	Орален глюкозо-толерантен тест
endocrinology_type 1 diabetes_10_BGgpt	PROCEDURE	1258	1262	ОГТТ
endocrinology_type 1 diabetes_10_BGgpt	SYMPTOM	1330	1355	Случайна плазмена глюкоза
endocrinology_type 1 diabetes_10_BGgpt	PROCEDURE	1430	1441	изследвания
endocrinology_type 1 diabetes_10_BGgpt	DISEASE	1560	1568	ЗД тип 1
endocrinology_type 1 diabetes_10_BGgpt	PROCEDURE	1690	1708	инсулинова терапия
endocrinology_type 1 diabetes_10_BGgpt	PROCEDURE	1756	1777	базално-болусен режим
endocrinology_type 1 diabetes_10_BGgpt	MEDICATION	1809	1824	Базален инсулин
endocrinology_type 1 diabetes_10_BGgpt	MEDICATION	1826	1833	Гларгин
endocrinology_type 1 diabetes_11_BGgpt	SYMPTOM	383	393	оплаквания
endocrinology_type 1 diabetes_11_BGgpt	SYMPTOM	397	405	полиурия
endocrinology_type 1 diabetes_11_BGgpt	SYMPTOM	407	417	полидипсия
endocrinology_type 1 diabetes_11_BGgpt	SYMPTOM	420	455	значителна нежелана загуба на тегло
endocrinology_type 1 diabetes_11_BGgpt	SYMPTOM	514	527	нощна енуреза
endocrinology_type 1 diabetes_11_BGgpt	SYMPTOM	530	546	замъглено зрение
endocrinology_type 1 diabetes_11_BGgpt	SYMPTOM	567	577	оплаквания
endocrinology_type 1 diabetes_11_BGgpt	OBSERVATION	590	612	предварителна диагноза
endocrinology_type 1 diabetes_11_BGgpt	DISEASE	994	1008	захарен диабет
endocrinology_type 1 diabetes_11_BGgpt	PROCEDURE	1145	1175	Орален глюкозо-толерантен тест
endocrinology_type 1 diabetes_11_BGgpt	PROCEDURE	1177	1181	ОГТТ
endocrinology_type 1 diabetes_11_BGgpt	MEDICATION	1252	1260	C-пептид
endocrinology_type 1 diabetes_11_BGgpt	MEDICATION	1316	1323	инсулин
endocrinology_type 1 diabetes_11_BGgpt	MEDICATION	1331	1343	Автоантитела
endocrinology_type 1 diabetes_11_BGgpt	MEDICATION	1414	1418	GADA
endocrinology_type 1 diabetes_11_BGgpt	DISEASE	1435	1449	захарен диабет
endocrinology_type 1 diabetes_11_BGgpt	DISEASE	1463	1488	Случайна плазмена глюкоза
endocrinology_type 1 diabetes_11_BGgpt	PROCEDURE	1647	1659	рехидратация
endocrinology_type 1 diabetes_12_BGgpt	DISEASE	254	274	Захарен диабет тип 1
endocrinology_type 1 diabetes_12_BGgpt	DISEASE	313	321	Анамнеза
endocrinology_type 1 diabetes_12_BGgpt	SYMPTOM	464	472	полиурия
endocrinology_type 1 diabetes_12_BGgpt	SYMPTOM	474	484	полидипсия
endocrinology_type 1 diabetes_12_BGgpt	SYMPTOM	487	513	необяснима загуба на тегло
endocrinology_type 1 diabetes_12_BGgpt	DISEASE	536	554	Фамилната анамнеза
endocrinology_type 1 diabetes_12_BGgpt	DISEASE	592	612	захарен диабет тип 1
endocrinology_type 1 diabetes_12_BGgpt	PROCEDURE	664	683	Диагностична оценка
endocrinology_type 1 diabetes_12_BGgpt	PROCEDURE	735	755	диагностични тестове
endocrinology_type 1 diabetes_12_BGgpt	PROCEDURE	793	796	КЗГ
endocrinology_type 1 diabetes_12_BGgpt	PROCEDURE	910	940	Орален глюкозо-толерантен тест
endocrinology_type 1 diabetes_12_BGgpt	PROCEDURE	942	946	ОГТТ
endocrinology_type 1 diabetes_12_BGgpt	PROCEDURE	1003	1006	КЗГ
endocrinology_type 1 diabetes_12_BGgpt	DISEASE	1129	1149	захарен диабет тип 1
endocrinology_type 1 diabetes_12_BGgpt	PROCEDURE	1199	1217	инсулинова терапия
endocrinology_type 1 diabetes_12_BGgpt	DISEASE	1235	1250	хипергликемията
endocrinology_type 1 diabetes_12_BGgpt	DISEASE	1272	1283	кетоацидоза
endocrinology_type 1 diabetes_12_BGgpt	MEDICATION	1356	1371	Инсулин гларгин
endocrinology_type 1 diabetes_12_BGgpt	MEDICATION	1427	1441	Инсулин лиспро
endocrinology_type 1 diabetes_13_BGgpt	SYMPTOM	298	306	полиурия
endocrinology_type 1 diabetes_13_BGgpt	SYMPTOM	308	318	полидипсия
endocrinology_type 1 diabetes_13_BGgpt	SYMPTOM	320	346	необяснима загуба на тегло
endocrinology_type 1 diabetes_13_BGgpt	SYMPTOM	349	365	обща отпадналост
endocrinology_type 1 diabetes_13_BGgpt	SYMPTOM	411	419	Анамнеза
endocrinology_type 1 diabetes_13_BGgpt	SYMPTOM	472	489	подробна анамнеза
endocrinology_type 1 diabetes_13_BGgpt	PROCEDURE	503	520	физикален преглед
endocrinology_type 1 diabetes_13_BGgpt	DISEASE	687	701	захарен диабет
endocrinology_type 1 diabetes_13_BGgpt	PROCEDURE	751	769	физикалния преглед
endocrinology_type 1 diabetes_13_BGgpt	PROCEDURE	947	951	КЗНГ
endocrinology_type 1 diabetes_13_BGgpt	PROCEDURE	1039	1068	Орален глюкозотолерантен тест
endocrinology_type 1 diabetes_13_BGgpt	PROCEDURE	1070	1074	ОГТТ
endocrinology_type 1 diabetes_13_BGgpt	PROCEDURE	1148	1152	КЗНГ
endocrinology_type 1 diabetes_13_BGgpt	MEDICATION	1268	1276	C-пептид
endocrinology_type 1 diabetes_13_BGgpt	DISEASE	1434	1454	захарен диабет тип 1
endocrinology_type 1 diabetes_13_BGgpt	PROCEDURE	1543	1561	инсулинова терапия
endocrinology_type 1 diabetes_13_BGgpt	PROCEDURE	1653	1671	инсулинова терапия
endocrinology_type 1 diabetes_13_BGgpt	MEDICATION	1688	1703	Инсулин гларгин
endocrinology_type 1 diabetes_13_BGgpt	MEDICATION	1765	1779	Инсулин лиспро
endocrinology_type 1 diabetes_13_BGgpt	PROCEDURE	1945	1965	инсулиновата терапия
endocrinology_type 1 diabetes_14_BGgpt	SYMPTOM	373	401	силна и неконтролирана жажда
endocrinology_type 1 diabetes_14_BGgpt	SYMPTOM	554	564	полидипсия
endocrinology_type 1 diabetes_14_BGgpt	SYMPTOM	566	574	полиурия
endocrinology_type 1 diabetes_14_BGgpt	SYMPTOM	577	586	полифагия
endocrinology_type 1 diabetes_14_BGgpt	SYMPTOM	613	623	Симптомите
endocrinology_type 1 diabetes_14_BGgpt	OBSERVATION	1350	1370	Диагностични находки
endocrinology_type 1 diabetes_14_BGgpt	MEDICATION	1416	1435	Гликиран хемоглобин
endocrinology_type 1 diabetes_14_BGgpt	MEDICATION	1452	1460	С-пептид
endocrinology_type 1 diabetes_14_BGgpt	MEDICATION	1472	1484	Автоантитела
endocrinology_type 1 diabetes_14_BGgpt	DISEASE	1497	1509	диабет тип 1
endocrinology_type 1 diabetes_14_BGgpt	DISEASE	1524	1528	IA-2
endocrinology_type 1 diabetes_14_BGgpt	PROCEDURE	1586	1605	Изследване на урина
endocrinology_type 1 diabetes_14_BGgpt	DISEASE	1772	1784	диабет тип 1
endocrinology_type 1 diabetes_14_BGgpt	PROCEDURE	1846	1853	лечение
endocrinology_type 1 diabetes_14_BGgpt	DISEASE	1857	1872	хипергликемията
endocrinology_type 1 diabetes_14_BGgpt	MEDICATION	1886	1896	инсулинова
endocrinology_type 1 diabetes_15_BGgpt	DISEASE	250	270	Захарен диабет тип 1
endocrinology_type 1 diabetes_15_BGgpt	SYMPTOM	399	407	симптоми
endocrinology_type 1 diabetes_15_BGgpt	SYMPTOM	426	439	хипергликемия
endocrinology_type 1 diabetes_15_BGgpt	SYMPTOM	453	461	полиурия
endocrinology_type 1 diabetes_15_BGgpt	SYMPTOM	463	473	полидипсия
endocrinology_type 1 diabetes_15_BGgpt	SYMPTOM	476	502	необяснима загуба на тегло
endocrinology_type 1 diabetes_15_BGgpt	DISEASE	684	704	Захарен диабет тип 1
endocrinology_type 1 diabetes_15_BGgpt	PROCEDURE	790	820	Орален глюкозо-толерантен тест
endocrinology_type 1 diabetes_15_BGgpt	PROCEDURE	822	826	ОГТТ
endocrinology_type 1 diabetes_15_BGgpt	SYMPTOM	888	896	симптоми
endocrinology_type 1 diabetes_15_BGgpt	PROCEDURE	965	983	инсулинова терапия
endocrinology_type 1 diabetes_15_BGgpt	PROCEDURE	1053	1071	инсулинова терапия
endocrinology_type 1 diabetes_15_BGgpt	MEDICATION	1085	1092	Гларгин
endocrinology_type 1 diabetes_15_BGgpt	MEDICATION	1112	1127	базален инсулин
endocrinology_type 1 diabetes_15_BGgpt	MEDICATION	1130	1144	Лиспро инсулин
endocrinology_type 1 diabetes_15_BGgpt	MEDICATION	1245	1257	въглехидрати
endocrinology_type 1 diabetes_15_BGgpt	MEDICATION	1556	1573	глюкозни таблетки
endocrinology_type 1 diabetes_15_BGgpt	MEDICATION	1877	1889	въглехидрати
endocrinology_type 1 diabetes_15_BGgpt	PROCEDURE	2141	2169	базов офталмологичен преглед
endocrinology_type 1 diabetes_16_BGgpt	DISEASE	260	280	Захарен диабет тип 1
endocrinology_type 1 diabetes_16_BGgpt	SYMPTOM	445	453	симптоми
endocrinology_type 1 diabetes_16_BGgpt	SYMPTOM	457	465	полиурия
endocrinology_type 1 diabetes_16_BGgpt	SYMPTOM	467	477	полидипсия
endocrinology_type 1 diabetes_16_BGgpt	SYMPTOM	480	515	значителна нежелана загуба на тегло
endocrinology_type 1 diabetes_16_BGgpt	PROCEDURE	538	576	Първоначалните лабораторни изследвания
endocrinology_type 1 diabetes_16_BGgpt	DISEASE	702	722	Захарен диабет тип 1
endocrinology_type 1 diabetes_16_BGgpt	PROCEDURE	724	754	Орален глюкозо-толерантен тест
endocrinology_type 1 diabetes_16_BGgpt	PROCEDURE	756	760	ОГТТ
endocrinology_type 1 diabetes_16_BGgpt	MEDICATION	895	902	инсулин
endocrinology_type 1 diabetes_16_BGgpt	PROCEDURE	916	950	базално-болусна инсулинова терапия
endocrinology_type 1 diabetes_16_BGgpt	MEDICATION	1041	1056	Инсулин Гларгин
endocrinology_type 1 diabetes_16_BGgpt	MEDICATION	1058	1064	Lantus
endocrinology_type 1 diabetes_16_BGgpt	MEDICATION	1143	1150	инсулин
endocrinology_type 1 diabetes_16_BGgpt	MEDICATION	1159	1173	Инсулин Лиспро
endocrinology_type 1 diabetes_16_BGgpt	MEDICATION	1175	1182	Humalog
endocrinology_type 1 diabetes_16_BGgpt	MEDICATION	1343	1356	Мултивитамини
endocrinology_type 1 diabetes_16_BGgpt	MEDICATION	1630	1645	Инсулин Гларгин
endocrinology_type 1 diabetes_16_BGgpt	MEDICATION	1685	1699	Инсулин Лиспро
endocrinology_type 1 diabetes_17_BGgpt	DISEASE	246	266	Захарен диабет тип 1
endocrinology_type 1 diabetes_17_BGgpt	SYMPTOM	447	455	симптоми
endocrinology_type 1 diabetes_17_BGgpt	SYMPTOM	459	475	прекомерна жажда
endocrinology_type 1 diabetes_17_BGgpt	SYMPTOM	477	492	често уриниране
endocrinology_type 1 diabetes_17_BGgpt	SYMPTOM	494	511	необяснима загуба
endocrinology_type 1 diabetes_17_BGgpt	SYMPTOM	515	520	тегло
endocrinology_type 1 diabetes_17_BGgpt	SYMPTOM	523	539	обща отпадналост
endocrinology_type 1 diabetes_17_BGgpt	PROCEDURE	619	641	кръвна захар на гладно
endocrinology_type 1 diabetes_17_BGgpt	DISEASE	860	880	захарен диабет тип 1
endocrinology_type 1 diabetes_17_BGgpt	PROCEDURE	973	1006	интензивна образователна програма
endocrinology_type 1 diabetes_17_BGgpt	PROCEDURE	1040	1058	инсулинова терапия
endocrinology_type 1 diabetes_17_BGgpt	PROCEDURE	1060	1076	хранителен режим
endocrinology_type 1 diabetes_17_BGgpt	PROCEDURE	1078	1097	физическа активност
endocrinology_type 1 diabetes_17_BGgpt	PROCEDURE	1100	1129	самоконтрол на кръвната захар
endocrinology_type 1 diabetes_17_BGgpt	MEDICATION	1187	1194	инсулин
endocrinology_type 1 diabetes_17_BGgpt	MEDICATION	1233	1249	базално покритие
endocrinology_type 1 diabetes_17_BGgpt	MEDICATION	1252	1259	инсулин
endocrinology_type 1 diabetes_17_BGgpt	MEDICATION	1353	1360	инсулин
endocrinology_type 1 diabetes_17_BGgpt	PROCEDURE	1397	1427	самоконтрола на кръвната захар
endocrinology_type 1 diabetes_17_BGgpt	PROCEDURE	1590	1623	Комплексният преглед на стъпалата
endocrinology_type 1 diabetes_17_BGgpt	DISEASE	1646	1666	периферна невропатия
endocrinology_type 1 diabetes_17_BGgpt	PROCEDURE	1668	1692	Офталмологичният преглед
endocrinology_type 1 diabetes_17_BGgpt	DISEASE	1793	1809	микроалбуминурия
endocrinology_type 1 diabetes_17_BGgpt	MEDICATION	1854	1867	АСЕ-инхибитор
endocrinology_type 1 diabetes_18_BGgpt	DISEASE	260	280	Захарен диабет тип 1
endocrinology_type 1 diabetes_18_BGgpt	SYMPTOM	450	458	полиурия
endocrinology_type 1 diabetes_18_BGgpt	SYMPTOM	460	470	полидипсия
endocrinology_type 1 diabetes_18_BGgpt	SYMPTOM	472	498	необяснима загуба на тегло
endocrinology_type 1 diabetes_18_BGgpt	SYMPTOM	501	511	обща умора
endocrinology_type 1 diabetes_18_BGgpt	PROCEDURE	630	649	Диагностична оценка
endocrinology_type 1 diabetes_18_BGgpt	PROCEDURE	690	714	диагностични изследвания
endocrinology_type 1 diabetes_18_BGgpt	PROCEDURE	718	740	Кръвна захар на гладно
endocrinology_type 1 diabetes_18_BGgpt	PROCEDURE	742	745	КЗГ
endocrinology_type 1 diabetes_18_BGgpt	PROCEDURE	797	828	Кръвна захар на случаен принцип
endocrinology_type 1 diabetes_18_BGgpt	PROCEDURE	842	861	Изследване на урина
endocrinology_type 1 diabetes_18_BGgpt	DISEASE	897	913	Ниво на С-пептид
endocrinology_type 1 diabetes_18_BGgpt	DISEASE	923	946	Наличие на автоантитела
endocrinology_type 1 diabetes_18_BGgpt	DISEASE	963	983	захарен диабет тип 1
endocrinology_type 1 diabetes_18_BGgpt	DISEASE	1008	1028	захарен диабет тип 1
endocrinology_type 1 diabetes_18_BGgpt	MEDICATION	1347	1354	Инсулин
endocrinology_type 1 diabetes_18_BGgpt	MEDICATION	1420	1427	Инсулин
endocrinology_type 1 diabetes_19_BGgpt	SYMPTOM	376	392	прекомерна жажда
endocrinology_type 1 diabetes_19_BGgpt	SYMPTOM	575	585	полидипсия
endocrinology_type 1 diabetes_19_BGgpt	SYMPTOM	587	595	полиурия
endocrinology_type 1 diabetes_19_BGgpt	SYMPTOM	598	613	загуба на тегло
endocrinology_type 1 diabetes_19_BGgpt	DISEASE	841	857	Бронхиална астма
endocrinology_type 1 diabetes_19_BGgpt	PROCEDURE	1163	1185	Офталмологичен преглед
endocrinology_type 1 diabetes_19_BGgpt	SYMPTOM	1187	1237	Не се установяват признаци на диабетна ретинопатия
endocrinology_type 1 diabetes_19_BGgpt	PROCEDURE	1241	1260	Преглед на ходилата
endocrinology_type 1 diabetes_19_BGgpt	SYMPTOM	1262	1321	Не се установяват признаци на периферна невропатия или язви
endocrinology_type 1 diabetes_19_BGgpt	SYMPTOM	1456	1486	Случайна плазмена кръвна захар
endocrinology_type 1 diabetes_19_BGgpt	PROCEDURE	1500	1515	Анализ на урина
endocrinology_type 1 diabetes_19_BGgpt	SYMPTOM	1517	1541	Открити глюкоза и кетони
endocrinology_type 1 diabetes_19_BGgpt	MEDICATION	1544	1552	C-пептид
endocrinology_type 1 diabetes_19_BGgpt	MEDICATION	1606	1613	инсулин
endocrinology_type 1 diabetes_19_BGgpt	MEDICATION	1617	1629	Автоантитела
endocrinology_type 1 diabetes_19_BGgpt	MEDICATION	1646	1651	GAD65
endocrinology_type 1 diabetes_19_BGgpt	DISEASE	1678	1698	Захарен диабет тип 1
endocrinology_type 1 diabetes_19_BGgpt	DISEASE	1763	1783	Захарен диабет тип 1
endocrinology_type 1 diabetes_19_BGgpt	PROCEDURE	1788	1795	Лечение
endocrinology_type 1 diabetes_1_BGgpt	DISEASE	289	309	Захарен диабет тип 1
endocrinology_type 1 diabetes_1_BGgpt	SYMPTOM	475	483	полиурия
endocrinology_type 1 diabetes_1_BGgpt	SYMPTOM	485	495	полодипсия
endocrinology_type 1 diabetes_1_BGgpt	SYMPTOM	498	524	необяснима загуба на тегло
endocrinology_type 1 diabetes_1_BGgpt	SYMPTOM	585	601	нощно напикаване
endocrinology_type 1 diabetes_1_BGgpt	SYMPTOM	822	843	Случайна кръвна захар
endocrinology_type 1 diabetes_1_BGgpt	DISEASE	953	973	Захарен диабет тип 1
endocrinology_type 1 diabetes_1_BGgpt	PROCEDURE	975	1005	Орален глюкозо-толерантен тест
endocrinology_type 1 diabetes_1_BGgpt	PROCEDURE	1007	1011	ОГТТ
endocrinology_type 1 diabetes_1_BGgpt	PROCEDURE	1186	1204	инсулинова терапия
endocrinology_type 1 diabetes_1_BGgpt	MEDICATION	1259	1274	Базален инсулин
endocrinology_type 1 diabetes_1_BGgpt	MEDICATION	1276	1283	Инсулин
endocrinology_type 1 diabetes_1_BGgpt	MEDICATION	1326	1341	Болусен инсулин
endocrinology_type 1 diabetes_1_BGgpt	MEDICATION	1343	1350	Инсулин
endocrinology_type 1 diabetes_1_BGgpt	MEDICATION	1603	1610	инсулин
endocrinology_type 1 diabetes_20_BGgpt	DISEASE	256	276	Захарен диабет тип 1
endocrinology_type 1 diabetes_20_BGgpt	DISEASE	280	288	Анамнеза
endocrinology_type 1 diabetes_20_BGgpt	DISEASE	330	338	анамнеза
endocrinology_type 1 diabetes_20_BGgpt	SYMPTOM	436	452	прекомерна жажда
endocrinology_type 1 diabetes_20_BGgpt	SYMPTOM	454	469	често уриниране
endocrinology_type 1 diabetes_20_BGgpt	SYMPTOM	471	497	необяснима загуба на тегло
endocrinology_type 1 diabetes_20_BGgpt	SYMPTOM	500	516	обща отпадналост
endocrinology_type 1 diabetes_20_BGgpt	DISEASE	740	754	захарен диабет
endocrinology_type 1 diabetes_20_BGgpt	MEDICATION	921	940	Гликиран хемоглобин
endocrinology_type 1 diabetes_20_BGgpt	PROCEDURE	962	992	Орален глюкозо-толерантен тест
endocrinology_type 1 diabetes_20_BGgpt	PROCEDURE	994	998	ОГТТ
endocrinology_type 1 diabetes_20_BGgpt	DISEASE	1073	1094	Случайна кръвна захар
endocrinology_type 1 diabetes_20_BGgpt	MEDICATION	1142	1150	С-пептид
endocrinology_type 1 diabetes_20_BGgpt	MEDICATION	1196	1203	инсулин
endocrinology_type 1 diabetes_20_BGgpt	MEDICATION	1209	1221	Аутоантитела
endocrinology_type 1 diabetes_20_BGgpt	DISEASE	1297	1317	Захарен диабет тип 1
endocrinology_type 1 diabetes_20_BGgpt	MEDICATION	1449	1456	инсулин
endocrinology_type 1 diabetes_20_BGgpt	PROCEDURE	1516	1535	образователни сесии
endocrinology_type 1 diabetes_20_BGgpt	PROCEDURE	1577	1597	инсулиновата терапия
endocrinology_type 1 diabetes_20_BGgpt	PROCEDURE	1599	1606	хранене
endocrinology_type 1 diabetes_20_BGgpt	PROCEDURE	1608	1627	физическа активност
endocrinology_type 1 diabetes_20_BGgpt	PROCEDURE	1630	1660	мониториране на кръвната захар
endocrinology_type 1 diabetes_20_BGgpt	PROCEDURE	1677	1698	базално-болусна схема
endocrinology_type 1 diabetes_20_BGgpt	PROCEDURE	1702	1720	инсулиново лечение
endocrinology_type 1 diabetes_20_BGgpt	MEDICATION	1751	1758	Инсулин
endocrinology_type 1 diabetes_20_BGgpt	MEDICATION	1768	1774	Лантус
endocrinology_type 1 diabetes_21_BGgpt	DISEASE	238	252	захарен диабет
endocrinology_type 1 diabetes_21_BGgpt	DISEASE	277	297	Захарен диабет тип 1
endocrinology_type 1 diabetes_21_BGgpt	SYMPTOM	498	506	полиурия
endocrinology_type 1 diabetes_21_BGgpt	SYMPTOM	508	518	полидипсия
endocrinology_type 1 diabetes_21_BGgpt	SYMPTOM	520	543	неволна загуба на тегло
endocrinology_type 1 diabetes_21_BGgpt	SYMPTOM	546	562	скорошни епизоди
endocrinology_type 1 diabetes_21_BGgpt	SYMPTOM	566	582	нощно напикаване
endocrinology_type 1 diabetes_21_BGgpt	PROCEDURE	833	852	Диагностична оценка
endocrinology_type 1 diabetes_21_BGgpt	PROCEDURE	1100	1130	Орален глюкозо-толерантен тест
endocrinology_type 1 diabetes_21_BGgpt	PROCEDURE	1132	1136	ОГТТ
endocrinology_type 1 diabetes_21_BGgpt	PROCEDURE	1305	1320	C-пептиден тест
endocrinology_type 1 diabetes_21_BGgpt	DISEASE	1442	1462	захарен диабет тип 1
endocrinology_type 1 diabetes_21_BGgpt	PROCEDURE	1553	1571	инсулинова терапия
endocrinology_type 1 diabetes_21_BGgpt	PROCEDURE	1599	1617	инсулинова терапия
endocrinology_type 1 diabetes_21_BGgpt	MEDICATION	1688	1703	Базален инсулин
endocrinology_type 1 diabetes_21_BGgpt	MEDICATION	1707	1722	Инсулин гларгин
endocrinology_type 1 diabetes_21_BGgpt	MEDICATION	1770	1785	Болусен инсулин
endocrinology_type 1 diabetes_22_BGgpt	SYMPTOM	474	490	прекомерна жажда
endocrinology_type 1 diabetes_22_BGgpt	SYMPTOM	492	507	често уриниране
endocrinology_type 1 diabetes_22_BGgpt	SYMPTOM	510	536	необяснима загуба на тегло
endocrinology_type 1 diabetes_22_BGgpt	PROCEDURE	631	635	ПБКК
endocrinology_type 1 diabetes_22_BGgpt	PROCEDURE	860	890	орален глюкозо-толерантен тест
endocrinology_type 1 diabetes_22_BGgpt	PROCEDURE	892	896	ОГТТ
endocrinology_type 1 diabetes_22_BGgpt	PROCEDURE	925	937	диабет тип 1
endocrinology_type 1 diabetes_22_BGgpt	PROCEDURE	977	981	ОГТТ
endocrinology_type 1 diabetes_22_BGgpt	PROCEDURE	1273	1291	инсулинова терапия
endocrinology_type 1 diabetes_22_BGgpt	PROCEDURE	1562	1580	инсулинова терапия
endocrinology_type 1 diabetes_22_BGgpt	MEDICATION	1643	1650	Инсулин
endocrinology_type 1 diabetes_22_BGgpt	MEDICATION	1728	1735	Инсулин
endocrinology_type 1 diabetes_22_BGgpt	MEDICATION	1905	1912	инсулин
endocrinology_type 1 diabetes_23_BGgpt	DISEASE	341	361	Захарен диабет тип 1
endocrinology_type 1 diabetes_23_BGgpt	SYMPTOM	499	507	симптоми
endocrinology_type 1 diabetes_23_BGgpt	SYMPTOM	519	527	полиурия
endocrinology_type 1 diabetes_23_BGgpt	SYMPTOM	529	539	полидипсия
endocrinology_type 1 diabetes_23_BGgpt	SYMPTOM	542	573	непланирано отслабване на тегло
endocrinology_type 1 diabetes_23_BGgpt	PROCEDURE	607	645	Първоначалните лабораторни изследвания
endocrinology_type 1 diabetes_23_BGgpt	DISEASE	781	801	Захарен диабет тип 1
endocrinology_type 1 diabetes_23_BGgpt	PROCEDURE	803	833	Орален глюкозо-толерантен тест
endocrinology_type 1 diabetes_23_BGgpt	PROCEDURE	835	839	ОГТТ
endocrinology_type 1 diabetes_23_BGgpt	SYMPTOM	976	986	симптомите
endocrinology_type 1 diabetes_23_BGgpt	DISEASE	1051	1071	Захарен диабет тип 1
endocrinology_type 1 diabetes_23_BGgpt	PROCEDURE	1098	1116	инсулинова терапия
endocrinology_type 1 diabetes_23_BGgpt	MEDICATION	1168	1175	инсулин
endocrinology_type 1 diabetes_23_BGgpt	MEDICATION	1196	1203	Инсулин
endocrinology_type 1 diabetes_23_BGgpt	MEDICATION	1280	1287	Инсулин
endocrinology_type 1 diabetes_23_BGgpt	MEDICATION	1385	1392	инсулин
endocrinology_type 1 diabetes_23_BGgpt	SYMPTOM	1604	1614	евгликемия
endocrinology_type 1 diabetes_23_BGgpt	MEDICATION	1694	1701	инсулин
endocrinology_type 1 diabetes_23_BGgpt	SYMPTOM	1719	1729	симптомите
endocrinology_type 1 diabetes_23_BGgpt	MEDICATION	2031	2038	инсулин
endocrinology_type 1 diabetes_24_BGgpt	SYMPTOM	302	310	симптоми
endocrinology_type 1 diabetes_24_BGgpt	SYMPTOM	314	330	прекомерна жажда
endocrinology_type 1 diabetes_24_BGgpt	SYMPTOM	350	376	необяснима загуба на тегло
endocrinology_type 1 diabetes_24_BGgpt	SYMPTOM	533	541	симптоми
endocrinology_type 1 diabetes_24_BGgpt	SYMPTOM	545	553	полиурия
endocrinology_type 1 diabetes_24_BGgpt	SYMPTOM	555	565	полидипсия
endocrinology_type 1 diabetes_24_BGgpt	SYMPTOM	568	594	значителна загуба на тегло
endocrinology_type 1 diabetes_24_BGgpt	SYMPTOM	662	676	повишен апетит
endocrinology_type 1 diabetes_24_BGgpt	PROCEDURE	1036	1043	Фастинг
endocrinology_type 1 diabetes_24_BGgpt	PROCEDURE	1127	1142	С-пептиден тест
endocrinology_type 1 diabetes_24_BGgpt	MEDICATION	1191	1198	инсулин
endocrinology_type 1 diabetes_24_BGgpt	DISEASE	1364	1384	Захарен диабет тип 1
endocrinology_type 1 diabetes_24_BGgpt	PROCEDURE	1476	1494	венозна хидратация
endocrinology_type 1 diabetes_24_BGgpt	PROCEDURE	1497	1515	инсулинова терапия
endocrinology_type 1 diabetes_24_BGgpt	PROCEDURE	1528	1549	базално-болусен режим
endocrinology_type 1 diabetes_24_BGgpt	PROCEDURE	1553	1571	инсулиново лечение
endocrinology_type 1 diabetes_24_BGgpt	MEDICATION	1623	1638	Инсулин гларгин
endocrinology_type 1 diabetes_24_BGgpt	PROCEDURE	1672	1688	базално покритие
endocrinology_type 1 diabetes_24_BGgpt	MEDICATION	1691	1705	Инсулин лиспро
endocrinology_type 1 diabetes_25_BGgpt	SYMPTOM	348	356	симптоми
endocrinology_type 1 diabetes_25_BGgpt	SYMPTOM	360	368	полиурия
endocrinology_type 1 diabetes_25_BGgpt	SYMPTOM	370	380	полидипсия
endocrinology_type 1 diabetes_25_BGgpt	SYMPTOM	382	408	необяснима загуба на тегло
endocrinology_type 1 diabetes_25_BGgpt	SYMPTOM	411	427	обща отпадналост
endocrinology_type 1 diabetes_25_BGgpt	SYMPTOM	631	639	симптоми
endocrinology_type 1 diabetes_25_BGgpt	PROCEDURE	731	745	хоспитализация
endocrinology_type 1 diabetes_25_BGgpt	PROCEDURE	803	826	лабораторни изследвания
endocrinology_type 1 diabetes_25_BGgpt	PROCEDURE	840	867	кръвна захар на гладно (FPG
endocrinology_type 1 diabetes_25_BGgpt	PROCEDURE	900	929	орален глюкозотолерантен тест
endocrinology_type 1 diabetes_25_BGgpt	PROCEDURE	931	935	ОГТТ
endocrinology_type 1 diabetes_25_BGgpt	PROCEDURE	967	989	Кръвна захар на гладно
endocrinology_type 1 diabetes_25_BGgpt	PROCEDURE	1022	1026	ОГТТ
endocrinology_type 1 diabetes_25_BGgpt	DISEASE	1093	1113	захарен диабет тип 1
endocrinology_type 1 diabetes_25_BGgpt	PROCEDURE	1286	1304	инсулинова терапия
endocrinology_type 1 diabetes_25_BGgpt	DISEASE	1407	1428	захарния диабет тип 1
endocrinology_type 1 diabetes_25_BGgpt	MEDICATION	1538	1553	Базален инсулин
endocrinology_type 1 diabetes_25_BGgpt	MEDICATION	1555	1562	Инсулин
endocrinology_type 1 diabetes_25_BGgpt	MEDICATION	1606	1621	Болусен инсулин
endocrinology_type 1 diabetes_25_BGgpt	MEDICATION	1623	1630	Инсулин
endocrinology_type 1 diabetes_25_BGgpt	PROCEDURE	1718	1732	кръвната захар
endocrinology_type 1 diabetes_26_BGgpt	DISEASE	463	475	Диабет тип 1
endocrinology_type 1 diabetes_26_BGgpt	SYMPTOM	586	602	прекомерна жажда
endocrinology_type 1 diabetes_26_BGgpt	SYMPTOM	604	619	често уриниране
endocrinology_type 1 diabetes_26_BGgpt	SYMPTOM	621	645	внезапна загуба на тегло
endocrinology_type 1 diabetes_26_BGgpt	SYMPTOM	648	664	обща отпадналост
endocrinology_type 1 diabetes_26_BGgpt	PROCEDURE	687	723	Първоначалните лабораторни резултати
endocrinology_type 1 diabetes_26_BGgpt	DISEASE	841	853	Диабет тип 1
endocrinology_type 1 diabetes_26_BGgpt	PROCEDURE	916	950	базално-болусна инсулинова терапия
endocrinology_type 1 diabetes_26_BGgpt	MEDICATION	962	969	инсулин
endocrinology_type 1 diabetes_26_BGgpt	MEDICATION	1030	1037	инсулин
endocrinology_type 1 diabetes_26_BGgpt	MEDICATION	1129	1136	инсулин
endocrinology_type 1 diabetes_26_BGgpt	PROCEDURE	1217	1220	НГМ
endocrinology_type 1 diabetes_26_BGgpt	DISEASE	1224	1238	кръвната захар
endocrinology_type 1 diabetes_26_BGgpt	DISEASE	1512	1526	кръвната захар
endocrinology_type 1 diabetes_26_BGgpt	PROCEDURE	1662	1682	въглехидратния прием
endocrinology_type 1 diabetes_26_BGgpt	PROCEDURE	1737	1758	Прегледът на ходилата
endocrinology_type 1 diabetes_26_BGgpt	DISEASE	1781	1801	периферна невропатия
endocrinology_type 1 diabetes_26_BGgpt	PROCEDURE	1803	1827	Офталмологичният преглед
endocrinology_type 1 diabetes_26_BGgpt	DISEASE	1837	1857	липса на ретинопатия
endocrinology_type 1 diabetes_26_BGgpt	PROCEDURE	1859	1890	Годишни скринингови изследвания
endocrinology_type 1 diabetes_26_BGgpt	DISEASE	1927	1938	албуминурия
endocrinology_type 1 diabetes_26_BGgpt	DISEASE	1941	1958	серумен креатинин
endocrinology_type 1 diabetes_27_BGgpt	DISEASE	345	365	Захарен диабет тип 1
endocrinology_type 1 diabetes_27_BGgpt	SYMPTOM	545	555	полидипсия
endocrinology_type 1 diabetes_27_BGgpt	SYMPTOM	557	565	полиурия
endocrinology_type 1 diabetes_27_BGgpt	SYMPTOM	567	593	необяснима загуба на тегло
endocrinology_type 1 diabetes_27_BGgpt	SYMPTOM	596	612	обща отпадналост
endocrinology_type 1 diabetes_27_BGgpt	DISEASE	681	695	захарен диабет
endocrinology_type 1 diabetes_27_BGgpt	OBSERVATION	794	810	Клинични находки
endocrinology_type 1 diabetes_27_BGgpt	PROCEDURE	1009	1039	Орален глюкозо-толерантен тест
endocrinology_type 1 diabetes_27_BGgpt	PROCEDURE	1041	1045	ОГТТ
endocrinology_type 1 diabetes_27_BGgpt	DISEASE	1256	1276	захарен диабет тип 1
endocrinology_type 1 diabetes_27_BGgpt	PROCEDURE	1365	1383	инсулинова терапия
endocrinology_type 1 diabetes_27_BGgpt	PROCEDURE	1428	1459	базално-болусен инсулинов режим
endocrinology_type 1 diabetes_27_BGgpt	MEDICATION	1475	1482	Инсулин
endocrinology_type 1 diabetes_27_BGgpt	PROCEDURE	1520	1536	базално покритие
endocrinology_type 1 diabetes_27_BGgpt	MEDICATION	1542	1549	Инсулин
endocrinology_type 1 diabetes_27_BGgpt	MEDICATION	1698	1705	инсулин
endocrinology_type 1 diabetes_28_BGgpt	SYMPTOM	240	256	Основна диагноза
endocrinology_type 1 diabetes_28_BGgpt	DISEASE	258	278	Захарен диабет тип 1
endocrinology_type 1 diabetes_28_BGgpt	SYMPTOM	445	453	полиурия
endocrinology_type 1 diabetes_28_BGgpt	SYMPTOM	455	465	полидипсия
endocrinology_type 1 diabetes_28_BGgpt	SYMPTOM	468	486	неволно отслабване
endocrinology_type 1 diabetes_28_BGgpt	SYMPTOM	537	554	силна отпадналост
endocrinology_type 1 diabetes_28_BGgpt	SYMPTOM	557	573	замъглено зрение
endocrinology_type 1 diabetes_28_BGgpt	MEDICATION	905	922	Серумен креатинин
endocrinology_type 1 diabetes_28_BGgpt	PROCEDURE	990	1020	Орален глюкозо-толерантен тест
endocrinology_type 1 diabetes_28_BGgpt	PROCEDURE	1022	1026	ОГТТ
endocrinology_type 1 diabetes_28_BGgpt	DISEASE	1144	1164	Захарен диабет тип 1
endocrinology_type 1 diabetes_28_BGgpt	PROCEDURE	1406	1430	метаболитна стабилизация
endocrinology_type 1 diabetes_28_BGgpt	PROCEDURE	1446	1464	инсулинова терапия
endocrinology_type 1 diabetes_28_BGgpt	PROCEDURE	1466	1486	Инсулиновата терапия
endocrinology_type 1 diabetes_28_BGgpt	PROCEDURE	1497	1518	базално-болусен режим
endocrinology_type 1 diabetes_28_BGgpt	MEDICATION	1532	1539	Инсулин
endocrinology_type 1 diabetes_28_BGgpt	MEDICATION	1586	1593	Инсулин
endocrinology_type 1 diabetes_29_BGgpt	DISEASE	332	352	Захарен диабет тип 1
endocrinology_type 1 diabetes_29_BGgpt	MEDICATION	435	439	БИЛА
endocrinology_type 1 diabetes_29_BGgpt	SYMPTOM	648	664	прекомерна жажда
endocrinology_type 1 diabetes_29_BGgpt	SYMPTOM	666	681	често уриниране
endocrinology_type 1 diabetes_29_BGgpt	SYMPTOM	684	698	неволна загуба
endocrinology_type 1 diabetes_29_BGgpt	SYMPTOM	749	765	замъглено зрение
endocrinology_type 1 diabetes_29_BGgpt	SYMPTOM	768	780	обща слабост
endocrinology_type 1 diabetes_29_BGgpt	MEDICATION	1048	1051	СПГ
endocrinology_type 1 diabetes_29_BGgpt	MEDICATION	1071	1087	Ниво на С-пептид
endocrinology_type 1 diabetes_29_BGgpt	DISEASE	1091	1096	Ниско
endocrinology_type 1 diabetes_29_BGgpt	MEDICATION	1103	1115	Автоантитела
endocrinology_type 1 diabetes_29_BGgpt	MEDICATION	1119	1187	Положителни за антитела срещу бета-клетки на Лангерхансовите острови
endocrinology_type 1 diabetes_29_BGgpt	PROCEDURE	1194	1213	Изследване на урина
endocrinology_type 1 diabetes_29_BGgpt	DISEASE	1295	1315	Захарен диабет тип 1
endocrinology_type 1 diabetes_29_BGgpt	SYMPTOM	1452	1468	венозни течности
endocrinology_type 1 diabetes_29_BGgpt	PROCEDURE	1499	1517	инсулинова терапия
endocrinology_type 1 diabetes_29_BGgpt	PROCEDURE	1519	1537	Инсулиновият режим
endocrinology_type 1 diabetes_29_BGgpt	PROCEDURE	1573	1608	непрекъснат мониторинг на глюкозата
endocrinology_type 1 diabetes_29_BGgpt	MEDICATION	1610	1613	НГМ
endocrinology_type 1 diabetes_2_BGgpt	DISEASE	233	253	Захарен диабет тип 1
endocrinology_type 1 diabetes_2_BGgpt	SYMPTOM	412	420	симптоми
endocrinology_type 1 diabetes_2_BGgpt	SYMPTOM	424	432	полиурия
endocrinology_type 1 diabetes_2_BGgpt	SYMPTOM	434	444	полидипсия
endocrinology_type 1 diabetes_2_BGgpt	SYMPTOM	447	486	значителна немотивирана загуба на тегло
endocrinology_type 1 diabetes_2_BGgpt	PROCEDURE	606	628	кръвна захар на гладно
endocrinology_type 1 diabetes_2_BGgpt	PROCEDURE	630	633	КЗГ
endocrinology_type 1 diabetes_2_BGgpt	PROCEDURE	658	660	ГХ
endocrinology_type 1 diabetes_2_BGgpt	PROCEDURE	664	694	орален глюкозо-толерантен тест
endocrinology_type 1 diabetes_2_BGgpt	PROCEDURE	696	700	ОГТТ
endocrinology_type 1 diabetes_2_BGgpt	PROCEDURE	734	737	КЗГ
endocrinology_type 1 diabetes_2_BGgpt	PROCEDURE	751	753	ГХ
endocrinology_type 1 diabetes_2_BGgpt	PROCEDURE	763	767	ОГТТ
endocrinology_type 1 diabetes_2_BGgpt	DISEASE	827	847	Захарен диабет тип 1
endocrinology_type 1 diabetes_2_BGgpt	PROCEDURE	881	899	инсулинова терапия
endocrinology_type 1 diabetes_2_BGgpt	PROCEDURE	944	966	Медикаментозна терапия
endocrinology_type 1 diabetes_2_BGgpt	MEDICATION	973	988	Инсулин гларжин
endocrinology_type 1 diabetes_2_BGgpt	MEDICATION	1052	1066	Инсулин лизпро
endocrinology_type 1 diabetes_2_BGgpt	PROCEDURE	1242	1256	кръвната захар
endocrinology_type 1 diabetes_2_BGgpt	PROCEDURE	1479	1499	инсулиновата терапия
endocrinology_type 1 diabetes_2_BGgpt	PROCEDURE	1604	1632	Подробен преглед на ходилата
endocrinology_type 1 diabetes_2_BGgpt	OBSERVATION	1652	1672	периферна невропатия
endocrinology_type 1 diabetes_2_BGgpt	PROCEDURE	1676	1698	Преглед на очното дъно
endocrinology_type 1 diabetes_2_BGgpt	PROCEDURE	1747	1773	Точков тест за албуминурия
endocrinology_type 1 diabetes_30_BGgpt	DISEASE	282	302	Захарен диабет тип 1
endocrinology_type 1 diabetes_30_BGgpt	SYMPTOM	560	568	полиурия
endocrinology_type 1 diabetes_30_BGgpt	SYMPTOM	570	580	полидипсия
endocrinology_type 1 diabetes_30_BGgpt	SYMPTOM	582	599	необяснима загуба
endocrinology_type 1 diabetes_30_BGgpt	SYMPTOM	603	608	тегло
endocrinology_type 1 diabetes_30_BGgpt	SYMPTOM	611	627	обща отпадналост
endocrinology_type 1 diabetes_30_BGgpt	DISEASE	784	798	захарен диабет
endocrinology_type 1 diabetes_30_BGgpt	PROCEDURE	883	902	Диагностична оценка
endocrinology_type 1 diabetes_30_BGgpt	PROCEDURE	979	1006	Празностомашно кръвна захар
endocrinology_type 1 diabetes_30_BGgpt	PROCEDURE	1186	1204	гликемичен контрол
endocrinology_type 1 diabetes_30_BGgpt	MEDICATION	1238	1246	С-пептид
endocrinology_type 1 diabetes_30_BGgpt	MEDICATION	1266	1274	С-пептид
endocrinology_type 1 diabetes_30_BGgpt	MEDICATION	1309	1316	инсулин
endocrinology_type 1 diabetes_30_BGgpt	DISEASE	1340	1360	Захарен диабет тип 1
endocrinology_type 1 diabetes_30_BGgpt	DISEASE	1478	1498	Захарен диабет тип 1
endocrinology_type 1 diabetes_30_BGgpt	PROCEDURE	1526	1555	Функционалните бъбречни проби
endocrinology_type 1 diabetes_30_BGgpt	PROCEDURE	1557	1571	липиден профил
endocrinology_type 1 diabetes_30_BGgpt	PROCEDURE	1574	1591	чернодробни проби
endocrinology_type 1 diabetes_30_BGgpt	DISEASE	1750	1770	Захарен диабет тип 1
endocrinology_type 1 diabetes_30_BGgpt	PROCEDURE	1808	1826	инсулинова терапия
endocrinology_type 1 diabetes_31_BGgpt	SYMPTOM	380	388	симптоми
endocrinology_type 1 diabetes_31_BGgpt	SYMPTOM	392	400	полиурия
endocrinology_type 1 diabetes_31_BGgpt	SYMPTOM	402	412	полидипсия
endocrinology_type 1 diabetes_31_BGgpt	SYMPTOM	414	440	необяснима загуба на тегло
endocrinology_type 1 diabetes_31_BGgpt	SYMPTOM	443	459	обща отпадналост
endocrinology_type 1 diabetes_31_BGgpt	PROCEDURE	517	540	пълен физикален преглед
endocrinology_type 1 diabetes_31_BGgpt	PROCEDURE	543	566	лабораторни изследвания
endocrinology_type 1 diabetes_31_BGgpt	PROCEDURE	612	634	Диагностични резултати
endocrinology_type 1 diabetes_31_BGgpt	DISEASE	722	747	Случайна плазмена глюкоза
endocrinology_type 1 diabetes_31_BGgpt	DISEASE	808	828	Захарен диабет тип 1
endocrinology_type 1 diabetes_31_BGgpt	PROCEDURE	1003	1039	индивидуализирана инсулинова терапия
endocrinology_type 1 diabetes_31_BGgpt	PROCEDURE	1068	1102	базално-болусна инсулинова терапия
endocrinology_type 1 diabetes_31_BGgpt	MEDICATION	1121	1128	Инсулин
endocrinology_type 1 diabetes_31_BGgpt	MEDICATION	1191	1198	Инсулин
endocrinology_type 1 diabetes_32_BGgpt	DISEASE	290	310	Захарен диабет тип 1
endocrinology_type 1 diabetes_32_BGgpt	SYMPTOM	464	472	симптоми
endocrinology_type 1 diabetes_32_BGgpt	SYMPTOM	476	484	полиурия
endocrinology_type 1 diabetes_32_BGgpt	SYMPTOM	486	496	полидипсия
endocrinology_type 1 diabetes_32_BGgpt	SYMPTOM	498	537	неумишлена загуба на тегло от 15 паунда
endocrinology_type 1 diabetes_32_BGgpt	SYMPTOM	567	592	скорошно замъглено зрение
endocrinology_type 1 diabetes_32_BGgpt	SYMPTOM	601	622	класическите симптоми
endocrinology_type 1 diabetes_32_BGgpt	DISEASE	626	639	хипергликемия
endocrinology_type 1 diabetes_32_BGgpt	OBSERVATION	826	847	Случайна кръвна захар
endocrinology_type 1 diabetes_32_BGgpt	PROCEDURE	876	906	Орален глюкозо-толерантен тест
endocrinology_type 1 diabetes_32_BGgpt	PROCEDURE	908	912	ОГТТ
endocrinology_type 1 diabetes_32_BGgpt	PROCEDURE	1146	1164	инсулинова терапия
endocrinology_type 1 diabetes_32_BGgpt	DISEASE	1182	1197	хипергликемията
endocrinology_type 1 diabetes_32_BGgpt	PROCEDURE	1294	1312	Инсулинова терапия
endocrinology_type 1 diabetes_32_BGgpt	PROCEDURE	1349	1367	инсулинова терапия
endocrinology_type 1 diabetes_32_BGgpt	MEDICATION	1370	1377	Инсулин
endocrinology_type 1 diabetes_32_BGgpt	MEDICATION	1438	1445	Инсулин
endocrinology_type 1 diabetes_32_BGgpt	PROCEDURE	1557	1567	мониторинг
endocrinology_type 1 diabetes_32_BGgpt	PROCEDURE	1587	1591	НМКЗ
endocrinology_type 1 diabetes_32_BGgpt	PROCEDURE	1660	1680	инсулиновата терапия
endocrinology_type 1 diabetes_32_BGgpt	DISEASE	1776	1797	захарния диабет тип 1
endocrinology_type 1 diabetes_32_BGgpt	PROCEDURE	1812	1823	мониторинга
endocrinology_type 1 diabetes_32_BGgpt	MEDICATION	1870	1877	инсулин
endocrinology_type 1 diabetes_33_BGgpt	DISEASE	268	288	Захарен диабет тип 1
endocrinology_type 1 diabetes_33_BGgpt	SYMPTOM	426	434	полиурия
endocrinology_type 1 diabetes_33_BGgpt	SYMPTOM	436	446	полидипсия
endocrinology_type 1 diabetes_33_BGgpt	SYMPTOM	449	476	неволно отслабване на тегло
endocrinology_type 1 diabetes_33_BGgpt	PROCEDURE	510	548	Първоначалните лабораторни изследвания
endocrinology_type 1 diabetes_33_BGgpt	DISEASE	662	682	захарен диабет тип 1
endocrinology_type 1 diabetes_33_BGgpt	PROCEDURE	857	864	терапия
endocrinology_type 1 diabetes_33_BGgpt	MEDICATION	867	874	инсулин
endocrinology_type 1 diabetes_33_BGgpt	OBSERVATION	915	924	Терапията
endocrinology_type 1 diabetes_33_BGgpt	PROCEDURE	935	955	базис-болусен подход
endocrinology_type 1 diabetes_33_BGgpt	MEDICATION	976	983	Инсулин
endocrinology_type 1 diabetes_33_BGgpt	MEDICATION	1050	1057	Инсулин
endocrinology_type 1 diabetes_33_BGgpt	MEDICATION	1271	1278	инсулин
endocrinology_type 1 diabetes_33_BGgpt	PROCEDURE	1377	1384	терапия
endocrinology_type 1 diabetes_33_BGgpt	PROCEDURE	1448	1456	Скрининг
endocrinology_type 1 diabetes_33_BGgpt	PROCEDURE	1504	1519	годишен преглед
endocrinology_type 1 diabetes_33_BGgpt	DISEASE	1559	1579	периферна невропатия
endocrinology_type 1 diabetes_33_BGgpt	PROCEDURE	1630	1659	годишен фундоскопичен преглед
endocrinology_type 1 diabetes_33_BGgpt	PROCEDURE	1663	1671	скрининг
endocrinology_type 1 diabetes_33_BGgpt	DISEASE	1675	1686	ретинопатия
endocrinology_type 1 diabetes_33_BGgpt	DISEASE	1777	1796	диабетна нефропатия
endocrinology_type 1 diabetes_33_BGgpt	PROCEDURE	1891	1909	годишен мониторинг
endocrinology_type 1 diabetes_33_BGgpt	DISEASE	2023	2044	захарния диабет тип 1
endocrinology_type 1 diabetes_34_BGgpt	SYMPTOM	403	411	симптоми
endocrinology_type 1 diabetes_34_BGgpt	SYMPTOM	415	431	прекомерна жажда
endocrinology_type 1 diabetes_34_BGgpt	SYMPTOM	433	448	често уриниране
endocrinology_type 1 diabetes_34_BGgpt	SYMPTOM	451	485	значителна неволна загуба на тегло
endocrinology_type 1 diabetes_34_BGgpt	DISEASE	658	670	диабет тип 1
endocrinology_type 1 diabetes_34_BGgpt	SYMPTOM	692	700	симптоми
endocrinology_type 1 diabetes_34_BGgpt	OBSERVATION	810	830	Диагностични находки
endocrinology_type 1 diabetes_34_BGgpt	PROCEDURE	971	1001	Орален глюкозо-толерантен тест
endocrinology_type 1 diabetes_34_BGgpt	PROCEDURE	1003	1007	ОГТТ
endocrinology_type 1 diabetes_34_BGgpt	DISEASE	1083	1108	Случайна плазмена глюкоза
endocrinology_type 1 diabetes_34_BGgpt	PROCEDURE	1144	1164	Допълнителни тестове
endocrinology_type 1 diabetes_34_BGgpt	DISEASE	1193	1205	диабет тип 1
endocrinology_type 1 diabetes_34_BGgpt	DISEASE	1213	1218	GAD65
endocrinology_type 1 diabetes_34_BGgpt	DISEASE	1274	1286	диабет тип 1
endocrinology_type 1 diabetes_34_BGgpt	PROCEDURE	1376	1399	интравенозна хидратация
endocrinology_type 1 diabetes_34_BGgpt	PROCEDURE	1402	1420	инсулинова терапия
endocrinology_type 1 diabetes_34_BGgpt	SYMPTOM	1451	1465	кръвната захар
endocrinology_type 1 diabetes_34_BGgpt	SYMPTOM	1554	1568	кръвната захар
endocrinology_type 1 diabetes_34_BGgpt	MEDICATION	1585	1592	инсулин
endocrinology_type 1 diabetes_34_BGgpt	PROCEDURE	1719	1737	инсулинова терапия
endocrinology_type 1 diabetes_34_BGgpt	SYMPTOM	5199	5207	симптоми
endocrinology_type 1 diabetes_34_BGgpt	SYMPTOM	5211	5227	прекомерна жажда
endocrinology_type 1 diabetes_34_BGgpt	SYMPTOM	5229	5244	често уриниране
endocrinology_type 1 diabetes_34_BGgpt	SYMPTOM	5247	5281	значителна неволна загуба на тегло
endocrinology_type 1 diabetes_34_BGgpt	DISEASE	5454	5466	диабет тип 1
endocrinology_type 1 diabetes_34_BGgpt	SYMPTOM	5488	5496	симптоми
endocrinology_type 1 diabetes_34_BGgpt	OBSERVATION	5606	5626	Диагностични находки
endocrinology_type 1 diabetes_34_BGgpt	PROCEDURE	5767	5797	Орален глюкозо-толерантен тест
endocrinology_type 1 diabetes_34_BGgpt	PROCEDURE	5799	5803	ОГТТ
endocrinology_type 1 diabetes_34_BGgpt	DISEASE	5879	5904	Случайна плазмена глюкоза
endocrinology_type 1 diabetes_34_BGgpt	PROCEDURE	5940	5960	Допълнителни тестове
endocrinology_type 1 diabetes_34_BGgpt	DISEASE	5989	6001	диабет тип 1
endocrinology_type 1 diabetes_34_BGgpt	DISEASE	6009	6014	GAD65
endocrinology_type 1 diabetes_34_BGgpt	DISEASE	6070	6082	диабет тип 1
endocrinology_type 1 diabetes_34_BGgpt	PROCEDURE	6172	6195	интравенозна хидратация
endocrinology_type 1 diabetes_34_BGgpt	PROCEDURE	6198	6216	инсулинова терапия
endocrinology_type 1 diabetes_34_BGgpt	SYMPTOM	6247	6261	кръвната захар
endocrinology_type 1 diabetes_34_BGgpt	SYMPTOM	6350	6364	кръвната захар
endocrinology_type 1 diabetes_34_BGgpt	MEDICATION	6381	6388	инсулин
endocrinology_type 1 diabetes_34_BGgpt	PROCEDURE	6515	6533	инсулинова терапия
endocrinology_type 1 diabetes_35_BGgpt	SYMPTOM	329	345	прекомерна жажда
endocrinology_type 1 diabetes_35_BGgpt	SYMPTOM	347	362	често уриниране
endocrinology_type 1 diabetes_35_BGgpt	SYMPTOM	364	399	значителна нежелана загуба на тегло
endocrinology_type 1 diabetes_35_BGgpt	SYMPTOM	402	418	обща отпадналост
endocrinology_type 1 diabetes_35_BGgpt	PROCEDURE	750	765	болнична оценка
endocrinology_type 1 diabetes_35_BGgpt	PROCEDURE	1059	1081	Кръвна захар на гладно
endocrinology_type 1 diabetes_35_BGgpt	OBSERVATION	1201	1222	Случайна кръвна захар
endocrinology_type 1 diabetes_35_BGgpt	PROCEDURE	1267	1286	Изследване на урина
endocrinology_type 1 diabetes_35_BGgpt	DISEASE	1298	1308	глюкозурия
endocrinology_type 1 diabetes_35_BGgpt	DISEASE	1311	1320	кетонурия
endocrinology_type 1 diabetes_35_BGgpt	DISEASE	1371	1391	Захарен диабет тип 1
endocrinology_type 1 diabetes_35_BGgpt	DISEASE	1393	1397	ЗДТ1
endocrinology_type 1 diabetes_35_BGgpt	PROCEDURE	1482	1500	инсулинова терапия
endocrinology_type 1 diabetes_35_BGgpt	PROCEDURE	1503	1521	обучение по диабет
endocrinology_type 1 diabetes_35_BGgpt	MEDICATION	1586	1593	Инсулин
endocrinology_type 1 diabetes_35_BGgpt	MEDICATION	1671	1678	Инсулин
endocrinology_type 1 diabetes_36_BGgpt	DISEASE	357	377	Захарен диабет тип 1
endocrinology_type 1 diabetes_36_BGgpt	SYMPTOM	561	569	полиурия
endocrinology_type 1 diabetes_36_BGgpt	SYMPTOM	571	581	полидипсия
endocrinology_type 1 diabetes_36_BGgpt	SYMPTOM	584	610	необяснима загуба на тегло
endocrinology_type 1 diabetes_36_BGgpt	PROCEDURE	633	655	Първоначалният преглед
endocrinology_type 1 diabetes_36_BGgpt	OBSERVATION	861	881	Диагностични находки
endocrinology_type 1 diabetes_36_BGgpt	OBSERVATION	1035	1060	Случайна плазмена глюкоза
endocrinology_type 1 diabetes_36_BGgpt	PROCEDURE	1078	1093	C-пептиден тест
endocrinology_type 1 diabetes_36_BGgpt	DISEASE	1199	1219	Захарен диабет тип 1
endocrinology_type 1 diabetes_36_BGgpt	PROCEDURE	1349	1367	инсулинова терапия
endocrinology_type 1 diabetes_36_BGgpt	MEDICATION	1542	1557	Инсулин гларгин
endocrinology_type 1 diabetes_36_BGgpt	MEDICATION	1559	1565	Lantus
endocrinology_type 1 diabetes_36_BGgpt	MEDICATION	1634	1648	Инсулин лизпро
endocrinology_type 1 diabetes_36_BGgpt	MEDICATION	1650	1657	Humalog
endocrinology_type 1 diabetes_37_BGgpt	SYMPTOM	423	431	симптоми
endocrinology_type 1 diabetes_37_BGgpt	SYMPTOM	435	443	полиурия
endocrinology_type 1 diabetes_37_BGgpt	SYMPTOM	445	455	полидипсия
endocrinology_type 1 diabetes_37_BGgpt	SYMPTOM	458	484	необяснима загуба на тегло
endocrinology_type 1 diabetes_37_BGgpt	DISEASE	617	631	захарен диабет
endocrinology_type 1 diabetes_37_BGgpt	OBSERVATION	636	656	Диагностични находки
endocrinology_type 1 diabetes_37_BGgpt	PROCEDURE	690	713	лабораторни изследвания
endocrinology_type 1 diabetes_37_BGgpt	DISEASE	890	904	захарен диабет
endocrinology_type 1 diabetes_37_BGgpt	DISEASE	1000	1014	Захарен диабет
endocrinology_type 1 diabetes_37_BGgpt	PROCEDURE	1022	1052	Орален глюкозо-толерантен тест
endocrinology_type 1 diabetes_37_BGgpt	PROCEDURE	1054	1058	ОГТТ
endocrinology_type 1 diabetes_37_BGgpt	DISEASE	1242	1262	Захарен диабет тип 1
endocrinology_type 1 diabetes_37_BGgpt	PROCEDURE	1318	1333	инсулинотерапия
endocrinology_type 1 diabetes_37_BGgpt	MEDICATION	1433	1463	дългодействащ инсулин glargine
endocrinology_type 1 diabetes_37_BGgpt	MEDICATION	1496	1524	бързодействащ инсулин lispro
endocrinology_type 1 diabetes_37_BGgpt	PROCEDURE	2139	2152	офталмоскопия
endocrinology_type 1 diabetes_38_BGgpt	DISEASE	216	230	захарен диабет
endocrinology_type 1 diabetes_38_BGgpt	DISEASE	255	275	Захарен диабет тип 1
endocrinology_type 1 diabetes_38_BGgpt	SYMPTOM	465	473	полиурия
endocrinology_type 1 diabetes_38_BGgpt	SYMPTOM	475	485	полидипсия
endocrinology_type 1 diabetes_38_BGgpt	SYMPTOM	488	515	неволно отслабване на тегло
endocrinology_type 1 diabetes_38_BGgpt	OBSERVATION	659	679	Диагностични находки
endocrinology_type 1 diabetes_38_BGgpt	OBSERVATION	689	711	Кръвна захар на гладно
endocrinology_type 1 diabetes_38_BGgpt	PROCEDURE	713	716	КЗН
endocrinology_type 1 diabetes_38_BGgpt	PROCEDURE	744	747	КЗН
endocrinology_type 1 diabetes_38_BGgpt	DISEASE	821	835	захарен диабет
endocrinology_type 1 diabetes_38_BGgpt	DISEASE	947	961	захарен диабет
endocrinology_type 1 diabetes_38_BGgpt	PROCEDURE	969	999	Орален глюкозо-толерантен тест
endocrinology_type 1 diabetes_38_BGgpt	PROCEDURE	1001	1005	ОГТТ
endocrinology_type 1 diabetes_38_BGgpt	PROCEDURE	1089	1092	КЗН
endocrinology_type 1 diabetes_38_BGgpt	OBSERVATION	1108	1129	Случайна кръвна захар
endocrinology_type 1 diabetes_38_BGgpt	OBSERVATION	1164	1185	случайна кръвна захар
endocrinology_type 1 diabetes_38_BGgpt	PROCEDURE	1317	1322	GAD65
endocrinology_type 1 diabetes_38_BGgpt	DISEASE	1357	1377	захарен диабет тип 1
endocrinology_type 1 diabetes_38_BGgpt	PROCEDURE	1384	1391	Лечение
endocrinology_type 1 diabetes_38_BGgpt	PROCEDURE	1463	1481	инсулинова терапия
endocrinology_type 1 diabetes_38_BGgpt	MEDICATION	1598	1613	Базален инсулин
endocrinology_type 1 diabetes_38_BGgpt	MEDICATION	1617	1632	Инсулин гларгин
endocrinology_type 1 diabetes_38_BGgpt	MEDICATION	1680	1693	Болус инсулин
endocrinology_type 1 diabetes_38_BGgpt	MEDICATION	1697	1711	Инсулин лизпро
endocrinology_type 1 diabetes_39_BGgpt	SYMPTOM	303	311	симптоми
endocrinology_type 1 diabetes_39_BGgpt	SYMPTOM	315	323	полиурия
endocrinology_type 1 diabetes_39_BGgpt	SYMPTOM	325	335	полидипсия
endocrinology_type 1 diabetes_39_BGgpt	SYMPTOM	337	363	необяснима загуба на тегло
endocrinology_type 1 diabetes_39_BGgpt	SYMPTOM	366	382	обща отпадналост
endocrinology_type 1 diabetes_39_BGgpt	SYMPTOM	581	589	симптоми
endocrinology_type 1 diabetes_39_BGgpt	DISEASE	605	619	захарен диабет
endocrinology_type 1 diabetes_39_BGgpt	DISEASE	867	881	захарен диабет
endocrinology_type 1 diabetes_39_BGgpt	MEDICATION	946	958	левотироксин
endocrinology_type 1 diabetes_39_BGgpt	PROCEDURE	1551	1564	Уринен анализ
endocrinology_type 1 diabetes_39_BGgpt	SYMPTOM	1573	1583	глюкозурия
endocrinology_type 1 diabetes_39_BGgpt	MEDICATION	1611	1619	С-пептид
endocrinology_type 1 diabetes_39_BGgpt	DISEASE	1655	1680	инсулинова недостатъчност
endocrinology_type 1 diabetes_39_BGgpt	MEDICATION	1686	1698	Автоантитела
endocrinology_type 1 diabetes_39_BGgpt	MEDICATION	1700	1704	GADA
endocrinology_type 1 diabetes_39_BGgpt	MEDICATION	1706	1711	IA-2A
endocrinology_type 1 diabetes_39_BGgpt	DISEASE	1756	1770	Захарен диабет
endocrinology_type 1 diabetes_3_BGgpt	DISEASE	378	398	Захарен диабет тип 1
endocrinology_type 1 diabetes_3_BGgpt	SYMPTOM	574	582	полиурия
endocrinology_type 1 diabetes_3_BGgpt	SYMPTOM	584	594	полидипсия
endocrinology_type 1 diabetes_3_BGgpt	SYMPTOM	596	619	неволна загуба на тегло
endocrinology_type 1 diabetes_3_BGgpt	SYMPTOM	622	641	общо неразположение
endocrinology_type 1 diabetes_3_BGgpt	PROCEDURE	735	738	ПГН
endocrinology_type 1 diabetes_3_BGgpt	DISEASE	819	839	захарен диабет тип 1
endocrinology_type 1 diabetes_3_BGgpt	PROCEDURE	841	871	Орален глюкозо-толерантен тест
endocrinology_type 1 diabetes_3_BGgpt	PROCEDURE	873	877	ОГТТ
endocrinology_type 1 diabetes_3_BGgpt	PROCEDURE	952	955	ПГН
endocrinology_type 1 diabetes_3_BGgpt	PROCEDURE	1088	1108	хранителни препоръки
endocrinology_type 1 diabetes_3_BGgpt	PROCEDURE	1145	1163	инсулинова терапия
endocrinology_type 1 diabetes_3_BGgpt	PROCEDURE	1194	1212	инсулинова терапия
endocrinology_type 1 diabetes_3_BGgpt	PROCEDURE	1216	1244	оптимален гликемичен контрол
endocrinology_type 1 diabetes_3_BGgpt	MEDICATION	1262	1286	Инсулин гларгин (Лантус)
endocrinology_type 1 diabetes_3_BGgpt	MEDICATION	1360	1384	Инсулин лизпро (Хумалог)
endocrinology_type 1 diabetes_3_BGgpt	DISEASE	1896	1908	диабет тип 1
endocrinology_type 1 diabetes_40_BGgpt	DISEASE	208	228	Захарен диабет тип 1
endocrinology_type 1 diabetes_40_BGgpt	SYMPTOM	369	377	полиурия
endocrinology_type 1 diabetes_40_BGgpt	SYMPTOM	379	389	полидипсия
endocrinology_type 1 diabetes_40_BGgpt	SYMPTOM	392	418	неочаквана загуба на тегло
endocrinology_type 1 diabetes_40_BGgpt	PROCEDURE	499	530	начални лабораторни изследвания
endocrinology_type 1 diabetes_40_BGgpt	PROCEDURE	544	566	кръвна захар на гладно
endocrinology_type 1 diabetes_40_BGgpt	PROCEDURE	568	571	КЗГ
endocrinology_type 1 diabetes_40_BGgpt	PROCEDURE	595	600	HbA1C
endocrinology_type 1 diabetes_40_BGgpt	PROCEDURE	604	634	орален глюкозо-толерантен тест
endocrinology_type 1 diabetes_40_BGgpt	PROCEDURE	636	640	ОГТТ
endocrinology_type 1 diabetes_40_BGgpt	PROCEDURE	683	686	КЗГ
endocrinology_type 1 diabetes_40_BGgpt	PROCEDURE	704	709	HbA1C
endocrinology_type 1 diabetes_40_BGgpt	PROCEDURE	723	727	ОГТТ
endocrinology_type 1 diabetes_40_BGgpt	DISEASE	792	812	захарен диабет тип 1
endocrinology_type 1 diabetes_40_BGgpt	PROCEDURE	848	866	инсулинова терапия
endocrinology_type 1 diabetes_40_BGgpt	MEDICATION	933	948	Базален инсулин
endocrinology_type 1 diabetes_40_BGgpt	MEDICATION	950	957	Гларгин
endocrinology_type 1 diabetes_40_BGgpt	MEDICATION	996	1011	Болусен инсулин
endocrinology_type 1 diabetes_40_BGgpt	MEDICATION	1013	1019	Аспарт
endocrinology_type 1 diabetes_40_BGgpt	MEDICATION	1076	1088	въглехидрати
endocrinology_type 1 diabetes_40_BGgpt	PROCEDURE	1106	1120	кръвната захар
endocrinology_type 1 diabetes_40_BGgpt	MEDICATION	1522	1534	въглехидрати
endocrinology_type 1 diabetes_40_BGgpt	MEDICATION	1706	1718	въглехидрати
endocrinology_type 1 diabetes_40_BGgpt	PROCEDURE	1809	1828	Преглед на ходилата
endocrinology_type 1 diabetes_41_BGgpt	SYMPTOM	363	379	прекомерна жажда
endocrinology_type 1 diabetes_41_BGgpt	SYMPTOM	381	396	често уриниране
endocrinology_type 1 diabetes_41_BGgpt	SYMPTOM	418	433	загуба на тегло
endocrinology_type 1 diabetes_41_BGgpt	SYMPTOM	465	489	Анамнеза на заболяването
endocrinology_type 1 diabetes_41_BGgpt	SYMPTOM	599	607	полиурия
endocrinology_type 1 diabetes_41_BGgpt	SYMPTOM	609	619	полидипсия
endocrinology_type 1 diabetes_41_BGgpt	SYMPTOM	622	645	загуба на тегло от 7 кг
endocrinology_type 1 diabetes_41_BGgpt	DISEASE	906	951	захарен диабет или други хронични заболявания
endocrinology_type 1 diabetes_41_BGgpt	DISEASE	955	977	Имунизационният статус
endocrinology_type 1 diabetes_41_BGgpt	DISEASE	1008	1018	SARS-CoV-2
endocrinology_type 1 diabetes_41_BGgpt	MEDICATION	1023	1041	Приети медикаменти
endocrinology_type 1 diabetes_41_BGgpt	MEDICATION	1054	1061	Алергии
endocrinology_type 1 diabetes_41_BGgpt	MEDICATION	1070	1098	известни лекарствени алергии
endocrinology_type 1 diabetes_41_BGgpt	DISEASE	1390	1408	ретинални аномалии
endocrinology_type 1 diabetes_41_BGgpt	SYMPTOM	1487	1495	Интактен
endocrinology_type 1 diabetes_41_BGgpt	SYMPTOM	1522	1530	Крайници
endocrinology_type 1 diabetes_41_BGgpt	PROCEDURE	1602	1640	Лабораторни и диагностични изследвания
endocrinology_type 1 diabetes_41_BGgpt	PROCEDURE	1718	1737	Общ анализ на урина
endocrinology_type 1 diabetes_41_BGgpt	MEDICATION	1773	1789	Нива на C-пептид
endocrinology_type 1 diabetes_41_BGgpt	SYMPTOM	1799	1811	Автоантитела
endocrinology_type 1 diabetes_41_BGgpt	SYMPTOM	5022	5038	прекомерна жажда
endocrinology_type 1 diabetes_41_BGgpt	SYMPTOM	5040	5055	често уриниране
endocrinology_type 1 diabetes_41_BGgpt	SYMPTOM	5077	5092	загуба на тегло
endocrinology_type 1 diabetes_41_BGgpt	SYMPTOM	5124	5148	Анамнеза на заболяването
endocrinology_type 1 diabetes_41_BGgpt	SYMPTOM	5258	5266	полиурия
endocrinology_type 1 diabetes_41_BGgpt	SYMPTOM	5268	5278	полидипсия
endocrinology_type 1 diabetes_41_BGgpt	SYMPTOM	5281	5304	загуба на тегло от 7 кг
endocrinology_type 1 diabetes_41_BGgpt	DISEASE	5565	5610	захарен диабет или други хронични заболявания
endocrinology_type 1 diabetes_41_BGgpt	DISEASE	5614	5636	Имунизационният статус
endocrinology_type 1 diabetes_41_BGgpt	DISEASE	5667	5677	SARS-CoV-2
endocrinology_type 1 diabetes_41_BGgpt	MEDICATION	5682	5700	Приети медикаменти
endocrinology_type 1 diabetes_41_BGgpt	MEDICATION	5713	5720	Алергии
endocrinology_type 1 diabetes_41_BGgpt	MEDICATION	5729	5757	известни лекарствени алергии
endocrinology_type 1 diabetes_41_BGgpt	DISEASE	6049	6067	ретинални аномалии
endocrinology_type 1 diabetes_41_BGgpt	SYMPTOM	6146	6154	Интактен
endocrinology_type 1 diabetes_41_BGgpt	SYMPTOM	6181	6189	Крайници
endocrinology_type 1 diabetes_41_BGgpt	PROCEDURE	6261	6299	Лабораторни и диагностични изследвания
endocrinology_type 1 diabetes_41_BGgpt	PROCEDURE	6377	6396	Общ анализ на урина
endocrinology_type 1 diabetes_41_BGgpt	MEDICATION	6432	6448	Нива на C-пептид
endocrinology_type 1 diabetes_41_BGgpt	SYMPTOM	6458	6470	Автоантитела
endocrinology_type 1 diabetes_42_BGgpt	SYMPTOM	426	434	симптоми
endocrinology_type 1 diabetes_42_BGgpt	SYMPTOM	438	446	полиурия
endocrinology_type 1 diabetes_42_BGgpt	SYMPTOM	448	458	полидипсия
endocrinology_type 1 diabetes_42_BGgpt	SYMPTOM	460	486	необяснима загуба на тегло
endocrinology_type 1 diabetes_42_BGgpt	SYMPTOM	489	505	обща отпадналост
endocrinology_type 1 diabetes_42_BGgpt	DISEASE	558	578	автоимунен тиреоидит
endocrinology_type 1 diabetes_42_BGgpt	DISEASE	638	652	захарен диабет
endocrinology_type 1 diabetes_42_BGgpt	PROCEDURE	895	925	Орален глюкозо-толерантен тест
endocrinology_type 1 diabetes_42_BGgpt	PROCEDURE	927	931	ОГТТ
endocrinology_type 1 diabetes_42_BGgpt	PROCEDURE	1010	1013	ФПГ
endocrinology_type 1 diabetes_42_BGgpt	DISEASE	1029	1054	Случайна плазмена глюкоза
endocrinology_type 1 diabetes_42_BGgpt	MEDICATION	1090	1098	C-пептид
endocrinology_type 1 diabetes_42_BGgpt	OBSERVATION	1102	1112	Ниско ниво
endocrinology_type 1 diabetes_42_BGgpt	MEDICATION	1149	1156	инсулин
endocrinology_type 1 diabetes_42_BGgpt	MEDICATION	1164	1176	Автоантитела
endocrinology_type 1 diabetes_42_BGgpt	DISEASE	1325	1345	захарен диабет тип 1
endocrinology_type 1 diabetes_42_BGgpt	PROCEDURE	1416	1434	инсулинова терапия
endocrinology_type 1 diabetes_42_BGgpt	MEDICATION	1442	1457	Базален инсулин
endocrinology_type 1 diabetes_42_BGgpt	MEDICATION	1461	1476	Инсулин гларгин
endocrinology_type 1 diabetes_42_BGgpt	MEDICATION	1524	1539	Болусен инсулин
endocrinology_type 1 diabetes_42_BGgpt	MEDICATION	1543	1557	Инсулин лизпро
endocrinology_type 1 diabetes_42_BGgpt	MEDICATION	1763	1770	инсулин
endocrinology_type 1 diabetes_42_BGgpt	SYMPTOM	5095	5103	симптоми
endocrinology_type 1 diabetes_42_BGgpt	SYMPTOM	5107	5115	полиурия
endocrinology_type 1 diabetes_42_BGgpt	SYMPTOM	5117	5127	полидипсия
endocrinology_type 1 diabetes_42_BGgpt	SYMPTOM	5129	5155	необяснима загуба на тегло
endocrinology_type 1 diabetes_42_BGgpt	SYMPTOM	5158	5174	обща отпадналост
endocrinology_type 1 diabetes_42_BGgpt	DISEASE	5227	5247	автоимунен тиреоидит
endocrinology_type 1 diabetes_42_BGgpt	DISEASE	5307	5321	захарен диабет
endocrinology_type 1 diabetes_42_BGgpt	PROCEDURE	5564	5594	Орален глюкозо-толерантен тест
endocrinology_type 1 diabetes_42_BGgpt	PROCEDURE	5596	5600	ОГТТ
endocrinology_type 1 diabetes_42_BGgpt	PROCEDURE	5679	5682	ФПГ
endocrinology_type 1 diabetes_42_BGgpt	DISEASE	5698	5723	Случайна плазмена глюкоза
endocrinology_type 1 diabetes_42_BGgpt	MEDICATION	5759	5767	C-пептид
endocrinology_type 1 diabetes_42_BGgpt	OBSERVATION	5771	5781	Ниско ниво
endocrinology_type 1 diabetes_42_BGgpt	MEDICATION	5818	5825	инсулин
endocrinology_type 1 diabetes_42_BGgpt	MEDICATION	5833	5845	Автоантитела
endocrinology_type 1 diabetes_42_BGgpt	DISEASE	5994	6014	захарен диабет тип 1
endocrinology_type 1 diabetes_42_BGgpt	PROCEDURE	6085	6103	инсулинова терапия
endocrinology_type 1 diabetes_42_BGgpt	MEDICATION	6111	6126	Базален инсулин
endocrinology_type 1 diabetes_42_BGgpt	MEDICATION	6130	6145	Инсулин гларгин
endocrinology_type 1 diabetes_42_BGgpt	MEDICATION	6193	6208	Болусен инсулин
endocrinology_type 1 diabetes_42_BGgpt	MEDICATION	6212	6226	Инсулин лизпро
endocrinology_type 1 diabetes_42_BGgpt	MEDICATION	6432	6439	инсулин
endocrinology_type 1 diabetes_43_BGgpt	DISEASE	235	255	Захарен диабет тип 1
endocrinology_type 1 diabetes_43_BGgpt	SYMPTOM	423	431	полиурия
endocrinology_type 1 diabetes_43_BGgpt	SYMPTOM	433	443	полидипсия
endocrinology_type 1 diabetes_43_BGgpt	SYMPTOM	464	469	тегло
endocrinology_type 1 diabetes_43_BGgpt	PROCEDURE	1034	1063	Орален глюкозотолерантен тест
endocrinology_type 1 diabetes_43_BGgpt	PROCEDURE	1065	1069	ОГТТ
endocrinology_type 1 diabetes_43_BGgpt	DISEASE	1204	1215	кетоацидоза
endocrinology_type 1 diabetes_43_BGgpt	DISEASE	1401	1421	захарен диабет тип 1
endocrinology_type 1 diabetes_43_BGgpt	DISEASE	1436	1447	кетоацидоза
endocrinology_type 1 diabetes_43_BGgpt	PROCEDURE	1461	1486	интравенозна рехидратация
endocrinology_type 1 diabetes_43_BGgpt	PROCEDURE	1511	1530	метаболитен контрол
endocrinology_type 1 diabetes_43_BGgpt	PROCEDURE	1686	1706	Последващото лечение
endocrinology_type 1 diabetes_43_BGgpt	PROCEDURE	1717	1764	преминаване към базално-болусен инсулинов режим
endocrinology_type 1 diabetes_43_BGgpt	MEDICATION	1770	1785	Инсулин Гларгин
endocrinology_type 1 diabetes_43_BGgpt	PROCEDURE	1815	1828	базов контрол
endocrinology_type 1 diabetes_43_BGgpt	MEDICATION	1834	1848	Инсулин Лиспро
endocrinology_type 1 diabetes_44_BGgpt	SYMPTOM	437	445	полиурия
endocrinology_type 1 diabetes_44_BGgpt	SYMPTOM	447	457	полидипсия
endocrinology_type 1 diabetes_44_BGgpt	SYMPTOM	459	486	неволно отслабване на тегло
endocrinology_type 1 diabetes_44_BGgpt	SYMPTOM	521	537	обща отпадналост
endocrinology_type 1 diabetes_44_BGgpt	SYMPTOM	579	595	замъглено зрение
endocrinology_type 1 diabetes_44_BGgpt	DISEASE	600	608	Анамнеза
endocrinology_type 1 diabetes_44_BGgpt	DISEASE	882	899	Липса на анамнеза
endocrinology_type 1 diabetes_44_BGgpt	DISEASE	903	917	захарен диабет
endocrinology_type 1 diabetes_44_BGgpt	DISEASE	955	970	Хипотиреоидизъм
endocrinology_type 1 diabetes_44_BGgpt	MEDICATION	982	994	левотироксин
endocrinology_type 1 diabetes_44_BGgpt	SYMPTOM	1322	1335	Редовен ритъм
endocrinology_type 1 diabetes_44_BGgpt	PROCEDURE	1384	1395	аускултация
endocrinology_type 1 diabetes_45_BGgpt	DISEASE	239	259	Захарен диабет тип 1
endocrinology_type 1 diabetes_45_BGgpt	SYMPTOM	420	428	симптоми
endocrinology_type 1 diabetes_45_BGgpt	SYMPTOM	432	448	прекомерна жажда
endocrinology_type 1 diabetes_45_BGgpt	SYMPTOM	450	465	често уриниране
endocrinology_type 1 diabetes_45_BGgpt	SYMPTOM	467	491	внезапна загуба на тегло
endocrinology_type 1 diabetes_45_BGgpt	SYMPTOM	494	510	обща отпадналост
endocrinology_type 1 diabetes_45_BGgpt	DISEASE	617	631	захарен диабет
endocrinology_type 1 diabetes_45_BGgpt	OBSERVATION	636	656	Диагностични находки
endocrinology_type 1 diabetes_45_BGgpt	OBSERVATION	740	761	Случайна кръвна захар
endocrinology_type 1 diabetes_45_BGgpt	DISEASE	813	833	захарен диабет тип 1
endocrinology_type 1 diabetes_45_BGgpt	DISEASE	921	941	захарен диабет тип 1
endocrinology_type 1 diabetes_45_BGgpt	PROCEDURE	996	1014	инсулинова терапия
endocrinology_type 1 diabetes_45_BGgpt	PROCEDURE	1143	1161	инсулиново лечение
endocrinology_type 1 diabetes_45_BGgpt	MEDICATION	1180	1195	Инсулин гларгин
endocrinology_type 1 diabetes_45_BGgpt	MEDICATION	1246	1260	Инсулин лизпро
endocrinology_type 1 diabetes_45_BGgpt	PROCEDURE	1287	1299	въглехидрати
endocrinology_type 1 diabetes_45_BGgpt	PROCEDURE	1312	1326	кръвната захар
endocrinology_type 1 diabetes_45_BGgpt	PROCEDURE	1504	1524	инсулиновата терапия
endocrinology_type 1 diabetes_45_BGgpt	SYMPTOM	1771	1779	симптоми
endocrinology_type 1 diabetes_46_BGgpt	SYMPTOM	446	462	прекомерна жажда
endocrinology_type 1 diabetes_46_BGgpt	PROCEDURE	846	876	Орален глюкозо-толерантен тест
endocrinology_type 1 diabetes_46_BGgpt	PROCEDURE	878	882	ОГТТ
endocrinology_type 1 diabetes_46_BGgpt	SYMPTOM	908	929	ясна клинична картина
endocrinology_type 1 diabetes_46_BGgpt	DISEASE	945	959	захарен диабет
endocrinology_type 1 diabetes_46_BGgpt	SYMPTOM	967	988	Случайна кръвна захар
endocrinology_type 1 diabetes_46_BGgpt	DISEASE	1074	1094	Захарен диабет тип 1
endocrinology_type 1 diabetes_46_BGgpt	PROCEDURE	1137	1153	годишен скрининг
endocrinology_type 1 diabetes_46_BGgpt	DISEASE	1157	1180	усложненията при диабет
endocrinology_type 1 diabetes_46_BGgpt	PROCEDURE	1430	1448	инсулинова терапия
endocrinology_type 1 diabetes_46_BGgpt	MEDICATION	1525	1540	Базален инсулин
endocrinology_type 1 diabetes_46_BGgpt	MEDICATION	1544	1559	Инсулин Гларжин
endocrinology_type 1 diabetes_46_BGgpt	MEDICATION	1598	1613	Болусен инсулин
endocrinology_type 1 diabetes_46_BGgpt	MEDICATION	1617	1631	Инсулин Лиспро
endocrinology_type 1 diabetes_46_BGgpt	PROCEDURE	1896	1918	медикаментозна терапия
endocrinology_type 1 diabetes_47_BGgpt	SYMPTOM	400	408	полиурия
endocrinology_type 1 diabetes_47_BGgpt	SYMPTOM	410	420	полидипсия
endocrinology_type 1 diabetes_47_BGgpt	SYMPTOM	422	448	необяснима загуба на тегло
endocrinology_type 1 diabetes_47_BGgpt	SYMPTOM	451	467	обща отпадналост
endocrinology_type 1 diabetes_47_BGgpt	PROCEDURE	536	547	изследвания
endocrinology_type 1 diabetes_47_BGgpt	PROCEDURE	591	611	диагностични тестове
endocrinology_type 1 diabetes_47_BGgpt	PROCEDURE	615	621	оценка
endocrinology_type 1 diabetes_47_BGgpt	DISEASE	625	639	захарен диабет
endocrinology_type 1 diabetes_47_BGgpt	DISEASE	757	778	Случайна кръвна захар
endocrinology_type 1 diabetes_47_BGgpt	MEDICATION	798	806	C-пептид
endocrinology_type 1 diabetes_47_BGgpt	MEDICATION	857	864	инсулин
endocrinology_type 1 diabetes_47_BGgpt	MEDICATION	872	884	Автоантитела
endocrinology_type 1 diabetes_47_BGgpt	DISEASE	964	984	захарен диабет тип 1
endocrinology_type 1 diabetes_47_BGgpt	DISEASE	1033	1053	захарен диабет тип 1
endocrinology_type 1 diabetes_47_BGgpt	PROCEDURE	1067	1085	инсулинова терапия
endocrinology_type 1 diabetes_47_BGgpt	MEDICATION	1136	1143	инсулин
endocrinology_type 1 diabetes_47_BGgpt	MEDICATION	1147	1154	Инсулин
endocrinology_type 1 diabetes_47_BGgpt	MEDICATION	1217	1224	инсулин
endocrinology_type 1 diabetes_47_BGgpt	MEDICATION	1228	1235	Инсулин
endocrinology_type 1 diabetes_48_BGgpt	DISEASE	232	246	захарен диабет
endocrinology_type 1 diabetes_48_BGgpt	DISEASE	271	291	Захарен диабет тип 1
endocrinology_type 1 diabetes_48_BGgpt	SYMPTOM	443	451	полиурия
endocrinology_type 1 diabetes_48_BGgpt	SYMPTOM	453	463	полидипсия
endocrinology_type 1 diabetes_48_BGgpt	SYMPTOM	466	500	значителна неволна загуба на тегло
endocrinology_type 1 diabetes_48_BGgpt	PROCEDURE	529	567	Първоначалните лабораторни изследвания
endocrinology_type 1 diabetes_48_BGgpt	DISEASE	585	597	кръвна захар
endocrinology_type 1 diabetes_48_BGgpt	DISEASE	687	701	захарен диабет
endocrinology_type 1 diabetes_48_BGgpt	OBSERVATION	769	792	липсата на затлъстяване
endocrinology_type 1 diabetes_48_BGgpt	DISEASE	825	845	захарен диабет тип 1
endocrinology_type 1 diabetes_48_BGgpt	MEDICATION	891	899	С-пептид
endocrinology_type 1 diabetes_48_BGgpt	MEDICATION	921	925	IA-2
endocrinology_type 1 diabetes_48_BGgpt	DISEASE	956	976	захарен диабет тип 1
endocrinology_type 1 diabetes_48_BGgpt	PROCEDURE	1015	1033	инсулинова терапия
endocrinology_type 1 diabetes_48_BGgpt	PROCEDURE	1085	1106	базално-болусна схема
endocrinology_type 1 diabetes_48_BGgpt	MEDICATION	1109	1116	инсулин
endocrinology_type 1 diabetes_48_BGgpt	PROCEDURE	1155	1171	базисно покритие
endocrinology_type 1 diabetes_48_BGgpt	MEDICATION	1174	1181	инсулин
endocrinology_type 1 diabetes_48_BGgpt	DISEASE	1263	1277	кръвната захар
endocrinology_type 1 diabetes_48_BGgpt	PROCEDURE	1421	1439	Инсулиновата схема
endocrinology_type 1 diabetes_48_BGgpt	PROCEDURE	1506	1516	мониторинг
endocrinology_type 1 diabetes_48_BGgpt	DISEASE	1623	1637	кръвната захар
endocrinology_type 1 diabetes_48_BGgpt	MEDICATION	1742	1749	инсулин
endocrinology_type 1 diabetes_48_BGgpt	PROCEDURE	1752	1762	мониторинг
endocrinology_type 1 diabetes_48_BGgpt	PROCEDURE	1764	1789	Хранителното консултиране
endocrinology_type 1 diabetes_48_BGgpt	PROCEDURE	2100	2107	преглед
endocrinology_type 1 diabetes_48_BGgpt	PROCEDURE	2186	2193	преглед
endocrinology_type 1 diabetes_49_BGgpt	SYMPTOM	372	380	симптоми
endocrinology_type 1 diabetes_49_BGgpt	SYMPTOM	384	392	полиурия
endocrinology_type 1 diabetes_49_BGgpt	SYMPTOM	394	404	полидипсия
endocrinology_type 1 diabetes_49_BGgpt	SYMPTOM	406	432	необяснима загуба на тегло
endocrinology_type 1 diabetes_49_BGgpt	SYMPTOM	435	451	обща отпадналост
endocrinology_type 1 diabetes_49_BGgpt	DISEASE	687	707	захарен диабет тип 1
endocrinology_type 1 diabetes_49_BGgpt	OBSERVATION	712	732	Диагностични находки
endocrinology_type 1 diabetes_49_BGgpt	PROCEDURE	824	854	Орален глюкозо-толерантен тест
endocrinology_type 1 diabetes_49_BGgpt	PROCEDURE	856	860	ОГТТ
endocrinology_type 1 diabetes_49_BGgpt	DISEASE	986	999	хипергликемия
endocrinology_type 1 diabetes_49_BGgpt	PROCEDURE	1207	1241	Първоначалният преглед на ходилата
endocrinology_type 1 diabetes_49_BGgpt	PROCEDURE	1288	1301	Офталмоскопия
endocrinology_type 1 diabetes_49_BGgpt	DISEASE	1338	1349	ретинопатия
endocrinology_type 1 diabetes_49_BGgpt	PROCEDURE	1633	1651	инсулинова терапия
endocrinology_type 1 diabetes_49_BGgpt	DISEASE	1669	1684	хипергликемията
endocrinology_type 1 diabetes_49_BGgpt	MEDICATION	1723	1738	Базален инсулин
endocrinology_type 1 diabetes_49_BGgpt	MEDICATION	1742	1757	Инсулин Гларжин
endocrinology_type 1 diabetes_49_BGgpt	MEDICATION	1796	1811	Болусен инсулин
endocrinology_type 1 diabetes_49_BGgpt	MEDICATION	1815	1829	Инсулин Лиспро
endocrinology_type 1 diabetes_4_BGgpt	DISEASE	282	302	Захарен диабет тип 1
endocrinology_type 1 diabetes_4_BGgpt	SYMPTOM	492	500	симптоми
endocrinology_type 1 diabetes_4_BGgpt	SYMPTOM	504	514	полидипсия
endocrinology_type 1 diabetes_4_BGgpt	SYMPTOM	516	524	полиурия
endocrinology_type 1 diabetes_4_BGgpt	SYMPTOM	527	561	значителна неволна загуба на тегло
endocrinology_type 1 diabetes_4_BGgpt	SYMPTOM	624	648	замъглено зрение и умора
endocrinology_type 1 diabetes_4_BGgpt	PROCEDURE	854	876	Кръвна захар на гладно
endocrinology_type 1 diabetes_4_BGgpt	PROCEDURE	878	881	КЗГ
endocrinology_type 1 diabetes_4_BGgpt	PROCEDURE	1001	1031	Орален глюкозо-толерантен тест
endocrinology_type 1 diabetes_4_BGgpt	PROCEDURE	1033	1037	ОГТТ
endocrinology_type 1 diabetes_4_BGgpt	PROCEDURE	1091	1094	КЗГ
endocrinology_type 1 diabetes_4_BGgpt	DISEASE	1110	1131	Случайна кръвна захар
endocrinology_type 1 diabetes_4_BGgpt	PROCEDURE	1176	1191	C-пептиден тест
endocrinology_type 1 diabetes_4_BGgpt	MEDICATION	1247	1254	инсулин
endocrinology_type 1 diabetes_4_BGgpt	MEDICATION	1316	1348	глутаматдекарбоксилазни антитела
endocrinology_type 1 diabetes_4_BGgpt	MEDICATION	1350	1354	GADA
endocrinology_type 1 diabetes_4_BGgpt	DISEASE	1375	1395	захарен диабет тип 1
endocrinology_type 1 diabetes_4_BGgpt	PROCEDURE	1403	1423	Оглед на очното дъно
endocrinology_type 1 diabetes_4_BGgpt	PROCEDURE	1476	1495	Преглед на ходилата
endocrinology_type 1 diabetes_4_BGgpt	MEDICATION	1681	1695	LDL холестерол
endocrinology_type 1 diabetes_4_BGgpt	PROCEDURE	1720	1727	терапия
endocrinology_type 1 diabetes_4_BGgpt	MEDICATION	1732	1738	статин
endocrinology_type 1 diabetes_5_BGgpt	SYMPTOM	338	346	симптоми
endocrinology_type 1 diabetes_5_BGgpt	SYMPTOM	350	358	полиурия
endocrinology_type 1 diabetes_5_BGgpt	SYMPTOM	360	370	полидипсия
endocrinology_type 1 diabetes_5_BGgpt	SYMPTOM	372	398	необяснима загуба на тегло
endocrinology_type 1 diabetes_5_BGgpt	SYMPTOM	401	411	обща умора
endocrinology_type 1 diabetes_5_BGgpt	SYMPTOM	557	573	нарастваща жажда
endocrinology_type 1 diabetes_5_BGgpt	PROCEDURE	915	951	първоначални лабораторни изследвания
endocrinology_type 1 diabetes_5_BGgpt	DISEASE	1074	1088	захарен диабет
endocrinology_type 1 diabetes_5_BGgpt	DISEASE	1155	1175	захарен диабет тип 1
endocrinology_type 1 diabetes_5_BGgpt	PROCEDURE	1177	1207	Орален глюкозо-толерантен тест
endocrinology_type 1 diabetes_5_BGgpt	PROCEDURE	1209	1213	ОГТТ
endocrinology_type 1 diabetes_5_BGgpt	MEDICATION	1331	1339	С-пептид
endocrinology_type 1 diabetes_5_BGgpt	DISEASE	1381	1401	захарен диабет тип 1
endocrinology_type 1 diabetes_5_BGgpt	DISEASE	1415	1420	GAD65
endocrinology_type 1 diabetes_5_BGgpt	DISEASE	1762	1777	захарния диабет
endocrinology_type 1 diabetes_5_BGgpt	PROCEDURE	1800	1818	инсулинова терапия
endocrinology_type 1 diabetes_5_BGgpt	MEDICATION	1836	1859	базален инсулин гларгин
endocrinology_type 1 diabetes_5_BGgpt	MEDICATION	1892	1910	прандиален инсулин
endocrinology_type 1 diabetes_6_BGgpt	DISEASE	368	388	Захарен диабет тип 1
endocrinology_type 1 diabetes_6_BGgpt	SYMPTOM	562	570	симптоми
endocrinology_type 1 diabetes_6_BGgpt	SYMPTOM	574	582	полиурия
endocrinology_type 1 diabetes_6_BGgpt	SYMPTOM	584	598	повишена жажда
endocrinology_type 1 diabetes_6_BGgpt	SYMPTOM	619	624	тегло
endocrinology_type 1 diabetes_6_BGgpt	PROCEDURE	696	718	кръвна захар на гладно
endocrinology_type 1 diabetes_6_BGgpt	PROCEDURE	720	723	КЗГ
endocrinology_type 1 diabetes_6_BGgpt	PROCEDURE	756	759	КЗГ
endocrinology_type 1 diabetes_6_BGgpt	DISEASE	831	845	захарен диабет
endocrinology_type 1 diabetes_6_BGgpt	SYMPTOM	871	897	липсата на рискови фактори
endocrinology_type 1 diabetes_6_BGgpt	DISEASE	901	921	захарен диабет тип 2
endocrinology_type 1 diabetes_6_BGgpt	DISEASE	938	958	захарен диабет тип 1
endocrinology_type 1 diabetes_6_BGgpt	PROCEDURE	1093	1123	орален глюкозо-толерантен тест
endocrinology_type 1 diabetes_6_BGgpt	PROCEDURE	1125	1129	ОГТТ
endocrinology_type 1 diabetes_6_BGgpt	DISEASE	1147	1164	инсулинов дефицит
endocrinology_type 1 diabetes_6_BGgpt	MEDICATION	1176	1184	С-пептид
endocrinology_type 1 diabetes_6_BGgpt	MEDICATION	1199	1216	анти-GAD антитела
endocrinology_type 1 diabetes_6_BGgpt	DISEASE	1274	1294	захарен диабет тип 1
endocrinology_type 1 diabetes_6_BGgpt	PROCEDURE	1323	1341	инсулинова терапия
endocrinology_type 1 diabetes_6_BGgpt	PROCEDURE	1344	1365	базално-болусен режим
endocrinology_type 1 diabetes_6_BGgpt	MEDICATION	1376	1391	инсулин гларгин
endocrinology_type 1 diabetes_6_BGgpt	MEDICATION	1425	1441	базално покритие
endocrinology_type 1 diabetes_6_BGgpt	MEDICATION	1444	1458	инсулин лизпро
endocrinology_type 1 diabetes_6_BGgpt	PROCEDURE	1587	1601	кръвната захар
endocrinology_type 1 diabetes_6_BGgpt	PROCEDURE	1730	1744	кръвната захар
endocrinology_type 1 diabetes_6_BGgpt	SYMPTOM	1814	1822	симптоми
endocrinology_type 1 diabetes_7_BGgpt	DISEASE	279	299	Захарен диабет тип 1
endocrinology_type 1 diabetes_7_BGgpt	SYMPTOM	465	473	полиурия
endocrinology_type 1 diabetes_7_BGgpt	SYMPTOM	475	485	полидипсия
endocrinology_type 1 diabetes_7_BGgpt	SYMPTOM	487	501	неволна загуба
endocrinology_type 1 diabetes_7_BGgpt	SYMPTOM	545	561	обща отпадналост
endocrinology_type 1 diabetes_7_BGgpt	PROCEDURE	563	601	Първоначалните лабораторни изследвания
endocrinology_type 1 diabetes_7_BGgpt	DISEASE	736	756	захарен диабет тип 1
endocrinology_type 1 diabetes_7_BGgpt	PROCEDURE	822	829	терапия
endocrinology_type 1 diabetes_7_BGgpt	MEDICATION	832	839	инсулин
endocrinology_type 1 diabetes_7_BGgpt	MEDICATION	913	920	инсулин
endocrinology_type 1 diabetes_7_BGgpt	MEDICATION	974	981	инсулин
endocrinology_type 1 diabetes_7_BGgpt	MEDICATION	1035	1042	инсулин
endocrinology_type 1 diabetes_7_BGgpt	PROCEDURE	1360	1384	медикаментозното лечение
endocrinology_type 1 diabetes_7_BGgpt	MEDICATION	1504	1511	инсулин
endocrinology_type 1 diabetes_7_BGgpt	PROCEDURE	1612	1620	скрининг
endocrinology_type 1 diabetes_7_BGgpt	PROCEDURE	1661	1689	цялостен преглед на ходилата
endocrinology_type 1 diabetes_7_BGgpt	PROCEDURE	1691	1728	офталмологичен преглед на очното дъно
endocrinology_type 1 diabetes_7_BGgpt	MEDICATION	1875	1882	Инсулин
endocrinology_type 1 diabetes_8_BGgpt	DISEASE	360	380	Захарен диабет тип 1
endocrinology_type 1 diabetes_8_BGgpt	SYMPTOM	537	545	полиурия
endocrinology_type 1 diabetes_8_BGgpt	SYMPTOM	547	557	полидипсия
endocrinology_type 1 diabetes_8_BGgpt	SYMPTOM	559	582	неволна загуба на тегло
endocrinology_type 1 diabetes_8_BGgpt	SYMPTOM	585	601	обща отпадналост
endocrinology_type 1 diabetes_8_BGgpt	PROCEDURE	633	650	клиничния преглед
endocrinology_type 1 diabetes_8_BGgpt	SYMPTOM	665	678	сухи лигавици
endocrinology_type 1 diabetes_8_BGgpt	PROCEDURE	680	718	Първоначалните лабораторни изследвания
endocrinology_type 1 diabetes_8_BGgpt	DISEASE	848	868	Захарен диабет тип 1
endocrinology_type 1 diabetes_8_BGgpt	PROCEDURE	960	975	инсулинотерапия
endocrinology_type 1 diabetes_8_BGgpt	PROCEDURE	987	1008	базално-болусен режим
endocrinology_type 1 diabetes_8_BGgpt	MEDICATION	1036	1043	Гларгин
endocrinology_type 1 diabetes_8_BGgpt	MEDICATION	1057	1064	инсулин
endocrinology_type 1 diabetes_8_BGgpt	MEDICATION	1080	1105	прандиален Лиспро инсулин
endocrinology_type 1 diabetes_8_BGgpt	MEDICATION	1179	1186	инсулин
endocrinology_type 1 diabetes_8_BGgpt	MEDICATION	1574	1581	инсулин
endocrinology_type 1 diabetes_8_BGgpt	PROCEDURE	1928	1957	базов офталмоскопичен преглед
endocrinology_type 1 diabetes_8_BGgpt	PROCEDURE	2014	2018	Тест
endocrinology_type 1 diabetes_9_BGgpt	DISEASE	346	366	Захарен диабет тип 1
endocrinology_type 1 diabetes_9_BGgpt	PROCEDURE	406	428	Кръвна захар на гладно
endocrinology_type 1 diabetes_9_BGgpt	PROCEDURE	430	433	КЗГ
endocrinology_type 1 diabetes_9_BGgpt	PROCEDURE	496	517	Случайна кръвна захар
endocrinology_type 1 diabetes_9_BGgpt	PROCEDURE	580	583	КЗГ
endocrinology_type 1 diabetes_9_BGgpt	SYMPTOM	703	711	симптоми
endocrinology_type 1 diabetes_9_BGgpt	SYMPTOM	715	723	полиурия
endocrinology_type 1 diabetes_9_BGgpt	SYMPTOM	725	735	полидипсия
endocrinology_type 1 diabetes_9_BGgpt	SYMPTOM	738	764	необяснима загуба на тегло
endocrinology_type 1 diabetes_9_BGgpt	PROCEDURE	793	831	Първоначалните лабораторни изследвания
endocrinology_type 1 diabetes_9_BGgpt	DISEASE	1029	1049	захарен диабет тип 2
endocrinology_type 1 diabetes_9_BGgpt	DISEASE	1089	1109	захарен диабет тип 1
endocrinology_type 1 diabetes_9_BGgpt	PROCEDURE	1127	1134	терапия
endocrinology_type 1 diabetes_9_BGgpt	MEDICATION	1137	1144	инсулин
endocrinology_type 1 diabetes_9_BGgpt	SYMPTOM	1192	1202	симптомите
endocrinology_type 1 diabetes_9_BGgpt	PROCEDURE	1204	1213	Терапията
endocrinology_type 1 diabetes_9_BGgpt	MEDICATION	1231	1246	Базален инсулин
endocrinology_type 1 diabetes_9_BGgpt	MEDICATION	1250	1257	Инсулин
endocrinology_type 1 diabetes_9_BGgpt	MEDICATION	1315	1322	инсулин
endocrinology_type 1 diabetes_9_BGgpt	MEDICATION	1326	1333	Инсулин
endocrinology_type 1 diabetes_9_BGgpt	PROCEDURE	1422	1436	кръвната захар
endocrinology_type 1 diabetes_9_BGgpt	PROCEDURE	1491	1498	терапия
endocrinology_type 1 diabetes_9_BGgpt	PROCEDURE	1552	1566	кръвната захар
endocrinology_type 1 diabetes_9_BGgpt	SYMPTOM	1584	1594	симптомите
endocrinology_type 1 diabetes_9_BGgpt	PROCEDURE	1660	1688	мониторинг на кръвната захар
endocrinology_type 1 diabetes_9_BGgpt	MEDICATION	1714	1721	инсулин
endocrinology_type 1 diabetes_9_BGgpt	SYMPTOM	1739	1747	симптоми
endocrinology_type 2 diabetes_0_BGgpt	SYMPTOM	502	510	полиурия
endocrinology_type 2 diabetes_0_BGgpt	SYMPTOM	512	522	полидипсия
endocrinology_type 2 diabetes_0_BGgpt	SYMPTOM	525	551	необяснима загуба на тегло
endocrinology_type 2 diabetes_0_BGgpt	SYMPTOM	604	620	замъглено зрение
endocrinology_type 2 diabetes_0_BGgpt	SYMPTOM	646	654	полиурия
endocrinology_type 2 diabetes_0_BGgpt	DISEASE	681	695	захарен диабет
endocrinology_type 2 diabetes_0_BGgpt	PROCEDURE	808	811	ИТМ
endocrinology_type 2 diabetes_0_BGgpt	DISEASE	1009	1023	захарен диабет
endocrinology_type 2 diabetes_0_BGgpt	DISEASE	1166	1186	захарен диабет тип 2
endocrinology_type 2 diabetes_0_BGgpt	PROCEDURE	1264	1285	начален лечебен режим
endocrinology_type 2 diabetes_0_BGgpt	PROCEDURE	1296	1313	промяна в диетата
endocrinology_type 2 diabetes_0_BGgpt	MEDICATION	1397	1406	Метформин
endocrinology_type 2 diabetes_0_BGgpt	PROCEDURE	1732	1735	ИТМ
endocrinology_type 2 diabetes_0_BGgpt	MEDICATION	1813	1828	GLP-1 рецептора
endocrinology_type 2 diabetes_0_BGgpt	MEDICATION	1830	1840	семаглутид
endocrinology_type 2 diabetes_10_BGgpt	SYMPTOM	368	376	симптоми
endocrinology_type 2 diabetes_10_BGgpt	SYMPTOM	380	388	полиурия
endocrinology_type 2 diabetes_10_BGgpt	SYMPTOM	390	400	полидипсия
endocrinology_type 2 diabetes_10_BGgpt	SYMPTOM	403	429	необяснима загуба на тегло
endocrinology_type 2 diabetes_10_BGgpt	SYMPTOM	481	489	симптоми
endocrinology_type 2 diabetes_10_BGgpt	DISEASE	512	526	захарен диабет
endocrinology_type 2 diabetes_10_BGgpt	PROCEDURE	540	550	изследване
endocrinology_type 2 diabetes_10_BGgpt	DISEASE	554	568	захарен диабет
endocrinology_type 2 diabetes_10_BGgpt	PROCEDURE	611	619	прегледа
endocrinology_type 2 diabetes_10_BGgpt	SYMPTOM	647	657	ориентиран
endocrinology_type 2 diabetes_10_BGgpt	DISEASE	860	872	затлъстяване
endocrinology_type 2 diabetes_10_BGgpt	MEDICATION	924	935	медикаменти
endocrinology_type 2 diabetes_10_BGgpt	PROCEDURE	1194	1224	Орален глюкозо-толерантен тест
endocrinology_type 2 diabetes_10_BGgpt	PROCEDURE	1226	1230	ОГТТ
endocrinology_type 2 diabetes_10_BGgpt	PROCEDURE	1355	1365	изследване
endocrinology_type 2 diabetes_10_BGgpt	PROCEDURE	1498	1517	преглед на ходилата
endocrinology_type 2 diabetes_10_BGgpt	DISEASE	1600	1614	Захарен диабет
endocrinology_type 2 diabetes_10_BGgpt	DISEASE	1686	1698	затлъстяване
endocrinology_type 2 diabetes_10_BGgpt	PROCEDURE	1765	1791	Ход на лечението в болница
endocrinology_type 2 diabetes_11_BGgpt	DISEASE	265	293	Неконтролирана хипергликемия
endocrinology_type 2 diabetes_11_BGgpt	DISEASE	309	329	захарен диабет тип 2
endocrinology_type 2 diabetes_11_BGgpt	DISEASE	349	369	Захарен диабет тип 2
endocrinology_type 2 diabetes_11_BGgpt	SYMPTOM	482	497	постоянна жажда
endocrinology_type 2 diabetes_11_BGgpt	SYMPTOM	499	514	често уриниране
endocrinology_type 2 diabetes_11_BGgpt	SYMPTOM	516	542	необяснима загуба на тегло
endocrinology_type 2 diabetes_11_BGgpt	SYMPTOM	545	561	замъглено зрение
endocrinology_type 2 diabetes_11_BGgpt	PROCEDURE	628	634	индекс
endocrinology_type 2 diabetes_11_BGgpt	DISEASE	975	1003	неконтролирана хипергликемия
endocrinology_type 2 diabetes_11_BGgpt	DISEASE	1029	1049	захарен диабет тип 2
endocrinology_type 2 diabetes_11_BGgpt	MEDICATION	1694	1710	Метформин 500 mg
endocrinology_type 2 diabetes_11_BGgpt	PROCEDURE	1732	1754	терапия от първа линия
endocrinology_type 2 diabetes_11_BGgpt	MEDICATION	1880	1897	Семаглутид 2.4 mg
endocrinology_type 2 diabetes_11_BGgpt	PROCEDURE	2040	2060	диетични консултации
endocrinology_type 2 diabetes_11_BGgpt	DISEASE	5055	5083	Неконтролирана хипергликемия
endocrinology_type 2 diabetes_11_BGgpt	DISEASE	5099	5119	захарен диабет тип 2
endocrinology_type 2 diabetes_11_BGgpt	DISEASE	5139	5159	Захарен диабет тип 2
endocrinology_type 2 diabetes_11_BGgpt	SYMPTOM	5272	5287	постоянна жажда
endocrinology_type 2 diabetes_11_BGgpt	SYMPTOM	5289	5304	често уриниране
endocrinology_type 2 diabetes_11_BGgpt	SYMPTOM	5306	5332	необяснима загуба на тегло
endocrinology_type 2 diabetes_11_BGgpt	SYMPTOM	5335	5351	замъглено зрение
endocrinology_type 2 diabetes_11_BGgpt	PROCEDURE	5418	5424	индекс
endocrinology_type 2 diabetes_11_BGgpt	DISEASE	5765	5793	неконтролирана хипергликемия
endocrinology_type 2 diabetes_11_BGgpt	DISEASE	5819	5839	захарен диабет тип 2
endocrinology_type 2 diabetes_11_BGgpt	MEDICATION	6484	6500	Метформин 500 mg
endocrinology_type 2 diabetes_11_BGgpt	PROCEDURE	6522	6544	терапия от първа линия
endocrinology_type 2 diabetes_11_BGgpt	MEDICATION	6670	6687	Семаглутид 2.4 mg
endocrinology_type 2 diabetes_11_BGgpt	PROCEDURE	6830	6850	диетични консултации
endocrinology_type 2 diabetes_12_BGgpt	SYMPTOM	332	340	симптоми
endocrinology_type 2 diabetes_12_BGgpt	SYMPTOM	356	364	полиурия
endocrinology_type 2 diabetes_12_BGgpt	SYMPTOM	367	393	необяснима загуба на тегло
endocrinology_type 2 diabetes_12_BGgpt	DISEASE	496	506	хипертония
endocrinology_type 2 diabetes_12_BGgpt	DISEASE	509	523	хиперлипидемия
endocrinology_type 2 diabetes_12_BGgpt	SYMPTOM	593	601	симптоми
endocrinology_type 2 diabetes_12_BGgpt	SYMPTOM	651	667	значителна умора
endocrinology_type 2 diabetes_12_BGgpt	SYMPTOM	669	683	повишена жажда
endocrinology_type 2 diabetes_12_BGgpt	SYMPTOM	685	700	често уриниране
endocrinology_type 2 diabetes_12_BGgpt	SYMPTOM	703	718	загуба на тегло
endocrinology_type 2 diabetes_12_BGgpt	PROCEDURE	822	839	физикален преглед
endocrinology_type 2 diabetes_12_BGgpt	PROCEDURE	1030	1058	Цялостен преглед на ходилата
endocrinology_type 2 diabetes_12_BGgpt	DISEASE	1070	1105	липса на язви или сензорни дефицити
endocrinology_type 2 diabetes_12_BGgpt	PROCEDURE	1297	1327	Орален глюкозо-толерантен тест
endocrinology_type 2 diabetes_12_BGgpt	PROCEDURE	1329	1333	ОГТТ
endocrinology_type 2 diabetes_12_BGgpt	MEDICATION	1450	1465	Серум креатинин
endocrinology_type 2 diabetes_12_BGgpt	MEDICATION	1494	1508	Липиден профил
endocrinology_type 2 diabetes_12_BGgpt	MEDICATION	1512	1534	Повишен LDL холестерол
endocrinology_type 2 diabetes_12_BGgpt	DISEASE	1621	1633	диабет тип 2
endocrinology_type 2 diabetes_12_BGgpt	PROCEDURE	1650	1674	допълнителни изследвания
endocrinology_type 2 diabetes_12_BGgpt	DISEASE	1678	1699	усложнения на диабета
endocrinology_type 2 diabetes_12_BGgpt	PROCEDURE	1713	1732	преглед на ходилата
endocrinology_type 2 diabetes_12_BGgpt	PROCEDURE	1735	1748	офталмоскопия
endocrinology_type 2 diabetes_12_BGgpt	PROCEDURE	1799	1815	Ход на лечението
endocrinology_type 2 diabetes_13_BGgpt	SYMPTOM	359	375	прекомерна жажда
endocrinology_type 2 diabetes_13_BGgpt	SYMPTOM	395	421	необяснима загуба на тегло
endocrinology_type 2 diabetes_13_BGgpt	SYMPTOM	559	567	симптоми
endocrinology_type 2 diabetes_13_BGgpt	DISEASE	654	668	захарен диабет
endocrinology_type 2 diabetes_13_BGgpt	PROCEDURE	1081	1100	Изследване на урина
endocrinology_type 2 diabetes_13_BGgpt	DISEASE	1104	1115	албуминурия
endocrinology_type 2 diabetes_13_BGgpt	DISEASE	1308	1328	захарен диабет тип 2
endocrinology_type 2 diabetes_13_BGgpt	DISEASE	1343	1354	албуминурия
endocrinology_type 2 diabetes_13_BGgpt	PROCEDURE	1393	1418	Лечебно-диагностичен план
endocrinology_type 2 diabetes_13_BGgpt	PROCEDURE	1428	1437	лечението
endocrinology_type 2 diabetes_14_BGgpt	SYMPTOM	540	548	полиурия
endocrinology_type 2 diabetes_14_BGgpt	SYMPTOM	550	560	полидипсия
endocrinology_type 2 diabetes_14_BGgpt	SYMPTOM	563	589	неочаквана загуба на тегло
endocrinology_type 2 diabetes_14_BGgpt	DISEASE	706	720	захарен диабет
endocrinology_type 2 diabetes_14_BGgpt	OBSERVATION	738	745	находки
endocrinology_type 2 diabetes_14_BGgpt	DISEASE	753	774	Плазмена кръвна захар
endocrinology_type 2 diabetes_14_BGgpt	DISEASE	904	918	захарен диабет
endocrinology_type 2 diabetes_14_BGgpt	PROCEDURE	924	954	Орален глюкозо-толерантен тест
endocrinology_type 2 diabetes_14_BGgpt	PROCEDURE	956	960	ОГТТ
endocrinology_type 2 diabetes_14_BGgpt	DISEASE	1042	1063	Случайна кръвна захар
endocrinology_type 2 diabetes_14_BGgpt	DISEASE	1145	1165	захарен диабет тип 2
endocrinology_type 2 diabetes_14_BGgpt	OBSERVATION	1210	1217	находки
endocrinology_type 2 diabetes_14_BGgpt	DISEASE	1247	1266	диабетни усложнения
endocrinology_type 2 diabetes_14_BGgpt	PROCEDURE	1281	1294	Офталмоскопия
endocrinology_type 2 diabetes_14_BGgpt	OBSERVATION	1299	1306	Находки
endocrinology_type 2 diabetes_14_BGgpt	PROCEDURE	1312	1331	Преглед на ходилата
endocrinology_type 2 diabetes_14_BGgpt	OBSERVATION	1336	1343	Находки
endocrinology_type 2 diabetes_14_BGgpt	PROCEDURE	1349	1368	Изследване на урина
endocrinology_type 2 diabetes_14_BGgpt	MEDICATION	1402	1419	Серумен креатинин
endocrinology_type 2 diabetes_14_BGgpt	MEDICATION	1438	1452	Липиден профил
endocrinology_type 2 diabetes_14_BGgpt	PROCEDURE	1480	1497	Започнато лечение
endocrinology_type 2 diabetes_14_BGgpt	MEDICATION	1505	1514	Метформин
endocrinology_type 2 diabetes_15_BGgpt	SYMPTOM	324	332	полиурия
endocrinology_type 2 diabetes_15_BGgpt	SYMPTOM	334	344	полидипсия
endocrinology_type 2 diabetes_15_BGgpt	SYMPTOM	559	567	симптоми
endocrinology_type 2 diabetes_15_BGgpt	DISEASE	597	617	захарен диабет тип 2
endocrinology_type 2 diabetes_15_BGgpt	SYMPTOM	642	650	полиурия
endocrinology_type 2 diabetes_15_BGgpt	SYMPTOM	652	662	полидипсия
endocrinology_type 2 diabetes_15_BGgpt	OBSERVATION	1158	1178	Диагностични находки
endocrinology_type 2 diabetes_15_BGgpt	PROCEDURE	1282	1312	Орален глюкозо-толерантен тест
endocrinology_type 2 diabetes_15_BGgpt	PROCEDURE	1314	1318	ОГТТ
endocrinology_type 2 diabetes_15_BGgpt	DISEASE	1609	1629	Захарен диабет тип 2
endocrinology_type 2 diabetes_15_BGgpt	DISEASE	1631	1644	неконтролиран
endocrinology_type 2 diabetes_16_BGgpt	DISEASE	297	317	Захарен диабет тип 2
endocrinology_type 2 diabetes_16_BGgpt	PROCEDURE	330	339	лечението
endocrinology_type 2 diabetes_16_BGgpt	SYMPTOM	410	420	хипертония
endocrinology_type 2 diabetes_16_BGgpt	SYMPTOM	423	435	затлъстяване
endocrinology_type 2 diabetes_16_BGgpt	SYMPTOM	499	507	полиурия
endocrinology_type 2 diabetes_16_BGgpt	SYMPTOM	509	519	полидипсия
endocrinology_type 2 diabetes_16_BGgpt	SYMPTOM	522	548	необяснима загуба на тегло
endocrinology_type 2 diabetes_16_BGgpt	PROCEDURE	645	652	лечение
endocrinology_type 2 diabetes_16_BGgpt	DISEASE	656	681	съмнителен захарен диабет
endocrinology_type 2 diabetes_16_BGgpt	PROCEDURE	714	737	лабораторни изследвания
endocrinology_type 2 diabetes_16_BGgpt	DISEASE	869	889	захарен диабет тип 2
endocrinology_type 2 diabetes_16_BGgpt	PROCEDURE	891	921	Орален глюкозо-толерантен тест
endocrinology_type 2 diabetes_16_BGgpt	PROCEDURE	923	927	ОГТТ
endocrinology_type 2 diabetes_16_BGgpt	PROCEDURE	1052	1077	пълен преглед на ходилата
endocrinology_type 2 diabetes_16_BGgpt	PROCEDURE	1079	1101	офталмологичен преглед
endocrinology_type 2 diabetes_16_BGgpt	DISEASE	1279	1295	микроалбуминурия
endocrinology_type 2 diabetes_16_BGgpt	PROCEDURE	1298	1307	Лечението
endocrinology_type 2 diabetes_16_BGgpt	PROCEDURE	1419	1437	гликемичен контрол
endocrinology_type 2 diabetes_16_BGgpt	PROCEDURE	1443	1448	диета
endocrinology_type 2 diabetes_16_BGgpt	PROCEDURE	1706	1713	лечение
endocrinology_type 2 diabetes_16_BGgpt	MEDICATION	1716	1725	метформин
endocrinology_type 2 diabetes_16_BGgpt	PROCEDURE	1878	1885	лечение
endocrinology_type 2 diabetes_16_BGgpt	MEDICATION	1913	1928	GLP-1 рецептора
endocrinology_type 2 diabetes_16_BGgpt	MEDICATION	1931	1941	семаглутид
endocrinology_type 2 diabetes_17_BGgpt	DISEASE	284	304	Захарен диабет тип 2
endocrinology_type 2 diabetes_17_BGgpt	SYMPTOM	431	439	полиурия
endocrinology_type 2 diabetes_17_BGgpt	SYMPTOM	441	451	полидипсия
endocrinology_type 2 diabetes_17_BGgpt	SYMPTOM	454	481	неволно отслабване на тегло
endocrinology_type 2 diabetes_17_BGgpt	PROCEDURE	551	554	КЗГ
endocrinology_type 2 diabetes_17_BGgpt	DISEASE	639	659	захарен диабет тип 2
endocrinology_type 2 diabetes_17_BGgpt	PROCEDURE	661	691	Орален глюкозо-толерантен тест
endocrinology_type 2 diabetes_17_BGgpt	PROCEDURE	693	697	ОГТТ
endocrinology_type 2 diabetes_17_BGgpt	PROCEDURE	754	757	КЗГ
endocrinology_type 2 diabetes_17_BGgpt	PROCEDURE	810	818	скрининг
endocrinology_type 2 diabetes_17_BGgpt	MEDICATION	1092	1101	Метформин
endocrinology_type 2 diabetes_17_BGgpt	PROCEDURE	1304	1311	терапия
endocrinology_type 2 diabetes_17_BGgpt	DISEASE	1331	1351	захарен диабет тип 2
endocrinology_type 2 diabetes_18_BGgpt	DISEASE	231	251	Захарен диабет тип 2
endocrinology_type 2 diabetes_18_BGgpt	SYMPTOM	363	378	постоянна жажда
endocrinology_type 2 diabetes_18_BGgpt	SYMPTOM	380	395	често уриниране
endocrinology_type 2 diabetes_18_BGgpt	SYMPTOM	398	424	необяснима загуба на тегло
endocrinology_type 2 diabetes_18_BGgpt	SYMPTOM	481	505	замъглено зрение и умора
endocrinology_type 2 diabetes_18_BGgpt	SYMPTOM	594	610	Фамилна анамнеза
endocrinology_type 2 diabetes_18_BGgpt	DISEASE	642	662	захарен диабет тип 2
endocrinology_type 2 diabetes_18_BGgpt	OBSERVATION	667	683	Клинични находки
endocrinology_type 2 diabetes_18_BGgpt	PROCEDURE	732	754	индекс на телесна маса
endocrinology_type 2 diabetes_18_BGgpt	PROCEDURE	835	873	Първоначалните лабораторни изследвания
endocrinology_type 2 diabetes_18_BGgpt	DISEASE	987	1007	захарен диабет тип 2
endocrinology_type 2 diabetes_18_BGgpt	PROCEDURE	1152	1175	липидна профилна оценка
endocrinology_type 2 diabetes_18_BGgpt	PROCEDURE	1347	1354	терапия
endocrinology_type 2 diabetes_18_BGgpt	MEDICATION	1357	1366	Метформин
endocrinology_type 2 diabetes_18_BGgpt	DISEASE	1437	1457	захарен диабет тип 2
endocrinology_type 2 diabetes_18_BGgpt	MEDICATION	1514	1529	GLP-1 рецептора
endocrinology_type 2 diabetes_18_BGgpt	MEDICATION	1532	1542	Семаглутид
endocrinology_type 2 diabetes_18_BGgpt	PROCEDURE	1618	1637	гликемичния контрол
endocrinology_type 2 diabetes_18_BGgpt	PROCEDURE	1994	2018	медикаментозната терапия
endocrinology_type 2 diabetes_19_BGgpt	DISEASE	270	290	Захарен диабет тип 2
endocrinology_type 2 diabetes_19_BGgpt	DISEASE	317	327	Хипертония
endocrinology_type 2 diabetes_19_BGgpt	DISEASE	329	341	Затлъстяване
endocrinology_type 2 diabetes_19_BGgpt	SYMPTOM	485	495	полидипсия
endocrinology_type 2 diabetes_19_BGgpt	SYMPTOM	497	505	полиурия
endocrinology_type 2 diabetes_19_BGgpt	SYMPTOM	508	534	необяснима загуба на тегло
endocrinology_type 2 diabetes_19_BGgpt	DISEASE	719	739	захарен диабет тип 2
endocrinology_type 2 diabetes_19_BGgpt	DISEASE	783	793	хипертония
endocrinology_type 2 diabetes_19_BGgpt	DISEASE	814	826	затлъстяване
endocrinology_type 2 diabetes_19_BGgpt	PROCEDURE	998	1020	медикаментозна терапия
endocrinology_type 2 diabetes_19_BGgpt	PROCEDURE	1048	1078	орален глюкозо-толерантен тест
endocrinology_type 2 diabetes_19_BGgpt	PROCEDURE	1080	1084	ОГТТ
endocrinology_type 2 diabetes_19_BGgpt	PROCEDURE	1198	1220	медикаментозна терапия
endocrinology_type 2 diabetes_19_BGgpt	MEDICATION	1227	1236	Метформин
endocrinology_type 2 diabetes_19_BGgpt	MEDICATION	1380	1390	Семаглутид
endocrinology_type 2 diabetes_19_BGgpt	MEDICATION	1586	1602	Лизиноприл 10 mg
endocrinology_type 2 diabetes_19_BGgpt	DISEASE	1631	1641	хипертония
endocrinology_type 2 diabetes_1_BGgpt	SYMPTOM	349	364	постоянна жажда
endocrinology_type 2 diabetes_1_BGgpt	SYMPTOM	366	381	често уриниране
endocrinology_type 2 diabetes_1_BGgpt	SYMPTOM	384	410	необяснима загуба на тегло
endocrinology_type 2 diabetes_1_BGgpt	DISEASE	637	651	захарен диабет
endocrinology_type 2 diabetes_1_BGgpt	PROCEDURE	898	928	Орален глюкозо-толерантен тест
endocrinology_type 2 diabetes_1_BGgpt	PROCEDURE	930	934	ОГТТ
endocrinology_type 2 diabetes_1_BGgpt	DISEASE	1004	1026	Спонтанна кръвна захар
endocrinology_type 2 diabetes_1_BGgpt	PROCEDURE	1058	1075	първичния преглед
endocrinology_type 2 diabetes_1_BGgpt	SYMPTOM	1157	1168	Отрицателен
endocrinology_type 2 diabetes_1_BGgpt	DISEASE	1342	1362	Захарен диабет тип 2
endocrinology_type 2 diabetes_1_BGgpt	PROCEDURE	1369	1376	Лечение
endocrinology_type 2 diabetes_1_BGgpt	MEDICATION	1437	1446	Метформин
endocrinology_type 2 diabetes_20_BGgpt	DISEASE	363	383	Захарен диабет тип 2
endocrinology_type 2 diabetes_20_BGgpt	DISEASE	408	429	Артериална хипертония
endocrinology_type 2 diabetes_20_BGgpt	DISEASE	431	443	Дислипидемия
endocrinology_type 2 diabetes_20_BGgpt	SYMPTOM	584	592	полиурия
endocrinology_type 2 diabetes_20_BGgpt	SYMPTOM	594	604	полидипсия
endocrinology_type 2 diabetes_20_BGgpt	SYMPTOM	607	634	неволно отслабване на тегло
endocrinology_type 2 diabetes_20_BGgpt	PROCEDURE	661	699	Първоначалните лабораторни изследвания
endocrinology_type 2 diabetes_20_BGgpt	DISEASE	830	850	захарен диабет тип 2
endocrinology_type 2 diabetes_20_BGgpt	PROCEDURE	1022	1052	орален глюкозо-толерантен тест
endocrinology_type 2 diabetes_20_BGgpt	PROCEDURE	1054	1058	ОГТТ
endocrinology_type 2 diabetes_20_BGgpt	DISEASE	1103	1117	захарен диабет
endocrinology_type 2 diabetes_20_BGgpt	PROCEDURE	1207	1226	физическа активност
endocrinology_type 2 diabetes_20_BGgpt	PROCEDURE	1229	1251	медикаментозна терапия
endocrinology_type 2 diabetes_20_BGgpt	MEDICATION	1303	1312	Метформин
endocrinology_type 2 diabetes_20_BGgpt	MEDICATION	1493	1503	Семаглутид
endocrinology_type 2 diabetes_20_BGgpt	MEDICATION	1516	1530	GLP-1 рецептор
endocrinology_type 2 diabetes_20_BGgpt	MEDICATION	1731	1741	Лизиноприл
endocrinology_type 2 diabetes_20_BGgpt	DISEASE	1746	1767	артериална хипертония
endocrinology_type 2 diabetes_21_BGgpt	DISEASE	277	297	Захарен диабет тип 2
endocrinology_type 2 diabetes_21_BGgpt	DISEASE	322	332	Хипертония
endocrinology_type 2 diabetes_21_BGgpt	DISEASE	334	346	Дислипидемия
endocrinology_type 2 diabetes_21_BGgpt	SYMPTOM	477	485	полиурия
endocrinology_type 2 diabetes_21_BGgpt	SYMPTOM	487	497	полидипсия
endocrinology_type 2 diabetes_21_BGgpt	SYMPTOM	500	526	необяснима загуба на тегло
endocrinology_type 2 diabetes_21_BGgpt	SYMPTOM	578	594	замъглено зрение
endocrinology_type 2 diabetes_21_BGgpt	SYMPTOM	597	628	периодично изтръпване в краката
endocrinology_type 2 diabetes_21_BGgpt	DISEASE	653	663	хипертония
endocrinology_type 2 diabetes_21_BGgpt	MEDICATION	680	690	лизиноприл
endocrinology_type 2 diabetes_21_BGgpt	DISEASE	707	719	дислипидемия
endocrinology_type 2 diabetes_21_BGgpt	MEDICATION	732	744	аторвастатин
endocrinology_type 2 diabetes_21_BGgpt	DISEASE	804	824	захарен диабет тип 2
endocrinology_type 2 diabetes_21_BGgpt	PROCEDURE	909	932	лабораторни изследвания
endocrinology_type 2 diabetes_21_BGgpt	DISEASE	1052	1072	захарен диабет тип 2
endocrinology_type 2 diabetes_21_BGgpt	PROCEDURE	1074	1104	Орален глюкозо-толерантен тест
endocrinology_type 2 diabetes_21_BGgpt	PROCEDURE	1106	1110	ОГТТ
endocrinology_type 2 diabetes_21_BGgpt	PROCEDURE	1255	1269	липиден профил
endocrinology_type 2 diabetes_21_BGgpt	PROCEDURE	1272	1302	анализ на урина за албуминурия
endocrinology_type 2 diabetes_21_BGgpt	DISEASE	1364	1380	микроалбуминурия
endocrinology_type 2 diabetes_21_BGgpt	MEDICATION	1459	1468	метформин
endocrinology_type 2 diabetes_21_BGgpt	MEDICATION	1722	1737	GLP-1 рецептора
endocrinology_type 2 diabetes_21_BGgpt	MEDICATION	1739	1749	семаглутид
endocrinology_type 2 diabetes_21_BGgpt	DISEASE	5055	5075	Захарен диабет тип 2
endocrinology_type 2 diabetes_21_BGgpt	DISEASE	5100	5110	Хипертония
endocrinology_type 2 diabetes_21_BGgpt	DISEASE	5112	5124	Дислипидемия
endocrinology_type 2 diabetes_21_BGgpt	SYMPTOM	5255	5263	полиурия
endocrinology_type 2 diabetes_21_BGgpt	SYMPTOM	5265	5275	полидипсия
endocrinology_type 2 diabetes_21_BGgpt	SYMPTOM	5278	5304	необяснима загуба на тегло
endocrinology_type 2 diabetes_21_BGgpt	SYMPTOM	5356	5372	замъглено зрение
endocrinology_type 2 diabetes_21_BGgpt	SYMPTOM	5375	5406	периодично изтръпване в краката
endocrinology_type 2 diabetes_21_BGgpt	DISEASE	5431	5441	хипертония
endocrinology_type 2 diabetes_21_BGgpt	MEDICATION	5458	5468	лизиноприл
endocrinology_type 2 diabetes_21_BGgpt	DISEASE	5485	5497	дислипидемия
endocrinology_type 2 diabetes_21_BGgpt	MEDICATION	5510	5522	аторвастатин
endocrinology_type 2 diabetes_21_BGgpt	DISEASE	5582	5602	захарен диабет тип 2
endocrinology_type 2 diabetes_21_BGgpt	PROCEDURE	5687	5710	лабораторни изследвания
endocrinology_type 2 diabetes_21_BGgpt	DISEASE	5830	5850	захарен диабет тип 2
endocrinology_type 2 diabetes_21_BGgpt	PROCEDURE	5852	5882	Орален глюкозо-толерантен тест
endocrinology_type 2 diabetes_21_BGgpt	PROCEDURE	5884	5888	ОГТТ
endocrinology_type 2 diabetes_21_BGgpt	PROCEDURE	6033	6047	липиден профил
endocrinology_type 2 diabetes_21_BGgpt	PROCEDURE	6050	6080	анализ на урина за албуминурия
endocrinology_type 2 diabetes_21_BGgpt	DISEASE	6142	6158	микроалбуминурия
endocrinology_type 2 diabetes_21_BGgpt	MEDICATION	6237	6246	метформин
endocrinology_type 2 diabetes_21_BGgpt	MEDICATION	6500	6515	GLP-1 рецептора
endocrinology_type 2 diabetes_21_BGgpt	MEDICATION	6517	6527	семаглутид
endocrinology_type 2 diabetes_22_BGgpt	DISEASE	266	286	Захарен диабет тип 2
endocrinology_type 2 diabetes_22_BGgpt	DISEASE	314	324	Хипертония
endocrinology_type 2 diabetes_22_BGgpt	DISEASE	326	337	Дислпидемия
endocrinology_type 2 diabetes_22_BGgpt	SYMPTOM	483	491	полиурия
endocrinology_type 2 diabetes_22_BGgpt	SYMPTOM	493	503	полидипсия
endocrinology_type 2 diabetes_22_BGgpt	SYMPTOM	506	532	необяснима загуба на тегло
endocrinology_type 2 diabetes_22_BGgpt	DISEASE	722	742	захарен диабет тип 2
endocrinology_type 2 diabetes_22_BGgpt	PROCEDURE	820	844	допълнителна диагностика
endocrinology_type 2 diabetes_22_BGgpt	PROCEDURE	923	953	орален глюкозо-толерантен тест
endocrinology_type 2 diabetes_22_BGgpt	PROCEDURE	955	959	ОГТТ
endocrinology_type 2 diabetes_22_BGgpt	DISEASE	1003	1028	нарушен глюкозен толеранс
endocrinology_type 2 diabetes_22_BGgpt	PROCEDURE	1516	1526	Скринингът
endocrinology_type 2 diabetes_22_BGgpt	OBSERVATION	1602	1629	наличие на микроалбуминурия
endocrinology_type 2 diabetes_22_BGgpt	DISEASE	1675	1686	дислпидемия
endocrinology_type 2 diabetes_22_BGgpt	DISEASE	1721	1741	захарен диабет тип 2
endocrinology_type 2 diabetes_22_BGgpt	MEDICATION	1791	1800	Метформин
endocrinology_type 2 diabetes_22_BGgpt	DISEASE	1928	1948	захарен диабет тип 2
endocrinology_type 2 diabetes_22_BGgpt	MEDICATION	1957	1967	Семаглутид
endocrinology_type 2 diabetes_22_BGgpt	MEDICATION	1969	1982	GLP-1 агонист
endocrinology_type 2 diabetes_23_BGgpt	DISEASE	335	355	Захарен диабет тип 2
endocrinology_type 2 diabetes_23_BGgpt	SYMPTOM	492	500	полиурия
endocrinology_type 2 diabetes_23_BGgpt	SYMPTOM	502	512	полидипсия
endocrinology_type 2 diabetes_23_BGgpt	SYMPTOM	515	541	необяснима загуба на тегло
endocrinology_type 2 diabetes_23_BGgpt	SYMPTOM	613	616	ГПГ
endocrinology_type 2 diabetes_23_BGgpt	DISEASE	701	721	захарен диабет тип 2
endocrinology_type 2 diabetes_23_BGgpt	PROCEDURE	723	753	Орален глюкозо-толерантен тест
endocrinology_type 2 diabetes_23_BGgpt	PROCEDURE	755	759	ОГТТ
endocrinology_type 2 diabetes_23_BGgpt	PROCEDURE	863	882	цялостно изследване
endocrinology_type 2 diabetes_23_BGgpt	PROCEDURE	909	930	Прегледът на ходилата
endocrinology_type 2 diabetes_23_BGgpt	PROCEDURE	1004	1028	офталмологичният преглед
endocrinology_type 2 diabetes_23_BGgpt	PROCEDURE	1075	1088	Уринният тест
endocrinology_type 2 diabetes_23_BGgpt	PROCEDURE	1279	1301	Медикаментозно лечение
endocrinology_type 2 diabetes_23_BGgpt	MEDICATION	1311	1320	Метформин
endocrinology_type 2 diabetes_23_BGgpt	MEDICATION	1483	1493	Семаглутид
endocrinology_type 2 diabetes_23_BGgpt	PROCEDURE	1511	1518	терапия
endocrinology_type 2 diabetes_23_BGgpt	PROCEDURE	1744	1762	гликемичен контрол
endocrinology_type 2 diabetes_23_BGgpt	MEDICATION	1770	1782	Аторвастатин
endocrinology_type 2 diabetes_24_BGgpt	SYMPTOM	267	277	оплаквания
endocrinology_type 2 diabetes_24_BGgpt	SYMPTOM	304	314	оплаквания
endocrinology_type 2 diabetes_24_BGgpt	SYMPTOM	318	326	полиурия
endocrinology_type 2 diabetes_24_BGgpt	SYMPTOM	328	338	полидипсия
endocrinology_type 2 diabetes_24_BGgpt	SYMPTOM	341	368	неволно отслабване на тегло
endocrinology_type 2 diabetes_24_BGgpt	SYMPTOM	570	580	оплаквания
endocrinology_type 2 diabetes_24_BGgpt	SYMPTOM	584	604	прекомерно уриниране
endocrinology_type 2 diabetes_24_BGgpt	SYMPTOM	606	617	силна жажда
endocrinology_type 2 diabetes_24_BGgpt	DISEASE	699	713	захарен диабет
endocrinology_type 2 diabetes_24_BGgpt	PROCEDURE	1198	1228	Орален глюкозо-толерантен тест
endocrinology_type 2 diabetes_24_BGgpt	PROCEDURE	1230	1234	ОГТТ
endocrinology_type 2 diabetes_24_BGgpt	PROCEDURE	1422	1441	преглед на ходилата
endocrinology_type 2 diabetes_24_BGgpt	PROCEDURE	1507	1520	офталмоскопия
endocrinology_type 2 diabetes_24_BGgpt	DISEASE	1766	1786	захарен диабет тип 2
endocrinology_type 2 diabetes_24_BGgpt	PROCEDURE	1851	1883	интравенозна (i.v.) рехидратация
endocrinology_type 2 diabetes_24_BGgpt	PROCEDURE	1898	1905	терапия
endocrinology_type 2 diabetes_24_BGgpt	MEDICATION	1908	1917	метформин
endocrinology_type 2 diabetes_25_BGgpt	SYMPTOM	389	405	прекомерна жажда
endocrinology_type 2 diabetes_25_BGgpt	SYMPTOM	407	422	често уриниране
endocrinology_type 2 diabetes_25_BGgpt	SYMPTOM	425	460	скорошна необяснена загуба на тегло
endocrinology_type 2 diabetes_25_BGgpt	SYMPTOM	476	486	симптомите
endocrinology_type 2 diabetes_25_BGgpt	DISEASE	558	578	захарен диабет тип 2
endocrinology_type 2 diabetes_25_BGgpt	OBSERVATION	583	603	Диагностични находки
endocrinology_type 2 diabetes_25_BGgpt	PROCEDURE	780	810	Орален глюкозо-толерантен тест
endocrinology_type 2 diabetes_25_BGgpt	PROCEDURE	812	816	ОГТТ
endocrinology_type 2 diabetes_25_BGgpt	DISEASE	840	865	нарушен глюкозен толеранс
endocrinology_type 2 diabetes_25_BGgpt	DISEASE	873	890	Случайна гликемия
endocrinology_type 2 diabetes_25_BGgpt	DISEASE	969	989	захарен диабет тип 2
endocrinology_type 2 diabetes_25_BGgpt	PROCEDURE	1158	1186	немедикаментозни интервенции
endocrinology_type 2 diabetes_25_BGgpt	PROCEDURE	1194	1226	Приложена медикаментозна терапия
endocrinology_type 2 diabetes_25_BGgpt	MEDICATION	1237	1246	Метформин
endocrinology_type 2 diabetes_25_BGgpt	MEDICATION	1448	1466	семаглутид 0.25 mg
endocrinology_type 2 diabetes_25_BGgpt	PROCEDURE	1690	1715	диетологично консултиране
endocrinology_type 2 diabetes_26_BGgpt	DISEASE	310	330	Захарен диабет тип 2
endocrinology_type 2 diabetes_26_BGgpt	DISEASE	359	380	Артериална хипертония
endocrinology_type 2 diabetes_26_BGgpt	DISEASE	382	394	Затлъстяване
endocrinology_type 2 diabetes_26_BGgpt	SYMPTOM	544	560	прекомерна жажда
endocrinology_type 2 diabetes_26_BGgpt	SYMPTOM	562	577	често уриниране
endocrinology_type 2 diabetes_26_BGgpt	SYMPTOM	579	596	необяснима загуба
endocrinology_type 2 diabetes_26_BGgpt	SYMPTOM	600	605	тегло
endocrinology_type 2 diabetes_26_BGgpt	SYMPTOM	608	624	замъглено зрение
endocrinology_type 2 diabetes_26_BGgpt	DISEASE	688	709	артериална хипертония
endocrinology_type 2 diabetes_26_BGgpt	MEDICATION	762	773	медикаменти
endocrinology_type 2 diabetes_26_BGgpt	SYMPTOM	797	813	фамилна анамнеза
endocrinology_type 2 diabetes_26_BGgpt	DISEASE	817	837	захарен диабет тип 2
endocrinology_type 2 diabetes_26_BGgpt	PROCEDURE	858	875	физикален преглед
endocrinology_type 2 diabetes_26_BGgpt	DISEASE	933	945	затлъстяване
endocrinology_type 2 diabetes_26_BGgpt	SYMPTOM	1241	1268	Повишени ЛНП и триглицериди
endocrinology_type 2 diabetes_26_BGgpt	DISEASE	1405	1447	Лека непролиферативна диабетна ретинопатия
endocrinology_type 2 diabetes_26_BGgpt	DISEASE	1517	1537	захарен диабет тип 2
endocrinology_type 2 diabetes_26_BGgpt	MEDICATION	1555	1566	медикаменти
endocrinology_type 2 diabetes_26_BGgpt	MEDICATION	1576	1585	Метформин
endocrinology_type 2 diabetes_26_BGgpt	DISEASE	4922	4942	Захарен диабет тип 2
endocrinology_type 2 diabetes_26_BGgpt	DISEASE	4971	4992	Артериална хипертония
endocrinology_type 2 diabetes_26_BGgpt	DISEASE	4994	5006	Затлъстяване
endocrinology_type 2 diabetes_26_BGgpt	SYMPTOM	5156	5172	прекомерна жажда
endocrinology_type 2 diabetes_26_BGgpt	SYMPTOM	5174	5189	често уриниране
endocrinology_type 2 diabetes_26_BGgpt	SYMPTOM	5191	5208	необяснима загуба
endocrinology_type 2 diabetes_26_BGgpt	SYMPTOM	5212	5217	тегло
endocrinology_type 2 diabetes_26_BGgpt	SYMPTOM	5220	5236	замъглено зрение
endocrinology_type 2 diabetes_26_BGgpt	DISEASE	5300	5321	артериална хипертония
endocrinology_type 2 diabetes_26_BGgpt	MEDICATION	5374	5385	медикаменти
endocrinology_type 2 diabetes_26_BGgpt	SYMPTOM	5409	5425	фамилна анамнеза
endocrinology_type 2 diabetes_26_BGgpt	DISEASE	5429	5449	захарен диабет тип 2
endocrinology_type 2 diabetes_26_BGgpt	PROCEDURE	5470	5487	физикален преглед
endocrinology_type 2 diabetes_26_BGgpt	DISEASE	5545	5557	затлъстяване
endocrinology_type 2 diabetes_26_BGgpt	SYMPTOM	5853	5880	Повишени ЛНП и триглицериди
endocrinology_type 2 diabetes_26_BGgpt	DISEASE	6017	6059	Лека непролиферативна диабетна ретинопатия
endocrinology_type 2 diabetes_26_BGgpt	DISEASE	6129	6149	захарен диабет тип 2
endocrinology_type 2 diabetes_26_BGgpt	MEDICATION	6167	6178	медикаменти
endocrinology_type 2 diabetes_26_BGgpt	MEDICATION	6188	6197	Метформин
endocrinology_type 2 diabetes_27_BGgpt	SYMPTOM	293	308	постоянна жажда
endocrinology_type 2 diabetes_27_BGgpt	SYMPTOM	310	325	често уриниране
endocrinology_type 2 diabetes_27_BGgpt	SYMPTOM	327	353	необяснима загуба на тегло
endocrinology_type 2 diabetes_27_BGgpt	SYMPTOM	356	372	обща отпадналост
endocrinology_type 2 diabetes_27_BGgpt	DISEASE	404	412	Анамнеза
endocrinology_type 2 diabetes_27_BGgpt	DISEASE	440	461	артериална хипертония
endocrinology_type 2 diabetes_27_BGgpt	MEDICATION	478	489	медикаменти
endocrinology_type 2 diabetes_27_BGgpt	DISEASE	513	533	захарен диабет тип 2
endocrinology_type 2 diabetes_27_BGgpt	SYMPTOM	535	540	майка
endocrinology_type 2 diabetes_27_BGgpt	PROCEDURE	841	871	Орален глюкозо-толерантен тест
endocrinology_type 2 diabetes_27_BGgpt	PROCEDURE	873	877	ОГТТ
endocrinology_type 2 diabetes_27_BGgpt	PROCEDURE	952	974	Спонтанна кръвна захар
endocrinology_type 2 diabetes_27_BGgpt	PROCEDURE	1119	1138	преглед на ходилата
endocrinology_type 2 diabetes_27_BGgpt	PROCEDURE	1171	1184	офталмоскопия
endocrinology_type 2 diabetes_27_BGgpt	PROCEDURE	1230	1249	изследване на урина
endocrinology_type 2 diabetes_27_BGgpt	DISEASE	1467	1487	захарен диабет тип 2
endocrinology_type 2 diabetes_27_BGgpt	MEDICATION	1555	1566	медикаменти
endocrinology_type 2 diabetes_27_BGgpt	MEDICATION	1574	1583	Метформин
endocrinology_type 2 diabetes_27_BGgpt	PROCEDURE	1678	1697	гликемичния контрол
endocrinology_type 2 diabetes_27_BGgpt	MEDICATION	1703	1714	Симвастатин
endocrinology_type 2 diabetes_27_BGgpt	MEDICATION	1786	1811	GLP-1 рецепторни агонисти
endocrinology_type 2 diabetes_27_BGgpt	MEDICATION	1814	1830	SGLT2 инхибитори
endocrinology_type 2 diabetes_28_BGgpt	DISEASE	244	264	Захарен диабет тип 2
endocrinology_type 2 diabetes_28_BGgpt	SYMPTOM	448	460	затлъстяване
endocrinology_type 2 diabetes_28_BGgpt	SYMPTOM	512	527	постоянна жажда
endocrinology_type 2 diabetes_28_BGgpt	SYMPTOM	529	544	често уриниране
endocrinology_type 2 diabetes_28_BGgpt	SYMPTOM	547	577	скорошна непреднамерена загуба
endocrinology_type 2 diabetes_28_BGgpt	SYMPTOM	644	652	анамнеза
endocrinology_type 2 diabetes_28_BGgpt	DISEASE	1146	1166	захарен диабет тип 2
endocrinology_type 2 diabetes_28_BGgpt	PROCEDURE	1656	1662	оценка
endocrinology_type 2 diabetes_28_BGgpt	PROCEDURE	1787	1794	Терапия
endocrinology_type 2 diabetes_28_BGgpt	MEDICATION	1797	1806	метформин
endocrinology_type 2 diabetes_29_BGgpt	SYMPTOM	406	414	полиурия
endocrinology_type 2 diabetes_29_BGgpt	SYMPTOM	416	426	полидипсия
endocrinology_type 2 diabetes_29_BGgpt	SYMPTOM	429	455	необяснима загуба на тегло
endocrinology_type 2 diabetes_29_BGgpt	SYMPTOM	506	516	хипертония
endocrinology_type 2 diabetes_29_BGgpt	DISEASE	586	600	захарен диабет
endocrinology_type 2 diabetes_29_BGgpt	DISEASE	610	622	диабет тип 2
endocrinology_type 2 diabetes_29_BGgpt	DISEASE	676	696	захарен диабет тип 2
endocrinology_type 2 diabetes_29_BGgpt	DISEASE	698	702	ЗДТ2
endocrinology_type 2 diabetes_29_BGgpt	OBSERVATION	708	728	Диагностични находки
endocrinology_type 2 diabetes_29_BGgpt	PROCEDURE	870	900	Орален глюкозо-толерантен тест
endocrinology_type 2 diabetes_29_BGgpt	PROCEDURE	902	906	ОГТТ
endocrinology_type 2 diabetes_29_BGgpt	OBSERVATION	992	1013	Случайна кръвна захар
endocrinology_type 2 diabetes_29_BGgpt	PROCEDURE	1053	1077	Допълнителни изследвания
endocrinology_type 2 diabetes_29_BGgpt	SYMPTOM	1087	1098	албуминурия
endocrinology_type 2 diabetes_29_BGgpt	SYMPTOM	1154	1170	ранна нефропатия
endocrinology_type 2 diabetes_29_BGgpt	DISEASE	1214	1226	дислипидемия
endocrinology_type 2 diabetes_29_BGgpt	DISEASE	1292	1312	захарен диабет тип 2
endocrinology_type 2 diabetes_29_BGgpt	PROCEDURE	1560	1569	лечението
endocrinology_type 2 diabetes_29_BGgpt	MEDICATION	1608	1617	Метформин
endocrinology_type 2 diabetes_2_BGgpt	DISEASE	295	315	Захарен диабет тип 2
endocrinology_type 2 diabetes_2_BGgpt	DISEASE	344	354	Хипертония
endocrinology_type 2 diabetes_2_BGgpt	DISEASE	356	368	Затлъстяване
endocrinology_type 2 diabetes_2_BGgpt	SYMPTOM	465	473	симптоми
endocrinology_type 2 diabetes_2_BGgpt	SYMPTOM	477	485	полиурия
endocrinology_type 2 diabetes_2_BGgpt	SYMPTOM	487	501	повишена жажда
endocrinology_type 2 diabetes_2_BGgpt	SYMPTOM	504	521	необяснима загуба
endocrinology_type 2 diabetes_2_BGgpt	SYMPTOM	525	530	тегло
endocrinology_type 2 diabetes_2_BGgpt	SYMPTOM	605	613	симптоми
endocrinology_type 2 diabetes_2_BGgpt	DISEASE	768	780	затлъстяване
endocrinology_type 2 diabetes_2_BGgpt	PROCEDURE	795	818	лабораторни изследвания
endocrinology_type 2 diabetes_2_BGgpt	PROCEDURE	832	854	кръвна захар на гладно
endocrinology_type 2 diabetes_2_BGgpt	PROCEDURE	856	859	КЗГ
endocrinology_type 2 diabetes_2_BGgpt	PROCEDURE	889	919	орален глюкозо-толерантен тест
endocrinology_type 2 diabetes_2_BGgpt	PROCEDURE	921	925	ОГТТ
endocrinology_type 2 diabetes_2_BGgpt	PROCEDURE	953	956	КЗГ
endocrinology_type 2 diabetes_2_BGgpt	PROCEDURE	968	970	ГХ
endocrinology_type 2 diabetes_2_BGgpt	PROCEDURE	987	999	кръвна захар
endocrinology_type 2 diabetes_2_BGgpt	PROCEDURE	1005	1009	ОГТТ
endocrinology_type 2 diabetes_2_BGgpt	DISEASE	1084	1104	захарен диабет тип 2
endocrinology_type 2 diabetes_2_BGgpt	PROCEDURE	1109	1116	Лечение
endocrinology_type 2 diabetes_2_BGgpt	PROCEDURE	1127	1134	лечение
endocrinology_type 2 diabetes_2_BGgpt	MEDICATION	1173	1182	Метформин
endocrinology_type 2 diabetes_2_BGgpt	SYMPTOM	1285	1301	добра поносимост
endocrinology_type 2 diabetes_2_BGgpt	MEDICATION	1343	1358	SGLT2 инхибитор
endocrinology_type 2 diabetes_2_BGgpt	MEDICATION	1361	1374	Дапаглифлозин
endocrinology_type 2 diabetes_2_BGgpt	DISEASE	1483	1497	затлъстяването
endocrinology_type 2 diabetes_2_BGgpt	DISEASE	1500	1512	хипертонията
endocrinology_type 2 diabetes_2_BGgpt	MEDICATION	1520	1530	Лизиноприл
endocrinology_type 2 diabetes_2_BGgpt	DISEASE	1561	1571	хипертония
endocrinology_type 2 diabetes_30_BGgpt	SYMPTOM	382	390	полиурия
endocrinology_type 2 diabetes_30_BGgpt	SYMPTOM	392	402	полидипсия
endocrinology_type 2 diabetes_30_BGgpt	SYMPTOM	405	431	необяснима загуба на тегло
endocrinology_type 2 diabetes_30_BGgpt	DISEASE	612	624	диабет тип 2
endocrinology_type 2 diabetes_30_BGgpt	DISEASE	626	630	ЗДТ2
endocrinology_type 2 diabetes_30_BGgpt	PROCEDURE	693	708	обстоен преглед
endocrinology_type 2 diabetes_30_BGgpt	PROCEDURE	740	753	офталмоскопия
endocrinology_type 2 diabetes_30_BGgpt	PROCEDURE	755	791	изследване на урината за албуминурия
endocrinology_type 2 diabetes_30_BGgpt	PROCEDURE	801	831	измерване на серумен креатинин
endocrinology_type 2 diabetes_30_BGgpt	PROCEDURE	852	860	скрининг
endocrinology_type 2 diabetes_30_BGgpt	DISEASE	864	883	диабетни усложнения
endocrinology_type 2 diabetes_30_BGgpt	DISEASE	922	932	нефропатия
endocrinology_type 2 diabetes_30_BGgpt	DISEASE	935	947	дислипидемия
endocrinology_type 2 diabetes_30_BGgpt	SYMPTOM	1042	1069	липсата на противопоказания
endocrinology_type 2 diabetes_30_BGgpt	PROCEDURE	1083	1090	лечение
endocrinology_type 2 diabetes_30_BGgpt	MEDICATION	1093	1102	метформин
endocrinology_type 2 diabetes_30_BGgpt	MEDICATION	1284	1311	GLP-1 рецептор – семаглутид
endocrinology_type 2 diabetes_30_BGgpt	PROCEDURE	1980	1989	терапията
endocrinology_type 2 diabetes_31_BGgpt	SYMPTOM	400	408	полиурия
endocrinology_type 2 diabetes_31_BGgpt	SYMPTOM	410	420	полидипсия
endocrinology_type 2 diabetes_31_BGgpt	SYMPTOM	423	446	неволна загуба на тегло
endocrinology_type 2 diabetes_31_BGgpt	PROCEDURE	509	519	изследване
endocrinology_type 2 diabetes_31_BGgpt	DISEASE	523	537	захарен диабет
endocrinology_type 2 diabetes_31_BGgpt	OBSERVATION	542	562	Диагностични находки
endocrinology_type 2 diabetes_31_BGgpt	PROCEDURE	596	619	лабораторни изследвания
endocrinology_type 2 diabetes_31_BGgpt	DISEASE	668	671	КЗГ
endocrinology_type 2 diabetes_31_BGgpt	DISEASE	744	764	захарен диабет тип 2
endocrinology_type 2 diabetes_31_BGgpt	PROCEDURE	766	796	Орален глюкозо-толерантен тест
endocrinology_type 2 diabetes_31_BGgpt	PROCEDURE	798	802	ОГТТ
endocrinology_type 2 diabetes_31_BGgpt	OBSERVATION	833	853	диагностични находки
endocrinology_type 2 diabetes_31_BGgpt	PROCEDURE	1171	1193	медикаментозно лечение
endocrinology_type 2 diabetes_31_BGgpt	MEDICATION	1195	1204	Метформин
endocrinology_type 2 diabetes_31_BGgpt	MEDICATION	1360	1370	метформина
endocrinology_type 2 diabetes_31_BGgpt	DISEASE	1432	1455	сърдечна недостатъчност
endocrinology_type 2 diabetes_31_BGgpt	MEDICATION	1468	1499	SGLT2 инхибитор – емпаглифлозин
endocrinology_type 2 diabetes_31_BGgpt	DISEASE	1638	1659	захарния диабет тип 2
endocrinology_type 2 diabetes_32_BGgpt	DISEASE	224	244	Захарен диабет тип 2
endocrinology_type 2 diabetes_32_BGgpt	DISEASE	273	283	Хипертония
endocrinology_type 2 diabetes_32_BGgpt	DISEASE	285	297	Затлъстяване
endocrinology_type 2 diabetes_32_BGgpt	DISEASE	303	311	Анамнеза
endocrinology_type 2 diabetes_32_BGgpt	SYMPTOM	314	324	оплаквания
endocrinology_type 2 diabetes_32_BGgpt	DISEASE	385	395	хипертония
endocrinology_type 2 diabetes_32_BGgpt	DISEASE	398	410	затлъстяване
endocrinology_type 2 diabetes_32_BGgpt	SYMPTOM	475	485	оплаквания
endocrinology_type 2 diabetes_32_BGgpt	SYMPTOM	489	510	персистираща полиурия
endocrinology_type 2 diabetes_32_BGgpt	SYMPTOM	512	522	полидипсия
endocrinology_type 2 diabetes_32_BGgpt	DISEASE	525	551	необяснима загуба на тегло
endocrinology_type 2 diabetes_32_BGgpt	PROCEDURE	829	867	Първоначалните лабораторни изследвания
endocrinology_type 2 diabetes_32_BGgpt	DISEASE	994	1014	захарен диабет тип 2
endocrinology_type 2 diabetes_32_BGgpt	DISEASE	1115	1127	дислипидемия
endocrinology_type 2 diabetes_32_BGgpt	PROCEDURE	1226	1256	Цялостният преглед на ходилата
endocrinology_type 2 diabetes_32_BGgpt	MEDICATION	1456	1472	Метформин 500 мг
endocrinology_type 2 diabetes_32_BGgpt	PROCEDURE	1589	1598	терапията
endocrinology_type 2 diabetes_32_BGgpt	MEDICATION	1620	1635	GLP-1 рецептори
endocrinology_type 2 diabetes_32_BGgpt	MEDICATION	1638	1655	Семаглутид 0.5 мг
endocrinology_type 2 diabetes_33_BGgpt	DISEASE	255	275	Захарен диабет тип 2
endocrinology_type 2 diabetes_33_BGgpt	DISEASE	304	325	Артериална хипертония
endocrinology_type 2 diabetes_33_BGgpt	DISEASE	327	339	Затлъстяване
endocrinology_type 2 diabetes_33_BGgpt	SYMPTOM	356	366	оплаквания
endocrinology_type 2 diabetes_33_BGgpt	SYMPTOM	473	483	оплаквания
endocrinology_type 2 diabetes_33_BGgpt	SYMPTOM	487	501	повишена жажда
endocrinology_type 2 diabetes_33_BGgpt	SYMPTOM	503	518	често уриниране
endocrinology_type 2 diabetes_33_BGgpt	SYMPTOM	520	537	необяснима загуба
endocrinology_type 2 diabetes_33_BGgpt	SYMPTOM	549	565	замъглено зрение
endocrinology_type 2 diabetes_33_BGgpt	DISEASE	656	677	артериална хипертония
endocrinology_type 2 diabetes_33_BGgpt	DISEASE	680	692	затлъстяване
endocrinology_type 2 diabetes_33_BGgpt	DISEASE	714	734	захарен диабет тип 2
endocrinology_type 2 diabetes_33_BGgpt	PROCEDURE	928	958	Орален глюкозо-толерантен тест
endocrinology_type 2 diabetes_33_BGgpt	PROCEDURE	960	964	ОГТТ
endocrinology_type 2 diabetes_33_BGgpt	MEDICATION	1088	1105	Серумен креатинин
endocrinology_type 2 diabetes_33_BGgpt	MEDICATION	1107	1121	Липиден профил
endocrinology_type 2 diabetes_33_BGgpt	PROCEDURE	1124	1158	Изследване на урина за албуминурия
endocrinology_type 2 diabetes_33_BGgpt	MEDICATION	1210	1224	LDL холестерол
endocrinology_type 2 diabetes_33_BGgpt	PROCEDURE	1244	1257	Офталмоскопия
endocrinology_type 2 diabetes_33_BGgpt	PROCEDURE	1360	1378	Преглед на стъпала
endocrinology_type 2 diabetes_33_BGgpt	DISEASE	1549	1569	захарен диабет тип 2
endocrinology_type 2 diabetes_33_BGgpt	PROCEDURE	1574	1581	Лечение
endocrinology_type 2 diabetes_34_BGgpt	DISEASE	580	600	захарен диабет тип 2
endocrinology_type 2 diabetes_34_BGgpt	PROCEDURE	665	671	оценка
endocrinology_type 2 diabetes_34_BGgpt	SYMPTOM	675	683	симптоми
endocrinology_type 2 diabetes_34_BGgpt	SYMPTOM	763	779	замъглено зрение
endocrinology_type 2 diabetes_34_BGgpt	DISEASE	849	859	Хипертония
endocrinology_type 2 diabetes_34_BGgpt	DISEASE	892	906	Хиперлипидемия
endocrinology_type 2 diabetes_34_BGgpt	MEDICATION	1012	1022	Лизиноприл
endocrinology_type 2 diabetes_34_BGgpt	MEDICATION	1040	1052	Аторвастатин
endocrinology_type 2 diabetes_34_BGgpt	PROCEDURE	1263	1282	Физикалният преглед
endocrinology_type 2 diabetes_34_BGgpt	PROCEDURE	1361	1385	Офталмоскопският преглед
endocrinology_type 2 diabetes_34_BGgpt	SYMPTOM	1671	1682	Отрицателен
endocrinology_type 2 diabetes_34_BGgpt	DISEASE	1736	1756	захарен диабет тип 2
endocrinology_type 2 diabetes_34_BGgpt	PROCEDURE	1795	1802	терапия
endocrinology_type 2 diabetes_34_BGgpt	MEDICATION	1805	1814	Метформин
endocrinology_type 2 diabetes_34_BGgpt	DISEASE	1870	1885	хипергликемията
endocrinology_type 2 diabetes_35_BGgpt	DISEASE	244	264	Захарен диабет тип 2
endocrinology_type 2 diabetes_35_BGgpt	PROCEDURE	303	312	лечението
endocrinology_type 2 diabetes_35_BGgpt	SYMPTOM	406	414	полиурия
endocrinology_type 2 diabetes_35_BGgpt	SYMPTOM	416	426	полидипсия
endocrinology_type 2 diabetes_35_BGgpt	SYMPTOM	429	452	неволна загуба на тегло
endocrinology_type 2 diabetes_35_BGgpt	DISEASE	644	664	захарен диабет тип 2
endocrinology_type 2 diabetes_35_BGgpt	PROCEDURE	667	697	Орален глюкозо-толерантен тест
endocrinology_type 2 diabetes_35_BGgpt	PROCEDURE	699	703	ОГТТ
endocrinology_type 2 diabetes_35_BGgpt	SYMPTOM	794	807	хипергликемия
endocrinology_type 2 diabetes_35_BGgpt	PROCEDURE	846	853	лечение
endocrinology_type 2 diabetes_35_BGgpt	PROCEDURE	948	970	медикаментозна терапия
endocrinology_type 2 diabetes_35_BGgpt	PROCEDURE	985	994	лечението
endocrinology_type 2 diabetes_35_BGgpt	MEDICATION	1000	1009	Метформин
endocrinology_type 2 diabetes_35_BGgpt	SYMPTOM	1450	1463	хипергликемия
endocrinology_type 2 diabetes_35_BGgpt	DISEASE	1512	1526	кръвната захар
endocrinology_type 2 diabetes_35_BGgpt	PROCEDURE	1574	1599	пълен преглед на ходилата
endocrinology_type 2 diabetes_35_BGgpt	PROCEDURE	1602	1615	офталмоскопия
endocrinology_type 2 diabetes_35_BGgpt	PROCEDURE	2008	2015	лечение
endocrinology_type 2 diabetes_35_BGgpt	MEDICATION	2020	2026	статин
endocrinology_type 2 diabetes_36_BGgpt	SYMPTOM	325	333	полиурия
endocrinology_type 2 diabetes_36_BGgpt	SYMPTOM	335	345	полидипсия
endocrinology_type 2 diabetes_36_BGgpt	SYMPTOM	348	374	необяснима загуба на тегло
endocrinology_type 2 diabetes_36_BGgpt	SYMPTOM	463	477	повишена жажда
endocrinology_type 2 diabetes_36_BGgpt	SYMPTOM	479	494	често уриниране
endocrinology_type 2 diabetes_36_BGgpt	SYMPTOM	497	523	значителна загуба на тегло
endocrinology_type 2 diabetes_36_BGgpt	PROCEDURE	631	647	медицинска помощ
endocrinology_type 2 diabetes_36_BGgpt	DISEASE	683	704	Артериална хипертония
endocrinology_type 2 diabetes_36_BGgpt	MEDICATION	764	774	лизиноприл
endocrinology_type 2 diabetes_36_BGgpt	DISEASE	791	805	Хиперлипидемия
endocrinology_type 2 diabetes_36_BGgpt	MEDICATION	814	826	симувастатин
endocrinology_type 2 diabetes_36_BGgpt	MEDICATION	910	920	Лизиноприл
endocrinology_type 2 diabetes_36_BGgpt	DISEASE	937	958	артериална хипертония
endocrinology_type 2 diabetes_36_BGgpt	MEDICATION	962	974	Симувастатин
endocrinology_type 2 diabetes_36_BGgpt	DISEASE	991	1005	хиперлипидемия
endocrinology_type 2 diabetes_36_BGgpt	PROCEDURE	1454	1473	Изследване на урина
endocrinology_type 2 diabetes_36_BGgpt	MEDICATION	1504	1521	Серумен креатинин
endocrinology_type 2 diabetes_36_BGgpt	DISEASE	1620	1640	Захарен диабет тип 2
endocrinology_type 2 diabetes_37_BGgpt	SYMPTOM	392	400	симптоми
endocrinology_type 2 diabetes_37_BGgpt	SYMPTOM	404	412	полиурия
endocrinology_type 2 diabetes_37_BGgpt	SYMPTOM	414	424	полидипсия
endocrinology_type 2 diabetes_37_BGgpt	SYMPTOM	427	453	необяснима загуба на тегло
endocrinology_type 2 diabetes_37_BGgpt	OBSERVATION	648	668	Диагностични находки
endocrinology_type 2 diabetes_37_BGgpt	OBSERVATION	678	700	Кръвна захар на гладно
endocrinology_type 2 diabetes_37_BGgpt	PROCEDURE	702	706	КЗНГ
endocrinology_type 2 diabetes_37_BGgpt	PROCEDURE	766	796	Орален глюкозо-толерантен тест
endocrinology_type 2 diabetes_37_BGgpt	PROCEDURE	798	802	ОГТТ
endocrinology_type 2 diabetes_37_BGgpt	PROCEDURE	854	858	КЗНГ
endocrinology_type 2 diabetes_37_BGgpt	OBSERVATION	870	891	Случайна кръвна захар
endocrinology_type 2 diabetes_37_BGgpt	MEDICATION	1112	1129	Серумен креатинин
endocrinology_type 2 diabetes_37_BGgpt	OBSERVATION	1176	1198	диагностичните находки
endocrinology_type 2 diabetes_37_BGgpt	DISEASE	1228	1240	диабет тип 2
endocrinology_type 2 diabetes_37_BGgpt	PROCEDURE	1266	1270	КЗНГ
endocrinology_type 2 diabetes_37_BGgpt	DISEASE	1380	1399	диабетна нефропатия
endocrinology_type 2 diabetes_37_BGgpt	PROCEDURE	1414	1421	лечение
endocrinology_type 2 diabetes_37_BGgpt	MEDICATION	1454	1463	Метформин
endocrinology_type 2 diabetes_38_BGgpt	SYMPTOM	389	397	симптоми
endocrinology_type 2 diabetes_38_BGgpt	SYMPTOM	401	415	засилена жажда
endocrinology_type 2 diabetes_38_BGgpt	SYMPTOM	417	432	често уриниране
endocrinology_type 2 diabetes_38_BGgpt	SYMPTOM	435	461	необяснима загуба на тегло
endocrinology_type 2 diabetes_38_BGgpt	DISEASE	520	530	Хипертония
endocrinology_type 2 diabetes_38_BGgpt	DISEASE	535	549	Хиперлипидемия
endocrinology_type 2 diabetes_38_BGgpt	DISEASE	555	571	Фамилна анамнеза
endocrinology_type 2 diabetes_38_BGgpt	DISEASE	592	612	захарен диабет тип 2
endocrinology_type 2 diabetes_38_BGgpt	DISEASE	648	665	Социална анамнеза
endocrinology_type 2 diabetes_38_BGgpt	SYMPTOM	671	678	Непушач
endocrinology_type 2 diabetes_38_BGgpt	SYMPTOM	712	735	заседнал начин на живот
endocrinology_type 2 diabetes_38_BGgpt	OBSERVATION	908	925	Физикални находки
endocrinology_type 2 diabetes_38_BGgpt	SYMPTOM	1285	1296	Отрицателен
endocrinology_type 2 diabetes_38_BGgpt	DISEASE	1363	1383	захарен диабет тип 2
endocrinology_type 2 diabetes_38_BGgpt	PROCEDURE	1473	1500	промяна в хранителния режим
endocrinology_type 2 diabetes_38_BGgpt	PROCEDURE	1503	1535	препоръки за физическа активност
endocrinology_type 2 diabetes_38_BGgpt	MEDICATION	1548	1557	метформин
endocrinology_type 2 diabetes_39_BGgpt	DISEASE	256	276	Захарен диабет тип 2
endocrinology_type 2 diabetes_39_BGgpt	SYMPTOM	414	429	постоянна жажда
endocrinology_type 2 diabetes_39_BGgpt	SYMPTOM	431	446	често уриниране
endocrinology_type 2 diabetes_39_BGgpt	SYMPTOM	449	475	необяснима загуба на тегло
endocrinology_type 2 diabetes_39_BGgpt	PROCEDURE	574	577	КЗГ
endocrinology_type 2 diabetes_39_BGgpt	DISEASE	651	671	Захарен диабет тип 2
endocrinology_type 2 diabetes_39_BGgpt	PROCEDURE	673	703	Орален глюкозо-толерантен тест
endocrinology_type 2 diabetes_39_BGgpt	PROCEDURE	705	709	ОГТТ
endocrinology_type 2 diabetes_39_BGgpt	PROCEDURE	782	785	КЗГ
endocrinology_type 2 diabetes_39_BGgpt	PROCEDURE	855	862	терапия
endocrinology_type 2 diabetes_39_BGgpt	MEDICATION	865	874	Метформин
endocrinology_type 2 diabetes_39_BGgpt	DISEASE	946	966	Захарен диабет тип 2
endocrinology_type 2 diabetes_39_BGgpt	PROCEDURE	1120	1151	цялостна образователна програма
endocrinology_type 2 diabetes_39_BGgpt	PROCEDURE	1241	1250	терапията
endocrinology_type 2 diabetes_39_BGgpt	PROCEDURE	1267	1275	скрининг
endocrinology_type 2 diabetes_39_BGgpt	PROCEDURE	1423	1445	офталмологичен преглед
endocrinology_type 2 diabetes_39_BGgpt	MEDICATION	1675	1687	Аторвастатин
endocrinology_type 2 diabetes_3_BGgpt	SYMPTOM	512	532	прекомерно уриниране
endocrinology_type 2 diabetes_3_BGgpt	SYMPTOM	534	548	повишена жажда
endocrinology_type 2 diabetes_3_BGgpt	DISEASE	658	678	захарен диабет тип 2
endocrinology_type 2 diabetes_3_BGgpt	DISEASE	839	866	Празностомашна кръвна захар
endocrinology_type 2 diabetes_3_BGgpt	DISEASE	922	943	Случайна кръвна захар
endocrinology_type 2 diabetes_3_BGgpt	DISEASE	1004	1024	захарен диабет тип 2
endocrinology_type 2 diabetes_3_BGgpt	PROCEDURE	1064	1073	лечението
endocrinology_type 2 diabetes_3_BGgpt	PROCEDURE	1101	1131	Орален глюкозо-толерантен тест
endocrinology_type 2 diabetes_3_BGgpt	PROCEDURE	1133	1137	ОГТТ
endocrinology_type 2 diabetes_3_BGgpt	DISEASE	1169	1189	захарен диабет тип 2
endocrinology_type 2 diabetes_3_BGgpt	PROCEDURE	1191	1200	Лечението
endocrinology_type 2 diabetes_3_BGgpt	MEDICATION	1215	1224	Метформин
endocrinology_type 2 diabetes_3_BGgpt	MEDICATION	1441	1456	GLP-1 рецептори
endocrinology_type 2 diabetes_3_BGgpt	MEDICATION	1458	1468	Семаглутид
endocrinology_type 2 diabetes_40_BGgpt	SYMPTOM	437	458	персистираща полиурия
endocrinology_type 2 diabetes_40_BGgpt	SYMPTOM	460	470	полидипсия
endocrinology_type 2 diabetes_40_BGgpt	SYMPTOM	472	498	необяснима загуба на тегло
endocrinology_type 2 diabetes_40_BGgpt	DISEASE	501	517	обща отпадналост
endocrinology_type 2 diabetes_40_BGgpt	PROCEDURE	583	593	изследване
endocrinology_type 2 diabetes_40_BGgpt	DISEASE	597	611	захарен диабет
endocrinology_type 2 diabetes_40_BGgpt	PROCEDURE	696	707	изследвания
endocrinology_type 2 diabetes_40_BGgpt	DISEASE	843	857	захарен диабет
endocrinology_type 2 diabetes_40_BGgpt	PROCEDURE	865	895	Орален глюкозо-толерантен тест
endocrinology_type 2 diabetes_40_BGgpt	PROCEDURE	897	901	ОГТТ
endocrinology_type 2 diabetes_40_BGgpt	MEDICATION	1211	1223	въглехидрати
endocrinology_type 2 diabetes_40_BGgpt	MEDICATION	1361	1370	Метформин
endocrinology_type 2 diabetes_40_BGgpt	MEDICATION	1582	1597	GLP-1 рецептора
endocrinology_type 2 diabetes_40_BGgpt	MEDICATION	1608	1618	семаглутид
endocrinology_type 2 diabetes_40_BGgpt	SYMPTOM	1870	1884	кръвната захар
endocrinology_type 2 diabetes_40_BGgpt	MEDICATION	1924	1931	инсулин
endocrinology_type 2 diabetes_40_BGgpt	PROCEDURE	2027	2045	инсулинова терапия
endocrinology_type 2 diabetes_40_BGgpt	DISEASE	2130	2150	липса на албуминурия
endocrinology_type 2 diabetes_41_BGgpt	SYMPTOM	339	347	полиурия
endocrinology_type 2 diabetes_41_BGgpt	SYMPTOM	349	359	полидипсия
endocrinology_type 2 diabetes_41_BGgpt	DISEASE	497	507	хипертония
endocrinology_type 2 diabetes_41_BGgpt	DISEASE	510	522	дислипидемия
endocrinology_type 2 diabetes_41_BGgpt	SYMPTOM	594	610	прекомерна жажда
endocrinology_type 2 diabetes_41_BGgpt	SYMPTOM	612	627	често уриниране
endocrinology_type 2 diabetes_41_BGgpt	SYMPTOM	703	720	зрителни смущения
endocrinology_type 2 diabetes_41_BGgpt	PROCEDURE	814	837	лабораторни изследвания
endocrinology_type 2 diabetes_41_BGgpt	PROCEDURE	886	889	КПК
endocrinology_type 2 diabetes_41_BGgpt	DISEASE	968	988	захарен диабет тип 2
endocrinology_type 2 diabetes_41_BGgpt	PROCEDURE	990	1020	Орален глюкозо-толерантен тест
endocrinology_type 2 diabetes_41_BGgpt	PROCEDURE	1022	1026	ОГТТ
endocrinology_type 2 diabetes_41_BGgpt	PROCEDURE	1082	1085	КПК
endocrinology_type 2 diabetes_41_BGgpt	PROCEDURE	1095	1116	Допълнителни прегледи
endocrinology_type 2 diabetes_41_BGgpt	SYMPTOM	1162	1184	патологични отклонения
endocrinology_type 2 diabetes_41_BGgpt	PROCEDURE	1188	1201	офталмоскопия
endocrinology_type 2 diabetes_41_BGgpt	SYMPTOM	1293	1304	отрицателно
endocrinology_type 2 diabetes_41_BGgpt	SYMPTOM	1306	1325	серумният креатинин
endocrinology_type 2 diabetes_41_BGgpt	SYMPTOM	1350	1366	липидният профил
endocrinology_type 2 diabetes_41_BGgpt	DISEASE	1397	1409	дислипидемия
endocrinology_type 2 diabetes_41_BGgpt	PROCEDURE	1511	1528	промяна в диетата
endocrinology_type 2 diabetes_41_BGgpt	PROCEDURE	1631	1645	фармакотерапия
endocrinology_type 2 diabetes_41_BGgpt	MEDICATION	1669	1678	метформин
endocrinology_type 2 diabetes_41_BGgpt	PROCEDURE	1764	1783	гликемичния контрол
endocrinology_type 2 diabetes_42_BGgpt	DISEASE	328	348	Захарен диабет тип 2
endocrinology_type 2 diabetes_42_BGgpt	DISEASE	377	387	Хипертония
endocrinology_type 2 diabetes_42_BGgpt	DISEASE	389	401	Затлъстяване
endocrinology_type 2 diabetes_42_BGgpt	DISEASE	407	415	Анамнеза
endocrinology_type 2 diabetes_42_BGgpt	DISEASE	470	478	анамнеза
endocrinology_type 2 diabetes_42_BGgpt	DISEASE	509	519	хипертония
endocrinology_type 2 diabetes_42_BGgpt	SYMPTOM	591	599	полиурия
endocrinology_type 2 diabetes_42_BGgpt	SYMPTOM	601	611	полидипсия
endocrinology_type 2 diabetes_42_BGgpt	SYMPTOM	614	640	необяснима загуба на тегло
endocrinology_type 2 diabetes_42_BGgpt	DISEASE	697	705	анамнеза
endocrinology_type 2 diabetes_42_BGgpt	DISEASE	709	729	захарен диабет тип 2
endocrinology_type 2 diabetes_42_BGgpt	PROCEDURE	734	750	Клинични находки
endocrinology_type 2 diabetes_42_BGgpt	DISEASE	972	984	затлъстяване
endocrinology_type 2 diabetes_42_BGgpt	PROCEDURE	986	1024	Първоначалните лабораторни изследвания
endocrinology_type 2 diabetes_42_BGgpt	DISEASE	1144	1164	захарен диабет тип 2
endocrinology_type 2 diabetes_42_BGgpt	PROCEDURE	1178	1197	цялостно изследване
endocrinology_type 2 diabetes_42_BGgpt	PROCEDURE	1211	1242	преглед на ходилата и очно-дъно
endocrinology_type 2 diabetes_42_BGgpt	PROCEDURE	1270	1291	изследване на урината
endocrinology_type 2 diabetes_42_BGgpt	PROCEDURE	1486	1515	индивидуализиран лечебен план
endocrinology_type 2 diabetes_42_BGgpt	PROCEDURE	1526	1562	диетични и промени в начина на живот
endocrinology_type 2 diabetes_42_BGgpt	MEDICATION	1564	1573	Метформин
endocrinology_type 2 diabetes_42_BGgpt	DISEASE	1665	1685	захарен диабет тип 2
endocrinology_type 2 diabetes_43_BGgpt	DISEASE	278	298	Захарен диабет тип 2
endocrinology_type 2 diabetes_43_BGgpt	DISEASE	304	312	Анамнеза
endocrinology_type 2 diabetes_43_BGgpt	SYMPTOM	323	333	оплаквания
endocrinology_type 2 diabetes_43_BGgpt	SYMPTOM	468	476	полиурия
endocrinology_type 2 diabetes_43_BGgpt	SYMPTOM	478	492	повишена жажда
endocrinology_type 2 diabetes_43_BGgpt	SYMPTOM	495	521	необяснима загуба на тегло
endocrinology_type 2 diabetes_43_BGgpt	DISEASE	583	603	захарен диабет тип 2
endocrinology_type 2 diabetes_43_BGgpt	PROCEDURE	816	819	КЗГ
endocrinology_type 2 diabetes_43_BGgpt	PROCEDURE	882	912	Орален глюкозо-толерантен тест
endocrinology_type 2 diabetes_43_BGgpt	PROCEDURE	914	918	ОГТТ
endocrinology_type 2 diabetes_43_BGgpt	PROCEDURE	961	964	КЗГ
endocrinology_type 2 diabetes_43_BGgpt	MEDICATION	1064	1081	Серумен креатинин
endocrinology_type 2 diabetes_43_BGgpt	DISEASE	1224	1244	захарен диабет тип 2
endocrinology_type 2 diabetes_43_BGgpt	DISEASE	1275	1287	дислипидемия
endocrinology_type 2 diabetes_43_BGgpt	SYMPTOM	1360	1376	микроалбуминурия
endocrinology_type 2 diabetes_43_BGgpt	SYMPTOM	1464	1480	диетични промени
endocrinology_type 2 diabetes_43_BGgpt	PROCEDURE	1574	1596	фармакологично лечение
endocrinology_type 2 diabetes_43_BGgpt	MEDICATION	1604	1613	Метформин
endocrinology_type 2 diabetes_44_BGgpt	DISEASE	314	334	Захарен диабет тип 2
endocrinology_type 2 diabetes_44_BGgpt	DISEASE	363	373	Хипертония
endocrinology_type 2 diabetes_44_BGgpt	DISEASE	375	387	Затлъстяване
endocrinology_type 2 diabetes_44_BGgpt	PROCEDURE	412	419	терапия
endocrinology_type 2 diabetes_44_BGgpt	DISEASE	468	478	хипертония
endocrinology_type 2 diabetes_44_BGgpt	DISEASE	481	493	затлъстяване
endocrinology_type 2 diabetes_44_BGgpt	SYMPTOM	565	573	полиурия
endocrinology_type 2 diabetes_44_BGgpt	SYMPTOM	575	585	полидипсия
endocrinology_type 2 diabetes_44_BGgpt	SYMPTOM	588	614	необяснима загуба на тегло
endocrinology_type 2 diabetes_44_BGgpt	PROCEDURE	680	686	ИТМ 32
endocrinology_type 2 diabetes_44_BGgpt	DISEASE	840	860	захарен диабет тип 2
endocrinology_type 2 diabetes_44_BGgpt	PROCEDURE	888	909	комплексно изследване
endocrinology_type 2 diabetes_44_BGgpt	PROCEDURE	921	940	преглед на ходилата
endocrinology_type 2 diabetes_44_BGgpt	PROCEDURE	943	963	очнодънно изследване
endocrinology_type 2 diabetes_44_BGgpt	PROCEDURE	965	994	тест за албуминурия в урината
endocrinology_type 2 diabetes_44_BGgpt	PROCEDURE	1004	1051	измерване на серумен креатинин и липиден профил
endocrinology_type 2 diabetes_44_BGgpt	PROCEDURE	1150	1172	Медикаментозно лечение
endocrinology_type 2 diabetes_44_BGgpt	PROCEDURE	1231	1238	терапия
endocrinology_type 2 diabetes_44_BGgpt	MEDICATION	1241	1257	Метформин 500 mg
endocrinology_type 2 diabetes_44_BGgpt	PROCEDURE	1310	1329	гликемичния контрол
endocrinology_type 2 diabetes_44_BGgpt	DISEASE	1491	1505	затлъстяването
endocrinology_type 2 diabetes_44_BGgpt	MEDICATION	1598	1616	Семаглутид 0.25 mg
endocrinology_type 2 diabetes_45_BGgpt	DISEASE	284	304	Захарен диабет тип 2
endocrinology_type 2 diabetes_45_BGgpt	SYMPTOM	513	521	полиурия
endocrinology_type 2 diabetes_45_BGgpt	SYMPTOM	523	534	полиудросия
endocrinology_type 2 diabetes_45_BGgpt	SYMPTOM	537	563	необяснима загуба на тегло
endocrinology_type 2 diabetes_45_BGgpt	SYMPTOM	590	608	Фамилната анамнеза
endocrinology_type 2 diabetes_45_BGgpt	DISEASE	626	646	захарен диабет тип 2
endocrinology_type 2 diabetes_45_BGgpt	MEDICATION	699	706	алкохол
endocrinology_type 2 diabetes_45_BGgpt	MEDICATION	793	796	ИТМ
endocrinology_type 2 diabetes_45_BGgpt	DISEASE	962	982	захарен диабет тип 2
endocrinology_type 2 diabetes_45_BGgpt	PROCEDURE	984	1014	Орален глюкозо-толерантен тест
endocrinology_type 2 diabetes_45_BGgpt	PROCEDURE	1016	1020	ОГТТ
endocrinology_type 2 diabetes_45_BGgpt	SYMPTOM	1191	1207	микроалбуминурия
endocrinology_type 2 diabetes_45_BGgpt	SYMPTOM	1264	1280	ранна нефропатия
endocrinology_type 2 diabetes_45_BGgpt	PROCEDURE	1338	1355	предходно лечение
endocrinology_type 2 diabetes_45_BGgpt	MEDICATION	1360	1366	статин
endocrinology_type 2 diabetes_46_BGgpt	DISEASE	280	300	Захарен диабет тип 2
endocrinology_type 2 diabetes_46_BGgpt	PROCEDURE	504	542	Първоначалните лабораторни изследвания
endocrinology_type 2 diabetes_46_BGgpt	SYMPTOM	552	560	гликемия
endocrinology_type 2 diabetes_46_BGgpt	DISEASE	649	669	захарен диабет тип 2
endocrinology_type 2 diabetes_46_BGgpt	PROCEDURE	739	769	орален глюкозо-толерантен тест
endocrinology_type 2 diabetes_46_BGgpt	PROCEDURE	771	775	ОГТТ
endocrinology_type 2 diabetes_46_BGgpt	PROCEDURE	863	880	лечение и контрол
endocrinology_type 2 diabetes_46_BGgpt	MEDICATION	910	921	медикаменти
endocrinology_type 2 diabetes_46_BGgpt	PROCEDURE	923	939	хранителен режим
endocrinology_type 2 diabetes_46_BGgpt	MEDICATION	994	1003	Метформин
endocrinology_type 2 diabetes_46_BGgpt	PROCEDURE	1084	1103	гликемичния контрол
endocrinology_type 2 diabetes_46_BGgpt	MEDICATION	1202	1212	Семаглутид
endocrinology_type 2 diabetes_46_BGgpt	MEDICATION	1225	1240	GLP-1 рецептора
endocrinology_type 2 diabetes_46_BGgpt	PROCEDURE	1397	1404	Лечение
endocrinology_type 2 diabetes_46_BGgpt	DISEASE	1501	1522	захарния диабет тип 2
endocrinology_type 2 diabetes_46_BGgpt	SYMPTOM	1611	1621	симптомите
endocrinology_type 2 diabetes_46_BGgpt	PROCEDURE	1672	1694	Хранителни консултации
endocrinology_type 2 diabetes_47_BGgpt	DISEASE	395	405	Хипертония
endocrinology_type 2 diabetes_47_BGgpt	DISEASE	437	451	Хиперлипидемия
endocrinology_type 2 diabetes_47_BGgpt	DISEASE	478	492	захарен диабет
endocrinology_type 2 diabetes_47_BGgpt	SYMPTOM	497	513	Фамилна анамнеза
endocrinology_type 2 diabetes_47_BGgpt	DISEASE	528	548	захарен диабет тип 2
endocrinology_type 2 diabetes_47_BGgpt	DISEASE	560	570	хипертония
endocrinology_type 2 diabetes_47_BGgpt	SYMPTOM	575	592	Социална анамнеза
endocrinology_type 2 diabetes_47_BGgpt	SYMPTOM	598	605	Непушач
endocrinology_type 2 diabetes_47_BGgpt	SYMPTOM	609	637	Случайна употреба на алкохол
endocrinology_type 2 diabetes_47_BGgpt	SYMPTOM	641	664	Заседнал начин на живот
endocrinology_type 2 diabetes_47_BGgpt	PROCEDURE	743	762	Преглед на ходилото
endocrinology_type 2 diabetes_47_BGgpt	DISEASE	1205	1225	захарен диабет тип 2
endocrinology_type 2 diabetes_47_BGgpt	MEDICATION	1291	1300	Метформин
endocrinology_type 2 diabetes_47_BGgpt	MEDICATION	1440	1450	Семаглутид
endocrinology_type 2 diabetes_47_BGgpt	PROCEDURE	1551	1558	терапия
endocrinology_type 2 diabetes_47_BGgpt	PROCEDURE	1579	1601	оценка на поносимостта
endocrinology_type 2 diabetes_47_BGgpt	PROCEDURE	1604	1623	гликемичния контрол
endocrinology_type 2 diabetes_48_BGgpt	DISEASE	279	299	Захарен диабет тип 2
endocrinology_type 2 diabetes_48_BGgpt	DISEASE	324	334	Хипертония
endocrinology_type 2 diabetes_48_BGgpt	DISEASE	336	348	Затлъстяване
endocrinology_type 2 diabetes_48_BGgpt	SYMPTOM	488	496	полиурия
endocrinology_type 2 diabetes_48_BGgpt	SYMPTOM	498	508	полидипсия
endocrinology_type 2 diabetes_48_BGgpt	SYMPTOM	511	537	необяснима загуба на тегло
endocrinology_type 2 diabetes_48_BGgpt	DISEASE	588	608	захарен диабет тип 2
endocrinology_type 2 diabetes_48_BGgpt	DISEASE	611	621	хипертония
endocrinology_type 2 diabetes_48_BGgpt	OBSERVATION	802	822	Диагностични находки
endocrinology_type 2 diabetes_48_BGgpt	PROCEDURE	936	966	Орален глюкозо-толерантен тест
endocrinology_type 2 diabetes_48_BGgpt	PROCEDURE	968	972	ОГТТ
endocrinology_type 2 diabetes_48_BGgpt	PROCEDURE	1036	1055	Изследване на урина
endocrinology_type 2 diabetes_48_BGgpt	MEDICATION	1088	1105	Серумен креатинин
endocrinology_type 2 diabetes_48_BGgpt	MEDICATION	1255	1267	Триглицериди
endocrinology_type 2 diabetes_48_BGgpt	PROCEDURE	1316	1325	лечението
endocrinology_type 2 diabetes_48_BGgpt	DISEASE	1415	1435	захарен диабет тип 2
endocrinology_type 2 diabetes_48_BGgpt	PROCEDURE	1464	1471	лечение
endocrinology_type 2 diabetes_48_BGgpt	MEDICATION	1474	1483	Метформин
endocrinology_type 2 diabetes_48_BGgpt	DISEASE	1747	1761	затлъстяването
endocrinology_type 2 diabetes_48_BGgpt	PROCEDURE	1808	1815	лечение
endocrinology_type 2 diabetes_48_BGgpt	MEDICATION	1820	1830	Семаглутид
endocrinology_type 2 diabetes_49_BGgpt	DISEASE	273	293	Захарен диабет тип 2
endocrinology_type 2 diabetes_49_BGgpt	SYMPTOM	491	505	повишена жажда
endocrinology_type 2 diabetes_49_BGgpt	SYMPTOM	507	515	полиурия
endocrinology_type 2 diabetes_49_BGgpt	SYMPTOM	518	544	необяснима загуба на тегло
endocrinology_type 2 diabetes_49_BGgpt	PROCEDURE	573	609	Първоначалните лабораторни резултати
endocrinology_type 2 diabetes_49_BGgpt	DISEASE	717	737	захарен диабет тип 2
endocrinology_type 2 diabetes_49_BGgpt	PROCEDURE	862	871	Терапията
endocrinology_type 2 diabetes_49_BGgpt	MEDICATION	887	903	Метформин 500 mg
endocrinology_type 2 diabetes_49_BGgpt	PROCEDURE	1046	1062	хранителен режим
endocrinology_type 2 diabetes_49_BGgpt	MEDICATION	1658	1675	Семаглутид 2.4 mg
endocrinology_type 2 diabetes_49_BGgpt	PROCEDURE	1884	1892	скрининг
endocrinology_type 2 diabetes_49_BGgpt	PROCEDURE	1917	1947	Цялостният преглед на ходилата
endocrinology_type 2 diabetes_4_BGgpt	DISEASE	227	247	Захарен диабет тип 2
endocrinology_type 2 diabetes_4_BGgpt	DISEASE	340	360	захарен диабет тип 2
endocrinology_type 2 diabetes_4_BGgpt	SYMPTOM	446	454	полиурия
endocrinology_type 2 diabetes_4_BGgpt	SYMPTOM	456	466	полидипсия
endocrinology_type 2 diabetes_4_BGgpt	SYMPTOM	469	495	необяснима загуба на тегло
endocrinology_type 2 diabetes_4_BGgpt	SYMPTOM	691	728	липса на признаци на диабетно стъпало
endocrinology_type 2 diabetes_4_BGgpt	DISEASE	872	892	захарен диабет тип 2
endocrinology_type 2 diabetes_4_BGgpt	PROCEDURE	898	928	Орален глюкозо-толерантен тест
endocrinology_type 2 diabetes_4_BGgpt	PROCEDURE	930	934	ОГТТ
endocrinology_type 2 diabetes_4_BGgpt	PROCEDURE	1017	1038	Изследването на урина
endocrinology_type 2 diabetes_4_BGgpt	SYMPTOM	1089	1105	липидният профил
endocrinology_type 2 diabetes_4_BGgpt	PROCEDURE	1144	1166	преглед на очното дъно
endocrinology_type 2 diabetes_4_BGgpt	SYMPTOM	1301	1317	диетични промени
endocrinology_type 2 diabetes_4_BGgpt	PROCEDURE	1453	1467	фармакотерапия
endocrinology_type 2 diabetes_4_BGgpt	MEDICATION	1491	1500	Метформин
endocrinology_type 2 diabetes_4_BGgpt	PROCEDURE	1584	1602	гликемичен контрол
endocrinology_type 2 diabetes_4_BGgpt	MEDICATION	1686	1714	Агонист на GLP-1 рецепторите
endocrinology_type 2 diabetes_4_BGgpt	MEDICATION	1718	1728	семаглутид
endocrinology_type 2 diabetes_5_BGgpt	DISEASE	165	185	Захарен диабет тип 2
endocrinology_type 2 diabetes_5_BGgpt	SYMPTOM	304	312	полиурия
endocrinology_type 2 diabetes_5_BGgpt	SYMPTOM	314	324	полидипсия
endocrinology_type 2 diabetes_5_BGgpt	SYMPTOM	327	353	необяснима загуба на тегло
endocrinology_type 2 diabetes_5_BGgpt	SYMPTOM	398	410	кръвна захар
endocrinology_type 2 diabetes_5_BGgpt	DISEASE	516	536	захарен диабет тип 2
endocrinology_type 2 diabetes_5_BGgpt	PROCEDURE	619	631	пълна оценка
endocrinology_type 2 diabetes_5_BGgpt	PROCEDURE	645	675	орален глюкозо-толерантен тест
endocrinology_type 2 diabetes_5_BGgpt	PROCEDURE	677	681	ОГТТ
endocrinology_type 2 diabetes_5_BGgpt	PROCEDURE	745	770	пълен преглед на ходилата
endocrinology_type 2 diabetes_5_BGgpt	PROCEDURE	773	810	офталмологичен преглед на очното дъно
endocrinology_type 2 diabetes_5_BGgpt	DISEASE	1074	1094	захарен диабет тип 2
endocrinology_type 2 diabetes_5_BGgpt	PROCEDURE	1110	1128	комплексна терапия
endocrinology_type 2 diabetes_5_BGgpt	PROCEDURE	1147	1169	медикаментозно лечение
endocrinology_type 2 diabetes_5_BGgpt	MEDICATION	1221	1230	Метформин
endocrinology_type 2 diabetes_5_BGgpt	SYMPTOM	1744	1758	кръвната захар
endocrinology_type 2 diabetes_5_BGgpt	MEDICATION	2073	2082	Метформин
endocrinology_type 2 diabetes_6_BGgpt	DISEASE	203	223	Захарен диабет тип 2
endocrinology_type 2 diabetes_6_BGgpt	SYMPTOM	402	424	продължителна полиурия
endocrinology_type 2 diabetes_6_BGgpt	SYMPTOM	426	436	полидипсия
endocrinology_type 2 diabetes_6_BGgpt	SYMPTOM	439	465	необяснима загуба на тегло
endocrinology_type 2 diabetes_6_BGgpt	SYMPTOM	531	547	замъглено зрение
endocrinology_type 2 diabetes_6_BGgpt	SYMPTOM	550	584	периодично изтръпване на стъпалата
endocrinology_type 2 diabetes_6_BGgpt	SYMPTOM	586	607	Семейната му анамнеза
endocrinology_type 2 diabetes_6_BGgpt	DISEASE	623	635	диабет тип 2
endocrinology_type 2 diabetes_6_BGgpt	PROCEDURE	735	758	лабораторни изследвания
endocrinology_type 2 diabetes_6_BGgpt	DISEASE	890	910	захарен диабет тип 2
endocrinology_type 2 diabetes_6_BGgpt	SYMPTOM	954	965	албуминурия
endocrinology_type 2 diabetes_6_BGgpt	SYMPTOM	967	986	Серумният креатинин
endocrinology_type 2 diabetes_6_BGgpt	SYMPTOM	989	1005	липидният профил
endocrinology_type 2 diabetes_6_BGgpt	SYMPTOM	1080	1106	двустранно без видими язви
endocrinology_type 2 diabetes_6_BGgpt	PROCEDURE	1310	1332	медикаментозно лечение
endocrinology_type 2 diabetes_6_BGgpt	MEDICATION	1361	1377	Метформин 500 mg
endocrinology_type 2 diabetes_6_BGgpt	PROCEDURE	1481	1511	комбиниран терапевтичен подход
endocrinology_type 2 diabetes_6_BGgpt	MEDICATION	1526	1539	GLP-1 агонист
endocrinology_type 2 diabetes_6_BGgpt	MEDICATION	1542	1552	Семаглутид
endocrinology_type 2 diabetes_6_BGgpt	PROCEDURE	1671	1694	хранително консултиране
endocrinology_type 2 diabetes_7_BGgpt	DISEASE	276	296	Захарен диабет тип 2
endocrinology_type 2 diabetes_7_BGgpt	DISEASE	327	348	Артериална хипертония
endocrinology_type 2 diabetes_7_BGgpt	DISEASE	350	362	Дислипидемия
endocrinology_type 2 diabetes_7_BGgpt	DISEASE	445	466	артериална хипертония
endocrinology_type 2 diabetes_7_BGgpt	DISEASE	469	481	дислипидемия
endocrinology_type 2 diabetes_7_BGgpt	SYMPTOM	555	563	полиурия
endocrinology_type 2 diabetes_7_BGgpt	SYMPTOM	565	575	полидипсия
endocrinology_type 2 diabetes_7_BGgpt	SYMPTOM	578	604	необяснима загуба на тегло
endocrinology_type 2 diabetes_7_BGgpt	SYMPTOM	663	671	анамнеза
endocrinology_type 2 diabetes_7_BGgpt	OBSERVATION	717	737	Диагностични находки
endocrinology_type 2 diabetes_7_BGgpt	PROCEDURE	832	862	Орален глюкозо-толерантен тест
endocrinology_type 2 diabetes_7_BGgpt	PROCEDURE	864	868	ОГТТ
endocrinology_type 2 diabetes_7_BGgpt	MEDICATION	1058	1065	Албумин
endocrinology_type 2 diabetes_7_BGgpt	DISEASE	1084	1100	микроалбуминурия
endocrinology_type 2 diabetes_7_BGgpt	DISEASE	1175	1195	захарен диабет тип 2
endocrinology_type 2 diabetes_7_BGgpt	PROCEDURE	1253	1263	Скринингът
endocrinology_type 2 diabetes_7_BGgpt	DISEASE	1294	1310	микроалбуминурия
endocrinology_type 2 diabetes_7_BGgpt	DISEASE	1356	1368	дислипидемия
endocrinology_type 2 diabetes_7_BGgpt	PROCEDURE	1380	1400	допълнителна терапия
endocrinology_type 2 diabetes_7_BGgpt	MEDICATION	1433	1442	Метформин
endocrinology_type 2 diabetes_8_BGgpt	DISEASE	208	228	Захарен диабет тип 2
endocrinology_type 2 diabetes_8_BGgpt	DISEASE	293	301	Анамнеза
endocrinology_type 2 diabetes_8_BGgpt	DISEASE	336	344	анамнеза
endocrinology_type 2 diabetes_8_BGgpt	SYMPTOM	372	384	затлъстяване
endocrinology_type 2 diabetes_8_BGgpt	SYMPTOM	451	459	полиурия
endocrinology_type 2 diabetes_8_BGgpt	SYMPTOM	461	471	полидипсия
endocrinology_type 2 diabetes_8_BGgpt	SYMPTOM	474	500	необяснима загуба на тегло
endocrinology_type 2 diabetes_8_BGgpt	SYMPTOM	549	584	епизоди на замъглено зрение и умора
endocrinology_type 2 diabetes_8_BGgpt	DISEASE	608	616	анамнеза
endocrinology_type 2 diabetes_8_BGgpt	DISEASE	620	640	захарен диабет тип 2
endocrinology_type 2 diabetes_8_BGgpt	SYMPTOM	717	729	затлъстяване
endocrinology_type 2 diabetes_8_BGgpt	PROCEDURE	879	901	Неврологичният преглед
endocrinology_type 2 diabetes_8_BGgpt	PROCEDURE	1174	1204	Орален глюкозо-толерантен тест
endocrinology_type 2 diabetes_8_BGgpt	PROCEDURE	1206	1210	ОГТТ
endocrinology_type 2 diabetes_8_BGgpt	SYMPTOM	1422	1433	Отрицателен
endocrinology_type 2 diabetes_8_BGgpt	MEDICATION	1440	1457	Серумен креатинин
endocrinology_type 2 diabetes_8_BGgpt	DISEASE	1535	1555	захарен диабет тип 2
endocrinology_type 2 diabetes_8_BGgpt	PROCEDURE	1631	1661	комплексен терапевтичен подход
endocrinology_type 2 diabetes_8_BGgpt	MEDICATION	1669	1678	Метформин
endocrinology_type 2 diabetes_9_BGgpt	DISEASE	290	310	Захарен диабет тип 2
endocrinology_type 2 diabetes_9_BGgpt	SYMPTOM	423	441	постоянна полиурия
endocrinology_type 2 diabetes_9_BGgpt	SYMPTOM	443	453	полидипсия
endocrinology_type 2 diabetes_9_BGgpt	SYMPTOM	456	479	неволна загуба на тегло
endocrinology_type 2 diabetes_9_BGgpt	DISEASE	672	692	захарен диабет тип 2
endocrinology_type 2 diabetes_9_BGgpt	PROCEDURE	808	838	Орален глюкозо-толерантен тест
endocrinology_type 2 diabetes_9_BGgpt	PROCEDURE	840	844	ОГТТ
endocrinology_type 2 diabetes_9_BGgpt	MEDICATION	972	989	Серумен креатинин
endocrinology_type 2 diabetes_9_BGgpt	MEDICATION	1020	1034	Липиден профил
endocrinology_type 2 diabetes_9_BGgpt	MEDICATION	1038	1052	LDL-холестерол
endocrinology_type 2 diabetes_9_BGgpt	PROCEDURE	1108	1132	Диетологична консултация
endocrinology_type 2 diabetes_9_BGgpt	PROCEDURE	1156	1189	индивидуални препоръки за хранене
endocrinology_type 2 diabetes_9_BGgpt	MEDICATION	1372	1381	Метформин
endocrinology_type 2 diabetes_9_BGgpt	MEDICATION	1501	1526	Агонист на GLP-1 рецептор
endocrinology_type 2 diabetes_9_BGgpt	MEDICATION	1528	1538	Семаглутид
infectious diseases_influenza_0_BGgpt	SYMPTOM	350	368	висока температура
infectious diseases_influenza_0_BGgpt	SYMPTOM	370	390	силни мускулни болки
infectious diseases_influenza_0_BGgpt	SYMPTOM	392	399	кашлица
infectious diseases_influenza_0_BGgpt	SYMPTOM	411	422	отпадналост
infectious diseases_influenza_0_BGgpt	SYMPTOM	600	621	прогресиращи симптоми
infectious diseases_influenza_0_BGgpt	DISEASE	640	644	грип
infectious diseases_influenza_0_BGgpt	SYMPTOM	658	676	висока температура
infectious diseases_influenza_0_BGgpt	SYMPTOM	701	708	кашлица
infectious diseases_influenza_0_BGgpt	SYMPTOM	731	742	отпадналост
infectious diseases_influenza_0_BGgpt	PROCEDURE	943	962	бърз антигенен тест
infectious diseases_influenza_0_BGgpt	DISEASE	987	998	Инфлуенца А
infectious diseases_influenza_0_BGgpt	PROCEDURE	1087	1098	RT-PCR тест
infectious diseases_influenza_0_BGgpt	DISEASE	1128	1139	Инфлуенца А
infectious diseases_influenza_0_BGgpt	PROCEDURE	1165	1179	рентгенография
infectious diseases_influenza_0_BGgpt	SYMPTOM	1232	1255	респираторните симптоми
infectious diseases_influenza_0_BGgpt	DISEASE	1317	1338	бактериална пневмония
infectious diseases_influenza_0_BGgpt	DISEASE	1514	1518	грип
infectious diseases_influenza_0_BGgpt	PROCEDURE	1520	1539	антивирусно лечение
infectious diseases_influenza_0_BGgpt	MEDICATION	1627	1644	Озелтамивир 75 mg
infectious diseases_influenza_0_BGgpt	PROCEDURE	1715	1736	Симптоматично лечение
infectious diseases_influenza_0_BGgpt	MEDICATION	1770	1789	Ацетаминофен 650 mg
infectious diseases_influenza_0_BGgpt	MEDICATION	1824	1831	Аспирин
infectious diseases_influenza_0_BGgpt	PROCEDURE	1911	1931	адекватна хидратация
infectious diseases_influenza_10_BGgpt	SYMPTOM	456	464	симптоми
infectious diseases_influenza_10_BGgpt	SYMPTOM	498	516	висока температура
infectious diseases_influenza_10_BGgpt	SYMPTOM	518	525	кашлица
infectious diseases_influenza_10_BGgpt	SYMPTOM	527	542	възпалено гърло
infectious diseases_influenza_10_BGgpt	SYMPTOM	545	562	болки в мускулите
infectious diseases_influenza_10_BGgpt	SYMPTOM	564	574	Симптомите
infectious diseases_influenza_10_BGgpt	SYMPTOM	679	689	симптомите
infectious diseases_influenza_10_BGgpt	OBSERVATION	773	789	Клинични находки
infectious diseases_influenza_10_BGgpt	PROCEDURE	972	991	Физикалният преглед
infectious diseases_influenza_10_BGgpt	SYMPTOM	1000	1011	запушен нос
infectious diseases_influenza_10_BGgpt	SYMPTOM	1053	1061	симптоми
infectious diseases_influenza_10_BGgpt	PROCEDURE	1074	1088	пулсоксиметрия
infectious diseases_influenza_10_BGgpt	PROCEDURE	1091	1117	рентгенография на бял дроб
infectious diseases_influenza_10_BGgpt	MEDICATION	1289	1314	Бърз антигенен тест (БАТ)
infectious diseases_influenza_10_BGgpt	DISEASE	1373	1379	грип А
infectious diseases_influenza_10_BGgpt	PROCEDURE	1387	1398	RT-PCR тест
infectious diseases_influenza_10_BGgpt	DISEASE	1452	1458	грип А
infectious diseases_influenza_10_BGgpt	PROCEDURE	1471	1484	подтипизиране
infectious diseases_influenza_10_BGgpt	DISEASE	1506	1510	H3N2
infectious diseases_influenza_10_BGgpt	PROCEDURE	1518	1544	Рентгенография на бял дроб
infectious diseases_influenza_10_BGgpt	PROCEDURE	1751	1768	Приложено лечение
infectious diseases_influenza_11_BGgpt	DISEASE	258	277	инфекциозни болести
infectious diseases_influenza_11_BGgpt	SYMPTOM	403	410	кашлица
infectious diseases_influenza_11_BGgpt	SYMPTOM	412	427	възпалено гърло
infectious diseases_influenza_11_BGgpt	SYMPTOM	449	460	отпадналост
infectious diseases_influenza_11_BGgpt	SYMPTOM	568	576	симптоми
infectious diseases_influenza_11_BGgpt	DISEASE	595	599	грип
infectious diseases_influenza_11_BGgpt	SYMPTOM	648	655	кашлица
infectious diseases_influenza_11_BGgpt	SYMPTOM	657	670	силна миалгия
infectious diseases_influenza_11_BGgpt	SYMPTOM	682	693	отпадналост
infectious diseases_influenza_11_BGgpt	SYMPTOM	960	968	симптоми
infectious diseases_influenza_11_BGgpt	MEDICATION	1136	1167	годишната противогрипна ваксина
infectious diseases_influenza_11_BGgpt	OBSERVATION	1172	1192	Диагностични находки
infectious diseases_influenza_11_BGgpt	PROCEDURE	1222	1241	бърз антигенен тест
infectious diseases_influenza_11_BGgpt	DISEASE	1245	1249	грип
infectious diseases_influenza_11_BGgpt	DISEASE	1286	1290	Грип
infectious diseases_influenza_11_BGgpt	PROCEDURE	1385	1396	RT-PCR тест
infectious diseases_influenza_11_BGgpt	DISEASE	1790	1809	инфекциозни болести
infectious diseases_influenza_11_BGgpt	PROCEDURE	1813	1823	долекуване
infectious diseases_influenza_11_BGgpt	PROCEDURE	1874	1893	антивирусна терапия
infectious diseases_influenza_11_BGgpt	MEDICATION	1896	1907	Озелтамивир
infectious diseases_influenza_11_BGgpt	MEDICATION	1909	1914	75 mg
infectious diseases_influenza_12_BGgpt	SYMPTOM	298	311	силна кашлица
infectious diseases_influenza_12_BGgpt	SYMPTOM	340	354	болки в тялото
infectious diseases_influenza_12_BGgpt	SYMPTOM	357	368	отпадналост
infectious diseases_influenza_12_BGgpt	SYMPTOM	441	449	симптоми
infectious diseases_influenza_12_BGgpt	DISEASE	468	476	инфекция
infectious diseases_influenza_12_BGgpt	SYMPTOM	648	656	Анамнеза
infectious diseases_influenza_12_BGgpt	SYMPTOM	703	719	Бронхиална астма
infectious diseases_influenza_12_BGgpt	MEDICATION	742	751	инхалатор
infectious diseases_influenza_12_BGgpt	SYMPTOM	824	841	Социална анамнеза
infectious diseases_influenza_12_BGgpt	SYMPTOM	847	854	Непушач
infectious diseases_influenza_12_BGgpt	MEDICATION	867	874	алкохол
infectious diseases_influenza_12_BGgpt	SYMPTOM	1211	1226	дифузни хрипове
infectious diseases_influenza_12_BGgpt	SYMPTOM	1228	1242	бистра ринорея
infectious diseases_influenza_12_BGgpt	PROCEDURE	1329	1348	Бърз антигенен тест
infectious diseases_influenza_12_BGgpt	PROCEDURE	1374	1380	RT-PCR
infectious diseases_influenza_12_BGgpt	DISEASE	1400	1406	грип А
infectious diseases_influenza_12_BGgpt	PROCEDURE	1411	1437	Рентгенография на бял дроб
infectious diseases_influenza_12_BGgpt	SYMPTOM	1466	1486	Пълна кръвна картина
infectious diseases_influenza_12_BGgpt	DISEASE	1628	1634	грип А
infectious diseases_influenza_12_BGgpt	DISEASE	1658	1674	бронхиална астма
infectious diseases_influenza_12_BGgpt	PROCEDURE	1719	1738	антивирусна терапия
infectious diseases_influenza_13_BGgpt	DISEASE	225	229	Грип
infectious diseases_influenza_13_BGgpt	PROCEDURE	254	261	терапия
infectious diseases_influenza_13_BGgpt	SYMPTOM	309	317	анамнеза
infectious diseases_influenza_13_BGgpt	SYMPTOM	411	428	3-дневна анамнеза
infectious diseases_influenza_13_BGgpt	SYMPTOM	432	450	висока температура
infectious diseases_influenza_13_BGgpt	SYMPTOM	452	459	кашлица
infectious diseases_influenza_13_BGgpt	SYMPTOM	461	468	миалгия
infectious diseases_influenza_13_BGgpt	SYMPTOM	471	482	отпадналост
infectious diseases_influenza_13_BGgpt	DISEASE	537	541	грип
infectious diseases_influenza_13_BGgpt	DISEASE	636	640	грип
infectious diseases_influenza_13_BGgpt	PROCEDURE	968	990	Първоначалното лечение
infectious diseases_influenza_13_BGgpt	MEDICATION	1063	1082	ацетаминофен 650 mg
infectious diseases_influenza_13_BGgpt	MEDICATION	1162	1169	Аспирин
infectious diseases_influenza_13_BGgpt	PROCEDURE	1356	1373	RT-PCR изследване
infectious diseases_influenza_13_BGgpt	DISEASE	1377	1381	грип
infectious diseases_influenza_13_BGgpt	DISEASE	1411	1415	Грип
infectious diseases_influenza_13_BGgpt	PROCEDURE	1465	1484	антивирусно лечение
infectious diseases_influenza_13_BGgpt	PROCEDURE	1571	1578	терапия
infectious diseases_influenza_13_BGgpt	MEDICATION	1581	1598	Оселтамивир 75 mg
infectious diseases_influenza_13_BGgpt	MEDICATION	1654	1676	антивирусен медикамент
infectious diseases_influenza_13_BGgpt	PROCEDURE	1918	1932	рентгенография
infectious diseases_influenza_13_BGgpt	SYMPTOM	2061	2068	кашлица
infectious diseases_influenza_14_BGgpt	DISEASE	216	231	Заподозрян грип
infectious diseases_influenza_14_BGgpt	DISEASE	260	266	Грип А
infectious diseases_influenza_14_BGgpt	DISEASE	295	314	Инфекциозни болести
infectious diseases_influenza_14_BGgpt	SYMPTOM	473	491	висока температура
infectious diseases_influenza_14_BGgpt	SYMPTOM	493	500	кашлица
infectious diseases_influenza_14_BGgpt	SYMPTOM	502	517	възпалено гърло
infectious diseases_influenza_14_BGgpt	SYMPTOM	519	533	мускулни болки
infectious diseases_influenza_14_BGgpt	SYMPTOM	536	547	отпадналост
infectious diseases_influenza_14_BGgpt	SYMPTOM	907	922	дифузни миалгии
infectious diseases_influenza_14_BGgpt	PROCEDURE	1038	1044	RT-PCR
infectious diseases_influenza_14_BGgpt	DISEASE	1131	1137	Грип А
infectious diseases_influenza_14_BGgpt	MEDICATION	1171	1182	Озелтамивир
infectious diseases_influenza_14_BGgpt	MEDICATION	1274	1285	Озелтамивир
infectious diseases_influenza_14_BGgpt	PROCEDURE	1431	1452	симптоматично лечение
infectious diseases_influenza_14_BGgpt	PROCEDURE	1466	1478	рехидратация
infectious diseases_influenza_14_BGgpt	MEDICATION	1481	1493	антипиретици
infectious diseases_influenza_14_BGgpt	MEDICATION	1511	1518	аспирин
infectious diseases_influenza_14_BGgpt	MEDICATION	1586	1593	Аспирин
infectious diseases_influenza_14_BGgpt	MEDICATION	1615	1626	парацетамол
infectious diseases_influenza_14_BGgpt	PROCEDURE	1693	1711	пулсова оксиметрия
infectious diseases_influenza_14_BGgpt	SYMPTOM	1743	1758	лека хипоксемия
infectious diseases_influenza_15_BGgpt	SYMPTOM	474	482	симптоми
infectious diseases_influenza_15_BGgpt	SYMPTOM	486	504	висока температура
infectious diseases_influenza_15_BGgpt	SYMPTOM	506	526	силни мускулни болки
infectious diseases_influenza_15_BGgpt	SYMPTOM	528	535	кашлица
infectious diseases_influenza_15_BGgpt	SYMPTOM	538	558	изразена отпадналост
infectious diseases_influenza_15_BGgpt	SYMPTOM	729	737	симптоми
infectious diseases_influenza_15_BGgpt	PROCEDURE	1237	1243	RT-ПЦР
infectious diseases_influenza_15_BGgpt	DISEASE	1287	1293	Грип А
infectious diseases_influenza_15_BGgpt	PROCEDURE	1307	1321	рентгенография
infectious diseases_influenza_15_BGgpt	SYMPTOM	1383	1391	симптоми
infectious diseases_influenza_15_BGgpt	DISEASE	1463	1488	първична грипна пневмония
infectious diseases_influenza_15_BGgpt	DISEASE	1516	1546	вторична бактериална пневмония
infectious diseases_influenza_15_BGgpt	MEDICATION	1622	1639	Оселтамивир 75 mg
infectious diseases_influenza_15_BGgpt	PROCEDURE	1703	1709	RT-ПЦР
infectious diseases_influenza_15_BGgpt	PROCEDURE	1752	1771	антивирусна терапия
infectious diseases_influenza_15_BGgpt	MEDICATION	1880	1892	антипиретици
infectious diseases_influenza_15_BGgpt	SYMPTOM	1984	2008	дихателна недостатъчност
infectious diseases_influenza_16_BGgpt	DISEASE	281	285	Грип
infectious diseases_influenza_16_BGgpt	SYMPTOM	486	497	температура
infectious diseases_influenza_16_BGgpt	SYMPTOM	499	506	кашлица
infectious diseases_influenza_16_BGgpt	SYMPTOM	508	525	болки в мускулите
infectious diseases_influenza_16_BGgpt	SYMPTOM	528	539	отпадналост
infectious diseases_influenza_16_BGgpt	DISEASE	582	586	грип
infectious diseases_influenza_16_BGgpt	SYMPTOM	615	623	симптоми
infectious diseases_influenza_16_BGgpt	DISEASE	642	646	грип
infectious diseases_influenza_16_BGgpt	PROCEDURE	728	733	проба
infectious diseases_influenza_16_BGgpt	PROCEDURE	763	769	RT-PCR
infectious diseases_influenza_16_BGgpt	DISEASE	804	808	грип
infectious diseases_influenza_16_BGgpt	PROCEDURE	815	821	тестът
infectious diseases_influenza_16_BGgpt	DISEASE	851	855	Грип
infectious diseases_influenza_16_BGgpt	PROCEDURE	912	918	RT-PCR
infectious diseases_influenza_16_BGgpt	DISEASE	1027	1031	грип
infectious diseases_influenza_16_BGgpt	PROCEDURE	1180	1206	рентгенография на бял дроб
infectious diseases_influenza_16_BGgpt	PROCEDURE	1353	1372	Антивирусно лечение
infectious diseases_influenza_16_BGgpt	SYMPTOM	1389	1396	лечение
infectious diseases_influenza_16_BGgpt	MEDICATION	1399	1416	Оселтамивир 75 mg
infectious diseases_influenza_16_BGgpt	SYMPTOM	1545	1554	Лечението
infectious diseases_influenza_16_BGgpt	PROCEDURE	1641	1664	Симптоматичното лечение
infectious diseases_influenza_16_BGgpt	MEDICATION	1675	1694	Ацетаминофен 650 mg
infectious diseases_influenza_16_BGgpt	SYMPTOM	1714	1725	температура
infectious diseases_influenza_16_BGgpt	SYMPTOM	1728	1742	мускулни болки
infectious diseases_influenza_16_BGgpt	OBSERVATION	1859	1869	Наблюдение
infectious diseases_influenza_16_BGgpt	SYMPTOM	1873	1886	Температурата
infectious diseases_influenza_17_BGgpt	DISEASE	243	249	Грип А
infectious diseases_influenza_17_BGgpt	SYMPTOM	515	532	3-дневна анамнеза
infectious diseases_influenza_17_BGgpt	SYMPTOM	536	554	висока температура
infectious diseases_influenza_17_BGgpt	SYMPTOM	556	563	кашлица
infectious diseases_influenza_17_BGgpt	SYMPTOM	565	580	възпалено гърло
infectious diseases_influenza_17_BGgpt	SYMPTOM	583	597	мускулни болки
infectious diseases_influenza_17_BGgpt	DISEASE	830	836	Грип А
infectious diseases_influenza_17_BGgpt	PROCEDURE	896	917	антивирусната терапия
infectious diseases_influenza_17_BGgpt	PROCEDURE	932	943	RT-PCR тест
infectious diseases_influenza_17_BGgpt	DISEASE	974	980	Грип А
infectious diseases_influenza_17_BGgpt	PROCEDURE	1097	1111	рентгенография
infectious diseases_influenza_17_BGgpt	PROCEDURE	1394	1401	Лечение
infectious diseases_influenza_17_BGgpt	PROCEDURE	1560	1579	антивирусна терапия
infectious diseases_influenza_17_BGgpt	MEDICATION	1592	1603	Оселтамивир
infectious diseases_influenza_17_BGgpt	MEDICATION	1782	1792	хидратация
infectious diseases_influenza_17_BGgpt	MEDICATION	1802	1814	ацетаминофен
infectious diseases_influenza_17_BGgpt	SYMPTOM	1832	1846	мускулни болки
infectious diseases_influenza_18_BGgpt	DISEASE	278	282	Грип
infectious diseases_influenza_18_BGgpt	SYMPTOM	401	419	висока температура
infectious diseases_influenza_18_BGgpt	SYMPTOM	421	428	кашлица
infectious diseases_influenza_18_BGgpt	SYMPTOM	430	447	болки в мускулите
infectious diseases_influenza_18_BGgpt	SYMPTOM	450	455	умора
infectious diseases_influenza_18_BGgpt	DISEASE	559	563	грип
infectious diseases_influenza_18_BGgpt	PROCEDURE	565	587	Първоначалното лечение
infectious diseases_influenza_18_BGgpt	PROCEDURE	609	616	терапия
infectious diseases_influenza_18_BGgpt	PROCEDURE	619	630	хидратиране
infectious diseases_influenza_18_BGgpt	MEDICATION	633	645	антипиретици
infectious diseases_influenza_18_BGgpt	MEDICATION	658	676	парацетамол 650 mg
infectious diseases_influenza_18_BGgpt	PROCEDURE	774	783	бърз тест
infectious diseases_influenza_18_BGgpt	DISEASE	798	802	грип
infectious diseases_influenza_18_BGgpt	DISEASE	839	843	Грип
infectious diseases_influenza_18_BGgpt	PROCEDURE	981	992	RT-PCR тест
infectious diseases_influenza_18_BGgpt	DISEASE	1020	1024	Грип
infectious diseases_influenza_18_BGgpt	PROCEDURE	1113	1132	антивирусна терапия
infectious diseases_influenza_18_BGgpt	MEDICATION	1134	1151	Озелтамивир 75 mg
infectious diseases_influenza_18_BGgpt	SYMPTOM	1631	1641	усложнения
infectious diseases_influenza_18_BGgpt	DISEASE	1655	1685	вторична бактериална пневмония
infectious diseases_influenza_18_BGgpt	PROCEDURE	1775	1803	рентгенография на гръден кош
infectious diseases_influenza_18_BGgpt	OBSERVATION	1872	1879	находки
infectious diseases_influenza_19_BGgpt	DISEASE	258	264	Грип А
infectious diseases_influenza_19_BGgpt	SYMPTOM	445	453	анамнеза
infectious diseases_influenza_19_BGgpt	SYMPTOM	457	475	висока температура
infectious diseases_influenza_19_BGgpt	SYMPTOM	477	484	кашлица
infectious diseases_influenza_19_BGgpt	SYMPTOM	486	501	възпалено гърло
infectious diseases_influenza_19_BGgpt	SYMPTOM	504	515	отпадналост
infectious diseases_influenza_19_BGgpt	PROCEDURE	644	658	хоспитализация
infectious diseases_influenza_19_BGgpt	SYMPTOM	701	706	астма
infectious diseases_influenza_19_BGgpt	SYMPTOM	765	773	симптоми
infectious diseases_influenza_19_BGgpt	SYMPTOM	1176	1193	лека дехидратация
infectious diseases_influenza_19_BGgpt	SYMPTOM	1282	1287	астма
infectious diseases_influenza_19_BGgpt	SYMPTOM	1311	1319	симптоми
infectious diseases_influenza_19_BGgpt	PROCEDURE	1336	1343	лечение
infectious diseases_influenza_19_BGgpt	PROCEDURE	1354	1372	поддържаща терапия
infectious diseases_influenza_19_BGgpt	PROCEDURE	1375	1407	допълнителна диагностична оценка
infectious diseases_influenza_19_BGgpt	PROCEDURE	1487	1504	RT-PCR изследване
infectious diseases_influenza_19_BGgpt	DISEASE	1560	1566	Грип А
infectious diseases_influenza_19_BGgpt	MEDICATION	1568	1590	Бързият антигенен тест
infectious diseases_influenza_19_BGgpt	PROCEDURE	1696	1710	рентгенография
infectious diseases_influenza_19_BGgpt	DISEASE	1740	1749	пневмония
infectious diseases_influenza_19_BGgpt	PROCEDURE	2005	2012	Лечение
infectious diseases_influenza_19_BGgpt	DISEASE	2040	2046	Грип А
infectious diseases_influenza_1_BGgpt	DISEASE	228	247	Инфекциозни болести
infectious diseases_influenza_1_BGgpt	SYMPTOM	351	368	3-дневна анамнеза
infectious diseases_influenza_1_BGgpt	SYMPTOM	372	392	повишена температура
infectious diseases_influenza_1_BGgpt	SYMPTOM	394	401	кашлица
infectious diseases_influenza_1_BGgpt	SYMPTOM	403	420	болки в мускулите
infectious diseases_influenza_1_BGgpt	SYMPTOM	423	443	изразена отпадналост
infectious diseases_influenza_1_BGgpt	SYMPTOM	1049	1075	двустранни дифузни хрипове
infectious diseases_influenza_1_BGgpt	DISEASE	1276	1287	Инфлуенца А
infectious diseases_influenza_1_BGgpt	PROCEDURE	1321	1342	антивирусната терапия
infectious diseases_influenza_1_BGgpt	PROCEDURE	1356	1367	RT-PCR тест
infectious diseases_influenza_1_BGgpt	DISEASE	1389	1400	Инфлуенца А
infectious diseases_influenza_1_BGgpt	PROCEDURE	1402	1428	Рентгенография на бял дроб
infectious diseases_influenza_1_BGgpt	SYMPTOM	1600	1615	лека хипоксемия
infectious diseases_influenza_1_BGgpt	MEDICATION	1694	1705	Озелтамивир
infectious diseases_influenza_20_BGgpt	SYMPTOM	366	374	симптоми
infectious diseases_influenza_20_BGgpt	DISEASE	393	397	грип
infectious diseases_influenza_20_BGgpt	SYMPTOM	411	429	висока температура
infectious diseases_influenza_20_BGgpt	SYMPTOM	437	451	мускулни болки
infectious diseases_influenza_20_BGgpt	SYMPTOM	453	460	кашлица
infectious diseases_influenza_20_BGgpt	SYMPTOM	463	478	възпалено гърло
infectious diseases_influenza_20_BGgpt	DISEASE	509	513	грип
infectious diseases_influenza_20_BGgpt	SYMPTOM	554	562	симптоми
infectious diseases_influenza_20_BGgpt	DISEASE	606	610	грип
infectious diseases_influenza_20_BGgpt	PROCEDURE	670	681	RT-PCR тест
infectious diseases_influenza_20_BGgpt	DISEASE	753	758	грипа
infectious diseases_influenza_20_BGgpt	PROCEDURE	807	828	антивирусната терапия
infectious diseases_influenza_20_BGgpt	PROCEDURE	830	843	RT-PCR тестът
infectious diseases_influenza_20_BGgpt	DISEASE	861	865	грип
infectious diseases_influenza_20_BGgpt	SYMPTOM	1010	1018	симптоми
infectious diseases_influenza_20_BGgpt	PROCEDURE	1269	1288	Антивирусна терапия
infectious diseases_influenza_20_BGgpt	DISEASE	1359	1363	грип
infectious diseases_influenza_20_BGgpt	MEDICATION	1407	1424	Оселтамивир 75 мг
infectious diseases_influenza_20_BGgpt	PROCEDURE	1542	1563	Симптоматично лечение
infectious diseases_influenza_20_BGgpt	PROCEDURE	1567	1590	Симптоматичната терапия
infectious diseases_influenza_20_BGgpt	MEDICATION	1601	1613	ацетаминофен
infectious diseases_influenza_20_BGgpt	SYMPTOM	1671	1685	мускулни болки
infectious diseases_influenza_20_BGgpt	MEDICATION	1798	1805	аспирин
infectious diseases_influenza_21_BGgpt	DISEASE	330	334	Грип
infectious diseases_influenza_21_BGgpt	OBSERVATION	500	517	тридневна история
infectious diseases_influenza_21_BGgpt	SYMPTOM	521	539	висока температура
infectious diseases_influenza_21_BGgpt	SYMPTOM	541	556	възпалено гърло
infectious diseases_influenza_21_BGgpt	SYMPTOM	558	572	мускулни болки
infectious diseases_influenza_21_BGgpt	SYMPTOM	575	582	кашлица
infectious diseases_influenza_21_BGgpt	DISEASE	605	609	грип
infectious diseases_influenza_21_BGgpt	DISEASE	688	692	грип
infectious diseases_influenza_21_BGgpt	PROCEDURE	705	724	бърз антигенен тест
infectious diseases_influenza_21_BGgpt	DISEASE	770	774	Грип
infectious diseases_influenza_21_BGgpt	PROCEDURE	823	829	RT-PCR
infectious diseases_influenza_21_BGgpt	PROCEDURE	850	871	антивирусното лечение
infectious diseases_influenza_21_BGgpt	PROCEDURE	1250	1264	рентгенография
infectious diseases_influenza_21_BGgpt	DISEASE	1520	1524	Грип
infectious diseases_influenza_21_BGgpt	PROCEDURE	1532	1538	RT-PCR
infectious diseases_influenza_21_BGgpt	MEDICATION	1670	1681	Оселтамивир
infectious diseases_influenza_21_BGgpt	PROCEDURE	1753	1774	антивирусната терапия
infectious diseases_influenza_21_BGgpt	PROCEDURE	1776	1799	симптоматичното лечение
infectious diseases_influenza_21_BGgpt	MEDICATION	1810	1821	Парацетамол
infectious diseases_influenza_21_BGgpt	SYMPTOM	1839	1853	мускулни болки
infectious diseases_influenza_22_BGgpt	DISEASE	233	237	Грип
infectious diseases_influenza_22_BGgpt	SYMPTOM	367	385	48-часова анамнеза
infectious diseases_influenza_22_BGgpt	SYMPTOM	389	407	висока температура
infectious diseases_influenza_22_BGgpt	SYMPTOM	409	417	втрисане
infectious diseases_influenza_22_BGgpt	SYMPTOM	419	439	силни мускулни болки
infectious diseases_influenza_22_BGgpt	SYMPTOM	441	448	кашлица
infectious diseases_influenza_22_BGgpt	SYMPTOM	451	466	възпалено гърло
infectious diseases_influenza_22_BGgpt	DISEASE	502	506	грип
infectious diseases_influenza_22_BGgpt	DISEASE	545	549	грип
infectious diseases_influenza_22_BGgpt	DISEASE	591	610	инфекциозни болести
infectious diseases_influenza_22_BGgpt	PROCEDURE	678	684	РТ-ПЦР
infectious diseases_influenza_22_BGgpt	DISEASE	688	692	грип
infectious diseases_influenza_22_BGgpt	PROCEDURE	881	887	РТ-ПЦР
infectious diseases_influenza_22_BGgpt	PROCEDURE	905	911	РТ-ПЦР
infectious diseases_influenza_22_BGgpt	DISEASE	932	936	грип
infectious diseases_influenza_22_BGgpt	DISEASE	1138	1163	първична грипна пневмония
infectious diseases_influenza_22_BGgpt	PROCEDURE	1307	1313	РТ-ПЦР
infectious diseases_influenza_22_BGgpt	PROCEDURE	1381	1400	антивирусна терапия
infectious diseases_influenza_22_BGgpt	MEDICATION	1403	1420	Озелтамивир 75 мг
infectious diseases_influenza_22_BGgpt	PROCEDURE	1474	1495	симптоматично лечение
infectious diseases_influenza_22_BGgpt	MEDICATION	1521	1532	парацетамол
infectious diseases_influenza_22_BGgpt	SYMPTOM	1869	1885	мускулните болки
infectious diseases_influenza_22_BGgpt	MEDICATION	1963	1980	Озелтамивир 75 мг
infectious diseases_influenza_22_BGgpt	MEDICATION	2122	2140	Парацетамол 650 мг
infectious diseases_influenza_23_BGgpt	SYMPTOM	322	332	оплаквания
infectious diseases_influenza_23_BGgpt	SYMPTOM	368	378	оплаквания
infectious diseases_influenza_23_BGgpt	SYMPTOM	402	422	силни мускулни болки
infectious diseases_influenza_23_BGgpt	SYMPTOM	424	431	кашлица
infectious diseases_influenza_23_BGgpt	SYMPTOM	434	451	затруднено дишане
infectious diseases_influenza_23_BGgpt	SYMPTOM	523	531	симптоми
infectious diseases_influenza_23_BGgpt	DISEASE	547	555	инфекция
infectious diseases_influenza_23_BGgpt	PROCEDURE	1252	1271	RT-PCR тест за грип
infectious diseases_influenza_23_BGgpt	SYMPTOM	1309	1341	наличието на вирус на грип тип А
infectious diseases_influenza_23_BGgpt	PROCEDURE	1345	1371	Рентгенография на бял дроб
infectious diseases_influenza_23_BGgpt	PROCEDURE	1433	1448	Пулс-оксиметрия
infectious diseases_influenza_23_BGgpt	PROCEDURE	1516	1533	Приложено лечение
infectious diseases_influenza_24_BGgpt	DISEASE	260	279	Инфекциозни болести
infectious diseases_influenza_24_BGgpt	DISEASE	399	418	инфекциозни болести
infectious diseases_influenza_24_BGgpt	SYMPTOM	486	493	кашлица
infectious diseases_influenza_24_BGgpt	SYMPTOM	495	510	възпалено гърло
infectious diseases_influenza_24_BGgpt	SYMPTOM	513	527	болки в тялото
infectious diseases_influenza_24_BGgpt	SYMPTOM	570	586	типични симптоми
infectious diseases_influenza_24_BGgpt	OBSERVATION	635	655	Диагностични находки
infectious diseases_influenza_24_BGgpt	PROCEDURE	694	708	антигенен тест
infectious diseases_influenza_24_BGgpt	SYMPTOM	761	777	тежките симптоми
infectious diseases_influenza_24_BGgpt	PROCEDURE	826	837	RT-PCR тест
infectious diseases_influenza_24_BGgpt	PROCEDURE	884	905	антивирусната терапия
infectious diseases_influenza_24_BGgpt	PROCEDURE	907	920	RT-PCR тестът
infectious diseases_influenza_24_BGgpt	DISEASE	943	949	грип А
infectious diseases_influenza_24_BGgpt	DISEASE	991	1006	лека хипоксемия
infectious diseases_influenza_24_BGgpt	PROCEDURE	1070	1096	рентгенография на бял дроб
infectious diseases_influenza_24_BGgpt	DISEASE	1155	1180	първична грипна пневмония
infectious diseases_influenza_24_BGgpt	SYMPTOM	1316	1332	тежките симптоми
infectious diseases_influenza_24_BGgpt	PROCEDURE	1361	1380	антивирусна терапия
infectious diseases_influenza_24_BGgpt	MEDICATION	1472	1483	Оселтамивир
infectious diseases_influenza_24_BGgpt	PROCEDURE	1555	1576	антивирусната терапия
infectious diseases_influenza_24_BGgpt	PROCEDURE	1592	1613	симптоматично лечение
infectious diseases_influenza_24_BGgpt	MEDICATION	1629	1649	Адекватна хидратация
infectious diseases_influenza_24_BGgpt	MEDICATION	1654	1666	Антипиретици
infectious diseases_influenza_24_BGgpt	MEDICATION	1668	1679	Парацетамол
infectious diseases_influenza_24_BGgpt	MEDICATION	1741	1748	Аспирин
infectious diseases_influenza_24_BGgpt	PROCEDURE	1839	1868	допълнителна кислородотерапия
infectious diseases_influenza_25_BGgpt	DISEASE	289	293	Грип
infectious diseases_influenza_25_BGgpt	SYMPTOM	299	307	Анамнеза
infectious diseases_influenza_25_BGgpt	SYMPTOM	469	477	анамнеза
infectious diseases_influenza_25_BGgpt	SYMPTOM	481	499	висока температура
infectious diseases_influenza_25_BGgpt	SYMPTOM	501	521	силни мускулни болки
infectious diseases_influenza_25_BGgpt	SYMPTOM	523	534	отпадналост
infectious diseases_influenza_25_BGgpt	SYMPTOM	537	549	суха кашлица
infectious diseases_influenza_25_BGgpt	DISEASE	661	665	грип
infectious diseases_influenza_25_BGgpt	DISEASE	717	721	грип
infectious diseases_influenza_25_BGgpt	PROCEDURE	781	800	бърз антигенен тест
infectious diseases_influenza_25_BGgpt	DISEASE	837	843	Грип А
infectious diseases_influenza_25_BGgpt	PROCEDURE	891	912	антивирусното лечение
infectious diseases_influenza_25_BGgpt	PROCEDURE	926	937	RT-PCR тест
infectious diseases_influenza_25_BGgpt	DISEASE	954	960	Грип А
infectious diseases_influenza_25_BGgpt	DISEASE	1143	1168	първична грипна пневмония
infectious diseases_influenza_25_BGgpt	DISEASE	1224	1254	вторична бактериална пневмония
infectious diseases_influenza_25_BGgpt	PROCEDURE	1298	1317	антивирусна терапия
infectious diseases_influenza_25_BGgpt	MEDICATION	1375	1386	озелтамивир
infectious diseases_influenza_25_BGgpt	MEDICATION	1499	1510	озелтамивир
infectious diseases_influenza_25_BGgpt	MEDICATION	1606	1625	ацетаминофен 650 mg
infectious diseases_influenza_25_BGgpt	SYMPTOM	1659	1673	мускулни болки
infectious diseases_influenza_25_BGgpt	MEDICATION	1751	1758	Аспирин
infectious diseases_influenza_26_BGgpt	DISEASE	255	274	инфекциозни болести
infectious diseases_influenza_26_BGgpt	SYMPTOM	288	298	оплаквания
infectious diseases_influenza_26_BGgpt	SYMPTOM	369	401	оплаквания от висока температура
infectious diseases_influenza_26_BGgpt	SYMPTOM	403	419	силно главоболие
infectious diseases_influenza_26_BGgpt	SYMPTOM	421	435	мускулни болки
infectious diseases_influenza_26_BGgpt	SYMPTOM	438	450	суха кашлица
infectious diseases_influenza_26_BGgpt	SYMPTOM	475	483	Анамнеза
infectious diseases_influenza_26_BGgpt	SYMPTOM	610	630	леко възпалено гърло
infectious diseases_influenza_26_BGgpt	SYMPTOM	633	640	ринорея
infectious diseases_influenza_26_BGgpt	DISEASE	862	878	Бронхиална астма
infectious diseases_influenza_26_BGgpt	SYMPTOM	1237	1249	леко свирене
infectious diseases_influenza_26_BGgpt	PROCEDURE	1346	1365	Бърз антигенен тест
infectious diseases_influenza_26_BGgpt	PROCEDURE	1393	1399	RT-PCR
infectious diseases_influenza_26_BGgpt	DISEASE	1425	1442	инфекция с грип А
infectious diseases_influenza_26_BGgpt	PROCEDURE	1448	1462	Рентгенография
infectious diseases_influenza_26_BGgpt	DISEASE	1667	1686	инфекциозни болести
infectious diseases_influenza_26_BGgpt	PROCEDURE	1827	1846	антивирусна терапия
infectious diseases_influenza_26_BGgpt	MEDICATION	1882	1893	Озелтамивир
infectious diseases_influenza_27_BGgpt	DISEASE	214	233	Инфекциозни болести
infectious diseases_influenza_27_BGgpt	SYMPTOM	419	437	висока температура
infectious diseases_influenza_27_BGgpt	SYMPTOM	439	446	кашлица
infectious diseases_influenza_27_BGgpt	SYMPTOM	448	462	болки в тялото
infectious diseases_influenza_27_BGgpt	SYMPTOM	465	476	отпадналост
infectious diseases_influenza_27_BGgpt	DISEASE	516	531	грипна епидемия
infectious diseases_influenza_27_BGgpt	SYMPTOM	743	767	дифузни свиркащи хрипове
infectious diseases_influenza_27_BGgpt	SYMPTOM	870	880	левкопения
infectious diseases_influenza_27_BGgpt	DISEASE	945	951	Грип А
infectious diseases_influenza_27_BGgpt	DISEASE	989	1008	инфекциозни болести
infectious diseases_influenza_27_BGgpt	PROCEDURE	1012	1022	долекуване
infectious diseases_influenza_27_BGgpt	PROCEDURE	1035	1046	RT-PCR тест
infectious diseases_influenza_27_BGgpt	PROCEDURE	1087	1108	антивирусната терапия
infectious diseases_influenza_27_BGgpt	DISEASE	1133	1144	Грип А H3N2
infectious diseases_influenza_27_BGgpt	PROCEDURE	1211	1230	антивирусна терапия
infectious diseases_influenza_27_BGgpt	PROCEDURE	1349	1376	пулсоксиметричен мониторинг
infectious diseases_influenza_27_BGgpt	PROCEDURE	1416	1426	хидратация
infectious diseases_influenza_27_BGgpt	MEDICATION	1429	1441	антипиретици
infectious diseases_influenza_27_BGgpt	MEDICATION	1459	1466	аспирин
infectious diseases_influenza_27_BGgpt	MEDICATION	1503	1514	Озелтамивир
infectious diseases_influenza_27_BGgpt	MEDICATION	1717	1729	Ацетаминофен
infectious diseases_influenza_28_BGgpt	DISEASE	315	319	Грип
infectious diseases_influenza_28_BGgpt	SYMPTOM	471	479	симптоми
infectious diseases_influenza_28_BGgpt	SYMPTOM	490	508	висока температура
infectious diseases_influenza_28_BGgpt	SYMPTOM	510	517	кашлица
infectious diseases_influenza_28_BGgpt	SYMPTOM	519	534	възпалено гърло
infectious diseases_influenza_28_BGgpt	SYMPTOM	537	554	болки в мускулите
infectious diseases_influenza_28_BGgpt	OBSERVATION	556	591	Първоначалното клинично впечатление
infectious diseases_influenza_28_BGgpt	DISEASE	612	616	грип
infectious diseases_influenza_28_BGgpt	PROCEDURE	748	767	бърз антигенен тест
infectious diseases_influenza_28_BGgpt	DISEASE	804	808	грип
infectious diseases_influenza_28_BGgpt	PROCEDURE	865	886	антивирусната терапия
infectious diseases_influenza_28_BGgpt	PROCEDURE	898	909	RT-PCR тест
infectious diseases_influenza_28_BGgpt	DISEASE	942	946	грип
infectious diseases_influenza_28_BGgpt	SYMPTOM	983	991	симптоми
infectious diseases_influenza_28_BGgpt	PROCEDURE	1016	1030	пулсоксиметрия
infectious diseases_influenza_28_BGgpt	PROCEDURE	1120	1146	рентгенография на бял дроб
infectious diseases_influenza_28_BGgpt	DISEASE	1205	1230	първична грипна пневмония
infectious diseases_influenza_28_BGgpt	PROCEDURE	1330	1349	антивирусна терапия
infectious diseases_influenza_28_BGgpt	MEDICATION	1410	1427	озелтамивир 75 мг
infectious diseases_influenza_28_BGgpt	MEDICATION	1566	1578	антипиретици
infectious diseases_influenza_28_BGgpt	MEDICATION	1608	1615	Аспирин
infectious diseases_influenza_28_BGgpt	MEDICATION	1688	1699	парацетамол
infectious diseases_influenza_28_BGgpt	MEDICATION	1782	1803	допълнителен кислород
infectious diseases_influenza_28_BGgpt	MEDICATION	1809	1822	носова канюла
infectious diseases_influenza_29_BGgpt	DISEASE	226	230	Грип
infectious diseases_influenza_29_BGgpt	SYMPTOM	255	259	Няма
infectious diseases_influenza_29_BGgpt	SYMPTOM	351	359	анамнеза
infectious diseases_influenza_29_BGgpt	SYMPTOM	363	381	висока температура
infectious diseases_influenza_29_BGgpt	SYMPTOM	383	390	кашлица
infectious diseases_influenza_29_BGgpt	SYMPTOM	392	409	болки в мускулите
infectious diseases_influenza_29_BGgpt	SYMPTOM	412	423	отпадналост
infectious diseases_influenza_29_BGgpt	DISEASE	535	539	грип
infectious diseases_influenza_29_BGgpt	SYMPTOM	564	568	няма
infectious diseases_influenza_29_BGgpt	SYMPTOM	694	704	тахикардия
infectious diseases_influenza_29_BGgpt	PROCEDURE	783	804	симптоматична терапия
infectious diseases_influenza_29_BGgpt	MEDICATION	807	818	парацетамол
infectious diseases_influenza_29_BGgpt	SYMPTOM	836	841	болки
infectious diseases_influenza_29_BGgpt	PROCEDURE	1024	1046	лабораторно изследване
infectious diseases_influenza_29_BGgpt	PROCEDURE	1094	1105	RT-PCR тест
infectious diseases_influenza_29_BGgpt	DISEASE	1109	1113	грип
infectious diseases_influenza_29_BGgpt	DISEASE	1179	1183	грип
infectious diseases_influenza_29_BGgpt	DISEASE	1221	1225	грип
infectious diseases_influenza_29_BGgpt	PROCEDURE	1300	1319	антивирусна терапия
infectious diseases_influenza_29_BGgpt	MEDICATION	1333	1350	оселтамивир 75 mg
infectious diseases_influenza_29_BGgpt	DISEASE	1458	1487	вторична бактериална инфекция
infectious diseases_influenza_29_BGgpt	PROCEDURE	1548	1562	пулсоксиметрия
infectious diseases_influenza_29_BGgpt	PROCEDURE	1593	1607	рентгенография
infectious diseases_influenza_29_BGgpt	SYMPTOM	1788	1800	тахикардията
infectious diseases_influenza_29_BGgpt	PROCEDURE	1815	1838	симптоматичното лечение
infectious diseases_influenza_2_BGgpt	SYMPTOM	397	407	оплаквания
infectious diseases_influenza_2_BGgpt	SYMPTOM	475	485	оплаквания
infectious diseases_influenza_2_BGgpt	SYMPTOM	509	525	силно главоболие
infectious diseases_influenza_2_BGgpt	SYMPTOM	527	541	мускулни болки
infectious diseases_influenza_2_BGgpt	SYMPTOM	544	551	кашлица
infectious diseases_influenza_2_BGgpt	PROCEDURE	732	746	хоспитализация
infectious diseases_influenza_2_BGgpt	MEDICATION	916	927	медикаменти
infectious diseases_influenza_2_BGgpt	SYMPTOM	1138	1153	дифузни хрипове
infectious diseases_influenza_2_BGgpt	PROCEDURE	1257	1276	Бърз антигенен тест
infectious diseases_influenza_2_BGgpt	DISEASE	1346	1352	Грип А
infectious diseases_influenza_2_BGgpt	PROCEDURE	1360	1371	RT-PCR тест
infectious diseases_influenza_2_BGgpt	DISEASE	1400	1406	Грип А
infectious diseases_influenza_2_BGgpt	PROCEDURE	1449	1477	Рентгенография на гръден кош
infectious diseases_influenza_2_BGgpt	DISEASE	1556	1565	пневмония
infectious diseases_influenza_2_BGgpt	PROCEDURE	1653	1669	Ход на лечението
infectious diseases_influenza_2_BGgpt	PROCEDURE	1672	1697	лечебно-диагностичен план
infectious diseases_influenza_30_BGgpt	SYMPTOM	291	299	анамнеза
infectious diseases_influenza_30_BGgpt	SYMPTOM	326	334	втрисане
infectious diseases_influenza_30_BGgpt	SYMPTOM	336	356	силни мускулни болки
infectious diseases_influenza_30_BGgpt	SYMPTOM	358	365	кашлица
infectious diseases_influenza_30_BGgpt	SYMPTOM	368	384	обща отпадналост
infectious diseases_influenza_30_BGgpt	SYMPTOM	389	397	Анамнеза
infectious diseases_influenza_30_BGgpt	SYMPTOM	604	611	кашлица
infectious diseases_influenza_30_BGgpt	DISEASE	887	908	Артериална хипертония
infectious diseases_influenza_30_BGgpt	MEDICATION	1002	1018	Лизиноприл 10 mg
infectious diseases_influenza_30_BGgpt	DISEASE	1046	1067	артериална хипертония
infectious diseases_influenza_30_BGgpt	PROCEDURE	1194	1208	антигенен тест
infectious diseases_influenza_30_BGgpt	PROCEDURE	1284	1290	RT-PCR
infectious diseases_influenza_30_BGgpt	DISEASE	1396	1417	артериална хипертония
infectious diseases_influenza_30_BGgpt	PROCEDURE	1487	1494	лечение
infectious diseases_influenza_30_BGgpt	PROCEDURE	1497	1525	Рентгенография на гръден кош
infectious diseases_influenza_30_BGgpt	DISEASE	1782	1803	бактериална пневмония
infectious diseases_influenza_30_BGgpt	PROCEDURE	1824	1843	Антивирусна терапия
infectious diseases_influenza_31_BGgpt	DISEASE	277	281	Грип
infectious diseases_influenza_31_BGgpt	SYMPTOM	407	425	висока температура
infectious diseases_influenza_31_BGgpt	SYMPTOM	427	434	кашлица
infectious diseases_influenza_31_BGgpt	SYMPTOM	436	451	възпалено гърло
infectious diseases_influenza_31_BGgpt	SYMPTOM	454	468	мускулни болки
infectious diseases_influenza_31_BGgpt	DISEASE	492	496	грип
infectious diseases_influenza_31_BGgpt	DISEASE	541	545	грип
infectious diseases_influenza_31_BGgpt	PROCEDURE	639	658	бърз антигенен тест
infectious diseases_influenza_31_BGgpt	DISEASE	690	694	Грип
infectious diseases_influenza_31_BGgpt	PROCEDURE	724	735	RT-PCR тест
infectious diseases_influenza_31_BGgpt	DISEASE	745	749	Грип
infectious diseases_influenza_31_BGgpt	SYMPTOM	774	790	тежките симптоми
infectious diseases_influenza_31_BGgpt	PROCEDURE	820	827	лечение
infectious diseases_influenza_31_BGgpt	PROCEDURE	882	901	антивирусна терапия
infectious diseases_influenza_31_BGgpt	PROCEDURE	1009	1035	Рентгенография на бял дроб
infectious diseases_influenza_31_BGgpt	SYMPTOM	1055	1082	тежки респираторни симптоми
infectious diseases_influenza_31_BGgpt	PROCEDURE	1239	1246	Лечение
infectious diseases_influenza_31_BGgpt	DISEASE	1287	1291	грип
infectious diseases_influenza_31_BGgpt	PROCEDURE	1304	1323	антивирусна терапия
infectious diseases_influenza_31_BGgpt	MEDICATION	1329	1340	Озелтамивир
infectious diseases_influenza_31_BGgpt	PROCEDURE	1430	1439	Лечението
infectious diseases_influenza_31_BGgpt	PROCEDURE	1540	1547	лечение
infectious diseases_influenza_31_BGgpt	MEDICATION	1594	1606	антипиретици
infectious diseases_influenza_31_BGgpt	MEDICATION	1608	1619	парацетамол
infectious diseases_influenza_32_BGgpt	DISEASE	248	267	инфекциозни болести
infectious diseases_influenza_32_BGgpt	DISEASE	316	324	анамнеза
infectious diseases_influenza_32_BGgpt	SYMPTOM	348	356	втрисане
infectious diseases_influenza_32_BGgpt	SYMPTOM	358	378	силни мускулни болки
infectious diseases_influenza_32_BGgpt	SYMPTOM	380	387	кашлица
infectious diseases_influenza_32_BGgpt	SYMPTOM	390	405	възпалено гърло
infectious diseases_influenza_32_BGgpt	DISEASE	432	440	Анамнеза
infectious diseases_influenza_32_BGgpt	SYMPTOM	500	508	симптоми
infectious diseases_influenza_32_BGgpt	DISEASE	524	547	грипоподобно заболяване
infectious diseases_influenza_32_BGgpt	MEDICATION	635	644	лекарства
infectious diseases_influenza_32_BGgpt	DISEASE	838	846	анамнеза
infectious diseases_influenza_32_BGgpt	MEDICATION	893	902	лекарства
infectious diseases_influenza_32_BGgpt	MEDICATION	904	907	НКА
infectious diseases_influenza_32_BGgpt	MEDICATION	1011	1020	Лекарства
infectious diseases_influenza_32_BGgpt	DISEASE	1051	1068	Социална анамнеза
infectious diseases_influenza_32_BGgpt	MEDICATION	1092	1099	алкохол
infectious diseases_influenza_32_BGgpt	DISEASE	1112	1133	Наследствена анамнеза
infectious diseases_influenza_32_BGgpt	SYMPTOM	1137	1146	Неуместна
infectious diseases_influenza_32_BGgpt	SYMPTOM	1432	1450	двустранни хрипове
infectious diseases_influenza_32_BGgpt	SYMPTOM	1487	1504	липса на признаци
infectious diseases_influenza_32_BGgpt	DISEASE	1508	1537	вторична бактериална инфекция
infectious diseases_influenza_32_BGgpt	PROCEDURE	1657	1674	RT-PCR изследване
infectious diseases_influenza_32_BGgpt	DISEASE	1713	1719	Грип А
infectious diseases_influenza_32_BGgpt	PROCEDURE	1734	1748	рентгенография
infectious diseases_influenza_32_BGgpt	PROCEDURE	1763	1781	пулсова оксиметрия
infectious diseases_influenza_32_BGgpt	PROCEDURE	1807	1823	рентгенографията
infectious diseases_influenza_33_BGgpt	SYMPTOM	327	344	3-дневна анамнеза
infectious diseases_influenza_33_BGgpt	SYMPTOM	368	375	кашлица
infectious diseases_influenza_33_BGgpt	SYMPTOM	377	391	мускулни болки
infectious diseases_influenza_33_BGgpt	SYMPTOM	394	411	тежка отпадналост
infectious diseases_influenza_33_BGgpt	DISEASE	508	525	грипно заболяване
infectious diseases_influenza_33_BGgpt	SYMPTOM	619	627	симптоми
infectious diseases_influenza_33_BGgpt	DISEASE	646	654	инфекция
infectious diseases_influenza_33_BGgpt	SYMPTOM	696	711	възпалено гърло
infectious diseases_influenza_33_BGgpt	SYMPTOM	713	734	непродуктивна кашлица
infectious diseases_influenza_33_BGgpt	SYMPTOM	737	756	общо неразположение
infectious diseases_influenza_33_BGgpt	SYMPTOM	819	833	мускулни болки
infectious diseases_influenza_33_BGgpt	SYMPTOM	836	858	значителна отпадналост
infectious diseases_influenza_33_BGgpt	PROCEDURE	1300	1324	диагностични изследвания
infectious diseases_influenza_33_BGgpt	PROCEDURE	1343	1357	антигенен тест
infectious diseases_influenza_33_BGgpt	PROCEDURE	1469	1486	допълнителен тест
infectious diseases_influenza_33_BGgpt	PROCEDURE	1489	1497	ОБРТ-ПЦР
infectious diseases_influenza_33_BGgpt	PROCEDURE	1537	1551	рентгенография
infectious diseases_influenza_33_BGgpt	DISEASE	1653	1678	интерстициални инфилтрати
infectious diseases_influenza_33_BGgpt	PROCEDURE	1783	1802	антивирусно лечение
infectious diseases_influenza_33_BGgpt	MEDICATION	1828	1839	Озелтамивир
infectious diseases_influenza_33_BGgpt	MEDICATION	1944	1955	озелтамивир
infectious diseases_influenza_33_BGgpt	PROCEDURE	2069	2090	Симптоматично лечение
infectious diseases_influenza_33_BGgpt	MEDICATION	2105	2116	парацетамол
infectious diseases_influenza_34_BGgpt	SYMPTOM	360	373	силна миалгия
infectious diseases_influenza_34_BGgpt	SYMPTOM	375	382	кашлица
infectious diseases_influenza_34_BGgpt	SYMPTOM	385	400	възпалено гърло
infectious diseases_influenza_34_BGgpt	DISEASE	598	608	хипертония
infectious diseases_influenza_34_BGgpt	SYMPTOM	742	750	втрисане
infectious diseases_influenza_34_BGgpt	SYMPTOM	752	772	силни болки в тялото
infectious diseases_influenza_34_BGgpt	SYMPTOM	774	795	непродуктивна кашлица
infectious diseases_influenza_34_BGgpt	SYMPTOM	798	813	възпалено гърло
infectious diseases_influenza_34_BGgpt	OBSERVATION	914	934	Диагностични находки
infectious diseases_influenza_34_BGgpt	PROCEDURE	964	983	бърз антигенен тест
infectious diseases_influenza_34_BGgpt	DISEASE	1107	1119	хипертонията
infectious diseases_influenza_34_BGgpt	PROCEDURE	1134	1145	RT-PCR тест
infectious diseases_influenza_34_BGgpt	PROCEDURE	1260	1274	рентгенография
infectious diseases_influenza_34_BGgpt	DISEASE	1305	1314	пневмония
infectious diseases_influenza_34_BGgpt	PROCEDURE	1525	1532	терапия
infectious diseases_influenza_34_BGgpt	MEDICATION	1535	1546	Озелтамивир
infectious diseases_influenza_34_BGgpt	PROCEDURE	1712	1733	Симптоматично лечение
infectious diseases_influenza_34_BGgpt	MEDICATION	1777	1788	Парацетамол
infectious diseases_influenza_34_BGgpt	SYMPTOM	1899	1922	интравенозна хидратация
infectious diseases_influenza_35_BGgpt	SYMPTOM	399	407	симптоми
infectious diseases_influenza_35_BGgpt	SYMPTOM	441	459	висока температура
infectious diseases_influenza_35_BGgpt	SYMPTOM	461	481	силни мускулни болки
infectious diseases_influenza_35_BGgpt	SYMPTOM	483	494	отпадналост
infectious diseases_influenza_35_BGgpt	SYMPTOM	497	509	суха кашлица
infectious diseases_influenza_35_BGgpt	SYMPTOM	543	553	симптомите
infectious diseases_influenza_35_BGgpt	DISEASE	674	689	грипна инфекция
infectious diseases_influenza_35_BGgpt	SYMPTOM	1061	1066	астма
infectious diseases_influenza_35_BGgpt	PROCEDURE	1157	1176	Бърз антигенен тест
infectious diseases_influenza_35_BGgpt	DISEASE	1236	1242	грип А
infectious diseases_influenza_35_BGgpt	PROCEDURE	1248	1259	РТ-PCR тест
infectious diseases_influenza_35_BGgpt	DISEASE	1311	1317	грип А
infectious diseases_influenza_35_BGgpt	PROCEDURE	1358	1384	Рентгенография на бял дроб
infectious diseases_influenza_35_BGgpt	PROCEDURE	1451	1469	Пулсова оксиметрия
infectious diseases_influenza_35_BGgpt	PROCEDURE	1611	1630	Антивирусна терапия
infectious diseases_influenza_35_BGgpt	MEDICATION	1634	1645	Озелтамивир
infectious diseases_influenza_36_BGgpt	SYMPTOM	383	390	кашлица
infectious diseases_influenza_36_BGgpt	SYMPTOM	409	425	обща отпадналост
infectious diseases_influenza_36_BGgpt	SYMPTOM	452	460	Анамнеза
infectious diseases_influenza_36_BGgpt	SYMPTOM	698	718	силни мускулни болки
infectious diseases_influenza_36_BGgpt	SYMPTOM	720	741	непродуктивна кашлица
infectious diseases_influenza_36_BGgpt	SYMPTOM	744	760	значителна умора
infectious diseases_influenza_36_BGgpt	DISEASE	852	867	грипна инфекция
infectious diseases_influenza_36_BGgpt	PROCEDURE	972	991	Бърз антигенен тест
infectious diseases_influenza_36_BGgpt	SYMPTOM	1043	1054	отрицателен
infectious diseases_influenza_36_BGgpt	PROCEDURE	1062	1073	RT-PCR тест
infectious diseases_influenza_36_BGgpt	DISEASE	1145	1151	Грип А
infectious diseases_influenza_36_BGgpt	PROCEDURE	1175	1201	Рентгенография на бял дроб
infectious diseases_influenza_36_BGgpt	PROCEDURE	1263	1281	Пулсова оксиметрия
infectious diseases_influenza_36_BGgpt	DISEASE	1528	1536	инфекция
infectious diseases_influenza_36_BGgpt	DISEASE	1539	1545	Грип А
infectious diseases_influenza_36_BGgpt	PROCEDURE	1614	1633	антивирусна терапия
infectious diseases_influenza_36_BGgpt	MEDICATION	1659	1673	Оселтамивир 75
infectious diseases_influenza_37_BGgpt	DISEASE	239	243	Грип
infectious diseases_influenza_37_BGgpt	SYMPTOM	271	275	Няма
infectious diseases_influenza_37_BGgpt	SYMPTOM	374	392	висока температура
infectious diseases_influenza_37_BGgpt	SYMPTOM	394	401	кашлица
infectious diseases_influenza_37_BGgpt	SYMPTOM	403	418	възпалено гърло
infectious diseases_influenza_37_BGgpt	SYMPTOM	421	435	болки в тялото
infectious diseases_influenza_37_BGgpt	DISEASE	499	503	грип
infectious diseases_influenza_37_BGgpt	SYMPTOM	518	537	клиничната му изява
infectious diseases_influenza_37_BGgpt	DISEASE	582	586	грип
infectious diseases_influenza_37_BGgpt	PROCEDURE	634	655	антивирусната терапия
infectious diseases_influenza_37_BGgpt	PROCEDURE	700	711	RT-PCR тест
infectious diseases_influenza_37_BGgpt	SYMPTOM	713	723	Симптомите
infectious diseases_influenza_37_BGgpt	PROCEDURE	821	834	RT-PCR тестът
infectious diseases_influenza_37_BGgpt	DISEASE	852	856	Грип
infectious diseases_influenza_37_BGgpt	PROCEDURE	965	984	антивирусна терапия
infectious diseases_influenza_37_BGgpt	MEDICATION	1002	1013	Оселтамивир
infectious diseases_influenza_37_BGgpt	PROCEDURE	1106	1120	рентгенография
infectious diseases_influenza_37_BGgpt	DISEASE	1171	1180	пневмония
infectious diseases_influenza_37_BGgpt	DISEASE	1235	1244	пневмония
infectious diseases_influenza_37_BGgpt	PROCEDURE	1373	1394	симптоматично лечение
infectious diseases_influenza_37_BGgpt	MEDICATION	1397	1408	Парацетамол
infectious diseases_influenza_37_BGgpt	SYMPTOM	1426	1431	болки
infectious diseases_influenza_37_BGgpt	SYMPTOM	1678	1687	Кашлицата
infectious diseases_influenza_37_BGgpt	MEDICATION	1790	1801	Оселтамивир
infectious diseases_influenza_37_BGgpt	MEDICATION	1896	1907	Парацетамол
infectious diseases_influenza_38_BGgpt	DISEASE	197	216	инфекциозни болести
infectious diseases_influenza_38_BGgpt	SYMPTOM	301	309	симптоми
infectious diseases_influenza_38_BGgpt	SYMPTOM	313	331	висока температура
infectious diseases_influenza_38_BGgpt	SYMPTOM	333	340	кашлица
infectious diseases_influenza_38_BGgpt	SYMPTOM	342	357	възпалено гърло
infectious diseases_influenza_38_BGgpt	SYMPTOM	360	374	мускулни болки
infectious diseases_influenza_38_BGgpt	SYMPTOM	399	407	Анамнеза
infectious diseases_influenza_38_BGgpt	SYMPTOM	413	429	Бронхиална астма
infectious diseases_influenza_38_BGgpt	SYMPTOM	708	716	симптоми
infectious diseases_influenza_38_BGgpt	DISEASE	778	797	инфекциозни болести
infectious diseases_influenza_38_BGgpt	PROCEDURE	873	892	бърз антигенен тест
infectious diseases_influenza_38_BGgpt	PROCEDURE	973	984	RT-PCR тест
infectious diseases_influenza_38_BGgpt	PROCEDURE	1042	1070	Рентгенография на гръден кош
infectious diseases_influenza_38_BGgpt	SYMPTOM	1090	1099	пневмония
infectious diseases_influenza_38_BGgpt	MEDICATION	1277	1288	Озелтамивир
infectious diseases_influenza_38_BGgpt	PROCEDURE	1457	1476	антивирусна терапия
infectious diseases_influenza_38_BGgpt	PROCEDURE	1570	1591	Симптоматично лечение
infectious diseases_influenza_38_BGgpt	MEDICATION	1611	1622	Парацетамол
infectious diseases_influenza_38_BGgpt	SYMPTOM	1673	1687	мускулни болки
infectious diseases_influenza_39_BGgpt	DISEASE	285	289	Грип
infectious diseases_influenza_39_BGgpt	SYMPTOM	506	514	симптоми
infectious diseases_influenza_39_BGgpt	DISEASE	530	534	грип
infectious diseases_influenza_39_BGgpt	SYMPTOM	548	566	висока температура
infectious diseases_influenza_39_BGgpt	SYMPTOM	568	588	силни мускулни болки
infectious diseases_influenza_39_BGgpt	SYMPTOM	590	597	кашлица
infectious diseases_influenza_39_BGgpt	SYMPTOM	600	611	отпадналост
infectious diseases_influenza_39_BGgpt	DISEASE	642	646	грип
infectious diseases_influenza_39_BGgpt	SYMPTOM	687	695	симптоми
infectious diseases_influenza_39_BGgpt	DISEASE	730	734	грип
infectious diseases_influenza_39_BGgpt	PROCEDURE	802	819	RT-PCR изследване
infectious diseases_influenza_39_BGgpt	DISEASE	823	827	грип
infectious diseases_influenza_39_BGgpt	DISEASE	855	859	Грип
infectious diseases_influenza_39_BGgpt	PROCEDURE	924	942	пулсова оксиметрия
infectious diseases_influenza_39_BGgpt	PROCEDURE	1041	1067	рентгенография на бял дроб
infectious diseases_influenza_39_BGgpt	PROCEDURE	1299	1318	антивирусно лечение
infectious diseases_influenza_39_BGgpt	MEDICATION	1356	1367	Озелтамивир
infectious diseases_influenza_39_BGgpt	PROCEDURE	1454	1475	Симптоматично лечение
infectious diseases_influenza_39_BGgpt	SYMPTOM	1493	1507	мускулни болки
infectious diseases_influenza_39_BGgpt	MEDICATION	1518	1529	Парацетамол
infectious diseases_influenza_39_BGgpt	DISEASE	1812	1841	вторична бактериална инфекция
infectious diseases_influenza_39_BGgpt	DISEASE	1843	1855	дехидратация
infectious diseases_influenza_39_BGgpt	SYMPTOM	1928	1938	симптомите
infectious diseases_influenza_39_BGgpt	SYMPTOM	2024	2032	симптоми
infectious diseases_influenza_3_BGgpt	SYMPTOM	391	399	симптоми
infectious diseases_influenza_3_BGgpt	SYMPTOM	433	451	висока температура
infectious diseases_influenza_3_BGgpt	SYMPTOM	453	473	силни мускулни болки
infectious diseases_influenza_3_BGgpt	SYMPTOM	475	482	кашлица
infectious diseases_influenza_3_BGgpt	SYMPTOM	485	500	възпалено гърло
infectious diseases_influenza_3_BGgpt	SYMPTOM	534	544	симптомите
infectious diseases_influenza_3_BGgpt	SYMPTOM	743	751	симптоми
infectious diseases_influenza_3_BGgpt	SYMPTOM	786	793	кашлица
infectious diseases_influenza_3_BGgpt	SYMPTOM	796	807	отпадналост
infectious diseases_influenza_3_BGgpt	SYMPTOM	1003	1011	симптоми
infectious diseases_influenza_3_BGgpt	SYMPTOM	1243	1261	двустранни хрипове
infectious diseases_influenza_3_BGgpt	SYMPTOM	1312	1320	отпаднал
infectious diseases_influenza_3_BGgpt	PROCEDURE	1399	1408	Бърз тест
infectious diseases_influenza_3_BGgpt	DISEASE	1444	1450	грип А
infectious diseases_influenza_3_BGgpt	PROCEDURE	1456	1467	RT-PCR тест
infectious diseases_influenza_3_BGgpt	DISEASE	1493	1499	грип А
infectious diseases_influenza_3_BGgpt	PROCEDURE	1517	1543	Рентгенография на бял дроб
infectious diseases_influenza_3_BGgpt	DISEASE	1597	1606	пневмония
infectious diseases_influenza_3_BGgpt	PROCEDURE	1612	1626	Пулсоксиметрия
infectious diseases_influenza_3_BGgpt	DISEASE	1807	1813	грип А
infectious diseases_influenza_3_BGgpt	PROCEDURE	1827	1848	симптоматично лечение
infectious diseases_influenza_3_BGgpt	PROCEDURE	1860	1870	хидратация
infectious diseases_influenza_3_BGgpt	MEDICATION	1873	1885	антипиретици
infectious diseases_influenza_3_BGgpt	MEDICATION	1887	1898	парацетамол
infectious diseases_influenza_3_BGgpt	SYMPTOM	1933	1943	симптомите
infectious diseases_influenza_40_BGgpt	SYMPTOM	384	391	кашлица
infectious diseases_influenza_40_BGgpt	SYMPTOM	393	408	възпалено гърло
infectious diseases_influenza_40_BGgpt	SYMPTOM	411	425	мускулни болки
infectious diseases_influenza_40_BGgpt	SYMPTOM	491	501	симптомите
infectious diseases_influenza_40_BGgpt	PROCEDURE	544	558	хоспитализация
infectious diseases_influenza_40_BGgpt	SYMPTOM	678	686	симптоми
infectious diseases_influenza_40_BGgpt	DISEASE	705	713	инфекция
infectious diseases_influenza_40_BGgpt	SYMPTOM	803	810	кашлица
infectious diseases_influenza_40_BGgpt	SYMPTOM	813	828	възпалено гърло
infectious diseases_influenza_40_BGgpt	SYMPTOM	908	921	тежки миалгии
infectious diseases_influenza_40_BGgpt	SYMPTOM	924	935	отпадналост
infectious diseases_influenza_40_BGgpt	PROCEDURE	1218	1227	Прегледът
infectious diseases_influenza_40_BGgpt	SYMPTOM	1236	1260	лека фарингеална еритема
infectious diseases_influenza_40_BGgpt	SYMPTOM	1275	1298	чисти белодробни полета
infectious diseases_influenza_40_BGgpt	SYMPTOM	1312	1357	липса на признаци на дихателна недостатъчност
infectious diseases_influenza_40_BGgpt	MEDICATION	1435	1462	Бърз антигенен тест за грип
infectious diseases_influenza_40_BGgpt	DISEASE	1514	1520	Грип А
infectious diseases_influenza_40_BGgpt	PROCEDURE	1524	1535	RT-PCR тест
infectious diseases_influenza_40_BGgpt	PROCEDURE	1563	1589	Рентгенография на бял дроб
infectious diseases_influenza_40_BGgpt	PROCEDURE	1658	1676	Пулсова оксиметрия
infectious diseases_influenza_40_BGgpt	PROCEDURE	1745	1761	Ход на лечението
infectious diseases_influenza_40_BGgpt	PROCEDURE	1822	1839	изолационни мерки
infectious diseases_influenza_40_BGgpt	DISEASE	1870	1876	Грип А
infectious diseases_influenza_40_BGgpt	SYMPTOM	1894	1902	симптоми
infectious diseases_influenza_41_BGgpt	SYMPTOM	392	410	висока температура
infectious diseases_influenza_41_BGgpt	SYMPTOM	412	428	силно главоболие
infectious diseases_influenza_41_BGgpt	SYMPTOM	430	444	мускулни болки
infectious diseases_influenza_41_BGgpt	SYMPTOM	447	462	упорита кашлица
infectious diseases_influenza_41_BGgpt	DISEASE	493	497	грип
infectious diseases_influenza_41_BGgpt	DISEASE	552	561	Influenza
infectious diseases_influenza_41_BGgpt	PROCEDURE	569	588	Диагностична оценка
infectious diseases_influenza_41_BGgpt	PROCEDURE	625	639	антигенен тест
infectious diseases_influenza_41_BGgpt	DISEASE	664	674	грип тип А
infectious diseases_influenza_41_BGgpt	PROCEDURE	692	713	антивирусното лечение
infectious diseases_influenza_41_BGgpt	PROCEDURE	746	769	антибактериална терапия
infectious diseases_influenza_41_BGgpt	PROCEDURE	783	794	РТ-ПСР тест
infectious diseases_influenza_41_BGgpt	DISEASE	814	824	грип тип А
infectious diseases_influenza_41_BGgpt	DISEASE	866	881	лека хипоксемия
infectious diseases_influenza_41_BGgpt	PROCEDURE	952	966	рентгенография
infectious diseases_influenza_41_BGgpt	MEDICATION	1225	1236	озелтамивир
infectious diseases_influenza_41_BGgpt	PROCEDURE	1357	1373	кислородотерапия
infectious diseases_influenza_41_BGgpt	PROCEDURE	1423	1444	симптоматично лечение
infectious diseases_influenza_41_BGgpt	SYMPTOM	1464	1480	мускулните болки
infectious diseases_influenza_41_BGgpt	MEDICATION	1492	1503	парацетамол
infectious diseases_influenza_41_BGgpt	SYMPTOM	1844	1860	мускулните болки
infectious diseases_influenza_41_BGgpt	MEDICATION	1905	1916	Озелтамивир
infectious diseases_influenza_42_BGgpt	SYMPTOM	366	374	симптоми
infectious diseases_influenza_42_BGgpt	DISEASE	393	397	грип
infectious diseases_influenza_42_BGgpt	SYMPTOM	411	429	висока температура
infectious diseases_influenza_42_BGgpt	SYMPTOM	431	438	кашлица
infectious diseases_influenza_42_BGgpt	SYMPTOM	440	455	възпалено гърло
infectious diseases_influenza_42_BGgpt	SYMPTOM	457	474	болки в мускулите
infectious diseases_influenza_42_BGgpt	SYMPTOM	477	488	отпадналост
infectious diseases_influenza_42_BGgpt	DISEASE	490	496	Грипът
infectious diseases_influenza_42_BGgpt	SYMPTOM	538	546	симптоми
infectious diseases_influenza_42_BGgpt	PROCEDURE	683	699	цялостен преглед
infectious diseases_influenza_42_BGgpt	MEDICATION	1017	1038	допълнителен кислород
infectious diseases_influenza_42_BGgpt	PROCEDURE	1089	1112	Диагностичното тестване
infectious diseases_influenza_42_BGgpt	DISEASE	1116	1120	грип
infectious diseases_influenza_42_BGgpt	PROCEDURE	1138	1149	RT-PCR тест
infectious diseases_influenza_42_BGgpt	PROCEDURE	1224	1245	антивирусното лечение
infectious diseases_influenza_42_BGgpt	DISEASE	1276	1280	Грип
infectious diseases_influenza_42_BGgpt	PROCEDURE	1393	1412	антивирусно лечение
infectious diseases_influenza_42_BGgpt	PROCEDURE	1447	1466	Антивирусно лечение
infectious diseases_influenza_42_BGgpt	MEDICATION	1497	1508	Оселтамивир
infectious diseases_influenza_42_BGgpt	PROCEDURE	1588	1607	антивирусно лечение
infectious diseases_influenza_42_BGgpt	SYMPTOM	1685	1695	симптомите
infectious diseases_influenza_42_BGgpt	PROCEDURE	1791	1812	Симптоматично лечение
infectious diseases_influenza_42_BGgpt	MEDICATION	1823	1834	парацетамол
infectious diseases_influenza_42_BGgpt	SYMPTOM	1852	1869	болки в мускулите
infectious diseases_influenza_42_BGgpt	MEDICATION	1902	1909	Аспирин
infectious diseases_influenza_42_BGgpt	PROCEDURE	2008	2030	Ежедневното наблюдение
infectious diseases_influenza_43_BGgpt	SYMPTOM	316	324	симптоми
infectious diseases_influenza_43_BGgpt	SYMPTOM	356	374	висока температура
infectious diseases_influenza_43_BGgpt	SYMPTOM	376	383	кашлица
infectious diseases_influenza_43_BGgpt	SYMPTOM	385	400	възпалено гърло
infectious diseases_influenza_43_BGgpt	SYMPTOM	402	419	болки в мускулите
infectious diseases_influenza_43_BGgpt	SYMPTOM	422	433	отпадналост
infectious diseases_influenza_43_BGgpt	SYMPTOM	507	517	симптомите
infectious diseases_influenza_43_BGgpt	PROCEDURE	620	639	бърз антигенен тест
infectious diseases_influenza_43_BGgpt	DISEASE	676	686	грип тип А
infectious diseases_influenza_43_BGgpt	OBSERVATION	708	718	диагнозата
infectious diseases_influenza_43_BGgpt	PROCEDURE	737	758	антивирусната терапия
infectious diseases_influenza_43_BGgpt	PROCEDURE	770	781	RT-PCR тест
infectious diseases_influenza_43_BGgpt	DISEASE	814	824	грип тип А
infectious diseases_influenza_43_BGgpt	PROCEDURE	904	922	пулсова оксиметрия
infectious diseases_influenza_43_BGgpt	DISEASE	937	952	лека хипоксемия
infectious diseases_influenza_43_BGgpt	PROCEDURE	968	994	рентгенография на бял дроб
infectious diseases_influenza_43_BGgpt	SYMPTOM	1204	1214	симптомите
infectious diseases_influenza_43_BGgpt	PROCEDURE	1260	1279	антивирусна терапия
infectious diseases_influenza_43_BGgpt	MEDICATION	1304	1321	Оселтамивир 75 mg
infectious diseases_influenza_43_BGgpt	PROCEDURE	1409	1430	Симптоматично лечение
infectious diseases_influenza_43_BGgpt	MEDICATION	1480	1487	аспирин
infectious diseases_influenza_43_BGgpt	MEDICATION	1522	1541	Ацетаминофен 650 mg
infectious diseases_influenza_43_BGgpt	PROCEDURE	1656	1672	кислородотерапия
infectious diseases_influenza_43_BGgpt	MEDICATION	1678	1692	назална канюла
infectious diseases_influenza_43_BGgpt	DISEASE	1836	1851	лека хипоксемия
infectious diseases_influenza_43_BGgpt	PROCEDURE	1923	1949	рентгенография на бял дроб
infectious diseases_influenza_43_BGgpt	PROCEDURE	1952	1970	пулсова оксиметрия
infectious diseases_influenza_44_BGgpt	SYMPTOM	196	204	Диагноза
infectious diseases_influenza_44_BGgpt	DISEASE	222	233	Грип, тип А
infectious diseases_influenza_44_BGgpt	SYMPTOM	368	376	анамнеза
infectious diseases_influenza_44_BGgpt	SYMPTOM	410	417	кашлица
infectious diseases_influenza_44_BGgpt	SYMPTOM	419	434	възпалено гърло
infectious diseases_influenza_44_BGgpt	SYMPTOM	437	454	болки в мускулите
infectious diseases_influenza_44_BGgpt	PROCEDURE	765	779	антигенен тест
infectious diseases_influenza_44_BGgpt	DISEASE	816	822	грип А
infectious diseases_influenza_44_BGgpt	OBSERVATION	844	854	диагнозата
infectious diseases_influenza_44_BGgpt	PROCEDURE	870	891	антивирусната терапия
infectious diseases_influenza_44_BGgpt	PROCEDURE	903	914	RT-PCR тест
infectious diseases_influenza_44_BGgpt	DISEASE	950	956	грип А
infectious diseases_influenza_44_BGgpt	PROCEDURE	1254	1273	антивирусна терапия
infectious diseases_influenza_44_BGgpt	PROCEDURE	1340	1361	Антивирусната терапия
infectious diseases_influenza_44_BGgpt	DISEASE	1432	1438	грип А
infectious diseases_influenza_44_BGgpt	PROCEDURE	1441	1447	RT-PCR
infectious diseases_influenza_44_BGgpt	MEDICATION	1474	1485	Оселтамивир
infectious diseases_influenza_44_BGgpt	PROCEDURE	1559	1580	антивирусната терапия
infectious diseases_influenza_44_BGgpt	PROCEDURE	1582	1605	симптоматичното лечение
infectious diseases_influenza_44_BGgpt	MEDICATION	1651	1662	Парацетамол
infectious diseases_influenza_45_BGgpt	DISEASE	283	287	Грип
infectious diseases_influenza_45_BGgpt	SYMPTOM	434	452	висока температура
infectious diseases_influenza_45_BGgpt	SYMPTOM	454	461	кашлица
infectious diseases_influenza_45_BGgpt	SYMPTOM	463	478	възпалено гърло
infectious diseases_influenza_45_BGgpt	SYMPTOM	480	494	болки в тялото
infectious diseases_influenza_45_BGgpt	SYMPTOM	497	508	отпадналост
infectious diseases_influenza_45_BGgpt	DISEASE	539	543	грип
infectious diseases_influenza_45_BGgpt	DISEASE	621	638	грипно заболяване
infectious diseases_influenza_45_BGgpt	PROCEDURE	651	670	бърз антигенен тест
infectious diseases_influenza_45_BGgpt	DISEASE	699	710	Инфлуенца А
infectious diseases_influenza_45_BGgpt	PROCEDURE	945	961	кислородотерапия
infectious diseases_influenza_45_BGgpt	MEDICATION	967	981	назална канюла
infectious diseases_influenza_45_BGgpt	PROCEDURE	1047	1061	рентгенография
infectious diseases_influenza_45_BGgpt	PROCEDURE	1119	1136	пулс-оксиметрията
infectious diseases_influenza_45_BGgpt	PROCEDURE	1176	1192	кислородотерапия
infectious diseases_influenza_45_BGgpt	PROCEDURE	1206	1212	RT-PCR
infectious diseases_influenza_45_BGgpt	DISEASE	1256	1267	Инфлуенца А
infectious diseases_influenza_45_BGgpt	MEDICATION	1361	1372	Оселтамивир
infectious diseases_influenza_45_BGgpt	PROCEDURE	1499	1520	Симптоматично лечение
infectious diseases_influenza_45_BGgpt	MEDICATION	1543	1555	ацетаминофен
infectious diseases_influenza_45_BGgpt	SYMPTOM	1596	1610	болки в тялото
infectious diseases_influenza_45_BGgpt	MEDICATION	1656	1663	Аспирин
infectious diseases_influenza_45_BGgpt	PROCEDURE	1875	1895	респираторна терапия
infectious diseases_influenza_45_BGgpt	MEDICATION	1915	1931	бронходилататори
infectious diseases_influenza_45_BGgpt	SYMPTOM	1940	1950	анамнезата
infectious diseases_influenza_46_BGgpt	SYMPTOM	362	380	висока температура
infectious diseases_influenza_46_BGgpt	SYMPTOM	382	402	силни мускулни болки
infectious diseases_influenza_46_BGgpt	SYMPTOM	404	411	кашлица
infectious diseases_influenza_46_BGgpt	SYMPTOM	414	430	обща отпадналост
infectious diseases_influenza_46_BGgpt	DISEASE	621	631	хипертония
infectious diseases_influenza_46_BGgpt	MEDICATION	648	659	медикаменти
infectious diseases_influenza_46_BGgpt	SYMPTOM	933	947	липса на обрив
infectious diseases_influenza_46_BGgpt	SYMPTOM	950	974	нормални сърдечни тонове
infectious diseases_influenza_46_BGgpt	PROCEDURE	1023	1042	Бърз антигенен тест
infectious diseases_influenza_46_BGgpt	PROCEDURE	1118	1131	RT-PCR тестът
infectious diseases_influenza_46_BGgpt	PROCEDURE	1167	1195	Рентгенография на гръден кош
infectious diseases_influenza_46_BGgpt	PROCEDURE	1262	1280	Пулсова оксиметрия
infectious diseases_influenza_46_BGgpt	DISEASE	1481	1491	хипертония
infectious diseases_influenza_46_BGgpt	PROCEDURE	1493	1512	антивирусна терапия
infectious diseases_influenza_46_BGgpt	MEDICATION	1579	1590	Оселтамивир
infectious diseases_influenza_46_BGgpt	MEDICATION	1710	1721	медикамента
infectious diseases_influenza_47_BGgpt	DISEASE	279	283	Грип
infectious diseases_influenza_47_BGgpt	SYMPTOM	287	295	Анамнеза
infectious diseases_influenza_47_BGgpt	SYMPTOM	396	406	фебрилитет
infectious diseases_influenza_47_BGgpt	SYMPTOM	408	415	кашлица
infectious diseases_influenza_47_BGgpt	SYMPTOM	417	432	болки в гърлото
infectious diseases_influenza_47_BGgpt	SYMPTOM	434	448	мускулни болки
infectious diseases_influenza_47_BGgpt	SYMPTOM	451	462	отпадналост
infectious diseases_influenza_47_BGgpt	SYMPTOM	486	496	Симптомите
infectious diseases_influenza_47_BGgpt	DISEASE	606	612	грипен
infectious diseases_influenza_47_BGgpt	DISEASE	681	698	грипно заболяване
infectious diseases_influenza_47_BGgpt	PROCEDURE	803	822	Бърз антигенен тест
infectious diseases_influenza_47_BGgpt	DISEASE	857	861	грип
infectious diseases_influenza_47_BGgpt	PROCEDURE	911	932	антивирусната терапия
infectious diseases_influenza_47_BGgpt	PROCEDURE	944	955	RT-PCR тест
infectious diseases_influenza_47_BGgpt	DISEASE	988	994	грипен
infectious diseases_influenza_47_BGgpt	PROCEDURE	1010	1026	Пусолсоксиметрия
infectious diseases_influenza_47_BGgpt	PROCEDURE	1091	1117	рентгенография на бял дроб
infectious diseases_influenza_47_BGgpt	PROCEDURE	1251	1270	антивирусна терапия
infectious diseases_influenza_47_BGgpt	MEDICATION	1334	1345	Озелтамивир
infectious diseases_influenza_47_BGgpt	PROCEDURE	1419	1440	Симптоматично лечение
infectious diseases_influenza_47_BGgpt	MEDICATION	1449	1460	Парацетамол
infectious diseases_influenza_47_BGgpt	SYMPTOM	1465	1475	фебрилитет
infectious diseases_influenza_47_BGgpt	SYMPTOM	1478	1492	мускулни болки
infectious diseases_influenza_47_BGgpt	PROCEDURE	1802	1818	кислородотерапия
infectious diseases_influenza_47_BGgpt	PROCEDURE	1854	1875	антивирусното лечение
infectious diseases_influenza_47_BGgpt	PROCEDURE	1926	1937	RT-PCR тест
infectious diseases_influenza_48_BGgpt	SYMPTOM	421	439	висока температура
infectious diseases_influenza_48_BGgpt	SYMPTOM	441	448	кашлица
infectious diseases_influenza_48_BGgpt	DISEASE	450	472	значителна отпадналост
infectious diseases_influenza_48_BGgpt	SYMPTOM	475	489	болки в тялото
infectious diseases_influenza_48_BGgpt	DISEASE	618	622	грип
infectious diseases_influenza_48_BGgpt	MEDICATION	792	823	годишната противогрипна ваксина
infectious diseases_influenza_48_BGgpt	PROCEDURE	893	917	обстоен клиничен преглед
infectious diseases_influenza_48_BGgpt	PROCEDURE	1070	1089	бърз антигенен тест
infectious diseases_influenza_48_BGgpt	DISEASE	1126	1130	грип
infectious diseases_influenza_48_BGgpt	PROCEDURE	1178	1202	противовирусната терапия
infectious diseases_influenza_48_BGgpt	PROCEDURE	1217	1228	RT-PCR тест
infectious diseases_influenza_48_BGgpt	DISEASE	1283	1287	грип
infectious diseases_influenza_48_BGgpt	PROCEDURE	1357	1375	пулсова оксиметрия
infectious diseases_influenza_48_BGgpt	PROCEDURE	1422	1448	рентгенография на бял дроб
infectious diseases_influenza_48_BGgpt	PROCEDURE	1540	1562	противовирусна терапия
infectious diseases_influenza_48_BGgpt	MEDICATION	1626	1643	озелтамивир 75 мг
infectious diseases_influenza_48_BGgpt	PROCEDURE	1673	1686	5-дневен курс
infectious diseases_influenza_48_BGgpt	PROCEDURE	1722	1743	симптоматично лечение
infectious diseases_influenza_48_BGgpt	PROCEDURE	1757	1764	почивка
infectious diseases_influenza_48_BGgpt	MEDICATION	1809	1820	парацетамол
infectious diseases_influenza_48_BGgpt	SYMPTOM	1838	1852	болки в тялото
infectious diseases_influenza_48_BGgpt	MEDICATION	1884	1891	аспирин
infectious diseases_influenza_49_BGgpt	SYMPTOM	348	365	3-дневна анамнеза
infectious diseases_influenza_49_BGgpt	SYMPTOM	369	387	висока температура
infectious diseases_influenza_49_BGgpt	SYMPTOM	389	396	кашлица
infectious diseases_influenza_49_BGgpt	SYMPTOM	398	412	мускулни болки
infectious diseases_influenza_49_BGgpt	SYMPTOM	415	432	силна отпадналост
infectious diseases_influenza_49_BGgpt	OBSERVATION	434	452	Подозрение за грип
infectious diseases_influenza_49_BGgpt	SYMPTOM	747	765	двустранни хрипове
infectious diseases_influenza_49_BGgpt	PROCEDURE	898	917	бърз антигенен тест
infectious diseases_influenza_49_BGgpt	PROCEDURE	1032	1043	RT-PCR тест
infectious diseases_influenza_49_BGgpt	PROCEDURE	1105	1131	рентгенография на бял дроб
infectious diseases_influenza_49_BGgpt	DISEASE	1237	1267	вторична бактериална пневмония
infectious diseases_influenza_49_BGgpt	PROCEDURE	1364	1383	антивирусно лечение
infectious diseases_influenza_49_BGgpt	MEDICATION	1386	1397	Озелтамивир
infectious diseases_influenza_49_BGgpt	MEDICATION	1568	1582	назална канюла
infectious diseases_influenza_49_BGgpt	PROCEDURE	1655	1678	Симптоматичното лечение
infectious diseases_influenza_49_BGgpt	MEDICATION	1700	1711	Парацетамол
infectious diseases_influenza_49_BGgpt	SYMPTOM	1729	1743	мускулни болки
infectious diseases_influenza_49_BGgpt	MEDICATION	1782	1789	Аспирин
infectious diseases_influenza_49_BGgpt	DISEASE	1922	1951	вторична бактериална инфекция
infectious diseases_influenza_4_BGgpt	SYMPTOM	330	338	симптоми
infectious diseases_influenza_4_BGgpt	SYMPTOM	342	360	висока температура
infectious diseases_influenza_4_BGgpt	SYMPTOM	362	382	силни мускулни болки
infectious diseases_influenza_4_BGgpt	SYMPTOM	384	391	кашлица
infectious diseases_influenza_4_BGgpt	SYMPTOM	394	408	изразена умора
infectious diseases_influenza_4_BGgpt	DISEASE	485	500	грипна инфекция
infectious diseases_influenza_4_BGgpt	PROCEDURE	682	689	лечение
infectious diseases_influenza_4_BGgpt	MEDICATION	733	752	ацетаминофен 650 mg
infectious diseases_influenza_4_BGgpt	PROCEDURE	948	954	RT-PCR
infectious diseases_influenza_4_BGgpt	PROCEDURE	999	1018	бърз антигенен тест
infectious diseases_influenza_4_BGgpt	DISEASE	1065	1071	Грип А
infectious diseases_influenza_4_BGgpt	PROCEDURE	1089	1103	рентгенография
infectious diseases_influenza_4_BGgpt	SYMPTOM	1129	1136	кашлица
infectious diseases_influenza_4_BGgpt	PROCEDURE	1264	1270	RT-PCR
infectious diseases_influenza_4_BGgpt	SYMPTOM	1363	1371	симптоми
infectious diseases_influenza_4_BGgpt	PROCEDURE	1396	1415	антивирусна терапия
infectious diseases_influenza_4_BGgpt	MEDICATION	1468	1486	оселетамивир 75 mg
infectious diseases_influenza_4_BGgpt	PROCEDURE	1604	1627	симптоматичното лечение
infectious diseases_influenza_4_BGgpt	SYMPTOM	1631	1638	кашлица
infectious diseases_influenza_4_BGgpt	SYMPTOM	1737	1747	симптомите
infectious diseases_influenza_4_BGgpt	SYMPTOM	1824	1833	кашлицата
infectious diseases_influenza_5_BGgpt	SYMPTOM	451	469	висока температура
infectious diseases_influenza_5_BGgpt	SYMPTOM	471	478	кашлица
infectious diseases_influenza_5_BGgpt	SYMPTOM	480	500	силни мускулни болки
infectious diseases_influenza_5_BGgpt	SYMPTOM	503	514	отпадналост
infectious diseases_influenza_5_BGgpt	DISEASE	613	628	инфекция с грип
infectious diseases_influenza_5_BGgpt	SYMPTOM	633	641	Анамнеза
infectious diseases_influenza_5_BGgpt	DISEASE	686	689	НДА
infectious diseases_influenza_5_BGgpt	SYMPTOM	695	700	Астма
infectious diseases_influenza_5_BGgpt	PROCEDURE	1026	1045	бърз антигенен тест
infectious diseases_influenza_5_BGgpt	DISEASE	1078	1088	Грип тип А
infectious diseases_influenza_5_BGgpt	PROCEDURE	1136	1157	антивирусното лечение
infectious diseases_influenza_5_BGgpt	PROCEDURE	1169	1180	RT-PCR тест
infectious diseases_influenza_5_BGgpt	DISEASE	1210	1220	Грип тип А
infectious diseases_influenza_5_BGgpt	PROCEDURE	1284	1298	рентгенография
infectious diseases_influenza_5_BGgpt	PROCEDURE	1435	1454	антивирусно лечение
infectious diseases_influenza_5_BGgpt	MEDICATION	1553	1564	Озелтамивир
infectious diseases_influenza_5_BGgpt	SYMPTOM	1687	1695	анамнеза
infectious diseases_influenza_5_BGgpt	SYMPTOM	1699	1704	астма
infectious diseases_influenza_5_BGgpt	MEDICATION	1706	1715	Занамивир
infectious diseases_influenza_5_BGgpt	PROCEDURE	1775	1796	Симптоматично лечение
infectious diseases_influenza_6_BGgpt	SYMPTOM	388	406	висока температура
infectious diseases_influenza_6_BGgpt	SYMPTOM	408	415	кашлица
infectious diseases_influenza_6_BGgpt	SYMPTOM	417	432	възпалено гърло
infectious diseases_influenza_6_BGgpt	SYMPTOM	434	448	болки в тялото
infectious diseases_influenza_6_BGgpt	SYMPTOM	451	468	силна отпадналост
infectious diseases_influenza_6_BGgpt	SYMPTOM	627	635	симптоми
infectious diseases_influenza_6_BGgpt	DISEASE	654	658	грип
infectious diseases_influenza_6_BGgpt	MEDICATION	762	793	температуропонижаващи лекарства
infectious diseases_influenza_6_BGgpt	SYMPTOM	1131	1136	хрема
infectious diseases_influenza_6_BGgpt	PROCEDURE	1292	1311	Бърз антигенен тест
infectious diseases_influenza_6_BGgpt	DISEASE	1315	1319	грип
infectious diseases_influenza_6_BGgpt	DISEASE	1336	1342	Грип А
infectious diseases_influenza_6_BGgpt	PROCEDURE	1348	1359	RT-PCR тест
infectious diseases_influenza_6_BGgpt	DISEASE	1372	1378	Грип А
infectious diseases_influenza_6_BGgpt	PROCEDURE	1397	1423	Рентгенография на бял дроб
infectious diseases_influenza_6_BGgpt	PROCEDURE	1518	1537	бърз антигенен тест
infectious diseases_influenza_6_BGgpt	PROCEDURE	1540	1551	RT-PCR тест
infectious diseases_influenza_6_BGgpt	DISEASE	1567	1573	Грип А
infectious diseases_influenza_6_BGgpt	DISEASE	1603	1628	бактериална суперинфекция
infectious diseases_influenza_6_BGgpt	PROCEDURE	1632	1658	рентгенография на бял дроб
infectious diseases_influenza_6_BGgpt	DISEASE	1693	1697	грип
infectious diseases_influenza_6_BGgpt	PROCEDURE	1711	1731	по-нататъшно лечение
infectious diseases_influenza_6_BGgpt	DISEASE	1739	1751	дехидратация
infectious diseases_influenza_6_BGgpt	PROCEDURE	1789	1796	терапия
infectious diseases_influenza_6_BGgpt	PROCEDURE	1826	1844	поддържаща терапия
infectious diseases_influenza_6_BGgpt	MEDICATION	1858	1874	венозни вливания
infectious diseases_influenza_6_BGgpt	PROCEDURE	1878	1890	рехидратация
infectious diseases_influenza_6_BGgpt	MEDICATION	1893	1904	парацетамол
infectious diseases_influenza_7_BGgpt	SYMPTOM	428	446	висока температура
infectious diseases_influenza_7_BGgpt	SYMPTOM	448	455	кашлица
infectious diseases_influenza_7_BGgpt	SYMPTOM	457	490	силни болки в мускулите и ставите
infectious diseases_influenza_7_BGgpt	DISEASE	493	504	отпадналост
infectious diseases_influenza_7_BGgpt	PROCEDURE	743	770	бърз антигенен тест за грип
infectious diseases_influenza_7_BGgpt	DISEASE	807	813	Грип А
infectious diseases_influenza_7_BGgpt	PROCEDURE	864	885	антивирусното лечение
infectious diseases_influenza_7_BGgpt	PROCEDURE	934	951	RT-PCR изследване
infectious diseases_influenza_7_BGgpt	PROCEDURE	953	966	RT-PCR тестът
infectious diseases_influenza_7_BGgpt	DISEASE	987	993	Грип А
infectious diseases_influenza_7_BGgpt	PROCEDURE	1067	1086	антивирусно лечение
infectious diseases_influenza_7_BGgpt	PROCEDURE	1132	1159	Бърз антигенен тест за грип
infectious diseases_influenza_7_BGgpt	DISEASE	1176	1182	Грип А
infectious diseases_influenza_7_BGgpt	PROCEDURE	1187	1198	RT-PCR тест
infectious diseases_influenza_7_BGgpt	DISEASE	1218	1224	Грип А
infectious diseases_influenza_7_BGgpt	SYMPTOM	1342	1349	находки
infectious diseases_influenza_7_BGgpt	DISEASE	1458	1464	Грип А
infectious diseases_influenza_7_BGgpt	PROCEDURE	1493	1512	антивирусно лечение
infectious diseases_influenza_7_BGgpt	MEDICATION	1514	1531	Озелтамивир 75 mg
infectious diseases_influenza_7_BGgpt	PROCEDURE	1725	1743	поддържаща терапия
infectious diseases_influenza_7_BGgpt	PROCEDURE	1755	1765	хидратация
infectious diseases_influenza_7_BGgpt	PROCEDURE	1767	1774	почивка
infectious diseases_influenza_7_BGgpt	MEDICATION	1777	1789	антипиретици
infectious diseases_influenza_7_BGgpt	MEDICATION	1791	1802	Парацетамол
infectious diseases_influenza_7_BGgpt	MEDICATION	1895	1902	аспирин
infectious diseases_influenza_8_BGgpt	SYMPTOM	336	344	симптоми
infectious diseases_influenza_8_BGgpt	SYMPTOM	386	400	мускулни болки
infectious diseases_influenza_8_BGgpt	SYMPTOM	402	409	кашлица
infectious diseases_influenza_8_BGgpt	SYMPTOM	412	426	изразена умора
infectious diseases_influenza_8_BGgpt	SYMPTOM	594	602	симптоми
infectious diseases_influenza_8_BGgpt	DISEASE	621	625	грип
infectious diseases_influenza_8_BGgpt	SYMPTOM	659	666	кашлица
infectious diseases_influenza_8_BGgpt	DISEASE	740	744	грип
infectious diseases_influenza_8_BGgpt	OBSERVATION	825	845	Диагностични находки
infectious diseases_influenza_8_BGgpt	PROCEDURE	873	892	бърз антигенен тест
infectious diseases_influenza_8_BGgpt	DISEASE	932	936	грип
infectious diseases_influenza_8_BGgpt	PROCEDURE	1017	1028	RT-PCR тест
infectious diseases_influenza_8_BGgpt	DISEASE	1092	1097	грипа
infectious diseases_influenza_8_BGgpt	DISEASE	1103	1107	H3N2
infectious diseases_influenza_8_BGgpt	DISEASE	1140	1150	хипоксемия
infectious diseases_influenza_8_BGgpt	PROCEDURE	1407	1426	антивирусна терапия
infectious diseases_influenza_8_BGgpt	MEDICATION	1484	1501	оселтамивир 75 mg
infectious diseases_influenza_8_BGgpt	MEDICATION	1594	1615	допълнителен кислород
infectious diseases_influenza_8_BGgpt	MEDICATION	1621	1634	носова канюла
infectious diseases_influenza_8_BGgpt	PROCEDURE	1682	1705	Симптоматичното лечение
infectious diseases_influenza_8_BGgpt	MEDICATION	1714	1725	парацетамол
infectious diseases_influenza_8_BGgpt	SYMPTOM	1766	1780	мускулни болки
infectious diseases_influenza_8_BGgpt	MEDICATION	1825	1832	Аспирин
infectious diseases_influenza_8_BGgpt	SYMPTOM	1952	1962	симптомите
infectious diseases_influenza_8_BGgpt	PROCEDURE	1981	2002	антивирусната терапия
infectious diseases_influenza_9_BGgpt	DISEASE	243	262	Инфекциозни болести
infectious diseases_influenza_9_BGgpt	SYMPTOM	332	340	симптоми
infectious diseases_influenza_9_BGgpt	SYMPTOM	351	371	повишена температура
infectious diseases_influenza_9_BGgpt	SYMPTOM	373	389	силно главоболие
infectious diseases_influenza_9_BGgpt	SYMPTOM	391	405	мускулни болки
infectious diseases_influenza_9_BGgpt	SYMPTOM	407	414	кашлица
infectious diseases_influenza_9_BGgpt	SYMPTOM	417	432	възпалено гърло
infectious diseases_influenza_9_BGgpt	SYMPTOM	569	577	симптоми
infectious diseases_influenza_9_BGgpt	MEDICATION	1047	1068	противогрипна ваксина
infectious diseases_influenza_9_BGgpt	SYMPTOM	1187	1195	симптоми
infectious diseases_influenza_9_BGgpt	SYMPTOM	1199	1223	дихателна недостатъчност
infectious diseases_influenza_9_BGgpt	SYMPTOM	1262	1277	дифузни хрипове
infectious diseases_influenza_9_BGgpt	SYMPTOM	1279	1300	двустранни крепитации
infectious diseases_influenza_9_BGgpt	SYMPTOM	1303	1327	нормални сърдечни тонове
infectious diseases_influenza_9_BGgpt	PROCEDURE	1435	1454	Бърз антигенен тест
infectious diseases_influenza_9_BGgpt	DISEASE	1530	1541	Инфлуенца А
infectious diseases_influenza_9_BGgpt	PROCEDURE	1550	1561	RT-PCR тест
infectious diseases_influenza_9_BGgpt	DISEASE	1575	1586	Инфлуенца А
infectious diseases_influenza_9_BGgpt	PROCEDURE	1644	1670	Рентгенография на бял дроб
infectious diseases_influenza_9_BGgpt	DISEASE	1760	1785	първична грипна пневмония
infectious diseases_influenza_9_BGgpt	PROCEDURE	1794	1812	Пулсова оксиметрия
infectious diseases_influenza_9_BGgpt	PROCEDURE	1865	1887	Лечение и проследяване
infectious diseases_influenza_9_BGgpt	MEDICATION	1898	1909	Озелтамивир
neurology_intracerebral hemorrhage_0_BGgpt	DISEASE	424	440	силно главоболие
neurology_intracerebral hemorrhage_0_BGgpt	SYMPTOM	442	462	десностранна слабост
neurology_intracerebral hemorrhage_0_BGgpt	SYMPTOM	465	482	нарушено съзнание
neurology_intracerebral hemorrhage_0_BGgpt	DISEASE	498	506	анамнеза
neurology_intracerebral hemorrhage_0_BGgpt	DISEASE	510	520	хипертония
neurology_intracerebral hemorrhage_0_BGgpt	PROCEDURE	532	562	редовна медикаментозна терапия
neurology_intracerebral hemorrhage_0_BGgpt	MEDICATION	564	574	Лизиноприл
neurology_intracerebral hemorrhage_0_BGgpt	MEDICATION	616	630	антикоагуланти
neurology_intracerebral hemorrhage_0_BGgpt	MEDICATION	635	648	антиагреганти
neurology_intracerebral hemorrhage_0_BGgpt	OBSERVATION	653	673	Диагностични находки
neurology_intracerebral hemorrhage_0_BGgpt	DISEASE	747	759	хипогликемия
neurology_intracerebral hemorrhage_0_BGgpt	PROCEDURE	783	786	ПКК
neurology_intracerebral hemorrhage_0_BGgpt	PROCEDURE	829	832	INR
neurology_intracerebral hemorrhage_0_BGgpt	PROCEDURE	834	837	ПСВ
neurology_intracerebral hemorrhage_0_BGgpt	PROCEDURE	897	899	КТ
neurology_intracerebral hemorrhage_0_BGgpt	PROCEDURE	962	978	КТ ангиографията
neurology_intracerebral hemorrhage_0_BGgpt	OBSERVATION	995	1004	spot sign
neurology_intracerebral hemorrhage_0_BGgpt	MEDICATION	1170	1186	антикоагулантите
neurology_intracerebral hemorrhage_0_BGgpt	MEDICATION	1189	1204	антиагрегантите
neurology_intracerebral hemorrhage_0_BGgpt	MEDICATION	1284	1301	i.v. никокардипин
neurology_intracerebral hemorrhage_0_BGgpt	PROCEDURE	1650	1672	хирургична интервенция
neurology_intracerebral hemorrhage_0_BGgpt	SYMPTOM	1721	1750	дълбоките церебрални хематоми
neurology_intracerebral hemorrhage_0_BGgpt	DISEASE	1883	1895	хидроцефалия
neurology_intracerebral hemorrhage_10_BGgpt	SYMPTOM	328	344	силно главоболие
neurology_intracerebral hemorrhage_10_BGgpt	SYMPTOM	346	382	слабост в дясната половина на тялото
neurology_intracerebral hemorrhage_10_BGgpt	SYMPTOM	385	403	променено съзнание
neurology_intracerebral hemorrhage_10_BGgpt	DISEASE	419	427	анамнеза
neurology_intracerebral hemorrhage_10_BGgpt	DISEASE	431	441	хипертония
neurology_intracerebral hemorrhage_10_BGgpt	PROCEDURE	453	478	антихипертензивна терапия
neurology_intracerebral hemorrhage_10_BGgpt	DISEASE	610	624	хипогликемията
neurology_intracerebral hemorrhage_10_BGgpt	PROCEDURE	678	698	пълна кръвна картина
neurology_intracerebral hemorrhage_10_BGgpt	PROCEDURE	700	703	ПКК
neurology_intracerebral hemorrhage_10_BGgpt	PROCEDURE	707	732	коагулационни изследвания
neurology_intracerebral hemorrhage_10_BGgpt	PROCEDURE	734	737	INR
neurology_intracerebral hemorrhage_10_BGgpt	PROCEDURE	739	743	aPTT
neurology_intracerebral hemorrhage_10_BGgpt	PROCEDURE	745	760	брой тромбоцити
neurology_intracerebral hemorrhage_10_BGgpt	PROCEDURE	822	853	компютър-томографско изследване
neurology_intracerebral hemorrhage_10_BGgpt	PROCEDURE	855	857	КТ
neurology_intracerebral hemorrhage_10_BGgpt	PROCEDURE	967	981	КТ-ангиография
neurology_intracerebral hemorrhage_10_BGgpt	MEDICATION	1138	1189	всички антикоагулантни и антиагрегантни медикаменти
neurology_intracerebral hemorrhage_10_BGgpt	PROCEDURE	1233	1256	антикоагулантна терапия
neurology_intracerebral hemorrhage_10_BGgpt	MEDICATION	1282	1304	необходими антагонисти
neurology_intracerebral hemorrhage_10_BGgpt	DISEASE	1323	1335	хипертонията
neurology_intracerebral hemorrhage_10_BGgpt	MEDICATION	1372	1382	никакардин
neurology_intracerebral hemorrhage_10_BGgpt	DISEASE	1536	1545	хипотония
neurology_intracerebral hemorrhage_10_BGgpt	PROCEDURE	1852	1873	консервативно лечение
neurology_intracerebral hemorrhage_10_BGgpt	PROCEDURE	2043	2071	антиконвулсивна профилактика
neurology_intracerebral hemorrhage_11_BGgpt	DISEASE	347	355	анамнеза
neurology_intracerebral hemorrhage_11_BGgpt	DISEASE	368	389	артериална хипертония
neurology_intracerebral hemorrhage_11_BGgpt	DISEASE	392	410	предсърдно мъждене
neurology_intracerebral hemorrhage_11_BGgpt	SYMPTOM	507	521	слабост вдясно
neurology_intracerebral hemorrhage_11_BGgpt	SYMPTOM	524	536	нарушена реч
neurology_intracerebral hemorrhage_11_BGgpt	PROCEDURE	555	578	антикоагулантна терапия
neurology_intracerebral hemorrhage_11_BGgpt	PROCEDURE	580	589	Апиксабан
neurology_intracerebral hemorrhage_11_BGgpt	DISEASE	598	616	предсърдно мъждене
neurology_intracerebral hemorrhage_11_BGgpt	DISEASE	660	670	анамнезата
neurology_intracerebral hemorrhage_11_BGgpt	SYMPTOM	698	708	кръвоизлив
neurology_intracerebral hemorrhage_11_BGgpt	PROCEDURE	713	733	Диагностичен преглед
neurology_intracerebral hemorrhage_11_BGgpt	PROCEDURE	826	846	пълна кръвна картина
neurology_intracerebral hemorrhage_11_BGgpt	PROCEDURE	848	851	ПКК
neurology_intracerebral hemorrhage_11_BGgpt	PROCEDURE	855	880	коагулационни изследвания
neurology_intracerebral hemorrhage_11_BGgpt	PROCEDURE	882	885	INR
neurology_intracerebral hemorrhage_11_BGgpt	PROCEDURE	887	891	aPTT
neurology_intracerebral hemorrhage_11_BGgpt	PROCEDURE	893	908	брой тромбоцити
neurology_intracerebral hemorrhage_11_BGgpt	DISEASE	926	945	нарушена коагулация
neurology_intracerebral hemorrhage_11_BGgpt	PROCEDURE	970	995	антикоагулантната терапия
neurology_intracerebral hemorrhage_11_BGgpt	PROCEDURE	1009	1037	спешна компютърна томография
neurology_intracerebral hemorrhage_11_BGgpt	PROCEDURE	1039	1041	КТ
neurology_intracerebral hemorrhage_11_BGgpt	PROCEDURE	1137	1173	Компютърно-томографската ангиография
neurology_intracerebral hemorrhage_11_BGgpt	PROCEDURE	1246	1269	антикоагулантна терапия
neurology_intracerebral hemorrhage_11_BGgpt	MEDICATION	1282	1297	Андоксанет алфа
neurology_intracerebral hemorrhage_11_BGgpt	PROCEDURE	1325	1334	Апиксабан
neurology_intracerebral hemorrhage_11_BGgpt	PROCEDURE	1394	1417	Антикоагулантна терапия
neurology_intracerebral hemorrhage_11_BGgpt	MEDICATION	1443	1458	Андоксанет алфа
neurology_intracerebral hemorrhage_11_BGgpt	PROCEDURE	1505	1514	Апиксабан
neurology_intracerebral hemorrhage_11_BGgpt	MEDICATION	1636	1661	интравенозен Никокардипин
neurology_intracerebral hemorrhage_11_BGgpt	PROCEDURE	1799	1801	АН
neurology_intracerebral hemorrhage_12_BGgpt	DISEASE	250	273	Вътремозъчен кръвоизлив
neurology_intracerebral hemorrhage_12_BGgpt	DISEASE	302	312	Хипертония
neurology_intracerebral hemorrhage_12_BGgpt	DISEASE	395	405	хипертония
neurology_intracerebral hemorrhage_12_BGgpt	SYMPTOM	530	566	слабост в дясната половина на тялото
neurology_intracerebral hemorrhage_12_BGgpt	SYMPTOM	569	586	нарушено съзнание
neurology_intracerebral hemorrhage_12_BGgpt	PROCEDURE	862	865	ПКК
neurology_intracerebral hemorrhage_12_BGgpt	PROCEDURE	908	911	INR
neurology_intracerebral hemorrhage_12_BGgpt	PROCEDURE	913	917	аPTТ
neurology_intracerebral hemorrhage_12_BGgpt	PROCEDURE	920	935	брой тромбоцити
neurology_intracerebral hemorrhage_12_BGgpt	PROCEDURE	1020	1022	КТ
neurology_intracerebral hemorrhage_12_BGgpt	DISEASE	1054	1077	вътремозъчен кръвоизлив
neurology_intracerebral hemorrhage_12_BGgpt	DISEASE	1260	1283	вътремозъчен кръвоизлив
neurology_intracerebral hemorrhage_12_BGgpt	PROCEDURE	1288	1304	Ход на лечението
neurology_intracerebral hemorrhage_12_BGgpt	DISEASE	1329	1352	вътремозъчен кръвоизлив
neurology_intracerebral hemorrhage_12_BGgpt	MEDICATION	1444	1458	антикоагуланти
neurology_intracerebral hemorrhage_12_BGgpt	MEDICATION	1646	1658	никокардипин
neurology_intracerebral hemorrhage_12_BGgpt	DISEASE	1785	1794	хипотония
neurology_intracerebral hemorrhage_12_BGgpt	MEDICATION	1876	1888	никокардипин
neurology_intracerebral hemorrhage_12_BGgpt	PROCEDURE	1933	1955	Хирургична интервенция
neurology_intracerebral hemorrhage_12_BGgpt	SYMPTOM	2096	2117	липса на хидроцефалия
neurology_intracerebral hemorrhage_13_BGgpt	SYMPTOM	288	323	Внезапно начало на силно главоболие
neurology_intracerebral hemorrhage_13_BGgpt	SYMPTOM	325	332	слабост
neurology_intracerebral hemorrhage_13_BGgpt	SYMPTOM	364	374	обърканост
neurology_intracerebral hemorrhage_13_BGgpt	DISEASE	480	501	артериална хипертония
neurology_intracerebral hemorrhage_13_BGgpt	DISEASE	504	524	захарен диабет тип 2
neurology_intracerebral hemorrhage_13_BGgpt	DISEASE	665	673	анамнеза
neurology_intracerebral hemorrhage_13_BGgpt	SYMPTOM	928	944	дясна хемипареза
neurology_intracerebral hemorrhage_13_BGgpt	SYMPTOM	946	958	неясен говор
neurology_intracerebral hemorrhage_13_BGgpt	SYMPTOM	961	971	ориентация
neurology_intracerebral hemorrhage_13_BGgpt	PROCEDURE	1081	1101	Пълна кръвна картина
neurology_intracerebral hemorrhage_13_BGgpt	PROCEDURE	1114	1139	Коагулационни изследвания
neurology_intracerebral hemorrhage_13_BGgpt	PROCEDURE	1143	1146	INR
neurology_intracerebral hemorrhage_13_BGgpt	PROCEDURE	1148	1152	aPTT
neurology_intracerebral hemorrhage_13_BGgpt	PROCEDURE	1194	1222	Спешна компютърна томография
neurology_intracerebral hemorrhage_13_BGgpt	PROCEDURE	1224	1226	КТ
neurology_intracerebral hemorrhage_13_BGgpt	PROCEDURE	1347	1361	КТ ангиография
neurology_intracerebral hemorrhage_13_BGgpt	SYMPTOM	1374	1398	контрастна екстравазация
neurology_intracerebral hemorrhage_13_BGgpt	SYMPTOM	1400	1409	spot sign
neurology_intracerebral hemorrhage_13_BGgpt	PROCEDURE	1424	1433	лечението
neurology_intracerebral hemorrhage_13_BGgpt	PROCEDURE	1598	1605	лечение
neurology_intracerebral hemorrhage_13_BGgpt	MEDICATION	1642	1652	Никардипин
neurology_intracerebral hemorrhage_14_BGgpt	DISEASE	279	295	силно главоболие
neurology_intracerebral hemorrhage_14_BGgpt	SYMPTOM	297	333	слабост в дясната половина на тялото
neurology_intracerebral hemorrhage_14_BGgpt	SYMPTOM	336	353	нарушено съзнание
neurology_intracerebral hemorrhage_14_BGgpt	DISEASE	358	366	Анамнеза
neurology_intracerebral hemorrhage_14_BGgpt	DISEASE	374	384	Хипертония
neurology_intracerebral hemorrhage_14_BGgpt	SYMPTOM	418	428	Бивш пушач
neurology_intracerebral hemorrhage_14_BGgpt	SYMPTOM	477	497	Без данни за алергии
neurology_intracerebral hemorrhage_14_BGgpt	DISEASE	503	519	Фамилна анамнеза
neurology_intracerebral hemorrhage_14_BGgpt	DISEASE	523	549	мозъчно-съдови заболявания
neurology_intracerebral hemorrhage_14_BGgpt	DISEASE	697	713	силно главоболие
neurology_intracerebral hemorrhage_14_BGgpt	SYMPTOM	715	751	слабост в дясната половина на тялото
neurology_intracerebral hemorrhage_14_BGgpt	SYMPTOM	754	771	нарушено съзнание
neurology_intracerebral hemorrhage_14_BGgpt	PROCEDURE	799	811	бърз преглед
neurology_intracerebral hemorrhage_14_BGgpt	DISEASE	913	925	хипогликемия
neurology_intracerebral hemorrhage_14_BGgpt	PROCEDURE	987	990	ПКК
neurology_intracerebral hemorrhage_14_BGgpt	PROCEDURE	992	1017	коагулационни изследвания
neurology_intracerebral hemorrhage_14_BGgpt	PROCEDURE	1019	1022	INR
neurology_intracerebral hemorrhage_14_BGgpt	PROCEDURE	1024	1028	aPTT
neurology_intracerebral hemorrhage_14_BGgpt	PROCEDURE	1030	1045	брой тромбоцити
neurology_intracerebral hemorrhage_14_BGgpt	PROCEDURE	1142	1151	Спешна КТ
neurology_intracerebral hemorrhage_14_BGgpt	PROCEDURE	1267	1290	антикоагулантна терапия
neurology_intracerebral hemorrhage_14_BGgpt	MEDICATION	1319	1327	антидоти
neurology_intracerebral hemorrhage_14_BGgpt	DISEASE	1345	1355	хипертония
neurology_intracerebral hemorrhage_14_BGgpt	MEDICATION	1384	1401	i.v. никокардипин
neurology_intracerebral hemorrhage_14_BGgpt	DISEASE	1512	1522	хипертония
neurology_intracerebral hemorrhage_14_BGgpt	MEDICATION	1655	1667	никокардипин
neurology_intracerebral hemorrhage_14_BGgpt	PROCEDURE	1703	1725	Хирургична интервенция
neurology_intracerebral hemorrhage_15_BGgpt	SYMPTOM	242	277	Внезапно начало на силно главоболие
neurology_intracerebral hemorrhage_15_BGgpt	SYMPTOM	279	315	слабост в дясната половина на тялото
neurology_intracerebral hemorrhage_15_BGgpt	SYMPTOM	318	332	затруднена реч
neurology_intracerebral hemorrhage_15_BGgpt	DISEASE	352	360	Анамнеза
neurology_intracerebral hemorrhage_15_BGgpt	DISEASE	387	408	Артериална хипертония
neurology_intracerebral hemorrhage_15_BGgpt	DISEASE	439	453	Предишен пушач
neurology_intracerebral hemorrhage_15_BGgpt	MEDICATION	504	513	Амлодипин
neurology_intracerebral hemorrhage_15_BGgpt	DISEASE	530	540	хипертония
neurology_intracerebral hemorrhage_15_BGgpt	MEDICATION	544	551	Алергии
neurology_intracerebral hemorrhage_15_BGgpt	SYMPTOM	708	743	внезапно начало на силно главоболие
neurology_intracerebral hemorrhage_15_BGgpt	SYMPTOM	745	781	слабост в дясната половина на тялото
neurology_intracerebral hemorrhage_15_BGgpt	SYMPTOM	784	794	неясна реч
neurology_intracerebral hemorrhage_15_BGgpt	SYMPTOM	825	854	огнищни неврологични дефицити
neurology_intracerebral hemorrhage_15_BGgpt	SYMPTOM	857	874	нарушено съзнание
neurology_intracerebral hemorrhage_15_BGgpt	PROCEDURE	1012	1032	диагностични тестове
neurology_intracerebral hemorrhage_15_BGgpt	PROCEDURE	1046	1066	пълна кръвна картина
neurology_intracerebral hemorrhage_15_BGgpt	PROCEDURE	1068	1071	ПКК
neurology_intracerebral hemorrhage_15_BGgpt	PROCEDURE	1074	1099	коагулационни изследвания
neurology_intracerebral hemorrhage_15_BGgpt	PROCEDURE	1101	1104	INR
neurology_intracerebral hemorrhage_15_BGgpt	PROCEDURE	1106	1109	ПТВ
neurology_intracerebral hemorrhage_15_BGgpt	PROCEDURE	1111	1121	тромбоцити
neurology_intracerebral hemorrhage_15_BGgpt	PROCEDURE	1125	1153	спешна компютърна томография
neurology_intracerebral hemorrhage_15_BGgpt	PROCEDURE	1155	1157	КТ
neurology_intracerebral hemorrhage_15_BGgpt	DISEASE	1469	1479	хипертония
neurology_intracerebral hemorrhage_15_BGgpt	MEDICATION	1587	1597	Никардипин
neurology_intracerebral hemorrhage_15_BGgpt	PROCEDURE	1904	1926	Медикаментозният режим
neurology_intracerebral hemorrhage_15_BGgpt	MEDICATION	1994	2003	Амлодипин
neurology_intracerebral hemorrhage_15_BGgpt	MEDICATION	2049	2095	антикоагуланти или антитромбоцитни медикаменти
neurology_intracerebral hemorrhage_15_BGgpt	PROCEDURE	2159	2181	Неврохирургична оценка
neurology_intracerebral hemorrhage_16_BGgpt	SYMPTOM	423	439	силно главоболие
neurology_intracerebral hemorrhage_16_BGgpt	SYMPTOM	441	461	правостранна слабост
neurology_intracerebral hemorrhage_16_BGgpt	SYMPTOM	464	482	променено съзнание
neurology_intracerebral hemorrhage_16_BGgpt	SYMPTOM	495	505	анамнезата
neurology_intracerebral hemorrhage_16_BGgpt	DISEASE	521	531	хипертония
neurology_intracerebral hemorrhage_16_BGgpt	MEDICATION	553	579	антикоагулантен медикамент
neurology_intracerebral hemorrhage_16_BGgpt	MEDICATION	581	590	апиксабан
neurology_intracerebral hemorrhage_16_BGgpt	DISEASE	642	689	интрацеребрално кръвоизливно-хеморагичен инсулт
neurology_intracerebral hemorrhage_16_BGgpt	DISEASE	691	694	ИХИ
neurology_intracerebral hemorrhage_16_BGgpt	DISEASE	817	829	хипогликемия
neurology_intracerebral hemorrhage_16_BGgpt	DISEASE	901	911	хипертония
neurology_intracerebral hemorrhage_16_BGgpt	PROCEDURE	961	981	пълна кръвна картина
neurology_intracerebral hemorrhage_16_BGgpt	PROCEDURE	983	986	ПКК
neurology_intracerebral hemorrhage_16_BGgpt	PROCEDURE	990	1015	коагулационни изследвания
neurology_intracerebral hemorrhage_16_BGgpt	DISEASE	1040	1043	INR
neurology_intracerebral hemorrhage_16_BGgpt	PROCEDURE	1052	1056	aPTT
neurology_intracerebral hemorrhage_16_BGgpt	PROCEDURE	1131	1144	КТ изследване
neurology_intracerebral hemorrhage_16_BGgpt	DISEASE	1182	1229	интрацеребрално кръвоизливно-хеморагичен инсулт
neurology_intracerebral hemorrhage_16_BGgpt	PROCEDURE	1404	1418	КТ ангиография
neurology_intracerebral hemorrhage_16_BGgpt	SYMPTOM	1463	1472	спот-знак
neurology_intracerebral hemorrhage_16_BGgpt	MEDICATION	1582	1591	апиксабан
neurology_intracerebral hemorrhage_16_BGgpt	DISEASE	1681	1693	хипертонията
neurology_intracerebral hemorrhage_16_BGgpt	MEDICATION	1775	1785	никардипин
neurology_intracerebral hemorrhage_16_BGgpt	DISEASE	2018	2027	хипотония
neurology_intracerebral hemorrhage_17_BGgpt	DISEASE	409	425	силно главоболие
neurology_intracerebral hemorrhage_17_BGgpt	SYMPTOM	427	463	слабост в дясната половина на тялото
neurology_intracerebral hemorrhage_17_BGgpt	SYMPTOM	466	480	разстроена реч
neurology_intracerebral hemorrhage_17_BGgpt	DISEASE	500	521	артериална хипертония
neurology_intracerebral hemorrhage_17_BGgpt	DISEASE	524	544	захарен диабет тип 2
neurology_intracerebral hemorrhage_17_BGgpt	MEDICATION	556	563	аспирин
neurology_intracerebral hemorrhage_17_BGgpt	MEDICATION	579	588	метформин
neurology_intracerebral hemorrhage_17_BGgpt	PROCEDURE	630	632	АН
neurology_intracerebral hemorrhage_17_BGgpt	PROCEDURE	634	649	кръвно налягане
neurology_intracerebral hemorrhage_17_BGgpt	DISEASE	798	819	липса на хипогликемия
neurology_intracerebral hemorrhage_17_BGgpt	PROCEDURE	821	824	ПКК
neurology_intracerebral hemorrhage_17_BGgpt	PROCEDURE	877	880	INR
neurology_intracerebral hemorrhage_17_BGgpt	PROCEDURE	882	886	aPTT
neurology_intracerebral hemorrhage_17_BGgpt	PROCEDURE	888	904	тромбоцитен брой
neurology_intracerebral hemorrhage_17_BGgpt	PROCEDURE	976	978	КТ
neurology_intracerebral hemorrhage_17_BGgpt	PROCEDURE	980	1001	компютърна томография
neurology_intracerebral hemorrhage_17_BGgpt	PROCEDURE	1152	1154	КТ
neurology_intracerebral hemorrhage_17_BGgpt	SYMPTOM	1227	1236	spot sign
neurology_intracerebral hemorrhage_17_BGgpt	PROCEDURE	1239	1242	ЯМР
neurology_intracerebral hemorrhage_17_BGgpt	PROCEDURE	1279	1281	КТ
neurology_intracerebral hemorrhage_17_BGgpt	DISEASE	1396	1408	Хипертонията
neurology_intracerebral hemorrhage_17_BGgpt	MEDICATION	1466	1476	никардипин
neurology_intracerebral hemorrhage_17_BGgpt	PROCEDURE	1603	1605	АН
neurology_intracerebral hemorrhage_17_BGgpt	PROCEDURE	1623	1640	Кръвното налягане
neurology_intracerebral hemorrhage_17_BGgpt	MEDICATION	1723	1733	никардипин
neurology_intracerebral hemorrhage_17_BGgpt	MEDICATION	1766	1802	перорални антихипертензивни средства
neurology_intracerebral hemorrhage_17_BGgpt	MEDICATION	1804	1814	лизиноприл
neurology_intracerebral hemorrhage_18_BGgpt	DISEASE	247	270	Вътремозъчен кръвоизлив
neurology_intracerebral hemorrhage_18_BGgpt	DISEASE	398	406	анамнеза
neurology_intracerebral hemorrhage_18_BGgpt	DISEASE	410	431	артериална хипертония
neurology_intracerebral hemorrhage_18_BGgpt	DISEASE	434	452	предсърдно мъждене
neurology_intracerebral hemorrhage_18_BGgpt	MEDICATION	473	483	дабигатран
neurology_intracerebral hemorrhage_18_BGgpt	SYMPTOM	541	576	внезапно начало на силно главоболие
neurology_intracerebral hemorrhage_18_BGgpt	SYMPTOM	578	614	слабост в дясната половина на тялото
neurology_intracerebral hemorrhage_18_BGgpt	SYMPTOM	617	631	затруднена реч
neurology_intracerebral hemorrhage_18_BGgpt	PROCEDURE	681	683	КН
neurology_intracerebral hemorrhage_18_BGgpt	PROCEDURE	1083	1085	КТ
neurology_intracerebral hemorrhage_18_BGgpt	PROCEDURE	1243	1245	КТ
neurology_intracerebral hemorrhage_18_BGgpt	SYMPTOM	1314	1323	spot sign
neurology_intracerebral hemorrhage_18_BGgpt	PROCEDURE	1353	1365	антидотиране
neurology_intracerebral hemorrhage_18_BGgpt	PROCEDURE	1369	1394	антикоагулантната терапия
neurology_intracerebral hemorrhage_18_BGgpt	MEDICATION	1397	1407	дабигатран
neurology_intracerebral hemorrhage_18_BGgpt	MEDICATION	1420	1432	idaризукумаб
neurology_intracerebral hemorrhage_18_BGgpt	MEDICATION	1543	1555	никокардипин
neurology_intracerebral hemorrhage_18_BGgpt	PROCEDURE	1693	1718	непрекъснатото наблюдение
neurology_intracerebral hemorrhage_18_BGgpt	PROCEDURE	1772	1774	КН
neurology_intracerebral hemorrhage_18_BGgpt	DISEASE	1787	1811	неврологичното състояние
neurology_intracerebral hemorrhage_18_BGgpt	DISEASE	1840	1864	неврологичното състояние
neurology_intracerebral hemorrhage_19_BGgpt	SYMPTOM	362	369	слабост
neurology_intracerebral hemorrhage_19_BGgpt	SYMPTOM	401	411	обърканост
neurology_intracerebral hemorrhage_19_BGgpt	DISEASE	455	465	хипертония
neurology_intracerebral hemorrhage_19_BGgpt	DISEASE	477	494	миокарден инфаркт
neurology_intracerebral hemorrhage_19_BGgpt	MEDICATION	511	518	аспирин
neurology_intracerebral hemorrhage_19_BGgpt	MEDICATION	534	544	лизиноприл
neurology_intracerebral hemorrhage_19_BGgpt	DISEASE	580	590	анамнезата
neurology_intracerebral hemorrhage_19_BGgpt	DISEASE	624	639	възможен инсулт
neurology_intracerebral hemorrhage_19_BGgpt	PROCEDURE	644	663	Диагностична оценка
neurology_intracerebral hemorrhage_19_BGgpt	DISEASE	762	774	хипогликемия
neurology_intracerebral hemorrhage_19_BGgpt	PROCEDURE	882	886	aPTT
neurology_intracerebral hemorrhage_19_BGgpt	PROCEDURE	941	969	спешна компютърна томография
neurology_intracerebral hemorrhage_19_BGgpt	PROCEDURE	1191	1205	КТ ангиография
neurology_intracerebral hemorrhage_19_BGgpt	SYMPTOM	1263	1272	spot sign
neurology_intracerebral hemorrhage_19_BGgpt	PROCEDURE	1355	1371	Ход на лечението
neurology_intracerebral hemorrhage_19_BGgpt	DISEASE	1387	1399	Хипертонията
neurology_intracerebral hemorrhage_19_BGgpt	PROCEDURE	1781	1796	чест мониторинг
neurology_intracerebral hemorrhage_19_BGgpt	DISEASE	1813	1822	хипотония
neurology_intracerebral hemorrhage_19_BGgpt	MEDICATION	1843	1850	аспирин
neurology_intracerebral hemorrhage_1_BGgpt	DISEASE	247	270	Вътремозъчен кръвоизлив
neurology_intracerebral hemorrhage_1_BGgpt	DISEASE	299	320	Артериална хипертония
neurology_intracerebral hemorrhage_1_BGgpt	DISEASE	322	336	Хиперлипидемия
neurology_intracerebral hemorrhage_1_BGgpt	DISEASE	342	350	Анамнеза
neurology_intracerebral hemorrhage_1_BGgpt	SYMPTOM	448	464	силно главоболие
neurology_intracerebral hemorrhage_1_BGgpt	SYMPTOM	466	486	десностранна слабост
neurology_intracerebral hemorrhage_1_BGgpt	SYMPTOM	489	508	затруднено говорене
neurology_intracerebral hemorrhage_1_BGgpt	DISEASE	596	617	артериална хипертония
neurology_intracerebral hemorrhage_1_BGgpt	PROCEDURE	629	651	медикаментозно лечение
neurology_intracerebral hemorrhage_1_BGgpt	SYMPTOM	730	742	тютюнопушене
neurology_intracerebral hemorrhage_1_BGgpt	PROCEDURE	935	938	ПКК
neurology_intracerebral hemorrhage_1_BGgpt	PROCEDURE	968	971	INR
neurology_intracerebral hemorrhage_1_BGgpt	PROCEDURE	973	977	аPTT
neurology_intracerebral hemorrhage_1_BGgpt	PROCEDURE	979	989	тромбоцити
neurology_intracerebral hemorrhage_1_BGgpt	PROCEDURE	1019	1037	Спешна КТ на глава
neurology_intracerebral hemorrhage_1_BGgpt	DISEASE	1067	1090	вътремозъчен кръвоизлив
neurology_intracerebral hemorrhage_1_BGgpt	MEDICATION	1410	1436	Антихипертензивни средства
neurology_intracerebral hemorrhage_1_BGgpt	OBSERVATION	1452	1459	лечение
neurology_intracerebral hemorrhage_1_BGgpt	MEDICATION	1462	1472	никардипин
neurology_intracerebral hemorrhage_1_BGgpt	PROCEDURE	1573	1575	АН
neurology_intracerebral hemorrhage_1_BGgpt	PROCEDURE	1595	1623	Контрол на кръвното налягане
neurology_intracerebral hemorrhage_1_BGgpt	PROCEDURE	1648	1655	контрол
neurology_intracerebral hemorrhage_1_BGgpt	PROCEDURE	1659	1661	АН
neurology_intracerebral hemorrhage_1_BGgpt	MEDICATION	1713	1723	никардипин
neurology_intracerebral hemorrhage_20_BGgpt	DISEASE	420	436	силно главоболие
neurology_intracerebral hemorrhage_20_BGgpt	SYMPTOM	438	474	слабост на лявата половина на тялото
neurology_intracerebral hemorrhage_20_BGgpt	SYMPTOM	477	494	нарушено съзнание
neurology_intracerebral hemorrhage_20_BGgpt	DISEASE	524	545	артериална хипертония
neurology_intracerebral hemorrhage_20_BGgpt	DISEASE	573	589	силно главоболие
neurology_intracerebral hemorrhage_20_BGgpt	PROCEDURE	634	662	спешна компютърна томография
neurology_intracerebral hemorrhage_20_BGgpt	PROCEDURE	664	666	КТ
neurology_intracerebral hemorrhage_20_BGgpt	OBSERVATION	789	809	Диагностични находки
neurology_intracerebral hemorrhage_20_BGgpt	PROCEDURE	972	974	КТ
neurology_intracerebral hemorrhage_20_BGgpt	PROCEDURE	1070	1072	КТ
neurology_intracerebral hemorrhage_20_BGgpt	SYMPTOM	1115	1139	контрастна екстравазация
neurology_intracerebral hemorrhage_20_BGgpt	PROCEDURE	1171	1194	антикоагулантно лечение
neurology_intracerebral hemorrhage_20_BGgpt	MEDICATION	1269	1294	интравенозен никокардипин
neurology_intracerebral hemorrhage_20_BGgpt	PROCEDURE	1592	1606	Спешно лечение
neurology_intracerebral hemorrhage_20_BGgpt	DISEASE	1610	1631	артериална хипертония
neurology_intracerebral hemorrhage_20_BGgpt	MEDICATION	1646	1663	никокардипин i.v.
neurology_intracerebral hemorrhage_21_BGgpt	DISEASE	219	242	Вътремозъчен кръвоизлив
neurology_intracerebral hemorrhage_21_BGgpt	DISEASE	269	292	Вътремозъчен кръвоизлив
neurology_intracerebral hemorrhage_21_BGgpt	DISEASE	294	304	Хипертония
neurology_intracerebral hemorrhage_21_BGgpt	DISEASE	482	492	хипертония
neurology_intracerebral hemorrhage_21_BGgpt	SYMPTOM	563	579	силна главоболие
neurology_intracerebral hemorrhage_21_BGgpt	SYMPTOM	581	616	слабост в лявата половина на тялото
neurology_intracerebral hemorrhage_21_BGgpt	SYMPTOM	619	629	обърканост
neurology_intracerebral hemorrhage_21_BGgpt	PROCEDURE	976	979	ПКК
neurology_intracerebral hemorrhage_21_BGgpt	PROCEDURE	1015	1018	ПТТ
neurology_intracerebral hemorrhage_21_BGgpt	PROCEDURE	1124	1142	Спешна КТ на глава
neurology_intracerebral hemorrhage_21_BGgpt	PROCEDURE	1273	1287	КТ ангиография
neurology_intracerebral hemorrhage_21_BGgpt	PROCEDURE	1378	1391	ЯМР на мозъка
neurology_intracerebral hemorrhage_21_BGgpt	DISEASE	1437	1461	вътремозъчния кръвоизлив
neurology_intracerebral hemorrhage_21_BGgpt	PROCEDURE	1473	1482	лечението
neurology_intracerebral hemorrhage_21_BGgpt	PROCEDURE	1588	1595	лечение
neurology_intracerebral hemorrhage_21_BGgpt	MEDICATION	1597	1611	Антикоагуланти
neurology_intracerebral hemorrhage_21_BGgpt	MEDICATION	1614	1627	антиагреганти
neurology_intracerebral hemorrhage_21_BGgpt	DISEASE	1649	1661	Хипертонията
neurology_intracerebral hemorrhage_22_BGgpt	DISEASE	335	358	Вътремозъчен кръвоизлив
neurology_intracerebral hemorrhage_22_BGgpt	DISEASE	387	408	Артериална хипертония
neurology_intracerebral hemorrhage_22_BGgpt	DISEASE	410	428	Предсърдно мъждене
neurology_intracerebral hemorrhage_22_BGgpt	DISEASE	517	538	артериална хипертония
neurology_intracerebral hemorrhage_22_BGgpt	DISEASE	552	570	предсърдно мъждене
neurology_intracerebral hemorrhage_22_BGgpt	SYMPTOM	667	702	слабост в лявата половина на тялото
neurology_intracerebral hemorrhage_22_BGgpt	SYMPTOM	705	725	затруднения в говора
neurology_intracerebral hemorrhage_22_BGgpt	PROCEDURE	980	996	Шкала на Глазгоу
neurology_intracerebral hemorrhage_22_BGgpt	PROCEDURE	1206	1209	INR
neurology_intracerebral hemorrhage_22_BGgpt	PROCEDURE	1211	1215	aPTT
neurology_intracerebral hemorrhage_22_BGgpt	PROCEDURE	1267	1288	Компютърна томография
neurology_intracerebral hemorrhage_22_BGgpt	DISEASE	1329	1352	правостранен кръвоизлив
neurology_intracerebral hemorrhage_22_BGgpt	DISEASE	1533	1551	предсърдно мъждене
neurology_intracerebral hemorrhage_22_BGgpt	MEDICATION	1591	1605	антикоагуланти
neurology_intracerebral hemorrhage_22_BGgpt	MEDICATION	1660	1671	антагонисти
neurology_intracerebral hemorrhage_22_BGgpt	PROCEDURE	1805	1812	Контрол
neurology_intracerebral hemorrhage_23_BGgpt	DISEASE	227	250	Вътрeмозъчен кръвоизлив
neurology_intracerebral hemorrhage_23_BGgpt	DISEASE	398	414	силно главоболие
neurology_intracerebral hemorrhage_23_BGgpt	SYMPTOM	416	436	десностранна слабост
neurology_intracerebral hemorrhage_23_BGgpt	SYMPTOM	439	456	нарушено съзнание
neurology_intracerebral hemorrhage_23_BGgpt	SYMPTOM	472	480	анамнеза
neurology_intracerebral hemorrhage_23_BGgpt	DISEASE	484	494	хипертония
neurology_intracerebral hemorrhage_23_BGgpt	MEDICATION	507	518	медикаменти
neurology_intracerebral hemorrhage_23_BGgpt	MEDICATION	532	541	амлодипин
neurology_intracerebral hemorrhage_23_BGgpt	DISEASE	584	607	вътрeмозъчен кръвоизлив
neurology_intracerebral hemorrhage_23_BGgpt	SYMPTOM	631	643	хипертонията
neurology_intracerebral hemorrhage_23_BGgpt	DISEASE	656	664	анамнеза
neurology_intracerebral hemorrhage_23_BGgpt	PROCEDURE	978	999	компютърна томография
neurology_intracerebral hemorrhage_23_BGgpt	PROCEDURE	1001	1003	КТ
neurology_intracerebral hemorrhage_23_BGgpt	DISEASE	1045	1068	вътрeмозъчен кръвоизлив
neurology_intracerebral hemorrhage_23_BGgpt	PROCEDURE	1130	1132	КТ
neurology_intracerebral hemorrhage_23_BGgpt	DISEASE	1222	1245	вътрeмозъчен кръвоизлив
neurology_intracerebral hemorrhage_23_BGgpt	MEDICATION	1247	1263	антикоагулантите
neurology_intracerebral hemorrhage_23_BGgpt	MEDICATION	1266	1295	антитромбоцитните медикаменти
neurology_intracerebral hemorrhage_23_BGgpt	MEDICATION	1366	1376	никардипин
neurology_intracerebral hemorrhage_23_BGgpt	PROCEDURE	1425	1435	коригирано
neurology_intracerebral hemorrhage_23_BGgpt	PROCEDURE	1468	1470	КН
neurology_intracerebral hemorrhage_23_BGgpt	PROCEDURE	1521	1528	лечение
neurology_intracerebral hemorrhage_23_BGgpt	PROCEDURE	1681	1696	чест мониторинг
neurology_intracerebral hemorrhage_23_BGgpt	PROCEDURE	1757	1759	КН
neurology_intracerebral hemorrhage_23_BGgpt	PROCEDURE	1895	1917	Неврохирургична оценка
neurology_intracerebral hemorrhage_23_BGgpt	PROCEDURE	1931	1953	хирургична интервенция
neurology_intracerebral hemorrhage_24_BGgpt	DISEASE	312	328	тежко главоболие
neurology_intracerebral hemorrhage_24_BGgpt	SYMPTOM	331	338	слабост
neurology_intracerebral hemorrhage_24_BGgpt	SYMPTOM	488	523	внезапно начало на тежко главоболие
neurology_intracerebral hemorrhage_24_BGgpt	SYMPTOM	539	545	гадене
neurology_intracerebral hemorrhage_24_BGgpt	SYMPTOM	547	556	повръщане
neurology_intracerebral hemorrhage_24_BGgpt	SYMPTOM	559	566	слабост
neurology_intracerebral hemorrhage_24_BGgpt	MEDICATION	765	775	Лизиноприл
neurology_intracerebral hemorrhage_24_BGgpt	DISEASE	792	812	захарен диабет тип 2
neurology_intracerebral hemorrhage_24_BGgpt	MEDICATION	828	837	Метформин
neurology_intracerebral hemorrhage_24_BGgpt	DISEASE	1056	1075	Неврологичен статус
neurology_intracerebral hemorrhage_24_BGgpt	DISEASE	1088	1098	хемипареза
neurology_intracerebral hemorrhage_24_BGgpt	SYMPTOM	1128	1140	неясен говор
neurology_intracerebral hemorrhage_24_BGgpt	SYMPTOM	1143	1156	дезориентация
neurology_intracerebral hemorrhage_24_BGgpt	PROCEDURE	1405	1433	Спешна компютърна томография
neurology_intracerebral hemorrhage_24_BGgpt	PROCEDURE	1599	1613	КТ ангиография
neurology_intracerebral hemorrhage_24_BGgpt	SYMPTOM	1676	1685	spot sign
neurology_intracerebral hemorrhage_24_BGgpt	PROCEDURE	1693	1726	Ядрено-магнитен резонанс на мозък
neurology_intracerebral hemorrhage_24_BGgpt	DISEASE	1752	1775	вътремозъчен кръвоизлив
neurology_intracerebral hemorrhage_24_BGgpt	DISEASE	1883	1906	вътремозъчен кръвоизлив
neurology_intracerebral hemorrhage_25_BGgpt	DISEASE	389	397	анамнеза
neurology_intracerebral hemorrhage_25_BGgpt	DISEASE	401	411	хипертония
neurology_intracerebral hemorrhage_25_BGgpt	DISEASE	414	437	епизодично тютюнопушене
neurology_intracerebral hemorrhage_25_BGgpt	DISEASE	497	513	силна главоболие
neurology_intracerebral hemorrhage_25_BGgpt	SYMPTOM	515	522	слабост
neurology_intracerebral hemorrhage_25_BGgpt	SYMPTOM	554	566	забавена реч
neurology_intracerebral hemorrhage_25_BGgpt	PROCEDURE	962	984	Неврологичният преглед
neurology_intracerebral hemorrhage_25_BGgpt	SYMPTOM	996	1012	дясна хемипареза
neurology_intracerebral hemorrhage_25_BGgpt	SYMPTOM	1015	1021	афазия
neurology_intracerebral hemorrhage_25_BGgpt	DISEASE	1088	1100	хипогликемия
neurology_intracerebral hemorrhage_25_BGgpt	PROCEDURE	1219	1222	INR
neurology_intracerebral hemorrhage_25_BGgpt	PROCEDURE	1224	1227	PTT
neurology_intracerebral hemorrhage_25_BGgpt	PROCEDURE	1279	1300	компютърна томография
neurology_intracerebral hemorrhage_25_BGgpt	PROCEDURE	1302	1304	КТ
neurology_intracerebral hemorrhage_25_BGgpt	SYMPTOM	1537	1546	spot sign
neurology_intracerebral hemorrhage_25_BGgpt	PROCEDURE	1619	1644	антихипертензивна терапия
neurology_intracerebral hemorrhage_25_BGgpt	MEDICATION	1647	1657	никардипин
neurology_intracerebral hemorrhage_26_BGgpt	DISEASE	292	315	Вътремозъчен кръвоизлив
neurology_intracerebral hemorrhage_26_BGgpt	SYMPTOM	431	447	силно главоболие
neurology_intracerebral hemorrhage_26_BGgpt	SYMPTOM	449	485	слабост в дясната половина на тялото
neurology_intracerebral hemorrhage_26_BGgpt	DISEASE	488	511	нарушение на съзнанието
neurology_intracerebral hemorrhage_26_BGgpt	DISEASE	545	566	артериална хипертония
neurology_intracerebral hemorrhage_26_BGgpt	DISEASE	569	589	захарен диабет тип 2
neurology_intracerebral hemorrhage_26_BGgpt	PROCEDURE	976	998	Неврологичният преглед
neurology_intracerebral hemorrhage_26_BGgpt	SYMPTOM	1008	1024	дясна хемипареза
neurology_intracerebral hemorrhage_26_BGgpt	SYMPTOM	1027	1039	нарушена реч
neurology_intracerebral hemorrhage_26_BGgpt	PROCEDURE	1054	1074	пълна кръвна картина
neurology_intracerebral hemorrhage_26_BGgpt	PROCEDURE	1076	1079	ПКК
neurology_intracerebral hemorrhage_26_BGgpt	PROCEDURE	1083	1108	коагулационни изследвания
neurology_intracerebral hemorrhage_26_BGgpt	PROCEDURE	1110	1113	INR
neurology_intracerebral hemorrhage_26_BGgpt	PROCEDURE	1115	1119	aPTT
neurology_intracerebral hemorrhage_26_BGgpt	PROCEDURE	1232	1260	спешна компютърна томография
neurology_intracerebral hemorrhage_26_BGgpt	PROCEDURE	1262	1264	КТ
neurology_intracerebral hemorrhage_26_BGgpt	PROCEDURE	1369	1371	КТ
neurology_intracerebral hemorrhage_26_BGgpt	SYMPTOM	1434	1443	spot sign
neurology_intracerebral hemorrhage_26_BGgpt	DISEASE	1494	1517	вътремозъчен кръвоизлив
neurology_intracerebral hemorrhage_26_BGgpt	PROCEDURE	1522	1566	Лечебно-диагностичен план и ход на лечението
neurology_intracerebral hemorrhage_26_BGgpt	PROCEDURE	1576	1604	Контрол на кръвното налягане
neurology_intracerebral hemorrhage_26_BGgpt	MEDICATION	1664	1678	никакардипин 2
neurology_intracerebral hemorrhage_27_BGgpt	DISEASE	269	292	Вътремозъчен кръвоизлив
neurology_intracerebral hemorrhage_27_BGgpt	DISEASE	409	425	силно главоболие
neurology_intracerebral hemorrhage_27_BGgpt	SYMPTOM	427	463	слабост в дясната половина на тялото
neurology_intracerebral hemorrhage_27_BGgpt	SYMPTOM	466	480	затруднена реч
neurology_intracerebral hemorrhage_27_BGgpt	DISEASE	549	557	анамнеза
neurology_intracerebral hemorrhage_27_BGgpt	DISEASE	561	571	хипертония
neurology_intracerebral hemorrhage_27_BGgpt	PROCEDURE	583	605	медикаментозно лечение
neurology_intracerebral hemorrhage_27_BGgpt	MEDICATION	607	617	Лизиноприл
neurology_intracerebral hemorrhage_27_BGgpt	PROCEDURE	903	906	INR
neurology_intracerebral hemorrhage_27_BGgpt	PROCEDURE	908	912	aPTT
neurology_intracerebral hemorrhage_27_BGgpt	SYMPTOM	1231	1240	spot sign
neurology_intracerebral hemorrhage_27_BGgpt	PROCEDURE	1319	1338	стриктно наблюдение
neurology_intracerebral hemorrhage_27_BGgpt	PROCEDURE	1341	1348	лечение
neurology_intracerebral hemorrhage_27_BGgpt	PROCEDURE	1425	1432	лечение
neurology_intracerebral hemorrhage_27_BGgpt	DISEASE	1447	1459	хипертонията
neurology_intracerebral hemorrhage_27_BGgpt	MEDICATION	1462	1472	Никардипин
neurology_intracerebral hemorrhage_27_BGgpt	PROCEDURE	1964	1985	консервативно лечение
neurology_intracerebral hemorrhage_27_BGgpt	PROCEDURE	1990	2022	стриктно неврологично наблюдение
neurology_intracerebral hemorrhage_28_BGgpt	SYMPTOM	336	358	силна главоболна болка
neurology_intracerebral hemorrhage_28_BGgpt	SYMPTOM	360	376	дясна хемипареза
neurology_intracerebral hemorrhage_28_BGgpt	SYMPTOM	379	407	променено ниво на съзнанието
neurology_intracerebral hemorrhage_28_BGgpt	DISEASE	435	456	артериална хипертония
neurology_intracerebral hemorrhage_28_BGgpt	PROCEDURE	468	490	медикаментозно лечение
neurology_intracerebral hemorrhage_28_BGgpt	DISEASE	525	546	Артериална хипертония
neurology_intracerebral hemorrhage_28_BGgpt	DISEASE	551	571	Захарен диабет тип 2
neurology_intracerebral hemorrhage_28_BGgpt	DISEASE	576	586	Бивш пушач
neurology_intracerebral hemorrhage_28_BGgpt	MEDICATION	634	642	Лосартан
neurology_intracerebral hemorrhage_28_BGgpt	MEDICATION	667	676	Метформин
neurology_intracerebral hemorrhage_28_BGgpt	PROCEDURE	1017	1045	спешна компютърна томография
neurology_intracerebral hemorrhage_28_BGgpt	PROCEDURE	1047	1049	КТ
neurology_intracerebral hemorrhage_28_BGgpt	PROCEDURE	1290	1292	КТ
neurology_intracerebral hemorrhage_28_BGgpt	OBSERVATION	1315	1339	контрастна екстравазация
neurology_intracerebral hemorrhage_28_BGgpt	SYMPTOM	1355	1364	spot sign
neurology_intracerebral hemorrhage_28_BGgpt	DISEASE	1387	1410	вътремозъчен кръвоизлив
neurology_intracerebral hemorrhage_28_BGgpt	DISEASE	1542	1568	Артериалната му хипертония
neurology_intracerebral hemorrhage_28_BGgpt	MEDICATION	1599	1611	никокардипин
neurology_intracerebral hemorrhage_28_BGgpt	PROCEDURE	1911	1926	чест мониторинг
neurology_intracerebral hemorrhage_28_BGgpt	MEDICATION	1989	2001	никокардипин
neurology_intracerebral hemorrhage_29_BGgpt	DISEASE	268	284	силно главоболие
neurology_intracerebral hemorrhage_29_BGgpt	SYMPTOM	286	306	десностранна слабост
neurology_intracerebral hemorrhage_29_BGgpt	SYMPTOM	309	319	обърканост
neurology_intracerebral hemorrhage_29_BGgpt	DISEASE	459	475	силно главоболие
neurology_intracerebral hemorrhage_29_BGgpt	SYMPTOM	477	497	десностранна слабост
neurology_intracerebral hemorrhage_29_BGgpt	SYMPTOM	500	510	обърканост
neurology_intracerebral hemorrhage_29_BGgpt	PROCEDURE	564	586	медикаментозно лечение
neurology_intracerebral hemorrhage_29_BGgpt	MEDICATION	588	598	Лизиноприл
neurology_intracerebral hemorrhage_29_BGgpt	MEDICATION	637	651	антикоагуланти
neurology_intracerebral hemorrhage_29_BGgpt	MEDICATION	656	669	антиагреганти
neurology_intracerebral hemorrhage_29_BGgpt	OBSERVATION	674	706	Медицински находки и интервенции
neurology_intracerebral hemorrhage_29_BGgpt	DISEASE	834	846	хипогликемия
neurology_intracerebral hemorrhage_29_BGgpt	PROCEDURE	948	951	INR
neurology_intracerebral hemorrhage_29_BGgpt	PROCEDURE	1013	1041	спешна компютърна томография
neurology_intracerebral hemorrhage_29_BGgpt	PROCEDURE	1043	1045	КТ
neurology_intracerebral hemorrhage_29_BGgpt	PROCEDURE	1252	1254	КТ
neurology_intracerebral hemorrhage_29_BGgpt	SYMPTOM	1278	1302	контрастна екстравазация
neurology_intracerebral hemorrhage_29_BGgpt	SYMPTOM	1315	1324	spot sign
neurology_intracerebral hemorrhage_29_BGgpt	MEDICATION	1631	1641	Никардипин
neurology_intracerebral hemorrhage_29_BGgpt	MEDICATION	1968	1982	антикоагуланти
neurology_intracerebral hemorrhage_29_BGgpt	MEDICATION	1987	2000	антиагреганти
neurology_intracerebral hemorrhage_2_BGgpt	DISEASE	298	321	Вътречерепен кръвоизлив
neurology_intracerebral hemorrhage_2_BGgpt	SYMPTOM	428	442	внезапна поява
neurology_intracerebral hemorrhage_2_BGgpt	DISEASE	446	462	силно главоболие
neurology_intracerebral hemorrhage_2_BGgpt	SYMPTOM	464	498	слабост в дясната страна на тялото
neurology_intracerebral hemorrhage_2_BGgpt	SYMPTOM	501	520	затруднено говорене
neurology_intracerebral hemorrhage_2_BGgpt	DISEASE	544	554	хипертония
neurology_intracerebral hemorrhage_2_BGgpt	MEDICATION	572	583	медикаменти
neurology_intracerebral hemorrhage_2_BGgpt	PROCEDURE	658	683	бърз тест за кръвна захар
neurology_intracerebral hemorrhage_2_BGgpt	DISEASE	701	713	хипогликемия
neurology_intracerebral hemorrhage_2_BGgpt	PROCEDURE	756	776	пълна кръвна картина
neurology_intracerebral hemorrhage_2_BGgpt	PROCEDURE	779	804	коагулационни изследвания
neurology_intracerebral hemorrhage_2_BGgpt	DISEASE	1151	1174	вътречерепен кръвоизлив
neurology_intracerebral hemorrhage_2_BGgpt	MEDICATION	1217	1228	медикаменти
neurology_intracerebral hemorrhage_2_BGgpt	MEDICATION	1290	1300	никардипин
neurology_intracerebral hemorrhage_2_BGgpt	PROCEDURE	1465	1486	консервативно лечение
neurology_intracerebral hemorrhage_2_BGgpt	PROCEDURE	1683	1702	логопедична терапия
neurology_intracerebral hemorrhage_2_BGgpt	PROCEDURE	1705	1718	кинезитерапия
neurology_intracerebral hemorrhage_2_BGgpt	PROCEDURE	1748	1779	Контролна компютърна томография
neurology_intracerebral hemorrhage_2_BGgpt	SYMPTOM	1842	1878	слабостта в дясната страна на тялото
neurology_intracerebral hemorrhage_2_BGgpt	PROCEDURE	1923	1947	интензивна рехабилитация
neurology_intracerebral hemorrhage_30_BGgpt	DISEASE	523	533	хипертония
neurology_intracerebral hemorrhage_30_BGgpt	DISEASE	536	556	захарен диабет тип 2
neurology_intracerebral hemorrhage_30_BGgpt	SYMPTOM	666	686	десностранна слабост
neurology_intracerebral hemorrhage_30_BGgpt	SYMPTOM	689	699	обърканост
neurology_intracerebral hemorrhage_30_BGgpt	DISEASE	839	852	хипергликемия
neurology_intracerebral hemorrhage_30_BGgpt	DISEASE	859	871	хипогликемия
neurology_intracerebral hemorrhage_30_BGgpt	PROCEDURE	968	988	пълна кръвна картина
neurology_intracerebral hemorrhage_30_BGgpt	PROCEDURE	990	993	ПКК
neurology_intracerebral hemorrhage_30_BGgpt	PROCEDURE	997	1022	коагулационни изследвания
neurology_intracerebral hemorrhage_30_BGgpt	PROCEDURE	1036	1039	INR
neurology_intracerebral hemorrhage_30_BGgpt	PROCEDURE	1041	1045	aPTT
neurology_intracerebral hemorrhage_30_BGgpt	PROCEDURE	1066	1069	INR
neurology_intracerebral hemorrhage_30_BGgpt	MEDICATION	1146	1153	аспирин
neurology_intracerebral hemorrhage_30_BGgpt	PROCEDURE	1237	1239	КТ
neurology_intracerebral hemorrhage_30_BGgpt	SYMPTOM	1433	1442	spot sign
neurology_intracerebral hemorrhage_30_BGgpt	SYMPTOM	1494	1520	неврообразната диагностика
neurology_intracerebral hemorrhage_30_BGgpt	DISEASE	1604	1616	Хипертонията
neurology_intracerebral hemorrhage_30_BGgpt	MEDICATION	1672	1682	никардипин
neurology_intracerebral hemorrhage_31_BGgpt	SYMPTOM	275	310	Внезапно начало на силно главоболие
neurology_intracerebral hemorrhage_31_BGgpt	SYMPTOM	312	348	слабост в дясната половина на тялото
neurology_intracerebral hemorrhage_31_BGgpt	SYMPTOM	351	365	затруднена реч
neurology_intracerebral hemorrhage_31_BGgpt	DISEASE	397	407	Хипертония
neurology_intracerebral hemorrhage_31_BGgpt	MEDICATION	420	430	лизиноприл
neurology_intracerebral hemorrhage_31_BGgpt	DISEASE	448	468	Захарен диабет тип 2
neurology_intracerebral hemorrhage_31_BGgpt	MEDICATION	484	493	метформин
neurology_intracerebral hemorrhage_31_BGgpt	DISEASE	521	535	Предишен пушач
neurology_intracerebral hemorrhage_31_BGgpt	DISEASE	759	771	хипогликемия
neurology_intracerebral hemorrhage_31_BGgpt	PROCEDURE	837	840	ПКК
neurology_intracerebral hemorrhage_31_BGgpt	PROCEDURE	871	874	INR
neurology_intracerebral hemorrhage_31_BGgpt	PROCEDURE	950	953	INR
neurology_intracerebral hemorrhage_31_BGgpt	PROCEDURE	1074	1093	Скенерна томография
neurology_intracerebral hemorrhage_31_BGgpt	PROCEDURE	1095	1097	СТ
neurology_intracerebral hemorrhage_31_BGgpt	PROCEDURE	1251	1265	СТ ангиография
neurology_intracerebral hemorrhage_31_BGgpt	DISEASE	1391	1401	хипертония
neurology_intracerebral hemorrhage_31_BGgpt	MEDICATION	1509	1519	лизиноприл
neurology_intracerebral hemorrhage_31_BGgpt	MEDICATION	1535	1559	венозен (в/в) никардипин
neurology_intracerebral hemorrhage_31_BGgpt	PROCEDURE	1719	1738	стриктен мониторинг
neurology_intracerebral hemorrhage_31_BGgpt	PROCEDURE	1817	1844	Антихипертензивната терапия
neurology_intracerebral hemorrhage_31_BGgpt	MEDICATION	1888	1897	амлодипин
neurology_intracerebral hemorrhage_32_BGgpt	DISEASE	345	361	силно главоболие
neurology_intracerebral hemorrhage_32_BGgpt	SYMPTOM	363	399	слабост в дясната половина на тялото
neurology_intracerebral hemorrhage_32_BGgpt	SYMPTOM	402	416	затруднена реч
neurology_intracerebral hemorrhage_32_BGgpt	DISEASE	466	474	Анамнеза
neurology_intracerebral hemorrhage_32_BGgpt	DISEASE	480	490	Хипертония
neurology_intracerebral hemorrhage_32_BGgpt	MEDICATION	507	517	лизиноприл
neurology_intracerebral hemorrhage_32_BGgpt	DISEASE	534	554	Захарен диабет тип 2
neurology_intracerebral hemorrhage_32_BGgpt	MEDICATION	570	579	метформин
neurology_intracerebral hemorrhage_32_BGgpt	SYMPTOM	606	616	Бивш пушач
neurology_intracerebral hemorrhage_32_BGgpt	SYMPTOM	752	787	внезапно начало на силно главоболие
neurology_intracerebral hemorrhage_32_BGgpt	SYMPTOM	789	825	слабост в дясната половина на тялото
neurology_intracerebral hemorrhage_32_BGgpt	SYMPTOM	828	838	неясна реч
neurology_intracerebral hemorrhage_32_BGgpt	DISEASE	945	957	хипогликемия
neurology_intracerebral hemorrhage_32_BGgpt	PROCEDURE	999	1019	пълна кръвна картина
neurology_intracerebral hemorrhage_32_BGgpt	PROCEDURE	1021	1024	ПКК
neurology_intracerebral hemorrhage_32_BGgpt	PROCEDURE	1028	1053	коагулационни изследвания
neurology_intracerebral hemorrhage_32_BGgpt	PROCEDURE	1072	1076	aPTT
neurology_intracerebral hemorrhage_32_BGgpt	PROCEDURE	1161	1182	компютърна томография
neurology_intracerebral hemorrhage_32_BGgpt	PROCEDURE	1184	1186	КТ
neurology_intracerebral hemorrhage_32_BGgpt	PROCEDURE	1313	1329	CT ангиографията
neurology_intracerebral hemorrhage_32_BGgpt	PROCEDURE	1428	1455	антихипертензивната терапия
neurology_intracerebral hemorrhage_32_BGgpt	MEDICATION	1532	1544	Интравенозно
neurology_intracerebral hemorrhage_32_BGgpt	MEDICATION	1556	1566	никардипин
neurology_intracerebral hemorrhage_32_BGgpt	PROCEDURE	1680	1707	Неврохирургична консултация
neurology_intracerebral hemorrhage_32_BGgpt	PROCEDURE	1719	1740	консервативно лечение
neurology_intracerebral hemorrhage_32_BGgpt	MEDICATION	1792	1804	Лизиноприлът
neurology_intracerebral hemorrhage_33_BGgpt	DISEASE	288	298	хипертония
neurology_intracerebral hemorrhage_33_BGgpt	DISEASE	301	321	захарен диабет тип 2
neurology_intracerebral hemorrhage_33_BGgpt	SYMPTOM	406	422	силно главоболие
neurology_intracerebral hemorrhage_33_BGgpt	SYMPTOM	424	460	слабост в дясната половина на тялото
neurology_intracerebral hemorrhage_33_BGgpt	SYMPTOM	463	489	променено ниво на съзнание
neurology_intracerebral hemorrhage_33_BGgpt	SYMPTOM	491	501	Симптомите
neurology_intracerebral hemorrhage_33_BGgpt	PROCEDURE	607	633	артериалното налягане (АД)
neurology_intracerebral hemorrhage_33_BGgpt	SYMPTOM	881	891	симптомите
neurology_intracerebral hemorrhage_33_BGgpt	PROCEDURE	908	928	пълна кръвна картина
neurology_intracerebral hemorrhage_33_BGgpt	PROCEDURE	930	933	ПКК
neurology_intracerebral hemorrhage_33_BGgpt	PROCEDURE	964	967	INR
neurology_intracerebral hemorrhage_33_BGgpt	PROCEDURE	969	973	aPTT
neurology_intracerebral hemorrhage_33_BGgpt	PROCEDURE	1048	1076	спешна компютърна томография
neurology_intracerebral hemorrhage_33_BGgpt	PROCEDURE	1250	1257	Лечение
neurology_intracerebral hemorrhage_33_BGgpt	DISEASE	1326	1336	анамнезата
neurology_intracerebral hemorrhage_33_BGgpt	DISEASE	1340	1350	хипертония
neurology_intracerebral hemorrhage_33_BGgpt	PROCEDURE	1364	1371	лечение
neurology_intracerebral hemorrhage_33_BGgpt	MEDICATION	1446	1456	никардипин
neurology_intracerebral hemorrhage_33_BGgpt	PROCEDURE	1621	1631	мониторинг
neurology_intracerebral hemorrhage_33_BGgpt	MEDICATION	1808	1824	Антикоагулантите
neurology_intracerebral hemorrhage_33_BGgpt	MEDICATION	1827	1855	антиагрегантните медикаменти
neurology_intracerebral hemorrhage_34_BGgpt	DISEASE	273	296	Вътремозъчен кръвоизлив
neurology_intracerebral hemorrhage_34_BGgpt	DISEASE	407	423	силно главоболие
neurology_intracerebral hemorrhage_34_BGgpt	SYMPTOM	425	432	слабост
neurology_intracerebral hemorrhage_34_BGgpt	SYMPTOM	464	474	обърканост
neurology_intracerebral hemorrhage_34_BGgpt	DISEASE	501	511	хипертония
neurology_intracerebral hemorrhage_34_BGgpt	PROCEDURE	584	605	артериалното налягане
neurology_intracerebral hemorrhage_34_BGgpt	DISEASE	729	741	хипогликемия
neurology_intracerebral hemorrhage_34_BGgpt	PROCEDURE	960	981	компютърна томография
neurology_intracerebral hemorrhage_34_BGgpt	DISEASE	1031	1054	вътремозъчен кръвоизлив
neurology_intracerebral hemorrhage_34_BGgpt	DISEASE	1068	1094	субарахноидален кръвоизлив
neurology_intracerebral hemorrhage_34_BGgpt	PROCEDURE	1220	1227	Лечение
neurology_intracerebral hemorrhage_34_BGgpt	PROCEDURE	1235	1250	Антикоагулантна
neurology_intracerebral hemorrhage_34_BGgpt	PROCEDURE	1253	1275	антиагрегантна терапия
neurology_intracerebral hemorrhage_34_BGgpt	PROCEDURE	1325	1332	лечение
neurology_intracerebral hemorrhage_34_BGgpt	MEDICATION	1370	1382	Никардипин 2
neurology_intracerebral hemorrhage_34_BGgpt	DISEASE	1503	1512	хипотония
neurology_intracerebral hemorrhage_34_BGgpt	MEDICATION	1681	1695	антикоагуланти
neurology_intracerebral hemorrhage_34_BGgpt	SYMPTOM	1747	1764	Хирургична намеса
neurology_intracerebral hemorrhage_35_BGgpt	SYMPTOM	362	398	слабост в дясната половина на тялото
neurology_intracerebral hemorrhage_35_BGgpt	SYMPTOM	401	424	нарушение на съзнанието
neurology_intracerebral hemorrhage_35_BGgpt	DISEASE	496	517	артериална хипертония
neurology_intracerebral hemorrhage_35_BGgpt	SYMPTOM	595	630	внезапно начало на силно главоболие
neurology_intracerebral hemorrhage_35_BGgpt	SYMPTOM	632	668	слабост в дясната половина на тялото
neurology_intracerebral hemorrhage_35_BGgpt	SYMPTOM	671	681	обърканост
neurology_intracerebral hemorrhage_35_BGgpt	DISEASE	961	982	Артериална хипертония
neurology_intracerebral hemorrhage_35_BGgpt	DISEASE	987	1007	Захарен диабет тип 2
neurology_intracerebral hemorrhage_35_BGgpt	MEDICATION	1077	1086	Метформин
neurology_intracerebral hemorrhage_35_BGgpt	MEDICATION	1114	1124	Лизиноприл
neurology_intracerebral hemorrhage_35_BGgpt	MEDICATION	1149	1156	Аспирин
neurology_intracerebral hemorrhage_35_BGgpt	SYMPTOM	1399	1422	правостранна хемипареза
neurology_intracerebral hemorrhage_35_BGgpt	PROCEDURE	1451	1475	Диагностични изследвания
neurology_intracerebral hemorrhage_35_BGgpt	PROCEDURE	1581	1608	коагулационните изследвания
neurology_intracerebral hemorrhage_35_BGgpt	PROCEDURE	1654	1684	Спешната компютърна томография
neurology_intracerebral hemorrhage_35_BGgpt	PROCEDURE	1686	1688	КТ
neurology_intracerebral hemorrhage_35_BGgpt	PROCEDURE	1832	1846	КТ ангиография
neurology_intracerebral hemorrhage_36_BGgpt	DISEASE	273	296	Вътремозъчен кръвоизлив
neurology_intracerebral hemorrhage_36_BGgpt	DISEASE	438	459	артериална хипертония
neurology_intracerebral hemorrhage_36_BGgpt	DISEASE	462	482	захарен диабет тип 2
neurology_intracerebral hemorrhage_36_BGgpt	SYMPTOM	570	584	внезапна поява
neurology_intracerebral hemorrhage_36_BGgpt	SYMPTOM	588	604	силно главоболие
neurology_intracerebral hemorrhage_36_BGgpt	SYMPTOM	606	616	обърканост
neurology_intracerebral hemorrhage_36_BGgpt	PROCEDURE	928	949	компютърна томография
neurology_intracerebral hemorrhage_36_BGgpt	PROCEDURE	951	953	КТ
neurology_intracerebral hemorrhage_36_BGgpt	DISEASE	997	1020	вътремозъчен кръвоизлив
neurology_intracerebral hemorrhage_36_BGgpt	PROCEDURE	1085	1105	пълна кръвна картина
neurology_intracerebral hemorrhage_36_BGgpt	PROCEDURE	1107	1110	ПКК
neurology_intracerebral hemorrhage_36_BGgpt	PROCEDURE	1153	1156	INR
neurology_intracerebral hemorrhage_36_BGgpt	PROCEDURE	1158	1162	aPTT
neurology_intracerebral hemorrhage_36_BGgpt	PROCEDURE	1165	1180	брой тромбоцити
neurology_intracerebral hemorrhage_36_BGgpt	MEDICATION	1268	1282	антикоагуланти
neurology_intracerebral hemorrhage_36_BGgpt	MEDICATION	1287	1314	антитромбоцитни медикаменти
neurology_intracerebral hemorrhage_36_BGgpt	PROCEDURE	1317	1336	Започнатото лечение
neurology_intracerebral hemorrhage_36_BGgpt	PROCEDURE	1345	1377	контрол на артериалното налягане
neurology_intracerebral hemorrhage_36_BGgpt	MEDICATION	1380	1397	i.v. никокардипин
neurology_intracerebral hemorrhage_36_BGgpt	PROCEDURE	1427	1457	титриран до максимум 10 мг/час
neurology_intracerebral hemorrhage_36_BGgpt	PROCEDURE	1882	1904	хирургична интервенция
neurology_intracerebral hemorrhage_36_BGgpt	DISEASE	2052	2075	вътремозъчен кръвоизлив
neurology_intracerebral hemorrhage_37_BGgpt	SYMPTOM	406	422	силно главоболие
neurology_intracerebral hemorrhage_37_BGgpt	SYMPTOM	424	459	слабост в лявата половина на тялото
neurology_intracerebral hemorrhage_37_BGgpt	SYMPTOM	462	490	променено ниво на съзнанието
neurology_intracerebral hemorrhage_37_BGgpt	DISEASE	523	544	артериална хипертония
neurology_intracerebral hemorrhage_37_BGgpt	DISEASE	547	571	анамнеза за тютюнопушене
neurology_intracerebral hemorrhage_37_BGgpt	DISEASE	611	634	вътремозъчен кръвоизлив
neurology_intracerebral hemorrhage_37_BGgpt	DISEASE	763	775	хипогликемия
neurology_intracerebral hemorrhage_37_BGgpt	PROCEDURE	817	837	пълна кръвна картина
neurology_intracerebral hemorrhage_37_BGgpt	PROCEDURE	840	865	коагулационни изследвания
neurology_intracerebral hemorrhage_37_BGgpt	PROCEDURE	921	949	спешна компютърна томография
neurology_intracerebral hemorrhage_37_BGgpt	PROCEDURE	951	953	КТ
neurology_intracerebral hemorrhage_37_BGgpt	PROCEDURE	1087	1089	КТ
neurology_intracerebral hemorrhage_37_BGgpt	DISEASE	1266	1289	вътремозъчен кръвоизлив
neurology_intracerebral hemorrhage_37_BGgpt	MEDICATION	1291	1341	всички антикоагуланти и антиагрегантни медикаменти
neurology_intracerebral hemorrhage_37_BGgpt	PROCEDURE	1480	1503	интравенозно приложение
neurology_intracerebral hemorrhage_37_BGgpt	MEDICATION	1507	1517	никардипин
neurology_intracerebral hemorrhage_38_BGgpt	SYMPTOM	317	351	внезапна поява на силно главоболие
neurology_intracerebral hemorrhage_38_BGgpt	SYMPTOM	353	389	слабост в дясната половина на тялото
neurology_intracerebral hemorrhage_38_BGgpt	SYMPTOM	392	409	нарушено съзнание
neurology_intracerebral hemorrhage_38_BGgpt	DISEASE	430	440	Хипертония
neurology_intracerebral hemorrhage_38_BGgpt	MEDICATION	457	467	лизиноприл
neurology_intracerebral hemorrhage_38_BGgpt	DISEASE	486	506	Захарен диабет тип 2
neurology_intracerebral hemorrhage_38_BGgpt	MEDICATION	522	531	метформин
neurology_intracerebral hemorrhage_38_BGgpt	SYMPTOM	561	583	Без предходна анамнеза
neurology_intracerebral hemorrhage_38_BGgpt	DISEASE	587	630	мозъчен инсулт или неврологични заболявания
neurology_intracerebral hemorrhage_38_BGgpt	PROCEDURE	637	653	Ход на лечението
neurology_intracerebral hemorrhage_38_BGgpt	DISEASE	791	803	хипогликемия
neurology_intracerebral hemorrhage_38_BGgpt	PROCEDURE	845	865	пълна кръвна картина
neurology_intracerebral hemorrhage_38_BGgpt	PROCEDURE	867	870	ПКК
neurology_intracerebral hemorrhage_38_BGgpt	PROCEDURE	901	904	INR
neurology_intracerebral hemorrhage_38_BGgpt	PROCEDURE	906	910	aPTT
neurology_intracerebral hemorrhage_38_BGgpt	PROCEDURE	912	932	брой на тромбоцитите
neurology_intracerebral hemorrhage_38_BGgpt	PROCEDURE	995	1016	компютърна томография
neurology_intracerebral hemorrhage_38_BGgpt	PROCEDURE	1018	1020	КТ
neurology_intracerebral hemorrhage_38_BGgpt	PROCEDURE	1217	1219	КТ
neurology_intracerebral hemorrhage_38_BGgpt	SYMPTOM	1284	1293	spot sign
neurology_intracerebral hemorrhage_38_BGgpt	DISEASE	1316	1339	вътремозъчен кръвоизлив
neurology_intracerebral hemorrhage_38_BGgpt	MEDICATION	1341	1393	всички антикоагулантни и антитромбоцитни медикаменти
neurology_intracerebral hemorrhage_38_BGgpt	PROCEDURE	1497	1539	управление на артериалното кръвно налягане
neurology_intracerebral hemorrhage_38_BGgpt	MEDICATION	1542	1552	никардипин
neurology_intracerebral hemorrhage_38_BGgpt	DISEASE	1951	1963	хидроцефалия
neurology_intracerebral hemorrhage_39_BGgpt	DISEASE	220	243	Вътремозъчен кръвоизлив
neurology_intracerebral hemorrhage_39_BGgpt	DISEASE	306	314	Анамнеза
neurology_intracerebral hemorrhage_39_BGgpt	DISEASE	388	398	хипертония
neurology_intracerebral hemorrhage_39_BGgpt	DISEASE	401	421	захарен диабет тип 2
neurology_intracerebral hemorrhage_39_BGgpt	SYMPTOM	505	521	силно главоболие
neurology_intracerebral hemorrhage_39_BGgpt	SYMPTOM	523	543	десностранна слабост
neurology_intracerebral hemorrhage_39_BGgpt	SYMPTOM	546	563	нарушено съзнание
neurology_intracerebral hemorrhage_39_BGgpt	PROCEDURE	869	890	компютърна томография
neurology_intracerebral hemorrhage_39_BGgpt	PROCEDURE	892	894	КТ
neurology_intracerebral hemorrhage_39_BGgpt	DISEASE	950	973	вътремозъчен кръвоизлив
neurology_intracerebral hemorrhage_39_BGgpt	PROCEDURE	1191	1193	КТ
neurology_intracerebral hemorrhage_39_BGgpt	SYMPTOM	1248	1257	spot sign
neurology_intracerebral hemorrhage_39_BGgpt	PROCEDURE	1290	1320	Магнитно-резонансна томография
neurology_intracerebral hemorrhage_39_BGgpt	DISEASE	1359	1382	вътремозъчен кръвоизлив
neurology_intracerebral hemorrhage_39_BGgpt	PROCEDURE	1499	1522	Антикоагулантна терапия
neurology_intracerebral hemorrhage_39_BGgpt	MEDICATION	1617	1635	венозен никардипин
neurology_intracerebral hemorrhage_39_BGgpt	MEDICATION	1852	1862	Никардипин
neurology_intracerebral hemorrhage_3_BGgpt	DISEASE	269	295	Интрацеребрален кръвоизлив
neurology_intracerebral hemorrhage_3_BGgpt	DISEASE	301	309	Анамнеза
neurology_intracerebral hemorrhage_3_BGgpt	DISEASE	377	398	артериална хипертония
neurology_intracerebral hemorrhage_3_BGgpt	SYMPTOM	497	513	силна главоболие
neurology_intracerebral hemorrhage_3_BGgpt	SYMPTOM	515	551	слабост в дясната половина на тялото
neurology_intracerebral hemorrhage_3_BGgpt	SYMPTOM	554	568	затруднена реч
neurology_intracerebral hemorrhage_3_BGgpt	PROCEDURE	926	946	пълна кръвна картина
neurology_intracerebral hemorrhage_3_BGgpt	PROCEDURE	948	951	ПКК
neurology_intracerebral hemorrhage_3_BGgpt	PROCEDURE	954	979	коагулационни изследвания
neurology_intracerebral hemorrhage_3_BGgpt	PROCEDURE	993	996	INR
neurology_intracerebral hemorrhage_3_BGgpt	PROCEDURE	998	1002	aPTT
neurology_intracerebral hemorrhage_3_BGgpt	PROCEDURE	1005	1020	брой тромбоцити
neurology_intracerebral hemorrhage_3_BGgpt	PROCEDURE	1072	1100	спешна компютърна томография
neurology_intracerebral hemorrhage_3_BGgpt	PROCEDURE	1102	1104	КТ
neurology_intracerebral hemorrhage_3_BGgpt	DISEASE	1231	1252	артериална хипертония
neurology_intracerebral hemorrhage_3_BGgpt	DISEASE	1274	1300	интрацеребрален кръвоизлив
neurology_intracerebral hemorrhage_3_BGgpt	PROCEDURE	1302	1304	КТ
neurology_intracerebral hemorrhage_3_BGgpt	PROCEDURE	1560	1579	Незабавното лечение
neurology_intracerebral hemorrhage_3_BGgpt	MEDICATION	1601	1625	венозен (в/в) никопардин
neurology_intracerebral hemorrhage_3_BGgpt	PROCEDURE	1653	1684	титриране до максимум 10 mg/час
neurology_intracerebral hemorrhage_40_BGgpt	DISEASE	320	328	Анамнеза
neurology_intracerebral hemorrhage_40_BGgpt	DISEASE	389	410	артериална хипертония
neurology_intracerebral hemorrhage_40_BGgpt	DISEASE	413	433	захарен диабет тип 2
neurology_intracerebral hemorrhage_40_BGgpt	SYMPTOM	497	511	внезапна поява
neurology_intracerebral hemorrhage_40_BGgpt	SYMPTOM	533	569	слабост в дясната половина на тялото
neurology_intracerebral hemorrhage_40_BGgpt	SYMPTOM	572	582	неясна реч
neurology_intracerebral hemorrhage_40_BGgpt	PROCEDURE	769	776	терапия
neurology_intracerebral hemorrhage_40_BGgpt	DISEASE	780	790	хипертония
neurology_intracerebral hemorrhage_40_BGgpt	PROCEDURE	1077	1080	ПКК
neurology_intracerebral hemorrhage_40_BGgpt	PROCEDURE	1113	1116	INR
neurology_intracerebral hemorrhage_40_BGgpt	PROCEDURE	1118	1122	aPTT
neurology_intracerebral hemorrhage_40_BGgpt	PROCEDURE	1176	1204	спешна компютърна томография
neurology_intracerebral hemorrhage_40_BGgpt	PROCEDURE	1342	1378	Компютърната томографска ангиография
neurology_intracerebral hemorrhage_40_BGgpt	PROCEDURE	1380	1383	КТА
neurology_intracerebral hemorrhage_40_BGgpt	SYMPTOM	1430	1439	spot sign
neurology_intracerebral hemorrhage_40_BGgpt	PROCEDURE	1654	1661	лечение
neurology_intracerebral hemorrhage_40_BGgpt	MEDICATION	1700	1710	никардипин
neurology_intracerebral hemorrhage_40_BGgpt	PROCEDURE	1748	1779	титриране до максимум 10 mg/час
neurology_intracerebral hemorrhage_40_BGgpt	PROCEDURE	1886	1895	терапията
neurology_intracerebral hemorrhage_41_BGgpt	SYMPTOM	463	477	силен главобол
neurology_intracerebral hemorrhage_41_BGgpt	SYMPTOM	479	486	слабост
neurology_intracerebral hemorrhage_41_BGgpt	SYMPTOM	518	532	затруднена реч
neurology_intracerebral hemorrhage_41_BGgpt	SYMPTOM	612	620	анамнеза
neurology_intracerebral hemorrhage_41_BGgpt	DISEASE	624	634	хипертония
neurology_intracerebral hemorrhage_41_BGgpt	MEDICATION	660	676	Лизиноприл 20 mg
neurology_intracerebral hemorrhage_41_BGgpt	DISEASE	728	748	Захарен диабет тип 2
neurology_intracerebral hemorrhage_41_BGgpt	MEDICATION	772	788	Метформин 500 mg
neurology_intracerebral hemorrhage_41_BGgpt	PROCEDURE	809	828	Диагностична оценка
neurology_intracerebral hemorrhage_41_BGgpt	PROCEDURE	991	1011	пълна кръвна картина
neurology_intracerebral hemorrhage_41_BGgpt	PROCEDURE	1105	1133	спешна компютърна томография
neurology_intracerebral hemorrhage_41_BGgpt	PROCEDURE	1135	1137	КТ
neurology_intracerebral hemorrhage_41_BGgpt	DISEASE	1297	1307	хипертония
neurology_intracerebral hemorrhage_41_BGgpt	PROCEDURE	1435	1457	Първоначалното лечение
neurology_intracerebral hemorrhage_41_BGgpt	PROCEDURE	1470	1511	стриктен контрол на артериалното налягане
neurology_intracerebral hemorrhage_41_BGgpt	MEDICATION	1537	1560	интравенозен Никардипин
neurology_intracerebral hemorrhage_42_BGgpt	DISEASE	233	241	Диагноза
neurology_intracerebral hemorrhage_42_BGgpt	DISEASE	300	321	Артериална хипертония
neurology_intracerebral hemorrhage_42_BGgpt	DISEASE	323	341	Предсърдно мъждене
neurology_intracerebral hemorrhage_42_BGgpt	PROCEDURE	363	372	лечението
neurology_intracerebral hemorrhage_42_BGgpt	DISEASE	482	498	силно главоболие
neurology_intracerebral hemorrhage_42_BGgpt	SYMPTOM	500	556	слабост в дясната половина на тялото и нарушено съзнание
neurology_intracerebral hemorrhage_42_BGgpt	DISEASE	582	603	артериална хипертония
neurology_intracerebral hemorrhage_42_BGgpt	DISEASE	606	624	предсърдно мъждене
neurology_intracerebral hemorrhage_42_BGgpt	DISEASE	947	967	предсърдното мъждене
neurology_intracerebral hemorrhage_42_BGgpt	MEDICATION	980	989	апиксабан
neurology_intracerebral hemorrhage_42_BGgpt	PROCEDURE	1003	1031	спешна компютърна томография
neurology_intracerebral hemorrhage_42_BGgpt	PROCEDURE	1033	1035	КТ
neurology_intracerebral hemorrhage_42_BGgpt	PROCEDURE	1178	1180	КТ
neurology_intracerebral hemorrhage_42_BGgpt	SYMPTOM	1212	1221	spot sign
neurology_intracerebral hemorrhage_42_BGgpt	OBSERVATION	1239	1249	диагнозата
neurology_intracerebral hemorrhage_42_BGgpt	PROCEDURE	1279	1286	Лечение
neurology_intracerebral hemorrhage_42_BGgpt	MEDICATION	1310	1319	апиксабан
neurology_intracerebral hemorrhage_42_BGgpt	PROCEDURE	1333	1348	андексанет алфа
neurology_intracerebral hemorrhage_42_BGgpt	MEDICATION	1598	1608	никардипин
neurology_intracerebral hemorrhage_42_BGgpt	PROCEDURE	1783	1790	лечение
neurology_intracerebral hemorrhage_43_BGgpt	SYMPTOM	290	306	силно главоболие
neurology_intracerebral hemorrhage_43_BGgpt	SYMPTOM	309	316	слабост
neurology_intracerebral hemorrhage_43_BGgpt	SYMPTOM	471	487	силно главоболие
neurology_intracerebral hemorrhage_43_BGgpt	SYMPTOM	503	510	слабост
neurology_intracerebral hemorrhage_43_BGgpt	DISEASE	631	652	Артериална хипертония
neurology_intracerebral hemorrhage_43_BGgpt	MEDICATION	669	679	лизиноприл
neurology_intracerebral hemorrhage_43_BGgpt	DISEASE	698	718	Захарен диабет тип 2
neurology_intracerebral hemorrhage_43_BGgpt	MEDICATION	734	743	метформин
neurology_intracerebral hemorrhage_43_BGgpt	PROCEDURE	972	975	INR
neurology_intracerebral hemorrhage_43_BGgpt	PROCEDURE	981	985	aPTT
neurology_intracerebral hemorrhage_43_BGgpt	PROCEDURE	1032	1053	Компютърна томография
neurology_intracerebral hemorrhage_43_BGgpt	PROCEDURE	1055	1057	КТ
neurology_intracerebral hemorrhage_43_BGgpt	PROCEDURE	1187	1201	КТ ангиография
neurology_intracerebral hemorrhage_43_BGgpt	PROCEDURE	1220	1237	първоначалната КТ
neurology_intracerebral hemorrhage_43_BGgpt	PROCEDURE	1282	1305	План и ход на лечението
neurology_intracerebral hemorrhage_43_BGgpt	PROCEDURE	1313	1332	Незабавното лечение
neurology_intracerebral hemorrhage_43_BGgpt	MEDICATION	1357	1367	лизиноприл
neurology_intracerebral hemorrhage_43_BGgpt	MEDICATION	1383	1398	никардипин i.v.
neurology_intracerebral hemorrhage_43_BGgpt	PROCEDURE	1418	1449	титрирана до максимум 10 mg/час
neurology_intracerebral hemorrhage_43_BGgpt	OBSERVATION	1572	1602	Предвид размера на кръвоизлива
neurology_intracerebral hemorrhage_43_BGgpt	SYMPTOM	1668	1685	хирургична намеса
neurology_intracerebral hemorrhage_44_BGgpt	DISEASE	299	333	Интрацеребрален хеморагичен инсулт
neurology_intracerebral hemorrhage_44_BGgpt	DISEASE	335	339	ИЦХИ
neurology_intracerebral hemorrhage_44_BGgpt	SYMPTOM	477	493	тежко главоболие
neurology_intracerebral hemorrhage_44_BGgpt	SYMPTOM	495	515	десностранна слабост
neurology_intracerebral hemorrhage_44_BGgpt	SYMPTOM	518	525	промяна
neurology_intracerebral hemorrhage_44_BGgpt	SYMPTOM	576	586	хипертония
neurology_intracerebral hemorrhage_44_BGgpt	DISEASE	645	679	интрацеребрален хеморагичен инсулт
neurology_intracerebral hemorrhage_44_BGgpt	DISEASE	914	926	хипогликемия
neurology_intracerebral hemorrhage_44_BGgpt	PROCEDURE	1157	1185	спешна компютърна томография
neurology_intracerebral hemorrhage_44_BGgpt	PROCEDURE	1187	1189	КТ
neurology_intracerebral hemorrhage_44_BGgpt	DISEASE	1217	1226	хеморагия
neurology_intracerebral hemorrhage_44_BGgpt	PROCEDURE	1332	1334	КТ
neurology_intracerebral hemorrhage_44_BGgpt	SYMPTOM	1359	1368	spot sign
neurology_intracerebral hemorrhage_44_BGgpt	DISEASE	1465	1499	интрацеребрален хеморагичен инсулт
neurology_intracerebral hemorrhage_44_BGgpt	MEDICATION	1501	1552	всички антикоагулантни и антиагрегантни медикаменти
neurology_intracerebral hemorrhage_44_BGgpt	PROCEDURE	1747	1762	венозна инфузия
neurology_intracerebral hemorrhage_44_BGgpt	MEDICATION	1766	1776	никардипин
neurology_intracerebral hemorrhage_45_BGgpt	DISEASE	274	297	Вътремозъчен кръвоизлив
neurology_intracerebral hemorrhage_45_BGgpt	SYMPTOM	301	309	Анамнеза
neurology_intracerebral hemorrhage_45_BGgpt	SYMPTOM	447	463	силна главоболие
neurology_intracerebral hemorrhage_45_BGgpt	SYMPTOM	465	501	слабост в дясната половина на тялото
neurology_intracerebral hemorrhage_45_BGgpt	SYMPTOM	504	522	променено съзнание
neurology_intracerebral hemorrhage_45_BGgpt	SYMPTOM	538	546	анамнеза
neurology_intracerebral hemorrhage_45_BGgpt	SYMPTOM	550	560	хипертония
neurology_intracerebral hemorrhage_45_BGgpt	PROCEDURE	568	590	медикаментозна терапия
neurology_intracerebral hemorrhage_45_BGgpt	MEDICATION	592	602	лизиноприл
neurology_intracerebral hemorrhage_45_BGgpt	MEDICATION	648	662	антикоагуланти
neurology_intracerebral hemorrhage_45_BGgpt	PROCEDURE	803	812	Спешна КТ
neurology_intracerebral hemorrhage_45_BGgpt	DISEASE	829	850	левостранна хеморагия
neurology_intracerebral hemorrhage_45_BGgpt	PROCEDURE	936	967	ПКК и коагулационни изследвания
neurology_intracerebral hemorrhage_45_BGgpt	PROCEDURE	1079	1093	КТ ангиография
neurology_intracerebral hemorrhage_45_BGgpt	PROCEDURE	1204	1211	Лечение
neurology_intracerebral hemorrhage_45_BGgpt	PROCEDURE	1236	1268	Контрол на артериалното налягане
neurology_intracerebral hemorrhage_45_BGgpt	PROCEDURE	1284	1291	лечение
neurology_intracerebral hemorrhage_45_BGgpt	MEDICATION	1294	1309	никардипин i.v.
neurology_intracerebral hemorrhage_45_BGgpt	PROCEDURE	1493	1516	Неврологичен мониторинг
neurology_intracerebral hemorrhage_45_BGgpt	DISEASE	1591	1613	неврологично влошаване
neurology_intracerebral hemorrhage_45_BGgpt	PROCEDURE	1623	1625	КТ
neurology_intracerebral hemorrhage_45_BGgpt	PROCEDURE	1681	1699	Хирургично лечение
neurology_intracerebral hemorrhage_45_BGgpt	PROCEDURE	1810	1831	консервативно лечение
neurology_intracerebral hemorrhage_46_BGgpt	SYMPTOM	444	460	тежко главоболие
neurology_intracerebral hemorrhage_46_BGgpt	SYMPTOM	462	469	слабост
neurology_intracerebral hemorrhage_46_BGgpt	SYMPTOM	501	513	неясен говор
neurology_intracerebral hemorrhage_46_BGgpt	SYMPTOM	529	537	анамнеза
neurology_intracerebral hemorrhage_46_BGgpt	PROCEDURE	646	670	медикаментозната терапия
neurology_intracerebral hemorrhage_46_BGgpt	PROCEDURE	958	961	ПКК
neurology_intracerebral hemorrhage_46_BGgpt	PROCEDURE	1051	1055	aPTT
neurology_intracerebral hemorrhage_46_BGgpt	PROCEDURE	1125	1127	КТ
neurology_intracerebral hemorrhage_46_BGgpt	DISEASE	1164	1189	интрацеребрална хеморагия
neurology_intracerebral hemorrhage_46_BGgpt	PROCEDURE	1239	1241	КТ
neurology_intracerebral hemorrhage_46_BGgpt	SYMPTOM	1308	1317	spot sign
neurology_intracerebral hemorrhage_46_BGgpt	PROCEDURE	1385	1387	КТ
neurology_intracerebral hemorrhage_46_BGgpt	PROCEDURE	1417	1433	Лумбална пункция
neurology_intracerebral hemorrhage_46_BGgpt	DISEASE	1499	1524	интрацеребрална хеморагия
neurology_intracerebral hemorrhage_46_BGgpt	MEDICATION	1657	1674	никокардипин i.v.
neurology_intracerebral hemorrhage_47_BGgpt	DISEASE	335	351	силно главоболие
neurology_intracerebral hemorrhage_47_BGgpt	SYMPTOM	353	389	слабост в дясната половина на тялото
neurology_intracerebral hemorrhage_47_BGgpt	SYMPTOM	392	412	промяна в съзнанието
neurology_intracerebral hemorrhage_47_BGgpt	DISEASE	482	498	силно главоболие
neurology_intracerebral hemorrhage_47_BGgpt	SYMPTOM	514	550	загуба на сила в дясната ръка и крак
neurology_intracerebral hemorrhage_47_BGgpt	SYMPTOM	560	579	затруднено говорене
neurology_intracerebral hemorrhage_47_BGgpt	MEDICATION	717	728	медикаменти
neurology_intracerebral hemorrhage_47_BGgpt	DISEASE	907	919	хипогликемия
neurology_intracerebral hemorrhage_47_BGgpt	PROCEDURE	934	954	пълна кръвна картина
neurology_intracerebral hemorrhage_47_BGgpt	PROCEDURE	956	959	ПКК
neurology_intracerebral hemorrhage_47_BGgpt	PROCEDURE	990	993	INR
neurology_intracerebral hemorrhage_47_BGgpt	PROCEDURE	995	999	aPTT
neurology_intracerebral hemorrhage_47_BGgpt	PROCEDURE	1001	1016	брой тромбоцити
neurology_intracerebral hemorrhage_47_BGgpt	PROCEDURE	1019	1055	Първоначалната компютърна томография
neurology_intracerebral hemorrhage_47_BGgpt	PROCEDURE	1057	1059	КТ
neurology_intracerebral hemorrhage_47_BGgpt	PROCEDURE	1158	1178	по-нататъшно лечение
neurology_intracerebral hemorrhage_47_BGgpt	PROCEDURE	1221	1255	компютърна томографска ангиография
neurology_intracerebral hemorrhage_47_BGgpt	SYMPTOM	1273	1297	контрастно екстравазация
neurology_intracerebral hemorrhage_47_BGgpt	MEDICATION	1373	1383	никокардин
neurology_intracerebral hemorrhage_47_BGgpt	PROCEDURE	1487	1508	Неврологични прегледи
neurology_intracerebral hemorrhage_47_BGgpt	MEDICATION	1586	1597	медикаменти
neurology_intracerebral hemorrhage_47_BGgpt	MEDICATION	1605	1615	Никокардин
neurology_intracerebral hemorrhage_48_BGgpt	DISEASE	238	275	Вентрикуларен вътремозъчен кръвоизлив
neurology_intracerebral hemorrhage_48_BGgpt	DISEASE	456	466	главоболие
neurology_intracerebral hemorrhage_48_BGgpt	DISEASE	468	497	фокални неврологични дефицити
neurology_intracerebral hemorrhage_48_BGgpt	SYMPTOM	500	517	нарушено съзнание
neurology_intracerebral hemorrhage_48_BGgpt	DISEASE	547	568	артериална хипертония
neurology_intracerebral hemorrhage_48_BGgpt	SYMPTOM	598	616	предсърдно мъждене
neurology_intracerebral hemorrhage_48_BGgpt	MEDICATION	645	654	апиксабан
neurology_intracerebral hemorrhage_48_BGgpt	DISEASE	711	748	вентрикуларен вътремозъчен кръвоизлив
neurology_intracerebral hemorrhage_48_BGgpt	DISEASE	860	872	хипогликемия
neurology_intracerebral hemorrhage_48_BGgpt	PROCEDURE	929	949	пълна кръвна картина
neurology_intracerebral hemorrhage_48_BGgpt	PROCEDURE	951	954	ПКК
neurology_intracerebral hemorrhage_48_BGgpt	PROCEDURE	997	1000	INR
neurology_intracerebral hemorrhage_48_BGgpt	PROCEDURE	1002	1006	aPTT
neurology_intracerebral hemorrhage_48_BGgpt	PROCEDURE	1009	1029	брой на тромбоцитите
neurology_intracerebral hemorrhage_48_BGgpt	DISEASE	1046	1077	липса на подлежаща коагулопатия
neurology_intracerebral hemorrhage_48_BGgpt	MEDICATION	1097	1106	апиксабан
neurology_intracerebral hemorrhage_48_BGgpt	PROCEDURE	1141	1143	КТ
neurology_intracerebral hemorrhage_48_BGgpt	DISEASE	1190	1227	вентрикуларен вътремозъчен кръвоизлив
neurology_intracerebral hemorrhage_48_BGgpt	MEDICATION	1309	1318	апиксабан
neurology_intracerebral hemorrhage_48_BGgpt	MEDICATION	1337	1352	андексанет алфа
neurology_intracerebral hemorrhage_48_BGgpt	PROCEDURE	1415	1425	мониторинг
neurology_intracerebral hemorrhage_48_BGgpt	MEDICATION	1474	1485	никорадипин
neurology_intracerebral hemorrhage_48_BGgpt	PROCEDURE	1519	1539	внимателно титриране
neurology_intracerebral hemorrhage_48_BGgpt	PROCEDURE	1874	1893	неврологични оценки
neurology_intracerebral hemorrhage_48_BGgpt	PROCEDURE	1906	1908	КТ
neurology_intracerebral hemorrhage_48_BGgpt	DISEASE	1986	1998	хидроцефалия
neurology_intracerebral hemorrhage_48_BGgpt	PROCEDURE	2132	2154	хирургична интервенция
neurology_intracerebral hemorrhage_48_BGgpt	DISEASE	2209	2221	хидроцефалия
neurology_intracerebral hemorrhage_49_BGgpt	DISEASE	478	499	артериална хипертония
neurology_intracerebral hemorrhage_49_BGgpt	SYMPTOM	613	648	внезапно начало на силно главоболие
neurology_intracerebral hemorrhage_49_BGgpt	SYMPTOM	650	673	дясностранна хемипареза
neurology_intracerebral hemorrhage_49_BGgpt	SYMPTOM	676	695	затруднено говорене
neurology_intracerebral hemorrhage_49_BGgpt	DISEASE	915	938	дясностранна хемипареза
neurology_intracerebral hemorrhage_49_BGgpt	SYMPTOM	940	958	експресивна афазия
neurology_intracerebral hemorrhage_49_BGgpt	DISEASE	1116	1128	хипогликемия
neurology_intracerebral hemorrhage_49_BGgpt	PROCEDURE	1179	1182	ПКК
neurology_intracerebral hemorrhage_49_BGgpt	PROCEDURE	1225	1228	INR
neurology_intracerebral hemorrhage_49_BGgpt	PROCEDURE	1230	1234	aPTT
neurology_intracerebral hemorrhage_49_BGgpt	PROCEDURE	1289	1317	спешна компютърна томография
neurology_intracerebral hemorrhage_49_BGgpt	PROCEDURE	1319	1321	КТ
neurology_intracerebral hemorrhage_49_BGgpt	PROCEDURE	1458	1472	КТ ангиография
neurology_intracerebral hemorrhage_49_BGgpt	SYMPTOM	1531	1540	spot sign
neurology_intracerebral hemorrhage_49_BGgpt	PROCEDURE	1546	1590	Лечебно-диагностичен план и ход на лечението
neurology_intracerebral hemorrhage_49_BGgpt	MEDICATION	1640	1654	антикоагуланти
neurology_intracerebral hemorrhage_49_BGgpt	MEDICATION	1657	1684	антитромбоцитни медикаменти
neurology_intracerebral hemorrhage_49_BGgpt	DISEASE	1705	1728	Артериалната хипертония
neurology_intracerebral hemorrhage_49_BGgpt	MEDICATION	1767	1779	никокардипин
neurology_intracerebral hemorrhage_49_BGgpt	DISEASE	5261	5282	артериална хипертония
neurology_intracerebral hemorrhage_49_BGgpt	SYMPTOM	5396	5431	внезапно начало на силно главоболие
neurology_intracerebral hemorrhage_49_BGgpt	SYMPTOM	5433	5456	дясностранна хемипареза
neurology_intracerebral hemorrhage_49_BGgpt	SYMPTOM	5459	5478	затруднено говорене
neurology_intracerebral hemorrhage_49_BGgpt	DISEASE	5698	5721	дясностранна хемипареза
neurology_intracerebral hemorrhage_49_BGgpt	SYMPTOM	5723	5741	експресивна афазия
neurology_intracerebral hemorrhage_49_BGgpt	DISEASE	5899	5911	хипогликемия
neurology_intracerebral hemorrhage_49_BGgpt	PROCEDURE	5962	5965	ПКК
neurology_intracerebral hemorrhage_49_BGgpt	PROCEDURE	6008	6011	INR
neurology_intracerebral hemorrhage_49_BGgpt	PROCEDURE	6013	6017	aPTT
neurology_intracerebral hemorrhage_49_BGgpt	PROCEDURE	6072	6100	спешна компютърна томография
neurology_intracerebral hemorrhage_49_BGgpt	PROCEDURE	6102	6104	КТ
neurology_intracerebral hemorrhage_49_BGgpt	PROCEDURE	6241	6255	КТ ангиография
neurology_intracerebral hemorrhage_49_BGgpt	SYMPTOM	6314	6323	spot sign
neurology_intracerebral hemorrhage_49_BGgpt	PROCEDURE	6329	6373	Лечебно-диагностичен план и ход на лечението
neurology_intracerebral hemorrhage_49_BGgpt	MEDICATION	6423	6437	антикоагуланти
neurology_intracerebral hemorrhage_49_BGgpt	MEDICATION	6440	6467	антитромбоцитни медикаменти
neurology_intracerebral hemorrhage_49_BGgpt	DISEASE	6488	6511	Артериалната хипертония
neurology_intracerebral hemorrhage_49_BGgpt	MEDICATION	6550	6562	никокардипин
neurology_intracerebral hemorrhage_4_BGgpt	SYMPTOM	376	399	Вътремозъчен кръвоизлив
neurology_intracerebral hemorrhage_4_BGgpt	DISEASE	501	522	артериална хипертония
neurology_intracerebral hemorrhage_4_BGgpt	DISEASE	525	545	захарен диабет тип 2
neurology_intracerebral hemorrhage_4_BGgpt	SYMPTOM	620	636	силно главоболие
neurology_intracerebral hemorrhage_4_BGgpt	SYMPTOM	638	658	десностранна слабост
neurology_intracerebral hemorrhage_4_BGgpt	SYMPTOM	661	678	нарушено съзнание
neurology_intracerebral hemorrhage_4_BGgpt	PROCEDURE	841	868	антихипертензивната терапия
neurology_intracerebral hemorrhage_4_BGgpt	MEDICATION	881	906	ацетилсалицилова киселина
neurology_intracerebral hemorrhage_4_BGgpt	PROCEDURE	923	951	сърдечно-съдова профилактика
neurology_intracerebral hemorrhage_4_BGgpt	SYMPTOM	1106	1129	десностранна хемипареза
neurology_intracerebral hemorrhage_4_BGgpt	PROCEDURE	1381	1384	ПКК
neurology_intracerebral hemorrhage_4_BGgpt	PROCEDURE	1387	1412	коагулационни изследвания
neurology_intracerebral hemorrhage_4_BGgpt	PROCEDURE	1414	1417	ПКК
neurology_intracerebral hemorrhage_4_BGgpt	PROCEDURE	1435	1462	коагулационните изследвания
neurology_intracerebral hemorrhage_4_BGgpt	PROCEDURE	1545	1547	КТ
neurology_intracerebral hemorrhage_4_BGgpt	SYMPTOM	1588	1611	вътремозъчен кръвоизлив
neurology_intracerebral hemorrhage_4_BGgpt	PROCEDURE	1774	1776	КТ
neurology_intracerebral hemorrhage_4_BGgpt	MEDICATION	1917	1942	ацетилсалицилова киселина
neurology_intracerebral hemorrhage_5_BGgpt	DISEASE	328	344	силно главоболие
neurology_intracerebral hemorrhage_5_BGgpt	SYMPTOM	346	382	слабост в дясната половина на тялото
neurology_intracerebral hemorrhage_5_BGgpt	SYMPTOM	385	399	затруднена реч
neurology_intracerebral hemorrhage_5_BGgpt	DISEASE	559	575	силно главоболие
neurology_intracerebral hemorrhage_5_BGgpt	SYMPTOM	591	627	слабост в дясната половина на тялото
neurology_intracerebral hemorrhage_5_BGgpt	SYMPTOM	630	640	неясна реч
neurology_intracerebral hemorrhage_5_BGgpt	PROCEDURE	653	665	Спешна помощ
neurology_intracerebral hemorrhage_5_BGgpt	DISEASE	777	787	Хипертония
neurology_intracerebral hemorrhage_5_BGgpt	DISEASE	792	812	Захарен диабет тип 2
neurology_intracerebral hemorrhage_5_BGgpt	DISEASE	817	851	Преживяна преходна исхемична атака
neurology_intracerebral hemorrhage_5_BGgpt	DISEASE	853	856	ПИА
neurology_intracerebral hemorrhage_5_BGgpt	MEDICATION	901	911	Лизиноприл
neurology_intracerebral hemorrhage_5_BGgpt	MEDICATION	929	938	Метформин
neurology_intracerebral hemorrhage_5_BGgpt	MEDICATION	966	973	Аспирин
neurology_intracerebral hemorrhage_5_BGgpt	SYMPTOM	1137	1153	дясна хемипареза
neurology_intracerebral hemorrhage_5_BGgpt	PROCEDURE	1263	1266	ПКК
neurology_intracerebral hemorrhage_5_BGgpt	PROCEDURE	1363	1384	Незабавна КТ на мозък
neurology_intracerebral hemorrhage_5_BGgpt	PROCEDURE	1510	1524	КТ ангиография
neurology_intracerebral hemorrhage_5_BGgpt	SYMPTOM	1538	1562	контрастна екстравазация
neurology_intracerebral hemorrhage_5_BGgpt	PROCEDURE	1587	1596	лечението
neurology_intracerebral hemorrhage_5_BGgpt	PROCEDURE	1762	1769	лечение
neurology_intracerebral hemorrhage_5_BGgpt	MEDICATION	1806	1821	никардипин i.v.
neurology_intracerebral hemorrhage_6_BGgpt	DISEASE	310	326	силно главоболие
neurology_intracerebral hemorrhage_6_BGgpt	SYMPTOM	328	335	слабост
neurology_intracerebral hemorrhage_6_BGgpt	SYMPTOM	367	384	нарушено съзнание
neurology_intracerebral hemorrhage_6_BGgpt	SYMPTOM	509	534	внезапно силно главоболие
neurology_intracerebral hemorrhage_6_BGgpt	SYMPTOM	536	552	дясна хемипареза
neurology_intracerebral hemorrhage_6_BGgpt	SYMPTOM	555	565	обърканост
neurology_intracerebral hemorrhage_6_BGgpt	DISEASE	638	648	хипертония
neurology_intracerebral hemorrhage_6_BGgpt	DISEASE	651	671	захарен диабет тип 2
neurology_intracerebral hemorrhage_6_BGgpt	PROCEDURE	963	967	aPTT
neurology_intracerebral hemorrhage_6_BGgpt	PROCEDURE	1049	1070	компютърна томография
neurology_intracerebral hemorrhage_6_BGgpt	PROCEDURE	1072	1074	КТ
neurology_intracerebral hemorrhage_6_BGgpt	PROCEDURE	1161	1163	КТ
neurology_intracerebral hemorrhage_6_BGgpt	SYMPTOM	1196	1220	контрастна екстравазация
neurology_intracerebral hemorrhage_6_BGgpt	SYMPTOM	1233	1242	spot sign
neurology_intracerebral hemorrhage_6_BGgpt	PROCEDURE	1372	1379	терапия
neurology_intracerebral hemorrhage_6_BGgpt	MEDICATION	1382	1394	никардипин 2
neurology_intracerebral hemorrhage_6_BGgpt	MEDICATION	1404	1416	интравенозно
neurology_intracerebral hemorrhage_6_BGgpt	PROCEDURE	1420	1452	контрол на артериалното налягане
neurology_intracerebral hemorrhage_6_BGgpt	PROCEDURE	1543	1570	неврохирургична консултация
neurology_intracerebral hemorrhage_6_BGgpt	SYMPTOM	1589	1612	консервативно поведение
neurology_intracerebral hemorrhage_6_BGgpt	PROCEDURE	1772	1793	компютърна томография
neurology_intracerebral hemorrhage_6_BGgpt	MEDICATION	1884	1895	парацетамол
neurology_intracerebral hemorrhage_6_BGgpt	PROCEDURE	1915	1921	оценка
neurology_intracerebral hemorrhage_7_BGgpt	DISEASE	296	319	Вътремозъчен кръвоизлив
neurology_intracerebral hemorrhage_7_BGgpt	DISEASE	323	331	Анамнеза
neurology_intracerebral hemorrhage_7_BGgpt	DISEASE	387	395	анамнеза
neurology_intracerebral hemorrhage_7_BGgpt	DISEASE	399	420	артериална хипертония
neurology_intracerebral hemorrhage_7_BGgpt	DISEASE	423	441	предсърдно мъждене
neurology_intracerebral hemorrhage_7_BGgpt	DISEASE	517	533	силно главоболие
neurology_intracerebral hemorrhage_7_BGgpt	SYMPTOM	535	555	правостранна слабост
neurology_intracerebral hemorrhage_7_BGgpt	SYMPTOM	558	568	обърканост
neurology_intracerebral hemorrhage_7_BGgpt	PROCEDURE	679	702	антикоагулантна терапия
neurology_intracerebral hemorrhage_7_BGgpt	MEDICATION	704	713	Апиксабан
neurology_intracerebral hemorrhage_7_BGgpt	DISEASE	722	740	предсърдно мъждене
neurology_intracerebral hemorrhage_7_BGgpt	PROCEDURE	923	954	ПКК и коагулационни изследвания
neurology_intracerebral hemorrhage_7_BGgpt	PROCEDURE	1069	1084	Скенер на мозък
neurology_intracerebral hemorrhage_7_BGgpt	PROCEDURE	1257	1271	КТ-ангиография
neurology_intracerebral hemorrhage_7_BGgpt	SYMPTOM	1349	1358	spot sign
neurology_intracerebral hemorrhage_7_BGgpt	PROCEDURE	1409	1421	ЯМР на мозък
neurology_intracerebral hemorrhage_7_BGgpt	PROCEDURE	1570	1593	Реверсия на медикаменти
neurology_intracerebral hemorrhage_7_BGgpt	MEDICATION	1610	1625	Андексанет Алфа
neurology_intracerebral hemorrhage_7_BGgpt	MEDICATION	1642	1651	Апиксабан
neurology_intracerebral hemorrhage_7_BGgpt	PROCEDURE	1761	1793	Контрол на артериалното налягане
neurology_intracerebral hemorrhage_7_BGgpt	MEDICATION	1797	1812	Никардипин i.v.
neurology_intracerebral hemorrhage_8_BGgpt	SYMPTOM	366	382	силно главоболие
neurology_intracerebral hemorrhage_8_BGgpt	SYMPTOM	384	419	слабост в лявата половина на тялото
neurology_intracerebral hemorrhage_8_BGgpt	SYMPTOM	422	439	нарушено съзнание
neurology_intracerebral hemorrhage_8_BGgpt	DISEASE	444	452	Анамнеза
neurology_intracerebral hemorrhage_8_BGgpt	DISEASE	460	470	Хипертония
neurology_intracerebral hemorrhage_8_BGgpt	DISEASE	475	495	Захарен диабет тип 2
neurology_intracerebral hemorrhage_8_BGgpt	DISEASE	500	514	Предишен пушач
neurology_intracerebral hemorrhage_8_BGgpt	MEDICATION	573	582	Метформин
neurology_intracerebral hemorrhage_8_BGgpt	MEDICATION	610	620	Лизиноприл
neurology_intracerebral hemorrhage_8_BGgpt	MEDICATION	638	650	Аторвастатин
neurology_intracerebral hemorrhage_8_BGgpt	PROCEDURE	873	876	ПКК
neurology_intracerebral hemorrhage_8_BGgpt	PROCEDURE	909	912	INR
neurology_intracerebral hemorrhage_8_BGgpt	PROCEDURE	914	918	aPTT
neurology_intracerebral hemorrhage_8_BGgpt	PROCEDURE	1041	1062	компютърна томография
neurology_intracerebral hemorrhage_8_BGgpt	PROCEDURE	1064	1066	КТ
neurology_intracerebral hemorrhage_8_BGgpt	PROCEDURE	1168	1182	КТ-ангиография
neurology_intracerebral hemorrhage_8_BGgpt	SYMPTOM	1238	1247	spot sign
neurology_intracerebral hemorrhage_8_BGgpt	PROCEDURE	1306	1328	евентуална интервенция
neurology_intracerebral hemorrhage_8_BGgpt	PROCEDURE	1330	1356	Ядрено-магнитният резонанс
neurology_intracerebral hemorrhage_8_BGgpt	PROCEDURE	1358	1361	ЯМР
neurology_intracerebral hemorrhage_8_BGgpt	DISEASE	1432	1442	хипертония
neurology_intracerebral hemorrhage_8_BGgpt	PROCEDURE	1444	1463	незабавното лечение
neurology_intracerebral hemorrhage_8_BGgpt	MEDICATION	1512	1522	Никардипин
neurology_intracerebral hemorrhage_8_BGgpt	PROCEDURE	1534	1538	i.v.
neurology_intracerebral hemorrhage_9_BGgpt	DISEASE	377	393	силно главоболие
neurology_intracerebral hemorrhage_9_BGgpt	SYMPTOM	395	431	слабост в дясната половина на тялото
neurology_intracerebral hemorrhage_9_BGgpt	SYMPTOM	434	449	затруднен говор
neurology_intracerebral hemorrhage_9_BGgpt	DISEASE	480	490	хипертония
neurology_intracerebral hemorrhage_9_BGgpt	MEDICATION	511	522	медикаменти
neurology_intracerebral hemorrhage_9_BGgpt	MEDICATION	524	534	Лизиноприл
neurology_intracerebral hemorrhage_9_BGgpt	DISEASE	706	718	хипогликемия
neurology_intracerebral hemorrhage_9_BGgpt	OBSERVATION	723	743	Диагностични находки
neurology_intracerebral hemorrhage_9_BGgpt	PROCEDURE	832	857	Коагулационни изследвания
neurology_intracerebral hemorrhage_9_BGgpt	PROCEDURE	918	939	Компютърна томография
neurology_intracerebral hemorrhage_9_BGgpt	PROCEDURE	1058	1072	КТ ангиография
neurology_intracerebral hemorrhage_9_BGgpt	PROCEDURE	1242	1267	антихипертензивният режим
neurology_intracerebral hemorrhage_9_BGgpt	MEDICATION	1313	1328	Никардипин i.v.
neurology_intracerebral hemorrhage_9_BGgpt	PROCEDURE	1348	1379	титрирана до максимум 15 mg/час
neurology_intracerebral hemorrhage_9_BGgpt	MEDICATION	1634	1645	медикаменти
neurology_intracerebral hemorrhage_9_BGgpt	MEDICATION	1703	1712	Апиксабан
neurology_ischemic stroke_0_BGgpt	SYMPTOM	338	350	неясен говор
neurology_ischemic stroke_0_BGgpt	DISEASE	468	489	Артериална хипертония
neurology_ischemic stroke_0_BGgpt	DISEASE	492	512	Захарен диабет тип 2
neurology_ischemic stroke_0_BGgpt	DISEASE	515	539	Преходна мозъчна исхемия
neurology_ischemic stroke_0_BGgpt	DISEASE	541	544	ПМИ
neurology_ischemic stroke_0_BGgpt	SYMPTOM	703	730	умерена степен на увреждане
neurology_ischemic stroke_0_BGgpt	PROCEDURE	764	778	експресен тест
neurology_ischemic stroke_0_BGgpt	PROCEDURE	782	794	кръвна захар
neurology_ischemic stroke_0_BGgpt	PROCEDURE	865	886	компютърна томография
neurology_ischemic stroke_0_BGgpt	PROCEDURE	1080	1110	магнитно-резонансно изследване
neurology_ischemic stroke_0_BGgpt	PROCEDURE	1113	1134	дифузионно претегляне
neurology_ischemic stroke_0_BGgpt	PROCEDURE	1637	1651	кръвни тестове
neurology_ischemic stroke_0_BGgpt	PROCEDURE	1665	1685	пълна кръвна картина
neurology_ischemic stroke_0_BGgpt	PROCEDURE	1687	1690	ПКК
neurology_ischemic stroke_0_BGgpt	PROCEDURE	1693	1710	биохимичен анализ
neurology_ischemic stroke_0_BGgpt	PROCEDURE	1712	1718	ПВ/аПВ
neurology_ischemic stroke_0_BGgpt	PROCEDURE	1720	1732	кръвна захар
neurology_ischemic stroke_0_BGgpt	PROCEDURE	1800	1814	липиден профил
neurology_ischemic stroke_0_BGgpt	PROCEDURE	1876	1883	Лечение
neurology_ischemic stroke_0_BGgpt	MEDICATION	1939	1959	интравенозно тъканен
neurology_ischemic stroke_10_BGgpt	DISEASE	324	346	Остър исхемичен инсулт
neurology_ischemic stroke_10_BGgpt	DISEASE	375	385	Хипертония
neurology_ischemic stroke_10_BGgpt	DISEASE	387	405	Предсърдно мъждене
neurology_ischemic stroke_10_BGgpt	DISEASE	411	419	Анамнеза
neurology_ischemic stroke_10_BGgpt	DISEASE	493	503	хипертония
neurology_ischemic stroke_10_BGgpt	SYMPTOM	517	535	предсърдно мъждене
neurology_ischemic stroke_10_BGgpt	SYMPTOM	646	660	затруднена реч
neurology_ischemic stroke_10_BGgpt	MEDICATION	759	772	код за инсулт
neurology_ischemic stroke_10_BGgpt	SYMPTOM	976	982	афазия
neurology_ischemic stroke_10_BGgpt	SYMPTOM	985	1001	дясна хемипареза
neurology_ischemic stroke_10_BGgpt	SYMPTOM	1003	1017	Кръвната захар
neurology_ischemic stroke_10_BGgpt	PROCEDURE	1089	1091	КТ
neurology_ischemic stroke_10_BGgpt	PROCEDURE	1193	1214	тромболитична терапия
neurology_ischemic stroke_10_BGgpt	PROCEDURE	1223	1226	ЯМР
neurology_ischemic stroke_10_BGgpt	DISEASE	1303	1325	остър исхемичен инсулт
neurology_ischemic stroke_10_BGgpt	PROCEDURE	1371	1399	Каротидна дуплекс сонография
neurology_ischemic stroke_10_BGgpt	PROCEDURE	1462	1477	Ехокардиография
neurology_ischemic stroke_10_BGgpt	SYMPTOM	1493	1511	предсърдно мъждене
neurology_ischemic stroke_10_BGgpt	PROCEDURE	1599	1602	ПКК
neurology_ischemic stroke_10_BGgpt	PROCEDURE	1623	1631	ПТВ/аPTT
neurology_ischemic stroke_10_BGgpt	SYMPTOM	1633	1655	кръвна захар на гладно
neurology_ischemic stroke_11_BGgpt	DISEASE	361	377	Исхемичен инсулт
neurology_ischemic stroke_11_BGgpt	DISEASE	406	416	Хипертония
neurology_ischemic stroke_11_BGgpt	DISEASE	418	438	Захарен диабет тип 2
neurology_ischemic stroke_11_BGgpt	PROCEDURE	466	469	ЯМР
neurology_ischemic stroke_11_BGgpt	PROCEDURE	480	495	Ехокардиография
neurology_ischemic stroke_11_BGgpt	PROCEDURE	497	519	Механична тромбектомия
neurology_ischemic stroke_11_BGgpt	MEDICATION	557	582	Ацетилсалицилова киселина
neurology_ischemic stroke_11_BGgpt	MEDICATION	617	628	Клопидогрел
neurology_ischemic stroke_11_BGgpt	MEDICATION	673	685	Аторвастатин
neurology_ischemic stroke_11_BGgpt	MEDICATION	718	727	Метформин
neurology_ischemic stroke_11_BGgpt	MEDICATION	765	775	Лизиноприл
neurology_ischemic stroke_11_BGgpt	DISEASE	901	911	хипертония
neurology_ischemic stroke_11_BGgpt	DISEASE	914	934	захарен диабет тип 2
neurology_ischemic stroke_11_BGgpt	SYMPTOM	1024	1030	афазия
neurology_ischemic stroke_11_BGgpt	SYMPTOM	1032	1042	Симптомите
neurology_ischemic stroke_11_BGgpt	SYMPTOM	1581	1602	наличие на кръвоизлив
neurology_ischemic stroke_11_BGgpt	PROCEDURE	1633	1636	ЯМР
neurology_ischemic stroke_11_BGgpt	DISEASE	1672	1688	исхемичен инсулт
neurology_ischemic stroke_11_BGgpt	SYMPTOM	1771	1781	кръвоизлив
neurology_ischemic stroke_12_BGgpt	DISEASE	312	336	Исхемичен мозъчен инсулт
neurology_ischemic stroke_12_BGgpt	DISEASE	448	469	артериална хипертония
neurology_ischemic stroke_12_BGgpt	DISEASE	472	486	захарен диабет
neurology_ischemic stroke_12_BGgpt	SYMPTOM	556	579	остро настъпила слабост
neurology_ischemic stroke_12_BGgpt	SYMPTOM	610	630	затруднения в говора
neurology_ischemic stroke_12_BGgpt	SYMPTOM	787	830	със сърдечна дейност аритмична и неправилна
neurology_ischemic stroke_12_BGgpt	PROCEDURE	1067	1095	спешна компютърна томография
neurology_ischemic stroke_12_BGgpt	PROCEDURE	1097	1099	КТ
neurology_ischemic stroke_12_BGgpt	SYMPTOM	1197	1211	ранни признаци
neurology_ischemic stroke_12_BGgpt	PROCEDURE	1290	1322	Магнитно-резонансната томография
neurology_ischemic stroke_12_BGgpt	PROCEDURE	1451	1471	Доплерова сонография
neurology_ischemic stroke_12_BGgpt	PROCEDURE	1555	1590	Комплексно кардиологично изследване
neurology_ischemic stroke_12_BGgpt	SYMPTOM	1693	1711	предсърдно мъждене
neurology_ischemic stroke_12_BGgpt	PROCEDURE	1753	1766	Остро лечение
neurology_ischemic stroke_12_BGgpt	MEDICATION	1942	2000	интравенозно рекомбинантен тъканен плазминогенен активатор
neurology_ischemic stroke_13_BGgpt	SYMPTOM	221	237	Внезапна слабост
neurology_ischemic stroke_13_BGgpt	SYMPTOM	269	281	нарушена реч
neurology_ischemic stroke_13_BGgpt	SYMPTOM	463	479	внезапна слабост
neurology_ischemic stroke_13_BGgpt	SYMPTOM	511	526	нарушена дикция
neurology_ischemic stroke_13_BGgpt	DISEASE	729	739	Хипертония
neurology_ischemic stroke_13_BGgpt	DISEASE	742	762	Захарен диабет тип 2
neurology_ischemic stroke_13_BGgpt	DISEASE	765	779	Хиперлипидемия
neurology_ischemic stroke_13_BGgpt	MEDICATION	807	817	Лизиноприл
neurology_ischemic stroke_13_BGgpt	MEDICATION	840	849	Метформин
neurology_ischemic stroke_13_BGgpt	MEDICATION	875	887	Аторвастатин
neurology_ischemic stroke_13_BGgpt	PROCEDURE	989	994	NIHSS
neurology_ischemic stroke_13_BGgpt	DISEASE	1062	1081	Неврологичен статус
neurology_ischemic stroke_13_BGgpt	DISEASE	1083	1089	афазия
neurology_ischemic stroke_13_BGgpt	DISEASE	1118	1141	десностранна хемипареза
neurology_ischemic stroke_13_BGgpt	PROCEDURE	1217	1236	КТ на главния мозък
neurology_ischemic stroke_13_BGgpt	DISEASE	1331	1338	исхемия
neurology_ischemic stroke_13_BGgpt	PROCEDURE	1389	1409	ЯМР на главния мозък
neurology_ischemic stroke_13_BGgpt	DISEASE	1481	1488	исхемия
neurology_ischemic stroke_13_BGgpt	PROCEDURE	1511	1514	ЕКГ
neurology_ischemic stroke_13_BGgpt	PROCEDURE	1596	1611	Ехокардиография
neurology_ischemic stroke_13_BGgpt	PROCEDURE	1656	1658	КТ
neurology_ischemic stroke_14_BGgpt	SYMPTOM	302	309	слабост
neurology_ischemic stroke_14_BGgpt	SYMPTOM	340	354	затруднена реч
neurology_ischemic stroke_14_BGgpt	DISEASE	471	492	артериална хипертония
neurology_ischemic stroke_14_BGgpt	DISEASE	495	515	захарен диабет тип 2
neurology_ischemic stroke_14_BGgpt	SYMPTOM	622	629	слабост
neurology_ischemic stroke_14_BGgpt	SYMPTOM	660	674	затруднена реч
neurology_ischemic stroke_14_BGgpt	DISEASE	951	972	Артериална хипертония
neurology_ischemic stroke_14_BGgpt	DISEASE	977	997	Захарен диабет тип 2
neurology_ischemic stroke_14_BGgpt	DISEASE	1002	1016	Хиперлипидемия
neurology_ischemic stroke_14_BGgpt	MEDICATION	1048	1058	Лизиноприл
neurology_ischemic stroke_14_BGgpt	MEDICATION	1083	1092	Метформин
neurology_ischemic stroke_14_BGgpt	MEDICATION	1121	1133	Аторвастатин
neurology_ischemic stroke_14_BGgpt	SYMPTOM	1436	1474	отпускане на лявата половина на лицето
neurology_ischemic stroke_14_BGgpt	SYMPTOM	1476	1508	слабост в лявата ръка и ляв крак
neurology_ischemic stroke_14_BGgpt	SYMPTOM	1510	1516	афазия
neurology_ischemic stroke_14_BGgpt	PROCEDURE	1562	1583	Компютърна томография
neurology_ischemic stroke_14_BGgpt	PROCEDURE	1707	1728	тромболитична терапия
neurology_ischemic stroke_14_BGgpt	PROCEDURE	1734	1759	Дифузионно-претеглена ЯМР
neurology_ischemic stroke_14_BGgpt	PROCEDURE	1857	1860	ЕКГ
neurology_ischemic stroke_14_BGgpt	PROCEDURE	1870	1873	ЕКГ
neurology_ischemic stroke_14_BGgpt	PROCEDURE	1928	1943	Ехокардиография
neurology_ischemic stroke_14_BGgpt	SYMPTOM	5074	5081	слабост
neurology_ischemic stroke_14_BGgpt	SYMPTOM	5112	5126	затруднена реч
neurology_ischemic stroke_14_BGgpt	DISEASE	5243	5264	артериална хипертония
neurology_ischemic stroke_14_BGgpt	DISEASE	5267	5287	захарен диабет тип 2
neurology_ischemic stroke_14_BGgpt	SYMPTOM	5394	5401	слабост
neurology_ischemic stroke_14_BGgpt	SYMPTOM	5432	5446	затруднена реч
neurology_ischemic stroke_14_BGgpt	DISEASE	5723	5744	Артериална хипертония
neurology_ischemic stroke_14_BGgpt	DISEASE	5749	5769	Захарен диабет тип 2
neurology_ischemic stroke_14_BGgpt	DISEASE	5774	5788	Хиперлипидемия
neurology_ischemic stroke_14_BGgpt	MEDICATION	5820	5830	Лизиноприл
neurology_ischemic stroke_14_BGgpt	MEDICATION	5855	5864	Метформин
neurology_ischemic stroke_14_BGgpt	MEDICATION	5893	5905	Аторвастатин
neurology_ischemic stroke_14_BGgpt	SYMPTOM	6208	6246	отпускане на лявата половина на лицето
neurology_ischemic stroke_14_BGgpt	SYMPTOM	6248	6280	слабост в лявата ръка и ляв крак
neurology_ischemic stroke_14_BGgpt	SYMPTOM	6282	6288	афазия
neurology_ischemic stroke_14_BGgpt	PROCEDURE	6334	6355	Компютърна томография
neurology_ischemic stroke_14_BGgpt	PROCEDURE	6479	6500	тромболитична терапия
neurology_ischemic stroke_14_BGgpt	PROCEDURE	6506	6531	Дифузионно-претеглена ЯМР
neurology_ischemic stroke_14_BGgpt	PROCEDURE	6629	6632	ЕКГ
neurology_ischemic stroke_14_BGgpt	PROCEDURE	6642	6645	ЕКГ
neurology_ischemic stroke_14_BGgpt	PROCEDURE	6700	6715	Ехокардиография
neurology_ischemic stroke_15_BGgpt	SYMPTOM	387	410	остро настъпила слабост
neurology_ischemic stroke_15_BGgpt	SYMPTOM	442	456	затруднена реч
neurology_ischemic stroke_15_BGgpt	SYMPTOM	575	589	кръвната захар
neurology_ischemic stroke_15_BGgpt	OBSERVATION	624	645	първоначална диагноза
neurology_ischemic stroke_15_BGgpt	DISEASE	649	665	исхемичен инсулт
neurology_ischemic stroke_15_BGgpt	PROCEDURE	744	749	NIHSS
neurology_ischemic stroke_15_BGgpt	PROCEDURE	817	834	Невроизобразяване
neurology_ischemic stroke_15_BGgpt	PROCEDURE	860	881	компютърна томография
neurology_ischemic stroke_15_BGgpt	PROCEDURE	883	885	КТ
neurology_ischemic stroke_15_BGgpt	PROCEDURE	965	995	магнитно-резонансна томография
neurology_ischemic stroke_15_BGgpt	PROCEDURE	1122	1142	Кардиологична оценка
neurology_ischemic stroke_15_BGgpt	PROCEDURE	1146	1149	ЕКГ
neurology_ischemic stroke_15_BGgpt	PROCEDURE	1246	1263	Ехокардиографията
neurology_ischemic stroke_15_BGgpt	DISEASE	1286	1308	кардиоемболичен инсулт
neurology_ischemic stroke_15_BGgpt	PROCEDURE	1358	1395	магнитно-резонансна ангиография (МРА)
neurology_ischemic stroke_15_BGgpt	SYMPTOM	1522	1544	кръвна захар на гладно
neurology_ischemic stroke_15_BGgpt	PROCEDURE	1664	1680	Ход на лечението
neurology_ischemic stroke_15_BGgpt	PROCEDURE	1690	1703	Остро лечение
neurology_ischemic stroke_15_BGgpt	MEDICATION	1755	1800	рекомбинантен тъканен плазминогенен активатор
neurology_ischemic stroke_15_BGgpt	MEDICATION	1802	1805	tPA
neurology_ischemic stroke_15_BGgpt	SYMPTOM	1887	1914	липсата на противопоказания
neurology_ischemic stroke_15_BGgpt	MEDICATION	1916	1919	tPA
neurology_ischemic stroke_16_BGgpt	DISEASE	331	347	Исхемичен инсулт
neurology_ischemic stroke_16_BGgpt	DISEASE	376	386	Хипертония
neurology_ischemic stroke_16_BGgpt	DISEASE	388	402	Хиперлипидемия
neurology_ischemic stroke_16_BGgpt	DISEASE	482	492	хипертония
neurology_ischemic stroke_16_BGgpt	DISEASE	495	509	хиперлипидемия
neurology_ischemic stroke_16_BGgpt	SYMPTOM	585	592	слабост
neurology_ischemic stroke_16_BGgpt	SYMPTOM	624	638	затруднена реч
neurology_ischemic stroke_16_BGgpt	DISEASE	951	964	умерен инсулт
neurology_ischemic stroke_16_BGgpt	PROCEDURE	989	1008	образна диагностика
neurology_ischemic stroke_16_BGgpt	PROCEDURE	1011	1032	компютърна томография
neurology_ischemic stroke_16_BGgpt	PROCEDURE	1034	1036	КТ
neurology_ischemic stroke_16_BGgpt	PROCEDURE	1542	1561	образна диагностика
neurology_ischemic stroke_16_BGgpt	PROCEDURE	1575	1578	МРА
neurology_ischemic stroke_16_BGgpt	PROCEDURE	1581	1595	КТ-ангиография
neurology_ischemic stroke_16_BGgpt	PROCEDURE	1779	1786	ПВ/аPTТ
neurology_ischemic stroke_16_BGgpt	MEDICATION	1833	1838	HbA1c
neurology_ischemic stroke_16_BGgpt	SYMPTOM	1842	1856	липиден профил
neurology_ischemic stroke_17_BGgpt	SYMPTOM	377	385	симптоми
neurology_ischemic stroke_17_BGgpt	SYMPTOM	389	405	внезапна слабост
neurology_ischemic stroke_17_BGgpt	SYMPTOM	437	443	афазия
neurology_ischemic stroke_17_BGgpt	DISEASE	542	552	хипертония
neurology_ischemic stroke_17_BGgpt	DISEASE	554	568	хиперлипидемия
neurology_ischemic stroke_17_BGgpt	DISEASE	577	582	пушач
neurology_ischemic stroke_17_BGgpt	PROCEDURE	760	781	оценка по НИНСИ скала
neurology_ischemic stroke_17_BGgpt	PROCEDURE	864	890	спешен компютърен томограф
neurology_ischemic stroke_17_BGgpt	PROCEDURE	941	971	Магнитно-резонансна томография
neurology_ischemic stroke_17_BGgpt	PROCEDURE	1089	1092	ЕКГ
neurology_ischemic stroke_17_BGgpt	OBSERVATION	1150	1173	неспецифични ST промени
neurology_ischemic stroke_17_BGgpt	PROCEDURE	1246	1271	Лабораторните изследвания
neurology_ischemic stroke_17_BGgpt	PROCEDURE	1440	1458	клиничните находки
neurology_ischemic stroke_17_BGgpt	DISEASE	1542	1558	исхемичен инсулт
neurology_ischemic stroke_17_BGgpt	PROCEDURE	1613	1626	Остро лечение
neurology_ischemic stroke_17_BGgpt	MEDICATION	1632	1677	Рекомбинантен тъканен плазминогенен активатор
neurology_ischemic stroke_17_BGgpt	MEDICATION	1679	1682	АКТ
neurology_ischemic stroke_17_BGgpt	MEDICATION	1702	1705	АКТ
neurology_ischemic stroke_18_BGgpt	SYMPTOM	396	419	остро настъпила слабост
neurology_ischemic stroke_18_BGgpt	SYMPTOM	450	464	затруднена реч
neurology_ischemic stroke_18_BGgpt	DISEASE	546	556	Хипертония
neurology_ischemic stroke_18_BGgpt	DISEASE	561	581	Захарен диабет тип 2
neurology_ischemic stroke_18_BGgpt	DISEASE	595	611	исхемичен инсулт
neurology_ischemic stroke_18_BGgpt	MEDICATION	689	699	Лизиноприл
neurology_ischemic stroke_18_BGgpt	MEDICATION	724	733	Метформин
neurology_ischemic stroke_18_BGgpt	MEDICATION	761	768	Аспирин
neurology_ischemic stroke_18_BGgpt	PROCEDURE	899	911	NIHSS оценка
neurology_ischemic stroke_18_BGgpt	SYMPTOM	1005	1028	периферна лицева пареза
neurology_ischemic stroke_18_BGgpt	SYMPTOM	1031	1037	афазия
neurology_ischemic stroke_18_BGgpt	PROCEDURE	1075	1103	Спешна компютърна томография
neurology_ischemic stroke_18_BGgpt	PROCEDURE	1105	1107	КТ
neurology_ischemic stroke_18_BGgpt	SYMPTOM	1131	1152	наличие на кръвоизлив
neurology_ischemic stroke_18_BGgpt	DISEASE	1172	1188	исхемичен инсулт
neurology_ischemic stroke_18_BGgpt	PROCEDURE	1194	1218	Ядрено-магнитен резонанс
neurology_ischemic stroke_18_BGgpt	PROCEDURE	1220	1223	ЯМР
neurology_ischemic stroke_18_BGgpt	PROCEDURE	1367	1370	ЕКГ
neurology_ischemic stroke_18_BGgpt	SYMPTOM	1379	1397	предсърдно мъждене
neurology_ischemic stroke_18_BGgpt	PROCEDURE	1403	1422	Холтер мониториране
neurology_ischemic stroke_18_BGgpt	SYMPTOM	1432	1461	епизодично предсърдно мъждене
neurology_ischemic stroke_18_BGgpt	PROCEDURE	1467	1487	Доплерово изследване
neurology_ischemic stroke_18_BGgpt	DISEASE	1747	1763	исхемичен инсулт
neurology_ischemic stroke_18_BGgpt	MEDICATION	1786	1839	венозен рекомбинантен тъканен плазминогенен активатор
neurology_ischemic stroke_18_BGgpt	MEDICATION	1841	1846	rt-PA
neurology_ischemic stroke_19_BGgpt	DISEASE	316	346	Остър исхемичен мозъчен инсулт
neurology_ischemic stroke_19_BGgpt	DISEASE	375	385	Хипертония
neurology_ischemic stroke_19_BGgpt	SYMPTOM	387	405	Предсърдно мъждене
neurology_ischemic stroke_19_BGgpt	DISEASE	411	419	Анамнеза
neurology_ischemic stroke_19_BGgpt	DISEASE	453	461	анамнеза
neurology_ischemic stroke_19_BGgpt	DISEASE	465	475	хипертония
neurology_ischemic stroke_19_BGgpt	DISEASE	478	509	новооткрита атриална фибрилация
neurology_ischemic stroke_19_BGgpt	SYMPTOM	587	610	вдясно и затруднена реч
neurology_ischemic stroke_19_BGgpt	PROCEDURE	745	757	спешна помощ
neurology_ischemic stroke_19_BGgpt	PROCEDURE	1145	1166	компютърна томография
neurology_ischemic stroke_19_BGgpt	DISEASE	1262	1269	исхемия
neurology_ischemic stroke_19_BGgpt	DISEASE	1398	1420	остър исхемичен инсулт
neurology_ischemic stroke_19_BGgpt	PROCEDURE	1480	1483	ЕКГ
neurology_ischemic stroke_19_BGgpt	SYMPTOM	1506	1524	предсърдно мъждене
neurology_ischemic stroke_19_BGgpt	PROCEDURE	1949	1956	ПВ/аPTT
neurology_ischemic stroke_1_BGgpt	SYMPTOM	279	286	слабост
neurology_ischemic stroke_1_BGgpt	DISEASE	412	422	хипертония
neurology_ischemic stroke_1_BGgpt	DISEASE	425	445	захарен диабет тип 2
neurology_ischemic stroke_1_BGgpt	SYMPTOM	563	569	афазия
neurology_ischemic stroke_1_BGgpt	PROCEDURE	738	743	NIHSS
neurology_ischemic stroke_1_BGgpt	PROCEDURE	780	806	Пълен неврологичен преглед
neurology_ischemic stroke_1_BGgpt	SYMPTOM	849	855	афазия
neurology_ischemic stroke_1_BGgpt	PROCEDURE	926	947	Компютърна томография
neurology_ischemic stroke_1_BGgpt	PROCEDURE	1239	1242	ЕКГ
neurology_ischemic stroke_1_BGgpt	PROCEDURE	1292	1315	Телеметричен мониторинг
neurology_ischemic stroke_1_BGgpt	PROCEDURE	1359	1374	Ехокардиография
neurology_ischemic stroke_1_BGgpt	DISEASE	1430	1454	липса на клапни аномалии
neurology_ischemic stroke_1_BGgpt	DISEASE	1456	1485	липса на интракардиален тромб
neurology_ischemic stroke_1_BGgpt	PROCEDURE	1521	1539	КТА на глава и шия
neurology_ischemic stroke_20_BGgpt	DISEASE	215	239	Исхемичен мозъчен инсулт
neurology_ischemic stroke_20_BGgpt	SYMPTOM	368	376	симптоми
neurology_ischemic stroke_20_BGgpt	SYMPTOM	380	396	внезапна слабост
neurology_ischemic stroke_20_BGgpt	SYMPTOM	496	513	кръвната му захар
neurology_ischemic stroke_20_BGgpt	DISEASE	580	592	хипогликемия
neurology_ischemic stroke_20_BGgpt	SYMPTOM	609	619	симптомите
neurology_ischemic stroke_20_BGgpt	DISEASE	729	755	умерено до тежко нарушение
neurology_ischemic stroke_20_BGgpt	PROCEDURE	782	801	образна диагностика
neurology_ischemic stroke_20_BGgpt	PROCEDURE	804	825	компютърна томография
neurology_ischemic stroke_20_BGgpt	PROCEDURE	915	935	по-нататъшно лечение
neurology_ischemic stroke_20_BGgpt	DISEASE	939	963	исхемичен мозъчен инсулт
neurology_ischemic stroke_20_BGgpt	PROCEDURE	1119	1136	Сърдечната оценка
neurology_ischemic stroke_20_BGgpt	PROCEDURE	1147	1165	електрокардиограма
neurology_ischemic stroke_20_BGgpt	PROCEDURE	1174	1184	телеметрия
neurology_ischemic stroke_20_BGgpt	SYMPTOM	1201	1219	предсърдно мъждене
neurology_ischemic stroke_20_BGgpt	SYMPTOM	1263	1289	Серумните нива на тропонин
neurology_ischemic stroke_20_BGgpt	PROCEDURE	1396	1415	образна диагностика
neurology_ischemic stroke_20_BGgpt	SYMPTOM	1630	1652	кръвна захар на гладно
neurology_ischemic stroke_20_BGgpt	MEDICATION	1874	1932	интравенозно рекомбинантен тъканен плазминогенен активатор
neurology_ischemic stroke_20_BGgpt	MEDICATION	1934	1943	Алтеплаза
neurology_ischemic stroke_21_BGgpt	SYMPTOM	404	424	затруднения в говора
neurology_ischemic stroke_21_BGgpt	DISEASE	595	601	афазия
neurology_ischemic stroke_21_BGgpt	MEDICATION	805	816	медикаменти
neurology_ischemic stroke_21_BGgpt	PROCEDURE	859	864	NIHSS
neurology_ischemic stroke_21_BGgpt	SYMPTOM	1016	1060	Изразена слабост в лявата половина на тялото
neurology_ischemic stroke_21_BGgpt	DISEASE	1062	1080	експресивна афазия
neurology_ischemic stroke_21_BGgpt	SYMPTOM	1108	1121	Редовен ритъм
neurology_ischemic stroke_21_BGgpt	PROCEDURE	1209	1220	КТ на глава
neurology_ischemic stroke_21_BGgpt	PROCEDURE	1346	1349	ЯМР
neurology_ischemic stroke_21_BGgpt	PROCEDURE	1467	1483	ЕКГ и телеметрия
neurology_ischemic stroke_21_BGgpt	PROCEDURE	1522	1537	Ехокардиография
neurology_ischemic stroke_21_BGgpt	PROCEDURE	1623	1637	КТ ангиография
neurology_ischemic stroke_22_BGgpt	SYMPTOM	369	376	слабост
neurology_ischemic stroke_22_BGgpt	SYMPTOM	408	420	нарушена реч
neurology_ischemic stroke_22_BGgpt	DISEASE	507	517	хипертония
neurology_ischemic stroke_22_BGgpt	DISEASE	520	534	хиперлипидемия
neurology_ischemic stroke_22_BGgpt	SYMPTOM	630	640	неясна реч
neurology_ischemic stroke_22_BGgpt	SYMPTOM	643	650	слабост
neurology_ischemic stroke_22_BGgpt	PROCEDURE	959	981	Неврологичният преглед
neurology_ischemic stroke_22_BGgpt	PROCEDURE	990	995	NIHSS
neurology_ischemic stroke_22_BGgpt	DISEASE	1033	1046	умерен инсулт
neurology_ischemic stroke_22_BGgpt	SYMPTOM	1082	1104	падане на лицевия нерв
neurology_ischemic stroke_22_BGgpt	SYMPTOM	1107	1113	афазия
neurology_ischemic stroke_22_BGgpt	PROCEDURE	1237	1262	Спешно КТ на главен мозък
neurology_ischemic stroke_22_BGgpt	PROCEDURE	1689	1707	КТА на глава и шия
neurology_ischemic stroke_23_BGgpt	SYMPTOM	321	328	слабост
neurology_ischemic stroke_23_BGgpt	SYMPTOM	360	366	афазия
neurology_ischemic stroke_23_BGgpt	PROCEDURE	381	405	спешна медицинска оценка
neurology_ischemic stroke_23_BGgpt	DISEASE	471	487	исхемичен инсулт
neurology_ischemic stroke_23_BGgpt	DISEASE	510	531	Артериална хипертония
neurology_ischemic stroke_23_BGgpt	DISEASE	536	556	Захарен диабет тип 2
neurology_ischemic stroke_23_BGgpt	DISEASE	561	594	Предишна преходна исхемична атака
neurology_ischemic stroke_23_BGgpt	DISEASE	596	599	ПИА
neurology_ischemic stroke_23_BGgpt	MEDICATION	651	661	Лизиноприл
neurology_ischemic stroke_23_BGgpt	MEDICATION	679	688	Метформин
neurology_ischemic stroke_23_BGgpt	PROCEDURE	861	883	Неврологичният преглед
neurology_ischemic stroke_23_BGgpt	PROCEDURE	1004	1041	спешна образно-диагностична обработка
neurology_ischemic stroke_23_BGgpt	PROCEDURE	1044	1065	компютърна томография
neurology_ischemic stroke_23_BGgpt	PROCEDURE	1067	1069	КТ
neurology_ischemic stroke_23_BGgpt	PROCEDURE	1401	1422	тромболитична терапия
neurology_ischemic stroke_23_BGgpt	MEDICATION	1475	1528	венозен рекомбинантен тъканен плазминогенен активатор
neurology_ischemic stroke_23_BGgpt	MEDICATION	1530	1535	rt-PA
neurology_ischemic stroke_23_BGgpt	PROCEDURE	1695	1697	КТ
neurology_ischemic stroke_23_BGgpt	PROCEDURE	1702	1724	Кардиологичната оценка
neurology_ischemic stroke_23_BGgpt	PROCEDURE	1760	1789	24-часово Холтер мониториране
neurology_ischemic stroke_23_BGgpt	SYMPTOM	1809	1827	предсърдно мъждене
neurology_ischemic stroke_23_BGgpt	PROCEDURE	1988	1990	КТ
neurology_ischemic stroke_23_BGgpt	SYMPTOM	5018	5025	слабост
neurology_ischemic stroke_23_BGgpt	SYMPTOM	5057	5063	афазия
neurology_ischemic stroke_23_BGgpt	PROCEDURE	5078	5102	спешна медицинска оценка
neurology_ischemic stroke_23_BGgpt	DISEASE	5168	5184	исхемичен инсулт
neurology_ischemic stroke_23_BGgpt	DISEASE	5207	5228	Артериална хипертония
neurology_ischemic stroke_23_BGgpt	DISEASE	5233	5253	Захарен диабет тип 2
neurology_ischemic stroke_23_BGgpt	DISEASE	5258	5291	Предишна преходна исхемична атака
neurology_ischemic stroke_23_BGgpt	DISEASE	5293	5296	ПИА
neurology_ischemic stroke_23_BGgpt	MEDICATION	5348	5358	Лизиноприл
neurology_ischemic stroke_23_BGgpt	MEDICATION	5376	5385	Метформин
neurology_ischemic stroke_23_BGgpt	PROCEDURE	5558	5580	Неврологичният преглед
neurology_ischemic stroke_23_BGgpt	PROCEDURE	5701	5738	спешна образно-диагностична обработка
neurology_ischemic stroke_23_BGgpt	PROCEDURE	5741	5762	компютърна томография
neurology_ischemic stroke_23_BGgpt	PROCEDURE	5764	5766	КТ
neurology_ischemic stroke_23_BGgpt	PROCEDURE	6098	6119	тромболитична терапия
neurology_ischemic stroke_23_BGgpt	MEDICATION	6172	6225	венозен рекомбинантен тъканен плазминогенен активатор
neurology_ischemic stroke_23_BGgpt	MEDICATION	6227	6232	rt-PA
neurology_ischemic stroke_23_BGgpt	PROCEDURE	6392	6394	КТ
neurology_ischemic stroke_23_BGgpt	PROCEDURE	6399	6421	Кардиологичната оценка
neurology_ischemic stroke_23_BGgpt	PROCEDURE	6457	6486	24-часово Холтер мониториране
neurology_ischemic stroke_23_BGgpt	SYMPTOM	6506	6524	предсърдно мъждене
neurology_ischemic stroke_23_BGgpt	PROCEDURE	6685	6687	КТ
neurology_ischemic stroke_24_BGgpt	DISEASE	273	297	Исхемичен мозъчен инсулт
neurology_ischemic stroke_24_BGgpt	SYMPTOM	395	403	симптоми
neurology_ischemic stroke_24_BGgpt	SYMPTOM	407	432	остра левостранна слабост
neurology_ischemic stroke_24_BGgpt	SYMPTOM	435	449	затруднена реч
neurology_ischemic stroke_24_BGgpt	DISEASE	555	576	артериална хипертония
neurology_ischemic stroke_24_BGgpt	DISEASE	578	598	захарен диабет тип 2
neurology_ischemic stroke_24_BGgpt	DISEASE	601	615	хиперлипидемия
neurology_ischemic stroke_24_BGgpt	PROCEDURE	747	752	NIHSS
neurology_ischemic stroke_24_BGgpt	DISEASE	812	825	умерен инсулт
neurology_ischemic stroke_24_BGgpt	PROCEDURE	912	914	КТ
neurology_ischemic stroke_24_BGgpt	PROCEDURE	1107	1110	ЯМР
neurology_ischemic stroke_24_BGgpt	PROCEDURE	1219	1263	Лечебно-диагностичен план и ход на лечението
neurology_ischemic stroke_24_BGgpt	MEDICATION	1439	1442	tPA
neurology_ischemic stroke_24_BGgpt	MEDICATION	1506	1510	i.v.
neurology_ischemic stroke_25_BGgpt	SYMPTOM	319	327	симптоми
neurology_ischemic stroke_25_BGgpt	SYMPTOM	331	357	остра правостранна слабост
neurology_ischemic stroke_25_BGgpt	SYMPTOM	360	375	затруднен говор
neurology_ischemic stroke_25_BGgpt	DISEASE	490	500	Хипертония
neurology_ischemic stroke_25_BGgpt	MEDICATION	517	527	Лизиноприл
neurology_ischemic stroke_25_BGgpt	DISEASE	543	563	Захарен диабет тип 2
neurology_ischemic stroke_25_BGgpt	MEDICATION	579	588	Метформин
neurology_ischemic stroke_25_BGgpt	DISEASE	880	901	Неврологичният статус
neurology_ischemic stroke_25_BGgpt	PROCEDURE	949	968	Контролно измерване
neurology_ischemic stroke_25_BGgpt	PROCEDURE	1047	1068	Компютърна томография
neurology_ischemic stroke_25_BGgpt	DISEASE	1157	1181	исхемичен мозъчен инсулт
neurology_ischemic stroke_25_BGgpt	PROCEDURE	1185	1215	Магнитно-резонансна томография
neurology_ischemic stroke_25_BGgpt	PROCEDURE	1217	1220	МРТ
neurology_ischemic stroke_25_BGgpt	PROCEDURE	1224	1245	дифузионно претегляне
neurology_ischemic stroke_25_BGgpt	PROCEDURE	1366	1386	Доплерова сонография
neurology_ischemic stroke_25_BGgpt	PROCEDURE	1612	1635	Лабораторни изследвания
neurology_ischemic stroke_26_BGgpt	SYMPTOM	300	325	Внезапна поява на слабост
neurology_ischemic stroke_26_BGgpt	SYMPTOM	357	376	затруднено говорене
neurology_ischemic stroke_26_BGgpt	SYMPTOM	499	507	симптоми
neurology_ischemic stroke_26_BGgpt	SYMPTOM	511	527	внезапна слабост
neurology_ischemic stroke_26_BGgpt	SYMPTOM	559	565	афазия
neurology_ischemic stroke_26_BGgpt	PROCEDURE	666	678	Спешна помощ
neurology_ischemic stroke_26_BGgpt	DISEASE	772	782	хипертония
neurology_ischemic stroke_26_BGgpt	DISEASE	785	799	хиперлипидемия
neurology_ischemic stroke_26_BGgpt	DISEASE	828	838	Хипертония
neurology_ischemic stroke_26_BGgpt	DISEASE	841	855	Хиперлипидемия
neurology_ischemic stroke_26_BGgpt	MEDICATION	891	901	Лизиноприл
neurology_ischemic stroke_26_BGgpt	MEDICATION	917	929	Аторвастатин
neurology_ischemic stroke_26_BGgpt	PROCEDURE	945	952	Алергии
neurology_ischemic stroke_26_BGgpt	DISEASE	1128	1147	Неврологичен статус
neurology_ischemic stroke_26_BGgpt	SYMPTOM	1155	1161	афазия
neurology_ischemic stroke_26_BGgpt	SYMPTOM	1205	1221	дясна хемипареза
neurology_ischemic stroke_26_BGgpt	OBSERVATION	1296	1316	Диагностични находки
neurology_ischemic stroke_26_BGgpt	PROCEDURE	1322	1353	Незабавна компютърна томография
neurology_ischemic stroke_26_BGgpt	PROCEDURE	1355	1357	КТ
neurology_ischemic stroke_26_BGgpt	PROCEDURE	1403	1427	Ядрено-магнитен резонанс
neurology_ischemic stroke_26_BGgpt	PROCEDURE	1531	1559	Каратидна дуплекс сонография
neurology_ischemic stroke_26_BGgpt	PROCEDURE	1733	1748	Ехокардиография
neurology_ischemic stroke_27_BGgpt	DISEASE	246	270	Исхемичен мозъчен инсулт
neurology_ischemic stroke_27_BGgpt	SYMPTOM	390	413	остро настъпила слабост
neurology_ischemic stroke_27_BGgpt	SYMPTOM	444	459	затруднен говор
neurology_ischemic stroke_27_BGgpt	SYMPTOM	631	644	Анамнезата му
neurology_ischemic stroke_27_BGgpt	DISEASE	658	679	артериална хипертония
neurology_ischemic stroke_27_BGgpt	DISEASE	681	695	хиперлипидемия
neurology_ischemic stroke_27_BGgpt	DISEASE	698	718	захарен диабет тип 2
neurology_ischemic stroke_27_BGgpt	PROCEDURE	805	810	NIHSS
neurology_ischemic stroke_27_BGgpt	PROCEDURE	901	922	Компютърна томография
neurology_ischemic stroke_27_BGgpt	PROCEDURE	924	926	КТ
neurology_ischemic stroke_27_BGgpt	PROCEDURE	1056	1059	ЯМР
neurology_ischemic stroke_27_BGgpt	PROCEDURE	1209	1229	Кардиологична оценка
neurology_ischemic stroke_27_BGgpt	PROCEDURE	1233	1236	ЕКГ
neurology_ischemic stroke_27_BGgpt	PROCEDURE	1437	1439	КТ
neurology_ischemic stroke_27_BGgpt	PROCEDURE	1534	1557	Лабораторни изследвания
neurology_ischemic stroke_27_BGgpt	DISEASE	1561	1564	ПКК
neurology_ischemic stroke_27_BGgpt	SYMPTOM	1594	1616	кръвна захар на гладно
neurology_ischemic stroke_27_BGgpt	OBSERVATION	1640	1654	липиден профил
neurology_ischemic stroke_27_BGgpt	PROCEDURE	1740	1747	Лечение
neurology_ischemic stroke_27_BGgpt	PROCEDURE	1764	1771	лечение
neurology_ischemic stroke_27_BGgpt	PROCEDURE	1775	1794	Незабавното лечение
neurology_ischemic stroke_27_BGgpt	MEDICATION	1837	1850	в/в Лабеталол
neurology_ischemic stroke_27_BGgpt	PROCEDURE	1917	1938	тромболитична терапия
neurology_ischemic stroke_28_BGgpt	SYMPTOM	496	519	остро настъпила слабост
neurology_ischemic stroke_28_BGgpt	SYMPTOM	550	562	неясен говор
neurology_ischemic stroke_28_BGgpt	DISEASE	901	911	хипертония
neurology_ischemic stroke_28_BGgpt	DISEASE	914	934	захарен диабет тип 2
neurology_ischemic stroke_28_BGgpt	PROCEDURE	1118	1138	Неврологичен преглед
neurology_ischemic stroke_28_BGgpt	DISEASE	1286	1299	хипергликемия
neurology_ischemic stroke_28_BGgpt	PROCEDURE	1337	1354	Невроизобразяване
neurology_ischemic stroke_28_BGgpt	PROCEDURE	1376	1395	неконтрастен скенер
neurology_ischemic stroke_28_BGgpt	PROCEDURE	1511	1514	ЯМР
neurology_ischemic stroke_28_BGgpt	DISEASE	1566	1582	исхемичен инсулт
neurology_ischemic stroke_28_BGgpt	PROCEDURE	1638	1658	Кардиологична оценка
neurology_ischemic stroke_28_BGgpt	PROCEDURE	1662	1665	ЕКГ
neurology_ischemic stroke_29_BGgpt	DISEASE	259	275	Исхемичен инсулт
neurology_ischemic stroke_29_BGgpt	DISEASE	388	409	артериална хипертония
neurology_ischemic stroke_29_BGgpt	DISEASE	412	432	захарен диабет тип 2
neurology_ischemic stroke_29_BGgpt	SYMPTOM	556	570	затруднена реч
neurology_ischemic stroke_29_BGgpt	PROCEDURE	908	929	компютърна томография
neurology_ischemic stroke_29_BGgpt	PROCEDURE	931	933	КТ
neurology_ischemic stroke_29_BGgpt	PROCEDURE	1128	1130	КТ
neurology_ischemic stroke_29_BGgpt	PROCEDURE	1146	1198	дифузионно-претеглена магнитно-резонансна томография
neurology_ischemic stroke_29_BGgpt	PROCEDURE	1200	1203	МРТ
neurology_ischemic stroke_29_BGgpt	PROCEDURE	1261	1286	Кардиологични изследвания
neurology_ischemic stroke_29_BGgpt	PROCEDURE	1300	1303	ЕКГ
neurology_ischemic stroke_29_BGgpt	PROCEDURE	1305	1315	телеметрия
neurology_ischemic stroke_29_BGgpt	DISEASE	1731	1748	исхемичния инсулт
neurology_ischemic stroke_29_BGgpt	SYMPTOM	2023	2037	липиден профил
neurology_ischemic stroke_29_BGgpt	DISEASE	5023	5039	Исхемичен инсулт
neurology_ischemic stroke_29_BGgpt	DISEASE	5152	5173	артериална хипертония
neurology_ischemic stroke_29_BGgpt	DISEASE	5176	5196	захарен диабет тип 2
neurology_ischemic stroke_29_BGgpt	SYMPTOM	5320	5334	затруднена реч
neurology_ischemic stroke_29_BGgpt	PROCEDURE	5672	5693	компютърна томография
neurology_ischemic stroke_29_BGgpt	PROCEDURE	5695	5697	КТ
neurology_ischemic stroke_29_BGgpt	PROCEDURE	5892	5894	КТ
neurology_ischemic stroke_29_BGgpt	PROCEDURE	5910	5962	дифузионно-претеглена магнитно-резонансна томография
neurology_ischemic stroke_29_BGgpt	PROCEDURE	5964	5967	МРТ
neurology_ischemic stroke_29_BGgpt	PROCEDURE	6025	6050	Кардиологични изследвания
neurology_ischemic stroke_29_BGgpt	PROCEDURE	6064	6067	ЕКГ
neurology_ischemic stroke_29_BGgpt	PROCEDURE	6069	6079	телеметрия
neurology_ischemic stroke_29_BGgpt	DISEASE	6495	6512	исхемичния инсулт
neurology_ischemic stroke_29_BGgpt	SYMPTOM	6787	6801	липиден профил
neurology_ischemic stroke_2_BGgpt	DISEASE	281	297	Исхемичен инсулт
neurology_ischemic stroke_2_BGgpt	SYMPTOM	436	462	внезапно настъпила слабост
neurology_ischemic stroke_2_BGgpt	SYMPTOM	494	508	затруднена реч
neurology_ischemic stroke_2_BGgpt	SYMPTOM	510	520	Симптомите
neurology_ischemic stroke_2_BGgpt	SYMPTOM	603	613	хипертония
neurology_ischemic stroke_2_BGgpt	DISEASE	616	636	захарен диабет тип 2
neurology_ischemic stroke_2_BGgpt	DISEASE	969	989	умерено тежък инсулт
neurology_ischemic stroke_2_BGgpt	SYMPTOM	1001	1007	афазия
neurology_ischemic stroke_2_BGgpt	SYMPTOM	1009	1045	падане на дясната половина на лицето
neurology_ischemic stroke_2_BGgpt	SYMPTOM	1048	1064	дясна хемипареза
neurology_ischemic stroke_2_BGgpt	PROCEDURE	1103	1120	Невроизобразяване
neurology_ischemic stroke_2_BGgpt	PROCEDURE	1135	1150	скенер на глава
neurology_ischemic stroke_2_BGgpt	PROCEDURE	1152	1163	КТ на глава
neurology_ischemic stroke_2_BGgpt	PROCEDURE	1277	1280	ЯМР
neurology_ischemic stroke_2_BGgpt	DISEASE	1336	1352	исхемичен инсулт
neurology_ischemic stroke_2_BGgpt	PROCEDURE	1524	1549	Телеметричното наблюдение
neurology_ischemic stroke_2_BGgpt	SYMPTOM	1572	1579	аритмии
neurology_ischemic stroke_2_BGgpt	PROCEDURE	1741	1773	компютър-томографска ангиография
neurology_ischemic stroke_2_BGgpt	DISEASE	4888	4904	Исхемичен инсулт
neurology_ischemic stroke_2_BGgpt	SYMPTOM	5043	5069	внезапно настъпила слабост
neurology_ischemic stroke_2_BGgpt	SYMPTOM	5101	5115	затруднена реч
neurology_ischemic stroke_2_BGgpt	SYMPTOM	5117	5127	Симптомите
neurology_ischemic stroke_2_BGgpt	SYMPTOM	5210	5220	хипертония
neurology_ischemic stroke_2_BGgpt	DISEASE	5223	5243	захарен диабет тип 2
neurology_ischemic stroke_2_BGgpt	DISEASE	5576	5596	умерено тежък инсулт
neurology_ischemic stroke_2_BGgpt	SYMPTOM	5608	5614	афазия
neurology_ischemic stroke_2_BGgpt	SYMPTOM	5616	5652	падане на дясната половина на лицето
neurology_ischemic stroke_2_BGgpt	SYMPTOM	5655	5671	дясна хемипареза
neurology_ischemic stroke_2_BGgpt	PROCEDURE	5710	5727	Невроизобразяване
neurology_ischemic stroke_2_BGgpt	PROCEDURE	5742	5757	скенер на глава
neurology_ischemic stroke_2_BGgpt	PROCEDURE	5759	5770	КТ на глава
neurology_ischemic stroke_2_BGgpt	PROCEDURE	5884	5887	ЯМР
neurology_ischemic stroke_2_BGgpt	DISEASE	5943	5959	исхемичен инсулт
neurology_ischemic stroke_2_BGgpt	PROCEDURE	6131	6156	Телеметричното наблюдение
neurology_ischemic stroke_2_BGgpt	SYMPTOM	6179	6186	аритмии
neurology_ischemic stroke_2_BGgpt	PROCEDURE	6348	6380	компютър-томографска ангиография
neurology_ischemic stroke_30_BGgpt	SYMPTOM	321	329	симптоми
neurology_ischemic stroke_30_BGgpt	DISEASE	345	367	остър исхемичен инсулт
neurology_ischemic stroke_30_BGgpt	SYMPTOM	381	406	внезапна поява на слабост
neurology_ischemic stroke_30_BGgpt	DISEASE	437	454	говорни нарушения
neurology_ischemic stroke_30_BGgpt	DISEASE	508	529	артериална хипертония
neurology_ischemic stroke_30_BGgpt	DISEASE	532	552	захарен диабет тип 2
neurology_ischemic stroke_30_BGgpt	DISEASE	623	644	неврологичният статус
neurology_ischemic stroke_30_BGgpt	PROCEDURE	929	954	спешно образно изследване
neurology_ischemic stroke_30_BGgpt	PROCEDURE	967	988	компютърна томография
neurology_ischemic stroke_30_BGgpt	DISEASE	1114	1136	остър исхемичен инсулт
neurology_ischemic stroke_30_BGgpt	PROCEDURE	1260	1286	24-часов Холтер мониторинг
neurology_ischemic stroke_30_BGgpt	SYMPTOM	1416	1434	предсърдно мъждене
neurology_ischemic stroke_30_BGgpt	PROCEDURE	1733	1739	PT/PTT
neurology_ischemic stroke_30_BGgpt	PROCEDURE	1930	1937	Лечение
neurology_ischemic stroke_30_BGgpt	PROCEDURE	1979	1986	лечение
neurology_ischemic stroke_30_BGgpt	MEDICATION	2004	2062	интравенозен рекомбинантен тъканен плазминогенен активатор
neurology_ischemic stroke_30_BGgpt	MEDICATION	2064	2067	tPA
neurology_ischemic stroke_30_BGgpt	SYMPTOM	5022	5030	симптоми
neurology_ischemic stroke_30_BGgpt	DISEASE	5046	5068	остър исхемичен инсулт
neurology_ischemic stroke_30_BGgpt	SYMPTOM	5082	5107	внезапна поява на слабост
neurology_ischemic stroke_30_BGgpt	DISEASE	5138	5155	говорни нарушения
neurology_ischemic stroke_30_BGgpt	DISEASE	5209	5230	артериална хипертония
neurology_ischemic stroke_30_BGgpt	DISEASE	5233	5253	захарен диабет тип 2
neurology_ischemic stroke_30_BGgpt	DISEASE	5324	5345	неврологичният статус
neurology_ischemic stroke_30_BGgpt	PROCEDURE	5630	5655	спешно образно изследване
neurology_ischemic stroke_30_BGgpt	PROCEDURE	5668	5689	компютърна томография
neurology_ischemic stroke_30_BGgpt	DISEASE	5815	5837	остър исхемичен инсулт
neurology_ischemic stroke_30_BGgpt	PROCEDURE	5961	5987	24-часов Холтер мониторинг
neurology_ischemic stroke_30_BGgpt	SYMPTOM	6117	6135	предсърдно мъждене
neurology_ischemic stroke_30_BGgpt	PROCEDURE	6434	6440	PT/PTT
neurology_ischemic stroke_30_BGgpt	PROCEDURE	6631	6638	Лечение
neurology_ischemic stroke_30_BGgpt	PROCEDURE	6680	6687	лечение
neurology_ischemic stroke_30_BGgpt	MEDICATION	6705	6763	интравенозен рекомбинантен тъканен плазминогенен активатор
neurology_ischemic stroke_30_BGgpt	MEDICATION	6765	6768	tPA
neurology_ischemic stroke_31_BGgpt	PROCEDURE	116	121	прием
neurology_ischemic stroke_31_BGgpt	SYMPTOM	301	309	симптоми
neurology_ischemic stroke_31_BGgpt	SYMPTOM	313	335	остра дясна хемипареза
neurology_ischemic stroke_31_BGgpt	SYMPTOM	338	352	затруднена реч
neurology_ischemic stroke_31_BGgpt	DISEASE	446	456	хипертония
neurology_ischemic stroke_31_BGgpt	DISEASE	458	478	захарен диабет тип 2
neurology_ischemic stroke_31_BGgpt	DISEASE	481	495	хиперлипидемия
neurology_ischemic stroke_31_BGgpt	PROCEDURE	581	586	NIHSS
neurology_ischemic stroke_31_BGgpt	DISEASE	608	629	умерен мозъчен инсулт
neurology_ischemic stroke_31_BGgpt	OBSERVATION	634	654	Диагностични находки
neurology_ischemic stroke_31_BGgpt	PROCEDURE	664	681	Невроизобразяване
neurology_ischemic stroke_31_BGgpt	PROCEDURE	696	709	спешен скенер
neurology_ischemic stroke_31_BGgpt	PROCEDURE	711	713	КТ
neurology_ischemic stroke_31_BGgpt	PROCEDURE	729	734	прием
neurology_ischemic stroke_31_BGgpt	PROCEDURE	789	792	ЯМР
neurology_ischemic stroke_31_BGgpt	DISEASE	1478	1492	хиперлипидемия
neurology_ischemic stroke_31_BGgpt	PROCEDURE	1497	1504	Лечение
neurology_ischemic stroke_31_BGgpt	MEDICATION	1572	1596	интравенозен тромболитик
neurology_ischemic stroke_31_BGgpt	MEDICATION	1598	1601	tPA
neurology_ischemic stroke_31_BGgpt	MEDICATION	1820	1854	венозни антихипертензивни средства
neurology_ischemic stroke_32_BGgpt	SYMPTOM	345	352	слабост
neurology_ischemic stroke_32_BGgpt	SYMPTOM	384	398	затруднена реч
neurology_ischemic stroke_32_BGgpt	SYMPTOM	567	574	слабост
neurology_ischemic stroke_32_BGgpt	SYMPTOM	596	633	отпускане на дясната страна на лицето
neurology_ischemic stroke_32_BGgpt	SYMPTOM	636	646	неясна реч
neurology_ischemic stroke_32_BGgpt	DISEASE	806	827	Артериална хипертония
neurology_ischemic stroke_32_BGgpt	DISEASE	832	852	Захарен диабет тип 2
neurology_ischemic stroke_32_BGgpt	DISEASE	857	871	Хиперлипидемия
neurology_ischemic stroke_32_BGgpt	SYMPTOM	1045	1061	дясна хемипареза
neurology_ischemic stroke_32_BGgpt	SYMPTOM	1063	1082	асиметрия на лицето
neurology_ischemic stroke_32_BGgpt	SYMPTOM	1085	1091	афазия
neurology_ischemic stroke_32_BGgpt	PROCEDURE	1130	1147	Невроизобразяване
neurology_ischemic stroke_32_BGgpt	PROCEDURE	1170	1191	компютърна томография
neurology_ischemic stroke_32_BGgpt	PROCEDURE	1193	1195	КТ
neurology_ischemic stroke_32_BGgpt	PROCEDURE	1268	1271	ЯМР
neurology_ischemic stroke_32_BGgpt	DISEASE	1317	1333	исхемичен инсулт
neurology_ischemic stroke_32_BGgpt	PROCEDURE	1379	1399	Кардиологична оценка
neurology_ischemic stroke_32_BGgpt	PROCEDURE	1403	1406	ЕКГ
neurology_ischemic stroke_32_BGgpt	PROCEDURE	1438	1450	Телеметрията
neurology_ischemic stroke_32_BGgpt	PROCEDURE	1514	1531	Ехокардиографията
neurology_ischemic stroke_32_BGgpt	DISEASE	1700	1703	ПКК
neurology_ischemic stroke_32_BGgpt	MEDICATION	1769	1788	гликиран хемоглобин
neurology_ischemic stroke_33_BGgpt	DISEASE	352	368	Исхемичен инсулт
neurology_ischemic stroke_33_BGgpt	PROCEDURE	381	390	лечението
neurology_ischemic stroke_33_BGgpt	PROCEDURE	403	410	лечение
neurology_ischemic stroke_33_BGgpt	DISEASE	466	476	хипертония
neurology_ischemic stroke_33_BGgpt	DISEASE	479	499	захарен диабет тип 2
neurology_ischemic stroke_33_BGgpt	SYMPTOM	595	601	афазия
neurology_ischemic stroke_33_BGgpt	PROCEDURE	761	782	Първоначалната оценка
neurology_ischemic stroke_33_BGgpt	DISEASE	883	903	умерено-тежък инсулт
neurology_ischemic stroke_33_BGgpt	OBSERVATION	920	934	кръвната захар
neurology_ischemic stroke_33_BGgpt	PROCEDURE	996	1013	невроизобразяване
neurology_ischemic stroke_33_BGgpt	PROCEDURE	1016	1037	компютърна томография
neurology_ischemic stroke_33_BGgpt	PROCEDURE	1168	1220	Дифузионно-претеглена магнитно-резонансна томография
neurology_ischemic stroke_33_BGgpt	PROCEDURE	1298	1315	Сърдечната оценка
neurology_ischemic stroke_33_BGgpt	PROCEDURE	1329	1332	ЕКГ
neurology_ischemic stroke_33_BGgpt	PROCEDURE	1335	1345	телеметрия
neurology_ischemic stroke_33_BGgpt	PROCEDURE	1517	1520	КТА
neurology_ischemic stroke_33_BGgpt	DISEASE	1902	1918	исхемичен инсулт
neurology_ischemic stroke_33_BGgpt	PROCEDURE	1945	1952	лечение
neurology_ischemic stroke_33_BGgpt	MEDICATION	1955	1999	интравенозен тъканен плазминогенен активатор
neurology_ischemic stroke_33_BGgpt	MEDICATION	2001	2004	tPA
neurology_ischemic stroke_33_BGgpt	DISEASE	5110	5126	Исхемичен инсулт
neurology_ischemic stroke_33_BGgpt	PROCEDURE	5139	5148	лечението
neurology_ischemic stroke_33_BGgpt	PROCEDURE	5161	5168	лечение
neurology_ischemic stroke_33_BGgpt	DISEASE	5224	5234	хипертония
neurology_ischemic stroke_33_BGgpt	DISEASE	5237	5257	захарен диабет тип 2
neurology_ischemic stroke_33_BGgpt	SYMPTOM	5353	5359	афазия
neurology_ischemic stroke_33_BGgpt	PROCEDURE	5519	5540	Първоначалната оценка
neurology_ischemic stroke_33_BGgpt	DISEASE	5641	5661	умерено-тежък инсулт
neurology_ischemic stroke_33_BGgpt	OBSERVATION	5678	5692	кръвната захар
neurology_ischemic stroke_33_BGgpt	PROCEDURE	5754	5771	невроизобразяване
neurology_ischemic stroke_33_BGgpt	PROCEDURE	5774	5795	компютърна томография
neurology_ischemic stroke_33_BGgpt	PROCEDURE	5926	5978	Дифузионно-претеглена магнитно-резонансна томография
neurology_ischemic stroke_33_BGgpt	PROCEDURE	6056	6073	Сърдечната оценка
neurology_ischemic stroke_33_BGgpt	PROCEDURE	6087	6090	ЕКГ
neurology_ischemic stroke_33_BGgpt	PROCEDURE	6093	6103	телеметрия
neurology_ischemic stroke_33_BGgpt	PROCEDURE	6275	6278	КТА
neurology_ischemic stroke_33_BGgpt	DISEASE	6660	6676	исхемичен инсулт
neurology_ischemic stroke_33_BGgpt	PROCEDURE	6703	6710	лечение
neurology_ischemic stroke_33_BGgpt	MEDICATION	6713	6757	интравенозен тъканен плазминогенен активатор
neurology_ischemic stroke_33_BGgpt	MEDICATION	6759	6762	tPA
neurology_ischemic stroke_34_BGgpt	DISEASE	222	238	исхемичен инсулт
neurology_ischemic stroke_34_BGgpt	DISEASE	242	250	Анамнеза
neurology_ischemic stroke_34_BGgpt	DISEASE	307	315	анамнеза
neurology_ischemic stroke_34_BGgpt	DISEASE	319	329	хипертония
neurology_ischemic stroke_34_BGgpt	DISEASE	332	352	захарен диабет тип 2
neurology_ischemic stroke_34_BGgpt	SYMPTOM	459	469	неясна реч
neurology_ischemic stroke_34_BGgpt	SYMPTOM	545	553	анамнеза
neurology_ischemic stroke_34_BGgpt	DISEASE	593	596	ПИА
neurology_ischemic stroke_34_BGgpt	MEDICATION	646	671	ацетилсалицилова киселина
neurology_ischemic stroke_34_BGgpt	MEDICATION	673	680	аспирин
neurology_ischemic stroke_34_BGgpt	PROCEDURE	836	858	Неврологичният преглед
neurology_ischemic stroke_34_BGgpt	PROCEDURE	979	990	КТ на мозък
neurology_ischemic stroke_34_BGgpt	PROCEDURE	1141	1153	МРТ на мозък
neurology_ischemic stroke_34_BGgpt	DISEASE	1226	1242	исхемичен инсулт
neurology_ischemic stroke_34_BGgpt	PROCEDURE	1274	1294	Доплерово изследване
neurology_ischemic stroke_34_BGgpt	PROCEDURE	1394	1409	Ехокардиография
neurology_ischemic stroke_34_BGgpt	SYMPTOM	1552	1574	кръвна захар на гладно
neurology_ischemic stroke_34_BGgpt	DISEASE	1737	1751	захарен диабет
neurology_ischemic stroke_34_BGgpt	PROCEDURE	1756	1792	Ход на лечението и терапевтичен план
neurology_ischemic stroke_34_BGgpt	DISEASE	4922	4938	исхемичен инсулт
neurology_ischemic stroke_34_BGgpt	DISEASE	4942	4950	Анамнеза
neurology_ischemic stroke_34_BGgpt	DISEASE	5007	5015	анамнеза
neurology_ischemic stroke_34_BGgpt	DISEASE	5019	5029	хипертония
neurology_ischemic stroke_34_BGgpt	DISEASE	5032	5052	захарен диабет тип 2
neurology_ischemic stroke_34_BGgpt	SYMPTOM	5159	5169	неясна реч
neurology_ischemic stroke_34_BGgpt	SYMPTOM	5245	5253	анамнеза
neurology_ischemic stroke_34_BGgpt	DISEASE	5293	5296	ПИА
neurology_ischemic stroke_34_BGgpt	MEDICATION	5346	5371	ацетилсалицилова киселина
neurology_ischemic stroke_34_BGgpt	MEDICATION	5373	5380	аспирин
neurology_ischemic stroke_34_BGgpt	PROCEDURE	5536	5558	Неврологичният преглед
neurology_ischemic stroke_34_BGgpt	PROCEDURE	5679	5690	КТ на мозък
neurology_ischemic stroke_34_BGgpt	PROCEDURE	5841	5853	МРТ на мозък
neurology_ischemic stroke_34_BGgpt	DISEASE	5926	5942	исхемичен инсулт
neurology_ischemic stroke_34_BGgpt	PROCEDURE	5974	5994	Доплерово изследване
neurology_ischemic stroke_34_BGgpt	PROCEDURE	6094	6109	Ехокардиография
neurology_ischemic stroke_34_BGgpt	SYMPTOM	6252	6274	кръвна захар на гладно
neurology_ischemic stroke_34_BGgpt	DISEASE	6437	6451	захарен диабет
neurology_ischemic stroke_34_BGgpt	PROCEDURE	6456	6492	Ход на лечението и терапевтичен план
neurology_ischemic stroke_35_BGgpt	SYMPTOM	338	358	правостранна слабост
neurology_ischemic stroke_35_BGgpt	SYMPTOM	361	375	затруднена реч
neurology_ischemic stroke_35_BGgpt	DISEASE	511	532	артериална хипертония
neurology_ischemic stroke_35_BGgpt	DISEASE	535	555	захарен диабет тип 2
neurology_ischemic stroke_35_BGgpt	DISEASE	574	597	правостранна хемипареза
neurology_ischemic stroke_35_BGgpt	PROCEDURE	1043	1057	NIHSS резултат
neurology_ischemic stroke_35_BGgpt	DISEASE	1104	1127	правостранна хемипареза
neurology_ischemic stroke_35_BGgpt	DISEASE	1129	1144	глобална афазия
neurology_ischemic stroke_35_BGgpt	SYMPTOM	1180	1192	facial droop
neurology_ischemic stroke_35_BGgpt	SYMPTOM	1228	1253	Ритмична сърдечна дейност
neurology_ischemic stroke_35_BGgpt	PROCEDURE	1468	1489	компютърна томография
neurology_ischemic stroke_35_BGgpt	PROCEDURE	1491	1493	КТ
neurology_ischemic stroke_35_BGgpt	PROCEDURE	1719	1737	Електрокардиограма
neurology_ischemic stroke_35_BGgpt	SYMPTOM	1752	1765	синусов ритъм
neurology_ischemic stroke_35_BGgpt	SYMPTOM	5049	5069	правостранна слабост
neurology_ischemic stroke_35_BGgpt	SYMPTOM	5072	5086	затруднена реч
neurology_ischemic stroke_35_BGgpt	DISEASE	5222	5243	артериална хипертония
neurology_ischemic stroke_35_BGgpt	DISEASE	5246	5266	захарен диабет тип 2
neurology_ischemic stroke_35_BGgpt	DISEASE	5285	5308	правостранна хемипареза
neurology_ischemic stroke_35_BGgpt	PROCEDURE	5754	5768	NIHSS резултат
neurology_ischemic stroke_35_BGgpt	DISEASE	5815	5838	правостранна хемипареза
neurology_ischemic stroke_35_BGgpt	DISEASE	5840	5855	глобална афазия
neurology_ischemic stroke_35_BGgpt	SYMPTOM	5891	5903	facial droop
neurology_ischemic stroke_35_BGgpt	SYMPTOM	5939	5964	Ритмична сърдечна дейност
neurology_ischemic stroke_35_BGgpt	PROCEDURE	6179	6200	компютърна томография
neurology_ischemic stroke_35_BGgpt	PROCEDURE	6202	6204	КТ
neurology_ischemic stroke_35_BGgpt	PROCEDURE	6430	6448	Електрокардиограма
neurology_ischemic stroke_35_BGgpt	SYMPTOM	6463	6476	синусов ритъм
neurology_ischemic stroke_36_BGgpt	DISEASE	247	269	Остър исхемичен инсулт
neurology_ischemic stroke_36_BGgpt	DISEASE	356	364	анамнеза
neurology_ischemic stroke_36_BGgpt	DISEASE	368	389	артериална хипертония
neurology_ischemic stroke_36_BGgpt	DISEASE	392	412	захарен диабет тип 2
neurology_ischemic stroke_36_BGgpt	SYMPTOM	492	512	правостранна слабост
neurology_ischemic stroke_36_BGgpt	SYMPTOM	515	529	затруднена реч
neurology_ischemic stroke_36_BGgpt	DISEASE	632	646	кръвната захар
neurology_ischemic stroke_36_BGgpt	PROCEDURE	660	674	Експресен тест
neurology_ischemic stroke_36_BGgpt	DISEASE	678	690	кръвна захар
neurology_ischemic stroke_36_BGgpt	DISEASE	700	713	хипергликемия
neurology_ischemic stroke_36_BGgpt	PROCEDURE	1237	1258	тромболитична терапия
neurology_ischemic stroke_36_BGgpt	MEDICATION	1421	1479	интравенозно рекомбинантен тъканен плазминогенен активатор
neurology_ischemic stroke_36_BGgpt	MEDICATION	1481	1486	rt-PA
neurology_ischemic stroke_36_BGgpt	MEDICATION	1634	1639	rt-PA
neurology_ischemic stroke_36_BGgpt	MEDICATION	1878	1909	i.v. антихипертензивни средства
neurology_ischemic stroke_36_BGgpt	DISEASE	5046	5068	Остър исхемичен инсулт
neurology_ischemic stroke_36_BGgpt	DISEASE	5155	5163	анамнеза
neurology_ischemic stroke_36_BGgpt	DISEASE	5167	5188	артериална хипертония
neurology_ischemic stroke_36_BGgpt	DISEASE	5191	5211	захарен диабет тип 2
neurology_ischemic stroke_36_BGgpt	SYMPTOM	5291	5311	правостранна слабост
neurology_ischemic stroke_36_BGgpt	SYMPTOM	5314	5328	затруднена реч
neurology_ischemic stroke_36_BGgpt	DISEASE	5431	5445	кръвната захар
neurology_ischemic stroke_36_BGgpt	PROCEDURE	5459	5473	Експресен тест
neurology_ischemic stroke_36_BGgpt	DISEASE	5477	5489	кръвна захар
neurology_ischemic stroke_36_BGgpt	DISEASE	5499	5512	хипергликемия
neurology_ischemic stroke_36_BGgpt	PROCEDURE	6036	6057	тромболитична терапия
neurology_ischemic stroke_36_BGgpt	MEDICATION	6220	6278	интравенозно рекомбинантен тъканен плазминогенен активатор
neurology_ischemic stroke_36_BGgpt	MEDICATION	6280	6285	rt-PA
neurology_ischemic stroke_36_BGgpt	MEDICATION	6433	6438	rt-PA
neurology_ischemic stroke_36_BGgpt	MEDICATION	6677	6708	i.v. антихипертензивни средства
neurology_ischemic stroke_37_BGgpt	DISEASE	288	296	анамнеза
neurology_ischemic stroke_37_BGgpt	DISEASE	300	321	артериална хипертония
neurology_ischemic stroke_37_BGgpt	DISEASE	324	344	захарен диабет тип 2
neurology_ischemic stroke_37_BGgpt	SYMPTOM	413	433	десностранна слабост
neurology_ischemic stroke_37_BGgpt	SYMPTOM	436	460	артикулационни нарушения
neurology_ischemic stroke_37_BGgpt	PROCEDURE	937	965	спешна компютърна томография
neurology_ischemic stroke_37_BGgpt	DISEASE	1059	1075	исхемичен инсулт
neurology_ischemic stroke_37_BGgpt	PROCEDURE	1077	1129	Дифузионно-претеглена магнитно-резонансна томография
neurology_ischemic stroke_37_BGgpt	PROCEDURE	1331	1349	кардиомониториране
neurology_ischemic stroke_37_BGgpt	PROCEDURE	1432	1447	ехокардиография
neurology_ischemic stroke_37_BGgpt	PROCEDURE	1846	1861	Острото лечение
neurology_ischemic stroke_37_BGgpt	MEDICATION	1876	1915	интравенозни антихипертензивни средства
neurology_ischemic stroke_38_BGgpt	DISEASE	334	356	Остър исхемичен инсулт
neurology_ischemic stroke_38_BGgpt	DISEASE	450	471	артериална хипертония
neurology_ischemic stroke_38_BGgpt	DISEASE	474	494	захарен диабет тип 2
neurology_ischemic stroke_38_BGgpt	SYMPTOM	560	576	внезапна слабост
neurology_ischemic stroke_38_BGgpt	SYMPTOM	608	623	говорен дефицит
neurology_ischemic stroke_38_BGgpt	PROCEDURE	991	1013	Неврологичният преглед
neurology_ischemic stroke_38_BGgpt	PROCEDURE	1293	1310	Невроизобразяване
neurology_ischemic stroke_38_BGgpt	PROCEDURE	1336	1357	компютърна томография
neurology_ischemic stroke_38_BGgpt	PROCEDURE	1449	1481	магнитно-резонансно изобразяване
neurology_ischemic stroke_38_BGgpt	PROCEDURE	1595	1615	Кардиологична оценка
neurology_ischemic stroke_39_BGgpt	DISEASE	313	321	анамнеза
neurology_ischemic stroke_39_BGgpt	DISEASE	325	335	хипертония
neurology_ischemic stroke_39_BGgpt	DISEASE	338	358	захарен диабет тип 2
neurology_ischemic stroke_39_BGgpt	SYMPTOM	450	456	афазия
neurology_ischemic stroke_39_BGgpt	SYMPTOM	458	468	Симптомите
neurology_ischemic stroke_39_BGgpt	OBSERVATION	545	561	Клинични находки
neurology_ischemic stroke_39_BGgpt	OBSERVATION	644	658	кръвната захар
neurology_ischemic stroke_39_BGgpt	PROCEDURE	670	690	Неговлогичен преглед
neurology_ischemic stroke_39_BGgpt	PROCEDURE	804	825	компютърна томография
neurology_ischemic stroke_39_BGgpt	PROCEDURE	827	829	КТ
neurology_ischemic stroke_39_BGgpt	DISEASE	926	933	исхемия
neurology_ischemic stroke_39_BGgpt	DISEASE	1065	1072	исхемия
neurology_ischemic stroke_39_BGgpt	PROCEDURE	1442	1460	кръвни изследвания
neurology_ischemic stroke_39_BGgpt	PROCEDURE	1502	1519	биохимичен профил
neurology_ischemic stroke_39_BGgpt	DISEASE	1690	1704	хиперлипидемия
neurology_ischemic stroke_39_BGgpt	DISEASE	1739	1763	Исхемичен мозъчен инсулт
neurology_ischemic stroke_39_BGgpt	PROCEDURE	1815	1859	Лечебно-диагностичен план и ход на лечението
neurology_ischemic stroke_39_BGgpt	MEDICATION	1899	1915	интравенозно tPA
neurology_ischemic stroke_39_BGgpt	MEDICATION	1964	1972	IV болус
neurology_ischemic stroke_3_BGgpt	DISEASE	186	202	Исхемичен инсулт
neurology_ischemic stroke_3_BGgpt	DISEASE	225	241	Исхемичен инсулт
neurology_ischemic stroke_3_BGgpt	SYMPTOM	412	420	симптоми
neurology_ischemic stroke_3_BGgpt	SYMPTOM	424	440	внезапна слабост
neurology_ischemic stroke_3_BGgpt	SYMPTOM	471	483	неясен говор
neurology_ischemic stroke_3_BGgpt	DISEASE	564	574	хипертония
neurology_ischemic stroke_3_BGgpt	DISEASE	576	596	захарен диабет тип 2
neurology_ischemic stroke_3_BGgpt	DISEASE	599	613	хиперлипидемия
neurology_ischemic stroke_3_BGgpt	PROCEDURE	766	790	спешно невроизобразяване
neurology_ischemic stroke_3_BGgpt	MEDICATION	1267	1325	интравенозен рекомбинантен тъканен плазминогенен активатор
neurology_ischemic stroke_3_BGgpt	MEDICATION	1327	1331	rtPA
neurology_ischemic stroke_3_BGgpt	MEDICATION	1521	1560	интравенозни антихипертензивни средства
neurology_ischemic stroke_3_BGgpt	MEDICATION	1647	1651	rtPA
neurology_ischemic stroke_3_BGgpt	PROCEDURE	1666	1701	Допълнителната кардиологична оценка
neurology_ischemic stroke_3_BGgpt	PROCEDURE	1710	1713	ЕКГ
neurology_ischemic stroke_3_BGgpt	PROCEDURE	1744	1780	телеметрия за непрекъснат мониторинг
neurology_ischemic stroke_3_BGgpt	PROCEDURE	1821	1836	ехокардиография
neurology_ischemic stroke_3_BGgpt	PROCEDURE	2023	2050	Острото лечение на пациента
neurology_ischemic stroke_3_BGgpt	MEDICATION	2074	2088	аспирин 325 mg
neurology_ischemic stroke_40_BGgpt	DISEASE	296	312	Исхемичен инсулт
neurology_ischemic stroke_40_BGgpt	SYMPTOM	428	436	симптоми
neurology_ischemic stroke_40_BGgpt	SYMPTOM	440	456	внезапна слабост
neurology_ischemic stroke_40_BGgpt	SYMPTOM	487	501	затруднена реч
neurology_ischemic stroke_40_BGgpt	SYMPTOM	588	602	кръвната захар
neurology_ischemic stroke_40_BGgpt	PROCEDURE	637	666	Незабавна неврологична оценка
neurology_ischemic stroke_40_BGgpt	OBSERVATION	734	745	резултат 12
neurology_ischemic stroke_40_BGgpt	DISEASE	762	782	умерено тежък инсулт
neurology_ischemic stroke_40_BGgpt	PROCEDURE	806	827	компютърна томография
neurology_ischemic stroke_40_BGgpt	PROCEDURE	1026	1056	магнитно-резонансна томография
neurology_ischemic stroke_40_BGgpt	MEDICATION	1345	1390	рекомбинантен тъканен плазминогенен активатор
neurology_ischemic stroke_40_BGgpt	MEDICATION	1392	1397	rt-PA
neurology_ischemic stroke_40_BGgpt	PROCEDURE	1599	1619	кардиологична оценка
neurology_ischemic stroke_40_BGgpt	PROCEDURE	1625	1628	ЕКГ
neurology_ischemic stroke_40_BGgpt	PROCEDURE	1630	1640	телеметрия
neurology_ischemic stroke_40_BGgpt	PROCEDURE	1642	1658	серумен тропонин
neurology_ischemic stroke_40_BGgpt	PROCEDURE	1693	1708	ехокардиография
neurology_ischemic stroke_40_BGgpt	PROCEDURE	1770	1795	съдово образно изследване
neurology_ischemic stroke_40_BGgpt	PROCEDURE	1798	1829	магнитно-резонансна ангиография
neurology_ischemic stroke_40_BGgpt	PROCEDURE	1935	1938	ПКК
neurology_ischemic stroke_40_BGgpt	SYMPTOM	1987	1999	кръвна захар
neurology_ischemic stroke_41_BGgpt	DISEASE	236	252	Исхемичен инсулт
neurology_ischemic stroke_41_BGgpt	SYMPTOM	390	416	внезапно настъпила слабост
neurology_ischemic stroke_41_BGgpt	SYMPTOM	448	467	затруднено говорене
neurology_ischemic stroke_41_BGgpt	PROCEDURE	539	544	NIHSS
neurology_ischemic stroke_41_BGgpt	DISEASE	579	585	инсулт
neurology_ischemic stroke_41_BGgpt	PROCEDURE	633	645	кръвна захар
neurology_ischemic stroke_41_BGgpt	PROCEDURE	739	752	СТ изследване
neurology_ischemic stroke_41_BGgpt	PROCEDURE	911	914	ЯМР
neurology_ischemic stroke_41_BGgpt	MEDICATION	1131	1184	венозен рекомбинантен тъканен плазминогенен активатор
neurology_ischemic stroke_41_BGgpt	MEDICATION	1186	1191	rt-PA
neurology_ischemic stroke_41_BGgpt	PROCEDURE	1299	1316	бърза IV инжекция
neurology_ischemic stroke_41_BGgpt	MEDICATION	1389	1394	rt-PA
neurology_ischemic stroke_41_BGgpt	PROCEDURE	1542	1545	ЕКГ
neurology_ischemic stroke_41_BGgpt	PROCEDURE	1682	1711	Ехокардиографското изследване
neurology_ischemic stroke_41_BGgpt	PROCEDURE	1944	1947	ПКК
neurology_ischemic stroke_41_BGgpt	PROCEDURE	1949	1965	биохимичен панел
neurology_ischemic stroke_41_BGgpt	PROCEDURE	1967	1974	PT/aPTT
neurology_ischemic stroke_41_BGgpt	PROCEDURE	1976	1988	кръвна захар
neurology_ischemic stroke_41_BGgpt	PROCEDURE	2000	2005	HbA1C
neurology_ischemic stroke_41_BGgpt	PROCEDURE	2008	2022	липиден профил
neurology_ischemic stroke_42_BGgpt	SYMPTOM	449	464	лява хемипареза
neurology_ischemic stroke_42_BGgpt	SYMPTOM	467	479	нарушена реч
neurology_ischemic stroke_42_BGgpt	SYMPTOM	555	576	артериална хипертония
neurology_ischemic stroke_42_BGgpt	DISEASE	579	599	захарен диабет тип 2
neurology_ischemic stroke_42_BGgpt	PROCEDURE	652	657	NIHSS
neurology_ischemic stroke_42_BGgpt	DISEASE	678	684	инсулт
neurology_ischemic stroke_42_BGgpt	PROCEDURE	856	858	КТ
neurology_ischemic stroke_42_BGgpt	PROCEDURE	1064	1067	ЯМР
neurology_ischemic stroke_42_BGgpt	DISEASE	1098	1114	исхемичен инсулт
neurology_ischemic stroke_42_BGgpt	PROCEDURE	1153	1155	КТ
neurology_ischemic stroke_42_BGgpt	PROCEDURE	1239	1242	ЯМР
neurology_ischemic stroke_42_BGgpt	DISEASE	1281	1287	инсулт
neurology_ischemic stroke_42_BGgpt	PROCEDURE	1342	1365	Кардиоваскуларна оценка
neurology_ischemic stroke_42_BGgpt	SYMPTOM	1395	1408	Синусов ритъм
neurology_ischemic stroke_42_BGgpt	SYMPTOM	1464	1480	Серумен тропонин
neurology_ischemic stroke_42_BGgpt	SYMPTOM	5146	5161	лява хемипареза
neurology_ischemic stroke_42_BGgpt	SYMPTOM	5164	5176	нарушена реч
neurology_ischemic stroke_42_BGgpt	SYMPTOM	5252	5273	артериална хипертония
neurology_ischemic stroke_42_BGgpt	DISEASE	5276	5296	захарен диабет тип 2
neurology_ischemic stroke_42_BGgpt	PROCEDURE	5349	5354	NIHSS
neurology_ischemic stroke_42_BGgpt	DISEASE	5375	5381	инсулт
neurology_ischemic stroke_42_BGgpt	PROCEDURE	5553	5555	КТ
neurology_ischemic stroke_42_BGgpt	PROCEDURE	5761	5764	ЯМР
neurology_ischemic stroke_42_BGgpt	DISEASE	5795	5811	исхемичен инсулт
neurology_ischemic stroke_42_BGgpt	PROCEDURE	5850	5852	КТ
neurology_ischemic stroke_42_BGgpt	PROCEDURE	5936	5939	ЯМР
neurology_ischemic stroke_42_BGgpt	DISEASE	5978	5984	инсулт
neurology_ischemic stroke_42_BGgpt	PROCEDURE	6039	6062	Кардиоваскуларна оценка
neurology_ischemic stroke_42_BGgpt	SYMPTOM	6092	6105	Синусов ритъм
neurology_ischemic stroke_42_BGgpt	SYMPTOM	6161	6177	Серумен тропонин
neurology_ischemic stroke_43_BGgpt	DISEASE	231	255	Исхемичен мозъчен инсулт
neurology_ischemic stroke_43_BGgpt	DISEASE	280	301	Артериална хипертония
neurology_ischemic stroke_43_BGgpt	DISEASE	303	323	Захарен диабет тип 2
neurology_ischemic stroke_43_BGgpt	PROCEDURE	364	373	лечението
neurology_ischemic stroke_43_BGgpt	DISEASE	428	449	артериална хипертония
neurology_ischemic stroke_43_BGgpt	DISEASE	452	472	захарен диабет тип 2
neurology_ischemic stroke_43_BGgpt	SYMPTOM	542	562	десностранна слабост
neurology_ischemic stroke_43_BGgpt	SYMPTOM	565	571	афазия
neurology_ischemic stroke_43_BGgpt	PROCEDURE	805	807	КТ
neurology_ischemic stroke_43_BGgpt	SYMPTOM	882	890	съмнение
neurology_ischemic stroke_43_BGgpt	DISEASE	894	918	исхемичен мозъчен инсулт
neurology_ischemic stroke_43_BGgpt	PROCEDURE	920	923	ЯМР
neurology_ischemic stroke_43_BGgpt	PROCEDURE	1027	1032	NIHSS
neurology_ischemic stroke_43_BGgpt	PROCEDURE	1110	1132	Кардиологичната оценка
neurology_ischemic stroke_43_BGgpt	PROCEDURE	1144	1147	ЕКГ
neurology_ischemic stroke_43_BGgpt	PROCEDURE	1150	1160	телеметрия
neurology_ischemic stroke_43_BGgpt	SYMPTOM	1169	1187	предсърдно мъждене
neurology_ischemic stroke_43_BGgpt	PROCEDURE	1305	1308	КТА
neurology_ischemic stroke_43_BGgpt	PROCEDURE	1369	1394	Лабораторните изследвания
neurology_ischemic stroke_43_BGgpt	PROCEDURE	1558	1565	Лечение
neurology_ischemic stroke_43_BGgpt	PROCEDURE	1579	1586	лечение
neurology_ischemic stroke_43_BGgpt	MEDICATION	1604	1641	венозни антихипертензивни медикаменти
neurology_ischemic stroke_43_BGgpt	MEDICATION	1842	1895	венозен рекомбинантен тъканен плазминогенен активатор
neurology_ischemic stroke_43_BGgpt	MEDICATION	1897	1902	rt-PA
neurology_ischemic stroke_44_BGgpt	SYMPTOM	459	467	Анамнеза
neurology_ischemic stroke_44_BGgpt	DISEASE	537	558	артериална хипертония
neurology_ischemic stroke_44_BGgpt	DISEASE	561	575	хиперлипидемия
neurology_ischemic stroke_44_BGgpt	SYMPTOM	595	605	хемипареза
neurology_ischemic stroke_44_BGgpt	SYMPTOM	615	621	афазия
neurology_ischemic stroke_44_BGgpt	PROCEDURE	970	982	NIHSS оценка
neurology_ischemic stroke_44_BGgpt	SYMPTOM	1034	1044	хемипареза
neurology_ischemic stroke_44_BGgpt	SYMPTOM	1094	1100	афазия
neurology_ischemic stroke_44_BGgpt	SYMPTOM	1135	1160	Ритмична сърдечна дейност
neurology_ischemic stroke_44_BGgpt	PROCEDURE	1313	1324	КТ на глава
neurology_ischemic stroke_44_BGgpt	DISEASE	1406	1422	исхемичен инсулт
neurology_ischemic stroke_44_BGgpt	PROCEDURE	1430	1442	ЯМР на мозък
neurology_ischemic stroke_44_BGgpt	DISEASE	1541	1557	исхемичен инсулт
neurology_ischemic stroke_45_BGgpt	SYMPTOM	279	286	слабост
neurology_ischemic stroke_45_BGgpt	SYMPTOM	318	332	затруднена реч
neurology_ischemic stroke_45_BGgpt	SYMPTOM	476	490	затруднена реч
neurology_ischemic stroke_45_BGgpt	SYMPTOM	493	522	слабост в дясната ръка и крак
neurology_ischemic stroke_45_BGgpt	DISEASE	599	609	Хипертония
neurology_ischemic stroke_45_BGgpt	DISEASE	611	631	Захарен диабет тип 2
neurology_ischemic stroke_45_BGgpt	DISEASE	633	647	Хиперлипидемия
neurology_ischemic stroke_45_BGgpt	SYMPTOM	826	855	слабост в дясната ръка и крак
neurology_ischemic stroke_45_BGgpt	SYMPTOM	886	900	затруднена реч
neurology_ischemic stroke_45_BGgpt	PROCEDURE	966	977	КТ на мозък
neurology_ischemic stroke_45_BGgpt	SYMPTOM	1023	1030	находки
neurology_ischemic stroke_45_BGgpt	DISEASE	1049	1079	остър исхемичен мозъчен инсулт
neurology_ischemic stroke_45_BGgpt	PROCEDURE	1123	1126	ЯМР
neurology_ischemic stroke_45_BGgpt	DISEASE	1190	1220	остър исхемичен мозъчен инсулт
neurology_ischemic stroke_45_BGgpt	PROCEDURE	1268	1271	ЕКГ
neurology_ischemic stroke_45_BGgpt	SYMPTOM	1304	1326	Нормален синусов ритъм
neurology_ischemic stroke_45_BGgpt	PROCEDURE	1353	1368	Ехокардиография
neurology_ischemic stroke_45_BGgpt	PROCEDURE	1493	1497	ЯМРА
neurology_ischemic stroke_45_BGgpt	PROCEDURE	1591	1594	ПКК
neurology_ischemic stroke_46_BGgpt	SYMPTOM	349	363	затруднена реч
neurology_ischemic stroke_46_BGgpt	SYMPTOM	368	376	Анамнеза
neurology_ischemic stroke_46_BGgpt	DISEASE	464	485	артериална хипертония
neurology_ischemic stroke_46_BGgpt	DISEASE	488	508	захарен диабет тип 2
neurology_ischemic stroke_46_BGgpt	DISEASE	622	628	афазия
neurology_ischemic stroke_46_BGgpt	DISEASE	907	913	афазия
neurology_ischemic stroke_46_BGgpt	PROCEDURE	1136	1142	скенер
neurology_ischemic stroke_46_BGgpt	MEDICATION	1144	1146	СТ
neurology_ischemic stroke_46_BGgpt	PROCEDURE	1249	1252	ЯМР
neurology_ischemic stroke_46_BGgpt	DISEASE	1317	1323	инсулт
neurology_ischemic stroke_46_BGgpt	PROCEDURE	1390	1393	ЕКГ
neurology_ischemic stroke_46_BGgpt	PROCEDURE	1726	1749	Лабораторни изследвания
neurology_ischemic stroke_46_BGgpt	PROCEDURE	1764	1767	ПКК
neurology_ischemic stroke_46_BGgpt	PROCEDURE	1788	1795	ПВ/АПТВ
neurology_ischemic stroke_46_BGgpt	DISEASE	1966	1980	захарен диабет
neurology_ischemic stroke_46_BGgpt	PROCEDURE	2020	2029	лечението
neurology_ischemic stroke_47_BGgpt	DISEASE	258	282	Исхемичен мозъчен инсулт
neurology_ischemic stroke_47_BGgpt	DISEASE	311	321	Хипертония
neurology_ischemic stroke_47_BGgpt	DISEASE	323	343	Захарен диабет тип 2
neurology_ischemic stroke_47_BGgpt	DISEASE	349	357	Анамнеза
neurology_ischemic stroke_47_BGgpt	DISEASE	407	415	анамнеза
neurology_ischemic stroke_47_BGgpt	DISEASE	419	429	хипертония
neurology_ischemic stroke_47_BGgpt	DISEASE	432	452	захарен диабет тип 2
neurology_ischemic stroke_47_BGgpt	SYMPTOM	522	529	слабост
neurology_ischemic stroke_47_BGgpt	SYMPTOM	560	575	затруднен говор
neurology_ischemic stroke_47_BGgpt	DISEASE	779	792	хипергликемия
neurology_ischemic stroke_47_BGgpt	DISEASE	1198	1214	исхемичен инсулт
neurology_ischemic stroke_47_BGgpt	DISEASE	1948	1964	исхемичен инсулт
neurology_ischemic stroke_47_BGgpt	DISEASE	4982	5006	Исхемичен мозъчен инсулт
neurology_ischemic stroke_47_BGgpt	DISEASE	5035	5045	Хипертония
neurology_ischemic stroke_47_BGgpt	DISEASE	5047	5067	Захарен диабет тип 2
neurology_ischemic stroke_47_BGgpt	DISEASE	5073	5081	Анамнеза
neurology_ischemic stroke_47_BGgpt	DISEASE	5131	5139	анамнеза
neurology_ischemic stroke_47_BGgpt	DISEASE	5143	5153	хипертония
neurology_ischemic stroke_47_BGgpt	DISEASE	5156	5176	захарен диабет тип 2
neurology_ischemic stroke_47_BGgpt	SYMPTOM	5246	5253	слабост
neurology_ischemic stroke_47_BGgpt	SYMPTOM	5284	5299	затруднен говор
neurology_ischemic stroke_47_BGgpt	DISEASE	5503	5516	хипергликемия
neurology_ischemic stroke_47_BGgpt	DISEASE	5922	5938	исхемичен инсулт
neurology_ischemic stroke_47_BGgpt	DISEASE	6672	6688	исхемичен инсулт
neurology_ischemic stroke_48_BGgpt	SYMPTOM	437	463	внезапно начало на слабост
neurology_ischemic stroke_48_BGgpt	SYMPTOM	494	506	неясен говор
neurology_ischemic stroke_48_BGgpt	SYMPTOM	681	691	симптомите
neurology_ischemic stroke_48_BGgpt	PROCEDURE	753	773	неврологичен преглед
neurology_ischemic stroke_48_BGgpt	DISEASE	874	890	исхемичен инсулт
neurology_ischemic stroke_48_BGgpt	PROCEDURE	916	929	КТ на главата
neurology_ischemic stroke_48_BGgpt	SYMPTOM	959	980	липсата на кръвоизлив
neurology_ischemic stroke_48_BGgpt	PROCEDURE	1093	1096	ЯМР
neurology_ischemic stroke_48_BGgpt	PROCEDURE	1243	1246	ЕКГ
neurology_ischemic stroke_48_BGgpt	PROCEDURE	1248	1258	телеметрия
neurology_ischemic stroke_48_BGgpt	PROCEDURE	1286	1301	ехокардиография
neurology_ischemic stroke_48_BGgpt	PROCEDURE	1303	1306	МРА
neurology_ischemic stroke_48_BGgpt	PROCEDURE	1309	1312	КТА
neurology_ischemic stroke_48_BGgpt	DISEASE	1432	1447	кардиоемболизъм
neurology_ischemic stroke_48_BGgpt	PROCEDURE	1483	1486	ПКК
neurology_ischemic stroke_48_BGgpt	PROCEDURE	1507	1514	ПТ/аПТВ
neurology_ischemic stroke_48_BGgpt	DISEASE	1619	1631	диабет тип 2
neurology_ischemic stroke_48_BGgpt	DISEASE	1634	1644	хипертония
neurology_ischemic stroke_48_BGgpt	MEDICATION	1714	1767	венозно рекомбинантен тъканен плазминогенен активатор
neurology_ischemic stroke_48_BGgpt	MEDICATION	1769	1772	tPA
neurology_ischemic stroke_48_BGgpt	SYMPTOM	5225	5251	внезапно начало на слабост
neurology_ischemic stroke_48_BGgpt	SYMPTOM	5282	5294	неясен говор
neurology_ischemic stroke_48_BGgpt	SYMPTOM	5469	5479	симптомите
neurology_ischemic stroke_48_BGgpt	PROCEDURE	5541	5561	неврологичен преглед
neurology_ischemic stroke_48_BGgpt	DISEASE	5662	5678	исхемичен инсулт
neurology_ischemic stroke_48_BGgpt	PROCEDURE	5704	5717	КТ на главата
neurology_ischemic stroke_48_BGgpt	SYMPTOM	5747	5768	липсата на кръвоизлив
neurology_ischemic stroke_48_BGgpt	PROCEDURE	5881	5884	ЯМР
neurology_ischemic stroke_48_BGgpt	PROCEDURE	6031	6034	ЕКГ
neurology_ischemic stroke_48_BGgpt	PROCEDURE	6036	6046	телеметрия
neurology_ischemic stroke_48_BGgpt	PROCEDURE	6074	6089	ехокардиография
neurology_ischemic stroke_48_BGgpt	PROCEDURE	6091	6094	МРА
neurology_ischemic stroke_48_BGgpt	PROCEDURE	6097	6100	КТА
neurology_ischemic stroke_48_BGgpt	DISEASE	6220	6235	кардиоемболизъм
neurology_ischemic stroke_48_BGgpt	PROCEDURE	6271	6274	ПКК
neurology_ischemic stroke_48_BGgpt	PROCEDURE	6295	6302	ПТ/аПТВ
neurology_ischemic stroke_48_BGgpt	DISEASE	6407	6419	диабет тип 2
neurology_ischemic stroke_48_BGgpt	DISEASE	6422	6432	хипертония
neurology_ischemic stroke_48_BGgpt	MEDICATION	6502	6555	венозно рекомбинантен тъканен плазминогенен активатор
neurology_ischemic stroke_48_BGgpt	MEDICATION	6557	6560	tPA
neurology_ischemic stroke_49_BGgpt	SYMPTOM	306	326	затруднение в говора
neurology_ischemic stroke_49_BGgpt	DISEASE	403	413	Хипертония
neurology_ischemic stroke_49_BGgpt	DISEASE	418	438	Захарен диабет тип 2
neurology_ischemic stroke_49_BGgpt	DISEASE	443	467	Преходна исхемична атака
neurology_ischemic stroke_49_BGgpt	DISEASE	469	472	ПИА
neurology_ischemic stroke_49_BGgpt	MEDICATION	520	530	Лизиноприл
neurology_ischemic stroke_49_BGgpt	MEDICATION	548	557	Метформин
neurology_ischemic stroke_49_BGgpt	PROCEDURE	1055	1064	КТ скенер
neurology_ischemic stroke_49_BGgpt	SYMPTOM	1118	1132	ранни признаци
neurology_ischemic stroke_49_BGgpt	DISEASE	1148	1155	исхемия
neurology_ischemic stroke_49_BGgpt	DISEASE	1263	1266	ДВИ
neurology_ischemic stroke_49_BGgpt	DISEASE	1283	1290	исхемия
neurology_ischemic stroke_49_BGgpt	PROCEDURE	1364	1385	тромболитична терапия
neurology_ischemic stroke_49_BGgpt	MEDICATION	1445	1450	rt-PA
neurology_ischemic stroke_49_BGgpt	MEDICATION	1528	1530	IV
neurology_ischemic stroke_49_BGgpt	MEDICATION	1587	1629	Интравенозни антихипертензивни медикаменти
neurology_ischemic stroke_49_BGgpt	MEDICATION	1766	1780	Аспирин 325 mg
neurology_ischemic stroke_4_BGgpt	DISEASE	314	330	Исхемичен инсулт
neurology_ischemic stroke_4_BGgpt	SYMPTOM	439	447	симптоми
neurology_ischemic stroke_4_BGgpt	SYMPTOM	451	467	внезапна слабост
neurology_ischemic stroke_4_BGgpt	SYMPTOM	499	518	затруднено говорене
neurology_ischemic stroke_4_BGgpt	PROCEDURE	638	661	спешна медицинска помощ
neurology_ischemic stroke_4_BGgpt	OBSERVATION	833	847	кръвната захар
neurology_ischemic stroke_4_BGgpt	DISEASE	997	1015	експресивна афазия
neurology_ischemic stroke_4_BGgpt	PROCEDURE	1053	1064	КТ на мозък
neurology_ischemic stroke_4_BGgpt	PROCEDURE	1242	1254	ЯМР на мозък
neurology_ischemic stroke_5_BGgpt	SYMPTOM	286	311	внезапна поява на слабост
neurology_ischemic stroke_5_BGgpt	SYMPTOM	343	357	затруднена реч
neurology_ischemic stroke_5_BGgpt	PROCEDURE	876	897	Компютърна томография
neurology_ischemic stroke_5_BGgpt	PROCEDURE	1055	1125	Ядрено-магнитен резонанс на мозък с дифузионно-претеглена визуализация
neurology_ischemic stroke_5_BGgpt	DISEASE	1174	1190	исхемичен инсулт
neurology_ischemic stroke_5_BGgpt	PROCEDURE	1217	1237	Кардиологична оценка
neurology_ischemic stroke_5_BGgpt	PROCEDURE	1241	1244	ЕКГ
neurology_ischemic stroke_5_BGgpt	PROCEDURE	1615	1638	Лабораторни изследвания
neurology_ischemic stroke_5_BGgpt	DISEASE	1828	1844	исхемичен инсулт
neurology_ischemic stroke_6_BGgpt	SYMPTOM	302	309	слабост
neurology_ischemic stroke_6_BGgpt	SYMPTOM	341	355	затруднена реч
neurology_ischemic stroke_6_BGgpt	SYMPTOM	482	496	кръвната захар
neurology_ischemic stroke_6_BGgpt	PROCEDURE	703	720	спешно изследване
neurology_ischemic stroke_6_BGgpt	PROCEDURE	723	744	компютърна томография
neurology_ischemic stroke_6_BGgpt	PROCEDURE	746	748	КТ
neurology_ischemic stroke_6_BGgpt	DISEASE	835	842	исхемия
neurology_ischemic stroke_6_BGgpt	PROCEDURE	930	932	КТ
neurology_ischemic stroke_6_BGgpt	PROCEDURE	945	975	магнитно-резонансна томография
neurology_ischemic stroke_6_BGgpt	PROCEDURE	984	1005	дифузионно претегляне
neurology_ischemic stroke_6_BGgpt	DISEASE	1044	1060	исхемичен инсулт
neurology_ischemic stroke_6_BGgpt	PROCEDURE	1090	1112	Кардиологичната оценка
neurology_ischemic stroke_6_BGgpt	PROCEDURE	1121	1124	ЕКГ
neurology_ischemic stroke_6_BGgpt	PROCEDURE	1152	1162	телеметрия
neurology_ischemic stroke_6_BGgpt	PROCEDURE	1362	1365	КТА
neurology_ischemic stroke_6_BGgpt	PROCEDURE	1383	1406	дуплекс ултрасонография
neurology_ischemic stroke_6_BGgpt	PROCEDURE	1530	1533	ПКК
neurology_ischemic stroke_6_BGgpt	PROCEDURE	1691	1710	Незабавното лечение
neurology_ischemic stroke_6_BGgpt	MEDICATION	1748	1774	антихипертензивни средства
neurology_ischemic stroke_6_BGgpt	PROCEDURE	1899	1920	тромболитична терапия
neurology_ischemic stroke_6_BGgpt	MEDICATION	1936	1981	рекомбинантен тъканен плазминогенен активатор
neurology_ischemic stroke_6_BGgpt	MEDICATION	1983	1988	rt-PA
neurology_ischemic stroke_7_BGgpt	SYMPTOM	413	420	слабост
neurology_ischemic stroke_7_BGgpt	SYMPTOM	451	465	затруднена реч
neurology_ischemic stroke_7_BGgpt	DISEASE	533	554	Артериална хипертония
neurology_ischemic stroke_7_BGgpt	DISEASE	559	579	Захарен диабет тип 2
neurology_ischemic stroke_7_BGgpt	DISEASE	584	621	Прекарана транзиторна исхемична атака
neurology_ischemic stroke_7_BGgpt	DISEASE	623	626	ТИА
neurology_ischemic stroke_7_BGgpt	SYMPTOM	885	913	слабост в лявата ръка и крак
neurology_ischemic stroke_7_BGgpt	SYMPTOM	923	933	неясна реч
neurology_ischemic stroke_7_BGgpt	PROCEDURE	1081	1098	Невроизобразяване
neurology_ischemic stroke_7_BGgpt	PROCEDURE	1124	1145	компютърна томография
neurology_ischemic stroke_7_BGgpt	PROCEDURE	1147	1149	КТ
neurology_ischemic stroke_7_BGgpt	PROCEDURE	1683	1685	КТ
neurology_ischemic stroke_8_BGgpt	DISEASE	289	311	Остър исхемичен инсулт
neurology_ischemic stroke_8_BGgpt	SYMPTOM	473	493	затруднение в говора
neurology_ischemic stroke_8_BGgpt	PROCEDURE	556	577	Първоначалната оценка
neurology_ischemic stroke_8_BGgpt	PROCEDURE	631	636	NIHSS
neurology_ischemic stroke_8_BGgpt	SYMPTOM	680	694	умерена тежест
neurology_ischemic stroke_8_BGgpt	OBSERVATION	725	748	кръвна захар до леглото
neurology_ischemic stroke_8_BGgpt	PROCEDURE	795	824	спешно КТ изследване на глава
neurology_ischemic stroke_8_BGgpt	PROCEDURE	908	929	тромболитична терапия
neurology_ischemic stroke_8_BGgpt	PROCEDURE	931	956	Дифузионно-претеглена ЯМР
neurology_ischemic stroke_8_BGgpt	DISEASE	982	1004	остър исхемичен инсулт
neurology_ischemic stroke_8_BGgpt	PROCEDURE	1145	1148	ЕКГ
neurology_ischemic stroke_8_BGgpt	PROCEDURE	1521	1536	Острата терапия
neurology_ischemic stroke_8_BGgpt	MEDICATION	1551	1609	интравенозен рекомбинантен тъканен плазминогенен активатор
neurology_ischemic stroke_8_BGgpt	MEDICATION	1611	1615	rtPA
neurology_ischemic stroke_8_BGgpt	MEDICATION	1956	1960	rtPA
neurology_ischemic stroke_8_BGgpt	PROCEDURE	1967	1990	тромболитичната терапия
neurology_ischemic stroke_8_BGgpt	PROCEDURE	2044	2063	резултатът по NIHSS
neurology_ischemic stroke_9_BGgpt	SYMPTOM	408	415	слабост
neurology_ischemic stroke_9_BGgpt	SYMPTOM	446	461	затруднен говор
neurology_ischemic stroke_9_BGgpt	SYMPTOM	659	666	слабост
neurology_ischemic stroke_9_BGgpt	SYMPTOM	697	709	неясен говор
neurology_ischemic stroke_9_BGgpt	DISEASE	883	893	Хипертония
neurology_ischemic stroke_9_BGgpt	PROCEDURE	910	933	лизиноприл 20 mg дневно
neurology_ischemic stroke_9_BGgpt	DISEASE	938	958	Захарен диабет тип 2
neurology_ischemic stroke_9_BGgpt	PROCEDURE	970	1003	метформин 1000 mg два пъти дневно
neurology_ischemic stroke_9_BGgpt	DISEASE	1008	1022	Хиперлипидемия
neurology_ischemic stroke_9_BGgpt	MEDICATION	1035	1047	аторвастатин
neurology_ischemic stroke_9_BGgpt	PROCEDURE	1091	1114	Лизиноприл 20 mg дневно
neurology_ischemic stroke_9_BGgpt	PROCEDURE	1119	1152	Метформин 1000 mg два пъти дневно
neurology_ischemic stroke_9_BGgpt	MEDICATION	1157	1169	Аторвастатин
neurology_ischemic stroke_9_BGgpt	PROCEDURE	1374	1379	NIHSS
neurology_ischemic stroke_9_BGgpt	DISEASE	1429	1436	инсулта
neurology_ischemic stroke_9_BGgpt	SYMPTOM	1480	1508	слабост в лявата ръка и крак
neurology_ischemic stroke_9_BGgpt	SYMPTOM	1518	1530	неясен говор
neurology_ischemic stroke_9_BGgpt	SYMPTOM	1565	1587	Редовен сърдечен ритъм
neurology_ischemic stroke_9_BGgpt	SYMPTOM	1589	1599	без шумове
neurology_ischemic stroke_9_BGgpt	SYMPTOM	5098	5105	слабост
neurology_ischemic stroke_9_BGgpt	SYMPTOM	5136	5151	затруднен говор
neurology_ischemic stroke_9_BGgpt	SYMPTOM	5349	5356	слабост
neurology_ischemic stroke_9_BGgpt	SYMPTOM	5387	5399	неясен говор
neurology_ischemic stroke_9_BGgpt	DISEASE	5573	5583	Хипертония
neurology_ischemic stroke_9_BGgpt	PROCEDURE	5600	5623	лизиноприл 20 mg дневно
neurology_ischemic stroke_9_BGgpt	DISEASE	5628	5648	Захарен диабет тип 2
neurology_ischemic stroke_9_BGgpt	PROCEDURE	5660	5693	метформин 1000 mg два пъти дневно
neurology_ischemic stroke_9_BGgpt	DISEASE	5698	5712	Хиперлипидемия
neurology_ischemic stroke_9_BGgpt	MEDICATION	5725	5737	аторвастатин
neurology_ischemic stroke_9_BGgpt	PROCEDURE	5781	5804	Лизиноприл 20 mg дневно
neurology_ischemic stroke_9_BGgpt	PROCEDURE	5809	5842	Метформин 1000 mg два пъти дневно
neurology_ischemic stroke_9_BGgpt	MEDICATION	5847	5859	Аторвастатин
neurology_ischemic stroke_9_BGgpt	PROCEDURE	6064	6069	NIHSS
neurology_ischemic stroke_9_BGgpt	DISEASE	6119	6126	инсулта
neurology_ischemic stroke_9_BGgpt	SYMPTOM	6170	6198	слабост в лявата ръка и крак
neurology_ischemic stroke_9_BGgpt	SYMPTOM	6208	6220	неясен говор
neurology_ischemic stroke_9_BGgpt	SYMPTOM	6255	6277	Редовен сърдечен ритъм
neurology_ischemic stroke_9_BGgpt	SYMPTOM	6279	6289	без шумове
traumatology_ankle fractures_0_BGgpt	DISEASE	476	498	високоенергийна травма
traumatology_ankle fractures_0_BGgpt	SYMPTOM	575	586	силна болка
traumatology_ankle fractures_0_BGgpt	SYMPTOM	635	657	изразен оток и хематом
traumatology_ankle fractures_0_BGgpt	OBSERVATION	724	740	Незабавна оценка
traumatology_ankle fractures_0_BGgpt	PROCEDURE	794	826	допълнителна образна диагностика
traumatology_ankle fractures_0_BGgpt	PROCEDURE	987	1001	рентгенографии
traumatology_ankle fractures_0_BGgpt	PROCEDURE	1469	1495	рентгенография на коляното
traumatology_ankle fractures_0_BGgpt	PROCEDURE	1583	1590	Лечение
traumatology_ankle fractures_0_BGgpt	MEDICATION	1644	1660	Ибупрофен 400 мг
traumatology_ankle fractures_0_BGgpt	PROCEDURE	1857	1894	открита репозиция и вътрешна фиксация
traumatology_ankle fractures_0_BGgpt	PROCEDURE	1896	1900	ОРИФ
traumatology_ankle fractures_10_BGgpt	DISEASE	254	262	Диагноза
traumatology_ankle fractures_10_BGgpt	DISEASE	266	285	Двустранни фрактури
traumatology_ankle fractures_10_BGgpt	DISEASE	308	320	нестабилност
traumatology_ankle fractures_10_BGgpt	DISEASE	369	391	двумалеоларна фрактура
traumatology_ankle fractures_10_BGgpt	SYMPTOM	597	608	силна болка
traumatology_ankle fractures_10_BGgpt	SYMPTOM	611	623	невъзможност
traumatology_ankle fractures_10_BGgpt	SYMPTOM	681	685	оток
traumatology_ankle fractures_10_BGgpt	SYMPTOM	687	701	кръвонасядания
traumatology_ankle fractures_10_BGgpt	SYMPTOM	704	715	болезненост
traumatology_ankle fractures_10_BGgpt	PROCEDURE	978	1004	рентгенологично изследване
traumatology_ankle fractures_10_BGgpt	PROCEDURE	1009	1029	Диагностични находки
traumatology_ankle fractures_10_BGgpt	DISEASE	1171	1193	двумалеоларна фрактура
traumatology_ankle fractures_10_BGgpt	DISEASE	1234	1246	нестабилност
traumatology_ankle fractures_10_BGgpt	DISEASE	1398	1410	нестабилност
traumatology_ankle fractures_10_BGgpt	PROCEDURE	1623	1637	рентгенографии
traumatology_ankle fractures_10_BGgpt	PROCEDURE	1749	1756	Лечение
traumatology_ankle fractures_10_BGgpt	PROCEDURE	1795	1807	имобилизация
traumatology_ankle fractures_10_BGgpt	MEDICATION	1891	1905	i.v. Ибупрофен
traumatology_ankle fractures_10_BGgpt	MEDICATION	1931	1943	Ацетаминофен
traumatology_ankle fractures_10_BGgpt	DISEASE	2001	2015	нестабилността
traumatology_ankle fractures_10_BGgpt	PROCEDURE	2050	2068	отворена репозиция
traumatology_ankle fractures_10_BGgpt	PROCEDURE	2071	2088	вътрешна фиксация
traumatology_ankle fractures_11_BGgpt	DISEASE	264	276	нестабилност
traumatology_ankle fractures_11_BGgpt	SYMPTOM	499	510	силна болка
traumatology_ankle fractures_11_BGgpt	SYMPTOM	532	549	изразена оточност
traumatology_ankle fractures_11_BGgpt	SYMPTOM	552	579	невъзможност за натоварване
traumatology_ankle fractures_11_BGgpt	DISEASE	614	625	болезненост
traumatology_ankle fractures_11_BGgpt	SYMPTOM	688	707	значителна оточност
traumatology_ankle fractures_11_BGgpt	SYMPTOM	710	723	кръвонасядане
traumatology_ankle fractures_11_BGgpt	PROCEDURE	782	796	рентгенография
traumatology_ankle fractures_11_BGgpt	SYMPTOM	804	831	невъзможност за натоварване
traumatology_ankle fractures_11_BGgpt	DISEASE	852	863	болезненост
traumatology_ankle fractures_11_BGgpt	PROCEDURE	915	929	рентгенография
traumatology_ankle fractures_11_BGgpt	DISEASE	1082	1094	нестабилност
traumatology_ankle fractures_11_BGgpt	DISEASE	1267	1279	нестабилност
traumatology_ankle fractures_11_BGgpt	PROCEDURE	1345	1359	рентгенография
traumatology_ankle fractures_11_BGgpt	PROCEDURE	1364	1378	външна ротация
traumatology_ankle fractures_11_BGgpt	DISEASE	1528	1542	нестабилността
traumatology_ankle fractures_11_BGgpt	PROCEDURE	1699	1717	отворена репозиция
traumatology_ankle fractures_11_BGgpt	PROCEDURE	1720	1737	вътрешна фиксация
traumatology_ankle fractures_11_BGgpt	PROCEDURE	1739	1743	ОРИФ
traumatology_ankle fractures_11_BGgpt	PROCEDURE	1870	1874	ОРИФ
traumatology_ankle fractures_11_BGgpt	PROCEDURE	2042	2062	обезболяваща терапия
traumatology_ankle fractures_11_BGgpt	MEDICATION	2074	2093	Ацетаминофен 650 мг
traumatology_ankle fractures_12_BGgpt	OBSERVATION	219	227	Фрактури
traumatology_ankle fractures_12_BGgpt	PROCEDURE	927	941	Рентгенографии
traumatology_ankle fractures_12_BGgpt	OBSERVATION	1052	1060	фрактури
traumatology_ankle fractures_12_BGgpt	PROCEDURE	1159	1173	рентгенография
traumatology_ankle fractures_12_BGgpt	SYMPTOM	1278	1310	увреждане на делтовидната връзка
traumatology_ankle fractures_12_BGgpt	SYMPTOM	1325	1359	нестабилността на глезенната става
traumatology_ankle fractures_12_BGgpt	PROCEDURE	1417	1431	рентгенографии
traumatology_ankle fractures_12_BGgpt	PROCEDURE	1515	1522	Лечение
traumatology_ankle fractures_12_BGgpt	MEDICATION	1581	1597	Ибупрофен 400 mg
traumatology_ankle fractures_12_BGgpt	PROCEDURE	1880	1897	вътрешна фиксация
traumatology_ankle fractures_12_BGgpt	PROCEDURE	1899	1903	ОРВФ
traumatology_ankle fractures_13_BGgpt	DISEASE	386	397	силна болка
traumatology_ankle fractures_13_BGgpt	PROCEDURE	598	619	Първоначалната оценка
traumatology_ankle fractures_13_BGgpt	SYMPTOM	705	713	симптоми
traumatology_ankle fractures_13_BGgpt	PROCEDURE	772	786	рентгенографии
traumatology_ankle fractures_13_BGgpt	DISEASE	940	970	нестабилна фрактура на глезена
traumatology_ankle fractures_13_BGgpt	DISEASE	1025	1043	делтоидната връзка
traumatology_ankle fractures_13_BGgpt	DISEASE	1046	1080	нестабилност на тибиоталната става
traumatology_ankle fractures_13_BGgpt	DISEASE	1107	1127	фрактура на Мейсонъв
traumatology_ankle fractures_13_BGgpt	DISEASE	1271	1291	фрактура на Мейсонъв
traumatology_ankle fractures_13_BGgpt	PROCEDURE	1408	1430	хирургична интервенция
traumatology_ankle fractures_13_BGgpt	PROCEDURE	1498	1515	вътрешна фиксация
traumatology_ankle fractures_13_BGgpt	PROCEDURE	1517	1521	ОРВФ
traumatology_ankle fractures_13_BGgpt	PROCEDURE	1526	1533	лечение
traumatology_ankle fractures_13_BGgpt	DISEASE	1596	1616	фрактура на Мейсонъв
traumatology_ankle fractures_13_BGgpt	PROCEDURE	1863	1870	лечение
traumatology_ankle fractures_13_BGgpt	MEDICATION	1904	1916	ацетаминофен
traumatology_ankle fractures_13_BGgpt	MEDICATION	1943	1952	ибупрофен
traumatology_ankle fractures_13_BGgpt	MEDICATION	2104	2115	еноксапарин
traumatology_ankle fractures_14_BGgpt	MEDICATION	115	121	012345
traumatology_ankle fractures_14_BGgpt	SYMPTOM	578	589	силна болка
traumatology_ankle fractures_14_BGgpt	SYMPTOM	601	605	оток
traumatology_ankle fractures_14_BGgpt	SYMPTOM	608	657	невъзможност за натоварване на засегнатия крайник
traumatology_ankle fractures_14_BGgpt	SYMPTOM	745	753	фрактури
traumatology_ankle fractures_14_BGgpt	SYMPTOM	1010	1022	нестабилност
traumatology_ankle fractures_14_BGgpt	PROCEDURE	1076	1090	рентгенография
traumatology_ankle fractures_14_BGgpt	PROCEDURE	1095	1109	външна ротация
traumatology_ankle fractures_14_BGgpt	DISEASE	1124	1149	тибио-таларна субликсация
traumatology_ankle fractures_14_BGgpt	SYMPTOM	1171	1213	съмнението за увреда на делтоидната връзка
traumatology_ankle fractures_14_BGgpt	SYMPTOM	1216	1248	нестабилност на глезенната става
traumatology_ankle fractures_14_BGgpt	DISEASE	1321	1343	фрактура на Мейсън-ьов
traumatology_ankle fractures_14_BGgpt	PROCEDURE	1522	1544	хирургична интервенция
traumatology_ankle fractures_14_BGgpt	PROCEDURE	1617	1634	вътрешна фиксация
traumatology_ankle fractures_14_BGgpt	PROCEDURE	1636	1639	ОРФ
traumatology_ankle fractures_14_BGgpt	PROCEDURE	1681	1713	подреждане на костните фрагменти
traumatology_ankle fractures_14_BGgpt	PROCEDURE	1821	1831	Операцията
traumatology_ankle fractures_14_BGgpt	PROCEDURE	1886	1896	операцията
traumatology_ankle fractures_14_BGgpt	PROCEDURE	1913	1928	курс на лечение
traumatology_ankle fractures_14_BGgpt	PROCEDURE	1956	1968	профилактика
traumatology_ankle fractures_14_BGgpt	DISEASE	1975	1996	венозна тромбоемболия
traumatology_ankle fractures_14_BGgpt	MEDICATION	1998	2017	Медикаментозният му
traumatology_ankle fractures_15_BGgpt	SYMPTOM	321	332	силна болка
traumatology_ankle fractures_15_BGgpt	SYMPTOM	334	338	оток
traumatology_ankle fractures_15_BGgpt	SYMPTOM	579	583	оток
traumatology_ankle fractures_15_BGgpt	SYMPTOM	771	775	оток
traumatology_ankle fractures_15_BGgpt	SYMPTOM	794	802	палпация
traumatology_ankle fractures_15_BGgpt	PROCEDURE	1012	1026	рентгенографии
traumatology_ankle fractures_15_BGgpt	SYMPTOM	1115	1123	фрактури
traumatology_ankle fractures_15_BGgpt	SYMPTOM	1231	1236	Отава
traumatology_ankle fractures_15_BGgpt	SYMPTOM	1246	1297	невъзможността на пациентката да натоварва крайника
traumatology_ankle fractures_15_BGgpt	PROCEDURE	1364	1378	рентгенография
traumatology_ankle fractures_15_BGgpt	PROCEDURE	1381	1410	външна ротационна стрес-проба
traumatology_ankle fractures_15_BGgpt	PROCEDURE	1538	1552	рентгенографии
traumatology_ankle fractures_15_BGgpt	SYMPTOM	1804	1814	нестабилна
traumatology_ankle fractures_15_BGgpt	PROCEDURE	1962	1984	Първоначалното лечение
traumatology_ankle fractures_15_BGgpt	PROCEDURE	1993	2014	повдигане на крайника
traumatology_ankle fractures_15_BGgpt	PROCEDURE	2016	2033	аплициране на лед
traumatology_ankle fractures_15_BGgpt	PROCEDURE	2036	2048	обезболяване
traumatology_ankle fractures_15_BGgpt	MEDICATION	2051	2060	Ибупрофен
traumatology_ankle fractures_15_BGgpt	MEDICATION	2086	2097	Парацетамол
traumatology_ankle fractures_16_BGgpt	SYMPTOM	871	879	Контузия
traumatology_ankle fractures_16_BGgpt	PROCEDURE	1001	1015	Рентгенографии
traumatology_ankle fractures_16_BGgpt	SYMPTOM	1129	1170	фрактури на медиалния и латералния малеол
traumatology_ankle fractures_16_BGgpt	PROCEDURE	1230	1244	рентгенография
traumatology_ankle fractures_16_BGgpt	SYMPTOM	1289	1321	увреждане на делтовидната връзка
traumatology_ankle fractures_16_BGgpt	SYMPTOM	1324	1356	нестабилност на глезенната става
traumatology_ankle fractures_16_BGgpt	PROCEDURE	1373	1387	рентгенографии
traumatology_ankle fractures_16_BGgpt	PROCEDURE	1636	1658	Първоначалното лечение
traumatology_ankle fractures_16_BGgpt	PROCEDURE	1667	1690	имобилизация на глезена
traumatology_ankle fractures_16_BGgpt	PROCEDURE	1697	1706	повдигане
traumatology_ankle fractures_16_BGgpt	PROCEDURE	1709	1718	аналгезия
traumatology_ankle fractures_16_BGgpt	MEDICATION	1721	1740	Ацетаминофен 1000mg
traumatology_ankle fractures_16_BGgpt	MEDICATION	1759	1774	Ибупрофен 400mg
traumatology_ankle fractures_16_BGgpt	SYMPTOM	1824	1838	нестабилността
traumatology_ankle fractures_17_BGgpt	SYMPTOM	752	763	Болезненост
traumatology_ankle fractures_17_BGgpt	SYMPTOM	833	875	Невъзможност за натоварване на десния крак
traumatology_ankle fractures_17_BGgpt	PROCEDURE	907	921	Рентгенографии
traumatology_ankle fractures_17_BGgpt	DISEASE	1021	1029	фрактури
traumatology_ankle fractures_17_BGgpt	SYMPTOM	1090	1102	нестабилност
traumatology_ankle fractures_17_BGgpt	PROCEDURE	1108	1128	Стрес рентгенография
traumatology_ankle fractures_17_BGgpt	PROCEDURE	1133	1147	външна ротация
traumatology_ankle fractures_17_BGgpt	SYMPTOM	1214	1226	нестабилност
traumatology_ankle fractures_17_BGgpt	PROCEDURE	1286	1300	рентгенографии
traumatology_ankle fractures_17_BGgpt	SYMPTOM	1595	1609	нестабилността
traumatology_ankle fractures_17_BGgpt	PROCEDURE	1648	1670	оперативна интервенция
traumatology_ankle fractures_17_BGgpt	PROCEDURE	1673	1691	отворена репозиция
traumatology_ankle fractures_17_BGgpt	PROCEDURE	1694	1711	вътрешна фиксация
traumatology_ankle fractures_17_BGgpt	PROCEDURE	1713	1717	ОРИФ
traumatology_ankle fractures_17_BGgpt	PROCEDURE	1731	1735	ОРИФ
traumatology_ankle fractures_17_BGgpt	MEDICATION	2028	2039	Медикаменти
traumatology_ankle fractures_18_BGgpt	SYMPTOM	555	570	незабавна болка
traumatology_ankle fractures_18_BGgpt	SYMPTOM	572	576	оток
traumatology_ankle fractures_18_BGgpt	SYMPTOM	579	623	невъзможност за натоварване на двата глезена
traumatology_ankle fractures_18_BGgpt	PROCEDURE	700	714	рентгенография
traumatology_ankle fractures_18_BGgpt	SYMPTOM	722	749	невъзможност за натоварване
traumatology_ankle fractures_18_BGgpt	PROCEDURE	857	871	рентгенографии
traumatology_ankle fractures_18_BGgpt	SYMPTOM	1076	1088	нестабилност
traumatology_ankle fractures_18_BGgpt	PROCEDURE	1090	1110	Стрес-рентгенография
traumatology_ankle fractures_18_BGgpt	SYMPTOM	1240	1252	нестабилност
traumatology_ankle fractures_18_BGgpt	PROCEDURE	1417	1431	рентгенография
traumatology_ankle fractures_18_BGgpt	SYMPTOM	1506	1520	нестабилността
traumatology_ankle fractures_18_BGgpt	PROCEDURE	1652	1670	отворена репозиция
traumatology_ankle fractures_18_BGgpt	PROCEDURE	1673	1690	вътрешна фиксация
traumatology_ankle fractures_18_BGgpt	PROCEDURE	1692	1696	ОРИФ
traumatology_ankle fractures_18_BGgpt	PROCEDURE	1767	1771	ОРИФ
traumatology_ankle fractures_18_BGgpt	MEDICATION	1957	1971	Ацетаминофен 1
traumatology_ankle fractures_19_BGgpt	SYMPTOM	320	336	Основна диагноза
traumatology_ankle fractures_19_BGgpt	DISEASE	340	370	Двустранни фрактури на глезена
traumatology_ankle fractures_19_BGgpt	DISEASE	399	412	Мейсънйов тип
traumatology_ankle fractures_19_BGgpt	PROCEDURE	447	465	Отворена репозиция
traumatology_ankle fractures_19_BGgpt	PROCEDURE	468	485	вътрешна фиксация
traumatology_ankle fractures_19_BGgpt	PROCEDURE	487	491	ОРИФ
traumatology_ankle fractures_19_BGgpt	PROCEDURE	977	991	рентгенография
traumatology_ankle fractures_19_BGgpt	DISEASE	1111	1157	двустранна малеоларна фрактура на левия глезен
traumatology_ankle fractures_19_BGgpt	DISEASE	1160	1196	комплексна фрактура на десния глезен
traumatology_ankle fractures_19_BGgpt	DISEASE	1220	1233	Мейсънйов тип
traumatology_ankle fractures_19_BGgpt	DISEASE	1256	1285	нестабилност на десния глезен
traumatology_ankle fractures_19_BGgpt	DISEASE	1313	1325	нестабилност
traumatology_ankle fractures_19_BGgpt	DISEASE	1423	1436	Мейсънйов тип
traumatology_ankle fractures_19_BGgpt	PROCEDURE	1455	1469	рентгенография
traumatology_ankle fractures_19_BGgpt	PROCEDURE	1679	1691	Обезболяване
traumatology_ankle fractures_19_BGgpt	MEDICATION	1741	1753	ацетаминофен
traumatology_ankle fractures_19_BGgpt	MEDICATION	1779	1788	ибупрофен
traumatology_ankle fractures_1_BGgpt	OBSERVATION	305	321	Основна диагноза
traumatology_ankle fractures_1_BGgpt	DISEASE	325	358	Двумалеоларен фрактура на глезена
traumatology_ankle fractures_1_BGgpt	DISEASE	384	403	Фрактура на Мезонöв
traumatology_ankle fractures_1_BGgpt	MEDICATION	419	428	Пеницилин
traumatology_ankle fractures_1_BGgpt	SYMPTOM	609	630	незабавна силна болка
traumatology_ankle fractures_1_BGgpt	SYMPTOM	633	671	невъзможност да стъпи на десния глезен
traumatology_ankle fractures_1_BGgpt	PROCEDURE	882	896	рентгенография
traumatology_ankle fractures_1_BGgpt	OBSERVATION	1107	1119	нестабилност
traumatology_ankle fractures_1_BGgpt	PROCEDURE	1133	1147	рентгенография
traumatology_ankle fractures_1_BGgpt	DISEASE	1191	1215	тибиоталарна сублаксация
traumatology_ankle fractures_1_BGgpt	OBSERVATION	1273	1305	нестабилност на глезенната става
traumatology_ankle fractures_1_BGgpt	DISEASE	1326	1345	фрактура на Мезонöв
traumatology_ankle fractures_1_BGgpt	PROCEDURE	1360	1374	рентгенография
traumatology_ankle fractures_1_BGgpt	DISEASE	1530	1549	фрактура на Мезонöв
traumatology_ankle fractures_1_BGgpt	PROCEDURE	1599	1616	вътрешна фиксация
traumatology_ankle fractures_1_BGgpt	PROCEDURE	1618	1622	ОРВФ
traumatology_ankle fractures_1_BGgpt	MEDICATION	1898	1914	Ибупрофен 400 mg
traumatology_ankle fractures_1_BGgpt	MEDICATION	1958	1978	Ацетаминофен 1000 mg
traumatology_ankle fractures_20_BGgpt	SYMPTOM	346	357	силна болка
traumatology_ankle fractures_20_BGgpt	SYMPTOM	359	363	оток
traumatology_ankle fractures_20_BGgpt	SYMPTOM	651	662	силна болка
traumatology_ankle fractures_20_BGgpt	SYMPTOM	665	669	оток
traumatology_ankle fractures_20_BGgpt	SYMPTOM	839	843	оток
traumatology_ankle fractures_20_BGgpt	SYMPTOM	910	923	кръвонасядане
traumatology_ankle fractures_20_BGgpt	PROCEDURE	1192	1206	Рентгенографии
traumatology_ankle fractures_20_BGgpt	MEDICATION	1380	1393	Стрес-рентген
traumatology_ankle fractures_20_BGgpt	PROCEDURE	1398	1412	външна ротация
traumatology_ankle fractures_20_BGgpt	DISEASE	1420	1444	тибиоталарна субликсация
traumatology_ankle fractures_20_BGgpt	DISEASE	1495	1527	нестабилност на глезенната става
traumatology_ankle fractures_20_BGgpt	PROCEDURE	1595	1609	рентгенографии
traumatology_ankle fractures_20_BGgpt	PROCEDURE	1737	1744	Лечение
traumatology_ankle fractures_20_BGgpt	DISEASE	1794	1831	нестабилна травма на глезенната става
traumatology_ankle fractures_21_BGgpt	OBSERVATION	273	292	Двустранни фрактури
traumatology_ankle fractures_21_BGgpt	SYMPTOM	519	530	силна болка
traumatology_ankle fractures_21_BGgpt	SYMPTOM	533	572	невъзможност да натоварва десния глезен
traumatology_ankle fractures_21_BGgpt	PROCEDURE	574	596	Първоначалният преглед
traumatology_ankle fractures_21_BGgpt	SYMPTOM	637	652	значителен оток
traumatology_ankle fractures_21_BGgpt	PROCEDURE	750	764	Рентгенографии
traumatology_ankle fractures_21_BGgpt	PROCEDURE	1111	1125	външна ротация
traumatology_ankle fractures_21_BGgpt	DISEASE	1172	1195	таларо-тибиалната става
traumatology_ankle fractures_21_BGgpt	DISEASE	1247	1279	нестабилност на глезенната става
traumatology_ankle fractures_21_BGgpt	PROCEDURE	1296	1310	рентгенографии
traumatology_ankle fractures_21_BGgpt	PROCEDURE	1634	1641	Лечение
traumatology_ankle fractures_21_BGgpt	MEDICATION	1796	1814	отворена репозиция
traumatology_ankle fractures_21_BGgpt	PROCEDURE	1817	1834	вътрешна фиксация
traumatology_ankle fractures_21_BGgpt	MEDICATION	1836	1840	ОРИФ
traumatology_ankle fractures_21_BGgpt	PROCEDURE	1843	1853	Операцията
traumatology_ankle fractures_22_BGgpt	SYMPTOM	298	317	Двустранни фрактури
traumatology_ankle fractures_22_BGgpt	DISEASE	321	337	глезенната става
traumatology_ankle fractures_22_BGgpt	DISEASE	340	352	нестабилност
traumatology_ankle fractures_22_BGgpt	SYMPTOM	381	385	Няма
traumatology_ankle fractures_22_BGgpt	PROCEDURE	390	410	Хирургични процедури
traumatology_ankle fractures_22_BGgpt	PROCEDURE	414	432	Отворена репозиция
traumatology_ankle fractures_22_BGgpt	PROCEDURE	435	452	вътрешна фиксация
traumatology_ankle fractures_22_BGgpt	PROCEDURE	454	458	ОРИФ
traumatology_ankle fractures_22_BGgpt	SYMPTOM	495	499	Няма
traumatology_ankle fractures_22_BGgpt	DISEASE	632	654	високоенергийна травма
traumatology_ankle fractures_22_BGgpt	SYMPTOM	723	734	силна болка
traumatology_ankle fractures_22_BGgpt	SYMPTOM	736	740	оток
traumatology_ankle fractures_22_BGgpt	DISEASE	889	904	глезенна травма
traumatology_ankle fractures_22_BGgpt	DISEASE	1330	1342	нестабилност
traumatology_ankle fractures_22_BGgpt	DISEASE	1346	1362	глезенната става
traumatology_ankle fractures_22_BGgpt	PROCEDURE	1746	1771	Лечебно-диагностичен план
traumatology_ankle fractures_22_BGgpt	MEDICATION	1856	1882	перорален ибупрофен 400 mg
traumatology_ankle fractures_22_BGgpt	DISEASE	1957	1971	нестабилността
traumatology_ankle fractures_22_BGgpt	PROCEDURE	2029	2037	операция
traumatology_ankle fractures_22_BGgpt	PROCEDURE	2040	2044	ОРИФ
traumatology_ankle fractures_23_BGgpt	DISEASE	284	300	Основна диагноза
traumatology_ankle fractures_23_BGgpt	DISEASE	302	321	Двустранни фрактури
traumatology_ankle fractures_23_BGgpt	SYMPTOM	576	600	невъзможност за стъпване
traumatology_ankle fractures_23_BGgpt	PROCEDURE	602	624	Първоначалният преглед
traumatology_ankle fractures_23_BGgpt	PROCEDURE	780	794	рентгенография
traumatology_ankle fractures_23_BGgpt	SYMPTOM	802	826	невъзможност за стъпване
traumatology_ankle fractures_23_BGgpt	PROCEDURE	1299	1313	рентгенография
traumatology_ankle fractures_23_BGgpt	PROCEDURE	1453	1467	рентгенография
traumatology_ankle fractures_23_BGgpt	PROCEDURE	1472	1486	външна ротация
traumatology_ankle fractures_23_BGgpt	PROCEDURE	1703	1715	имобилизация
traumatology_ankle fractures_23_BGgpt	PROCEDURE	1855	1872	вътрешна фиксация
traumatology_ankle fractures_23_BGgpt	PROCEDURE	1874	1878	ОРИФ
traumatology_ankle fractures_23_BGgpt	PROCEDURE	1916	1920	ОРИФ
traumatology_ankle fractures_23_BGgpt	PROCEDURE	2121	2128	лечение
traumatology_ankle fractures_24_BGgpt	DISEASE	258	266	Анамнеза
traumatology_ankle fractures_24_BGgpt	DISEASE	307	315	анамнеза
traumatology_ankle fractures_24_BGgpt	DISEASE	319	329	хипертония
traumatology_ankle fractures_24_BGgpt	DISEASE	332	352	захарен диабет тип 2
traumatology_ankle fractures_24_BGgpt	SYMPTOM	646	685	невъзможност за натоварване на крайника
traumatology_ankle fractures_24_BGgpt	PROCEDURE	783	797	рентгенография
traumatology_ankle fractures_24_BGgpt	PROCEDURE	1025	1039	рентгенография
traumatology_ankle fractures_24_BGgpt	DISEASE	1112	1148	нестабилност на тибиоталарната става
traumatology_ankle fractures_24_BGgpt	PROCEDURE	1237	1263	рентгенографии на коляното
traumatology_ankle fractures_24_BGgpt	PROCEDURE	1452	1456	ОРИФ
traumatology_ankle fractures_24_BGgpt	PROCEDURE	1482	1492	Операцията
traumatology_ankle fractures_24_BGgpt	MEDICATION	1732	1757	Антибиотична профилактика
traumatology_ankle fractures_24_BGgpt	MEDICATION	1760	1776	Цефазолин 1 g IV
traumatology_ankle fractures_24_BGgpt	PROCEDURE	1805	1815	операцията
traumatology_ankle fractures_24_BGgpt	PROCEDURE	1824	1834	операцията
traumatology_ankle fractures_24_BGgpt	MEDICATION	1859	1870	Парацетамол
traumatology_ankle fractures_24_BGgpt	MEDICATION	1937	1942	НСПВС
traumatology_ankle fractures_24_BGgpt	DISEASE	1959	1967	анамнеза
traumatology_ankle fractures_24_BGgpt	DISEASE	1971	1981	хипертония
traumatology_ankle fractures_24_BGgpt	PROCEDURE	2020	2027	терапия
traumatology_ankle fractures_24_BGgpt	MEDICATION	2030	2041	Еноксапарин
traumatology_ankle fractures_25_BGgpt	SYMPTOM	255	263	Диагноза
traumatology_ankle fractures_25_BGgpt	SYMPTOM	267	286	Двустранни фрактури
traumatology_ankle fractures_25_BGgpt	SYMPTOM	542	560	силна болка и оток
traumatology_ankle fractures_25_BGgpt	SYMPTOM	587	608	невъзможност за опора
traumatology_ankle fractures_25_BGgpt	SYMPTOM	718	722	оток
traumatology_ankle fractures_25_BGgpt	SYMPTOM	741	766	Невро-васкуларният статус
traumatology_ankle fractures_25_BGgpt	PROCEDURE	852	866	рентгенографии
traumatology_ankle fractures_25_BGgpt	SYMPTOM	874	895	невъзможност за опора
traumatology_ankle fractures_25_BGgpt	PROCEDURE	974	988	рентгенографии
traumatology_ankle fractures_25_BGgpt	SYMPTOM	1311	1343	нестабилност на глезенната става
traumatology_ankle fractures_25_BGgpt	PROCEDURE	1360	1374	рентгенографии
traumatology_ankle fractures_25_BGgpt	PROCEDURE	1500	1507	Лечение
traumatology_ankle fractures_25_BGgpt	MEDICATION	1655	1673	отворена репозиция
traumatology_ankle fractures_25_BGgpt	MEDICATION	1695	1699	ОРВФ
traumatology_ankle fractures_25_BGgpt	PROCEDURE	1744	1765	допълнителна фиксация
traumatology_ankle fractures_25_BGgpt	PROCEDURE	1800	1810	Операцията
traumatology_ankle fractures_25_BGgpt	PROCEDURE	1914	1928	рентгенографии
traumatology_ankle fractures_25_BGgpt	PROCEDURE	1981	2005	Следоперативно протичане
traumatology_ankle fractures_25_BGgpt	SYMPTOM	2068	2081	умерена болка
traumatology_ankle fractures_25_BGgpt	MEDICATION	2116	2117	i
traumatology_ankle fractures_26_BGgpt	SYMPTOM	418	429	силна болка
traumatology_ankle fractures_26_BGgpt	SYMPTOM	457	506	невъзможност за натоварване на засегнатия крайник
traumatology_ankle fractures_26_BGgpt	SYMPTOM	511	519	Анамнеза
traumatology_ankle fractures_26_BGgpt	SYMPTOM	577	585	фрактури
traumatology_ankle fractures_26_BGgpt	SYMPTOM	612	619	Непушач
traumatology_ankle fractures_26_BGgpt	SYMPTOM	770	797	невъзможност за натоварване
traumatology_ankle fractures_26_BGgpt	PROCEDURE	812	826	рентгенографии
traumatology_ankle fractures_26_BGgpt	SYMPTOM	906	947	фрактури на медиалния и латералния малеол
traumatology_ankle fractures_26_BGgpt	DISEASE	1041	1066	тибио-таларна сублуксация
traumatology_ankle fractures_26_BGgpt	DISEASE	1222	1240	фрактура на Мейсън
traumatology_ankle fractures_26_BGgpt	PROCEDURE	1266	1292	рентгенографии на коляното
traumatology_ankle fractures_26_BGgpt	DISEASE	1377	1409	Бималеоларна фрактура на глезена
traumatology_ankle fractures_26_BGgpt	DISEASE	1424	1442	фрактура на Мейсън
traumatology_ankle fractures_26_BGgpt	PROCEDURE	1612	1629	вътрешна фиксация
traumatology_ankle fractures_26_BGgpt	PROCEDURE	1631	1635	ОРИФ
traumatology_ankle fractures_26_BGgpt	MEDICATION	2014	2030	Ибупрофен 400 mg
traumatology_ankle fractures_27_BGgpt	SYMPTOM	190	198	Диагноза
traumatology_ankle fractures_27_BGgpt	DISEASE	200	219	Двустранни фрактури
traumatology_ankle fractures_27_BGgpt	DISEASE	240	260	фрактура на Мезонвьо
traumatology_ankle fractures_27_BGgpt	SYMPTOM	433	449	значителна болка
traumatology_ankle fractures_27_BGgpt	SYMPTOM	483	525	невъзможност за натоварване на двата крака
traumatology_ankle fractures_27_BGgpt	PROCEDURE	584	598	рентгенографии
traumatology_ankle fractures_27_BGgpt	DISEASE	688	707	двустранни фрактури
traumatology_ankle fractures_27_BGgpt	DISEASE	959	979	фрактура на Мезонвьо
traumatology_ankle fractures_27_BGgpt	DISEASE	1104	1114	нестабилен
traumatology_ankle fractures_27_BGgpt	PROCEDURE	1204	1208	ОРИФ
traumatology_ankle fractures_27_BGgpt	PROCEDURE	1211	1221	Операцията
traumatology_ankle fractures_27_BGgpt	PROCEDURE	1315	1325	операцията
traumatology_ankle fractures_27_BGgpt	MEDICATION	1604	1613	Ибупрофен
traumatology_ankle fractures_27_BGgpt	MEDICATION	1670	1682	Ацетаминофен
traumatology_ankle fractures_27_BGgpt	MEDICATION	1740	1751	Еноксапарин
traumatology_ankle fractures_27_BGgpt	DISEASE	1800	1821	венозна тромбоемболия
traumatology_ankle fractures_27_BGgpt	MEDICATION	1823	1826	ВТЕ
traumatology_ankle fractures_27_BGgpt	PROCEDURE	1844	1854	операцията
traumatology_ankle fractures_27_BGgpt	MEDICATION	1887	1897	Цефалексин
traumatology_ankle fractures_27_BGgpt	PROCEDURE	1945	1955	операцията
traumatology_ankle fractures_27_BGgpt	PROCEDURE	1987	1999	Физиотерапия
traumatology_ankle fractures_27_BGgpt	PROCEDURE	2002	2015	рехабилитация
traumatology_ankle fractures_27_BGgpt	PROCEDURE	2069	2086	щадящи упражнения
traumatology_ankle fractures_28_BGgpt	DISEASE	260	268	Диагноза
traumatology_ankle fractures_28_BGgpt	SYMPTOM	571	582	силна болка
traumatology_ankle fractures_28_BGgpt	SYMPTOM	584	588	оток
traumatology_ankle fractures_28_BGgpt	SYMPTOM	591	638	невъзможност да натоварва нито един от ходилата
traumatology_ankle fractures_28_BGgpt	PROCEDURE	643	659	Клинични находки
traumatology_ankle fractures_28_BGgpt	SYMPTOM	773	777	оток
traumatology_ankle fractures_28_BGgpt	PROCEDURE	870	884	рентгенографии
traumatology_ankle fractures_28_BGgpt	SYMPTOM	892	919	невъзможност за натоварване
traumatology_ankle fractures_28_BGgpt	PROCEDURE	1020	1034	рентгенографии
traumatology_ankle fractures_28_BGgpt	PROCEDURE	1278	1292	външна ротация
traumatology_ankle fractures_28_BGgpt	DISEASE	1397	1420	нестабилност на ставата
traumatology_ankle fractures_28_BGgpt	PROCEDURE	1536	1543	Лечение
traumatology_ankle fractures_28_BGgpt	MEDICATION	1589	1607	отворена репозиция
traumatology_ankle fractures_28_BGgpt	MEDICATION	1629	1633	ОРВФ
traumatology_ankle fractures_29_BGgpt	DISEASE	337	359	високоенергийна травма
traumatology_ankle fractures_29_BGgpt	SYMPTOM	444	455	силна болка
traumatology_ankle fractures_29_BGgpt	SYMPTOM	457	461	оток
traumatology_ankle fractures_29_BGgpt	SYMPTOM	464	513	невъзможност за натоварване на засегнатия крайник
traumatology_ankle fractures_29_BGgpt	PROCEDURE	588	620	незабавна рентгенографска оценка
traumatology_ankle fractures_29_BGgpt	PROCEDURE	657	671	Рентгенографии
traumatology_ankle fractures_29_BGgpt	DISEASE	758	800	дислоцирана фрактура на медиалната малеола
traumatology_ankle fractures_29_BGgpt	DISEASE	803	837	недислоцирана фрактура на фибулата
traumatology_ankle fractures_29_BGgpt	DISEASE	857	889	нестабилност на глезенната става
traumatology_ankle fractures_29_BGgpt	DISEASE	1054	1077	нестабилност на ставата
traumatology_ankle fractures_29_BGgpt	PROCEDURE	1085	1122	Функционален тест на перонеалния нерв
traumatology_ankle fractures_29_BGgpt	PROCEDURE	1190	1216	Рентгенографии на коляното
traumatology_ankle fractures_29_BGgpt	DISEASE	1439	1471	нестабилни бималеоларни фрактури
traumatology_ankle fractures_29_BGgpt	DISEASE	1475	1491	глезенната става
traumatology_ankle fractures_29_BGgpt	PROCEDURE	1600	1620	Първоначално лечение
traumatology_ankle fractures_29_BGgpt	PROCEDURE	1624	1664	Незабавна имобилизация на глезена с шина
traumatology_ankle fractures_29_BGgpt	PROCEDURE	1667	1688	повдигане на крайника
traumatology_ankle fractures_29_BGgpt	MEDICATION	1751	1760	Ibuprofen
traumatology_ankle fractures_29_BGgpt	MEDICATION	1786	1799	Acetaminophen
traumatology_ankle fractures_2_BGgpt	OBSERVATION	221	229	Фрактури
traumatology_ankle fractures_2_BGgpt	SYMPTOM	486	491	болка
traumatology_ankle fractures_2_BGgpt	SYMPTOM	530	579	невъзможност за натоварване на засегнатия крайник
traumatology_ankle fractures_2_BGgpt	SYMPTOM	689	694	болка
traumatology_ankle fractures_2_BGgpt	SYMPTOM	718	745	невъзможност за натоварване
traumatology_ankle fractures_2_BGgpt	PROCEDURE	838	852	Рентгенографии
traumatology_ankle fractures_2_BGgpt	SYMPTOM	963	971	фрактури
traumatology_ankle fractures_2_BGgpt	DISEASE	1042	1073	нестабилност в глезенната става
traumatology_ankle fractures_2_BGgpt	PROCEDURE	1123	1137	външна ротация
traumatology_ankle fractures_2_BGgpt	DISEASE	1241	1272	нестабилност в глезенната става
traumatology_ankle fractures_2_BGgpt	PROCEDURE	1559	1573	рентгенографии
traumatology_ankle fractures_2_BGgpt	PROCEDURE	1651	1658	Лечение
traumatology_ankle fractures_2_BGgpt	PROCEDURE	1745	1767	оперативна интервенция
traumatology_ankle fractures_2_BGgpt	MEDICATION	1991	2007	ортеза за ходене
traumatology_ankle fractures_30_BGgpt	SYMPTOM	516	537	незабавна силна болка
traumatology_ankle fractures_30_BGgpt	SYMPTOM	539	543	оток
traumatology_ankle fractures_30_BGgpt	SYMPTOM	546	573	невъзможност за натоварване
traumatology_ankle fractures_30_BGgpt	OBSERVATION	599	615	Клинични находки
traumatology_ankle fractures_30_BGgpt	DISEASE	648	670	значителна болезненост
traumatology_ankle fractures_30_BGgpt	SYMPTOM	1209	1221	нестабилност
traumatology_ankle fractures_30_BGgpt	DISEASE	1243	1266	дясната глезенна травма
traumatology_ankle fractures_30_BGgpt	PROCEDURE	1421	1428	Лечение
traumatology_ankle fractures_30_BGgpt	PROCEDURE	1469	1481	обезболяване
traumatology_ankle fractures_30_BGgpt	MEDICATION	1487	1506	интравенозен морфин
traumatology_ankle fractures_30_BGgpt	PROCEDURE	1559	1568	охлаждане
traumatology_ankle fractures_30_BGgpt	PROCEDURE	1665	1683	оперативно лечение
traumatology_ankle fractures_30_BGgpt	PROCEDURE	1726	1744	отворена репозиция
traumatology_ankle fractures_30_BGgpt	PROCEDURE	1747	1764	вътрешна фиксация
traumatology_ankle fractures_30_BGgpt	PROCEDURE	1766	1770	ОРИФ
traumatology_ankle fractures_31_BGgpt	DISEASE	322	334	Мейсонъв тип
traumatology_ankle fractures_31_BGgpt	PROCEDURE	433	442	лечението
traumatology_ankle fractures_31_BGgpt	SYMPTOM	563	574	силна болка
traumatology_ankle fractures_31_BGgpt	SYMPTOM	601	648	невъзможност за натоварване на долните крайници
traumatology_ankle fractures_31_BGgpt	PROCEDURE	650	671	Първоначалната оценка
traumatology_ankle fractures_31_BGgpt	PROCEDURE	730	744	рентгенографии
traumatology_ankle fractures_31_BGgpt	SYMPTOM	799	826	невъзможност за натоварване
traumatology_ankle fractures_31_BGgpt	SYMPTOM	1152	1188	съмнение за фрактура на Мейсонъв тип
traumatology_ankle fractures_31_BGgpt	PROCEDURE	1316	1323	Лечение
traumatology_ankle fractures_31_BGgpt	PROCEDURE	1344	1351	лечение
traumatology_ankle fractures_31_BGgpt	PROCEDURE	1362	1374	обезболяване
traumatology_ankle fractures_31_BGgpt	PROCEDURE	1497	1519	хирургична интервенция
traumatology_ankle fractures_31_BGgpt	PROCEDURE	1570	1587	вътрешна фиксация
traumatology_ankle fractures_31_BGgpt	PROCEDURE	1589	1593	ОРВФ
traumatology_ankle fractures_31_BGgpt	SYMPTOM	1618	1630	нестабилност
traumatology_ankle fractures_31_BGgpt	MEDICATION	1783	1802	венозни антибиотици
traumatology_ankle fractures_31_BGgpt	MEDICATION	1804	1813	Цефазолин
traumatology_ankle fractures_31_BGgpt	DISEASE	1868	1876	инфекция
traumatology_ankle fractures_31_BGgpt	PROCEDURE	1879	1893	обезболяването
traumatology_ankle fractures_31_BGgpt	MEDICATION	1913	1934	перорални медикаменти
traumatology_ankle fractures_31_BGgpt	MEDICATION	1936	1947	Парацетамол
traumatology_ankle fractures_32_BGgpt	SYMPTOM	491	499	Анамнеза
traumatology_ankle fractures_32_BGgpt	SYMPTOM	519	527	анамнеза
traumatology_ankle fractures_32_BGgpt	DISEASE	531	541	хипертония
traumatology_ankle fractures_32_BGgpt	MEDICATION	554	570	лизиноприл 20 mg
traumatology_ankle fractures_32_BGgpt	DISEASE	596	608	диабет тип 2
traumatology_ankle fractures_32_BGgpt	MEDICATION	624	640	метформин 500 mg
traumatology_ankle fractures_32_BGgpt	SYMPTOM	702	710	фрактури
traumatology_ankle fractures_32_BGgpt	PROCEDURE	931	945	рентгенография
traumatology_ankle fractures_32_BGgpt	PROCEDURE	1051	1065	Рентгенографии
traumatology_ankle fractures_32_BGgpt	SYMPTOM	1179	1187	фрактури
traumatology_ankle fractures_32_BGgpt	SYMPTOM	1272	1289	нестабилна травма
traumatology_ankle fractures_32_BGgpt	PROCEDURE	1291	1305	Рентгенография
traumatology_ankle fractures_32_BGgpt	SYMPTOM	1332	1357	тибио-таларна сублуксация
traumatology_ankle fractures_32_BGgpt	SYMPTOM	1424	1469	допълнителна нестабилност на глезенната става
traumatology_ankle fractures_32_BGgpt	PROCEDURE	1537	1551	рентгенографии
traumatology_ankle fractures_32_BGgpt	PROCEDURE	1733	1753	Първоначално лечение
traumatology_ankle fractures_32_BGgpt	MEDICATION	1794	1798	шина
traumatology_ankle fractures_32_BGgpt	MEDICATION	1826	1829	лед
traumatology_ankle fractures_32_BGgpt	MEDICATION	1878	1897	ацетаминофен 650 mg
traumatology_ankle fractures_32_BGgpt	PROCEDURE	1943	1948	НСПВС
traumatology_ankle fractures_33_BGgpt	SYMPTOM	363	407	невъзможност за натоварване на десния глезен
traumatology_ankle fractures_33_BGgpt	DISEASE	426	447	Артериална хипертония
traumatology_ankle fractures_33_BGgpt	MEDICATION	464	475	медикаменти
traumatology_ankle fractures_33_BGgpt	DISEASE	478	499	Няма известни алергии
traumatology_ankle fractures_33_BGgpt	DISEASE	502	509	Непушач
traumatology_ankle fractures_33_BGgpt	SYMPTOM	536	544	фрактури
traumatology_ankle fractures_33_BGgpt	SYMPTOM	659	701	Невъзможност за натоварване на десния крак
traumatology_ankle fractures_33_BGgpt	SYMPTOM	704	748	Не се наблюдават открити рани или деформация
traumatology_ankle fractures_33_BGgpt	PROCEDURE	845	859	Рентгенографии
traumatology_ankle fractures_33_BGgpt	SYMPTOM	991	999	фрактури
traumatology_ankle fractures_33_BGgpt	PROCEDURE	1114	1128	рентгенография
traumatology_ankle fractures_33_BGgpt	PROCEDURE	1131	1145	външна ротация
traumatology_ankle fractures_33_BGgpt	SYMPTOM	1164	1209	липса на сублуксация на тибио-таларната става
traumatology_ankle fractures_33_BGgpt	PROCEDURE	1328	1342	рентгенографии
traumatology_ankle fractures_33_BGgpt	PROCEDURE	1705	1723	оперативно лечение
traumatology_ankle fractures_33_BGgpt	PROCEDURE	1747	1764	вътрешна фиксация
traumatology_ankle fractures_33_BGgpt	PROCEDURE	1766	1770	ОРИФ
traumatology_ankle fractures_34_BGgpt	SYMPTOM	355	366	силна болка
traumatology_ankle fractures_34_BGgpt	SYMPTOM	449	464	незабавна болка
traumatology_ankle fractures_34_BGgpt	SYMPTOM	619	637	незабавно подуване
traumatology_ankle fractures_34_BGgpt	SYMPTOM	640	653	кръвонасядане
traumatology_ankle fractures_34_BGgpt	SYMPTOM	671	682	силна болка
traumatology_ankle fractures_34_BGgpt	MEDICATION	1010	1016	Ottаwa
traumatology_ankle fractures_34_BGgpt	SYMPTOM	1255	1263	фрактури
traumatology_ankle fractures_34_BGgpt	PROCEDURE	1325	1348	външна ротационна проба
traumatology_ankle fractures_34_BGgpt	DISEASE	1357	1393	сублуксация на тало-кракалната става
traumatology_ankle fractures_34_BGgpt	DISEASE	1411	1443	нестабилност на глезенната става
traumatology_ankle fractures_34_BGgpt	DISEASE	1669	1705	сублуксация на тало-кракалната става
traumatology_ankle fractures_34_BGgpt	PROCEDURE	1883	1900	оперативна намеса
traumatology_ankle fractures_35_BGgpt	SYMPTOM	373	384	силна болка
traumatology_ankle fractures_35_BGgpt	SYMPTOM	387	391	оток
traumatology_ankle fractures_35_BGgpt	SYMPTOM	558	569	силна болка
traumatology_ankle fractures_35_BGgpt	SYMPTOM	752	756	оток
traumatology_ankle fractures_35_BGgpt	PROCEDURE	970	984	Рентгенографии
traumatology_ankle fractures_35_BGgpt	DISEASE	1088	1096	фрактури
traumatology_ankle fractures_35_BGgpt	DISEASE	1161	1187	нестабилна глезенна травма
traumatology_ankle fractures_35_BGgpt	PROCEDURE	1195	1209	Рентгенография
traumatology_ankle fractures_35_BGgpt	PROCEDURE	1419	1445	Рентгенография на коляното
traumatology_ankle fractures_35_BGgpt	MEDICATION	1502	1526	фрактура тип Maisonneuve
traumatology_ankle fractures_35_BGgpt	SYMPTOM	1541	1552	отрицателен
traumatology_ankle fractures_35_BGgpt	PROCEDURE	1557	1564	Лечение
traumatology_ankle fractures_35_BGgpt	DISEASE	1619	1627	фрактури
traumatology_ankle fractures_35_BGgpt	PROCEDURE	1687	1704	оперативна намеса
traumatology_ankle fractures_35_BGgpt	PROCEDURE	1774	1791	вътрешна фиксация
traumatology_ankle fractures_35_BGgpt	MEDICATION	1793	1797	ОРИФ
traumatology_ankle fractures_36_BGgpt	SYMPTOM	312	330	силна болка и оток
traumatology_ankle fractures_36_BGgpt	DISEASE	423	444	Артериална хипертония
traumatology_ankle fractures_36_BGgpt	SYMPTOM	638	642	оток
traumatology_ankle fractures_36_BGgpt	SYMPTOM	730	748	Костна болезненост
traumatology_ankle fractures_36_BGgpt	PROCEDURE	904	918	Рентгенографии
traumatology_ankle fractures_36_BGgpt	SYMPTOM	1034	1042	фрактури
traumatology_ankle fractures_36_BGgpt	DISEASE	1095	1121	нестабилна глезенна травма
traumatology_ankle fractures_36_BGgpt	SYMPTOM	1259	1267	фрактури
traumatology_ankle fractures_36_BGgpt	PROCEDURE	1357	1371	рентгенографии
traumatology_ankle fractures_36_BGgpt	PROCEDURE	1489	1511	Хоспитализационен курс
traumatology_ankle fractures_36_BGgpt	MEDICATION	1607	1623	Ибупрофен 400 mg
traumatology_ankle fractures_36_BGgpt	PROCEDURE	1873	1877	ОРИФ
traumatology_ankle fractures_36_BGgpt	PROCEDURE	1937	1941	ОРИФ
traumatology_ankle fractures_36_BGgpt	PROCEDURE	1996	2010	рентгенографии
traumatology_ankle fractures_37_BGgpt	DISEASE	554	565	силна болка
traumatology_ankle fractures_37_BGgpt	SYMPTOM	585	602	изразено подуване
traumatology_ankle fractures_37_BGgpt	SYMPTOM	605	618	кръвонасядане
traumatology_ankle fractures_37_BGgpt	PROCEDURE	845	859	рентгенографии
traumatology_ankle fractures_37_BGgpt	DISEASE	1017	1036	комплексна фрактура
traumatology_ankle fractures_37_BGgpt	PROCEDURE	1227	1241	рентгенография
traumatology_ankle fractures_37_BGgpt	DISEASE	1273	1297	тибиоталарна сублуксация
traumatology_ankle fractures_37_BGgpt	DISEASE	1366	1398	нестабилност на глезенната става
traumatology_ankle fractures_37_BGgpt	PROCEDURE	1417	1431	рентгенографии
traumatology_ankle fractures_37_BGgpt	PROCEDURE	1586	1593	Лечение
traumatology_ankle fractures_37_BGgpt	PROCEDURE	1680	1702	Първоначалното лечение
traumatology_ankle fractures_37_BGgpt	PROCEDURE	1713	1725	обезболяване
traumatology_ankle fractures_37_BGgpt	MEDICATION	1728	1739	и.в. морфин
traumatology_ankle fractures_37_BGgpt	PROCEDURE	1901	1909	операция
traumatology_ankle fractures_37_BGgpt	MEDICATION	1956	1974	отворена репозиция
traumatology_ankle fractures_38_BGgpt	DISEASE	529	551	високоенергийна травма
traumatology_ankle fractures_38_BGgpt	SYMPTOM	601	612	силна болка
traumatology_ankle fractures_38_BGgpt	SYMPTOM	614	618	оток
traumatology_ankle fractures_38_BGgpt	SYMPTOM	621	665	невъзможност за натоварване на двата глезена
traumatology_ankle fractures_38_BGgpt	PROCEDURE	720	741	Първоначалната оценка
traumatology_ankle fractures_38_BGgpt	PROCEDURE	744	758	рентгенографии
traumatology_ankle fractures_38_BGgpt	PROCEDURE	1138	1152	рентгенография
traumatology_ankle fractures_38_BGgpt	PROCEDURE	1174	1188	външна ротация
traumatology_ankle fractures_38_BGgpt	DISEASE	1201	1227	тибиотобилярна сублоксация
traumatology_ankle fractures_38_BGgpt	DISEASE	1278	1310	нестабилност на глезенната става
traumatology_ankle fractures_38_BGgpt	PROCEDURE	1327	1353	рентгенографии на коляното
traumatology_ankle fractures_38_BGgpt	PROCEDURE	1532	1539	Лечение
traumatology_ankle fractures_38_BGgpt	PROCEDURE	1549	1559	Хирургично
traumatology_ankle fractures_38_BGgpt	PROCEDURE	1635	1652	вътрешна фиксация
traumatology_ankle fractures_38_BGgpt	PROCEDURE	1654	1658	ОРВФ
traumatology_ankle fractures_39_BGgpt	SYMPTOM	198	206	Диагноза
traumatology_ankle fractures_39_BGgpt	SYMPTOM	208	227	Двустранни фрактури
traumatology_ankle fractures_39_BGgpt	SYMPTOM	460	471	остра болка
traumatology_ankle fractures_39_BGgpt	PROCEDURE	520	542	Първоначалният преглед
traumatology_ankle fractures_39_BGgpt	PROCEDURE	735	749	рентгенография
traumatology_ankle fractures_39_BGgpt	SYMPTOM	806	835	невъзможността за натоварване
traumatology_ankle fractures_39_BGgpt	SYMPTOM	982	1001	двустранни фрактури
traumatology_ankle fractures_39_BGgpt	PROCEDURE	1187	1201	рентгенография
traumatology_ankle fractures_39_BGgpt	PROCEDURE	1206	1220	външна ротация
traumatology_ankle fractures_39_BGgpt	SYMPTOM	1235	1259	тибиоталарна сублуксация
traumatology_ankle fractures_39_BGgpt	DISEASE	1308	1340	нестабилност на глезенната става
traumatology_ankle fractures_39_BGgpt	PROCEDURE	1366	1380	рентгенографии
traumatology_ankle fractures_39_BGgpt	OBSERVATION	1475	1485	диагнозата
traumatology_ankle fractures_39_BGgpt	SYMPTOM	1531	1543	нестабилност
traumatology_ankle fractures_39_BGgpt	PROCEDURE	1659	1663	ОРИФ
traumatology_ankle fractures_39_BGgpt	PROCEDURE	1744	1754	Операцията
traumatology_ankle fractures_39_BGgpt	PROCEDURE	1841	1855	рентгенографии
traumatology_ankle fractures_39_BGgpt	PROCEDURE	1926	1936	операцията
traumatology_ankle fractures_39_BGgpt	PROCEDURE	1950	1957	лечение
traumatology_ankle fractures_39_BGgpt	PROCEDURE	1985	1997	профилактика
traumatology_ankle fractures_39_BGgpt	DISEASE	2004	2028	дълбока венозна тромбоза
traumatology_ankle fractures_39_BGgpt	DISEASE	2030	2033	ДВТ
traumatology_ankle fractures_39_BGgpt	PROCEDURE	2036	2045	Лечението
traumatology_ankle fractures_39_BGgpt	MEDICATION	2061	2077	Ибупрофен 400 mg
traumatology_ankle fractures_39_BGgpt	MEDICATION	2130	2149	Ацетаминофен 650 mg
traumatology_ankle fractures_39_BGgpt	MEDICATION	2232	2249	Еноксапарин 40 mg
traumatology_ankle fractures_39_BGgpt	PROCEDURE	2276	2288	профилактика
traumatology_ankle fractures_39_BGgpt	DISEASE	2292	2295	ДВТ
traumatology_ankle fractures_39_BGgpt	PROCEDURE	2297	2312	Рехабилитацията
traumatology_ankle fractures_3_BGgpt	SYMPTOM	437	448	силна болка
traumatology_ankle fractures_3_BGgpt	SYMPTOM	451	455	оток
traumatology_ankle fractures_3_BGgpt	OBSERVATION	530	550	Диагностични находки
traumatology_ankle fractures_3_BGgpt	PROCEDURE	577	591	рентгенографии
traumatology_ankle fractures_3_BGgpt	DISEASE	734	760	нестабилна глезенна травма
traumatology_ankle fractures_3_BGgpt	PROCEDURE	932	946	външна ротация
traumatology_ankle fractures_3_BGgpt	DISEASE	998	1034	нестабилност на тибиоталарната става
traumatology_ankle fractures_3_BGgpt	PROCEDURE	1437	1445	операция
traumatology_ankle fractures_3_BGgpt	PROCEDURE	1470	1487	вътрешна фиксация
traumatology_ankle fractures_3_BGgpt	PROCEDURE	1489	1493	ОРВФ
traumatology_ankle fractures_3_BGgpt	MEDICATION	1824	1836	Ацетаминофен
traumatology_ankle fractures_3_BGgpt	PROCEDURE	1883	1893	операцията
traumatology_ankle fractures_3_BGgpt	MEDICATION	1896	1915	Перорален Ибупрофен
traumatology_ankle fractures_3_BGgpt	MEDICATION	1960	1979	Перорален Оксикодон
traumatology_ankle fractures_3_BGgpt	SYMPTOM	2014	2025	силна болка
traumatology_ankle fractures_3_BGgpt	MEDICATION	2042	2067	антибиотична профилактика
traumatology_ankle fractures_3_BGgpt	MEDICATION	2070	2081	Цефазолин 2
traumatology_ankle fractures_3_BGgpt	PROCEDURE	2095	2105	операцията
traumatology_ankle fractures_40_BGgpt	SYMPTOM	420	431	остра болка
traumatology_ankle fractures_40_BGgpt	SYMPTOM	433	437	оток
traumatology_ankle fractures_40_BGgpt	SYMPTOM	440	484	невъзможност за натоварване на десния глезен
traumatology_ankle fractures_40_BGgpt	SYMPTOM	609	638	невъзможността за натоварване
traumatology_ankle fractures_40_BGgpt	PROCEDURE	695	709	рентгенографии
traumatology_ankle fractures_40_BGgpt	DISEASE	932	940	травмата
traumatology_ankle fractures_40_BGgpt	DISEASE	1074	1086	нестабилност
traumatology_ankle fractures_40_BGgpt	PROCEDURE	1281	1295	рентгенографии
traumatology_ankle fractures_40_BGgpt	PROCEDURE	1406	1428	хирургична интервенция
traumatology_ankle fractures_40_BGgpt	DISEASE	1436	1450	нестабилността
traumatology_ankle fractures_40_BGgpt	PROCEDURE	1574	1578	ОРИФ
traumatology_ankle fractures_40_BGgpt	PROCEDURE	1708	1722	рентгенографии
traumatology_ankle fractures_40_BGgpt	PROCEDURE	1909	1916	лечение
traumatology_ankle fractures_40_BGgpt	MEDICATION	1985	1994	Ибупрофен
traumatology_ankle fractures_40_BGgpt	MEDICATION	2055	2066	Парацетамол
traumatology_ankle fractures_40_BGgpt	MEDICATION	2158	2167	Цефазолин
traumatology_ankle fractures_41_BGgpt	DISEASE	313	343	съмнение за фрактура на Мейсън
traumatology_ankle fractures_41_BGgpt	SYMPTOM	526	537	силна болка
traumatology_ankle fractures_41_BGgpt	PROCEDURE	586	607	Първоначалната оценка
traumatology_ankle fractures_41_BGgpt	DISEASE	1159	1189	съмнение за фрактура на Мейсън
traumatology_ankle fractures_41_BGgpt	PROCEDURE	1610	1617	лечение
traumatology_ankle fractures_41_BGgpt	PROCEDURE	1757	1775	отворена репозиция
traumatology_ankle fractures_41_BGgpt	PROCEDURE	1778	1795	вътрешна фиксация
traumatology_ankle fractures_41_BGgpt	PROCEDURE	2037	2044	лечение
traumatology_ankle fractures_41_BGgpt	MEDICATION	2060	2091	противовъзпалителни медикаменти
traumatology_ankle fractures_41_BGgpt	MEDICATION	2162	2174	ацетаминофен
traumatology_ankle fractures_42_BGgpt	SYMPTOM	568	579	силна болка
traumatology_ankle fractures_42_BGgpt	SYMPTOM	604	631	невъзможност за натоварване
traumatology_ankle fractures_42_BGgpt	SYMPTOM	823	838	Значителен оток
traumatology_ankle fractures_42_BGgpt	SYMPTOM	840	848	контузия
traumatology_ankle fractures_42_BGgpt	SYMPTOM	850	861	болезненост
traumatology_ankle fractures_42_BGgpt	SYMPTOM	912	939	невъзможност за натоварване
traumatology_ankle fractures_42_BGgpt	SYMPTOM	945	966	Невро-съдовият статус
traumatology_ankle fractures_42_BGgpt	PROCEDURE	1050	1064	Рентгенографии
traumatology_ankle fractures_42_BGgpt	SYMPTOM	1184	1192	фрактури
traumatology_ankle fractures_42_BGgpt	SYMPTOM	1246	1258	нестабилност
traumatology_ankle fractures_42_BGgpt	PROCEDURE	1264	1278	Рентгенография
traumatology_ankle fractures_42_BGgpt	DISEASE	1318	1342	тибиоталарна сублексация
traumatology_ankle fractures_42_BGgpt	PROCEDURE	1410	1424	рентгенографии
traumatology_ankle fractures_42_BGgpt	PROCEDURE	1536	1580	Лечебно-диагностичен план и ход на лечението
traumatology_ankle fractures_42_BGgpt	OBSERVATION	1683	1697	нестабилността
traumatology_ankle fractures_43_BGgpt	SYMPTOM	445	456	силна болка
traumatology_ankle fractures_43_BGgpt	SYMPTOM	458	462	оток
traumatology_ankle fractures_43_BGgpt	SYMPTOM	465	486	ограничена подвижност
traumatology_ankle fractures_43_BGgpt	PROCEDURE	505	526	Първоначалната оценка
traumatology_ankle fractures_43_BGgpt	PROCEDURE	589	603	рентгенография
traumatology_ankle fractures_43_BGgpt	SYMPTOM	611	638	невъзможност за натоварване
traumatology_ankle fractures_43_BGgpt	PROCEDURE	670	692	Диагностични резултати
traumatology_ankle fractures_43_BGgpt	PROCEDURE	906	935	външна ротационна стрес-проба
traumatology_ankle fractures_43_BGgpt	DISEASE	952	976	тибиоталарна сублуксация
traumatology_ankle fractures_43_BGgpt	SYMPTOM	996	1040	потенциално увреждане на делтовидната връзка
traumatology_ankle fractures_43_BGgpt	DISEASE	1043	1066	нестабилност на ставата
traumatology_ankle fractures_43_BGgpt	PROCEDURE	1163	1177	рентгенографии
traumatology_ankle fractures_43_BGgpt	PROCEDURE	1372	1379	терапия
traumatology_ankle fractures_43_BGgpt	MEDICATION	1421	1433	ацетаминофен
traumatology_ankle fractures_43_BGgpt	MEDICATION	1460	1469	ибупрофен
traumatology_ankle fractures_43_BGgpt	DISEASE	1559	1571	нестабилност
traumatology_ankle fractures_43_BGgpt	PROCEDURE	1601	1623	оперативна интервенция
traumatology_ankle fractures_43_BGgpt	PROCEDURE	1692	1709	вътрешна фиксация
traumatology_ankle fractures_43_BGgpt	PROCEDURE	1711	1716	ОРВИФ
traumatology_ankle fractures_43_BGgpt	PROCEDURE	1847	1857	операцията
traumatology_ankle fractures_43_BGgpt	PROCEDURE	2017	2042	антибиотична профилактика
traumatology_ankle fractures_43_BGgpt	MEDICATION	2045	2054	цефазолин
traumatology_ankle fractures_44_BGgpt	SYMPTOM	355	366	силна болка
traumatology_ankle fractures_44_BGgpt	SYMPTOM	368	372	оток
traumatology_ankle fractures_44_BGgpt	SYMPTOM	601	612	силна болка
traumatology_ankle fractures_44_BGgpt	SYMPTOM	615	619	оток
traumatology_ankle fractures_44_BGgpt	SYMPTOM	844	848	оток
traumatology_ankle fractures_44_BGgpt	PROCEDURE	988	1002	рентгенографии
traumatology_ankle fractures_44_BGgpt	SYMPTOM	1079	1087	фрактури
traumatology_ankle fractures_44_BGgpt	SYMPTOM	1139	1161	двумалеоларна фрактура
traumatology_ankle fractures_44_BGgpt	DISEASE	1165	1179	глезенна става
traumatology_ankle fractures_44_BGgpt	DISEASE	1243	1261	костна болезненост
traumatology_ankle fractures_44_BGgpt	PROCEDURE	1459	1466	Лечение
traumatology_ankle fractures_44_BGgpt	SYMPTOM	1480	1494	нестабилността
traumatology_ankle fractures_44_BGgpt	SYMPTOM	1573	1585	нестабилност
traumatology_ankle fractures_44_BGgpt	PROCEDURE	1662	1670	операция
traumatology_ankle fractures_44_BGgpt	PROCEDURE	1745	1762	вътрешна фиксация
traumatology_ankle fractures_44_BGgpt	PROCEDURE	1764	1768	ОРВФ
traumatology_ankle fractures_44_BGgpt	PROCEDURE	1808	1840	наместване на костните фрагменти
traumatology_ankle fractures_44_BGgpt	PROCEDURE	1843	1855	стабилизация
traumatology_ankle fractures_44_BGgpt	MEDICATION	1858	1888	метален остеосинтезен материал
traumatology_ankle fractures_44_BGgpt	PROCEDURE	1890	1900	Операцията
traumatology_ankle fractures_44_BGgpt	PROCEDURE	1985	1992	лечение
traumatology_ankle fractures_44_BGgpt	PROCEDURE	1995	2005	аналгетици
traumatology_ankle fractures_45_BGgpt	SYMPTOM	338	360	внезапна и силна болка
traumatology_ankle fractures_45_BGgpt	DISEASE	828	858	нестабилна фрактура на глезена
traumatology_ankle fractures_45_BGgpt	PROCEDURE	1037	1051	външна ротация
traumatology_ankle fractures_45_BGgpt	DISEASE	1378	1445	нестабилна бималеоларна фрактура на глезена без фрактура на Мезонёв
traumatology_ankle fractures_45_BGgpt	PROCEDURE	1593	1610	вътрешна фиксация
traumatology_ankle fractures_45_BGgpt	PROCEDURE	1612	1616	ОРИФ
traumatology_ankle fractures_45_BGgpt	PROCEDURE	1783	1793	Операцията
traumatology_ankle fractures_45_BGgpt	PROCEDURE	1873	1885	Обезболяване
traumatology_ankle fractures_45_BGgpt	MEDICATION	1888	1899	парацетамол
traumatology_ankle fractures_45_BGgpt	MEDICATION	1942	1951	ибупрофен
traumatology_ankle fractures_45_BGgpt	MEDICATION	2013	2038	Профилактични антибиотици
traumatology_ankle fractures_45_BGgpt	MEDICATION	2040	2049	цефазолин
traumatology_ankle fractures_45_BGgpt	PROCEDURE	2083	2093	операцията
traumatology_ankle fractures_45_BGgpt	DISEASE	2165	2173	инфекция
traumatology_ankle fractures_46_BGgpt	PROCEDURE	320	329	лечението
traumatology_ankle fractures_46_BGgpt	DISEASE	444	470	висок енергиен травматизъм
traumatology_ankle fractures_46_BGgpt	SYMPTOM	557	584	невъзможност за натоварване
traumatology_ankle fractures_46_BGgpt	PROCEDURE	782	796	рентгенографии
traumatology_ankle fractures_46_BGgpt	PROCEDURE	1114	1128	рентгенографии
traumatology_ankle fractures_46_BGgpt	PROCEDURE	1360	1363	ЯМР
traumatology_ankle fractures_46_BGgpt	PROCEDURE	1513	1527	Рентгенография
traumatology_ankle fractures_46_BGgpt	DISEASE	1581	1605	тибиоталарна суглуксация
traumatology_ankle fractures_46_BGgpt	SYMPTOM	1653	1685	нестабилност на глезенната става
traumatology_ankle fractures_46_BGgpt	PROCEDURE	1690	1697	Лечение
traumatology_ankle fractures_47_BGgpt	SYMPTOM	457	461	оток
traumatology_ankle fractures_47_BGgpt	OBSERVATION	518	538	Диагностични находки
traumatology_ankle fractures_47_BGgpt	PROCEDURE	570	584	рентгенография
traumatology_ankle fractures_47_BGgpt	DISEASE	905	925	двумалеолен фрактура
traumatology_ankle fractures_47_BGgpt	PROCEDURE	1075	1089	рентгенография
traumatology_ankle fractures_47_BGgpt	PROCEDURE	1094	1108	външна ротация
traumatology_ankle fractures_47_BGgpt	DISEASE	1125	1149	тибиоталарна сублоксация
traumatology_ankle fractures_47_BGgpt	PROCEDURE	1249	1263	рентгенография
traumatology_ankle fractures_47_BGgpt	PROCEDURE	1326	1333	Лечение
traumatology_ankle fractures_47_BGgpt	DISEASE	1370	1390	двумалеолен фрактура
traumatology_ankle fractures_47_BGgpt	DISEASE	1404	1428	тибиоталарна сублоксация
traumatology_ankle fractures_47_BGgpt	PROCEDURE	1494	1511	вътрешна фиксация
traumatology_ankle fractures_47_BGgpt	PROCEDURE	1513	1517	ОРВФ
traumatology_ankle fractures_47_BGgpt	PROCEDURE	1649	1663	рентгенография
traumatology_ankle fractures_47_BGgpt	MEDICATION	1803	1812	Ибупрофен
traumatology_ankle fractures_47_BGgpt	MEDICATION	1838	1849	Парацетамол
traumatology_ankle fractures_48_BGgpt	SYMPTOM	608	612	оток
traumatology_ankle fractures_48_BGgpt	SYMPTOM	977	985	фрактури
traumatology_ankle fractures_48_BGgpt	OBSERVATION	1034	1057	без значимо разместване
traumatology_ankle fractures_48_BGgpt	SYMPTOM	1059	1103	Не се наблюдава фрактура на Мейсън-Льовендал
traumatology_ankle fractures_48_BGgpt	SYMPTOM	1243	1251	Диагноза
traumatology_ankle fractures_48_BGgpt	DISEASE	1255	1276	Бималеоларна фрактура
traumatology_ankle fractures_48_BGgpt	PROCEDURE	1359	1374	Начално лечение
traumatology_ankle fractures_48_BGgpt	MEDICATION	1413	1416	лед
traumatology_ankle fractures_48_BGgpt	PROCEDURE	1418	1439	повдигане на крайника
traumatology_ankle fractures_48_BGgpt	PROCEDURE	1442	1452	аналгетици
traumatology_ankle fractures_48_BGgpt	MEDICATION	1488	1501	временна шина
traumatology_ankle fractures_48_BGgpt	PROCEDURE	1534	1551	Хирургична оценка
traumatology_ankle fractures_48_BGgpt	PROCEDURE	1567	1581	щателна оценка
traumatology_ankle fractures_48_BGgpt	PROCEDURE	1725	1746	консервативно лечение
traumatology_ankle fractures_48_BGgpt	PROCEDURE	1752	1773	Консервативно лечение
traumatology_ankle fractures_49_BGgpt	DISEASE	267	297	Двустранни фрактури на глезена
traumatology_ankle fractures_49_BGgpt	DISEASE	300	322	Второстепенна диагноза
traumatology_ankle fractures_49_BGgpt	DISEASE	326	330	Няма
traumatology_ankle fractures_49_BGgpt	DISEASE	333	340	Алергии
traumatology_ankle fractures_49_BGgpt	SYMPTOM	344	358	Не са известни
traumatology_ankle fractures_49_BGgpt	SYMPTOM	520	531	силна болка
traumatology_ankle fractures_49_BGgpt	SYMPTOM	534	573	невъзможност да стъпва на двата глезена
traumatology_ankle fractures_49_BGgpt	PROCEDURE	575	596	Първоначалната оценка
traumatology_ankle fractures_49_BGgpt	PROCEDURE	1686	1690	ОРВФ
traumatology_ankle fractures_49_BGgpt	PROCEDURE	1850	1860	Операцията
traumatology_ankle fractures_49_BGgpt	PROCEDURE	1932	1954	Следоперативните грижи
traumatology_ankle fractures_49_BGgpt	PROCEDURE	1965	1977	обезболяване
traumatology_ankle fractures_49_BGgpt	MEDICATION	1980	1999	Ацетаминофен 650 mg
traumatology_ankle fractures_49_BGgpt	MEDICATION	2028	2044	Ибупрофен 400 mg
traumatology_ankle fractures_4_BGgpt	DISEASE	1013	1039	нестабилна глезенна травма
traumatology_ankle fractures_4_BGgpt	PROCEDURE	1124	1138	рентгенография
traumatology_ankle fractures_4_BGgpt	PROCEDURE	1325	1339	рентгенография
traumatology_ankle fractures_4_BGgpt	PROCEDURE	1426	1433	Лечение
traumatology_ankle fractures_4_BGgpt	PROCEDURE	1711	1735	Хирургичната интервенция
traumatology_ankle fractures_4_BGgpt	PROCEDURE	1832	1853	режим на обезболяване
traumatology_ankle fractures_4_BGgpt	MEDICATION	1864	1875	Парацетамол
traumatology_ankle fractures_4_BGgpt	MEDICATION	1902	1911	Ибупрофен
traumatology_ankle fractures_4_BGgpt	MEDICATION	2037	2047	Цефалексин
traumatology_ankle fractures_5_BGgpt	SYMPTOM	792	825	Положителен костен болков синдром
traumatology_ankle fractures_5_BGgpt	PROCEDURE	973	987	Рентгенографии
traumatology_ankle fractures_5_BGgpt	DISEASE	1137	1169	нестабилност на глезенната става
traumatology_ankle fractures_5_BGgpt	PROCEDURE	1183	1197	рентгенография
traumatology_ankle fractures_5_BGgpt	PROCEDURE	1202	1216	външна ротация
traumatology_ankle fractures_5_BGgpt	DISEASE	1229	1248	талусна сублуксация
traumatology_ankle fractures_5_BGgpt	DISEASE	1300	1332	нестабилност на глезенната става
traumatology_ankle fractures_5_BGgpt	SYMPTOM	1461	1491	Нестабилни фрактури на глезена
traumatology_ankle fractures_5_BGgpt	DISEASE	1582	1601	талусна сублуксация
traumatology_ankle fractures_5_BGgpt	MEDICATION	1754	1772	отворена репозиция
traumatology_ankle fractures_5_BGgpt	MEDICATION	1775	1792	вътрешна фиксация
traumatology_ankle fractures_5_BGgpt	MEDICATION	1794	1798	ОРВФ
traumatology_ankle fractures_6_BGgpt	SYMPTOM	443	461	силна болка и оток
traumatology_ankle fractures_6_BGgpt	SYMPTOM	481	520	невъзможност за натоварване на крайника
traumatology_ankle fractures_6_BGgpt	PROCEDURE	728	742	рентгенография
traumatology_ankle fractures_6_BGgpt	SYMPTOM	774	813	невъзможността му да натоварва крайника
traumatology_ankle fractures_6_BGgpt	DISEASE	1033	1061	нестабилна травма на глезена
traumatology_ankle fractures_6_BGgpt	PROCEDURE	1063	1085	Допълнителният преглед
traumatology_ankle fractures_6_BGgpt	PROCEDURE	1169	1183	рентгенографии
traumatology_ankle fractures_6_BGgpt	PROCEDURE	1305	1319	рентгенография
traumatology_ankle fractures_6_BGgpt	PROCEDURE	1676	1680	ОРВФ
traumatology_ankle fractures_6_BGgpt	PROCEDURE	1806	1816	Операцията
traumatology_ankle fractures_6_BGgpt	PROCEDURE	1855	1869	рентгенографии
traumatology_ankle fractures_6_BGgpt	MEDICATION	1943	2005	Цефазолин 2 г и/в преоперативно като антибиотична профилактика
traumatology_ankle fractures_6_BGgpt	MEDICATION	2010	2021	Парацетамол
traumatology_ankle fractures_6_BGgpt	MEDICATION	2083	2092	Ибупрофен
traumatology_ankle fractures_7_BGgpt	SYMPTOM	449	472	незабавна и силна болка
traumatology_ankle fractures_7_BGgpt	SYMPTOM	499	503	оток
traumatology_ankle fractures_7_BGgpt	PROCEDURE	671	685	рентгенографии
traumatology_ankle fractures_7_BGgpt	PROCEDURE	1140	1154	рентгенография
traumatology_ankle fractures_7_BGgpt	PROCEDURE	1159	1173	външна ротация
traumatology_ankle fractures_7_BGgpt	PROCEDURE	1590	1604	рентгенографии
traumatology_ankle fractures_7_BGgpt	PROCEDURE	1810	1832	хирургична интервенция
traumatology_ankle fractures_7_BGgpt	MEDICATION	1963	1967	ОРИФ
traumatology_ankle fractures_8_BGgpt	SYMPTOM	356	367	силна болка
traumatology_ankle fractures_8_BGgpt	SYMPTOM	380	429	невъзможност за натоварване на засегнатия крайник
traumatology_ankle fractures_8_BGgpt	SYMPTOM	577	616	невъзможността му да натоварва крайника
traumatology_ankle fractures_8_BGgpt	PROCEDURE	735	749	рентгенографии
traumatology_ankle fractures_8_BGgpt	SYMPTOM	838	846	фрактури
traumatology_ankle fractures_8_BGgpt	PROCEDURE	979	993	външна ротация
traumatology_ankle fractures_8_BGgpt	DISEASE	1001	1026	тибио-таларна сублуксация
traumatology_ankle fractures_8_BGgpt	PROCEDURE	1155	1175	неврологичен преглед
traumatology_ankle fractures_8_BGgpt	DISEASE	1491	1516	тибио-таларна сублуксация
traumatology_ankle fractures_8_BGgpt	PROCEDURE	1563	1580	вътрешна фиксация
traumatology_ankle fractures_8_BGgpt	PROCEDURE	1582	1586	ОРВФ
traumatology_ankle fractures_8_BGgpt	MEDICATION	1924	1933	Ибупрофен
traumatology_ankle fractures_8_BGgpt	MEDICATION	1996	2007	Парацетамол
traumatology_ankle fractures_8_BGgpt	PROCEDURE	2045	2070	допълнително обезболяване
traumatology_ankle fractures_8_BGgpt	MEDICATION	2074	2084	Цефалексин
traumatology_ankle fractures_9_BGgpt	SYMPTOM	877	910	Положителен костен болков симптом
traumatology_ankle fractures_9_BGgpt	PROCEDURE	1050	1064	Рентгенографии
traumatology_ankle fractures_9_BGgpt	DISEASE	1176	1184	фрактури
traumatology_ankle fractures_9_BGgpt	DISEASE	1242	1274	нестабилност на глезенната става
traumatology_ankle fractures_9_BGgpt	PROCEDURE	1280	1318	Рентгенография при екстернална ротация
traumatology_ankle fractures_9_BGgpt	DISEASE	1327	1370	поднормална позиция на тибиоталaрната става
traumatology_ankle fractures_9_BGgpt	DISEASE	1422	1441	ставна нестабилност
traumatology_ankle fractures_9_BGgpt	PROCEDURE	1447	1461	Рентгенографии
traumatology_ankle fractures_9_BGgpt	OBSERVATION	1616	1624	Диагноза
traumatology_ankle fractures_9_BGgpt	DISEASE	1630	1672	Двумалеоларна фрактура на глезенната става
traumatology_ankle fractures_9_BGgpt	DISEASE	1675	1718	поднормална позиция на тибиоталaрната става
traumatology_ankle fractures_9_BGgpt	DISEASE	1735	1767	нестабилност на глезенната става
traumatology_ankle fractures_9_BGgpt	PROCEDURE	1772	1791	Лечение и поведение
traumatology_ankle fractures_9_BGgpt	DISEASE	1872	1891	ставна нестабилност
traumatology_distal humeral fractures_0_BGgpt	SYMPTOM	360	371	силна болка
traumatology_distal humeral fractures_0_BGgpt	SYMPTOM	374	378	оток
traumatology_distal humeral fractures_0_BGgpt	SYMPTOM	608	612	оток
traumatology_distal humeral fractures_0_BGgpt	SYMPTOM	744	750	подута
traumatology_distal humeral fractures_0_BGgpt	SYMPTOM	820	841	Невро-съдовият статус
traumatology_distal humeral fractures_0_BGgpt	SYMPTOM	844	851	запазен
traumatology_distal humeral fractures_0_BGgpt	PROCEDURE	1012	1026	Рентгенография
traumatology_distal humeral fractures_0_BGgpt	SYMPTOM	1109	1134	задна мастна възглавничка
traumatology_distal humeral fractures_0_BGgpt	SYMPTOM	1137	1175	отклонение на предната хумерална линия
traumatology_distal humeral fractures_0_BGgpt	PROCEDURE	1258	1279	Компютърна томография
traumatology_distal humeral fractures_0_BGgpt	PROCEDURE	1281	1283	КТ
traumatology_distal humeral fractures_0_BGgpt	PROCEDURE	1301	1303	КТ
traumatology_distal humeral fractures_0_BGgpt	PROCEDURE	1414	1421	Лечение
traumatology_distal humeral fractures_0_BGgpt	PROCEDURE	1536	1574	отворена репозиция и вътрешна фиксация
traumatology_distal humeral fractures_0_BGgpt	PROCEDURE	1651	1689	Отворена репозиция и вътрешна фиксация
traumatology_distal humeral fractures_0_BGgpt	PROCEDURE	1728	1738	Операцията
traumatology_distal humeral fractures_0_BGgpt	MEDICATION	1820	1838	Цефазолин 1 g i.v.
traumatology_distal humeral fractures_10_BGgpt	DISEASE	276	307	Травма на дясната лакътна става
traumatology_distal humeral fractures_10_BGgpt	SYMPTOM	539	544	болка
traumatology_distal humeral fractures_10_BGgpt	SYMPTOM	546	550	оток
traumatology_distal humeral fractures_10_BGgpt	SYMPTOM	553	574	ограничена подвижност
traumatology_distal humeral fractures_10_BGgpt	SYMPTOM	944	951	болката
traumatology_distal humeral fractures_10_BGgpt	PROCEDURE	1191	1205	рентгенография
traumatology_distal humeral fractures_10_BGgpt	DISEASE	1332	1372	задместена дистална фрактура на хумеруса
traumatology_distal humeral fractures_10_BGgpt	DISEASE	1500	1540	задместена дистална фрактура на хумеруса
traumatology_distal humeral fractures_10_BGgpt	PROCEDURE	1655	1673	оперативно лечение
traumatology_distal humeral fractures_10_BGgpt	PROCEDURE	1732	1749	вътрешна фиксация
traumatology_distal humeral fractures_10_BGgpt	PROCEDURE	1751	1755	ОРИФ
traumatology_distal humeral fractures_10_BGgpt	PROCEDURE	1907	1921	рентгенография
traumatology_distal humeral fractures_10_BGgpt	PROCEDURE	2083	2090	терапия
traumatology_distal humeral fractures_10_BGgpt	MEDICATION	2127	2146	Ацетаминофен 650 mg
traumatology_distal humeral fractures_10_BGgpt	MEDICATION	2175	2191	Ибупрофен 400 mg
traumatology_distal humeral fractures_11_BGgpt	SYMPTOM	589	600	силна болка
traumatology_distal humeral fractures_11_BGgpt	SYMPTOM	603	607	оток
traumatology_distal humeral fractures_11_BGgpt	SYMPTOM	718	728	деформация
traumatology_distal humeral fractures_11_BGgpt	PROCEDURE	833	847	рентгенографии
traumatology_distal humeral fractures_11_BGgpt	SYMPTOM	942	978	постериорно мастно-възглавничен знак
traumatology_distal humeral fractures_11_BGgpt	SYMPTOM	981	1019	отклонение на предната хумерална линия
traumatology_distal humeral fractures_11_BGgpt	MEDICATION	1264	1277	морфин сулфат
traumatology_distal humeral fractures_11_BGgpt	PROCEDURE	1401	1426	пълна невро-съдова оценка
traumatology_distal humeral fractures_11_BGgpt	PROCEDURE	1602	1624	Хирургична интервенция
traumatology_distal humeral fractures_11_BGgpt	PROCEDURE	1673	1691	отворена репозиция
traumatology_distal humeral fractures_11_BGgpt	PROCEDURE	1694	1711	вътрешна фиксация
traumatology_distal humeral fractures_11_BGgpt	PROCEDURE	1713	1717	ОРИФ
traumatology_distal humeral fractures_11_BGgpt	PROCEDURE	1812	1822	Операцията
traumatology_distal humeral fractures_11_BGgpt	PROCEDURE	1872	1901	Следоперативни рентгенографии
traumatology_distal humeral fractures_12_BGgpt	SYMPTOM	481	492	силна болка
traumatology_distal humeral fractures_12_BGgpt	PROCEDURE	536	557	Първоначалната оценка
traumatology_distal humeral fractures_12_BGgpt	OBSERVATION	650	670	Диагностични находки
traumatology_distal humeral fractures_12_BGgpt	PROCEDURE	688	702	рентгенография
traumatology_distal humeral fractures_12_BGgpt	SYMPTOM	753	782	наличие на заден мастен валик
traumatology_distal humeral fractures_12_BGgpt	PROCEDURE	1045	1070	пълен невро-съдов преглед
traumatology_distal humeral fractures_12_BGgpt	PROCEDURE	1382	1386	ОРВФ
traumatology_distal humeral fractures_12_BGgpt	PROCEDURE	1389	1399	Операцията
traumatology_distal humeral fractures_12_BGgpt	PROCEDURE	1557	1564	терапия
traumatology_distal humeral fractures_12_BGgpt	PROCEDURE	1568	1589	овладяване на болката
traumatology_distal humeral fractures_12_BGgpt	PROCEDURE	1592	1647	профилактика на инфекцията:  
- **Овладяване на болката
traumatology_distal humeral fractures_12_BGgpt	MEDICATION	1651	1663	Ацетаминофен
traumatology_distal humeral fractures_12_BGgpt	DISEASE	1708	1734	Профилактика на инфекцията
traumatology_distal humeral fractures_12_BGgpt	MEDICATION	1738	1747	Цефазолин
traumatology_distal humeral fractures_12_BGgpt	PROCEDURE	1789	1799	операцията
traumatology_distal humeral fractures_12_BGgpt	SYMPTOM	1917	1937	признаци на инфекция
traumatology_distal humeral fractures_13_BGgpt	DISEASE	480	496	значителна болка
traumatology_distal humeral fractures_13_BGgpt	PROCEDURE	545	567	Първоначалният преглед
traumatology_distal humeral fractures_13_BGgpt	PROCEDURE	670	684	рентгенография
traumatology_distal humeral fractures_13_BGgpt	SYMPTOM	735	765	наличие на мастна възглавничка
traumatology_distal humeral fractures_13_BGgpt	OBSERVATION	767	803	индикираща наличие на ставна течност
traumatology_distal humeral fractures_13_BGgpt	DISEASE	813	851	отклонение на предната хумерална линия
traumatology_distal humeral fractures_13_BGgpt	DISEASE	867	918	дислоцирана фрактура на дисталната част на хумеруса
traumatology_distal humeral fractures_13_BGgpt	SYMPTOM	1075	1102	симетрични дистални пулсове
traumatology_distal humeral fractures_13_BGgpt	DISEASE	1205	1256	дислоцирана фрактура на дисталната част на хумеруса
traumatology_distal humeral fractures_13_BGgpt	PROCEDURE	1402	1430	имобилизация на дясната ръка
traumatology_distal humeral fractures_13_BGgpt	MEDICATION	1443	1447	шина
traumatology_distal humeral fractures_13_BGgpt	PROCEDURE	1465	1484	аналгетична терапия
traumatology_distal humeral fractures_13_BGgpt	MEDICATION	1511	1522	Парацетамол
traumatology_distal humeral fractures_13_BGgpt	MEDICATION	1568	1577	Ибупрофен
traumatology_distal humeral fractures_13_BGgpt	PROCEDURE	1718	1735	оперативна намеса
traumatology_distal humeral fractures_13_BGgpt	PROCEDURE	1804	1821	вътрешна фиксация
traumatology_distal humeral fractures_13_BGgpt	PROCEDURE	1823	1827	ОРВФ
traumatology_distal humeral fractures_14_BGgpt	SYMPTOM	503	507	оток
traumatology_distal humeral fractures_14_BGgpt	SYMPTOM	612	616	оток
traumatology_distal humeral fractures_14_BGgpt	SYMPTOM	704	722	Невро-съдов статус
traumatology_distal humeral fractures_14_BGgpt	SYMPTOM	725	733	интактен
traumatology_distal humeral fractures_14_BGgpt	SYMPTOM	943	967	мастен възглавничен знак
traumatology_distal humeral fractures_14_BGgpt	PROCEDURE	1302	1319	оперативна намеса
traumatology_distal humeral fractures_14_BGgpt	PROCEDURE	1345	1363	отворена репозиция
traumatology_distal humeral fractures_14_BGgpt	PROCEDURE	1366	1383	вътрешна фиксация
traumatology_distal humeral fractures_14_BGgpt	PROCEDURE	1385	1389	ОРИФ
traumatology_distal humeral fractures_14_BGgpt	PROCEDURE	1428	1438	Операцията
traumatology_distal humeral fractures_14_BGgpt	MEDICATION	1663	1672	IV морфин
traumatology_distal humeral fractures_14_BGgpt	MEDICATION	1748	1770	перорален ацетаминофен
traumatology_distal humeral fractures_14_BGgpt	MEDICATION	1796	1805	ибупрофен
traumatology_distal humeral fractures_14_BGgpt	MEDICATION	1856	1872	Цефазолин 1 g IV
traumatology_distal humeral fractures_14_BGgpt	DISEASE	1943	1969	хирургични раневи инфекции
traumatology_distal humeral fractures_15_BGgpt	PROCEDURE	391	408	домакинска работа
traumatology_distal humeral fractures_15_BGgpt	DISEASE	450	471	дясната лакътна става
traumatology_distal humeral fractures_15_BGgpt	PROCEDURE	495	520	подробен клиничен преглед
traumatology_distal humeral fractures_15_BGgpt	PROCEDURE	523	549	рентгенографско изследване
traumatology_distal humeral fractures_15_BGgpt	DISEASE	576	601	задна мастна възглавничка
traumatology_distal humeral fractures_15_BGgpt	DISEASE	604	642	отклонение на предната хумерална линия
traumatology_distal humeral fractures_15_BGgpt	OBSERVATION	751	771	Диагностични находки
traumatology_distal humeral fractures_15_BGgpt	DISEASE	814	835	дясната лакътна става
traumatology_distal humeral fractures_15_BGgpt	DISEASE	844	869	задна мастна възглавничка
traumatology_distal humeral fractures_15_BGgpt	DISEASE	872	910	отклонение на предната хумерална линия
traumatology_distal humeral fractures_15_BGgpt	PROCEDURE	1349	1367	оперативно лечение
traumatology_distal humeral fractures_15_BGgpt	PROCEDURE	1415	1433	оперативно лечение
traumatology_distal humeral fractures_15_BGgpt	DISEASE	1437	1447	фрактурата
traumatology_distal humeral fractures_15_BGgpt	PROCEDURE	1471	1488	вътрешна фиксация
traumatology_distal humeral fractures_15_BGgpt	PROCEDURE	1490	1494	ОРИФ
traumatology_distal humeral fractures_15_BGgpt	DISEASE	1653	1663	фрактурата
traumatology_distal humeral fractures_15_BGgpt	MEDICATION	1698	1714	Ибупрофен 400 мг
traumatology_distal humeral fractures_15_BGgpt	MEDICATION	1776	1791	Парацетамол 1 г
traumatology_distal humeral fractures_15_BGgpt	MEDICATION	1856	1873	Цефалексин 500 мг
traumatology_distal humeral fractures_16_BGgpt	SYMPTOM	347	358	силна болка
traumatology_distal humeral fractures_16_BGgpt	SYMPTOM	361	365	оток
traumatology_distal humeral fractures_16_BGgpt	SYMPTOM	595	599	оток
traumatology_distal humeral fractures_16_BGgpt	SYMPTOM	753	757	оток
traumatology_distal humeral fractures_16_BGgpt	SYMPTOM	896	914	запазена сетивност
traumatology_distal humeral fractures_16_BGgpt	SYMPTOM	1175	1205	дислоцирано предно мастно тяло
traumatology_distal humeral fractures_16_BGgpt	SYMPTOM	1236	1250	ставна течност
traumatology_distal humeral fractures_16_BGgpt	DISEASE	1357	1374	дисталния хумерус
traumatology_distal humeral fractures_16_BGgpt	MEDICATION	1504	1506	КТ
traumatology_distal humeral fractures_16_BGgpt	DISEASE	1560	1577	дисталния хумерус
traumatology_distal humeral fractures_16_BGgpt	DISEASE	1725	1742	дисталния хумерус
traumatology_distal humeral fractures_16_BGgpt	PROCEDURE	1773	1790	хирургична намеса
traumatology_distal humeral fractures_16_BGgpt	PROCEDURE	1793	1817	невро-васкуларен контрол
traumatology_distal humeral fractures_16_BGgpt	PROCEDURE	1938	1954	успешна операция
traumatology_distal humeral fractures_17_BGgpt	PROCEDURE	287	307	Ортопедична хирургия
traumatology_distal humeral fractures_17_BGgpt	PROCEDURE	309	321	Физиотерапия
traumatology_distal humeral fractures_17_BGgpt	DISEASE	415	426	силна болка
traumatology_distal humeral fractures_17_BGgpt	SYMPTOM	429	433	оток
traumatology_distal humeral fractures_17_BGgpt	SYMPTOM	499	507	Анамнеза
traumatology_distal humeral fractures_17_BGgpt	DISEASE	640	651	силна болка
traumatology_distal humeral fractures_17_BGgpt	SYMPTOM	975	979	оток
traumatology_distal humeral fractures_17_BGgpt	PROCEDURE	1144	1177	Дисталното невросъдово изследване
traumatology_distal humeral fractures_17_BGgpt	PROCEDURE	1287	1307	Диагностични находки
traumatology_distal humeral fractures_17_BGgpt	PROCEDURE	1317	1331	Рентгенографии
traumatology_distal humeral fractures_17_BGgpt	PROCEDURE	1624	1645	Компютърна томография
traumatology_distal humeral fractures_18_BGgpt	SYMPTOM	408	426	силна болка и оток
traumatology_distal humeral fractures_18_BGgpt	SYMPTOM	632	650	силна болка и оток
traumatology_distal humeral fractures_18_BGgpt	SYMPTOM	807	811	оток
traumatology_distal humeral fractures_18_BGgpt	DISEASE	840	857	дисталния хумерус
traumatology_distal humeral fractures_18_BGgpt	PROCEDURE	938	967	пълна невро-васкуларна оценка
traumatology_distal humeral fractures_18_BGgpt	SYMPTOM	983	1008	запазени дистални пулсове
traumatology_distal humeral fractures_18_BGgpt	PROCEDURE	1109	1123	Рентгенографии
traumatology_distal humeral fractures_18_BGgpt	DISEASE	1215	1232	дисталния хумерус
traumatology_distal humeral fractures_18_BGgpt	SYMPTOM	1235	1257	видим заден мастен вал
traumatology_distal humeral fractures_18_BGgpt	SYMPTOM	1274	1288	ставна течност
traumatology_distal humeral fractures_18_BGgpt	SYMPTOM	1449	1457	аномалии
traumatology_distal humeral fractures_18_BGgpt	DISEASE	1525	1542	дисталния хумерус
traumatology_distal humeral fractures_18_BGgpt	PROCEDURE	1749	1772	терапия за обезболяване
traumatology_distal humeral fractures_18_BGgpt	MEDICATION	1775	1786	Парацетамол
traumatology_distal humeral fractures_18_BGgpt	MEDICATION	1813	1822	Ибупрофен
traumatology_distal humeral fractures_19_BGgpt	SYMPTOM	430	441	силна болка
traumatology_distal humeral fractures_19_BGgpt	SYMPTOM	444	465	ограничена подвижност
traumatology_distal humeral fractures_19_BGgpt	PROCEDURE	507	528	първоначалния преглед
traumatology_distal humeral fractures_19_BGgpt	SYMPTOM	543	560	оток и деформация
traumatology_distal humeral fractures_19_BGgpt	DISEASE	575	592	дисталния хумерус
traumatology_distal humeral fractures_19_BGgpt	PROCEDURE	594	617	Прегледът на анамнезата
traumatology_distal humeral fractures_19_BGgpt	PROCEDURE	714	744	пълен невро-васкуларен преглед
traumatology_distal humeral fractures_19_BGgpt	SYMPTOM	770	796	запазена дистална пулсация
traumatology_distal humeral fractures_19_BGgpt	DISEASE	1214	1231	дисталния хумерус
traumatology_distal humeral fractures_19_BGgpt	DISEASE	1486	1503	дисталния хумерус
traumatology_distal humeral fractures_19_BGgpt	PROCEDURE	1508	1515	Лечение
traumatology_distal humeral fractures_19_BGgpt	PROCEDURE	1625	1642	вътрешна фиксация
traumatology_distal humeral fractures_19_BGgpt	PROCEDURE	1644	1648	ОРВФ
traumatology_distal humeral fractures_19_BGgpt	PROCEDURE	1906	1918	Обезболяване
traumatology_distal humeral fractures_19_BGgpt	PROCEDURE	1944	1951	лечение
traumatology_distal humeral fractures_19_BGgpt	MEDICATION	1954	1966	ацетаминофен
traumatology_distal humeral fractures_19_BGgpt	MEDICATION	2005	2014	ибупрофен
traumatology_distal humeral fractures_19_BGgpt	PROCEDURE	2073	2093	Контролът на болката
traumatology_distal humeral fractures_19_BGgpt	PROCEDURE	2147	2172	Антибиотична профилактика
traumatology_distal humeral fractures_19_BGgpt	MEDICATION	2185	2194	цефазолин
traumatology_distal humeral fractures_1_BGgpt	DISEASE	249	277	Фрактури на дистален хумерус
traumatology_distal humeral fractures_1_BGgpt	SYMPTOM	302	306	Няма
traumatology_distal humeral fractures_1_BGgpt	SYMPTOM	501	519	силна болка и оток
traumatology_distal humeral fractures_1_BGgpt	PROCEDURE	556	578	Първоначалният преглед
traumatology_distal humeral fractures_1_BGgpt	SYMPTOM	586	605	ограничени движения
traumatology_distal humeral fractures_1_BGgpt	SYMPTOM	613	625	болка и оток
traumatology_distal humeral fractures_1_BGgpt	SYMPTOM	629	650	отчетлива болезненост
traumatology_distal humeral fractures_1_BGgpt	PROCEDURE	695	717	Невро-съдовият преглед
traumatology_distal humeral fractures_1_BGgpt	PROCEDURE	913	927	рентгенография
traumatology_distal humeral fractures_1_BGgpt	SYMPTOM	1219	1274	Радиокапителната линия не пресичаше правилно капителума
traumatology_distal humeral fractures_1_BGgpt	PROCEDURE	1472	1489	открита репозиция
traumatology_distal humeral fractures_1_BGgpt	PROCEDURE	1492	1509	вътрешна фиксация
traumatology_distal humeral fractures_1_BGgpt	PROCEDURE	1511	1515	ОРВФ
traumatology_distal humeral fractures_1_BGgpt	DISEASE	1520	1551	фрактурата на дисталния хумерус
traumatology_distal humeral fractures_1_BGgpt	PROCEDURE	1559	1569	операцията
traumatology_distal humeral fractures_1_BGgpt	MEDICATION	1679	1698	ацетаминофен 650 mg
traumatology_distal humeral fractures_1_BGgpt	PROCEDURE	1772	1782	Операцията
traumatology_distal humeral fractures_1_BGgpt	MEDICATION	2010	2027	цефалексин 500 mg
traumatology_distal humeral fractures_1_BGgpt	PROCEDURE	2056	2080	профилактика на инфекция
traumatology_distal humeral fractures_20_BGgpt	DISEASE	228	255	Дистални хумерални фрактури
traumatology_distal humeral fractures_20_BGgpt	PROCEDURE	590	608	Първичният преглед
traumatology_distal humeral fractures_20_BGgpt	SYMPTOM	618	644	ограничен обем на движение
traumatology_distal humeral fractures_20_BGgpt	PROCEDURE	895	909	рентгенографии
traumatology_distal humeral fractures_20_BGgpt	PROCEDURE	1165	1172	лечение
traumatology_distal humeral fractures_20_BGgpt	DISEASE	1176	1203	дистални хумерални фрактури
traumatology_distal humeral fractures_20_BGgpt	DISEASE	1247	1285	разместена дистална хумерална фрактура
traumatology_distal humeral fractures_20_BGgpt	SYMPTOM	1287	1314	изискваща хирургична намеса
traumatology_distal humeral fractures_20_BGgpt	PROCEDURE	1340	1348	операция
traumatology_distal humeral fractures_20_BGgpt	PROCEDURE	1372	1389	вътрешна фиксация
traumatology_distal humeral fractures_20_BGgpt	PROCEDURE	1391	1395	ОРВФ
traumatology_distal humeral fractures_20_BGgpt	PROCEDURE	1499	1506	лечение
traumatology_distal humeral fractures_20_BGgpt	PROCEDURE	1515	1525	операцията
traumatology_distal humeral fractures_20_BGgpt	PROCEDURE	1582	1594	профилактика
traumatology_distal humeral fractures_20_BGgpt	MEDICATION	1621	1630	Ибупрофен
traumatology_distal humeral fractures_20_BGgpt	MEDICATION	1688	1700	Ацетаминофен
traumatology_distal humeral fractures_20_BGgpt	MEDICATION	1772	1782	Цефалексин
traumatology_distal humeral fractures_20_BGgpt	PROCEDURE	1828	1867	профилактика на постоперативна инфекция
traumatology_distal humeral fractures_20_BGgpt	PROCEDURE	1903	1910	лечение
traumatology_distal humeral fractures_21_BGgpt	DISEASE	362	401	Фрактури на дисталната част на хумеруса
traumatology_distal humeral fractures_21_BGgpt	SYMPTOM	591	603	болка и оток
traumatology_distal humeral fractures_21_BGgpt	PROCEDURE	640	661	Първоначалната оценка
traumatology_distal humeral fractures_21_BGgpt	SYMPTOM	704	716	болка и оток
traumatology_distal humeral fractures_21_BGgpt	PROCEDURE	731	770	допълнително рентгенологично изследване
traumatology_distal humeral fractures_21_BGgpt	PROCEDURE	800	816	Рентгенографията
traumatology_distal humeral fractures_21_BGgpt	SYMPTOM	887	893	сигнал
traumatology_distal humeral fractures_21_BGgpt	DISEASE	1184	1223	фрактури на дисталната част на хумеруса
traumatology_distal humeral fractures_21_BGgpt	PROCEDURE	1302	1346	Лечебно-диагностичен план и ход на лечението
traumatology_distal humeral fractures_21_BGgpt	PROCEDURE	1392	1416	пълен невросъдов преглед
traumatology_distal humeral fractures_21_BGgpt	PROCEDURE	1700	1718	отворена репозиция
traumatology_distal humeral fractures_21_BGgpt	PROCEDURE	1721	1738	вътрешна фиксация
traumatology_distal humeral fractures_21_BGgpt	MEDICATION	1740	1744	ОРВФ
traumatology_distal humeral fractures_21_BGgpt	PROCEDURE	1836	1847	Процедурата
traumatology_distal humeral fractures_22_BGgpt	SYMPTOM	284	289	болка
traumatology_distal humeral fractures_22_BGgpt	SYMPTOM	292	313	ограничена подвижност
traumatology_distal humeral fractures_22_BGgpt	PROCEDURE	628	647	физикалният преглед
traumatology_distal humeral fractures_22_BGgpt	OBSERVATION	657	672	значителен оток
traumatology_distal humeral fractures_22_BGgpt	PROCEDURE	777	801	пълен невросъдов преглед
traumatology_distal humeral fractures_22_BGgpt	PROCEDURE	973	987	рентгенография
traumatology_distal humeral fractures_22_BGgpt	DISEASE	1120	1140	дислоцирана фрактура
traumatology_distal humeral fractures_22_BGgpt	DISEASE	1382	1433	дислоцирана фрактура на дисталната част на хумеруса
traumatology_distal humeral fractures_22_BGgpt	PROCEDURE	1435	1457	Първоначалното лечение
traumatology_distal humeral fractures_22_BGgpt	PROCEDURE	1466	1478	имобилизация
traumatology_distal humeral fractures_22_BGgpt	PROCEDURE	1513	1522	повдигане
traumatology_distal humeral fractures_22_BGgpt	MEDICATION	1579	1591	Ацетаминофен
traumatology_distal humeral fractures_22_BGgpt	MEDICATION	1618	1627	Ибупрофен
traumatology_distal humeral fractures_22_BGgpt	PROCEDURE	1756	1774	оперативно лечение
traumatology_distal humeral fractures_22_BGgpt	PROCEDURE	1861	1865	ОРИФ
traumatology_distal humeral fractures_23_BGgpt	DISEASE	322	339	дисталния хумерус
traumatology_distal humeral fractures_23_BGgpt	DISEASE	341	360	дясна лакътна става
traumatology_distal humeral fractures_23_BGgpt	DISEASE	651	672	дясната лакътна става
traumatology_distal humeral fractures_23_BGgpt	PROCEDURE	674	692	Първичният преглед
traumatology_distal humeral fractures_23_BGgpt	SYMPTOM	731	738	симптом
traumatology_distal humeral fractures_23_BGgpt	DISEASE	1035	1052	дисталния хумерус
traumatology_distal humeral fractures_23_BGgpt	DISEASE	1318	1335	дисталния хумерус
traumatology_distal humeral fractures_23_BGgpt	PROCEDURE	1382	1399	вътрешна фиксация
traumatology_distal humeral fractures_23_BGgpt	PROCEDURE	1401	1405	ОРИФ
traumatology_distal humeral fractures_23_BGgpt	PROCEDURE	1587	1608	схема за обезболяване
traumatology_distal humeral fractures_23_BGgpt	MEDICATION	1620	1631	Парацетамол
traumatology_distal humeral fractures_23_BGgpt	MEDICATION	1657	1666	Ибупрофен
traumatology_distal humeral fractures_23_BGgpt	DISEASE	1770	1793	невро-васкуларен статус
traumatology_distal humeral fractures_23_BGgpt	DISEASE	1943	1967	невро-васкуларния статус
traumatology_distal humeral fractures_24_BGgpt	MEDICATION	774	791	редовни лекарства
traumatology_distal humeral fractures_24_BGgpt	SYMPTOM	1081	1085	оток
traumatology_distal humeral fractures_24_BGgpt	SYMPTOM	1408	1417	отклонена
traumatology_distal humeral fractures_24_BGgpt	PROCEDURE	1597	1618	Компютърна томография
traumatology_distal humeral fractures_24_BGgpt	PROCEDURE	1782	1789	Лечение
traumatology_distal humeral fractures_24_BGgpt	PROCEDURE	1918	1940	хирургична интервенция
traumatology_distal humeral fractures_24_BGgpt	PROCEDURE	1948	1956	Операция
traumatology_distal humeral fractures_25_BGgpt	DISEASE	296	304	хумеруса
traumatology_distal humeral fractures_25_BGgpt	DISEASE	306	325	дясна лакътна става
traumatology_distal humeral fractures_25_BGgpt	DISEASE	533	554	дясната лакътна става
traumatology_distal humeral fractures_25_BGgpt	SYMPTOM	592	603	силна болка
traumatology_distal humeral fractures_25_BGgpt	SYMPTOM	605	609	оток
traumatology_distal humeral fractures_25_BGgpt	SYMPTOM	612	633	ограничена подвижност
traumatology_distal humeral fractures_25_BGgpt	PROCEDURE	656	670	Рентгенография
traumatology_distal humeral fractures_25_BGgpt	SYMPTOM	718	735	задно мастно тяло
traumatology_distal humeral fractures_25_BGgpt	DISEASE	810	839	дистална фрактура на хумеруса
traumatology_distal humeral fractures_25_BGgpt	SYMPTOM	891	905	ставна течност
traumatology_distal humeral fractures_25_BGgpt	DISEASE	1039	1068	дистална фрактура на хумеруса
traumatology_distal humeral fractures_25_BGgpt	SYMPTOM	1131	1152	непокътната сетивност
traumatology_distal humeral fractures_25_BGgpt	PROCEDURE	1444	1448	ОРИФ
traumatology_distal humeral fractures_25_BGgpt	PROCEDURE	1682	1689	Лечение
traumatology_distal humeral fractures_25_BGgpt	MEDICATION	1785	1796	Парацетамол
traumatology_distal humeral fractures_25_BGgpt	MEDICATION	1823	1832	Ибупрофен
traumatology_distal humeral fractures_25_BGgpt	MEDICATION	1914	1923	Цефазолин
traumatology_distal humeral fractures_25_BGgpt	PROCEDURE	2080	2087	терапия
traumatology_distal humeral fractures_26_BGgpt	SYMPTOM	387	398	силна болка
traumatology_distal humeral fractures_26_BGgpt	SYMPTOM	401	405	оток
traumatology_distal humeral fractures_26_BGgpt	PROCEDURE	456	477	Първоначалната оценка
traumatology_distal humeral fractures_26_BGgpt	SYMPTOM	512	520	съмнения
traumatology_distal humeral fractures_26_BGgpt	DISEASE	536	552	дистален хумерус
traumatology_distal humeral fractures_26_BGgpt	SYMPTOM	635	639	оток
traumatology_distal humeral fractures_26_BGgpt	SYMPTOM	705	711	синини
traumatology_distal humeral fractures_26_BGgpt	SYMPTOM	772	783	силна болка
traumatology_distal humeral fractures_26_BGgpt	PROCEDURE	796	814	невросъдов преглед
traumatology_distal humeral fractures_26_BGgpt	SYMPTOM	838	856	запазена сетивност
traumatology_distal humeral fractures_26_BGgpt	PROCEDURE	1018	1032	Рентгенографии
traumatology_distal humeral fractures_26_BGgpt	SYMPTOM	1122	1138	заден мастен пад
traumatology_distal humeral fractures_26_BGgpt	SYMPTOM	1140	1152	fat pad sign
traumatology_distal humeral fractures_26_BGgpt	SYMPTOM	1156	1194	отклонение на предната хумерална линия
traumatology_distal humeral fractures_26_BGgpt	DISEASE	1242	1259	дисталния хумерус
traumatology_distal humeral fractures_26_BGgpt	SYMPTOM	1261	1316	Радиокапителната линия не бисектира правилно капителума
traumatology_distal humeral fractures_26_BGgpt	PROCEDURE	1372	1393	Компютърна томография
traumatology_distal humeral fractures_26_BGgpt	DISEASE	1497	1514	дисталния хумерус
traumatology_distal humeral fractures_26_BGgpt	PROCEDURE	1519	1526	Лечение
traumatology_distal humeral fractures_26_BGgpt	MEDICATION	1572	1579	ортопед
traumatology_distal humeral fractures_26_BGgpt	PROCEDURE	1603	1625	невросъдово наблюдение
traumatology_distal humeral fractures_26_BGgpt	PROCEDURE	1716	1724	Шиниране
traumatology_distal humeral fractures_27_BGgpt	SYMPTOM	452	463	силна болка
traumatology_distal humeral fractures_27_BGgpt	SYMPTOM	466	470	оток
traumatology_distal humeral fractures_27_BGgpt	SYMPTOM	743	747	оток
traumatology_distal humeral fractures_27_BGgpt	SYMPTOM	892	896	Оток
traumatology_distal humeral fractures_27_BGgpt	SYMPTOM	1035	1060	Невро-васкуларният статус
traumatology_distal humeral fractures_27_BGgpt	PROCEDURE	1280	1294	Рентгенография
traumatology_distal humeral fractures_27_BGgpt	SYMPTOM	1355	1397	постериорно мастно-възглавнично засенчване
traumatology_distal humeral fractures_27_BGgpt	SYMPTOM	1400	1410	отклонение
traumatology_distal humeral fractures_27_BGgpt	SYMPTOM	1489	1553	постериорно разместена фрактура на дисталната хумерална метафиза
traumatology_distal humeral fractures_27_BGgpt	SYMPTOM	1660	1668	Диагноза
traumatology_distal humeral fractures_27_BGgpt	SYMPTOM	1735	1757	постериорно разместена
traumatology_distal humeral fractures_27_BGgpt	PROCEDURE	1797	1806	лечението
traumatology_distal humeral fractures_27_BGgpt	PROCEDURE	1865	1892	невро-васкуларно наблюдение
traumatology_distal humeral fractures_27_BGgpt	PROCEDURE	1895	1902	лечение
traumatology_distal humeral fractures_27_BGgpt	DISEASE	1920	1949	дисталната хумерална метафиза
traumatology_distal humeral fractures_28_BGgpt	DISEASE	379	406	Дистални хумерални фрактури
traumatology_distal humeral fractures_28_BGgpt	SYMPTOM	435	439	Няма
traumatology_distal humeral fractures_28_BGgpt	SYMPTOM	654	665	силна болка
traumatology_distal humeral fractures_28_BGgpt	SYMPTOM	667	671	оток
traumatology_distal humeral fractures_28_BGgpt	SYMPTOM	674	695	ограничена подвижност
traumatology_distal humeral fractures_28_BGgpt	PROCEDURE	778	803	пълен невро-съдов преглед
traumatology_distal humeral fractures_28_BGgpt	SYMPTOM	918	922	оток
traumatology_distal humeral fractures_28_BGgpt	PROCEDURE	972	986	рентгенография
traumatology_distal humeral fractures_28_BGgpt	PROCEDURE	1007	1021	рентгенография
traumatology_distal humeral fractures_28_BGgpt	SYMPTOM	1054	1083	задномастен възглавничен знак
traumatology_distal humeral fractures_28_BGgpt	SYMPTOM	1086	1124	отклонение на предната хумерална линия
traumatology_distal humeral fractures_28_BGgpt	PROCEDURE	1570	1580	Операцията
traumatology_distal humeral fractures_28_BGgpt	MEDICATION	1718	1729	Парацетамол
traumatology_distal humeral fractures_28_BGgpt	MEDICATION	1755	1764	Ибупрофен
traumatology_distal humeral fractures_28_BGgpt	MEDICATION	1826	1836	Цефалексин
traumatology_distal humeral fractures_28_BGgpt	PROCEDURE	1951	1961	операцията
traumatology_distal humeral fractures_28_BGgpt	PROCEDURE	1980	1992	физиотерапия
traumatology_distal humeral fractures_29_BGgpt	DISEASE	428	439	силна болка
traumatology_distal humeral fractures_29_BGgpt	PROCEDURE	490	508	Първичният преглед
traumatology_distal humeral fractures_29_BGgpt	PROCEDURE	596	625	спешна рентгенографска оценка
traumatology_distal humeral fractures_29_BGgpt	PROCEDURE	627	641	Рентгенография
traumatology_distal humeral fractures_29_BGgpt	SYMPTOM	689	714	задни мастни възглавнички
traumatology_distal humeral fractures_29_BGgpt	DISEASE	717	755	отклонение на предната хумерална линия
traumatology_distal humeral fractures_29_BGgpt	SYMPTOM	914	930	окултна фрактура
traumatology_distal humeral fractures_29_BGgpt	PROCEDURE	969	994	пълен невро-съдов преглед
traumatology_distal humeral fractures_29_BGgpt	PROCEDURE	1360	1364	ОРВФ
traumatology_distal humeral fractures_29_BGgpt	PROCEDURE	1411	1433	Хирургична интервенция
traumatology_distal humeral fractures_29_BGgpt	PROCEDURE	1438	1442	ОРВФ
traumatology_distal humeral fractures_29_BGgpt	PROCEDURE	1556	1605	анатомична репозиция на фрагментите на фрактурата
traumatology_distal humeral fractures_29_BGgpt	PROCEDURE	1654	1685	Следоперативните рентгенографии
traumatology_distal humeral fractures_29_BGgpt	PROCEDURE	1811	1829	терапевтичен режим
traumatology_distal humeral fractures_29_BGgpt	PROCEDURE	1857	1881	профилактика на инфекции
traumatology_distal humeral fractures_29_BGgpt	MEDICATION	1902	1911	Ибупрофен
traumatology_distal humeral fractures_29_BGgpt	MEDICATION	1973	1984	Парацетамол
traumatology_distal humeral fractures_29_BGgpt	MEDICATION	2074	2084	Цефалексин
traumatology_distal humeral fractures_2_BGgpt	DISEASE	309	338	Дистални фрактури на хумеруса
traumatology_distal humeral fractures_2_BGgpt	DISEASE	340	358	лява лакътна става
traumatology_distal humeral fractures_2_BGgpt	SYMPTOM	488	499	силна болка
traumatology_distal humeral fractures_2_BGgpt	SYMPTOM	501	505	оток
traumatology_distal humeral fractures_2_BGgpt	SYMPTOM	508	529	ограничена подвижност
traumatology_distal humeral fractures_2_BGgpt	SYMPTOM	589	599	деформация
traumatology_distal humeral fractures_2_BGgpt	SYMPTOM	656	677	Невро-съдовият статус
traumatology_distal humeral fractures_2_BGgpt	SYMPTOM	680	687	запазен
traumatology_distal humeral fractures_2_BGgpt	OBSERVATION	714	737	Рентгенологични находки
traumatology_distal humeral fractures_2_BGgpt	DISEASE	1050	1074	супракондиларна фрактура
traumatology_distal humeral fractures_2_BGgpt	DISEASE	1141	1170	дистални фрактури на хумеруса
traumatology_distal humeral fractures_2_BGgpt	PROCEDURE	1304	1321	вътрешна фиксация
traumatology_distal humeral fractures_2_BGgpt	PROCEDURE	1323	1327	ОРВФ
traumatology_distal humeral fractures_2_BGgpt	PROCEDURE	1618	1643	антибиотична профилактика
traumatology_distal humeral fractures_2_BGgpt	MEDICATION	1676	1685	Цефазолин
traumatology_distal humeral fractures_2_BGgpt	MEDICATION	1752	1763	Амоксицилин
traumatology_distal humeral fractures_2_BGgpt	MEDICATION	1839	1850	Парацетамол
traumatology_distal humeral fractures_2_BGgpt	MEDICATION	1886	1895	Ибупрофен
traumatology_distal humeral fractures_2_BGgpt	MEDICATION	1935	1944	Оксикодон
traumatology_distal humeral fractures_30_BGgpt	DISEASE	263	292	Дистални фрактури на хумеруса
traumatology_distal humeral fractures_30_BGgpt	SYMPTOM	317	333	Не са установени
traumatology_distal humeral fractures_30_BGgpt	SYMPTOM	535	546	силна болка
traumatology_distal humeral fractures_30_BGgpt	SYMPTOM	548	576	оток и ограничена подвижност
traumatology_distal humeral fractures_30_BGgpt	PROCEDURE	608	630	Първоначалният преглед
traumatology_distal humeral fractures_30_BGgpt	SYMPTOM	640	670	наличие на заден мастен тампон
traumatology_distal humeral fractures_30_BGgpt	SYMPTOM	896	926	наличие на заден мастен тампон
traumatology_distal humeral fractures_30_BGgpt	DISEASE	1419	1458	изместена дистална фрактура на хумеруса
traumatology_distal humeral fractures_30_BGgpt	PROCEDURE	1494	1532	отворена репозиция и вътрешна фиксация
traumatology_distal humeral fractures_30_BGgpt	PROCEDURE	1534	1538	ОРВФ
traumatology_distal humeral fractures_30_BGgpt	PROCEDURE	1541	1551	Операцията
traumatology_distal humeral fractures_30_BGgpt	PROCEDURE	1627	1637	операцията
traumatology_distal humeral fractures_30_BGgpt	PROCEDURE	1686	1710	профилактика на инфекции
traumatology_distal humeral fractures_30_BGgpt	MEDICATION	1727	1736	Ибупрофен
traumatology_distal humeral fractures_30_BGgpt	MEDICATION	1794	1815	Ацетаминофен 1 000 мг
traumatology_distal humeral fractures_30_BGgpt	MEDICATION	1896	1906	Цефалексин
traumatology_distal humeral fractures_30_BGgpt	PROCEDURE	2116	2126	операцията
traumatology_distal humeral fractures_31_BGgpt	DISEASE	906	930	Невроваскуларният статус
traumatology_distal humeral fractures_31_BGgpt	PROCEDURE	1096	1110	Рентгенографии
traumatology_distal humeral fractures_31_BGgpt	DISEASE	1350	1375	възможна оклузна фрактура
traumatology_distal humeral fractures_31_BGgpt	PROCEDURE	1380	1387	Лечение
traumatology_distal humeral fractures_31_BGgpt	PROCEDURE	1548	1552	ОРВФ
traumatology_distal humeral fractures_31_BGgpt	PROCEDURE	1687	1697	аналгетици
traumatology_distal humeral fractures_31_BGgpt	MEDICATION	1719	1735	Ибупрофен 400 mg
traumatology_distal humeral fractures_31_BGgpt	MEDICATION	1793	1812	Ацетаминофен 650 mg
traumatology_distal humeral fractures_32_BGgpt	SYMPTOM	364	368	оток
traumatology_distal humeral fractures_32_BGgpt	SYMPTOM	518	522	оток
traumatology_distal humeral fractures_32_BGgpt	PROCEDURE	762	787	пълен невро-съдов преглед
traumatology_distal humeral fractures_32_BGgpt	SYMPTOM	1172	1179	признак
traumatology_distal humeral fractures_32_BGgpt	SYMPTOM	1181	1187	платно
traumatology_distal humeral fractures_32_BGgpt	DISEASE	1236	1252	окултна фрактура
traumatology_distal humeral fractures_32_BGgpt	DISEASE	1372	1403	дисталната фрактура на хумеруса
traumatology_distal humeral fractures_32_BGgpt	DISEASE	1481	1497	окултна фрактура
traumatology_distal humeral fractures_32_BGgpt	DISEASE	1549	1578	дистална фрактура на хумеруса
traumatology_distal humeral fractures_32_BGgpt	PROCEDURE	1583	1590	Лечение
traumatology_distal humeral fractures_32_BGgpt	PROCEDURE	1674	1691	вътрешна фиксация
traumatology_distal humeral fractures_32_BGgpt	PROCEDURE	1693	1697	ОРВФ
traumatology_distal humeral fractures_32_BGgpt	PROCEDURE	1723	1733	Операцията
traumatology_distal humeral fractures_32_BGgpt	PROCEDURE	1906	1913	лечение
traumatology_distal humeral fractures_32_BGgpt	MEDICATION	1916	1933	Цефазолин 1 g i.v
traumatology_distal humeral fractures_33_BGgpt	SYMPTOM	998	1016	запазена сетивност
traumatology_distal humeral fractures_33_BGgpt	SYMPTOM	1019	1027	кръвоток
traumatology_distal humeral fractures_33_BGgpt	PROCEDURE	1160	1174	Рентгенографии
traumatology_distal humeral fractures_33_BGgpt	SYMPTOM	1232	1249	заден мастен знак
traumatology_distal humeral fractures_33_BGgpt	SYMPTOM	1252	1286	патологична предна хумерална линия
traumatology_distal humeral fractures_33_BGgpt	PROCEDURE	1374	1395	Компютърна томография
traumatology_distal humeral fractures_33_BGgpt	PROCEDURE	1503	1510	Лечение
traumatology_distal humeral fractures_33_BGgpt	PROCEDURE	1568	1585	оперативна намеса
traumatology_distal humeral fractures_33_BGgpt	PROCEDURE	1635	1652	открита репозиция
traumatology_distal humeral fractures_33_BGgpt	PROCEDURE	1655	1672	вътрешна фиксация
traumatology_distal humeral fractures_33_BGgpt	MEDICATION	1832	1836	шина
traumatology_distal humeral fractures_33_BGgpt	PROCEDURE	1851	1858	терапия
traumatology_distal humeral fractures_34_BGgpt	SYMPTOM	670	720	съмнение за фрактура на дисталния край на хумеруса
traumatology_distal humeral fractures_34_BGgpt	PROCEDURE	734	748	рентгенография
traumatology_distal humeral fractures_34_BGgpt	SYMPTOM	820	832	fat pad sign
traumatology_distal humeral fractures_34_BGgpt	SYMPTOM	836	874	отклонение на предната хумерална линия
traumatology_distal humeral fractures_34_BGgpt	DISEASE	1031	1059	потенциална окултна фрактура
traumatology_distal humeral fractures_34_BGgpt	PROCEDURE	1079	1101	невросъдово изследване
traumatology_distal humeral fractures_34_BGgpt	PROCEDURE	1570	1592	невросъдово наблюдение
traumatology_distal humeral fractures_34_BGgpt	PROCEDURE	1609	1636	Първоначалното обезболяване
traumatology_distal humeral fractures_34_BGgpt	MEDICATION	1645	1665	Ацетаминофен 1000 mg
traumatology_distal humeral fractures_34_BGgpt	MEDICATION	1680	1696	Ибупрофен 400 mg
traumatology_distal humeral fractures_35_BGgpt	SYMPTOM	394	405	силна болка
traumatology_distal humeral fractures_35_BGgpt	SYMPTOM	407	411	оток
traumatology_distal humeral fractures_35_BGgpt	SYMPTOM	414	460	ограничена подвижност на дясната лакътна става
traumatology_distal humeral fractures_35_BGgpt	SYMPTOM	515	529	внезапна болка
traumatology_distal humeral fractures_35_BGgpt	SYMPTOM	607	611	оток
traumatology_distal humeral fractures_35_BGgpt	SYMPTOM	640	649	екстензия
traumatology_distal humeral fractures_35_BGgpt	SYMPTOM	710	714	Оток
traumatology_distal humeral fractures_35_BGgpt	SYMPTOM	775	803	Положителен заден мастен лак
traumatology_distal humeral fractures_35_BGgpt	PROCEDURE	1132	1146	Рентгенография
traumatology_distal humeral fractures_35_BGgpt	DISEASE	1179	1208	дистална фрактура на хумеруса
traumatology_distal humeral fractures_35_BGgpt	SYMPTOM	1211	1234	постериорно разместване
traumatology_distal humeral fractures_35_BGgpt	SYMPTOM	1373	1379	ефузия
traumatology_distal humeral fractures_35_BGgpt	PROCEDURE	1500	1520	обезболяваща терапия
traumatology_distal humeral fractures_35_BGgpt	MEDICATION	1523	1542	Ацетаминофен 650 мг
traumatology_distal humeral fractures_35_BGgpt	MEDICATION	1561	1577	Ибупрофен 400 мг
traumatology_distal humeral fractures_35_BGgpt	SYMPTOM	1597	1601	оток
traumatology_distal humeral fractures_35_BGgpt	DISEASE	1603	1624	Дясната лакътна става
traumatology_distal humeral fractures_35_BGgpt	PROCEDURE	1870	1874	ОРИФ
traumatology_distal humeral fractures_36_BGgpt	SYMPTOM	467	478	силна болка
traumatology_distal humeral fractures_36_BGgpt	SYMPTOM	481	526	ограничена подвижност на лявата лакътна става
traumatology_distal humeral fractures_36_BGgpt	DISEASE	561	600	потенциална дистална хумерална фрактура
traumatology_distal humeral fractures_36_BGgpt	PROCEDURE	605	621	Клинични находки
traumatology_distal humeral fractures_36_BGgpt	SYMPTOM	662	673	силна болка
traumatology_distal humeral fractures_36_BGgpt	PROCEDURE	1269	1287	клиничните находки
traumatology_distal humeral fractures_36_BGgpt	PROCEDURE	1411	1418	Лечение
traumatology_distal humeral fractures_36_BGgpt	PROCEDURE	1500	1517	вътрешна фиксация
traumatology_distal humeral fractures_36_BGgpt	PROCEDURE	1519	1523	ОРВФ
traumatology_distal humeral fractures_36_BGgpt	MEDICATION	1737	1748	Парацетамол
traumatology_distal humeral fractures_36_BGgpt	MEDICATION	1817	1826	Ибупрофен
traumatology_distal humeral fractures_36_BGgpt	MEDICATION	1925	1935	Цефалексин
traumatology_distal humeral fractures_37_BGgpt	SYMPTOM	561	576	незабавна болка
traumatology_distal humeral fractures_37_BGgpt	SYMPTOM	578	582	оток
traumatology_distal humeral fractures_37_BGgpt	SYMPTOM	585	606	ограничена подвижност
traumatology_distal humeral fractures_37_BGgpt	SYMPTOM	794	798	оток
traumatology_distal humeral fractures_37_BGgpt	DISEASE	814	839	Невро-васкуларният статус
traumatology_distal humeral fractures_37_BGgpt	PROCEDURE	1020	1034	Рентгенография
traumatology_distal humeral fractures_37_BGgpt	SYMPTOM	1121	1151	заден мастен възглавничен знак
traumatology_distal humeral fractures_37_BGgpt	SYMPTOM	1154	1192	отклонение на предната хумерална линия
traumatology_distal humeral fractures_37_BGgpt	PROCEDURE	1487	1494	Лечение
traumatology_distal humeral fractures_37_BGgpt	PROCEDURE	1614	1622	операция
traumatology_distal humeral fractures_37_BGgpt	PROCEDURE	1647	1664	вътрешна фиксация
traumatology_distal humeral fractures_37_BGgpt	PROCEDURE	1666	1670	ОРИФ
traumatology_distal humeral fractures_37_BGgpt	PROCEDURE	1888	1908	Контролът на болката
traumatology_distal humeral fractures_37_BGgpt	MEDICATION	1919	1938	Ацетаминофен 650 мг
traumatology_distal humeral fractures_37_BGgpt	MEDICATION	1953	1969	Ибупрофен 400 мг
traumatology_distal humeral fractures_38_BGgpt	DISEASE	260	288	Фрактури на дистален хумерус
traumatology_distal humeral fractures_38_BGgpt	SYMPTOM	530	550	внезапна силна болка
traumatology_distal humeral fractures_38_BGgpt	SYMPTOM	552	556	оток
traumatology_distal humeral fractures_38_BGgpt	SYMPTOM	559	580	ограничена подвижност
traumatology_distal humeral fractures_38_BGgpt	DISEASE	700	723	невро-васкуларен статус
traumatology_distal humeral fractures_38_BGgpt	PROCEDURE	847	876	Първоначалната рентгенография
traumatology_distal humeral fractures_38_BGgpt	DISEASE	964	1002	отклонение на предната хумерална линия
traumatology_distal humeral fractures_38_BGgpt	PROCEDURE	1362	1366	ОРВФ
traumatology_distal humeral fractures_38_BGgpt	PROCEDURE	1483	1490	терапия
traumatology_distal humeral fractures_38_BGgpt	MEDICATION	1493	1512	Ацетаминофен 650 мг
traumatology_distal humeral fractures_38_BGgpt	MEDICATION	1553	1569	Ибупрофен 400 мг
traumatology_distal humeral fractures_38_BGgpt	MEDICATION	1673	1691	Цефазолин 1 г i.v.
traumatology_distal humeral fractures_39_BGgpt	DISEASE	381	398	Фрактурни преломи
traumatology_distal humeral fractures_39_BGgpt	SYMPTOM	732	743	силна болка
traumatology_distal humeral fractures_39_BGgpt	SYMPTOM	745	749	оток
traumatology_distal humeral fractures_39_BGgpt	SYMPTOM	752	784	ограничение на обема на движение
traumatology_distal humeral fractures_39_BGgpt	SYMPTOM	872	876	оток
traumatology_distal humeral fractures_39_BGgpt	PROCEDURE	1139	1153	Рентгенография
traumatology_distal humeral fractures_39_BGgpt	DISEASE	1208	1240	изместен заден мастeн триъгълник
traumatology_distal humeral fractures_39_BGgpt	PROCEDURE	1434	1455	Компютърна томография
traumatology_distal humeral fractures_39_BGgpt	PROCEDURE	1751	1779	имобилизация на дясната ръка
traumatology_distal humeral fractures_39_BGgpt	MEDICATION	1817	1836	Ацетаминофен 650 мг
traumatology_distal humeral fractures_3_BGgpt	SYMPTOM	382	393	силна болка
traumatology_distal humeral fractures_3_BGgpt	SYMPTOM	396	400	оток
traumatology_distal humeral fractures_3_BGgpt	SYMPTOM	642	646	оток
traumatology_distal humeral fractures_3_BGgpt	PROCEDURE	1031	1045	Рентгенография
traumatology_distal humeral fractures_3_BGgpt	PROCEDURE	1065	1098	Истинска латерална рентгенография
traumatology_distal humeral fractures_3_BGgpt	SYMPTOM	1131	1148	заден мастен знак
traumatology_distal humeral fractures_3_BGgpt	SYMPTOM	1150	1162	fat pad sign
traumatology_distal humeral fractures_3_BGgpt	SYMPTOM	1166	1204	отклонение на предната хумерална линия
traumatology_distal humeral fractures_3_BGgpt	PROCEDURE	1385	1406	Компютърна томография
traumatology_distal humeral fractures_3_BGgpt	SYMPTOM	1529	1537	Диагноза
traumatology_distal humeral fractures_3_BGgpt	PROCEDURE	1669	1689	Първоначална терапия
traumatology_distal humeral fractures_40_BGgpt	OBSERVATION	232	240	Диагноза
traumatology_distal humeral fractures_40_BGgpt	DISEASE	256	273	дисталния хумерус
traumatology_distal humeral fractures_40_BGgpt	SYMPTOM	608	637	значителен оток и болезненост
traumatology_distal humeral fractures_40_BGgpt	DISEASE	666	683	дисталния хумерус
traumatology_distal humeral fractures_40_BGgpt	SYMPTOM	685	706	Невро-съдовият статус
traumatology_distal humeral fractures_40_BGgpt	DISEASE	1036	1053	дисталния хумерус
traumatology_distal humeral fractures_40_BGgpt	PROCEDURE	1058	1065	Лечение
traumatology_distal humeral fractures_40_BGgpt	PROCEDURE	1128	1135	лечение
traumatology_distal humeral fractures_40_BGgpt	MEDICATION	1181	1201	Парацетамол 1,000 mg
traumatology_distal humeral fractures_40_BGgpt	MEDICATION	1220	1236	Ибупрофен 400 mg
traumatology_distal humeral fractures_40_BGgpt	PROCEDURE	1413	1430	вътрешна фиксация
traumatology_distal humeral fractures_40_BGgpt	PROCEDURE	1432	1436	ОРВФ
traumatology_distal humeral fractures_40_BGgpt	PROCEDURE	1633	1667	профилактична антибиотична терапия
traumatology_distal humeral fractures_40_BGgpt	MEDICATION	1670	1687	Цефалексин 500 mg
traumatology_distal humeral fractures_40_BGgpt	PROCEDURE	1756	1785	серийни невро-съдови прегледи
traumatology_distal humeral fractures_40_BGgpt	PROCEDURE	1863	1873	операцията
traumatology_distal humeral fractures_40_BGgpt	PROCEDURE	1897	1909	физиотерапия
traumatology_distal humeral fractures_41_BGgpt	SYMPTOM	410	421	остра болка
traumatology_distal humeral fractures_41_BGgpt	SYMPTOM	424	445	ограничена подвижност
traumatology_distal humeral fractures_41_BGgpt	PROCEDURE	493	514	Първоначалната оценка
traumatology_distal humeral fractures_41_BGgpt	DISEASE	599	607	хумеруса
traumatology_distal humeral fractures_41_BGgpt	PROCEDURE	663	677	рентгенография
traumatology_distal humeral fractures_41_BGgpt	PROCEDURE	708	724	латерална снимка
traumatology_distal humeral fractures_41_BGgpt	PROCEDURE	726	742	Рентгенографията
traumatology_distal humeral fractures_41_BGgpt	SYMPTOM	761	785	задномастна възглавничка
traumatology_distal humeral fractures_41_BGgpt	SYMPTOM	788	826	отклонение на предната хумерална линия
traumatology_distal humeral fractures_41_BGgpt	DISEASE	867	875	хумеруса
traumatology_distal humeral fractures_41_BGgpt	SYMPTOM	878	901	постериорно разместване
traumatology_distal humeral fractures_41_BGgpt	PROCEDURE	1023	1049	пълен неврологичен преглед
traumatology_distal humeral fractures_41_BGgpt	PROCEDURE	1328	1348	допълнително лечение
traumatology_distal humeral fractures_41_BGgpt	DISEASE	1375	1383	хумеруса
traumatology_distal humeral fractures_41_BGgpt	PROCEDURE	1463	1467	ОРИФ
traumatology_distal humeral fractures_41_BGgpt	PROCEDURE	1569	1579	Операцията
traumatology_distal humeral fractures_41_BGgpt	MEDICATION	1763	1794	ацетаминофен 1 000 мг перорално
traumatology_distal humeral fractures_41_BGgpt	MEDICATION	1839	1865	ибупрофен 400 мг перорално
traumatology_distal humeral fractures_41_BGgpt	MEDICATION	1983	1999	цефазолин 1 г IV
traumatology_distal humeral fractures_41_BGgpt	PROCEDURE	2032	2042	операцията
traumatology_distal humeral fractures_41_BGgpt	PROCEDURE	2047	2077	Възстановяване и рехабилитация
traumatology_distal humeral fractures_41_BGgpt	PROCEDURE	2172	2182	операцията
traumatology_distal humeral fractures_42_BGgpt	SYMPTOM	435	461	висока травматична енергия
traumatology_distal humeral fractures_42_BGgpt	DISEASE	473	484	силна болка
traumatology_distal humeral fractures_42_BGgpt	SYMPTOM	487	508	ограничена подвижност
traumatology_distal humeral fractures_42_BGgpt	PROCEDURE	663	677	Ранната оценка
traumatology_distal humeral fractures_42_BGgpt	PROCEDURE	774	788	рентгенография
traumatology_distal humeral fractures_42_BGgpt	OBSERVATION	821	849	наличие на задно мастно тяло
traumatology_distal humeral fractures_42_BGgpt	PROCEDURE	987	1013	Невро-васкуларният преглед
traumatology_distal humeral fractures_42_BGgpt	PROCEDURE	1274	1281	терапия
traumatology_distal humeral fractures_42_BGgpt	MEDICATION	1309	1330	Ацетаминофен 1,000 mg
traumatology_distal humeral fractures_42_BGgpt	MEDICATION	1359	1375	Ибупрофен 400 mg
traumatology_distal humeral fractures_42_BGgpt	PROCEDURE	1594	1626	допълнителна образна диагностика
traumatology_distal humeral fractures_42_BGgpt	PROCEDURE	1628	1649	Компютърна томография
traumatology_distal humeral fractures_42_BGgpt	PROCEDURE	1777	1794	оперативна намеса
traumatology_distal humeral fractures_43_BGgpt	SYMPTOM	378	382	Няма
traumatology_distal humeral fractures_43_BGgpt	DISEASE	467	489	високоенергийна травма
traumatology_distal humeral fractures_43_BGgpt	SYMPTOM	568	584	значителна болка
traumatology_distal humeral fractures_43_BGgpt	SYMPTOM	586	590	оток
traumatology_distal humeral fractures_43_BGgpt	SYMPTOM	593	614	ограничена подвижност
traumatology_distal humeral fractures_43_BGgpt	SYMPTOM	704	708	оток
traumatology_distal humeral fractures_43_BGgpt	PROCEDURE	963	996	Правилна латерална рентгенография
traumatology_distal humeral fractures_43_BGgpt	SYMPTOM	1053	1069	заден мастен вал
traumatology_distal humeral fractures_43_BGgpt	PROCEDURE	1469	1491	Първоначалното лечение
traumatology_distal humeral fractures_43_BGgpt	PROCEDURE	1505	1517	Имобилизация
traumatology_distal humeral fractures_43_BGgpt	MEDICATION	1545	1549	шина
traumatology_distal humeral fractures_43_BGgpt	PROCEDURE	1555	1567	Обезболяване
traumatology_distal humeral fractures_43_BGgpt	MEDICATION	1570	1582	Ацетаминофен
traumatology_distal humeral fractures_43_BGgpt	MEDICATION	1605	1614	Ибупрофен
traumatology_distal humeral fractures_43_BGgpt	PROCEDURE	1705	1722	вътрешна фиксация
traumatology_distal humeral fractures_43_BGgpt	PROCEDURE	1724	1728	ОРВФ
traumatology_distal humeral fractures_44_BGgpt	PROCEDURE	535	552	първичния преглед
traumatology_distal humeral fractures_44_BGgpt	PROCEDURE	653	667	рентгенография
traumatology_distal humeral fractures_44_BGgpt	SYMPTOM	756	763	симптом
traumatology_distal humeral fractures_44_BGgpt	OBSERVATION	766	788	индикиращ ставен излив
traumatology_distal humeral fractures_44_BGgpt	DISEASE	798	836	отклонение на предната хумерална линия
traumatology_distal humeral fractures_44_BGgpt	PROCEDURE	945	969	пълен невросъдов преглед
traumatology_distal humeral fractures_44_BGgpt	PROCEDURE	1289	1311	Хирургична интервенция
traumatology_distal humeral fractures_44_BGgpt	PROCEDURE	1363	1367	ОРВФ
traumatology_distal humeral fractures_44_BGgpt	PROCEDURE	1455	1465	Операцията
traumatology_distal humeral fractures_44_BGgpt	PROCEDURE	1631	1641	операцията
traumatology_distal humeral fractures_44_BGgpt	PROCEDURE	1664	1685	схема за обезболяване
traumatology_distal humeral fractures_44_BGgpt	MEDICATION	1697	1716	Ацетаминофен 650 мг
traumatology_distal humeral fractures_44_BGgpt	MEDICATION	1745	1761	Ибупрофен 400 мг
traumatology_distal humeral fractures_44_BGgpt	PROCEDURE	1821	1846	антибиотична профилактика
traumatology_distal humeral fractures_44_BGgpt	MEDICATION	1849	1866	Цефазолин 1 г в/в
traumatology_distal humeral fractures_44_BGgpt	PROCEDURE	1899	1909	операцията
traumatology_distal humeral fractures_44_BGgpt	DISEASE	1935	1943	инфекция
traumatology_distal humeral fractures_45_BGgpt	SYMPTOM	368	379	силна болка
traumatology_distal humeral fractures_45_BGgpt	PROCEDURE	411	433	Първоначалният преглед
traumatology_distal humeral fractures_45_BGgpt	DISEASE	479	487	хумеруса
traumatology_distal humeral fractures_45_BGgpt	SYMPTOM	511	522	силна болка
traumatology_distal humeral fractures_45_BGgpt	OBSERVATION	609	629	Диагностични находки
traumatology_distal humeral fractures_45_BGgpt	PROCEDURE	639	646	Рентген
traumatology_distal humeral fractures_45_BGgpt	PROCEDURE	677	686	рентгенов
traumatology_distal humeral fractures_45_BGgpt	SYMPTOM	857	882	наличие на ставна течност
traumatology_distal humeral fractures_45_BGgpt	DISEASE	1020	1028	хумеруса
traumatology_distal humeral fractures_45_BGgpt	DISEASE	1127	1145	Невро-съдов статус
traumatology_distal humeral fractures_45_BGgpt	PROCEDURE	1161	1180	подробно изследване
traumatology_distal humeral fractures_45_BGgpt	SYMPTOM	1196	1214	запазена сетивност
traumatology_distal humeral fractures_45_BGgpt	PROCEDURE	1353	1370	Приложено лечение
traumatology_distal humeral fractures_45_BGgpt	DISEASE	1432	1440	хумеруса
traumatology_distal humeral fractures_45_BGgpt	PROCEDURE	1517	1521	ОРИФ
traumatology_distal humeral fractures_45_BGgpt	MEDICATION	1592	1616	Интравенозен Парацетамол
traumatology_distal humeral fractures_45_BGgpt	MEDICATION	1682	1698	Цефазолин 2 г IV
traumatology_distal humeral fractures_46_BGgpt	SYMPTOM	277	293	Основна диагноза
traumatology_distal humeral fractures_46_BGgpt	DISEASE	297	326	Дистални фрактури на хумеруса
traumatology_distal humeral fractures_46_BGgpt	SYMPTOM	330	357	Анамнеза и клинична картина
traumatology_distal humeral fractures_46_BGgpt	SYMPTOM	535	546	силна болка
traumatology_distal humeral fractures_46_BGgpt	SYMPTOM	548	552	оток
traumatology_distal humeral fractures_46_BGgpt	SYMPTOM	555	576	ограничена подвижност
traumatology_distal humeral fractures_46_BGgpt	SYMPTOM	695	721	запазена дистална пулсация
traumatology_distal humeral fractures_46_BGgpt	SYMPTOM	724	733	сетивност
traumatology_distal humeral fractures_46_BGgpt	PROCEDURE	812	840	Рентгенографското изследване
traumatology_distal humeral fractures_46_BGgpt	SYMPTOM	889	914	задна мастна възглавничка
traumatology_distal humeral fractures_46_BGgpt	PROCEDURE	1196	1203	Лечение
traumatology_distal humeral fractures_46_BGgpt	PROCEDURE	1266	1273	лечение
traumatology_distal humeral fractures_46_BGgpt	DISEASE	1277	1306	дистални фрактури на хумеруса
traumatology_distal humeral fractures_46_BGgpt	PROCEDURE	1438	1460	Хирургична интервенция
traumatology_distal humeral fractures_46_BGgpt	PROCEDURE	1550	1554	ОРВФ
traumatology_distal humeral fractures_46_BGgpt	PROCEDURE	1675	1709	оперативното рентгеново изследване
traumatology_distal humeral fractures_46_BGgpt	PROCEDURE	1776	1798	Медикаментозно лечение
traumatology_distal humeral fractures_46_BGgpt	MEDICATION	1870	1879	Ибупрофен
traumatology_distal humeral fractures_46_BGgpt	MEDICATION	1950	1962	Ацетаминофен
traumatology_distal humeral fractures_47_BGgpt	SYMPTOM	513	524	силна болка
traumatology_distal humeral fractures_47_BGgpt	SYMPTOM	527	548	ограничена подвижност
traumatology_distal humeral fractures_47_BGgpt	SYMPTOM	551	572	дясната лакътна става
traumatology_distal humeral fractures_47_BGgpt	SYMPTOM	622	640	заден мастен валик
traumatology_distal humeral fractures_47_BGgpt	SYMPTOM	643	673	дислоциран преден мастен валик
traumatology_distal humeral fractures_47_BGgpt	SYMPTOM	840	878	отклонение на предната хумерална линия
traumatology_distal humeral fractures_47_BGgpt	DISEASE	881	921	нарушаване на радиално-капителната линия
traumatology_distal humeral fractures_47_BGgpt	PROCEDURE	1350	1367	хирургична намеса
traumatology_distal humeral fractures_47_BGgpt	MEDICATION	1413	1417	ОРВФ
traumatology_distal humeral fractures_47_BGgpt	PROCEDURE	1511	1533	Хирургична интервенция
traumatology_distal humeral fractures_47_BGgpt	PROCEDURE	1605	1623	Отворена репозиция
traumatology_distal humeral fractures_47_BGgpt	DISEASE	1952	1960	инфекция
traumatology_distal humeral fractures_47_BGgpt	DISEASE	1962	1983	невросъдови нарушения
traumatology_distal humeral fractures_47_BGgpt	PROCEDURE	2031	2043	профилактика
traumatology_distal humeral fractures_47_BGgpt	MEDICATION	2100	2119	венозни антибиотици
traumatology_distal humeral fractures_48_BGgpt	SYMPTOM	378	382	оток
traumatology_distal humeral fractures_48_BGgpt	SYMPTOM	692	696	оток
traumatology_distal humeral fractures_48_BGgpt	SYMPTOM	845	849	оток
traumatology_distal humeral fractures_48_BGgpt	SYMPTOM	954	972	запазена сетивност
traumatology_distal humeral fractures_48_BGgpt	PROCEDURE	1113	1133	Диагностични находки
traumatology_distal humeral fractures_48_BGgpt	PROCEDURE	1660	1667	Лечение
traumatology_distal humeral fractures_48_BGgpt	PROCEDURE	1708	1720	обезболяване
traumatology_distal humeral fractures_48_BGgpt	MEDICATION	1732	1744	Ацетаминофен
traumatology_distal humeral fractures_48_BGgpt	MEDICATION	1770	1779	Ибупрофен
traumatology_distal humeral fractures_48_BGgpt	PROCEDURE	1915	1937	хирургична интервенция
traumatology_distal humeral fractures_49_BGgpt	DISEASE	322	351	Дистални фрактури на хумеруса
traumatology_distal humeral fractures_49_BGgpt	SYMPTOM	634	652	силна болка и оток
traumatology_distal humeral fractures_49_BGgpt	SYMPTOM	730	786	ограничение в обема на движение на дясната лакътна става
traumatology_distal humeral fractures_49_BGgpt	SYMPTOM	788	803	значителен оток
traumatology_distal humeral fractures_49_BGgpt	SYMPTOM	953	977	видима деформация и оток
traumatology_distal humeral fractures_49_BGgpt	OBSERVATION	1228	1248	Диагностични находки
traumatology_distal humeral fractures_49_BGgpt	PROCEDURE	1267	1281	рентгенографии
traumatology_distal humeral fractures_49_BGgpt	MEDICATION	1720	1726	морфин
traumatology_distal humeral fractures_49_BGgpt	MEDICATION	1916	1934	отворена репозиция
traumatology_distal humeral fractures_49_BGgpt	MEDICATION	1956	1960	ОРИФ
traumatology_distal humeral fractures_4_BGgpt	DISEASE	389	418	дистална фрактура на хумеруса
traumatology_distal humeral fractures_4_BGgpt	DISEASE	423	443	Окончателна диагноза
traumatology_distal humeral fractures_4_BGgpt	DISEASE	447	476	Дистални фрактури на хумеруса
traumatology_distal humeral fractures_4_BGgpt	SYMPTOM	681	692	силна болка
traumatology_distal humeral fractures_4_BGgpt	SYMPTOM	695	740	ограничена подвижност на лявата лакътна става
traumatology_distal humeral fractures_4_BGgpt	SYMPTOM	778	796	оток и болезненост
traumatology_distal humeral fractures_4_BGgpt	PROCEDURE	865	883	невросъдов преглед
traumatology_distal humeral fractures_4_BGgpt	SYMPTOM	909	930	запазен дистален пулс
traumatology_distal humeral fractures_4_BGgpt	PROCEDURE	1018	1032	рентгенография
traumatology_distal humeral fractures_4_BGgpt	SYMPTOM	1114	1133	мастна възглавничка
traumatology_distal humeral fractures_4_BGgpt	SYMPTOM	1135	1150	рентгенов белег
traumatology_distal humeral fractures_4_BGgpt	DISEASE	1403	1444	дислоцирана дистална фрактура на хумеруса
traumatology_distal humeral fractures_4_BGgpt	SYMPTOM	1573	1591	отворена репозиция
traumatology_distal humeral fractures_4_BGgpt	PROCEDURE	1594	1611	вътрешна фиксация
traumatology_distal humeral fractures_4_BGgpt	PROCEDURE	1613	1617	ОРИФ
traumatology_distal humeral fractures_4_BGgpt	PROCEDURE	1672	1706	профилактична антибиотична терапия
traumatology_distal humeral fractures_4_BGgpt	MEDICATION	1709	1725	Цефазолин 1 г IV
traumatology_distal humeral fractures_4_BGgpt	PROCEDURE	1893	1897	ОРИФ
traumatology_distal humeral fractures_4_BGgpt	MEDICATION	1982	2000	Парацетамол 650 мг
traumatology_distal humeral fractures_4_BGgpt	MEDICATION	2061	2070	Ибупрофен
traumatology_distal humeral fractures_5_BGgpt	DISEASE	314	331	дисталния хумерус
traumatology_distal humeral fractures_5_BGgpt	SYMPTOM	569	587	силна болка и оток
traumatology_distal humeral fractures_5_BGgpt	PROCEDURE	664	682	Първичният преглед
traumatology_distal humeral fractures_5_BGgpt	DISEASE	690	700	деформация
traumatology_distal humeral fractures_5_BGgpt	PROCEDURE	746	772	рентгенологично изследване
traumatology_distal humeral fractures_5_BGgpt	PROCEDURE	803	828	Стандартна рентгенография
traumatology_distal humeral fractures_5_BGgpt	DISEASE	1098	1115	дисталния хумерус
traumatology_distal humeral fractures_5_BGgpt	DISEASE	1257	1274	дисталния хумерус
traumatology_distal humeral fractures_5_BGgpt	PROCEDURE	1290	1315	пълен невро-съдов преглед
traumatology_distal humeral fractures_5_BGgpt	DISEASE	1585	1602	дисталния хумерус
traumatology_distal humeral fractures_5_BGgpt	MEDICATION	1700	1719	Ацетаминофен 650 mg
traumatology_distal humeral fractures_5_BGgpt	PROCEDURE	1842	1864	хирургична интервенция
traumatology_distal humeral fractures_5_BGgpt	PROCEDURE	1946	1963	вътрешна фиксация
traumatology_distal humeral fractures_5_BGgpt	PROCEDURE	1965	1968	ОРФ
traumatology_distal humeral fractures_5_BGgpt	DISEASE	1987	2004	дисталния хумерус
traumatology_distal humeral fractures_5_BGgpt	PROCEDURE	2006	2016	Операцията
traumatology_distal humeral fractures_6_BGgpt	SYMPTOM	475	486	силна болка
traumatology_distal humeral fractures_6_BGgpt	SYMPTOM	488	492	оток
traumatology_distal humeral fractures_6_BGgpt	SYMPTOM	495	521	ограничен обем на движение
traumatology_distal humeral fractures_6_BGgpt	OBSERVATION	549	569	Диагностични находки
traumatology_distal humeral fractures_6_BGgpt	DISEASE	667	685	намалена сетивност
traumatology_distal humeral fractures_6_BGgpt	SYMPTOM	762	792	заден мастно-възглавничен знак
traumatology_distal humeral fractures_6_BGgpt	PROCEDURE	914	935	компютърна томография
traumatology_distal humeral fractures_6_BGgpt	PROCEDURE	1187	1191	ОРИФ
traumatology_distal humeral fractures_6_BGgpt	PROCEDURE	1200	1210	операцията
traumatology_distal humeral fractures_6_BGgpt	MEDICATION	1305	1314	Ибупрофен
traumatology_distal humeral fractures_6_BGgpt	MEDICATION	1375	1387	Ацетаминофен
traumatology_distal humeral fractures_6_BGgpt	MEDICATION	1446	1455	Цефазолин
traumatology_distal humeral fractures_6_BGgpt	PROCEDURE	1491	1501	операцията
traumatology_distal humeral fractures_6_BGgpt	PROCEDURE	1507	1519	профилактика
traumatology_distal humeral fractures_6_BGgpt	DISEASE	1523	1531	инфекция
traumatology_distal humeral fractures_6_BGgpt	PROCEDURE	1536	1544	Операция
traumatology_distal humeral fractures_6_BGgpt	PROCEDURE	1603	1607	ОРИФ
traumatology_distal humeral fractures_6_BGgpt	PROCEDURE	1644	1654	Операцията
traumatology_distal humeral fractures_6_BGgpt	PROCEDURE	1829	1839	операцията
traumatology_distal humeral fractures_6_BGgpt	PROCEDURE	1904	1924	антибиотично лечение
traumatology_distal humeral fractures_6_BGgpt	PROCEDURE	1928	1940	профилактика
traumatology_distal humeral fractures_7_BGgpt	SYMPTOM	359	370	Силна болка
traumatology_distal humeral fractures_7_BGgpt	SYMPTOM	373	377	оток
traumatology_distal humeral fractures_7_BGgpt	MEDICATION	586	606	Приемани медикаменти
traumatology_distal humeral fractures_7_BGgpt	PROCEDURE	763	784	Първоначалната оценка
traumatology_distal humeral fractures_7_BGgpt	SYMPTOM	805	809	оток
traumatology_distal humeral fractures_7_BGgpt	PROCEDURE	848	862	Рентгенографии
traumatology_distal humeral fractures_7_BGgpt	SYMPTOM	904	935	стриктно задмастна възглавничка
traumatology_distal humeral fractures_7_BGgpt	SYMPTOM	938	976	отклонение на предната хумерална линия
traumatology_distal humeral fractures_7_BGgpt	DISEASE	1011	1028	дистална фрактура
traumatology_distal humeral fractures_7_BGgpt	DISEASE	1032	1040	хумеруса
traumatology_distal humeral fractures_7_BGgpt	PROCEDURE	1053	1077	пълен невросъдов преглед
traumatology_distal humeral fractures_7_BGgpt	SYMPTOM	1358	1368	фрактурата
traumatology_distal humeral fractures_7_BGgpt	PROCEDURE	1486	1526	предоперативни изследвания и консултации
traumatology_distal humeral fractures_7_BGgpt	DISEASE	1582	1599	дистална фрактура
traumatology_distal humeral fractures_7_BGgpt	DISEASE	1603	1611	хумеруса
traumatology_distal humeral fractures_7_BGgpt	PROCEDURE	1617	1621	ОРВФ
traumatology_distal humeral fractures_7_BGgpt	PROCEDURE	1640	1654	рентгенографии
traumatology_distal humeral fractures_7_BGgpt	SYMPTOM	1702	1712	фрактурата
traumatology_distal humeral fractures_7_BGgpt	PROCEDURE	1726	1760	профилактична антибиотична терапия
traumatology_distal humeral fractures_7_BGgpt	MEDICATION	1763	1764	i
traumatology_distal humeral fractures_8_BGgpt	DISEASE	234	263	Дистална фрактура на хумеруса
traumatology_distal humeral fractures_8_BGgpt	DISEASE	291	295	Няма
traumatology_distal humeral fractures_8_BGgpt	SYMPTOM	525	543	силна болка и оток
traumatology_distal humeral fractures_8_BGgpt	SYMPTOM	615	635	изразена болезненост
traumatology_distal humeral fractures_8_BGgpt	SYMPTOM	681	702	ограничена подвижност
traumatology_distal humeral fractures_8_BGgpt	SYMPTOM	718	733	наличие на оток
traumatology_distal humeral fractures_8_BGgpt	PROCEDURE	746	776	пълен невро-васкуларен преглед
traumatology_distal humeral fractures_8_BGgpt	PROCEDURE	940	954	рентгенографии
traumatology_distal humeral fractures_8_BGgpt	SYMPTOM	1069	1094	наличие на ставна течност
traumatology_distal humeral fractures_8_BGgpt	DISEASE	1202	1231	дистална фрактура на хумеруса
traumatology_distal humeral fractures_8_BGgpt	SYMPTOM	1233	1270	Не се установява надкондилна фрактура
traumatology_distal humeral fractures_8_BGgpt	DISEASE	1323	1352	дистална фрактура на хумеруса
traumatology_distal humeral fractures_8_BGgpt	PROCEDURE	1373	1380	Лечение
traumatology_distal humeral fractures_8_BGgpt	PROCEDURE	1386	1408	Първоначалното лечение
traumatology_distal humeral fractures_8_BGgpt	PROCEDURE	1417	1429	обезболяване
traumatology_distal humeral fractures_8_BGgpt	MEDICATION	1432	1443	парацетамол
traumatology_distal humeral fractures_8_BGgpt	PROCEDURE	1470	1482	имобилизация
traumatology_distal humeral fractures_8_BGgpt	PROCEDURE	1590	1608	отворена репозиция
traumatology_distal humeral fractures_8_BGgpt	PROCEDURE	1611	1628	вътрешна фиксация
traumatology_distal humeral fractures_8_BGgpt	PROCEDURE	1630	1634	ОРВФ
traumatology_distal humeral fractures_8_BGgpt	MEDICATION	1956	1967	парацетамол
traumatology_distal humeral fractures_8_BGgpt	MEDICATION	1985	1994	оксикодон
traumatology_distal humeral fractures_9_BGgpt	DISEASE	202	218	Основна диагноза
traumatology_distal humeral fractures_9_BGgpt	DISEASE	220	259	Фрактури на дисталната част на хумеруса
traumatology_distal humeral fractures_9_BGgpt	DISEASE	261	280	дясна лакътна става
traumatology_distal humeral fractures_9_BGgpt	DISEASE	306	310	Няма
traumatology_distal humeral fractures_9_BGgpt	SYMPTOM	485	499	изразена болка
traumatology_distal humeral fractures_9_BGgpt	SYMPTOM	501	505	оток
traumatology_distal humeral fractures_9_BGgpt	SYMPTOM	508	527	намалена подвижност
traumatology_distal humeral fractures_9_BGgpt	DISEASE	530	551	дясната лакътна става
traumatology_distal humeral fractures_9_BGgpt	SYMPTOM	808	833	наличие на ставна течност
traumatology_distal humeral fractures_9_BGgpt	PROCEDURE	997	1021	невро-васкуларен преглед
traumatology_distal humeral fractures_9_BGgpt	SYMPTOM	1038	1067	интактна сензомоторна функция
traumatology_distal humeral fractures_9_BGgpt	PROCEDURE	1285	1303	отворена репозиция
traumatology_distal humeral fractures_9_BGgpt	PROCEDURE	1325	1329	ОРВФ
traumatology_distal humeral fractures_9_BGgpt	DISEASE	1358	1366	фрактури
traumatology_distal humeral fractures_9_BGgpt	PROCEDURE	1399	1409	Операцията
traumatology_distal humeral fractures_9_BGgpt	MEDICATION	1575	1598	Ибупрофен 400 мг per os
traumatology_distal humeral fractures_9_BGgpt	MEDICATION	1636	1662	Парацетамол 1000 мг per os
traumatology_distal humeral fractures_9_BGgpt	MEDICATION	1730	1754	Цефалексин 500 мг per os
traumatology_distal humeral fractures_9_BGgpt	PROCEDURE	1947	1974	Невро-васкуларните прегледи
traumatology_distal humeral fractures_9_BGgpt	PROCEDURE	2089	2101	Физиотерапия
